date,FL103165005.Q,FL103168005.Q,FL103170005.Q,FL103178005.Q,FL103193005.Q,FL103196005.Q,FL104122005.Q,FL104122085.Q,FL104123005.Q,FL104135005.Q,FL104140005.Q,FL104141005.Q,FL104142005.Q,FL104150005.Q,FL104190005.Q,FL104190085.Q,FL113165005.Q,FL113168005.Q,FL113170005.Q,FL113196005.Q,FL114123005.Q,FL114135005.Q,FL114141005.Q,FL114142005.Q,FL114190005.Q,FL114190085.Q,FL103178013.Q,FL113170003.Q,FL113178003.Q,FL103190005.Q,FL113193003.Q,FL103169005.Q,FL113169005.Q,FL104104005.Q,FL114104005.Q,FL103163003.Q,BLM,CTTP,NCTTP,NCOTH
1989-01-01,5.027332260014193,10.373140191531762,10.47514966197342,0.8915214017574588,29.10956909436021,40.476240158091095,20.460610318560953,20.467414578862556,22.186515480236526,23.799905393564767,18.903741127471374,17.159183220222335,6.640722173342432,30.270412191202254,87.43238606538296,87.5590904645459,16.428405663829988,2.747524020399717,1.1825078616423523,4.363508624989635,21.054558736461562,21.085513584660333,4.626171217325716,16.459360512028752,25.449022209649964,52.96076953825201,0.0,0.9885047919229983,0.5053660211207869,31.80519928952636,2.6756347422264954,6.786061173384709,1.878629052231861,42.64712579879748,21.054558736461562,16.36293960738148,15.400472451545955,11.366671063730879,1.6878738827631394,4.626153072631578
1989-04-01,4.976086256604275,10.346348831163786,10.368371248059898,0.77288705511288,28.374886391233222,39.516144694406,20.714987341564655,20.754577803007344,22.278365131315788,23.927551950008404,19.263253940382324,17.30227887471151,6.625273075296888,30.404512243555104,86.52709158171733,88.68853122060672,16.27921645095923,2.79305182056434,1.157049944026357,4.3982828929117215,20.94638307637841,20.979416701722577,4.667184442908577,16.312250076303396,25.377717412123697,52.6596077337169,0.0,0.9993651628527439,0.5208764850654695,30.743293986971494,2.720356463819895,6.955930043547726,1.8741326223442365,42.993352472880446,20.94638307637841,16.449124029859973,15.322435087768064,11.141258303172778,1.6779264290918263,4.667184442908577
1989-07-01,4.923126085861047,10.2583767677752,10.141070853228898,0.7387761802799294,28.605523965540403,39.48537099904923,20.7436749005551,20.775016175433883,21.985790199574566,23.61643195826782,19.051526987295812,17.06266411371352,6.553767844554299,29.931374020804636,85.55962611702674,91.54554624681649,16.20528271673545,2.8207147390904708,1.1651755418660612,4.473830913383075,20.849497793381108,20.88129557982675,4.644215076645658,16.237080503181094,25.355126493209827,52.15779849052694,0.0,1.0124548646135938,0.5362781841023359,30.319672224694994,2.7723771874146785,6.80428734593832,1.8235003375551875,42.729465100129666,20.849497793381108,16.4877580277998,15.181502853636248,10.879847033508828,1.7014537259683973,4.644215076645658
1989-10-01,4.7560767025963955,10.5849993657822,10.403277261752038,0.66621578334076,28.013443677370535,39.08293672246334,20.843354815540057,20.943646486128902,22.343240760734247,24.01686236360185,19.45085960436293,17.587146658472584,6.429698305463999,30.520352649455727,85.94874371806836,93.5689967196411,16.174624432575165,2.8313257309555877,1.156538350515213,4.541347433558073,20.842745827255776,20.8790241293338,4.668138794345874,16.21090273465319,25.420371562891873,52.21644765997991,0.0,1.0221781353370323,0.5466452836380334,30.019033493833646,2.838163799404827,7.002164692355649,1.8367956637250211,43.18659557627431,20.842745827255776,16.722452893451237,15.341076068378594,11.069493045092798,1.703183634153246,4.668121394680609
1990-01-01,4.923748033485785,10.252863205533536,10.017673298879,0.7195326307264749,27.310397719890727,38.0476036494962,20.824812977878494,20.905627580903573,22.410403662641773,24.093172800726617,19.63275501340865,17.48665562915599,6.606517171570628,30.369960943014124,85.60498823284209,90.1292437670503,15.862275297175865,2.771058836470646,1.1549711112484697,4.459685585899912,20.454795842662516,20.49087804742656,4.592520545486651,15.898357501939909,24.95056363332647,51.43871618868388,0.0,1.0116809965295355,0.5411649597008259,29.949796524631513,2.763549514950616,7.233792423622452,1.8214617090160048,43.235216640520264,20.454795842662516,16.482398814446707,15.17661123901932,10.737205929605475,1.6961360709492956,4.592520545486651
1990-04-01,4.914775568168472,10.14911339342701,9.95795657335838,0.6229836504123806,26.41433899303829,36.995279216809045,20.851697341019204,20.938727133496688,22.42387116302138,24.127504098974033,19.66779350701037,17.509095594852912,6.618408504121122,30.24873373078113,84.13116515559994,90.25776388969985,15.6108662576753,2.7784601011941557,1.1286859726162362,4.3725801288181865,20.172757577648966,20.20943525768671,4.561891319973665,15.647543937713044,24.58199860806023,51.183232696222234,0.0,1.002226835175942,0.5346115823616936,28.571023491835945,2.709282573840257,7.359998979870565,1.7834144403348442,43.275568504040585,20.172757577648966,16.517002940254642,15.063888961595481,10.580940223770762,1.6632975549779296,4.561874541528999
1990-07-01,4.935981284483957,9.913757274173932,10.246203065743039,0.6805188794364065,26.899713987228175,37.82643593240762,20.821560215962585,20.891085059706246,22.383408732267174,24.086584531370633,19.63875675880565,17.447427447783216,6.639157083587416,30.565478703985093,86.3553587328989,83.95641912807666,15.449145120393357,2.7745433338276433,1.0852326039930071,4.28670037286064,19.995142238320923,20.03128451720632,4.546013742710864,15.48528739927875,24.317984890066956,51.25490514231147,0.0,0.9953756502783986,0.5306464580234197,30.520492040386255,2.670821310844213,7.533670173609288,1.7714704088832203,43.20496894822976,19.995142238320923,16.48957393340378,14.849738558657888,10.926721945179445,1.6158790620164267,4.546013742710864
1990-10-01,4.967348256783441,9.960842555364243,10.43027225357064,0.6378634986767937,27.172615335269697,38.240751087517125,20.891087080807754,20.9142021801802,22.639474561150347,24.383598737862282,19.61812456940217,17.672126304366905,6.711472433495377,30.686260321649605,86.96000305092666,88.91865799861543,15.402649876355866,2.775810348270273,1.1060774892072638,4.30077407271897,19.950212607288282,19.965167477055182,4.547562730932416,15.417604746122768,24.265941549774155,51.522790438808855,0.0,0.9991618278448017,0.5329129538315858,30.617181480009187,2.6617836296801207,7.7112837490026624,1.7717523826621433,43.5305616419581,19.950212607288282,16.789539185172764,14.928190812147685,11.068135752247436,1.6389904430388496,4.547562730932416
1991-01-01,5.043496645832152,9.70163597494556,9.737972931370043,0.5734545029160698,28.27808889812363,38.589516332409744,21.15430563936971,21.189797550295946,22.049092835372875,23.696749292232973,18.991469679933218,17.00559618954072,6.691153102692249,29.302897114219334,85.97335488696439,96.21451098873969,15.25376716312261,2.7448237649328653,1.1580271534658961,4.336458676115269,19.736004472444723,19.749492061377477,4.482237309322111,15.267254752055365,24.085950737492748,51.05622402520687,0.0,0.9929947385147547,0.5325940676480462,30.8108725210756,2.645837455001327,7.303976784114735,1.7373969748696725,43.203398474742585,19.736004472444723,17.022381112868583,14.745132620777712,10.311427434286113,1.6906212211139422,4.482220739802538
1991-04-01,4.986288250004652,9.295557823890926,9.803550332943683,0.44724362977328364,27.840401823967966,38.09119578668493,21.23199445327804,21.26499666550348,21.378529498461038,23.103719326467612,18.341640467828395,16.392241248456386,6.711478078011224,28.59243443054536,85.17626151853918,94.3480365642314,15.03027161375595,2.7310391518529387,1.0934961485993973,4.231399368877575,19.49196831918199,19.505988546828704,4.46169670542604,15.044291841402663,23.73738791570628,50.33134416933171,0.0,0.970953809633708,0.5259788779313129,30.589753776076563,2.611924342346865,7.096667102996608,1.7306738751419568,42.61052395173908,19.49196831918199,17.161591039589272,14.281846073895576,10.250793962716967,1.61947502653071,4.461713026994896
1991-07-01,4.809297935186903,8.976613845741586,9.928863280436136,0.5056287229470747,28.517869259710498,38.95236126309371,21.08005608178104,21.13819395846268,20.636948135309787,22.27165696332399,17.552079565100325,15.827666313725066,6.444006763201108,27.986571568483537,84.70622566745361,96.73599651430558,14.57813703232888,2.702541131178096,1.0575357113680013,4.195643623195014,18.987269770866188,19.00059571987276,4.409116624935123,14.591462981335454,23.196239343067777,49.54085096255408,0.0,0.9543442029785348,0.5216295299162721,30.920020618965356,2.6164783819107416,6.851052467983481,1.7065754937570268,41.717004217090825,18.987269770866188,17.27178345510114,13.785911780928489,10.434492003383212,1.5791652412842736,4.409116624935123
1991-10-01,4.6334287912600125,8.731143866908026,10.366523320148008,0.46119906649171366,28.295565197125406,39.123287583765126,20.968387144147854,21.114702755509583,19.839796696964182,21.406072911977574,16.778342863163136,15.206367905704171,6.199705006273406,27.606065249802857,83.5650662299227,104.2547258058852,14.32876156908568,2.661600053635223,1.0815159612677068,4.209503012192436,18.672464378868998,18.685889147487288,4.34370280978332,14.342186337703966,22.89539215967972,48.69862751295386,0.0,0.9527595002985054,0.5184578596353444,30.362883787157557,2.6095291912893845,6.475224038796144,1.6821027561480972,40.80818384111204,18.672464378868998,17.35059557445559,13.36457265816804,10.82772238663972,1.5999738209030512,4.34370280978332
1992-01-01,4.478208898741526,8.515830800763528,9.863428246160442,0.5428641565073136,31.355084359798095,41.76137676246585,21.15146040406079,21.26533568061615,19.368336386875455,20.881104844775393,16.625664652240367,14.890127488133933,5.990977356641462,27.031957054908123,86.59436859569436,105.72709662677102,14.007366218551894,2.6020484977295664,1.1132777692389655,4.249719712178117,18.268621185076086,18.28163370632751,4.261239250918813,14.020378739803322,22.531353418505628,47.7184712739164,0.0,0.9573632483024789,0.5129730750819332,34.155510944190425,2.623468867857218,6.374296687370405,1.6591907531892462,40.51979679093625,18.268621185076086,17.38224532625754,12.994039699505052,10.406292402667756,1.626250844320899,4.261239250918813
1992-04-01,4.3219632677011965,8.200593963957575,9.995900019827646,0.4855532492845125,30.600997131250207,41.08245040036237,21.1217440663489,21.254185943759644,18.761527813644232,20.283635793800514,16.170380525449627,14.43958000007109,5.844071247857478,26.651833794561785,85.32199371233347,103.3390189070439,13.660753762732464,2.6052414529785746,1.0784972344065142,4.21857515102933,17.89895565638859,17.912138027617456,4.238201893656127,13.673936133961329,22.130713178646786,46.831324219415855,0.0,0.9730537187036521,0.506802675356832,33.43516058307189,2.633275241265984,6.2389705819854635,1.632975894805605,39.88327187999313,17.89895565638859,17.39348203604428,12.522557231658771,10.481453269112158,1.5852999097633464,4.23821734778418
1992-07-01,4.117980562665143,7.960538729009245,9.980429872746203,0.5393625142595735,30.271443192950553,40.79123557995633,21.00586890618811,21.157651225337275,18.244015471532553,19.722016172347477,15.774000741018124,14.12603490886741,5.595981263480065,26.2937931280239,84.53273142235125,103.63401928017689,13.325823659310752,2.5893908316291387,1.0716894680248243,4.202026576449055,17.513505002024626,17.526312158682043,4.18766611422796,13.338630815968164,21.728338735131096,46.30042970218716,0.0,0.9799530688520965,0.5018699819283557,33.28505395680988,2.628467126495875,6.165496179858165,1.5982752825988205,39.24988437772066,17.513505002024626,17.374605981962468,12.07851929167439,10.519792387005776,1.57355944995318,4.18766611422796
1992-10-01,3.7518992851607806,7.745161771721154,10.220582765275372,0.5290382009468023,29.726591249584818,40.476212215806996,20.870185814489663,20.926092267651057,17.66334076906623,19.161918110742075,15.514631998578615,13.911441483905454,5.250476626836624,26.26425296480079,83.16058713301379,107.65078688894134,12.986866997874358,2.5367309887748526,1.108624217777414,4.258440190498058,17.115023448528568,17.128988835623502,4.12815645065421,13.000832384969291,21.38742902612156,45.354053996203746,0.0,0.9969160892784894,0.49576375773990045,32.37886224155989,2.654052214980744,6.1662797121842985,1.5914254618793577,38.5335265835559,17.115023448528568,17.280916680225417,11.497061056881936,10.749620966222174,1.6043879755173143,4.12815645065421
1993-01-01,3.5923392950309974,7.600090883977449,9.903292374617335,0.6194554421090908,30.384032356835817,40.90678017356224,21.696677251469993,21.777396964599976,17.221800444879744,18.76376689418867,15.322019199463135,13.629461149848748,5.134305744339924,25.844767016189564,83.47156881407555,109.22744309758035,12.797120838391319,2.4520544667855173,1.1499141312845507,4.289631603372574,16.813357507639175,16.827608281735575,4.0162366692478555,12.81137161248772,21.117239885108148,45.570364571654274,0.0,0.9913724119576328,0.48607176297530014,32.488376851690454,2.6536457091127237,6.029370265871298,1.5641822024623375,38.91847769634973,16.813357507639175,18.015742424465326,11.192430179008445,10.522747816726426,1.6359858942598509,4.0162366692478555
1993-04-01,3.4317240909339914,7.506837702614167,9.823336646135324,0.5629805172288957,30.13880723560602,40.525124398970235,22.28159188972026,22.344582614119467,16.792513488518548,18.394995167382174,15.182291984110888,13.360789397584558,5.034205769797614,25.568609147475108,83.49261169765217,108.67453798602102,12.56546724827466,2.498656545461782,1.1049445442234098,4.220202295834931,16.61038525972989,16.624954343106907,4.044918011455236,12.580036331651673,20.845156638941837,45.55467452418064,0.0,0.9821647689897061,0.4740239264884,32.4297074771855,2.6412338251231215,5.853951694970391,1.5462614659934535,39.07410537823881,16.61038525972989,18.48813743227836,10.938561793548157,10.386317163364218,1.57896847071181,4.044918011455236
1993-07-01,3.367258065781684,7.32700987402388,9.852344444964311,0.6012991968437532,29.8436610463844,40.29730468819246,22.697177517669758,22.808785925454707,16.369485002974386,18.022338536882213,14.792858224337985,13.002241467645476,5.020111599689513,25.246501866146048,83.12793569635306,109.25832500496216,12.354502943724428,2.476047275118721,1.0766629594638149,4.170995530723335,16.362786464243896,16.377810952415963,4.008283520519469,12.369527431896495,20.548821013592075,45.753387993021896,0.0,0.973540336100997,0.46279492096741426,31.954775999993025,2.6315376502921057,5.675217063168819,1.5322507758535262,39.066662520644144,16.362786464243896,18.93206112438387,10.694267939805565,10.453643641808066,1.5394578804312289,4.008298050972247
1993-10-01,3.3306490775674824,7.270973053170791,10.25498813899236,0.5806461547323267,29.191424030951822,40.02705832467651,22.724872243588226,22.71815685159611,16.086058532554254,17.782628892040165,14.435383813880701,12.755409454986772,5.027219437053394,25.271018107605386,82.4958388807794,110.36373186452076,12.055226471248284,2.478849366771328,1.0771289147099592,4.12480477599819,16.018063406417518,16.036070922523766,3.962836935169235,12.07323398735453,20.160875698521956,45.46666841561518,0.0,0.9595596527842927,0.4475074489523276,31.152703451426326,2.600168412335904,5.484436401815978,1.483987568397907,38.81093077614248,16.018063406417518,19.075149371134195,10.601622130738274,10.835634293724688,1.5246363636622868,3.962836935169235
1994-01-01,3.238480465317865,7.269678168634441,9.853503234840602,0.6389857176826522,28.42793604858697,38.920425001110225,23.103687476565746,23.005565758415393,16.258706861999432,17.919538504693598,14.845568614091864,13.02022639668157,4.899312108012028,25.33805756661512,82.58901643869036,106.46220472839312,11.828473342990916,2.4694012579592144,1.1148240526658697,4.1372456101001,15.771653813311836,15.789319095425128,3.943180470320921,11.846138625104206,19.92656470552523,45.62075267312117,0.0,0.9658426241193359,0.4426298531743823,31.073301504907775,2.579791704259849,5.750548228047127,1.4737792123617062,39.36239433856518,15.771653813311836,19.310542449237257,10.508158633952307,10.492488952523255,1.557453905840252,3.943180470320921
1994-04-01,3.232071617626827,7.292576678320796,10.04652866158102,0.5692892618958287,27.733008634965618,38.34882655844246,23.098881443744943,22.95727667339457,16.20383856283439,17.84381554067508,14.844007759974534,12.971766945207563,4.872048595467516,25.45982568345138,81.81562650451619,103.13920471990143,11.61367480937793,2.5164031505198547,1.0745100236224134,4.117453305406109,15.584983491632526,15.60225977037728,3.971308682254598,11.630951088122684,19.71971307578339,45.737568082268204,0.0,0.975171420840077,0.44156622989786987,30.257111596619314,2.601377051885826,5.679190266886769,1.454905531734744,39.30272000657934,15.584983491632526,19.26789422998508,10.524648295947623,10.615817923476849,1.5160762535202832,3.971308682254598
1994-07-01,3.247027209515658,7.37378897364984,10.134352738172778,0.5821247224997699,27.249700760120447,37.966178220793,23.07922098737225,22.92360942972211,16.244302506794707,17.89733429271969,14.888989677502959,12.997275297279048,4.9000589954406415,25.60546713817551,80.80677117612356,104.9938515156372,11.493212114185164,2.554004699174405,1.0729395075074255,4.152856163659491,15.489269991099533,15.506252493665663,3.996057876914368,11.510194616751294,19.659108657325152,45.890514010564615,0.0,0.9807702144637723,0.44086303850390296,29.11373843535907,2.639053617648162,5.6234863236292085,1.4420531777399632,39.32352349416695,15.489269991099533,19.236278444839265,10.620816183165498,10.716477460672548,1.5138025460113285,3.996057876914368
1994-10-01,3.17582633963973,7.508576462773806,10.684094296558362,0.5407571109258287,26.805121411808635,38.02997281929283,22.956135296181717,22.626476669982434,16.346611961871897,17.882434588710723,15.03843982955454,13.170799035530218,4.711648966478559,26.263291237038732,80.4239085062844,102.79682018991083,11.27987275608937,2.5374874853929184,1.1128208595026778,4.214364354536001,15.275144300260433,15.289201436617875,3.995271544171063,11.29392989244681,19.503565791153875,45.77886192994824,0.0,0.9896331302023477,0.4400500691589647,28.360487213907764,2.6614934258743594,5.662222572756411,1.4577840587781452,39.302747258053614,15.275144300260433,19.160359733923087,10.684402802413535,11.22485140748419,1.5528709286616424,3.995271544171063
1995-01-01,3.177104735008187,7.838664534159749,10.454942637806125,0.6574328638530107,26.55078793170536,37.6631634333645,23.053873628093786,22.774171532096148,16.848009960797835,18.33396722726287,15.662307045102894,13.670905225789651,4.663062001473222,26.77468254676203,80.01856881595482,106.44918056192736,11.241830777839033,2.5472565598051338,1.182246520972539,4.302586619578163,15.257922156407444,15.271269157566266,4.0160913785684125,11.255177778997856,19.573869070970286,45.856294540132666,0.0,1.023823998253723,0.4373402829909885,27.518352458939027,2.6829998156146355,5.832240691629901,1.468834818763278,39.90188358889162,15.257922156407444,19.150527186605036,11.015769269167935,11.112375501659136,1.6195868039635277,4.0160913785684125
1995-04-01,3.17462201871337,8.046131663157235,10.544628892479446,0.5394804931330272,26.45832731499564,37.542436700608114,23.391593480382593,23.18171343426201,17.101576481299226,18.602869780848085,16.075576866736657,13.926954462585858,4.675915318262228,27.15968625234913,79.90360634623653,111.01628189537603,11.247095863512412,2.6009639629193892,1.1670364729071914,4.309499133161509,15.309622204045192,15.322813081181803,4.0625263405327825,11.26028674064902,19.63231221434331,46.04419445094095,0.0,1.038887101525037,0.4353780907709105,26.825033699393362,2.7070845694834067,5.880822799428624,1.461562377613393,40.493169961681815,15.309622204045192,19.332008705451276,11.220753681870603,11.084109385612473,1.602414563678102,4.0625263405327825
1995-07-01,3.1424843406816887,8.069906450825673,10.840927357032458,0.5513251443911169,26.657304156837224,38.0495566582608,23.220889937362728,23.029522492475394,17.006660701212073,18.505985520214757,15.98921011958025,13.864189376067682,4.641809159684373,27.38146262100382,79.75247051167331,115.54446921011959,11.213861547221997,2.6075327422110144,1.1802489221508177,4.327158545513707,15.280423004962174,15.293334417961441,4.066561457740177,11.226772960221263,19.620492963475147,46.19046286504515,0.0,1.0720507605954608,0.4315431546408525,26.63334255267225,2.7153664687220367,5.79426990970471,1.4590417310664607,40.2275506385748,15.280423004962174,19.200299357357846,11.212390791507362,11.392252501423576,1.61179207679167,4.066574473277475
1995-10-01,3.092548606088115,8.184727708384314,11.289653147613935,0.518604747506171,26.893378857435607,38.701636752555714,23.127347835070594,23.118830721203988,17.289342311554996,18.747878762615173,16.22122933088164,14.196793705466881,4.55108505714829,28.02948722600174,80.4419661615838,121.63216978236073,11.192233833115516,2.5813030566660826,1.2444764200743486,4.401520935246005,15.2480139814471,15.25523165649116,4.055780148331585,11.199451508159575,19.656752591737163,46.23535847657395,0.0,1.10934764826018,0.4291750519067914,26.758481668777932,2.7278694632648643,6.012065997082567,1.4744770916655023,40.41669014662559,15.2480139814471,19.21168836214871,11.277276314472429,11.808257895120105,1.67365147198114,4.055780148331585
1996-01-01,3.1090296103383785,8.059929836405257,10.978198043126056,0.6269454231751339,27.328865034464144,38.93400850076533,23.3475817655991,23.26469396583935,17.194287375890706,18.731638738316022,16.298827166863994,14.085257765552328,4.646380972763694,27.903970633165187,80.71206491530498,124.58542120270425,11.154166223971426,2.5954480592664293,1.3508601674430143,4.568996150203572,15.231770657261363,15.239510410412802,4.077604433289936,11.161905977122865,19.8084938516621,46.05071787799099,0.0,1.1813227174591039,0.42999475882725835,27.02770094508867,2.788141223933299,6.025327929147071,1.4821563740235075,40.541869141489805,15.231770657261363,19.262174034386366,11.168959446743635,11.60514346630119,1.7808549262702726,4.077604433289936
1996-04-01,3.1233287355406056,8.009769894582739,11.0725347448723,0.5676946136111263,26.774142146488668,38.41437150497209,23.319622947799285,23.219048306700994,17.13608138591084,18.680765457795747,16.27504095687204,14.012752650370231,4.668012807425518,27.915270315355468,79.96077352468119,126.01352697178083,11.08081326156129,2.646511072049238,1.409874963275753,4.660954282669641,15.191327102245284,15.19887113399495,4.110513840683992,11.08835729331096,19.85982541666459,45.61124085628495,0.0,1.2865561868529685,0.4283914530850857,26.320155760602727,2.822687866308802,6.002982755787492,1.4640027686347543,40.455704333710116,15.191327102245284,19.194817773041663,11.133098630123344,11.640229358483426,1.8382664163608387,4.110513840683992
1996-07-01,3.090559470143424,8.126747544828644,10.78131856131189,0.6034379285850617,27.275583761139522,38.66034025103647,23.12946294171932,23.03523571809458,17.225553065348585,18.761855265410368,16.262534114633038,14.134993595205161,4.626861670205209,27.64729060452999,80.03826643552998,126.17499945888831,11.067283796360975,2.7767146845909094,1.4557257488493998,4.768177909655991,15.260960955347464,15.26836434723236,4.193677158986488,11.074687188245873,20.03654225688835,45.50903115426012,0.0,1.3348856680171504,0.4334919610478284,26.762191738503343,2.8789601997587626,6.008246050376515,1.4169624743955782,40.3550160070679,15.260960955347464,19.16003968808354,11.21730701497207,11.384756489896953,1.889217709897228,4.193677158986488
1996-10-01,3.1376414672997592,8.105805838927012,11.223204614268361,0.603793979276181,27.079673274234846,38.90667186777939,22.8732854700209,22.98268317608321,17.110886003982433,18.63159402361155,15.866820036536122,13.973244536682675,4.658349486928874,27.693818630080663,79.55339197660565,129.30295525142284,11.018610564384897,2.782510556285398,1.5560358755708845,4.911249960803998,15.233182614869104,15.242952861526064,4.214572050484208,11.028380811041856,20.15420282233006,45.839902825393104,0.0,1.414082787525223,0.4319127007274172,26.221513889428653,2.9233013845056965,5.867450804628845,1.4320493873256293,39.98417147400333,15.233182614869104,19.15016772256761,11.243447306226772,11.826998593544543,1.9879485762983016,4.214559943611027
1997-01-01,3.2348697871668746,8.239871189233563,10.82195785907705,0.7430774078327995,26.692934241577586,38.25796950848744,23.091769300539124,23.07214634586743,17.345280894644105,18.961023741861887,16.128275051404128,14.11041110747723,4.850612634384654,27.69331031831398,79.8874878851274,129.0410999855907,10.963647310573018,2.897070368202443,1.6470486944636602,5.1567115945832995,15.295010974385528,15.305342621452159,4.331363663812509,10.973978957639648,20.462054216035458,46.38579494191737,0.0,1.5053712008925395,0.4399798867704096,26.269659575816533,3.0696830133492297,5.870539918243668,1.4342932956100665,40.437050195183225,15.295010974385528,19.243386221241938,11.474740976400437,11.56503526690985,2.08702858123407,4.331363663812509
1997-04-01,3.2940458337857628,8.269778989473313,10.775347539126582,0.6711371580000763,25.75271824459359,37.19920294172025,23.240352982952462,23.359019583099784,17.336064539417116,18.996798267366685,16.146604725416942,14.042018705631351,4.954779561735333,27.593089422543603,77.6832837862029,138.52999680120203,10.928291166915626,3.0079030852259554,1.726916564197527,5.351594850228758,15.341247179041712,15.351741584079964,4.412956012126085,10.938785571953877,20.70333643430872,46.341203158886344,0.0,1.5918157727151339,0.44693957206539636,23.999647838757106,3.1777387139658346,5.7722397161580385,1.40505292690013,40.576417522369574,15.341247179041712,19.307334051350978,11.563824823259077,11.446484697126657,2.1738561362629234,4.412956012126085
1997-07-01,3.404502204419968,8.22451295611142,10.830141629351079,0.7430372293188953,25.137140629561515,36.71031948823149,23.48723966771571,23.744142065467575,17.40223712293325,19.040490611432322,16.03689697919489,13.997734918513283,5.04275569291904,27.610075837864862,76.8545773127305,143.5852262016666,10.890133620414499,3.050899227653618,1.780424233532187,5.51683902580025,15.394300449172285,15.404862825894053,4.504166828757785,10.90069599713627,20.9217018516943,46.52249041680754,0.0,1.644948765546751,0.4498995304417509,22.753668174912498,3.2865152618263123,5.77323350598298,1.4532560575230498,40.889476790648956,15.394300449172285,19.574173453618986,11.629015160531388,11.573178858669975,2.230323763973938,4.504155285176668
1997-10-01,3.528282926113636,8.364930177789931,11.317585276686144,0.675503401986811,24.112849930988318,36.10593860966127,23.34137243299524,23.672633077216084,17.995342638246107,19.672841612396756,16.39040888752299,14.46707111996511,5.205781900264285,28.38349756619595,77.10101190897873,145.95190206786359,10.96358882201237,3.1550528656076318,1.8302954845402766,5.6792525861841785,15.546320534771816,15.55589170635737,4.582720304926803,10.973159993597923,21.235132884708907,47.46531077731032,0.0,1.6863742679451197,0.4556402435024693,22.093709184913777,3.3933168581414335,6.102140942175179,1.4276674393191715,41.33671507124134,15.546320534771816,19.512983653602532,11.893213103903566,11.993088678672954,2.2859357280427455,4.582720304926803
1998-01-01,3.4297940107009777,8.424425476626576,11.323343649339986,0.7787194016114625,24.08236413999693,36.184427190948384,24.266236432045186,24.63216518844006,18.060030587110106,19.76349126147017,16.808158367243824,14.630236576409128,5.133254685061039,28.91022141819527,77.32524068175871,159.16987350109625,11.254861004592579,3.129979428138337,1.8826185814438199,5.990539650458807,15.825130153116005,15.834705542673078,4.570269148523427,11.264436394149651,21.825245193131884,47.44702520053053,0.0,1.7582625799640896,0.4651564093078651,21.193449937291913,3.642764659707122,6.205811099782552,1.4402897203850908,42.32626701915529,15.825130153116005,20.111397082043833,11.854219487327553,12.102063050951449,2.347774990751685,4.570269148523427
1998-04-01,3.3964238933770243,8.671662226346726,11.15543565062774,0.6679711325876153,24.28749281330399,36.110899596519346,25.10753147903848,25.535405368675136,18.243432694898683,19.983123179495767,17.104509304046882,14.847008801521655,5.13611437797411,28.927916087262233,79.10442702703848,160.9268047902165,11.536507523831068,3.228469539501827,1.9238772672304834,6.221624605240376,16.221157476967733,16.2308122045121,4.684649953136666,11.546162251375435,22.45243680975248,47.94449624229308,0.0,1.7921671619081085,0.45408435667685165,22.19036558528887,3.8436629813330416,6.175335426528806,1.4561915622809638,43.350964173937165,16.221157476967733,20.808212181924944,12.06808611972375,11.823406783215356,2.377961623907335,4.684661101782791
1998-07-01,3.4183278612210795,8.855064253784386,11.213793691701776,0.7516530084045812,23.95081424964563,35.91626094975199,25.162400969971046,25.67904935119098,18.401054171444507,20.17052334823322,17.36041180134363,14.982715346629908,5.187797038009792,29.325858501449993,81.11220613046873,148.6182418627935,11.750121723297099,3.257338453916234,2.018222150252322,6.497957427708531,16.440434741566722,16.450005958713078,4.690323981863147,11.759692940443458,22.94796338642161,47.80190365259793,0.0,1.8954737571588154,0.47478938114571084,23.81383511215811,4.004945896310499,6.127651092845521,1.4329855279469126,43.56345514141556,16.440434741566722,20.738601946673736,12.273392115005464,11.965446700106359,2.4930115313980323,4.690323981863147
1998-10-01,3.629172870944248,8.916933532644912,11.29435137176268,0.6892410375693283,26.409440250157335,38.39303265948934,24.849152533072175,25.153219967611328,18.949125300422605,20.798546071327163,17.396111100172142,15.31995242947836,5.478593641848803,29.37970350950415,82.02528924334013,172.1864159326171,11.930160035661752,3.2504873310077445,2.0524229042184357,6.71819028014983,16.628647477708984,16.636867842889025,4.698487442047233,11.938380400841792,23.355058123038855,47.17348015508085,0.0,1.9214780819133568,0.4740805107299975,24.393998229608787,4.191686865201397,6.40300813719316,1.4480108706797759,43.79827783349478,16.628647477708984,20.729404622836412,12.546106403589159,11.983592409332008,2.5265034149484324,4.698498201687521
1999-01-01,3.7232452180173534,8.867299171391469,11.181476382223709,0.7365314722703126,27.021992455758703,38.94000031025273,25.454706183230584,25.620808267852652,19.265706172392992,21.257698677027122,17.92128123325884,15.542471579469005,5.715237722651488,29.839289087752856,83.77887183183623,174.11941882439294,12.124920922742609,3.327630491552944,2.0986365667688305,6.873989155179701,16.902919159402114,16.91195048876492,4.777987611566137,12.133952252105415,23.78593964394462,46.09444942997437,0.0,1.9718579527017592,0.4669622284305824,25.148459117084492,4.308390359980288,6.675161782984168,1.4503677451065602,44.72041235562357,16.902919159402114,20.990668830502347,12.590544389408823,11.918007854494022,2.5655987951994126,4.777998236659505
1999-04-01,3.800913479757427,8.801422601433309,11.484378362433748,0.7446403134090053,27.643071063938336,39.87208973978109,25.89286820256954,25.80204509453392,19.068811206135493,21.128507559669586,17.70712591891214,15.267908223732206,5.8606098332915195,29.936144594754893,84.55775171867931,184.41244734264728,12.29915149886471,3.3661130712004037,2.172542910559393,7.169325471514905,17.12489017143229,17.133770933036327,4.825728175213437,12.30803226046875,24.303096404551233,46.455988268157014,0.0,2.043666893759428,0.5206162786669619,25.307357280597426,4.476166282288549,6.466475124944758,1.4596256013671756,44.96167940870504,17.12489017143229,21.39418509564664,12.602336081190735,12.229018675842754,2.6931591892263556,4.82573867256758
1999-07-01,4.2151002836281695,8.822173995362267,12.0087943934245,0.7596762794393012,27.539434267411583,40.307904940275385,26.251410966006123,25.99867074459156,19.395607923749715,21.568562676002976,17.650717597644423,15.180507640121546,6.388055035881431,30.419188270508222,86.95703746588337,177.92778414279647,12.472454289037277,3.4625162569505625,2.2352468238166727,7.34627309860007,17.386652483537613,17.396026232457,4.914198194500335,12.481828037956664,24.74229933105707,47.500574503444234,0.0,2.1181265798844717,0.5188700379265184,26.36859315101048,4.592156236856878,6.35833364475928,1.4516819375497723,45.647018889755834,17.386652483537613,21.732076782978922,13.037274278990434,12.768470672863803,2.7541168617431913,4.914198194500335
1999-10-01,4.3132091987520615,8.767032158743957,12.405545804319098,0.7174827015579229,28.057945273459474,41.1809737793365,25.848720360228196,25.233599547644086,19.374840974936895,21.64322649441641,17.388127414794635,15.061641877022502,6.581594718231577,30.511155920671655,85.79780809802338,203.85326755533163,12.594865804816061,3.552424206091835,2.274910660615996,7.489276193163976,17.603073240466905,17.611810465053676,5.008197334813174,12.603603029402832,25.101086658217653,46.952976257273995,0.0,2.1545591797473356,0.53523328743176,25.182832737501755,4.67913224511622,6.294609718278546,1.455773128721338,45.22356133516509,17.603073240466905,21.505360161023514,13.08024135749602,13.123028505877022,2.8101439480477555,5.008197334813174
2000-01-01,4.343663515719925,8.832655364396098,12.762369079777516,0.827379713960328,28.57133430625467,42.16108309999251,26.33696117615971,25.651000646959027,19.76654287030856,22.074000075383573,18.030281201726144,15.422879354588634,6.651120720794938,31.620029995463987,86.93164759398927,211.01552971607487,12.782504692227564,3.6023850402997186,2.3523674191393695,7.7957213123260445,17.863467550420765,17.871895713923934,5.0809628581932,12.790932855730736,25.667617026249978,46.13146795313301,0.0,2.240571779409267,0.5888916805028184,24.930937548708137,4.854462212683856,6.590223990192537,1.478577817893481,46.103504046468274,17.863467550420765,21.717637726739344,13.176318880116023,13.589748793737844,2.9412590996421883,5.0809628581932
2000-04-01,4.347220650056793,8.820869422661822,13.266765680561141,0.7830424718864294,29.23271713122529,43.282525283672854,26.377623510400362,25.6756039392177,19.80429793163748,22.15290815908319,18.35376064139145,15.457077281580684,6.695830877502508,32.40356879383902,88.98598907854625,202.58221340942183,12.830815049591518,3.7537032627745486,2.4249686759591405,7.948870578040775,18.055284492550538,18.063822977208588,5.224469442959019,12.83935353424957,26.012683796981186,46.65809565444801,0.0,2.3279226989027806,0.6022022459630044,26.40564925661513,4.921699656118629,6.636207858918862,1.4707661801844705,46.18192144203784,18.055284492550538,21.50453954635763,13.168090072718613,14.049808152447568,3.0271709219221448,5.224469442959019
2000-07-01,4.3609886060166705,8.813010840590357,14.030149740772705,0.7787818861202549,30.609841963178532,45.418773590071496,26.69247874985523,26.072116505211923,19.635565044753598,22.319695410957276,18.250289659062442,15.274576438736926,7.045118972220352,33.059221285955395,91.82324570308771,200.1695456508013,13.042493505385892,3.782203521653317,2.507849021604132,8.202039800681614,18.2972359910895,18.306762878864603,5.254742485703611,13.052020393160992,26.50881237119197,48.16771199142483,0.0,2.422407472646541,0.5864705594454053,28.00213991538224,5.107720219632076,6.46156559814657,1.472538964050294,46.32804379460883,18.2972359910895,21.731935862626734,13.173999446607027,14.80893162689296,3.0943195810495374,5.254742485703611
2000-10-01,4.378202454947151,8.805361649346708,14.77059996872288,0.7473544770741789,31.42823357874628,46.94618802454334,26.36528837809743,25.864921561893432,19.90021027729312,22.591393579604865,18.189781198158943,15.522007822345968,7.069385757258898,33.707735643956006,94.74733186249107,180.62705447738082,13.237915763361002,3.8532949830888916,2.555946178825391,8.437874673813386,18.576940944507648,18.584070287657497,5.339025181146644,13.245045106510853,27.021944961470883,48.36431403453362,0.0,2.4909388348353505,0.6194095983956679,30.27269545899171,5.2625188965923275,6.71664617299926,1.4857301980577524,46.26549865539055,18.576940944507648,21.731215330694198,13.183564104293858,15.517954445797061,3.1753557772210588,5.339025181146644
2001-01-01,4.08686303100667,8.642903867163962,14.3856233926453,0.7913865510703632,32.26356705979075,47.44057700350642,26.850343607509707,26.465079901293485,19.464995566955494,22.379735461423916,17.62850313426705,15.378132535948824,7.001602925475092,32.80551307798271,97.37244574642145,168.50317820113042,13.440925992941322,3.955901259485106,2.5437834179589736,8.539219430784287,18.864989702710474,18.872429844193505,5.424063709769154,13.44836613442435,27.411639724090136,48.56496480354636,0.0,2.4837178854984194,0.6185441371828377,32.96535673377216,5.376891875642476,6.735228668784862,1.4681624502840482,46.3153391744652,18.864989702710474,22.602433508869098,12.729766898170633,15.177009943715664,3.162327555141811,5.424063709769154
2001-04-01,4.164940088687612,8.203566374186245,13.961581281252949,0.7318426266628928,32.00594395697707,46.69936786489291,27.386121332201153,26.99384847627135,19.228710255684497,22.197178979148976,17.009755637324275,15.063760732144543,7.13340881215209,31.70317954524012,96.73104066421361,174.93489951882253,13.561194452306822,4.033908859326352,2.4964241909614113,8.552099254646665,19.075129729219736,19.08251721860553,5.513944711765261,13.568581941692612,27.63462590810454,49.06483630531182,0.0,2.4392772903104065,0.6140013208793282,32.45431644494764,5.441673742805925,6.860194357958298,1.4800358524389092,46.614831587885654,19.075129729219736,23.46942164355128,12.368506462873857,14.693423907915843,3.11042551184074,5.513944711765261
2001-07-01,4.389518042049364,7.956778719043746,13.69137820083374,0.9730591185900762,31.949099926212632,46.61353724563645,27.575981173841907,27.38029367749825,19.227063168403156,22.282247061243517,16.62628490982278,14.83754512635379,7.444701934889725,31.290722229246594,98.8389529364919,157.66782851891202,13.87542201279107,4.117523839358673,2.4807464035734976,8.685971530531175,19.4226185645998,19.43033698747502,5.547196551808734,13.883140435666286,28.116308518006193,49.78569581865292,0.0,2.4138848577375773,0.6329295472173104,34.316287381982676,5.572295579740367,6.880766407310045,1.4296727124500614,46.80304434224506,19.4226185645998,23.793897350637195,12.346296761093111,14.664437319423818,3.113675950790808,5.547196551808734
2001-10-01,4.687225182015982,7.60933974268477,13.486194082528295,0.7602388826378587,32.01772155342192,46.26415451858807,27.723659333809547,27.207987644066183,18.891371061206055,22.015240423377406,15.871296420934733,14.204145879190072,7.811094544187331,30.11772938610089,97.50453662199538,165.99486044933312,14.11792074735952,4.180267933903446,2.4574819203477523,8.770827538948817,19.721625651413895,19.72942080856698,5.603704904054372,14.125715904512608,28.500238967061943,49.02228936542637,0.0,2.392072015620332,0.644333994811671,33.51920389964228,5.669011623789394,6.594806136505303,1.4234369701509269,46.6150303950156,19.721625651413895,24.050789529349796,12.296564924700752,14.246432965166154,3.101815915159423,5.603704904054372
2002-01-01,4.633347243473826,7.38970649603561,13.361478184262996,0.7888626141790698,32.04864839801549,46.19898919645755,27.66075022024389,27.08082718968795,18.49884545833913,21.636583669495064,15.376909166782585,13.865498214865305,7.771085454629759,29.52724996522465,97.21199054110447,165.51461955765754,14.238206519219176,4.168025223721426,2.483794686326332,8.775453238744378,19.827569898455973,19.835387397412713,5.589363379236797,14.246024018175918,28.610840636157093,48.915593267492,0.0,2.4239068947929705,0.6439282236750592,33.76432512635044,5.647730328742987,6.475791718829694,1.4213381555153706,46.15958640515603,19.827569898455973,24.157305142115266,12.023053739509436,14.150340798442066,3.127722910001391,5.589363379236797
2002-04-01,4.748022036361098,6.8892468950517385,13.237844272217764,0.8135965597118152,32.135447569956625,46.18688840188621,27.510897858637367,27.1282282552588,18.214459570919203,21.136931846362696,14.765675373319398,13.466437534558107,7.670494311804591,28.817116205248976,97.59578450804871,150.86177124875775,14.393926590775074,4.204764012910266,2.5141768603512666,8.79095767056779,20.031742940961436,20.03908165908302,5.637816350186362,14.401265308896658,28.83003932965081,49.08251327674223,0.0,2.460748420660099,0.6399931664502096,34.89652315599782,5.636787643766315,6.577190639506368,1.4330523372760957,45.72534824467782,20.031742940961436,24.21683294358831,11.637268931412837,14.051440831929577,3.1541700268014763,5.637816350186362
2002-07-01,4.862728103684983,6.6473173804902395,13.127565085342004,0.9200166787447971,31.72537609112858,45.77295785521539,27.12808766173466,27.16990287726556,18.121501742528253,20.904257449900037,14.500784775000819,13.258773638843266,7.645483811056769,28.54836653908762,97.8606414397617,134.85951434991134,14.55628348039519,4.22310006154384,2.5553621436192877,8.821754108688607,20.207036755146557,20.214019613912548,5.6507532747513665,14.563266339161181,29.035773722601157,49.56902014195141,0.0,2.49857975753912,0.6365508501425704,35.78071456404019,5.629841114926748,6.611456258353028,1.4276532132075266,45.24958940426291,20.207036755146557,23.870615911813868,11.51004548417522,14.047581764086804,3.1919129937618584,5.6507532747513665
2002-10-01,5.142932204172823,6.405381653534402,13.175616576984195,0.8403431996559577,31.783223746868966,45.799183523509114,26.889156224152877,26.960557461225864,18.19216370971103,20.97748094663684,14.132391345678268,13.049231505538206,7.928249441098635,28.14835112231842,97.18803160494667,134.68075971711804,14.741191308576385,4.242822787969696,2.5979726134941106,8.865008719937101,20.42926987850489,20.437550903214802,5.688078569928508,14.749472333286292,29.302559623151904,47.886363367205675,0.0,2.540141046824584,0.6342758664270715,35.3054346575168,5.6327602400159185,6.643849852003804,1.4452557819588112,45.08131993386391,20.42926987850489,23.782099480239133,11.548313857707225,14.015959776640152,3.232248479921182,5.688078569928508
2003-01-01,5.176188676540248,6.118884075886362,12.68688593088553,0.869991746112829,32.003246069559424,45.560123746557785,26.69976335515726,26.889648401231092,17.86180381486557,20.52409633001373,13.757958226542758,12.685615138325323,7.838481191688408,27.31483590354112,96.47897388691324,132.0009013677934,14.736432700929084,4.204614068801246,2.5405470081829193,8.795566974392365,20.370303582498465,20.37809837348396,5.633870881569383,14.744227491914582,29.17366534787633,48.48543452469539,0.0,2.4569789734841976,0.6267423617536544,35.6982365247439,5.628277604455793,6.5667221131955795,1.429265762011518,44.561567170022826,20.370303582498465,23.605007602829716,11.295072752426611,13.556877676998361,3.167289369936574,5.633879830812764
2003-04-01,5.266439701837729,5.753553109823009,12.335347518016372,0.8522495736232854,31.472479851523495,44.66007694316315,26.6207574699238,27.1293333566698,17.535729104623925,20.131186307575,13.16204189143486,12.269289402786198,7.861896904788803,26.34963898307452,93.49272317663072,140.5695565523056,14.697413523801343,4.188719186801884,2.4322080028880646,8.66112673063334,20.29410844350533,20.301772351695423,5.596694919703987,14.705077431991434,28.962899082328757,49.18099605348507,0.0,2.3700304593942807,0.6179302214860628,33.553182307492264,5.610988506259211,6.515736292963188,1.4079757329021036,44.15648657454773,20.29410844350533,23.718240083813278,11.019992811660737,13.187597091639658,3.0501382243741273,5.596694919703987
2003-07-01,5.323546476518002,5.495929727045876,12.030524950614563,0.8556655334392295,30.593648007045072,43.47983849109887,26.328919760736646,26.71031737832214,17.071267449600228,19.478849096485774,12.646666036695612,11.747720973082226,7.731128123403548,25.5328565207494,91.03612284573892,140.45457685354356,14.513305429592565,4.123244124993981,2.3149447779650303,8.456583308470227,19.999647262318994,20.00668472487628,5.486341832726431,14.520342892149849,28.463268033346505,49.09072784913271,0.0,2.262414529195916,0.603267889830685,32.34217214999409,5.53837064067451,6.251791246036348,1.3630977077324509,43.40017856480547,19.999647262318994,23.45656299147144,10.819476203563879,12.886190484053792,2.9182126677957156,5.486341832726431
2003-10-01,5.327102740227556,5.328861115061083,11.915155611076027,0.6899455107671152,30.10399725319765,42.709098375040796,25.763495696738616,25.868148730308967,16.923211006509046,19.18488028695318,12.29675692820921,11.596116760845902,7.588772020671692,24.901858050052354,88.31939630150063,149.5762826325063,14.39593368599367,4.0747236250995345,2.21872076277111,8.301695328176454,19.831172231200977,19.836506817652452,5.435230050642894,14.401268272445144,28.138202145828906,48.95534696303183,0.0,2.168288533850075,0.5916464113778235,30.76591919596569,5.491328154027519,6.267247151220405,1.3605149201077722,42.68670670324766,19.831172231200977,23.088803705396955,10.655963855288638,12.605101121843143,2.8103671741489338,5.435238545207307
2004-01-01,5.615230226628256,4.977075840568587,12.044629376052077,0.7610802480188824,29.932862535473177,42.738572159544134,25.87715616130134,26.174419192704928,16.847418368195036,19.141620707501783,12.000615258322531,11.23218814156678,7.909432565935001,24.806324882393486,88.30768484985927,151.35780785539617,14.618608192748288,4.1305672763924735,2.2725475275731926,8.440084482281005,20.128122345828352,20.133473147488306,5.509514153080061,14.623958994408245,28.573566016605767,49.777233043431146,0.0,2.1872534007992823,0.6016632606326006,30.48319835698519,5.565873694075211,6.255112300998193,1.3789468766875888,42.72457452949638,20.128122345828352,22.86518319744282,10.592306067196844,12.80570962407096,2.8742107882057932,5.509514153080061
2004-04-01,5.683815033912431,4.9271205743669,11.91628040220213,0.7609626663991813,30.039161004275222,42.716404072876536,25.433146630242433,25.341351287871568,16.85363806844239,19.04350062310041,11.984439620352493,11.169823034529959,7.873677588570452,24.661682688953807,87.98328877308866,152.42151390902941,14.863894148470031,4.131665512929901,2.263891589197061,8.494177447604045,20.32927936239429,20.33415023675339,5.465385213924261,14.868765022829129,28.828327684357436,51.889903379189725,0.0,2.198803498608705,0.6094949852697329,30.829398451144513,5.620790873137252,6.242702460163059,1.3337197009943602,42.28678469868482,20.32927936239429,22.36324091468416,10.61093560827933,12.677243068601312,2.873386574466794,5.465385213924261
2004-07-01,5.842918019030326,4.94684935532287,11.954947568557209,0.8159568875445367,29.756315709961562,42.52722016606331,25.092490581502762,25.267455740844174,16.960007580469142,19.10185580904239,11.971363250018873,11.117089561438817,7.9847662476035755,24.742267706120618,87.99021430347085,148.52566457708045,15.09824988519181,4.121579412850082,2.263438043439306,8.552943863976738,20.514538970868422,20.51919549833255,5.416289085676611,15.102906412655937,29.072139362309287,53.94112475210899,0.0,2.2094288261154316,0.6169289396843166,31.024963456823958,5.672576880853115,6.170248332690927,1.294701546251548,42.052498161971904,20.514538970868422,21.981499526992703,10.789767374353195,12.770904456101745,2.880366983123623,5.41628095910163
2004-10-01,5.931199067885325,5.0525200575323455,11.973420426920143,0.7024387066429935,29.89323084925347,42.56908998281661,24.62761472742463,24.71015502728699,17.315885239926452,19.414412494270476,12.165250789201814,11.384694154662002,8.02972632222935,24.84110992276495,87.25668772003097,156.277820431582,15.289369208508772,4.0921868182342855,2.2740491221751298,8.606055584266382,20.663277565147368,20.667476423728374,5.373900374017718,15.293568067089778,29.273532007994756,54.07096901194471,0.0,2.214514735678659,0.62267635884563,30.538801364772727,5.709330103245621,6.332174097129657,1.2817135557834327,41.94349996735108,20.663277565147368,21.546043677389083,10.983719125417672,12.675859133563137,2.89672548102076,5.373900374017718
2005-01-01,5.952729499440993,4.927272718728163,12.030771457614406,0.780815907155209,30.32392318931369,43.135510554083304,24.25994843383316,24.122049118348254,17.30041921203927,19.37028746751659,12.22493958387084,11.347689712598276,8.022597754918312,25.036526948640454,87.65548136072145,154.46797385129463,15.34863400099285,4.298415497232536,2.3680365584353638,8.877383963984203,20.864700610607454,20.8690241606556,5.516066609614604,15.352957551040996,29.7464081246398,54.31573319497973,0.0,2.2747277690810717,0.6279564819022617,31.213658094602092,5.881390923646576,6.4204169938701146,1.2176511123820677,41.560367645872425,20.864700610607454,21.096770292448998,10.880002218169155,12.811587364769613,2.9959930403376256,5.516066609614604
2005-04-01,6.355736777331224,4.925318758001451,12.300056582795364,0.7588300733223882,30.76663961340455,43.8255262695223,23.952359329227676,23.840780099694676,17.856004214613467,19.728514014456472,12.356747715020813,11.50027517562953,8.228246577174229,25.415634371138562,88.21149460296706,155.30474540218358,15.507028895607839,4.567110662080612,2.4187133047571643,9.1426483843569,21.286367136910556,21.29025178724869,5.779330502955429,15.510913545945973,30.43290017160559,55.946796076596016,0.0,2.3480080255947384,0.6371909923161307,31.471734603165167,6.086744087283605,6.574956417628079,1.212219840874817,41.80836354384114,21.286367136910556,20.689926281408404,11.281055535332674,13.058886656117751,3.0559042970732953,5.779330502955429
2005-07-01,6.638596714420129,4.640589007902673,12.597763828612237,0.7375533777759449,30.638618932175127,43.97393613856331,23.658279667056288,23.45676767274038,17.81820580671679,19.78769565510496,12.065990993287347,11.179616701116867,8.6080865628083,25.401308199675533,87.750263607576,156.74292124825436,15.585640999732018,4.802131869680388,2.45616520635653,9.355493362750046,21.587029457243073,21.590932782008366,6.001380848690849,15.589544324497313,30.946426144758416,57.63029990469192,0.0,2.4076513687278402,0.6430290043660932,30.968971079026574,6.256299152027424,6.539027693214196,1.1992489790104608,41.47648547377308,21.587029457243073,20.315633645046407,11.279185722322802,13.335317206388183,3.099194210722623,6.001380848690849
2005-10-01,7.0900670689220915,4.585587251591164,12.754097730716222,0.6471080748988832,30.586119816238178,43.98732562185329,23.209964362599074,22.66972195862507,18.45700501133126,20.52878355810223,12.042933296428064,11.366937942409168,9.161845615693064,25.444139102043167,87.83542341441185,154.90370006343343,15.707264764184037,5.032405688174693,2.5106865670924883,9.600018132415265,21.968171607099382,21.9723144436996,6.260906842915344,15.711407600784257,31.5723250709761,58.248597814923876,0.0,2.4724403799281367,0.6505454284548631,30.69546968809544,6.438786136867913,6.781350690818003,1.228501154740651,41.66696937393033,21.968171607099382,19.977868846799403,11.675654320513255,13.401205805615104,3.161231995547351,6.260906842915344
2006-01-01,7.146389924083546,4.5811873674550485,12.564886360628154,0.7216548669182509,30.10354316001871,43.39008438756512,22.931261930883966,22.339637154059517,18.507496051226692,20.588176034402125,12.070664658699508,11.361106127143147,9.227069907258977,25.357205886245914,87.41771550595772,160.37128763835412,15.910056209354106,5.124169433994453,2.5096035343359446,9.737998523438213,22.25900717397251,22.263389797605146,6.348950964618402,15.914438832986743,32.00138832104336,57.60279311369232,0.0,2.459225422746699,0.6539521558684507,30.61173631312522,6.574442833233817,6.7799187596880985,1.2247815306239502,41.43875798211066,22.25900717397251,19.667678003641402,11.727577291538594,13.286541227546408,3.1635556902043946,6.348950964618402
2006-04-01,7.221401739668609,4.506848621841368,12.80289911806689,0.69180590956841,29.92107274523057,43.41577777286587,23.1092853677746,22.396568301827966,18.81156285154882,20.977605285781927,12.402111648706533,11.590161111880212,9.387444173901713,25.89681667634183,88.4838786326954,155.57115086395942,16.246637928126116,5.292034914360235,2.4916995215155153,9.91825017537451,22.788914236920203,22.792796906428535,6.542276308794087,16.250520597634452,32.711047081803045,58.56325668429913,0.0,2.468003604047981,0.6629912667565546,30.90228295150357,6.7635593871024415,7.0833124900388444,1.2502413944338515,41.92084821932342,22.788914236920203,19.63409257214785,11.728250361509977,13.494705027635302,3.1546907882720694,6.542276308794087
2006-07-01,7.380195567644793,4.530248616673401,12.81296980257225,0.6810722392515516,30.046384374890955,43.54042641671476,23.074049176550453,22.5933779700751,18.882289122541092,21.12420538207557,12.299328603188362,11.502086345188687,9.622111827179271,25.793370645012164,88.45467703826365,158.18600295828722,16.620423602044905,5.461245370286258,2.494515575419742,10.135435799428242,23.33505501151102,23.339114076896433,6.714638619173726,16.624482667430318,33.47454987632468,59.626978379817196,0.0,2.4832828509606357,0.6736534501190611,30.762380437813817,6.967266773889438,6.9718449382229,1.2533860391798581,41.95633829909155,23.33505501151102,19.561587773720156,11.910444184318193,13.494042041823803,3.168169025538803,6.714631409466115
2006-10-01,7.556825142668289,4.487704742883681,12.913431759969685,0.6084307485419771,29.415330679878853,42.93719318839052,23.125824456037083,22.556048765061014,19.369702469308155,21.669938374137082,12.61430557652804,11.812877326639866,9.857061047497215,26.136168085039703,88.07819475824029,162.64751174538233,16.924554615671717,5.597191080062338,2.484892688944668,10.30717486872808,23.807028140483038,23.811515460598482,6.88247352481132,16.92904193578716,34.11869032932656,59.764672112231445,0.0,2.4889526452395945,0.6815669436933921,29.76056941955446,7.14071523609002,7.325165461025844,1.2852895674793228,42.49552692534524,23.807028140483038,19.50712842852625,12.044529885551968,13.521862508511662,3.16645963263806,6.882480647541661
2007-01-01,7.4658768704999865,4.423244492988749,12.838828133864569,0.5151364506627237,30.127357516022307,43.4813221005496,23.27667582722733,22.723180246898295,19.50137211443922,21.75642888250422,12.923031101424762,12.035495243939232,9.720933638564986,26.276995685952052,88.84242445175391,167.00784227187344,17.255291368647136,5.763928785252255,2.514355480448978,10.411503490061763,24.31782406588344,24.322143249014765,7.062532697236307,17.259610551778458,34.733646739076526,59.13778412258432,0.0,2.509663468806318,0.6797718936684645,30.455355157495074,7.2173761159443215,7.612250750950484,1.298603911984052,42.77804794166655,24.31782406588344,19.440059410575007,11.889121363488735,13.353964584527292,3.1941273741174427,7.062532697236307
2007-04-01,7.521613888880788,4.393385622995342,12.911355455412627,0.4382283061574014,30.1903641431843,43.53994790475433,23.71898035297952,22.925282608445087,19.972445650566357,22.278084515835975,13.522530978507136,12.450831761685567,9.827252754150406,26.872114740077162,89.46033635970133,171.38422764153128,17.56509926828635,5.946355533873506,2.521413223449221,10.485879749886163,24.80946851989872,24.813815113675926,7.244369251612372,17.569445862063553,35.29969486356209,59.33066483026551,0.0,2.5280511526041862,0.6775409277630831,30.113687729315803,7.286925598673859,8.057439195249687,1.2980206611794045,43.69142600354587,24.80946851989872,19.536460075702944,11.91499951187613,13.349583761570027,3.198954151212304,7.24437619505291
2007-07-01,7.721793226461996,4.737300586091144,12.800343474307438,0.3562316891576743,30.38151918169842,43.53809434516352,23.535927375480437,22.928200865181182,21.04551206228294,23.437624127847915,14.226046110450774,13.32371883582094,10.113905292026972,27.382621273915888,90.34141239046623,171.89004317941144,17.89699986617795,6.1207761514137795,2.536755232054233,10.580256942456586,25.325544967813702,25.329644083468985,7.428545101635753,17.901098981833226,35.90990102592556,58.98973483940016,0.0,2.550233563764971,0.6764914069284118,30.211285723672777,7.367010303473942,8.586418249729798,1.3077689502219736,44.58143943776338,25.325544967813702,19.471307460658274,12.45909381255314,13.156575163465112,3.213246638982645,7.428545101635753
2007-10-01,7.780988698787324,5.019280250203567,12.904413968330944,0.24347848306136474,30.371997174594895,43.519889625987204,23.54924459013345,22.738700724115393,21.74310831802362,24.353747025665818,14.80352303062618,13.962112823476469,10.391627406429523,27.951415482018486,91.70107246604124,165.84835071666043,18.234940018585043,6.297426758358683,2.5477643377280605,10.674697986239675,25.87043829524831,25.874943884013234,7.635505072423092,18.239445607349968,36.549648666012736,57.34081374330975,0.0,2.5738668512213816,0.6759810256949038,30.65018839884967,7.450952622816709,8.942832573272902,1.3380783140644095,45.29235290815707,25.87043829524831,19.449763636677478,12.800268948990892,13.147892451392309,3.2237453634229647,7.635505072423092
2008-01-01,7.878060764538873,5.293801981132473,12.62539150954494,0.37403092420527523,30.23774868021284,43.23717111396306,23.873001246112445,22.852917525525044,22.231438833531044,25.001043753465297,15.305036440255348,14.353378068992173,10.647665684473123,28.30445887400556,93.5875118943697,157.10455445054438,18.564831505552156,6.485299259417817,2.6141842492094334,10.95146933969096,26.455906889847224,26.460326692794727,7.891075384295067,18.569251308499663,37.41179603248569,54.02824920453746,0.0,2.555067684862338,0.6877349380255231,31.714044461041752,7.649550152456003,9.059576087859698,1.4057761248772485,46.10444007964349,26.455906889847224,19.59998335434213,13.171862745671348,12.999422433750214,3.3019191872349563,7.891075384295067
2008-04-01,7.754575448544269,5.247919354761676,12.226863704577402,0.2552250983656943,29.97956840380417,42.46165720674726,24.311130702817177,22.78704515851624,22.167868168477224,25.13491291127139,15.353894175592528,14.413292719932953,10.721620191338438,27.835982978535622,93.8574709662195,154.9978706015949,18.681150656803876,6.636269624957477,2.538999001796148,10.990453796965243,26.761253976519505,26.76599643703314,8.080103319715633,18.68589311731751,37.756450233998386,52.714668484183825,0.0,2.5076382203570486,0.6916054614578888,31.929338549187825,7.759849333711205,9.165373365171275,1.4438336947581552,46.478998871294394,26.761253976519505,19.88171294444843,13.002494803305945,12.482088802943098,3.2306044632540365,8.080103319715633
2008-07-01,7.495335760476257,5.406094731599083,11.716619351407434,0.36289686307113656,29.93327269838732,42.01278891286589,24.47874518281396,21.901565333348906,22.256313998007517,25.166838389612618,15.74452082317745,14.76097823753126,10.405860152081358,27.82403703765602,94.82605509269449,143.85091911208264,18.953051812406997,6.824525593967756,2.564064874425456,11.199618175690864,27.18213485348915,27.18706807081469,8.229083041082156,18.957985029732534,38.386679534645246,50.73677097367414,0.0,2.4820123821741316,0.7012753004413249,33.100955305789334,7.934278000824083,9.354890217792484,1.4045507352540934,46.73505918082147,27.18213485348915,19.931600773984883,12.901430492075342,12.07951621447857,3.265340174866781,8.229076329221849
2008-10-01,7.386887742364584,5.499010864370848,11.42488446051121,0.26665828781611767,32.16008889248504,43.851631640812364,25.05882137913005,22.109418067608424,22.35944187271691,25.25316416269784,15.872575481361197,14.972554130352325,10.280610032345512,27.56411822968853,99.44521604256894,127.69050607093587,19.64895217476694,7.1622058528872365,2.606164794055178,11.620637410102772,28.24014908329967,28.24481769120362,8.59119690853273,19.653620782670895,39.86546194677253,48.863731344478985,0.0,2.5109922783826546,0.7266736120766071,37.44168775241373,8.287799003970985,9.473536420515341,1.4289979011116285,47.41826325184696,28.24014908329967,20.442499145514688,12.885898606735433,11.691542748327327,3.332838406131785,8.591203753998865
2009-01-01,7.403743716089265,5.1425337099510475,10.961532411487514,0.2787143866682762,32.42150074887904,43.66174754703483,25.918650130116603,22.771313948358877,21.615509550269277,24.424176673086688,14.952682791415256,14.211765834180012,10.212410838906674,26.192929589571044,100.13241029562809,120.8289197723053,19.897737508022715,7.149781766933211,2.6789801496815655,11.849924557730349,28.480853102598854,28.485315748107777,8.583115594576139,19.902200153531638,40.33524030583813,46.53877491510926,0.0,2.5465559949059315,0.7247571911998293,38.549336694269,8.446187216848953,9.069232124228964,1.433333827642929,47.53415968038588,28.480853102598854,21.324280353369456,12.546277426040312,11.240246798155791,3.4037373408813942,8.583115594576139
2009-04-01,7.352087122414234,4.706973726041349,10.851626383156496,0.24091809633052402,32.606015227063935,43.69855970655095,26.390110001671623,24.12470666638111,20.983933508913978,23.78942950383402,14.231106422285261,13.63185334000499,10.157583117334282,25.323650901772282,99.0585232034298,131.57026975984542,19.960474885468816,6.977015049332339,2.7098713907483334,11.958360185452767,28.368006755469416,28.372832488111595,8.407524916495355,19.96530061811099,40.33118572005911,42.99254945819678,0.0,2.560072027188762,0.7163779246790749,37.78643921843713,8.532110870025358,8.92487961396364,1.4305098671630172,47.3740435105856,28.368006755469416,21.861159916991834,12.059060848455584,11.092544479487021,3.4262493154274085,8.407524916495355
2009-07-01,7.087295750633163,4.186240845485485,10.721867615778162,0.28889432414217237,32.90818625274952,43.91894819266985,26.39305241748116,25.12062871023516,19.932234203310678,22.795895211823307,13.349482679697985,12.844938452677516,9.950956759145795,24.36024461961832,97.15095603936692,143.48715699941351,19.86119064436958,6.7452416041601,2.730543442738338,11.981390670918344,28.01034709813534,28.016389088096922,8.149156453765766,19.867232634331156,39.997779759015266,41.921008144436364,0.0,2.5527926658962263,0.7021927371266511,36.95124647014212,8.548654491053357,8.65869760719203,1.403914849605665,46.325286620791836,28.01034709813534,21.923758530244765,11.273536596118648,11.010761939920334,3.432736179864989,8.149156453765766
2009-10-01,6.701442313894194,3.8565722280742074,10.798007732992593,0.24366523290949463,33.32960213835694,44.37127510425903,26.211021326577686,25.119626319913067,18.329208656545255,21.096999989557204,12.026435425402981,11.627766342651059,9.469233646906144,23.06810839130507,95.37453086764138,147.30585767807236,19.582883343256263,6.445177472582713,2.7137959364420055,11.881888021970004,27.412284099464827,27.418426920462547,7.829400756208567,19.589026164253983,39.30031494243255,39.98022284653001,0.0,2.5221672227398497,0.6818053532500881,37.02483658560441,8.486286732277911,7.771194114576853,1.3842232836258535,44.54022998312294,27.412284099464827,21.81940938960221,10.5580145419684,11.04167296590209,3.395601289692094,7.829400756208567
2010-01-01,6.516792519409588,3.497166535384274,10.966486754475737,0.3350173150526834,33.30383938349878,44.60534345302721,26.503260160613788,25.470181738630416,17.489476525285802,20.30842670412561,11.471281666092095,10.972677232923864,9.335742698249396,22.772785735620516,94.93871494065877,150.97686969042869,19.404996136030682,6.347069106464716,2.759910353202692,11.737526422980356,27.137161089930583,27.14335834133106,7.73217172685225,19.41119338743116,38.880891537263764,40.25115461905191,0.0,2.559275185731286,0.675331078843261,36.82552400639096,8.302284990934403,7.47551747049194,1.3850958474351847,43.992736685899594,27.137161089930583,21.97432915600209,10.013959054793862,11.30150406952842,3.4352414320459532,7.7321649538999
2010-04-01,6.120001257660699,3.208102859555948,11.084877210861036,0.29288674718676855,33.50121056517763,44.87897452322544,26.421668933103863,25.543856477683562,16.48339911241464,19.251213919607043,10.910640470386463,10.363391179272522,8.887816064853103,22.288404428434266,95.10445559680039,139.0765392675515,19.09872589759024,6.242316103671027,2.7805916786252354,11.54593936139541,26.696318265058398,26.702473058925207,7.5975990429495806,19.104880691457048,38.24841242032062,41.91120234565736,0.0,2.5781043007923863,0.6643906390258123,38.05380878604168,8.100957043744362,7.1552883197165755,1.3552829392785526,42.905068045518505,26.696318265058398,21.830212734909356,9.328104117216647,11.377763958047804,3.4449823176510477,7.5975990429495806
2010-07-01,5.918876378180995,3.1237833606432925,11.155889860303466,0.3107992434356538,33.58574819700445,45.05243730074358,26.727361237152703,26.493508912231047,16.051684606528223,18.809753812788827,10.77962200445435,10.132808228347228,8.676945584441599,22.24631110819347,94.5120157985873,148.28267567636647,18.868525645923846,6.1519559978012905,2.7882905691582143,11.378012915009615,26.390950445352335,26.39699339706809,7.522424799428489,18.874568597639605,37.77501291639652,42.502965504255926,0.0,2.605687758241249,0.6560994483610624,37.508218249225465,7.933622897490339,7.009024867703936,1.3704688016271984,42.779045843680926,26.390950445352335,22.051721458627213,9.042659738824286,11.466689103739121,3.444390017519276,7.522424799428489
2010-10-01,5.837581356485533,3.2446640557343773,11.358371946678245,0.5120881357517574,33.288870669233965,45.159330751663965,26.69846135798003,26.1844136513116,15.263992740704222,17.91790495218843,9.968089040812245,9.426411384218687,8.491493567969743,21.83854912324225,93.22441123712024,156.7919838395493,18.63510790769167,6.058588296371253,2.7811079596856167,11.195361774023066,26.040848954052898,26.04698241102209,7.405741046361227,18.641241364660864,37.242344185045155,42.637885534147024,0.0,2.6315796349371636,0.6477100388948699,36.73758484452176,7.766543775442579,6.18174732848431,1.3471527499899736,41.962454098684255,26.040848954052898,22.111020927302924,9.08224541221991,11.870460082430004,3.428817998580487,7.405741046361227
2011-01-01,5.564927816581211,3.3276795778482917,11.521115141711713,0.6687968457438022,33.74720091550973,45.93711290296525,27.03312417173937,26.614727157985357,15.032145501844516,17.62280665641443,10.186752415798171,9.467211171219809,8.155588971151126,22.376664403253688,93.67262944837516,163.7857158490847,18.507127145269944,5.995512605716412,2.860870192831321,11.218791869014572,25.841764242695543,25.847796246972926,7.334643611469094,18.513159149547327,37.0665881159875,42.88246945825566,0.0,2.7079009094125843,0.6468901174664435,36.826786632765845,7.711031558716806,6.139531593371518,1.339131005752682,42.06526967358389,25.841764242695543,22.213722119242433,8.892607394429502,12.189911987455515,3.5077603102977646,7.334643611469094
2011-04-01,5.3134239290674445,3.4348491750526864,11.493238101476075,0.558616629532473,33.28451241549193,45.336367146500486,27.05214494400432,26.95372963551626,15.036838409982453,17.602231304064222,10.410611858340832,9.72341448091501,7.878816823149213,22.462466589349383,93.11682908202897,161.3971399975279,18.201085660142006,5.897455889392274,2.9259833447950863,11.14030310320932,25.382195731599964,25.38834709011496,7.181110071457961,18.207237018657,36.52865019332428,42.64465607317455,0.0,2.7544395035744405,0.6392592041710453,36.41059810295189,7.575060554243188,6.288565305862321,1.2836541820656853,42.08898335398677,25.382195731599964,22.274769807744015,8.748273104120132,12.051854731008548,3.5652425489661312,7.181110071457961
2011-07-01,5.1516327021002475,3.7473350682018034,11.33042725822614,0.6383502218859282,33.157688551913125,45.12646603202519,27.27345523425837,27.340896541851574,15.211692723777581,17.85246119552547,10.856887410785497,10.060060021677335,7.792401173848136,22.825664890897563,94.68858003231149,144.86634440377105,18.035434006830407,5.841019243747316,3.0122868054561445,11.146585308493016,25.11940428229616,25.12585891327021,7.083970275465756,18.041888637804455,36.27243783103949,42.99152334403566,0.0,2.8205139675657986,0.6365096934497638,37.59388612241559,7.497788809587108,6.312724953475531,1.24295103171844,42.48514795803595,25.11940428229616,22.417610789586696,8.89896777030205,11.968777480112069,3.648796498905908,7.083970275465756
2011-10-01,5.111310198880097,4.04715640616657,11.126014288745058,0.5791156425355752,33.886089098783195,45.591219030063826,27.16070353350491,27.448534959566057,15.5089435161993,18.218102607715224,11.131789980204212,10.397633317319203,7.820469290396022,22.836919911484845,94.70211918641148,153.66333172560806,17.75308054236457,5.746219652134207,3.0365997677477687,11.03869719589864,24.7517099676252,24.758495616060817,6.998629425260628,17.75986619080019,35.79718649972835,43.39719480662448,0.0,2.8668007510797544,0.6296134913587765,37.61818311391071,7.372483936792095,6.350476911152633,1.2524097731264208,42.66964704970421,24.7517099676252,22.378847612578483,9.158466605046666,11.705129931280634,3.6662132591065455,6.998629425260628
2012-01-01,4.795235239957172,4.007584882634396,11.147356632929457,0.6893978737062277,34.28450964461888,46.12126415125456,27.384992225619765,28.118201695770157,14.973378543083946,17.5535766349769,10.972122693629053,10.178143303126772,7.375433331850129,22.80887720026474,93.90450005460892,162.42796524072574,17.65172332354522,5.745548595555176,3.0124019801099085,10.994053384803662,24.64262277126395,24.64894558120532,6.990899447718732,17.65804613348659,35.64299896600898,42.856677892351044,0.0,2.857829191405335,0.6325734863295683,37.129176687376564,7.349077918364184,6.170558420492377,1.2453508521635555,42.35837076870371,24.64262277126395,22.538894460415694,8.802820122591568,11.836754506635682,3.644975466439477,6.990899447718732
2012-04-01,4.538846056191987,4.177122208363426,10.975932483973859,0.617161043159131,34.81828814073325,46.411381667866245,27.641625298518584,28.60536252133708,14.801122840184696,17.392774716536533,11.077233671754659,10.262276783992709,7.130497932543824,22.670327198887648,94.5871304053806,158.86220959128136,17.648131700182297,5.816143095177643,3.0061118218757623,11.011225625288647,24.710122683771914,24.71673089257403,7.061990983589615,17.654739908984418,35.72795651786268,43.510143538809956,0.0,2.8646184098773904,0.6389107500008484,37.95963686319249,7.366203053412034,6.085148405499683,1.2458540585415727,42.44274813870328,24.710122683771914,22.727240474322542,8.715968264555412,11.59309352713299,3.6450225718766114,7.061997153719216
2012-07-01,4.3879481659441275,4.184958388229179,11.235254717029113,0.6085832928757003,34.836224866863596,46.68006287676841,28.148769625322185,29.59683731301021,14.865479366116977,17.48636802959103,11.310906354535339,10.477531200172848,7.00883682941818,23.154744364440152,95.02031337768629,165.3574386681586,17.67160608254852,5.87416643642122,3.006169107329673,11.047087660124754,24.79981514185969,24.806322677825314,7.128209059311167,17.67811361851415,35.85341033795007,44.68164270061272,0.0,2.8758468145642087,0.6461640066960216,37.54133771286827,7.39475454609906,6.2925728119436695,1.2540426228899453,43.01424899143916,24.79981514185969,23.216032852884773,8.572906554173306,11.843838009904813,3.6523331140256943,7.128209059311167
2012-10-01,4.370144269765589,4.4247774676151685,11.14882634846285,0.5669891858423345,35.03667598250691,46.752491516812086,28.69931029165577,30.211573772873884,14.950879146262954,17.430828044034683,11.374435694972217,10.580734876497367,6.85009316753732,23.0902512292774,95.67548793974137,163.35446129602417,17.706503104457934,5.936352781253633,2.998821162846088,11.0807342979494,24.923480941625183,24.929583100163278,7.216977837167249,17.71260526299603,36.010317398112676,45.09155947847616,0.0,2.888951859267416,0.6537774705992582,37.829534069745726,7.428135664504055,6.155957408882197,1.2806250559136159,43.650189437918726,24.923480941625183,23.74993597910017,8.794921737380758,11.715815534305184,3.652598633445346,7.216977837167249
2013-01-01,4.243134193154583,4.224195196246271,11.00148490625617,0.6385979880454264,35.09728295371947,46.73736584802107,28.66076904821299,29.927681623508718,14.677242071194652,17.13799020421981,11.275556758756162,10.434107878040068,6.703882326179743,22.91563965305776,95.34658694708476,176.64470892299457,17.579089233069134,5.8507144530855575,3.0341918871776383,11.073072272305415,24.68903975081013,24.695142516702568,7.109950517740998,17.58519199896157,35.768220795667325,45.15169788137317,0.0,2.8980089065543404,0.6495961813023626,37.90774480035036,7.389284203825413,6.2099126817937975,1.259236064655441,43.338011119407646,24.68903975081013,23.696757647333293,8.467329389400852,11.640082894301598,3.683788068480001,7.109950517740998
2013-04-01,4.315443286134769,4.33039963028778,11.106490306142975,0.5003022652046751,34.816366640131406,46.42315921147906,28.976697334345484,29.327203025557235,15.083688277507973,17.546290393262783,11.648445571370903,10.768244991373201,6.778045401889581,23.255238142718554,96.54260970989534,179.21441772447534,17.609032914537764,5.874722863784827,3.0695415605540353,11.136958925706482,24.738133961141124,24.7441475831307,7.129101046603359,17.61504653652734,35.881106508837185,47.04665106113827,0.0,2.9324118503741508,0.65121667946803,38.41282941093942,7.416200685684417,6.437845361085421,1.254378182818532,44.06038561185346,24.738133961141124,23.91801580124011,8.64584291642255,11.60679257134765,3.7207582400220653,7.129101046603359
2013-07-01,4.351734397839593,4.341583304028268,11.343915165403844,0.4756622069881758,34.774037595499024,46.59361496789104,29.416613512527366,29.565836361064672,14.991903308265655,17.44661002423168,11.649786909607135,10.640168910426064,6.806441113805617,23.469364281999155,97.32979045806619,185.0699234002354,17.48787501685459,5.837804985514195,3.079615364969277,11.106222673591667,24.565859364705503,24.57220011185668,7.0779843478509115,17.494215764005766,35.67842278544834,48.58788906677061,0.0,2.941180634143136,0.6472457740837207,38.646989548915116,7.379361534538669,6.298585606397797,1.240179362336717,44.408516820793025,24.565859364705503,24.257179996647366,8.69331770186786,11.81957737239202,3.7268611390529975,7.0779843478509115
2013-10-01,4.328962177159065,4.529828637346201,11.233154174620212,0.4838931366932528,34.55241062728002,46.26945793859348,29.210519136815748,29.212357199000305,15.177402956569559,17.61434186409403,11.689011046346563,10.848440779410492,6.765901084683539,23.40605835766003,96.9930582324275,193.73709975541558,17.35676885885247,5.796311649027378,3.063840262158854,11.044653917611422,24.412583536581714,24.418848071305646,7.055814677729241,17.3630333935764,35.463501988917066,48.712899863593684,0.0,2.9474781292412486,0.6428971489619689,38.45114992020425,7.3379165064906,6.318612142064292,1.2595030287018645,44.387922093385306,24.412583536581714,24.19028852864809,8.858790814505266,11.717047311313465,3.706737411120823,7.055814677729241
2014-01-01,4.245244345506368,4.621072841091078,11.459803609056028,0.5727962596011174,34.6140870386559,46.64668690731305,29.826416706662233,30.168182583081567,15.35587994188538,17.754154645221366,12.158174522719209,11.11062978166082,6.643519048842353,24.190774391376355,98.02168750332166,198.14568636875384,17.61951484549887,5.885169317034601,3.0887783032861647,11.190146052928588,24.771007675544308,24.77699683528148,7.15149864476363,17.62550400523604,35.96714288821006,48.525265357572025,0.0,2.9547374195373832,0.652638155087605,38.40851628278091,7.448729594554819,6.489556940569742,1.2663293277290304,45.18229664854761,24.771007675544308,24.55388609827641,8.866317186597447,12.032599868657146,3.7414164583737697,7.15149864476363
2014-04-01,4.152185791164407,4.7306482949347055,11.511870759770183,0.4841165697444098,34.281149970077365,46.277137299591956,29.830907974583226,30.680055630308246,15.186064932013615,17.61658013342232,12.094346162355835,11.033879140849209,6.582700992573113,24.090333491870428,97.12764351850055,201.86059223764948,17.559994264351737,5.910372047665247,3.0532565901160074,11.127237547855103,24.717110612387767,24.723366852930624,7.157116348036031,17.566250504894594,35.85060440078573,49.13238615982594,0.0,2.9087294420278256,0.6504606442512113,37.68416808098041,7.423520313487884,6.303230845914504,1.246744300370785,45.01697290659684,24.717110612387767,24.530479422106037,8.882834086099113,11.995987329514591,3.7037172343672187,7.157116348036031
2014-07-01,4.075975661511412,4.713835387864051,11.693840361963462,0.588966845403238,34.074895019317886,46.35770222668458,29.75296654255383,30.393600890754712,15.218233556658564,17.834847992285876,12.305240081176223,11.142257895147152,6.692590097138725,24.588047288542924,97.4762960797851,198.527900226845,17.538379086136167,5.9410663579459895,3.020726312873549,11.084148102349621,24.716662806160425,24.723290445393083,7.178283720024255,17.54500672536883,35.807438547742706,49.8831906668461,0.0,2.8700149200515743,0.6496378275991522,37.60567433757869,7.41378396187692,6.428422507283102,1.237217362078266,44.97120009921239,24.716662806160425,24.40939309471885,8.789811049375464,12.2828072073667,3.670364140472701,7.178283720024255
2014-10-01,4.167048392316715,4.94983859774178,11.610896758550474,0.5326517374113859,35.77982209658634,47.923370592548196,29.994926887046446,30.620381922165485,15.640964960013854,18.24193607006758,12.490057686771033,11.473916567697138,6.76801950237044,24.63360618273289,99.39562571156593,205.63198163652584,17.693864570382924,6.039142636653176,2.990886764177402,11.124046516320076,25.00445648994737,25.01260741424823,7.310591919564446,17.702015494683785,36.13665393056831,50.84068689067305,0.0,2.8606450429344354,0.6552784855403998,39.01521425849004,7.477881266602274,6.524077969955358,1.271449282911269,45.6358918470603,25.00445648994737,24.803592034179843,9.116886990058497,12.14354849596186,3.646165249717802,7.310591919564446
2015-01-01,4.210572585235144,5.039419484420791,11.256394030203069,0.6115859198941691,36.0753261447417,47.943306094838945,30.45673965480389,31.167226514818893,15.830987400081126,18.582365605303373,12.662774809949928,11.62042035086278,6.961950790457391,24.530754760047166,100.12821414907353,206.59081622422727,17.78909315007051,6.045059080094482,2.9701173009991573,11.070859963188811,25.085264346739777,25.094216085904364,7.296165660652468,17.798044889235097,36.16507604909317,51.36655190688375,0.0,2.823014262606161,0.6569314334978508,39.22112893886903,7.443811228691802,6.58100086644199,1.251106580557985,46.28772705488501,25.085264346739777,25.200657080905952,9.249992069655935,11.867979950097238,3.627048734497008,7.296165660652468
2015-04-01,4.316528028996404,5.191100726354316,11.378104905397132,0.5551104980233902,36.75021542924139,48.68343083266192,31.00882373664809,30.896344289407356,15.982223859975589,18.784636623715027,12.637014748095494,11.665695830979185,7.1189407927358435,24.570230151516014,101.80592396496588,203.99447280121032,17.821917370577246,6.074284028739071,2.910477497983565,10.950725675970787,25.141697516775906,25.151227169861524,7.319780146198664,17.83144702366286,36.101952845832315,52.32143333859962,0.0,2.7761323656778436,0.6562167255368007,40.079248201182246,7.384031452450422,6.474595104624868,1.2454961174595935,46.99104759662368,25.141697516775906,25.78227401374108,9.50762875535072,11.933215403420522,3.5666942235203654,7.319780146198664
2015-07-01,4.370515953318473,5.138638292072668,11.504760503229443,0.5102049134136298,38.017107836014056,50.03207325265713,31.456138712959387,31.111685456491728,15.78834935564933,18.53704667185389,12.51151936247373,11.417827968028478,7.11921326952303,24.526484779116803,104.04105593712207,193.04641339846816,17.94781613320475,6.126849877288018,2.8659152185790537,10.888037828830996,25.32640322110666,25.33605997643904,7.378592522204287,17.957472888537133,36.224097805270034,52.85006335853147,0.0,2.7443553086015333,0.6588819922761173,42.03291056996811,7.3632406179758245,6.279189675955809,1.2517426449162699,47.24448806860872,25.32640322110666,26.074434943955495,9.50915424539114,12.014965416643072,3.524797210855171,7.378592522204287
2015-10-01,4.602477323602206,5.344223913280384,11.413498039097838,0.4025248090100985,38.51780976729383,50.333832615401775,31.556131098998613,30.61467891450983,16.0830809122818,18.837966867292604,12.451667703906946,11.480603588679596,7.357363278613009,24.267690552014884,104.52258098217551,200.2110643387136,18.158932043737998,6.20990231859953,2.8189917981081454,10.861584592509402,25.632453938367807,25.642543367049562,7.473521894629805,18.16902147241976,36.50412795955897,52.997338723330344,0.0,2.7259954726672224,0.6646872220152202,42.31246016777635,7.377905572386037,6.136379675399212,1.263619576030273,47.639212011280414,25.632453938367807,26.287751482400157,9.94670123688259,11.816022848107936,3.4836790201233656,7.473521894629805
2016-01-01,4.520468685706679,5.480474316732118,11.245857361138032,0.4273091131226698,38.08195247170547,49.755118945966174,32.195204419664044,32.15097992635513,16.238485802577394,18.907457994153383,12.71485220204564,11.718017116870714,7.189440877282671,24.388018676306345,104.60385449952776,201.45615338239645,18.43024046346276,6.322888029444995,2.8981644271303364,11.186578295408928,25.993076839908685,26.00339210986027,7.562836376445927,18.440555733414342,37.18997040526919,52.36422910522239,0.0,2.8035780977940488,0.6749349681875672,41.82802561144964,7.613478900091024,6.237542800138595,1.239948347000931,48.43369022224144,25.993076839908685,26.855953759521856,10.000943002438797,11.673166474260704,3.5730993953179038,7.562836376445927
2016-04-01,4.447222385221825,5.436325354048498,11.54095976945336,0.3304883756699417,38.80801436448699,50.679462509610296,32.387700488175795,33.203441354506396,15.887817153137645,18.67546308721676,12.432824122573136,11.44059476791582,7.234868319300938,24.30427226769644,105.37081554633565,204.29575032778953,18.605009848917003,6.427496547347751,2.95105170016068,11.43959004905059,26.26246933603368,26.274146520717355,7.657459487116672,18.616687033600684,37.713736569767946,53.234008322706295,0.0,2.865789547097319,0.6816108978221223,42.4362038258198,7.806927451067787,6.004269413867322,1.2299629397689211,48.27551764131344,26.26246933603368,26.9981533481027,9.883547739270323,11.871448145123303,3.6326625979828027,7.657459487116672
2016-07-01,4.515494103285412,5.289853894948186,11.858761499650736,0.3393755631492244,39.16470324765111,51.36284031045108,32.480396200869556,33.330923223589885,15.783184127955865,18.208303244454097,12.200688320991048,11.267690024670456,6.940613219783643,24.39882538379101,105.51848262172373,207.37653432111838,18.78089662328275,6.529775961950049,3.026279176773557,11.713233921423047,26.512929188982014,26.526357699419336,7.7320325656992654,18.79432513372007,38.23959162084238,53.630861204726344,0.0,2.9275211366712717,0.6883315771819913,42.63164611360012,7.998623167467499,5.977836129722269,1.2022566037492168,48.26358032882542,26.512929188982014,27.155592185930193,9.805347998233598,12.198137062799962,3.7146107539555486,7.7320325656992654
2016-10-01,4.480978663580413,5.089919373490359,11.987425049290499,0.3463339483175435,40.21420497754275,52.54796397515079,32.132847275964295,31.99696019446206,15.380830355979628,17.82847414784944,11.846886166386032,10.899851692399213,6.928622455450227,24.180645163994072,106.07985728608563,207.77567986889466,18.937399692258193,6.616401717415742,3.0668781839367325,11.941127052902036,26.778450990993473,26.792469257381292,7.841051298735281,18.95141795864601,38.733596310283325,53.120303180108685,0.0,2.9856130993051164,0.6943494599798139,43.784776864663854,8.179899408985488,5.809932318908855,1.2246495813195388,47.51367763194392,26.778450990993473,26.78987619241045,9.570898037070771,12.333758997608042,3.7612276439165466,7.841051298735281
2017-01-01,4.285686722111792,4.95308007994156,11.579897680943715,0.4668340656607098,39.02516192356838,51.071893670172805,32.54257605931593,32.65427681746615,15.411618538591428,17.883262334334226,12.139993788408805,11.125931816479637,6.75733051785459,24.186725535013228,104.66593402808826,213.74265796767276,19.178033664168684,6.696557961054526,3.052191058918623,11.97998929880181,27.087174516459577,27.10063918808652,7.909140852290893,19.191498335795632,39.08062848688834,52.6375714960578,0.0,2.9642816908888987,0.6934513355854673,42.19335870113429,8.23434690429772,6.172851736538077,1.212582891236366,47.95419459790735,27.087174516459577,27.103341458470826,9.238766802053352,12.046731746604424,3.7456423945040904,7.909140852290893
2017-04-01,4.2364891417574775,4.847452571663567,11.606617807631944,0.3829742642014672,38.48731107413208,50.476903145965494,32.7231998653404,33.368908518974294,15.506838620370775,17.93936438875903,12.271787696291351,11.270349478613296,6.669014910145734,24.261379768124762,104.07147762320652,214.65681529312513,19.44556520740671,6.821700465408003,3.042943892739838,12.038093399832487,27.465626072766497,27.47845104208149,8.020060865359788,19.4583901767217,39.51654444191398,54.73407274365808,0.0,2.9482356355842327,0.6937161199987056,41.41932129727368,8.301433387093944,6.422896906949729,1.198360399951787,48.23003848571117,27.465626072766497,27.263091358794956,9.083941713421046,11.989592071833409,3.7366600127385436,8.020060865359788
2017-07-01,4.064370388971083,4.6724162051776315,11.778127768331192,0.35338156296821216,39.071061990560416,51.202571321859814,32.722376101270555,33.44805496685429,15.187739350755958,17.574545152632247,12.169767366870643,11.123368961784873,6.451176190847371,24.30127669817005,104.12241758894652,217.95106231555565,19.61330642304887,6.900146984183649,3.0214656829127904,12.038982165631294,27.692033477558443,27.703738384910675,8.078727054509576,19.625011330401097,39.74272055054197,54.5328789831914,0.0,2.9182441420239433,0.690614924036167,41.6939870037443,8.326901558682337,6.450952756607242,1.178580070325927,47.91011545202651,27.692033477558443,27.25844410043471,8.736786594148715,12.131509331299405,3.712080606948957,8.078727054509576
2017-10-01,4.1511021960875745,4.613270151830445,11.82641409769723,1.430117989200826,35.89716230222675,49.15369438912481,32.45005461871506,33.20413125899332,15.576015836233289,17.931338126578073,12.45635094281165,11.424913640145713,6.506424486432359,25.712883029709705,101.7560935002132,220.86504785525722,19.687606302871956,6.938937434421609,2.9605499561612945,11.959023187401282,27.818797821320146,27.830610915119003,8.13119151844819,19.699419396670812,39.78963410252029,54.480526312007015,1.082133292023272,2.8759618164076537,0.6844856897369518,38.118173658767184,8.313987541503037,6.811643488315268,1.192254084026581,48.026070454948346,27.818797821320146,26.953093183999595,8.76437234791802,13.256532086898057,3.6450356458982465,8.13119151844819
2018-01-01,4.135257438146237,4.572848839757556,11.741081620516718,1.4469106581270197,36.21106726091129,49.399059539555026,32.48275959434988,32.31557110828302,15.392881136202858,17.665708916911104,12.44811669576285,11.257623698056621,6.4080852188544855,25.63610897440659,102.04677627571425,217.11040131582408,19.65731648484769,6.913787715239741,2.9251024408869633,11.932374134056664,27.75167519301546,27.768134800347077,8.094358708167768,19.67377609217931,39.70050893440374,54.26006956815864,1.0666179732517116,2.845165615083376,0.6973590299319387,38.710315485809545,8.309912663237762,6.684774858299064,1.180570992928026,47.87564073055274,27.75167519301546,26.90540246519268,8.708106277903793,13.187992278643737,3.6224614708189016,8.094358708167768
2018-04-01,4.276151610774099,4.612740193437492,12.162133534218503,1.2944324333149084,35.06365995831477,48.52022592584818,32.12890177072814,31.530444326276697,16.978732526527494,19.013885293324222,13.872776872084192,12.702580915753392,6.311304377570829,27.329342839617603,102.08628266813444,219.6878155836826,19.666208183582924,6.937544847380912,2.906970303356819,11.939932496674588,27.765664611947226,27.786387697493677,8.099456428364302,19.686931269129378,39.72632019416827,54.5857491640798,0.9692573390333723,2.8205941505410452,0.7112221265996376,37.48692963654866,8.321740066718132,8.089840722315902,1.1619115809833889,49.10763429725563,27.765664611947226,26.589754623118743,8.888891804211593,13.456565967533413,3.6181924299564563,8.099456428364302
2018-07-01,4.258490782850684,4.51066002587658,12.7561009734729,1.3232586797366954,35.52713074307903,49.60649039628862,32.018560748661095,31.54947441502438,16.95241969100998,18.962729935914357,13.768898389468973,12.693928908159297,6.268801027755059,27.84825804267857,102.6625039124985,228.58343754642712,19.70743405967576,6.965699347989037,2.888767727644909,11.96183613134071,27.82886743565593,27.86290316764533,8.121433375980168,19.741469791665164,39.824739298986046,54.732370678402,0.9591066377610556,2.8012575767847365,0.725952978859767,37.60185357471346,8.347115424836035,8.183268882282716,1.1557340279911321,48.970980439671074,27.82886743565593,26.615004858469725,8.769150808727263,14.079359653209595,3.6147207065046763,8.121433375980168
2018-10-01,4.369886279514064,4.926515691107511,12.8615455868421,1.31589420661294,35.96578943732647,50.143229230781515,31.89013487847494,30.46705001040498,17.4698452762894,19.421229707598773,14.03918955981506,13.09995899677534,6.321270710823431,28.2166293532701,104.7324806109533,202.01891999791374,19.840971357165625,7.017292919971238,2.863336878468536,12.018668060180323,28.042252109165815,28.076184823242258,8.201280752000192,19.874904071242064,40.094852883422575,54.24882470091238,0.9536440785286568,2.795447547304895,0.7438664754871995,39.24367623142455,8.411464706224587,8.17344330566783,1.1839878320289539,49.359980154764344,28.042252109165815,26.60343427941291,9.296401970621575,14.17743979345504,3.6072033539557355,8.201280752000192
2019-01-01,4.432653138558897,4.999616324674586,12.835550124102388,1.4296500502093636,39.60794539494874,53.87314556926051,32.28335606964891,32.62569866803084,17.76203130032778,19.592498910551544,14.471423293355311,13.329378161768885,6.26312074878266,28.736623467667066,108.28992591750506,226.52607571193087,19.762301294075296,6.962788230167301,2.7714905549555695,11.97398112885807,27.90726425282783,27.939478769965326,8.144962958752535,19.794515811212793,39.9134598988234,54.745362738968154,0.9448928551128289,2.706748896341348,0.7450785350233994,42.14887076299286,8.4574120388791,8.3297618370943,1.1821747285852329,50.04538736997669,27.90726425282783,26.78836753254135,9.432269463233483,14.265200174311754,3.5165690899789688,8.144962958752535
2019-04-01,4.4422224234877214,4.988106797954083,13.045574765194665,1.2163601932111403,40.4441727048653,54.70610766327111,32.257612859706384,32.88655663924253,17.759991640316,19.545182344205315,14.423380421048046,13.317769216828276,6.22741312737704,28.68531537945385,108.91143342877243,229.70507251680044,19.599458602039128,6.90300158828388,2.6628640572750517,11.871625200521658,27.675241418121686,27.706749126948587,8.07578281608256,19.63096631086603,39.57837432747024,55.93435685251541,0.8511848197709517,2.608326091981386,0.7430342119880897,42.84670326645493,8.465726931258516,8.329662418874193,1.1727812277986784,50.01760450002239,27.675241418121686,26.77868306749931,9.430329221441806,14.261934958405806,3.405898269263141,8.07578281608256
2019-07-01,4.634374339088641,4.838811648165408,13.270222903342244,1.2445175294701138,41.18600898800309,55.70074942081544,32.1997464586893,33.346249380271495,17.80771998341773,19.579354972155443,14.169410002803772,13.173345644329087,6.406009327826355,28.68415043561613,110.00266102799485,228.90632946620903,19.410879989847665,6.8196313414855005,2.5786461781785484,11.77955913318544,27.377944392480952,27.410890672638715,7.967064402633289,19.443826270005427,39.19044980582416,55.634580581421034,0.8386727718817519,2.5086969200546423,0.7399214197834516,43.70881455968643,8.460991535223442,8.33453399616368,1.1474330611477894,50.00746644210703,27.377944392480952,26.824018653258292,9.473185987254048,14.51474043281236,3.3185675979619993,7.967064402633289
2019-10-01,4.7450768393893155,4.799482903032419,13.315342660404081,1.2206964441194377,42.81078785661037,57.34682696113388,31.86109452161076,33.20991170606665,17.923421812678004,19.71219269840808,14.065264571084125,13.178344973288688,6.533847725119394,28.601303675607642,111.17230545797273,241.61843198833986,19.317603979388885,6.768359607256884,2.470946236477759,11.70748458833011,27.25762481627752,27.28947148975,7.940020836888634,19.349450652861368,38.99695607808011,55.318123191869205,0.830411699296095,2.4233016068732645,0.7403656289909502,45.06297913343036,8.496172722861402,8.37886207025627,1.17166122963175,49.78451633428877,27.25762481627752,26.590289969775068,9.544559742421734,14.536039104523518,3.2113118654687094,7.940020836888634
2020-01-01,4.8138416397129244,7.003723411134481,12.678983288442009,1.343062438807829,41.2993863075066,55.321432034756434,33.29238859026539,32.16428260074245,20.673292108762578,22.417377998925517,16.978434444174077,15.859450469049655,6.557927529875862,31.000480171423916,114.84160487253641,203.9462975690384,19.876878579222783,6.8053679234719135,2.6429310808800044,12.54701323755249,27.89254727281455,27.923047570200506,8.015668693591767,19.90737887660874,40.47006080775299,56.461163760086976,0.8382680194187527,2.5971231044378142,0.7560916485380822,45.109797158524735,9.147990508134402,8.855727057915171,1.2103007701198523,53.96568069902797,27.89254727281455,27.706604536328978,11.817565050847406,14.022045727249838,3.3990227294180864,8.015668693591767
2020-04-01,5.216432601149991,7.726002992459059,12.878900515082584,1.5986451066753264,43.69400049479711,58.17154611655502,38.30852224811246,40.251212864885275,22.76466980118426,24.586224415167276,18.381446633443428,17.54823720003427,7.037987215133007,32.85899225520134,123.71766086574245,258.2305064286504,22.051778731389177,7.857331895893566,3.0504963922549204,14.294534899749411,31.434574519634477,31.466723289433634,9.382795788245298,22.083927501188334,45.761258189183046,62.14716361471558,0.9136290117240429,2.995067478808097,0.8335655829887711,46.3453685807048,10.410472924505719,9.822234207575212,1.525463892351733,61.07319204929672,31.434574519634477,32.46123336906868,12.94243559360905,14.477545621757908,3.884061975243692,9.382795788245298
2020-07-01,4.815160802730017,6.099863446561563,12.450744311007409,1.2504570650321511,39.803701722945526,53.50490309898508,35.31944009354863,37.72785519054556,20.10738428478413,21.76306993859361,15.855892058821047,15.292223482054112,6.470846456539496,29.557093434860604,112.51347560758809,255.7193091062849,20.60093381689111,7.292578942492284,2.9648204382926813,13.74449487102592,29.427918521347294,29.456676322235126,8.826984704456182,20.629691617778942,43.20117119326105,59.027004986176564,0.7599419512997987,2.904680848591239,0.7750679273921789,41.7297641994063,10.00460650534106,9.19236003549255,1.5344057619638978,55.42682437833276,29.427918521347294,30.129510175239503,10.915024249291582,13.70120137603956,3.7398883656848603,8.826984704456182
2020-10-01,4.761924397498056,5.455266259324773,12.527210967427404,1.2478766937908221,39.13970363636536,52.9147912975836,34.82076275489247,37.797082184065836,19.396910575022158,20.847467373233854,15.234031878627382,14.634986177524102,6.212481195709755,29.009119539845614,109.512448067443,279.9804447615945,20.682718703768092,7.187275120535733,3.0511763525347835,14.142366902509778,29.47182776455069,29.497914405458175,8.789109060782598,20.708805344675575,43.64028130796795,59.49567549469348,0.7467114044024299,3.0026734162357145,0.7701608340873778,40.069130278098456,10.321029715887617,9.179719918199327,1.6018339402468655,54.21767332991463,29.47182776455069,29.64352743404287,10.217190656822831,13.775087661218228,3.821337186622162,8.789109060782598
2021-01-01,4.582718304395508,5.323251176810416,12.384859587144572,1.2232181315334434,38.019100938071865,51.62717865674987,34.55524795587795,36.53456162132037,19.09213717934396,20.53554975763781,15.145091363989598,14.509418874948455,6.026130882689356,28.75316908266761,107.71483854753848,286.85306874631374,20.500853761606948,7.001975080939301,3.0482425292935327,14.27253627642712,29.11838405373611,29.143043324798878,8.617530292129164,20.525513032669714,43.415579601226,59.379198106280974,0.7273315336376158,3.0077778439340466,0.785817304328993,39.01596752903202,10.438476442804593,9.186167698138037,1.6155552111898626,53.64738513522192,29.11838405373611,29.419808001953324,9.905969481205922,13.608077718678013,3.834059833622525,8.617530292129164
2021-04-01,4.514807118755168,4.866903868357127,12.427238109722163,1.0837284709768267,36.5552005294567,50.06616711015569,33.694295156276546,35.439857338361506,19.188170959637272,20.46038101728621,15.238115370706343,14.673363840882104,5.787017176404104,28.749081951405337,104.74901194371434,296.35484587802546,20.221131017040154,6.541666707675654,3.045266091488156,14.54963936838856,28.509138720967186,28.53047908496696,8.288007703927033,20.242471381039923,43.08011845335552,60.76751451429318,0.6309421755728702,2.9966329980738045,0.7964316275405977,37.08336918945258,10.707941649359803,9.806459972524976,1.746340996251379,52.882466115913815,28.509138720967186,28.69026008584672,9.381710987112294,13.510966580698991,3.8416977190287533,8.288007703927033
2021-07-01,4.529631333779868,4.482657818908133,12.52126547493476,1.0541890096020854,35.121161110711896,48.69661559524874,33.200363631940164,34.489754636225726,18.98191082840889,20.306140070030125,14.964143243762612,14.452279494629023,5.853860575401103,28.539597728299455,103.02757826470213,289.0199189523982,20.090171424276516,6.217170636006008,3.054996551081388,14.859273210160476,28.06647657379354,28.08648744997856,7.976305149517028,20.110182300461528,42.94576066013903,62.67474141261904,0.6163533796162702,3.0059872524824542,0.8117802569192506,35.94562425844906,10.992496402159837,9.969621675720889,1.7591345135110201,52.182274460349056,28.06647657379354,28.347916358634194,9.012289152688002,13.575454484536841,3.866776808000638,7.976305149517028
2021-10-01,4.672233218514658,4.517493172509159,12.892473264964115,1.008377191817682,34.04787125886476,47.948721715646556,32.01358854920431,33.07921229325313,19.24439878568213,20.49351096769517,15.13011361567916,14.572165567167472,5.921345400527699,29.030964072460964,100.95756401552114,297.6102187840209,19.7944039961516,6.279398691643448,2.9934974471121203,14.82579959719156,27.809998919160556,27.828382876112954,8.015594923008956,19.812787953104,42.654182473304516,62.49610223788654,0.5950832379560462,2.9781808463142365,0.8163606965449219,34.54961404183987,11.015941453534518,10.054672394658311,1.7361962313655086,51.25798733488644,27.809998919160556,27.213926862444172,9.189726391023818,13.9008504567818,3.8098581436570425,8.015594923008956
2022-01-01,4.7154862064752185,4.551329180938812,13.160564670344908,1.223680316199276,34.821201776320756,49.20544676286494,31.857943991651798,30.581216919392922,19.613875454576714,20.755907549053873,15.646861685144264,14.898389248101495,5.857518300952378,30.031106671688445,102.81841428350533,281.586747606858,19.786590711241754,6.3064486826768515,3.0039986133920613,15.289145073558155,27.884854591964913,27.90159430169335,8.098263880723163,19.803330420970187,43.19073937525151,63.08514476279681,0.5847357880122184,3.0140202306590025,0.829371119523312,35.82032172207156,11.455775340642782,10.347060067162682,1.791815198046312,51.47181944622851,27.884854591964913,26.91379279507189,9.26681538741403,14.384244986544184,3.833369732915373,8.098263880723163
2022-04-01,4.8220223127436785,4.790223248727388,13.590000012012807,1.0934018647209844,35.0675629357767,49.750964812510496,30.992326489817728,27.42128307557013,19.94243462639839,21.086518913526035,15.849395974725208,15.120412313654713,5.966106599871324,30.532797851458998,103.87638573062922,236.4491249270367,19.714578793573892,6.322100337866024,3.0464247346651767,15.642578055444996,27.812048078665754,27.827889484185935,8.097469285091861,19.73042019909407,43.47046753963093,64.17743211204028,0.5041426554218005,3.0306957070217297,0.8369865508094675,37.11413845055166,11.759166769970353,10.330189064927325,1.7753689472258378,50.93476111621612,27.812048078665754,26.124643883227606,9.612245561471067,14.683401876733793,3.8834112854746436,8.097469285091861
2022-07-01,4.86433642251444,4.647634320798663,13.518264741895852,1.094803896055007,37.05884182219626,51.67191046014711,30.475162331501764,25.886240684049653,19.678851382941335,20.97891173995017,15.571305142952324,14.814514960426898,6.164396779523273,30.184373780903183,105.35366706416194,226.1110160162463,19.647300695786097,6.36897951968732,3.089573158293821,16.135620527868994,27.769769889332036,27.786548201430033,8.122469193545937,19.664079007884094,43.922168729299024,62.87341307827559,0.4951961994839299,3.0610142482050575,0.8482449249888027,39.28652435475914,12.197802444586369,10.166880639628234,1.753489673858617,50.1540137144431,27.769769889332036,25.672442813761005,9.511970743313103,14.61306863795086,3.9378180832826235,8.122469193545937
2022-10-01,4.885406102435462,4.696682090935169,13.448244738393337,0.9934699187862833,38.927961283561174,53.36967594074079,29.963742801049005,25.871034402763165,19.33902308261413,20.63262081110329,15.192567205015495,14.45361698017867,6.179003830924621,29.634281862195117,105.49597806591142,231.93298625580937,19.606492444138286,6.410915844105304,3.1109687387468905,16.57151229487149,27.78996043169598,27.806074576095703,8.183467987557696,19.622606588538,44.377586870967185,60.24072392157828,0.4866336950125863,3.090732545338705,0.8592377493507679,40.4578997965795,12.601305806773826,9.7569348892435,1.7725521434523925,49.302765883663135,27.78996043169598,25.211188617519,9.58208819337063,14.441714657179618,3.9702064880976584,8.183467987557696
2023-01-01,4.8827951360825415,4.666368162782711,12.788069101869842,1.1090929846715691,38.65777948229885,52.55494156884026,30.08927617250236,26.51247909070853,19.12321214721098,20.39805172652887,14.99947044581468,14.240417011128443,6.157634715400426,28.896632532356094,104.33504799432227,244.08931202830888,19.517703325891105,6.344651828522808,3.1039826855476327,16.63622543053565,27.613922345820864,27.6295568027208,8.096219019929753,19.533337782791047,44.26578223325645,58.17381518187121,0.4789290260815652,3.0765607242931816,0.861846215476684,39.950558008749624,12.670396529511335,9.574048848345731,1.7515671914069462,49.212488319713344,27.613922345820864,25.33914015788114,9.54916329886525,13.897162086541412,3.9658289010243166,8.096219019929753
2023-04-01,4.841480136731453,4.579552969232145,12.710488505877962,0.9128858776093596,38.84106452964733,52.46443891313466,29.840406515451495,26.490179962238397,18.907008005991152,20.158841312218357,14.767339256857381,14.0655278692597,6.093313442958656,28.3907136403447,103.57137978820066,257.5368559888671,19.505274585699656,6.256460167739894,3.0991794765135556,16.605276898675104,27.451842303155317,27.46702780651796,7.946567717455662,19.520460089062304,44.07230470519307,58.60696955960402,0.3554114428176922,3.0608824310938205,0.8605762077146655,39.94875757704348,12.64552121444688,9.485974900027555,1.690107549715768,48.74741452144265,27.451842303155317,25.15631798349337,9.421033105963597,13.623374383487322,3.9597556842282207,7.946567717455662
2023-07-01,4.7881168048981655,4.430811732549877,12.9014734391609,0.909731680803035,38.307523139999695,52.11872825996363,29.361037485496215,25.283351003123357,18.539999914901824,19.720207924163365,14.478260401634072,13.75188311000366,5.968324814159707,28.289465521598007,102.7528079984562,244.78588279900202,19.308994230021874,6.073868005649518,3.054602600993568,16.374154797229103,27.049717393605917,27.064888467577436,7.740723163584044,19.32416530399339,43.439043264806536,57.537633506255446,0.34888106804074714,3.013473007806113,0.8488829094508568,39.860361044386316,12.470669286784679,9.321071377453782,1.666855157934527,47.90103740039804,27.049717393605917,24.706174412573194,9.218928537448043,13.811205119963935,3.9034855104444244,7.740723163584044
2023-10-01,4.803355780144211,4.399817832066596,12.54451758027636,0.841266839658116,38.38370734220385,51.76949176213832,29.10630315962838,26.39643676299301,18.344266366073793,19.489788428561972,14.311166281531163,13.54091058592958,5.948877842632393,27.69695070146564,101.26186315303687,261.54756090997313,19.197933828031815,6.019892520636576,3.020581675767583,16.30210757216489,26.878580308624596,26.89574469235519,7.680646480592779,19.215098211762413,43.19785226452008,55.183649187561336,0.3448214078915242,2.9929956804204494,0.8458079623869229,39.279987144912035,12.435717934010384,9.141092753862985,1.660753959956203,47.45056952570217,26.878580308624596,24.453917623044195,9.203173612210806,13.385784419934478,3.8663896381545064,7.680646480592779
2024-01-01,4.779568551207727,4.391765545282888,12.071686942901094,0.9267725004435953,37.77656139663442,50.77502083997911,29.224611637150538,26.631122919665962,18.27469392978336,19.433529873058927,14.306931694442184,13.495125378575631,5.938404494483296,27.30539113778687,99.86515893320409,277.94308698738814,19.142599886829505,5.920440591447708,3.0052051649260627,16.21316312506094,26.703474617812024,26.720621027010523,7.560874730982517,19.159746296028004,42.93378415207146,53.78563753462166,0.34088095581379435,2.9747063563883946,0.8435628072305165,38.20855797964992,12.364395152904361,9.103359833292744,1.640434139534809,47.4993055669339,26.703474617812024,24.537814662199146,9.171334096490614,12.99845944334469,3.848767972156579,7.560874730982517
2024-04-01,4.737093938341881,4.3891599855173125,12.154670580548851,0.7092912036835046,37.034455383197425,49.89841716742978,29.022590221621925,26.351967352333556,18.27493974679559,19.540406953040925,14.268083560392125,13.537845808453708,6.00256114458722,27.132045344624483,98.78550341709953,280.5949116085302,18.999604848433215,5.869448208367081,2.9740307603404026,16.122835273490995,26.513780988433076,26.53145700784727,7.514176139999863,19.017280867847408,42.65429228133827,53.33044258560773,0.18681646722644057,2.949841253561654,0.8393231569915187,37.35854445820433,12.309481356159074,9.148685822936395,1.6447279316327823,47.297529968417514,26.513780988433076,24.433790125236097,9.126253923859194,12.863961784232355,3.8133539173319213,7.514176139999863
2024-07-01,4.725538941152304,4.286334251055169,12.182251835698992,0.711692296358723,36.531398866393275,49.425342998450986,29.014130900944934,27.372560137537764,18.10336874518169,19.412165768383186,14.031598526552283,13.377829804029384,6.034335964353802,26.925542658609995,97.79833908620124,291.4122676240005,18.912392390323255,5.79856335919826,2.9571558915883123,16.12815274965571,26.35405162377667,26.37155976014092,7.441659233453415,18.929900526687497,42.49971250979662,52.99709813618519,0.18453841260607606,2.9336698653824147,0.838320752190117,36.47810168908069,12.33267610587728,9.091495552974214,1.6430958742551554,47.117499646126625,26.35405162377667,24.510141544584606,9.011873192207473,12.893944132057714,3.7954766437784295,7.441659233453415
2024-10-01,4.736413139287678,3.89683185200955,12.126677069979866,0.684265006729946,36.65049739159081,49.461439468300625,28.60294004844054,26.58199822203466,17.626214411423764,18.957504986565677,13.55135725287937,12.889801272136086,6.067703714429591,26.362299329589185,97.09708334017407,294.7042147683087,18.8627831159502,5.75997790865952,2.935382156236484,16.152856169709295,26.28114568146322,26.298037832497144,7.418362565513016,18.87967526698413,42.45089400220644,52.36715186154801,0.1823719823236979,2.9217601049446333,0.8389891704524015,36.72569622845805,12.37848484302041,8.992969420126535,1.6583846568534966,46.229154459864304,26.28114568146322,24.14050542015668,8.633244991297229,12.81094207670981,3.7743713266888856,7.418362565513016
