name,color,value
HE Revolving,gray,-0.7192690054952866
Credit Card,red,-0.5171959023066988
Student Loan,green!80!blue,-0.4538725136893067
Auto Loan,blue!60!cyan,0.1855791937639264
Total,gray,2.54386544771738
Mortgage,gray,4.02830822217318
