name,color,value
Student Loan,green!80!blue,-0.7301588129109842
HE Revolving,gray,-0.5888324188978125
Credit Card,red,-0.41998571383378724
Auto Loan,blue!60!cyan,0.10958679951946237
Total,gray,3.2841168710417605
Mortgage,gray,4.860838210449877
