name,color,value
Student Loan,green!80!blue,-1.3668283316953769
Total,gray,-0.9204488413544141
HE Revolving,gray,-0.7242386985640945
Auto Loan,blue!60!cyan,-0.2576568674741644
Credit Card,red,-0.1213558200948226
Mortgage,gray,1.5663987316517094
