name,color,value
Student Loan,green!80!blue,-1.003017141092652
HE Revolving,gray,-0.7800283577391385
Credit Card,red,-0.2120998751842338
Auto Loan,blue!60!cyan,0.05560976250285332
Total,gray,2.4689302989730777
Mortgage,gray,4.294071690448469
