name,color,value
Student Loan,green!80!blue,-1.0061651111364558
HE Revolving,gray,-0.5795519051223303
Credit Card,red,-0.317125993999424
Auto Loan,blue!60!cyan,-0.09324971442107355
Total,gray,1.303901443858308
Mortgage,gray,3.245967582639466
