name,color,value
Student Loan,green!80!blue,-1.5951574472632464
Total,gray,-1.2127366006360916
HE Revolving,gray,-0.5221980334656902
Auto Loan,blue!60!cyan,-0.34967194512523303
Credit Card,red,-0.02510866642252374
Mortgage,gray,1.243882065958033
