name,color,value
Student Loan,green!80!blue,-0.734919697829179
HE Revolving,gray,-0.5898353388555004
Credit Card,red,-0.42292880632867025
Auto Loan,blue!60!cyan,0.104954264476806
Total,gray,3.2336753699555203
Mortgage,gray,4.8252494763560705
