name,color,value
Student Loan,green!80!blue,-1.1913775552916501
HE Revolving,gray,-0.7416072267991225
Credit Card,red,-0.14906330301288584
Auto Loan,blue!60!cyan,-0.014474398040650982
Total,gray,0.6365446951756155
Mortgage,gray,2.6146949082119306
