name,color,value
Student Loan,green!80!blue,-1.3670128855123371
Total,gray,-0.9224445386959133
HE Revolving,gray,-0.7242789795410298
Auto Loan,blue!60!cyan,-0.2578409596180382
Credit Card,red,-0.12148035641033328
Mortgage,gray,1.5649975538293717
