name,color,value
HE Revolving,gray,-0.8423720708863678
Credit Card,red,-0.7651781961321538
Student Loan,green!80!blue,-0.4988547332661799
Auto Loan,blue!60!cyan,0.003027951052866129
Total,gray,0.4490792707380393
Mortgage,gray,2.7041222745153064
