name,color,value
Total,gray,-1.728025546440719
Student Loan,green!80!blue,-1.4261032719880147
HE Revolving,gray,-0.7991614857920224
Credit Card,red,-0.2945329283786533
Auto Loan,blue!60!cyan,-0.23472301479104907
Mortgage,gray,0.9797879920368189
