name,color,value
Student Loan,green!80!blue,-1.5852759427537073
Total,gray,-1.1031603183412955
HE Revolving,gray,-0.5198686004277047
Auto Loan,blue!60!cyan,-0.3396603393024016
Credit Card,red,-0.018200906216796042
Mortgage,gray,1.3209639964330648
