name,color,value
Student Loan,green!80!blue,-1.3531792032810817
Total,gray,-0.7728521688018333
HE Revolving,gray,-0.7212596205049393
Auto Loan,blue!60!cyan,-0.24404188322100584
Credit Card,red,-0.1121454326282656
Mortgage,gray,1.6700262607008298
