name,color,value
HE Revolving,gray,-0.6776917359940982
Student Loan,green!80!blue,-0.6532965918551152
Credit Card,red,-0.38795561482436014
Auto Loan,blue!60!cyan,0.19016120492334565
Total,gray,3.818419891495779
Mortgage,gray,5.294049367453816
