name,BASICWGT
No High School Diploma,19.971909333333333
High School Diploma,62.77642133333333
Some College or Associate Degree,56.894058666666666
Bachelor's Degree,52.313349333333335
Advanced Degree,31.603842666666665
