name,BASICWGT
No High School Diploma,20.837818666666667
High School Diploma,62.18506133333333
Some College or Associate Degree,57.656298666666665
Bachelor's Degree,50.887253333333334
Advanced Degree,30.482178666666666
