name,BASICWGT
No High School Diploma,19.764290666666668
High School Diploma,63.83074666666667
Some College or Associate Degree,56.472453333333334
Bachelor's Degree,53.060938666666665
Advanced Degree,32.58142933333333
