name,BASICWGT
No High School Diploma,20.176510666666665
High School Diploma,63.052629333333336
Some College or Associate Degree,56.829290666666665
Bachelor's Degree,52.191557333333336
Advanced Degree,31.631485333333334
