group,Total,Composition,Value
Bachelor's degree or more,0.14399973998502347,0.0,0.14399973998502347
High school degree or less,1.8383133249598727,0.0,1.8383133249598727
Some college or associate degree,0.9137490395503489,0.0,0.9137490395503489
Any education level,2.743499949961814,3.3619487004649673,-0.6184487505031533
