group,Total,Composition,Value
Bachelor's degree or more,-2.4023367824490216,0.0,-2.4023367824490216
High school degree or less,0.43379746307277145,0.0,0.43379746307277145
Some college or associate degree,0.3408362497820949,0.0,0.3408362497820949
Any education level,1.2748857499347954,1.9183442049346189,-0.6434584549998235
