group,Total,Composition,Value
Bachelor's degree or more,2.951359579898871,0.0,2.951359579898871
High school degree or less,3.577836622395103,0.0,3.577836622395103
Some college or associate degree,-0.46892114775598515,0.0,-0.46892114775598515
Any education level,5.4598158388937446,3.2473186145391963,2.212497224354548
