group,Total,Composition,Value
Bachelor's degree or more,-2.3399842444655206,0.0,-2.3399842444655206
High school degree or less,1.9148002897040106,0.0,1.9148002897040106
Some college or associate degree,3.1328840476701814,0.0,3.1328840476701814
Any education level,1.4739592749406283,0.572989622681086,0.9009696522595423
