group,Total,Composition,Value
Bachelor's degree or more,2.905917741594588,0.0,2.905917741594588
High school degree or less,0.7615093284840446,0.0,0.7615093284840446
Some college or associate degree,-3.1924485758669685,0.0,-3.1924485758669685
Any education level,1.0530253302435622,1.6340411684183653,-0.5810158381748032
