group,Total,Composition,Value
Bachelor's degree or more,-2.4986493688043954,0.0,-2.4986493688043954
High school degree or less,2.848660174745965,0.0,2.848660174745965
Some college or associate degree,-0.5365576555177554,0.0,-0.5365576555177554
Any education level,0.9188507720779393,1.0644404893475068,-0.1455897172695675
