group,Total,Composition,Value
Bachelor's degree or more,-0.469915273212862,0.0,-0.469915273212862
High school degree or less,0.2875925812079183,0.0,0.2875925812079183
Some college or associate degree,-3.421652546988352,0.0,-3.421652546988352
Any education level,0.8242871868349599,2.3375050550933585,-1.5132178682583985
