group,Total,Composition,Value
Bachelor's degree or more,0.6893771059175879,0.0,0.6893771059175879
High school degree or less,1.872158071201513,0.0,1.872158071201513
Some college or associate degree,1.9512499018903728,0.0,1.9512499018903728
Any education level,0.5255500674344438,0.8549806717740971,-0.3294306043396533
