group,Total,Composition,Value
Bachelor's degree or more,-2.2815545492776867,0.0,-2.2815545492776867
High school degree or less,1.9889668076878309,0.0,1.9889668076878309
Some college or associate degree,3.2990425255485345,0.0,3.2990425255485345
Any education level,1.5255518910382238,2.1281862115251737,-0.60263432048695
