date,spx,ndq,dji
1989-01-03,275.30999755859375,378.6000061035156,
1989-01-04,279.42999267578125,382.79998779296875,
1989-01-05,280.010009765625,383.79998779296875,
1989-01-06,280.6700134277344,384.70001220703125,
1989-01-09,280.9800109863281,385.29998779296875,
1989-01-10,280.3800048828125,384.6000061035156,
1989-01-11,282.010009765625,385.29998779296875,
1989-01-12,283.1700134277344,387.0,
1989-01-13,283.8699951171875,387.1000061035156,
1989-01-16,284.1400146484375,387.3999938964844,
1989-01-17,283.54998779296875,386.1000061035156,
1989-01-18,286.5299987792969,388.8999938964844,
1989-01-19,286.9100036621094,391.1000061035156,
1989-01-20,286.6300048828125,391.70001220703125,
1989-01-23,284.5,390.0,
1989-01-24,288.489990234375,392.0,
1989-01-25,289.1400146484375,394.0,
1989-01-26,291.69000244140625,397.1000061035156,
1989-01-27,293.82000732421875,398.0,
1989-01-30,294.989990234375,399.20001220703125,
1989-01-31,297.4700012207031,401.29998779296875,
1989-02-01,297.0899963378906,403.20001220703125,
1989-02-02,296.8399963378906,405.20001220703125,
1989-02-03,296.9700012207031,406.3999938964844,
1989-02-06,296.0400085449219,406.0,
1989-02-07,299.6300048828125,409.20001220703125,
1989-02-08,298.6499938964844,408.0,
1989-02-09,296.05999755859375,406.3999938964844,
1989-02-10,292.0199890136719,402.3999938964844,
1989-02-13,292.5400085449219,401.29998779296875,
1989-02-14,291.80999755859375,402.0,
1989-02-15,294.239990234375,404.20001220703125,
1989-02-16,294.80999755859375,405.70001220703125,
1989-02-17,296.760009765625,407.20001220703125,
1989-02-21,295.9800109863281,406.3999938964844,
1989-02-22,290.9100036621094,402.5,
1989-02-23,292.04998779296875,403.1000061035156,
1989-02-24,287.1300048828125,400.0,
1989-02-27,287.82000732421875,398.8999938964844,
1989-02-28,288.8599853515625,399.70001220703125,
1989-03-01,287.1099853515625,399.79998779296875,
1989-03-02,289.95001220703125,402.5,
1989-03-03,291.17999267578125,404.0,
1989-03-06,294.80999755859375,406.29998779296875,
1989-03-07,293.8699951171875,406.20001220703125,
1989-03-08,294.0799865722656,406.3999938964844,
1989-03-09,293.92999267578125,405.70001220703125,
1989-03-10,292.8800048828125,405.8999938964844,
1989-03-13,295.32000732421875,406.6000061035156,
1989-03-14,295.1400146484375,406.0,
1989-03-15,296.6700134277344,407.0,
1989-03-16,299.44000244140625,409.5,
1989-03-17,292.69000244140625,402.20001220703125,
1989-03-20,289.9200134277344,398.5,
1989-03-21,291.3299865722656,401.79998779296875,
1989-03-22,290.489990234375,400.6000061035156,
1989-03-23,288.9800109863281,400.8999938964844,
1989-03-27,290.57000732421875,400.6000061035156,
1989-03-28,291.5899963378906,402.6000061035156,
1989-03-29,292.3500061035156,403.70001220703125,
1989-03-30,292.5199890136719,404.6000061035156,
1989-03-31,294.8699951171875,406.70001220703125,
1989-04-03,296.3900146484375,407.70001220703125,
1989-04-04,295.30999755859375,407.20001220703125,
1989-04-05,296.239990234375,408.29998779296875,
1989-04-06,295.2900085449219,408.20001220703125,
1989-04-07,297.1600036621094,410.70001220703125,
1989-04-10,297.1099853515625,411.1000061035156,
1989-04-11,298.489990234375,413.5,
1989-04-12,298.989990234375,415.70001220703125,
1989-04-13,296.3999938964844,413.8999938964844,
1989-04-14,301.3599853515625,417.70001220703125,
1989-04-17,301.7200012207031,417.79998779296875,
1989-04-18,306.0199890136719,420.70001220703125,
1989-04-19,307.1499938964844,421.8999938964844,
1989-04-20,306.19000244140625,421.5,
1989-04-21,309.6099853515625,423.79998779296875,
1989-04-24,308.69000244140625,423.20001220703125,
1989-04-25,306.75,422.70001220703125,
1989-04-26,306.92999267578125,423.3999938964844,
1989-04-27,309.5799865722656,426.20001220703125,
1989-04-28,309.6400146484375,427.6000061035156,
1989-05-01,309.1199951171875,427.5,
1989-05-02,308.1199951171875,428.0,
1989-05-03,308.1600036621094,428.79998779296875,
1989-05-04,307.7699890136719,429.20001220703125,
1989-05-05,307.6099853515625,430.70001220703125,
1989-05-08,306.0,429.29998779296875,
1989-05-09,305.19000244140625,429.0,
1989-05-10,305.79998779296875,429.6000061035156,
1989-05-11,306.95001220703125,430.6000061035156,
1989-05-12,313.8399963378906,434.79998779296875,
1989-05-15,316.1600036621094,436.20001220703125,
1989-05-16,315.2799987792969,435.70001220703125,
1989-05-17,317.4800109863281,438.5,
1989-05-18,317.9700012207031,439.79998779296875,
1989-05-19,321.239990234375,442.1000061035156,
1989-05-22,321.9800109863281,441.79998779296875,
1989-05-23,318.32000732421875,440.20001220703125,
1989-05-24,319.1400146484375,441.5,
1989-05-25,319.1700134277344,442.8999938964844,
1989-05-26,321.5899963378906,445.20001220703125,
1989-05-30,319.04998779296875,444.20001220703125,
1989-05-31,320.5199890136719,446.20001220703125,
1989-06-01,321.9700012207031,448.29998779296875,
1989-06-02,325.5199890136719,451.6000061035156,
1989-06-05,322.0299987792969,447.79998779296875,
1989-06-06,324.239990234375,448.0,
1989-06-07,326.95001220703125,453.20001220703125,
1989-06-08,326.75,454.0,
1989-06-09,326.69000244140625,453.70001220703125,
1989-06-12,326.239990234375,453.3999938964844,
1989-06-13,323.9100036621094,450.70001220703125,
1989-06-14,323.8299865722656,450.6000061035156,
1989-06-15,320.0799865722656,447.1000061035156,
1989-06-16,321.3500061035156,447.20001220703125,
1989-06-19,321.8900146484375,446.1000061035156,
1989-06-20,321.25,444.6000061035156,
1989-06-21,320.4800109863281,443.8999938964844,
1989-06-22,322.32000732421875,445.29998779296875,
1989-06-23,328.0,448.3999938964844,
1989-06-26,326.6000061035156,447.29998779296875,
1989-06-27,328.44000244140625,448.6000061035156,
1989-06-28,325.80999755859375,444.8999938964844,
1989-06-29,319.67999267578125,437.8999938964844,
1989-06-30,317.9800109863281,435.29998779296875,
1989-07-03,319.2300109863281,436.0,
1989-07-05,320.6400146484375,436.8999938964844,
1989-07-06,321.54998779296875,439.6000061035156,
1989-07-07,324.9100036621094,442.3999938964844,
1989-07-10,327.07000732421875,442.70001220703125,
1989-07-11,328.7799987792969,444.5,
1989-07-12,329.80999755859375,446.79998779296875,
1989-07-13,329.95001220703125,447.8999938964844,
1989-07-14,331.8399963378906,448.8999938964844,
1989-07-17,332.44000244140625,449.8999938964844,
1989-07-18,331.3500061035156,447.8999938964844,
1989-07-19,335.7300109863281,451.20001220703125,
1989-07-20,333.510009765625,449.20001220703125,
1989-07-21,335.8999938964844,449.29998779296875,
1989-07-24,333.6700134277344,446.0,
1989-07-25,333.8800048828125,446.5,
1989-07-26,338.04998779296875,449.1000061035156,
1989-07-27,341.989990234375,452.5,
1989-07-28,342.1499938964844,452.79998779296875,
1989-07-31,346.0799865722656,453.79998779296875,
1989-08-01,343.75,453.29998779296875,
1989-08-02,344.3399963378906,454.1000061035156,
1989-08-03,344.739990234375,456.8999938964844,
1989-08-04,343.9200134277344,457.3999938964844,
1989-08-07,349.4100036621094,461.70001220703125,
1989-08-08,349.3500061035156,463.29998779296875,
1989-08-09,346.94000244140625,462.3999938964844,
1989-08-10,348.25,463.6000061035156,
1989-08-11,344.739990234375,462.5,
1989-08-14,343.05999755859375,460.0,
1989-08-15,344.7099914550781,460.8999938964844,
1989-08-16,345.6600036621094,460.79998779296875,
1989-08-17,344.45001220703125,460.79998779296875,
1989-08-18,346.0299987792969,462.0,
1989-08-21,340.6700134277344,458.29998779296875,
1989-08-22,341.19000244140625,458.3999938964844,
1989-08-23,344.70001220703125,461.70001220703125,
1989-08-24,351.5199890136719,465.8999938964844,
1989-08-25,350.5199890136719,466.79998779296875,
1989-08-28,352.0899963378906,467.20001220703125,
1989-08-29,349.8399963378906,466.6000061035156,
1989-08-30,350.6499938964844,468.29998779296875,
1989-08-31,351.45001220703125,469.29998779296875,
1989-09-01,353.7300109863281,471.29998779296875,
1989-09-05,352.55999755859375,471.3999938964844,
1989-09-06,349.239990234375,469.29998779296875,
1989-09-07,348.3500061035156,469.70001220703125,
1989-09-08,348.760009765625,471.29998779296875,
1989-09-11,347.6600036621094,470.3999938964844,
1989-09-12,348.70001220703125,471.8999938964844,
1989-09-13,345.4599914550781,471.79998779296875,
1989-09-14,343.1600036621094,468.79998779296875,
1989-09-15,345.05999755859375,467.6000061035156,
1989-09-18,346.7300109863281,466.8999938964844,
1989-09-19,346.54998779296875,467.1000061035156,
1989-09-20,346.4700012207031,466.70001220703125,
1989-09-21,345.70001220703125,467.0,
1989-09-22,347.04998779296875,468.1000061035156,
1989-09-25,344.2300109863281,466.70001220703125,
1989-09-26,344.3299865722656,467.79998779296875,
1989-09-27,345.1000061035156,467.79998779296875,
1989-09-28,348.6000061035156,471.1000061035156,
1989-09-29,349.1499938964844,472.8999938964844,
1989-10-02,350.8699951171875,475.20001220703125,
1989-10-03,354.7099914550781,477.29998779296875,
1989-10-04,356.94000244140625,479.29998779296875,
1989-10-05,356.9700012207031,480.70001220703125,
1989-10-06,358.7799987792969,483.6000061035156,
1989-10-09,359.79998779296875,485.70001220703125,
1989-10-10,359.1300048828125,484.1000061035156,
1989-10-11,356.989990234375,482.20001220703125,
1989-10-12,355.3900146484375,482.20001220703125,
1989-10-13,333.6499938964844,467.29998779296875,
1989-10-16,342.8500061035156,461.0,
1989-10-17,341.1600036621094,459.8999938964844,
1989-10-18,341.760009765625,463.29998779296875,
1989-10-19,347.1300048828125,470.79998779296875,
1989-10-20,347.1600036621094,470.70001220703125,
1989-10-23,344.8299865722656,467.20001220703125,
1989-10-24,343.70001220703125,461.70001220703125,
1989-10-25,342.5,462.8999938964844,
1989-10-26,337.92999267578125,458.20001220703125,
1989-10-27,335.05999755859375,452.79998779296875,
1989-10-30,335.07000732421875,451.3999938964844,
1989-10-31,340.3599853515625,455.6000061035156,
1989-11-01,341.20001220703125,456.6000061035156,
1989-11-02,338.4800109863281,453.1000061035156,
1989-11-03,337.6199951171875,453.0,
1989-11-06,332.6099853515625,448.0,
1989-11-07,334.80999755859375,449.3999938964844,
1989-11-08,338.1499938964844,454.1000061035156,
1989-11-09,336.57000732421875,454.1000061035156,
1989-11-10,339.1000061035156,456.20001220703125,
1989-11-13,339.54998779296875,455.8999938964844,
1989-11-14,337.989990234375,454.0,
1989-11-15,340.5400085449219,455.79998779296875,
1989-11-16,340.5799865722656,455.29998779296875,
1989-11-17,341.6099853515625,456.70001220703125,
1989-11-20,339.3500061035156,455.70001220703125,
1989-11-21,339.5899963378906,454.1000061035156,
1989-11-22,341.9100036621094,455.1000061035156,
1989-11-24,343.9700012207031,456.6000061035156,
1989-11-27,345.6099853515625,456.20001220703125,
1989-11-28,345.7699890136719,456.70001220703125,
1989-11-29,343.6000061035156,455.79998779296875,
1989-11-30,345.989990234375,456.1000061035156,
1989-12-01,350.6300048828125,457.1000061035156,
1989-12-04,351.4100036621094,458.29998779296875,
1989-12-05,349.5799865722656,458.6000061035156,
1989-12-06,348.54998779296875,456.70001220703125,
1989-12-07,347.5899963378906,456.29998779296875,
1989-12-08,348.69000244140625,456.20001220703125,
1989-12-11,348.55999755859375,452.3999938964844,
1989-12-12,351.7300109863281,450.3999938964844,
1989-12-13,352.75,451.1000061035156,
1989-12-14,350.92999267578125,447.5,
1989-12-15,350.1400146484375,443.79998779296875,
1989-12-18,343.69000244140625,436.0,
1989-12-19,342.4599914550781,434.3999938964844,
1989-12-20,342.8399963378906,436.8999938964844,
1989-12-21,344.7799987792969,441.1000061035156,
1989-12-22,347.4200134277344,444.6000061035156,
1989-12-26,346.80999755859375,445.29998779296875,
1989-12-27,348.80999755859375,448.79998779296875,
1989-12-28,350.6700134277344,450.0,
1989-12-29,353.3999938964844,454.79998779296875,
1990-01-02,359.69000244140625,459.29998779296875,
1990-01-03,358.760009765625,460.8999938964844,
1990-01-04,355.6700134277344,459.3999938964844,
1990-01-05,352.20001220703125,458.20001220703125,
1990-01-08,353.7900085449219,458.70001220703125,
1990-01-09,349.6199951171875,456.79998779296875,
1990-01-10,347.30999755859375,450.70001220703125,
1990-01-11,348.5299987792969,448.8999938964844,
1990-01-12,339.92999267578125,439.70001220703125,
1990-01-15,337.0,436.6000061035156,
1990-01-16,340.75,440.20001220703125,
1990-01-17,337.3999938964844,438.70001220703125,
1990-01-18,338.19000244140625,437.5,
1990-01-19,339.1499938964844,440.8999938964844,
1990-01-22,330.3800048828125,431.8999938964844,
1990-01-23,331.6099853515625,430.3999938964844,
1990-01-24,330.260009765625,425.70001220703125,
1990-01-25,326.0799865722656,425.20001220703125,
1990-01-26,325.79998779296875,421.29998779296875,
1990-01-29,325.20001220703125,418.1000061035156,
1990-01-30,322.9800109863281,410.70001220703125,
1990-01-31,329.0799865722656,415.79998779296875,
1990-02-01,328.7900085449219,417.79998779296875,
1990-02-02,330.9200134277344,422.20001220703125,
1990-02-05,331.8500061035156,424.70001220703125,
1990-02-06,329.6600036621094,424.0,
1990-02-07,333.75,426.79998779296875,
1990-02-08,332.9599914550781,427.29998779296875,
1990-02-09,333.6199951171875,428.79998779296875,
1990-02-12,330.0799865722656,426.3999938964844,
1990-02-13,331.0199890136719,425.79998779296875,
1990-02-14,332.010009765625,426.6000061035156,
1990-02-15,334.8900146484375,429.6000061035156,
1990-02-16,332.7200012207031,429.0,
1990-02-20,327.989990234375,423.79998779296875,
1990-02-21,327.6700134277344,421.5,
1990-02-22,325.70001220703125,422.79998779296875,
1990-02-23,324.1499938964844,419.5,
1990-02-26,328.6700134277344,421.0,
1990-02-27,330.260009765625,422.6000061035156,
1990-02-28,331.8900146484375,425.79998779296875,
1990-03-01,332.739990234375,427.20001220703125,
1990-03-02,335.5400085449219,431.0,
1990-03-05,333.739990234375,430.20001220703125,
1990-03-06,337.92999267578125,432.29998779296875,
1990-03-07,336.95001220703125,432.5,
1990-03-08,340.2699890136719,436.5,
1990-03-09,337.92999267578125,436.79998779296875,
1990-03-12,338.6700134277344,436.6000061035156,
1990-03-13,336.0,434.6000061035156,
1990-03-14,336.8699951171875,436.20001220703125,
1990-03-15,338.07000732421875,438.1000061035156,
1990-03-16,341.9100036621094,442.20001220703125,
1990-03-19,343.5299987792969,442.8999938964844,
1990-03-20,341.57000732421875,440.1000061035156,
1990-03-21,339.739990234375,439.29998779296875,
1990-03-22,335.69000244140625,434.5,
1990-03-23,337.2200012207031,437.29998779296875,
1990-03-26,337.6300048828125,438.79998779296875,
1990-03-27,341.5,439.5,
1990-03-28,342.0,436.70001220703125,
1990-03-29,340.7900085449219,435.3999938964844,
1990-03-30,339.94000244140625,435.5,
1990-04-02,338.70001220703125,433.20001220703125,
1990-04-03,343.6400146484375,437.70001220703125,
1990-04-04,341.0899963378906,435.3999938964844,
1990-04-05,340.7300109863281,433.4200134277344,
1990-04-06,340.0799865722656,430.8999938964844,
1990-04-09,341.3699951171875,430.20001220703125,
1990-04-10,342.07000732421875,431.8999938964844,
1990-04-11,341.9200134277344,433.5,
1990-04-12,344.3399963378906,436.29998779296875,
1990-04-16,344.739990234375,436.70001220703125,
1990-04-17,344.67999267578125,435.3999938964844,
1990-04-18,340.7200012207031,431.5,
1990-04-19,338.0899963378906,429.0,
1990-04-20,335.1199951171875,425.79998779296875,
1990-04-23,331.04998779296875,420.1000061035156,
1990-04-24,330.3599853515625,419.20001220703125,
1990-04-25,332.0299987792969,420.6000061035156,
1990-04-26,332.9200134277344,421.1000061035156,
1990-04-27,329.1099853515625,418.0,
1990-04-30,330.79998779296875,420.1000061035156,
1990-05-01,332.25,421.8999938964844,
1990-05-02,334.4800109863281,423.6000061035156,
1990-05-03,335.57000732421875,425.3999938964844,
1990-05-04,338.3900146484375,428.6000061035156,
1990-05-07,340.5299987792969,431.20001220703125,
1990-05-08,342.010009765625,431.79998779296875,
1990-05-09,342.8599853515625,431.29998779296875,
1990-05-10,343.82000732421875,433.20001220703125,
1990-05-11,352.0,438.1000061035156,
1990-05-14,354.75,441.6000061035156,
1990-05-15,354.2799987792969,442.5,
1990-05-16,354.0,442.8999938964844,
1990-05-17,354.4700012207031,445.70001220703125,
1990-05-18,354.6400146484375,448.29998779296875,
1990-05-21,358.0,452.8999938964844,
1990-05-22,358.42999267578125,453.8999938964844,
1990-05-23,359.2900085449219,456.8999938964844,
1990-05-24,358.4100036621094,458.29998779296875,
1990-05-25,354.5799865722656,453.70001220703125,
1990-05-29,360.6499938964844,457.5,
1990-05-30,360.8599853515625,458.79998779296875,
1990-05-31,361.2300109863281,459.0,
1990-06-01,363.1600036621094,462.1000061035156,
1990-06-04,367.3999938964844,465.6000061035156,
1990-06-05,366.6400146484375,464.6000061035156,
1990-06-06,364.9599914550781,465.0,
1990-06-07,363.1499938964844,464.1000061035156,
1990-06-08,358.7099914550781,460.8999938964844,
1990-06-11,361.6300048828125,462.79998779296875,
1990-06-12,366.25,466.6000061035156,
1990-06-13,364.8999938964844,468.8999938964844,
1990-06-14,362.8999938964844,467.1000061035156,
1990-06-15,362.9100036621094,467.6000061035156,
1990-06-18,356.8800048828125,460.79998779296875,
1990-06-19,358.4700012207031,460.5,
1990-06-20,359.1000061035156,460.79998779296875,
1990-06-21,360.4700012207031,461.29998779296875,
1990-06-22,355.42999267578125,459.29998779296875,
1990-06-25,352.30999755859375,455.6000061035156,
1990-06-26,352.05999755859375,455.3999938964844,
1990-06-27,355.1400146484375,456.8999938964844,
1990-06-28,357.6300048828125,460.3999938964844,
1990-06-29,358.0199890136719,462.29998779296875,
1990-07-02,359.5400085449219,462.0,
1990-07-03,360.1600036621094,461.79998779296875,
1990-07-05,355.67999267578125,459.20001220703125,
1990-07-06,358.4200134277344,460.5,
1990-07-09,359.5199890136719,461.70001220703125,
1990-07-10,356.489990234375,461.0,
1990-07-11,361.2300109863281,463.8999938964844,
1990-07-12,365.44000244140625,467.20001220703125,
1990-07-13,367.30999755859375,468.3999938964844,
1990-07-16,368.95001220703125,469.6000061035156,
1990-07-17,367.5199890136719,464.5,
1990-07-18,364.2200012207031,460.79998779296875,
1990-07-19,365.32000732421875,458.20001220703125,
1990-07-20,361.6099853515625,455.29998779296875,
1990-07-23,355.30999755859375,444.6000061035156,
1990-07-24,355.7900085449219,442.6000061035156,
1990-07-25,357.0899963378906,445.5,
1990-07-26,355.9100036621094,445.3999938964844,
1990-07-27,353.44000244140625,442.6000061035156,
1990-07-30,355.54998779296875,439.3999938964844,
1990-07-31,356.1499938964844,438.20001220703125,
1990-08-01,355.5199890136719,435.8999938964844,
1990-08-02,351.4800109863281,428.8999938964844,
1990-08-03,344.8599853515625,417.5,
1990-08-06,334.42999267578125,400.0,
1990-08-07,334.8299865722656,402.1000061035156,
1990-08-08,338.3500061035156,407.70001220703125,
1990-08-09,339.94000244140625,413.0,
1990-08-10,335.5199890136719,408.0,
1990-08-13,338.8399963378906,408.29998779296875,
1990-08-14,339.3900146484375,410.29998779296875,
1990-08-15,340.05999755859375,411.5,
1990-08-16,332.3900146484375,402.29998779296875,
1990-08-17,327.8299865722656,393.5,
1990-08-20,328.510009765625,388.6000061035156,
1990-08-21,321.8599853515625,379.70001220703125,
1990-08-22,316.54998779296875,374.79998779296875,
1990-08-23,307.05999755859375,360.20001220703125,
1990-08-24,311.510009765625,367.29998779296875,
1990-08-27,321.44000244140625,381.29998779296875,
1990-08-28,321.3399963378906,382.8999938964844,
1990-08-29,324.19000244140625,381.79998779296875,
1990-08-30,318.7099914550781,378.70001220703125,
1990-08-31,322.55999755859375,381.20001220703125,
1990-09-04,323.0899963378906,381.70001220703125,
1990-09-05,324.3900146484375,382.3999938964844,
1990-09-06,320.4599914550781,378.79998779296875,
1990-09-07,323.3999938964844,380.3999938964844,
1990-09-10,321.6300048828125,381.70001220703125,
1990-09-11,321.0400085449219,379.5,
1990-09-12,322.5400085449219,380.29998779296875,
1990-09-13,318.6499938964844,376.20001220703125,
1990-09-14,316.8299865722656,374.3999938964844,
1990-09-17,317.7699890136719,374.1000061035156,
1990-09-18,318.6000061035156,372.20001220703125,
1990-09-19,316.6000061035156,371.70001220703125,
1990-09-20,311.4800109863281,364.3999938964844,
1990-09-21,311.32000732421875,362.29998779296875,
1990-09-24,304.5899963378906,352.20001220703125,
1990-09-25,308.260009765625,354.79998779296875,
1990-09-26,305.05999755859375,350.0,
1990-09-27,300.9700012207031,341.20001220703125,
1990-09-28,306.04998779296875,344.5,
1990-10-01,314.94000244140625,354.70001220703125,
1990-10-02,315.2099914550781,356.3999938964844,
1990-10-03,311.3999938964844,351.5,
1990-10-04,312.69000244140625,349.8999938964844,
1990-10-05,311.5,347.3999938964844,
1990-10-08,313.4800109863281,348.1000061035156,
1990-10-09,305.1000061035156,339.1000061035156,
1990-10-10,300.3900146484375,333.29998779296875,
1990-10-11,295.4599914550781,325.6000061035156,
1990-10-12,300.0299987792969,327.6000061035156,
1990-10-15,303.2300109863281,329.5,
1990-10-16,298.9200134277344,325.3999938964844,
1990-10-17,298.760009765625,326.79998779296875,
1990-10-18,305.739990234375,334.0,
1990-10-19,312.4800109863281,337.3999938964844,
1990-10-22,314.760009765625,341.1000061035156,
1990-10-23,312.3599853515625,341.1000061035156,
1990-10-24,312.6000061035156,341.0,
1990-10-25,310.1700134277344,339.70001220703125,
1990-10-26,304.7099914550781,334.3999938964844,
1990-10-29,301.8800048828125,330.79998779296875,
1990-10-30,304.05999755859375,329.79998779296875,
1990-10-31,304.0,329.79998779296875,
1990-11-01,307.0199890136719,330.6000061035156,
1990-11-02,311.8500061035156,336.5,
1990-11-05,314.5899963378906,340.79998779296875,
1990-11-06,311.6199951171875,340.5,
1990-11-07,306.010009765625,336.79998779296875,
1990-11-08,307.6099853515625,336.3999938964844,
1990-11-09,313.739990234375,342.0,
1990-11-12,319.4800109863281,351.5,
1990-11-13,317.6700134277344,352.8999938964844,
1990-11-14,320.3999938964844,356.8999938964844,
1990-11-15,317.0199890136719,354.5,
1990-11-16,317.1199951171875,350.8999938964844,
1990-11-19,319.3399963378906,352.70001220703125,
1990-11-20,315.30999755859375,348.29998779296875,
1990-11-21,316.0299987792969,348.79998779296875,
1990-11-23,315.1000061035156,349.0,
1990-11-26,316.510009765625,348.8999938964844,
1990-11-27,318.1000061035156,354.1000061035156,
1990-11-28,317.95001220703125,355.1000061035156,
1990-11-29,316.4200134277344,355.79998779296875,
1990-11-30,322.2200012207031,359.1000061035156,
1990-12-03,324.1000061035156,361.29998779296875,
1990-12-04,326.3500061035156,364.1000061035156,
1990-12-05,329.9200134277344,370.8999938964844,
1990-12-06,329.07000732421875,372.29998779296875,
1990-12-07,327.75,371.5,
1990-12-10,328.8900146484375,371.5,
1990-12-11,326.44000244140625,368.0,
1990-12-12,330.19000244140625,370.3999938964844,
1990-12-13,329.3399963378906,371.5,
1990-12-14,326.82000732421875,368.79998779296875,
1990-12-17,326.0199890136719,365.70001220703125,
1990-12-18,330.04998779296875,370.20001220703125,
1990-12-19,330.20001220703125,371.20001220703125,
1990-12-20,330.1199951171875,372.29998779296875,
1990-12-21,331.75,373.6000061035156,
1990-12-24,329.8999938964844,372.3999938964844,
1990-12-26,330.8500061035156,372.3999938964844,
1990-12-27,328.2900085449219,371.1000061035156,
1990-12-28,328.7200012207031,371.20001220703125,
1990-12-31,330.2200012207031,373.79998779296875,
1991-01-02,326.45001220703125,372.20001220703125,
1991-01-03,321.9100036621094,367.5,
1991-01-04,321.0,367.20001220703125,
1991-01-07,315.44000244140625,360.20001220703125,
1991-01-08,314.8999938964844,359.0,
1991-01-09,311.489990234375,357.5,
1991-01-10,314.5299987792969,361.8999938964844,
1991-01-11,315.2300109863281,361.79998779296875,
1991-01-14,312.489990234375,355.79998779296875,
1991-01-15,313.7300109863281,357.29998779296875,
1991-01-16,316.1700134277344,365.20001220703125,
1991-01-17,327.9700012207031,375.79998779296875,
1991-01-18,332.2300109863281,377.0,
1991-01-21,331.05999755859375,379.70001220703125,
1991-01-22,328.30999755859375,379.0,
1991-01-23,330.2099914550781,383.8999938964844,
1991-01-24,334.7799987792969,391.29998779296875,
1991-01-25,336.07000732421875,394.29998779296875,
1991-01-28,336.0299987792969,396.79998779296875,
1991-01-29,335.8399963378906,400.6000061035156,
1991-01-30,340.9100036621094,408.5,
1991-01-31,343.92999267578125,414.20001220703125,
1991-02-01,343.04998779296875,417.70001220703125,
1991-02-04,348.3399963378906,424.79998779296875,
1991-02-05,351.260009765625,432.20001220703125,
1991-02-06,358.07000732421875,439.20001220703125,
1991-02-07,356.5199890136719,435.0,
1991-02-08,359.3500061035156,436.79998779296875,
1991-02-11,368.5799865722656,444.1000061035156,
1991-02-12,365.5,444.0,
1991-02-13,369.0199890136719,448.0,
1991-02-14,364.2200012207031,444.29998779296875,
1991-02-15,369.05999755859375,448.70001220703125,
1991-02-19,369.3900146484375,450.29998779296875,
1991-02-20,365.1400146484375,446.0,
1991-02-21,364.9700012207031,446.3999938964844,
1991-02-22,365.6499938964844,449.0,
1991-02-25,367.260009765625,451.1000061035156,
1991-02-26,362.80999755859375,447.70001220703125,
1991-02-27,367.739990234375,450.79998779296875,
1991-02-28,367.07000732421875,453.1000061035156,
1991-03-01,370.4700012207031,456.70001220703125,
1991-03-04,369.3299865722656,461.1000061035156,
1991-03-05,376.7200012207031,473.1000061035156,
1991-03-06,376.1700134277344,473.79998779296875,
1991-03-07,375.9100036621094,475.739990234375,
1991-03-08,374.95001220703125,475.1099853515625,
1991-03-11,372.9599914550781,467.1499938964844,
1991-03-12,370.0299987792969,461.3999938964844,
1991-03-13,374.57000732421875,468.17999267578125,
1991-03-14,373.5,467.7900085449219,
1991-03-15,373.5899963378906,466.2900085449219,
1991-03-18,372.1099853515625,466.2699890136719,
1991-03-19,366.5899963378906,462.80999755859375,
1991-03-20,367.9200134277344,466.0899963378906,
1991-03-21,366.5799865722656,464.6000061035156,
1991-03-22,367.4800109863281,464.1499938964844,
1991-03-25,369.8299865722656,468.489990234375,
1991-03-26,376.29998779296875,478.57000732421875,
1991-03-27,375.3500061035156,482.3699951171875,
1991-03-28,375.2200012207031,482.29998779296875,
1991-04-01,371.29998779296875,480.8599853515625,
1991-04-02,379.5,491.20001220703125,
1991-04-03,378.94000244140625,495.04998779296875,
1991-04-04,379.7699890136719,497.57000732421875,
1991-04-05,375.3599853515625,495.7900085449219,
1991-04-08,378.6600036621094,495.6499938964844,
1991-04-09,373.55999755859375,492.4599914550781,
1991-04-10,373.1499938964844,490.760009765625,
1991-04-11,377.6300048828125,499.30999755859375,
1991-04-12,380.3999938964844,501.6199951171875,
1991-04-15,381.19000244140625,500.8399963378906,
1991-04-16,387.6199951171875,506.75,
1991-04-17,390.45001220703125,511.30999755859375,
1991-04-18,388.4599914550781,506.6199951171875,
1991-04-19,384.20001220703125,501.19000244140625,
1991-04-22,380.95001220703125,494.3800048828125,
1991-04-23,381.760009765625,496.0799865722656,
1991-04-24,382.760009765625,498.45001220703125,
1991-04-25,379.25,496.0299987792969,
1991-04-26,379.0199890136719,494.6400146484375,
1991-04-29,373.6600036621094,487.739990234375,
1991-04-30,375.3399963378906,484.7200012207031,
1991-05-01,380.2900085449219,487.8500061035156,
1991-05-02,380.5199890136719,491.1300048828125,
1991-05-03,380.79998779296875,492.1000061035156,
1991-05-06,380.0799865722656,491.4800109863281,
1991-05-07,377.32000732421875,491.510009765625,
1991-05-08,378.510009765625,492.510009765625,
1991-05-09,383.25,497.80999755859375,
1991-05-10,375.739990234375,493.4200134277344,
1991-05-13,376.760009765625,493.92999267578125,
1991-05-14,371.6199951171875,488.7900085449219,
1991-05-15,368.57000732421875,478.0799865722656,
1991-05-16,372.19000244140625,481.7699890136719,
1991-05-17,372.3900146484375,481.3800048828125,
1991-05-20,372.2799987792969,480.1000061035156,
1991-05-21,375.3500061035156,483.6000061035156,
1991-05-22,376.19000244140625,487.2900085449219,
1991-05-23,374.9599914550781,489.6000061035156,
1991-05-24,377.489990234375,492.6700134277344,
1991-05-28,381.94000244140625,497.1700134277344,
1991-05-29,382.7900085449219,499.04998779296875,
1991-05-30,386.9599914550781,503.19000244140625,
1991-05-31,389.8299865722656,506.1099853515625,
1991-06-03,388.05999755859375,507.1000061035156,
1991-06-04,387.739990234375,507.25,
1991-06-05,385.0899963378906,505.20001220703125,
1991-06-06,383.6300048828125,502.94000244140625,
1991-06-07,379.42999267578125,498.5400085449219,
1991-06-10,378.57000732421875,495.8500061035156,
1991-06-11,381.04998779296875,496.6199951171875,
1991-06-12,376.6499938964844,491.04998779296875,
1991-06-13,377.6300048828125,491.1400146484375,
1991-06-14,382.2900085449219,495.07000732421875,
1991-06-17,380.1300048828125,494.32000732421875,
1991-06-18,378.5899963378906,491.5899963378906,
1991-06-19,375.0899963378906,485.3599853515625,
1991-06-20,375.4200134277344,485.8800048828125,
1991-06-21,377.75,485.82000732421875,
1991-06-24,370.94000244140625,475.2300109863281,
1991-06-25,370.6499938964844,473.29998779296875,
1991-06-26,371.5899963378906,473.0799865722656,
1991-06-27,374.3999938964844,476.239990234375,
1991-06-28,371.1600036621094,475.9200134277344,
1991-07-01,377.9200134277344,481.30999755859375,
1991-07-02,377.4700012207031,478.7799987792969,
1991-07-03,373.3299865722656,474.32000732421875,
1991-07-05,374.0799865722656,474.04998779296875,
1991-07-08,377.94000244140625,479.510009765625,
1991-07-09,376.1099853515625,483.6400146484375,
1991-07-10,375.739990234375,487.1700134277344,
1991-07-11,376.9700012207031,488.3699951171875,
1991-07-12,380.25,492.7099914550781,
1991-07-15,382.3900146484375,496.19000244140625,
1991-07-16,381.5400085449219,493.6000061035156,
1991-07-17,381.17999267578125,493.4200134277344,
1991-07-18,385.3699951171875,496.79998779296875,
1991-07-19,384.2200012207031,497.54998779296875,
1991-07-22,382.8800048828125,494.989990234375,
1991-07-23,379.4200134277344,489.6499938964844,
1991-07-24,378.6400146484375,487.4200134277344,
1991-07-25,380.9599914550781,490.2799987792969,
1991-07-26,380.92999267578125,492.69000244140625,
1991-07-29,383.1499938964844,493.3500061035156,
1991-07-30,386.69000244140625,498.2699890136719,
1991-07-31,387.80999755859375,502.0400085449219,
1991-08-01,387.1199951171875,504.1499938964844,
1991-08-02,387.17999267578125,505.6700134277344,
1991-08-05,385.05999755859375,502.6099853515625,
1991-08-06,390.6199951171875,505.20001220703125,
1991-08-07,390.55999755859375,507.4599914550781,
1991-08-08,389.32000732421875,509.3900146484375,
1991-08-09,387.1199951171875,508.30999755859375,
1991-08-12,388.0199890136719,510.0,
1991-08-13,389.6199951171875,514.4000244140625,
1991-08-14,389.8999938964844,517.6799926757812,
1991-08-15,389.3299865722656,515.6699829101562,
1991-08-16,385.5799865722656,512.469970703125,
1991-08-19,376.4700012207031,497.6400146484375,
1991-08-20,379.42999267578125,502.04998779296875,
1991-08-21,390.5899963378906,517.969970703125,
1991-08-22,391.3299865722656,518.2999877929688,
1991-08-23,394.1700134277344,521.0599975585938,
1991-08-26,393.8500061035156,521.3800048828125,
1991-08-27,393.05999755859375,521.75,
1991-08-28,396.6400146484375,526.2899780273438,
1991-08-29,396.4700012207031,526.3900146484375,
1991-08-30,395.42999267578125,525.6799926757812,
1991-09-03,392.1499938964844,520.9099731445312,
1991-09-04,389.9700012207031,517.9199829101562,
1991-09-05,389.1400146484375,516.9299926757812,
1991-09-06,389.1000061035156,516.9400024414062,
1991-09-09,388.57000732421875,518.0700073242188,
1991-09-10,384.55999755859375,511.2799987792969,
1991-09-11,385.0899963378906,514.760009765625,
1991-09-12,387.3399963378906,521.1300048828125,
1991-09-13,383.5899963378906,516.7100219726562,
1991-09-16,385.7799987792969,515.6799926757812,
1991-09-17,385.5,515.1699829101562,
1991-09-18,386.94000244140625,518.5499877929688,
1991-09-19,387.55999755859375,522.6699829101562,
1991-09-20,387.9200134277344,527.1900024414062,
1991-09-23,385.9200134277344,524.6900024414062,
1991-09-24,387.7099914550781,526.469970703125,
1991-09-25,386.8800048828125,527.8200073242188,
1991-09-26,386.489990234375,526.9400024414062,
1991-09-27,385.8999938964844,524.47998046875,
1991-09-30,387.8599853515625,526.8800048828125,
1991-10-01,389.20001220703125,528.510009765625,
1991-10-02,388.260009765625,526.3300170898438,
1991-10-03,384.4700012207031,520.510009765625,
1991-10-04,381.25,520.4000244140625,
1991-10-07,379.5,516.2000122070312,
1991-10-08,380.6700134277344,517.25,
1991-10-09,376.79998779296875,513.8099975585938,
1991-10-10,380.54998779296875,515.9400024414062,
1991-10-11,381.45001220703125,519.0499877929688,
1991-10-14,386.4700012207031,525.6599731445312,
1991-10-15,391.010009765625,534.1099853515625,
1991-10-16,392.79998779296875,540.9400024414062,
1991-10-17,391.9200134277344,536.27001953125,
1991-10-18,392.5,538.9000244140625,
1991-10-21,390.0199890136719,536.9600219726562,
1991-10-22,387.8299865722656,537.1400146484375,
1991-10-23,387.94000244140625,535.1699829101562,
1991-10-24,385.07000732421875,528.75,
1991-10-25,384.20001220703125,525.1300048828125,
1991-10-28,389.5199890136719,529.4099731445312,
1991-10-29,391.4800109863281,534.510009765625,
1991-10-30,392.9599914550781,541.3200073242188,
1991-10-31,392.45001220703125,542.97998046875,
1991-11-01,391.32000732421875,540.9299926757812,
1991-11-04,390.2799987792969,537.5,
1991-11-05,388.7099914550781,538.8200073242188,
1991-11-06,389.9700012207031,539.47998046875,
1991-11-07,393.7200012207031,545.280029296875,
1991-11-08,392.8900146484375,548.0800170898438,
1991-11-11,393.1199951171875,550.7100219726562,
1991-11-12,396.739990234375,555.6799926757812,
1991-11-13,397.4100036621094,556.1699829101562,
1991-11-14,397.1499938964844,554.8400268554688,
1991-11-15,382.6199951171875,531.2899780273438,
1991-11-18,385.239990234375,534.72998046875,
1991-11-19,379.4200134277344,523.469970703125,
1991-11-20,378.5299987792969,526.1199951171875,
1991-11-21,380.05999755859375,530.3300170898438,
1991-11-22,376.1400146484375,526.4600219726562,
1991-11-25,375.3399963378906,522.8800048828125,
1991-11-26,377.9599914550781,522.22998046875,
1991-11-27,376.54998779296875,522.780029296875,
1991-11-29,375.2200012207031,523.9000244140625,
1991-12-02,381.3999938964844,530.9099731445312,
1991-12-03,380.9599914550781,533.3400268554688,
1991-12-04,380.07000732421875,535.280029296875,
1991-12-05,377.3900146484375,534.030029296875,
1991-12-06,379.1000061035156,536.2999877929688,
1991-12-09,378.260009765625,535.3499755859375,
1991-12-10,377.8999938964844,534.22998046875,
1991-12-11,377.70001220703125,531.6400146484375,
1991-12-12,381.54998779296875,536.02001953125,
1991-12-13,384.4700012207031,540.9000244140625,
1991-12-16,384.4599914550781,543.72998046875,
1991-12-17,382.739990234375,539.7000122070312,
1991-12-18,383.4800109863281,539.8400268554688,
1991-12-19,382.5199890136719,534.530029296875,
1991-12-20,387.0400085449219,535.760009765625,
1991-12-23,396.82000732421875,543.9000244140625,
1991-12-24,399.3299865722656,549.5599975585938,
1991-12-26,404.8399963378906,559.2999877929688,
1991-12-27,406.4599914550781,565.7100219726562,
1991-12-30,415.1400146484375,579.75,
1991-12-31,417.0899963378906,586.3400268554688,
1992-01-02,417.260009765625,586.4500122070312,3172.39990234375
1992-01-03,419.3399963378906,592.6500244140625,3201.5
1992-01-06,417.9599914550781,597.9000244140625,3200.10009765625
1992-01-07,417.3999938964844,602.2899780273438,3204.800048828125
1992-01-08,418.1000061035156,610.3200073242188,3203.89990234375
1992-01-09,417.6099853515625,619.7999877929688,3209.5
1992-01-10,415.1000061035156,615.7000122070312,3199.5
1992-01-13,414.3399963378906,617.6300048828125,3185.60009765625
1992-01-14,420.44000244140625,625.75,3246.199951171875
1992-01-15,420.7699890136719,630.8200073242188,3258.5
1992-01-16,418.2099914550781,627.3400268554688,3249.60009765625
1992-01-17,418.8599853515625,626.8499755859375,3265.0
1992-01-20,416.3599853515625,619.3800048828125,3254.0
1992-01-21,412.6400146484375,604.8699951171875,3223.39990234375
1992-01-22,418.1300048828125,620.6799926757812,3255.800048828125
1992-01-23,414.9599914550781,622.8599853515625,3226.699951171875
1992-01-24,415.4800109863281,624.6799926757812,3232.800048828125
1992-01-27,414.989990234375,621.0,3240.60009765625
1992-01-28,414.9599914550781,621.2899780273438,3272.10009765625
1992-01-29,410.3399963378906,616.3099975585938,3225.0
1992-01-30,411.6199951171875,621.3699951171875,3244.89990234375
1992-01-31,408.7799987792969,620.2100219726562,3223.39990234375
1992-02-03,409.5299987792969,623.4299926757812,3234.10009765625
1992-02-04,413.8500061035156,631.0,3272.800048828125
1992-02-05,413.8399963378906,636.969970703125,3257.60009765625
1992-02-06,413.82000732421875,637.6699829101562,3255.60009765625
1992-02-07,411.0899963378906,634.9500122070312,3225.39990234375
1992-02-10,413.7699890136719,634.1300048828125,3245.10009765625
1992-02-11,413.760009765625,633.3699951171875,3251.60009765625
1992-02-12,417.1300048828125,644.9199829101562,3276.800048828125
1992-02-13,413.69000244140625,639.0999755859375,3246.699951171875
1992-02-14,412.4800109863281,636.4299926757812,3246.0
1992-02-18,407.3800048828125,626.4099731445312,3224.699951171875
1992-02-19,408.260009765625,622.4099731445312,3230.300048828125
1992-02-20,413.8999938964844,632.22998046875,3280.60009765625
1992-02-21,411.42999267578125,629.75,3280.199951171875
1992-02-24,412.2699890136719,624.9299926757812,3282.39990234375
1992-02-25,410.45001220703125,621.4000244140625,3257.800048828125
1992-02-26,415.3500061035156,632.4000244140625,3283.300048828125
1992-02-27,413.8599853515625,633.9500122070312,3269.5
1992-02-28,412.70001220703125,633.469970703125,3267.699951171875
1992-03-02,412.45001220703125,635.469970703125,3275.300048828125
1992-03-03,412.8500061035156,634.25,3290.300048828125
1992-03-04,409.3299865722656,630.2899780273438,3268.60009765625
1992-03-05,406.510009765625,621.969970703125,3241.5
1992-03-06,404.44000244140625,615.9500122070312,3221.60009765625
1992-03-09,405.2099914550781,615.8200073242188,3215.10009765625
1992-03-10,406.8900146484375,623.4600219726562,3231.0
1992-03-11,404.0299987792969,617.1400146484375,3208.60009765625
1992-03-12,403.8900146484375,615.9199829101562,3208.60009765625
1992-03-13,405.8399963378906,618.6199951171875,3235.89990234375
1992-03-16,406.3900146484375,617.9400024414062,3236.39990234375
1992-03-17,409.5799865722656,623.27001953125,3256.0
1992-03-18,409.1499938964844,624.9400024414062,3254.300048828125
1992-03-19,409.79998779296875,625.9600219726562,3261.39990234375
1992-03-20,411.29998779296875,624.280029296875,3276.39990234375
1992-03-23,409.9100036621094,621.8300170898438,3272.10009765625
1992-03-24,408.8800048828125,618.6799926757812,3261.0
1992-03-25,407.5199890136719,619.47998046875,3259.39990234375
1992-03-26,407.8599853515625,615.4000244140625,3267.699951171875
1992-03-27,403.5,604.6699829101562,3231.39990234375
1992-03-30,403.0,602.0700073242188,3235.199951171875
1992-03-31,403.69000244140625,603.77001953125,3235.5
1992-04-01,404.2300109863281,602.0900268554688,3249.300048828125
1992-04-02,400.5,593.8200073242188,3234.10009765625
1992-04-03,401.54998779296875,590.010009765625,3249.10009765625
1992-04-06,405.5899963378906,596.2899780273438,3275.5
1992-04-07,398.05999755859375,581.6099853515625,3213.60009765625
1992-04-08,394.5,573.6799926757812,3181.39990234375
1992-04-09,400.6400146484375,586.75,3225.0
1992-04-10,404.2900085449219,584.239990234375,3255.39990234375
1992-04-13,406.0799865722656,588.1500244140625,3269.89990234375
1992-04-14,412.3900146484375,594.8099975585938,3306.10009765625
1992-04-15,416.2799987792969,600.030029296875,3353.800048828125
1992-04-16,416.0400085449219,591.8099975585938,3366.5
1992-04-20,410.17999267578125,577.2000122070312,3336.300048828125
1992-04-21,410.260009765625,575.0499877929688,3343.300048828125
1992-04-22,409.80999755859375,578.22998046875,3338.800048828125
1992-04-23,411.6000061035156,576.0499877929688,3348.60009765625
1992-04-24,409.0199890136719,572.8900146484375,3324.5
1992-04-27,408.45001220703125,566.9400024414062,3304.56005859375
1992-04-28,409.1099853515625,560.3300170898438,3307.89990234375
1992-04-29,412.0199890136719,569.9400024414062,3333.199951171875
1992-04-30,414.95001220703125,578.6799926757812,3359.10009765625
1992-05-01,412.5299987792969,578.1400146484375,3336.10009765625
1992-05-04,416.9100036621094,583.5399780273438,3378.10009765625
1992-05-05,416.8399963378906,588.0700073242188,3359.39990234375
1992-05-06,416.7900085449219,589.3599853515625,3369.39990234375
1992-05-07,415.8500061035156,587.1599731445312,3363.39990234375
1992-05-08,416.04998779296875,585.760009765625,3369.39990234375
1992-05-11,418.489990234375,587.1300048828125,3397.60009765625
1992-05-12,416.2900085449219,583.9600219726562,3385.10009765625
1992-05-13,416.45001220703125,582.3800048828125,3392.0
1992-05-14,413.1400146484375,576.4600219726562,3368.89990234375
1992-05-15,410.0899963378906,574.4299926757812,3353.10009765625
1992-05-18,412.80999755859375,576.530029296875,3376.0
1992-05-19,416.3699951171875,578.0499877929688,3398.0
1992-05-20,415.3900146484375,580.2899780273438,3393.800048828125
1992-05-21,412.6000061035156,579.0999755859375,3378.699951171875
1992-05-22,414.0199890136719,580.2999877929688,3386.800048828125
1992-05-26,411.4100036621094,575.6500244140625,3364.199951171875
1992-05-27,412.1700134277344,577.3499755859375,3370.39990234375
1992-05-28,416.739990234375,580.489990234375,3398.39990234375
1992-05-29,415.3500061035156,585.3099975585938,3396.89990234375
1992-06-01,417.29998779296875,588.3699951171875,3413.199951171875
1992-06-02,413.5,589.1799926757812,3396.10009765625
1992-06-03,414.5899963378906,589.9299926757812,3407.0
1992-06-04,413.260009765625,588.260009765625,3399.699951171875
1992-06-05,413.4800109863281,585.4299926757812,3398.699951171875
1992-06-08,413.3599853515625,582.010009765625,3404.10009765625
1992-06-09,410.05999755859375,573.7999877929688,3369.89990234375
1992-06-10,407.25,569.7100219726562,3343.199951171875
1992-06-11,409.04998779296875,567.6799926757812,3351.5
1992-06-12,409.760009765625,569.52001953125,3354.39990234375
1992-06-15,410.2900085449219,569.010009765625,3354.89990234375
1992-06-16,408.32000732421875,564.0700073242188,3329.5
1992-06-17,402.260009765625,553.239990234375,3287.800048828125
1992-06-18,400.9599914550781,549.1699829101562,3274.10009765625
1992-06-19,403.6700134277344,554.2000122070312,3285.39990234375
1992-06-22,403.3999938964844,549.72998046875,3280.800048828125
1992-06-23,404.0400085449219,553.3599853515625,3285.60009765625
1992-06-24,403.8399963378906,551.3900146484375,3290.699951171875
1992-06-25,403.1199951171875,548.2000122070312,3284.0
1992-06-26,403.45001220703125,547.8400268554688,3282.39990234375
1992-06-29,408.94000244140625,558.7999877929688,3319.860107421875
1992-06-30,408.1400146484375,563.5999755859375,3318.5
1992-07-01,412.8800048828125,568.989990234375,3354.10009765625
1992-07-02,411.7699890136719,563.3499755859375,3330.300048828125
1992-07-06,413.8399963378906,563.1699829101562,3339.199951171875
1992-07-07,409.1600036621094,557.4099731445312,3295.199951171875
1992-07-08,410.2799987792969,557.5700073242188,3293.300048828125
1992-07-09,414.2300109863281,564.75,3324.10009765625
1992-07-10,414.6199951171875,567.7999877929688,3330.60009765625
1992-07-13,414.8699951171875,570.219970703125,3337.300048828125
1992-07-14,417.67999267578125,575.2100219726562,3358.39990234375
1992-07-15,417.1000061035156,575.469970703125,3345.39990234375
1992-07-16,417.5400085449219,576.1900024414062,3361.60009765625
1992-07-17,415.6199951171875,570.52001953125,3331.60009765625
1992-07-20,413.75,564.280029296875,3303.0
1992-07-21,413.760009765625,568.6300048828125,3308.39990234375
1992-07-22,410.92999267578125,563.8800048828125,3277.60009765625
1992-07-23,412.0799865722656,565.239990234375,3290.0
1992-07-24,411.6000061035156,565.6099853515625,3285.699951171875
1992-07-27,411.5400085449219,564.72998046875,3282.199951171875
1992-07-28,417.5199890136719,571.6300048828125,3334.10009765625
1992-07-29,422.2300109863281,577.489990234375,3379.199951171875
1992-07-30,423.9200134277344,578.7999877929688,3391.89990234375
1992-07-31,424.2099914550781,580.8300170898438,3393.800048828125
1992-08-03,425.0899963378906,582.3599853515625,3395.39990234375
1992-08-04,424.3599853515625,581.3200073242188,3384.300048828125
1992-08-05,422.19000244140625,576.8699951171875,3365.10009765625
1992-08-06,420.5899963378906,574.02001953125,3340.60009765625
1992-08-07,418.8800048828125,573.739990234375,3332.199951171875
1992-08-10,419.4200134277344,573.1400146484375,3337.56005859375
1992-08-11,418.8999938964844,571.5999755859375,3331.10009765625
1992-08-12,417.7799987792969,570.8499755859375,3320.800048828125
1992-08-13,417.7300109863281,570.989990234375,3313.300048828125
1992-08-14,419.9100036621094,573.1799926757812,3328.89990234375
1992-08-17,420.739990234375,572.469970703125,3324.89990234375
1992-08-18,421.3399963378906,570.8699951171875,3329.5
1992-08-19,418.19000244140625,567.6099853515625,3307.10009765625
1992-08-20,418.260009765625,567.8599853515625,3304.89990234375
1992-08-21,414.8500061035156,563.7000122070312,3254.10009765625
1992-08-24,410.7200012207031,555.3900146484375,3228.199951171875
1992-08-25,411.6099853515625,554.219970703125,3232.199951171875
1992-08-26,413.510009765625,558.7999877929688,3246.800048828125
1992-08-27,413.5299987792969,563.27001953125,3254.60009765625
1992-08-28,414.8399963378906,563.5599975585938,3267.60009765625
1992-08-31,414.0299987792969,563.1199951171875,3257.39990234375
1992-09-01,416.07000732421875,565.6099853515625,3266.260009765625
1992-09-02,417.9800109863281,571.25,3290.300048828125
1992-09-03,417.9800109863281,574.8800048828125,3292.199951171875
1992-09-04,417.0799865722656,573.4400024414062,3281.89990234375
1992-09-08,414.44000244140625,571.1699829101562,3260.60009765625
1992-09-09,416.3599853515625,574.8900146484375,3271.39990234375
1992-09-10,419.95001220703125,581.239990234375,3305.199951171875
1992-09-11,419.5799865722656,583.010009765625,3305.699951171875
1992-09-14,425.2699890136719,594.2100219726562,3376.199951171875
1992-09-15,419.7699890136719,587.8599853515625,3327.300048828125
1992-09-16,419.9200134277344,585.8900146484375,3319.199951171875
1992-09-17,419.92999267578125,587.8200073242188,3315.699951171875
1992-09-18,422.92999267578125,589.1199951171875,3327.10009765625
1992-09-21,422.1400146484375,588.5800170898438,3320.800048828125
1992-09-22,417.1400146484375,583.0,3280.89990234375
1992-09-23,417.44000244140625,582.9600219726562,3278.699951171875
1992-09-24,418.4700012207031,585.9299926757812,3287.89990234375
1992-09-25,414.3500061035156,577.2000122070312,3250.300048828125
1992-09-28,416.6199951171875,575.3400268554688,3276.260009765625
1992-09-29,416.79998779296875,577.6300048828125,3266.800048828125
1992-09-30,417.79998779296875,583.27001953125,3271.699951171875
1992-10-01,416.2900085449219,578.3300170898438,3254.39990234375
1992-10-02,410.4700012207031,571.6300048828125,3200.60009765625
1992-10-05,407.57000732421875,565.2100219726562,3179.0
1992-10-06,407.17999267578125,570.5499877929688,3178.199951171875
1992-10-07,404.25,569.2000122070312,3152.300048828125
1992-10-08,407.75,573.8800048828125,3176.0
1992-10-09,402.6600036621094,570.52001953125,3136.60009765625
1992-10-12,407.44000244140625,573.8400268554688,3174.39990234375
1992-10-13,409.29998779296875,576.4400024414062,3201.39990234375
1992-10-14,409.3699951171875,576.219970703125,3195.5
1992-10-15,409.6000061035156,578.6400146484375,3174.699951171875
1992-10-16,411.7300109863281,582.6099853515625,3174.39990234375
1992-10-19,414.9800109863281,590.6699829101562,3188.5
1992-10-20,415.4800109863281,592.7000122070312,3186.0
1992-10-21,415.6700134277344,597.1500244140625,3187.10009765625
1992-10-22,414.8999938964844,597.1199951171875,3200.89990234375
1992-10-23,414.1000061035156,597.2999877929688,3207.60009765625
1992-10-26,418.1600036621094,598.9199829101562,3244.10009765625
1992-10-27,418.489990234375,596.9500122070312,3235.699951171875
1992-10-28,420.1300048828125,601.3900146484375,3251.39990234375
1992-10-29,420.8599853515625,605.8200073242188,3246.300048828125
1992-10-30,418.67999267578125,605.1699829101562,3226.300048828125
1992-11-02,422.75,607.5700073242188,3262.199951171875
1992-11-03,419.9200134277344,604.5800170898438,3252.5
1992-11-04,417.1099853515625,605.52001953125,3223.0
1992-11-05,418.3399963378906,614.0800170898438,3243.800048828125
1992-11-06,417.5799865722656,616.8200073242188,3240.10009765625
1992-11-09,418.5899963378906,622.0499877929688,3240.89990234375
1992-11-10,418.6199951171875,627.760009765625,3225.5
1992-11-11,422.20001220703125,634.9199829101562,3240.300048828125
1992-11-12,422.8699951171875,634.3699951171875,3239.800048828125
1992-11-13,422.42999267578125,637.1599731445312,3233.0
1992-11-16,420.67999267578125,634.010009765625,3205.699951171875
1992-11-17,419.2699890136719,627.0700073242188,3193.300048828125
1992-11-18,422.8500061035156,634.8599853515625,3207.39990234375
1992-11-19,423.6099853515625,638.5700073242188,3209.5
1992-11-20,426.6499938964844,642.5999755859375,3227.39990234375
1992-11-23,425.1199951171875,638.8400268554688,3223.0
1992-11-24,427.5899963378906,645.9400024414062,3248.699951171875
1992-11-25,429.19000244140625,648.3300170898438,3266.300048828125
1992-11-27,430.1600036621094,649.489990234375,3282.199951171875
1992-11-30,431.3500061035156,652.72998046875,3305.199951171875
1992-12-01,430.7799987792969,653.9500122070312,3294.39990234375
1992-12-02,429.8900146484375,652.9099731445312,3286.300048828125
1992-12-03,429.9100036621094,656.3599853515625,3276.5
1992-12-04,432.05999755859375,661.5999755859375,3288.699951171875
1992-12-07,435.30999755859375,666.530029296875,3307.300048828125
1992-12-08,436.989990234375,667.1199951171875,3322.199951171875
1992-12-09,435.6499938964844,663.9199829101562,3323.800048828125
1992-12-10,434.6400146484375,658.9299926757812,3312.199951171875
1992-12-11,433.7300109863281,655.7899780273438,3304.10009765625
1992-12-14,432.8399963378906,654.72998046875,3292.199951171875
1992-12-15,432.57000732421875,650.75,3284.39990234375
1992-12-16,431.5199890136719,649.6300048828125,3255.199951171875
1992-12-17,435.42999267578125,658.4600219726562,3269.199951171875
1992-12-18,441.2799987792969,661.2899780273438,3313.300048828125
1992-12-21,440.70001220703125,662.4600219726562,3312.5
1992-12-22,440.30999755859375,660.8400268554688,3321.10009765625
1992-12-23,439.0299987792969,662.9600219726562,3313.5400390625
1992-12-24,439.7699890136719,665.8800048828125,3326.199951171875
1992-12-28,439.1499938964844,666.25,3333.260009765625
1992-12-29,437.9800109863281,669.010009765625,3310.800048828125
1992-12-30,438.82000732421875,671.8499755859375,3321.10009765625
1992-12-31,435.7099914550781,676.9500122070312,3301.110107421875
1993-01-04,435.3800048828125,671.7999877929688,3309.199951171875
1993-01-05,434.3399963378906,674.3400268554688,3307.89990234375
1993-01-06,434.5199890136719,681.8499755859375,3305.199951171875
1993-01-07,430.7300109863281,678.2100219726562,3269.0
1993-01-08,429.04998779296875,677.2100219726562,3251.699951171875
1993-01-11,430.95001220703125,682.4000244140625,3262.75
1993-01-12,431.0400085449219,679.4500122070312,3264.60009765625
1993-01-13,433.0299987792969,686.780029296875,3263.60009765625
1993-01-14,435.94000244140625,695.7000122070312,3267.89990234375
1993-01-15,437.1499938964844,697.1500244140625,3271.10009765625
1993-01-18,436.8399963378906,698.1300048828125,3274.89990234375
1993-01-19,435.1300048828125,696.8099975585938,3256.0
1993-01-20,433.3699951171875,697.4400024414062,3242.0
1993-01-21,435.489990234375,700.77001953125,3253.0
1993-01-22,436.1099853515625,701.6300048828125,3256.800048828125
1993-01-25,440.010009765625,706.9500122070312,3292.199951171875
1993-01-26,439.95001220703125,707.1599731445312,3299.0
1993-01-27,438.1099853515625,697.9000244140625,3291.39990234375
1993-01-28,438.6600036621094,694.6699829101562,3306.300048828125
1993-01-29,438.7799987792969,696.3400268554688,3310.0
1993-02-01,442.5199890136719,701.77001953125,3332.199951171875
1993-02-02,442.54998779296875,705.1199951171875,3328.699951171875
1993-02-03,447.20001220703125,708.6699829101562,3373.800048828125
1993-02-04,449.55999755859375,708.8499755859375,3416.699951171875
1993-02-05,448.92999267578125,700.97998046875,3442.10009765625
1993-02-08,447.8500061035156,698.4400024414062,3437.5
1993-02-09,445.3299865722656,692.2100219726562,3414.60009765625
1993-02-10,446.2300109863281,695.02001953125,3412.39990234375
1993-02-11,447.6600036621094,695.8800048828125,3422.699951171875
1993-02-12,444.5799865722656,690.5399780273438,3392.429931640625
1993-02-16,433.9100036621094,665.3900146484375,3309.5
1993-02-17,433.29998779296875,659.4299926757812,3312.199951171875
1993-02-18,431.8999938964844,662.4500122070312,3302.199951171875
1993-02-19,434.2200012207031,663.6099853515625,3322.179931640625
1993-02-22,435.239990234375,652.4199829101562,3342.989990234375
1993-02-23,434.79998779296875,651.4000244140625,3323.27001953125
1993-02-24,440.8699951171875,662.4600219726562,3356.5
1993-02-25,442.3399963378906,667.0700073242188,3365.139892578125
1993-02-26,443.3800048828125,670.77001953125,3370.81005859375
1993-03-01,442.010009765625,669.510009765625,3355.409912109375
1993-03-02,447.8999938964844,677.719970703125,3400.530029296875
1993-03-03,449.260009765625,683.9199829101562,3404.0400390625
1993-03-04,447.3399963378906,680.72998046875,3398.909912109375
1993-03-05,446.1099853515625,681.3699951171875,3404.580078125
1993-03-08,454.7099914550781,687.22998046875,3469.419921875
1993-03-09,454.3999938964844,688.9600219726562,3472.1201171875
1993-03-10,456.3299865722656,692.8699951171875,3478.340087890625
1993-03-11,453.7200012207031,694.280029296875,3457.0
1993-03-12,449.8299865722656,692.780029296875,3427.820068359375
1993-03-15,451.42999267578125,695.2100219726562,3442.409912109375
1993-03-16,451.3699951171875,695.469970703125,3442.949951171875
1993-03-17,448.30999755859375,687.4000244140625,3426.739990234375
1993-03-18,451.8900146484375,687.4099731445312,3465.639892578125
1993-03-19,450.17999267578125,682.719970703125,3471.580078125
1993-03-22,448.8800048828125,676.6199951171875,3463.47998046875
1993-03-23,448.760009765625,675.0399780273438,3461.860107421875
1993-03-24,448.07000732421875,674.3599853515625,3445.3798828125
1993-03-25,450.8800048828125,681.010009765625,3461.320068359375
1993-03-26,447.7799987792969,681.5399780273438,3439.97998046875
1993-03-29,450.7699890136719,680.760009765625,3455.10009765625
1993-03-30,451.9700012207031,686.25,3457.27001953125
1993-03-31,451.6700134277344,690.1300048828125,3435.110107421875
1993-04-01,450.29998779296875,686.6400146484375,3439.43994140625
1993-04-02,441.3900146484375,669.8499755859375,3370.81005859375
1993-04-05,442.2900085449219,670.7100219726562,3379.18994140625
1993-04-06,441.1600036621094,664.1400146484375,3377.570068359375
1993-04-07,442.7300109863281,668.8800048828125,3397.02001953125
1993-04-08,441.8399963378906,666.3300170898438,3396.47998046875
1993-04-12,448.3699951171875,673.1199951171875,3428.090087890625
1993-04-13,449.2200012207031,673.8300170898438,3444.030029296875
1993-04-14,448.6600036621094,673.9400024414062,3455.639892578125
1993-04-15,448.3999938964844,670.3200073242188,3455.919921875
1993-04-16,448.94000244140625,666.780029296875,3478.610107421875
1993-04-19,447.4599914550781,663.030029296875,3466.989990234375
1993-04-20,445.1000061035156,661.969970703125,3443.489990234375
1993-04-21,443.6300048828125,664.0399780273438,3439.43994140625
1993-04-22,439.4599914550781,663.510009765625,3429.169921875
1993-04-23,437.0299987792969,658.4099731445312,3413.77001953125
1993-04-26,433.5400085449219,645.8699951171875,3398.3701171875
1993-04-27,438.010009765625,652.52001953125,3415.929931640625
1993-04-28,438.0199890136719,658.1599731445312,3413.5
1993-04-29,438.8900146484375,658.4500122070312,3425.1201171875
1993-04-30,440.19000244140625,661.4199829101562,3427.550048828125
1993-05-03,442.4599914550781,666.7100219726562,3446.4599609375
1993-05-04,444.04998779296875,678.1599731445312,3446.18994140625
1993-05-05,444.5199890136719,683.260009765625,3449.10009765625
1993-05-06,443.260009765625,680.0399780273438,3441.89990234375
1993-05-07,442.30999755859375,681.4400024414062,3437.18994140625
1993-05-10,442.79998779296875,682.8200073242188,3443.280029296875
1993-05-11,444.3599853515625,683.0599975585938,3468.75
1993-05-12,444.79998779296875,681.6900024414062,3482.31005859375
1993-05-13,439.2300109863281,675.6400146484375,3447.989990234375
1993-05-14,439.55999755859375,676.3699951171875,3443.010009765625
1993-05-17,440.3699951171875,677.9600219726562,3449.929931640625
1993-05-18,440.32000732421875,680.780029296875,3444.389892578125
1993-05-19,447.57000732421875,690.4299926757812,3500.030029296875
1993-05-20,450.5899963378906,697.4299926757812,3523.280029296875
1993-05-21,445.8399963378906,694.2899780273438,3492.830078125
1993-05-24,448.0,694.6900024414062,3507.780029296875
1993-05-25,448.8500061035156,695.0399780273438,3516.6298828125
1993-05-26,453.44000244140625,704.0900268554688,3540.159912109375
1993-05-27,452.4100036621094,704.5900268554688,3554.830078125
1993-05-28,450.19000244140625,700.530029296875,3527.429931640625
1993-06-01,453.8299865722656,704.280029296875,3552.340087890625
1993-06-02,453.8500061035156,705.8599853515625,3553.449951171875
1993-06-03,452.489990234375,706.219970703125,3544.8701171875
1993-06-04,450.05999755859375,702.010009765625,3545.139892578125
1993-06-07,447.69000244140625,694.6099853515625,3532.1298828125
1993-06-08,444.7099914550781,687.739990234375,3510.5400390625
1993-06-09,445.7799987792969,689.239990234375,3511.929931640625
1993-06-10,445.3800048828125,688.0499877929688,3491.719970703125
1993-06-11,447.260009765625,693.1900024414062,3505.010009765625
1993-06-14,447.7099914550781,696.4099731445312,3514.68994140625
1993-06-15,446.2699890136719,697.3400268554688,3492.0
1993-06-16,447.42999267578125,696.25,3511.64990234375
1993-06-17,448.5400085449219,695.9400024414062,3521.889892578125
1993-06-18,443.67999267578125,689.5900268554688,3494.77001953125
1993-06-21,446.2200012207031,688.739990234375,3510.820068359375
1993-06-22,445.92999267578125,686.77001953125,3497.530029296875
1993-06-23,443.19000244140625,684.7899780273438,3466.81005859375
1993-06-24,446.6199951171875,688.719970703125,3490.610107421875
1993-06-25,447.6000061035156,694.8099975585938,3490.889892578125
1993-06-28,451.8500061035156,702.8400268554688,3530.199951171875
1993-06-29,450.69000244140625,701.0700073242188,3518.85009765625
1993-06-30,450.5299987792969,703.9500122070312,3516.080078125
1993-07-01,449.0199890136719,703.5900268554688,3510.5400390625
1993-07-02,445.8399963378906,704.489990234375,3483.969970703125
1993-07-06,441.42999267578125,702.219970703125,3449.929931640625
1993-07-07,442.8299865722656,698.7899780273438,3475.669921875
1993-07-08,448.6400146484375,702.7100219726562,3514.419921875
1993-07-09,448.1099853515625,705.8099975585938,3521.06005859375
1993-07-12,448.9800109863281,707.6699829101562,3524.3798828125
1993-07-13,448.0899963378906,708.469970703125,3515.43994140625
1993-07-14,450.0799865722656,712.489990234375,3542.550048828125
1993-07-15,449.2200012207031,708.6900024414062,3550.929931640625
1993-07-16,445.75,699.72998046875,3528.2900390625
1993-07-19,446.0299987792969,695.8300170898438,3535.280029296875
1993-07-20,447.30999755859375,701.9000244140625,3544.780029296875
1993-07-21,447.17999267578125,700.0800170898438,3555.39990234375
1993-07-22,444.510009765625,695.52001953125,3525.219970703125
1993-07-23,447.1000061035156,700.239990234375,3546.739990234375
1993-07-26,449.0899963378906,704.5399780273438,3567.699951171875
1993-07-27,448.239990234375,701.0,3565.4599609375
1993-07-28,447.19000244140625,705.5900268554688,3553.449951171875
1993-07-29,450.239990234375,707.239990234375,3567.419921875
1993-07-30,448.1300048828125,704.7000122070312,3539.469970703125
1993-08-02,450.1499938964844,707.6599731445312,3560.989990234375
1993-08-03,449.2699890136719,709.010009765625,3561.27001953125
1993-08-04,448.5400085449219,713.7899780273438,3552.050048828125
1993-08-05,448.1300048828125,715.5,3548.969970703125
1993-08-06,448.67999267578125,718.0800170898438,3560.429931640625
1993-08-09,450.7200012207031,718.489990234375,3576.080078125
1993-08-10,449.45001220703125,717.0800170898438,3572.72998046875
1993-08-11,450.4599914550781,718.77001953125,3583.35009765625
1993-08-12,448.9599914550781,717.1199951171875,3569.090087890625
1993-08-13,450.1400146484375,718.260009765625,3569.64990234375
1993-08-16,452.3800048828125,726.8900146484375,3579.14990234375
1993-08-17,453.1300048828125,731.010009765625,3586.97998046875
1993-08-18,456.0400085449219,734.8300170898438,3604.860107421875
1993-08-19,456.42999267578125,730.47998046875,3612.1298828125
1993-08-20,456.1600036621094,730.9600219726562,3615.47998046875
1993-08-23,455.2300109863281,730.8599853515625,3605.97998046875
1993-08-24,459.7699890136719,735.1400146484375,3638.9599609375
1993-08-25,460.1300048828125,733.6599731445312,3652.090087890625
1993-08-26,461.0400085449219,731.3900146484375,3648.179931640625
1993-08-27,460.5400085449219,734.0700073242188,3640.6298828125
1993-08-30,461.8999938964844,737.3800048828125,3643.989990234375
1993-08-31,463.55999755859375,742.8400268554688,3651.25
1993-09-01,463.1499938964844,746.1500244140625,3645.10009765625
1993-09-02,461.29998779296875,748.6500244140625,3626.10009765625
1993-09-03,461.3399963378906,749.7100219726562,3633.929931640625
1993-09-07,458.5199890136719,739.3499755859375,3607.10009765625
1993-09-08,456.6499938964844,730.72998046875,3588.929931640625
1993-09-09,457.5,737.7100219726562,3589.489990234375
1993-09-10,461.7200012207031,744.3099975585938,3621.6298828125
1993-09-13,462.05999755859375,740.3200073242188,3634.2099609375
1993-09-14,459.8999938964844,732.6400146484375,3615.760009765625
1993-09-15,461.6000061035156,739.5499877929688,3633.64990234375
1993-09-16,459.42999267578125,739.7999877929688,3630.85009765625
1993-09-17,458.8299865722656,740.1099853515625,3613.25
1993-09-20,455.04998779296875,740.2100219726562,3575.800048828125
1993-09-21,452.95001220703125,733.5599975585938,3537.239990234375
1993-09-22,456.20001220703125,745.5399780273438,3547.02001953125
1993-09-23,457.739990234375,752.260009765625,3539.75
1993-09-24,457.6300048828125,754.6500244140625,3543.110107421875
1993-09-27,461.79998779296875,759.9500122070312,3567.699951171875
1993-09-28,461.5299987792969,763.6599731445312,3566.02001953125
1993-09-29,460.1099853515625,763.1699829101562,3566.300048828125
1993-09-30,458.92999267578125,762.780029296875,3555.1201171875
1993-10-01,461.2799987792969,763.22998046875,3581.110107421875
1993-10-04,461.3399963378906,764.8400268554688,3577.760009765625
1993-10-05,461.20001220703125,762.27001953125,3587.260009765625
1993-10-06,460.739990234375,764.77001953125,3598.989990234375
1993-10-07,459.17999267578125,762.489990234375,3583.6298828125
1993-10-08,460.30999755859375,764.27001953125,3584.739990234375
1993-10-11,460.8800048828125,767.6500244140625,3593.409912109375
1993-10-12,461.1199951171875,772.4600219726562,3593.1298828125
1993-10-13,461.489990234375,778.969970703125,3603.18994140625
1993-10-14,466.8299865722656,785.4099731445312,3621.6298828125
1993-10-15,469.5,787.4199829101562,3629.72998046875
1993-10-18,468.45001220703125,782.9099731445312,3642.31005859375
1993-10-19,466.2099914550781,768.7100219726562,3635.320068359375
1993-10-20,466.07000732421875,768.25,3645.10009765625
1993-10-21,465.3599853515625,771.280029296875,3636.159912109375
1993-10-22,463.2699890136719,772.6799926757812,3649.300048828125
1993-10-25,464.20001220703125,769.75,3673.610107421875
1993-10-26,464.29998779296875,765.4600219726562,3672.489990234375
1993-10-27,464.6099853515625,771.8800048828125,3664.659912109375
1993-10-28,467.7300109863281,773.489990234375,3687.860107421875
1993-10-29,467.8299865722656,779.260009765625,3680.590087890625
1993-11-01,469.1000061035156,783.77001953125,3692.610107421875
1993-11-02,468.44000244140625,785.6599731445312,3697.639892578125
1993-11-03,463.0199890136719,772.9500122070312,3661.8701171875
1993-11-04,457.489990234375,757.260009765625,3624.97998046875
1993-11-05,459.57000732421875,762.989990234375,3643.429931640625
1993-11-08,460.2099914550781,766.2100219726562,3647.89990234375
1993-11-09,460.3299865722656,769.8400268554688,3640.070068359375
1993-11-10,463.7200012207031,776.5,3663.550048828125
1993-11-11,462.6400146484375,778.97998046875,3662.429931640625
1993-11-12,465.3900146484375,779.3200073242188,3684.5
1993-11-15,463.75,772.4500122070312,3677.52001953125
1993-11-16,466.739990234375,771.6900024414062,3710.77001953125
1993-11-17,464.80999755859375,762.3599853515625,3704.35009765625
1993-11-18,463.6199951171875,754.3400268554688,3685.340087890625
1993-11-19,462.6000061035156,751.5599975585938,3694.010009765625
1993-11-22,459.1300048828125,738.1300048828125,3670.25
1993-11-23,461.0299987792969,746.8200073242188,3674.169921875
1993-11-24,462.3599853515625,753.1799926757812,3687.580078125
1993-11-26,463.05999755859375,754.8699951171875,3683.949951171875
1993-11-29,461.8999938964844,751.5399780273438,3677.800048828125
1993-11-30,461.7900085449219,754.3900146484375,3683.949951171875
1993-12-01,461.8900146484375,763.8099975585938,3697.080078125
1993-12-02,463.1099853515625,766.72998046875,3702.110107421875
1993-12-03,464.8900146484375,772.219970703125,3704.070068359375
1993-12-06,466.42999267578125,771.0900268554688,3710.2099609375
1993-12-07,466.760009765625,769.3499755859375,3718.8798828125
1993-12-08,466.2900085449219,767.8900146484375,3734.530029296875
1993-12-09,464.17999267578125,761.489990234375,3729.780029296875
1993-12-10,463.92999267578125,760.739990234375,3740.669921875
1993-12-13,465.70001220703125,759.719970703125,3764.429931640625
1993-12-14,463.05999755859375,751.469970703125,3742.6298828125
1993-12-15,461.8399963378906,752.969970703125,3716.919921875
1993-12-16,463.3399963378906,755.530029296875,3726.139892578125
1993-12-17,466.3800048828125,759.22998046875,3751.570068359375
1993-12-20,465.8500061035156,760.1500244140625,3755.2099609375
1993-12-21,465.29998779296875,755.6300048828125,3745.14990234375
1993-12-22,467.32000732421875,756.0700073242188,3762.18994140625
1993-12-23,467.3800048828125,758.7000122070312,3757.719970703125
1993-12-27,470.5400085449219,761.0599975585938,3792.929931640625
1993-12-28,470.94000244140625,764.5599975585938,3793.77001953125
1993-12-29,470.5799865722656,768.47998046875,3794.330078125
1993-12-30,468.6400146484375,771.0800170898438,3775.8798828125
1993-12-31,466.45001220703125,776.7999877929688,3754.090087890625
1994-01-03,465.44000244140625,770.760009765625,3756.60009765625
1994-01-04,466.8900146484375,774.280029296875,3783.89990234375
1994-01-05,467.54998779296875,778.0499877929688,3798.820068359375
1994-01-06,467.1199951171875,780.4099731445312,3803.8798828125
1994-01-07,469.8999938964844,782.9400024414062,3820.77001953125
1994-01-10,475.2699890136719,786.6900024414062,3865.510009765625
1994-01-11,474.1300048828125,785.52001953125,3850.31005859375
1994-01-12,474.1700134277344,786.8699951171875,3848.6298828125
1994-01-13,472.4700012207031,787.8099975585938,3842.429931640625
1994-01-14,474.9100036621094,792.3099975585938,3867.199951171875
1994-01-17,473.29998779296875,792.1799926757812,3870.2900390625
1994-01-18,474.25,793.02001953125,3870.2900390625
1994-01-19,474.29998779296875,789.280029296875,3884.3701171875
1994-01-20,474.9800109863281,793.030029296875,3891.9599609375
1994-01-21,474.7200012207031,794.280029296875,3914.47998046875
1994-01-24,471.9700012207031,790.6500244140625,3912.7900390625
1994-01-25,470.9200134277344,786.3900146484375,3895.340087890625
1994-01-26,473.20001220703125,788.7999877929688,3908.0
1994-01-27,477.04998779296875,792.8800048828125,3926.300048828125
1994-01-28,478.70001220703125,796.530029296875,3945.429931640625
1994-01-31,481.6099853515625,800.469970703125,3978.360107421875
1994-02-01,479.6199951171875,797.239990234375,3964.010009765625
1994-02-02,482.0,799.5700073242188,3975.5400390625
1994-02-03,480.7099914550781,797.7899780273438,3967.659912109375
1994-02-04,469.80999755859375,777.280029296875,3871.419921875
1994-02-07,471.760009765625,779.2000122070312,3906.320068359375
1994-02-08,471.04998779296875,782.7000122070312,3906.030029296875
1994-02-09,472.7699890136719,786.530029296875,3931.919921875
1994-02-10,468.92999267578125,783.4199829101562,3895.340087890625
1994-02-11,470.17999267578125,781.3900146484375,3894.780029296875
1994-02-14,470.2300109863281,785.4500122070312,3904.06005859375
1994-02-15,472.5199890136719,790.1199951171875,3928.27001953125
1994-02-16,472.7900085449219,792.6199951171875,3937.27001953125
1994-02-17,470.3399963378906,790.239990234375,3922.639892578125
1994-02-18,467.69000244140625,788.8499755859375,3887.4599609375
1994-02-22,471.4599914550781,791.1500244140625,3911.659912109375
1994-02-23,470.69000244140625,789.1099853515625,3891.679931640625
1994-02-24,464.260009765625,779.4400024414062,3839.89990234375
1994-02-25,466.07000732421875,783.780029296875,3838.780029296875
1994-02-28,467.1400146484375,792.5,3832.02001953125
1994-03-01,464.44000244140625,788.6400146484375,3809.22998046875
1994-03-02,464.80999755859375,783.469970703125,3831.739990234375
1994-03-03,463.010009765625,784.5800170898438,3824.419921875
1994-03-04,464.739990234375,790.5499877929688,3832.300048828125
1994-03-07,466.9100036621094,795.0499877929688,3856.219970703125
1994-03-08,465.8800048828125,792.1199951171875,3851.719970703125
1994-03-09,467.05999755859375,793.0499877929688,3853.409912109375
1994-03-10,463.8999938964844,789.0900268554688,3830.6201171875
1994-03-11,466.44000244140625,789.2000122070312,3862.699951171875
1994-03-14,467.3900146484375,792.7999877929688,3862.97998046875
1994-03-15,467.010009765625,793.52001953125,3849.590087890625
1994-03-16,469.4200134277344,798.989990234375,3848.14990234375
1994-03-17,470.8999938964844,803.8499755859375,3865.139892578125
1994-03-18,471.05999755859375,803.9299926757812,3895.64990234375
1994-03-21,468.5400085449219,797.2999877929688,3864.85009765625
1994-03-22,468.79998779296875,796.3400268554688,3862.550048828125
1994-03-23,468.5400085449219,797.510009765625,3869.4599609375
1994-03-24,464.3500061035156,786.6799926757812,3821.090087890625
1994-03-25,460.5799865722656,783.4500122070312,3774.72998046875
1994-03-28,460.0,772.5,3762.35009765625
1994-03-29,452.4800109863281,755.2899780273438,3699.02001953125
1994-03-30,445.54998779296875,744.9099731445312,3626.75
1994-03-31,445.7699890136719,743.4600219726562,3635.9599609375
1994-04-04,438.9200134277344,727.4099731445312,3593.35009765625
1994-04-05,448.2900085449219,750.9500122070312,3675.409912109375
1994-04-06,448.04998779296875,750.719970703125,3679.72998046875
1994-04-07,450.8800048828125,755.1699829101562,3693.260009765625
1994-04-08,447.1000061035156,748.7100219726562,3674.260009765625
1994-04-11,449.8699951171875,748.1099853515625,3688.830078125
1994-04-12,447.57000732421875,739.219970703125,3681.68994140625
1994-04-13,446.260009765625,727.3800048828125,3661.469970703125
1994-04-14,446.3800048828125,727.3099975585938,3663.25
1994-04-15,446.17999267578125,727.969970703125,3661.469970703125
1994-04-18,442.4599914550781,720.4500122070312,3620.419921875
1994-04-19,442.5400085449219,712.8499755859375,3619.820068359375
1994-04-20,441.9599914550781,705.52001953125,3598.7099609375
1994-04-21,448.7300109863281,718.739990234375,3652.5400390625
1994-04-22,447.6300048828125,722.5599975585938,3648.679931640625
1994-04-25,452.7099914550781,730.7999877929688,3705.780029296875
1994-04-26,451.8699951171875,734.2100219726562,3699.5400390625
1994-04-28,449.1000061035156,731.6900024414062,3668.31005859375
1994-04-29,450.9100036621094,733.8400268554688,3681.68994140625
1994-05-02,453.0199890136719,740.6799926757812,3701.02001953125
1994-05-03,453.0299987792969,739.3699951171875,3714.409912109375
1994-05-04,451.7200012207031,740.2999877929688,3697.75
1994-05-05,451.3800048828125,740.5499877929688,3695.969970703125
1994-05-06,447.82000732421875,732.8599853515625,3669.5
1994-05-09,442.32000732421875,722.9600219726562,3629.0400390625
1994-05-10,446.010009765625,725.0,3656.409912109375
1994-05-11,441.489990234375,717.0,3629.0400390625
1994-05-12,443.75,719.6099853515625,3652.840087890625
1994-05-13,444.1400146484375,716.9199829101562,3659.679931640625
1994-05-16,444.489990234375,711.9099731445312,3671.5
1994-05-17,449.3699951171875,711.52001953125,3720.610107421875
1994-05-18,453.69000244140625,721.9000244140625,3732.889892578125
1994-05-19,456.4800109863281,727.3099975585938,3758.97998046875
1994-05-20,454.9200134277344,726.7000122070312,3766.35009765625
1994-05-23,453.20001220703125,724.9500122070312,3742.409912109375
1994-05-24,454.80999755859375,731.469970703125,3745.169921875
1994-05-25,456.3399963378906,732.0700073242188,3755.300048828125
1994-05-26,457.05999755859375,731.6400146484375,3753.4599609375
1994-05-27,457.3299865722656,733.1400146484375,3757.139892578125
1994-05-31,456.5,735.1900024414062,3758.3701171875
1994-06-01,457.6300048828125,735.52001953125,3760.830078125
1994-06-02,457.6499938964844,739.5,3758.989990234375
1994-06-03,460.1300048828125,742.3800048828125,3772.219970703125
1994-06-06,458.8800048828125,743.4299926757812,3768.52001953125
1994-06-07,458.2099914550781,739.2999877929688,3755.909912109375
1994-06-08,457.05999755859375,729.7899780273438,3749.449951171875
1994-06-09,457.8599853515625,728.8800048828125,3753.139892578125
1994-06-10,458.6700134277344,734.25,3773.449951171875
1994-06-13,459.1000061035156,731.7000122070312,3783.1201171875
1994-06-14,462.3699951171875,735.97998046875,3814.830078125
1994-06-15,460.6099853515625,735.8400268554688,3790.409912109375
1994-06-16,461.92999267578125,734.969970703125,3811.340087890625
1994-06-17,458.45001220703125,729.3499755859375,3776.780029296875
1994-06-20,455.4800109863281,718.8499755859375,3741.89990234375
1994-06-21,451.3399963378906,708.7899780273438,3707.969970703125
1994-06-22,453.0899963378906,712.739990234375,3724.77001953125
1994-06-23,449.6300048828125,700.8499755859375,3699.090087890625
1994-06-24,442.79998779296875,693.7899780273438,3636.93994140625
1994-06-27,447.30999755859375,702.6799926757812,3685.5
1994-06-28,446.07000732421875,702.0499877929688,3669.639892578125
1994-06-29,447.6300048828125,704.010009765625,3667.050048828125
1994-06-30,444.2699890136719,705.9600219726562,3624.9599609375
1994-07-01,446.20001220703125,706.8499755859375,3646.64990234375
1994-07-05,446.3699951171875,703.5900268554688,3652.47998046875
1994-07-06,446.1300048828125,701.0,3674.5
1994-07-07,448.3800048828125,706.530029296875,3688.419921875
1994-07-08,449.54998779296875,707.4600219726562,3709.139892578125
1994-07-11,448.05999755859375,706.8300170898438,3702.989990234375
1994-07-12,447.95001220703125,709.5900268554688,3702.659912109375
1994-07-13,448.7300109863281,719.3499755859375,3704.280029296875
1994-07-14,453.4100036621094,721.5599975585938,3739.25
1994-07-15,454.1600036621094,721.3599853515625,3753.81005859375
1994-07-18,455.2200012207031,722.6199951171875,3755.429931640625
1994-07-19,453.8599853515625,719.3200073242188,3748.31005859375
1994-07-20,451.6000061035156,712.77001953125,3727.27001953125
1994-07-21,452.6099853515625,715.030029296875,3732.449951171875
1994-07-22,453.1099853515625,716.6799926757812,3735.0400390625
1994-07-25,454.25,716.8800048828125,3741.840087890625
1994-07-26,453.3599853515625,715.6599731445312,3735.679931640625
1994-07-27,452.57000732421875,712.1300048828125,3720.469970703125
1994-07-28,454.239990234375,712.4299926757812,3730.830078125
1994-07-29,458.260009765625,722.1599731445312,3764.5
1994-08-01,461.010009765625,724.8499755859375,3798.169921875
1994-08-02,460.55999755859375,724.7999877929688,3796.219970703125
1994-08-03,461.45001220703125,723.6900024414062,3792.659912109375
1994-08-04,458.3999938964844,720.1799926757812,3765.7900390625
1994-08-05,457.0899963378906,718.6699829101562,3747.02001953125
1994-08-08,457.8900146484375,720.469970703125,3753.81005859375
1994-08-09,457.9200134277344,722.6099853515625,3755.760009765625
1994-08-10,460.29998779296875,728.2000122070312,3766.760009765625
1994-08-11,458.8800048828125,728.2000122070312,3750.89990234375
1994-08-12,461.94000244140625,731.6099853515625,3768.7099609375
1994-08-15,461.2300109863281,732.8900146484375,3760.2900390625
1994-08-16,465.010009765625,735.510009765625,3784.570068359375
1994-08-17,465.1700134277344,742.6599731445312,3776.47998046875
1994-08-18,463.1700134277344,742.1699829101562,3755.429931640625
1994-08-19,463.67999267578125,742.4299926757812,3755.110107421875
1994-08-22,462.32000732421875,742.2899780273438,3751.219970703125
1994-08-23,464.510009765625,747.97998046875,3775.830078125
1994-08-24,469.0299987792969,751.719970703125,3846.72998046875
1994-08-25,468.0799865722656,754.7999877929688,3829.889892578125
1994-08-26,473.79998779296875,762.9400024414062,3881.050048828125
1994-08-29,474.5899963378906,763.2100219726562,3898.85009765625
1994-08-30,476.07000732421875,766.4600219726562,3917.300048828125
1994-08-31,475.489990234375,765.6199951171875,3913.419921875
1994-09-01,473.1700134277344,758.9500122070312,3901.43994140625
1994-09-02,470.989990234375,759.22998046875,3885.580078125
1994-09-06,471.8599853515625,759.47998046875,3898.699951171875
1994-09-07,470.989990234375,764.280029296875,3886.25
1994-09-08,473.1400146484375,769.2999877929688,3908.4599609375
1994-09-09,468.17999267578125,763.72998046875,3874.81005859375
1994-09-12,466.2099914550781,760.010009765625,3860.340087890625
1994-09-13,467.510009765625,765.8300170898438,3879.860107421875
1994-09-14,468.79998779296875,768.6099853515625,3895.330078125
1994-09-15,474.80999755859375,778.6599731445312,3953.8798828125
1994-09-16,471.19000244140625,777.9099731445312,3933.35009765625
1994-09-19,470.8500061035156,776.719970703125,3936.719970703125
1994-09-20,463.3599853515625,766.739990234375,3869.090087890625
1994-09-21,461.4599914550781,760.7100219726562,3851.60009765625
1994-09-22,461.2699890136719,760.4400024414062,3837.1298828125
1994-09-23,459.6700134277344,757.4600219726562,3831.75
1994-09-26,460.82000732421875,755.6300048828125,3849.239990234375
1994-09-27,462.04998779296875,755.3699951171875,3863.0400390625
1994-09-28,464.8399963378906,760.010009765625,3878.179931640625
1994-09-29,462.239990234375,759.3400268554688,3854.6298828125
1994-09-30,462.7099914550781,764.2899780273438,3843.18994140625
1994-10-03,461.739990234375,760.8800048828125,3846.889892578125
1994-10-04,454.5899963378906,747.2999877929688,3801.1298828125
1994-10-05,453.5199890136719,746.280029296875,3787.340087890625
1994-10-06,452.3599853515625,744.1900024414062,3775.56005859375
1994-10-07,455.1000061035156,749.9600219726562,3797.429931640625
1994-10-10,459.0400085449219,756.8099975585938,3821.320068359375
1994-10-11,465.7900085449219,765.5700073242188,3876.830078125
1994-10-12,465.4700012207031,767.0,3875.14990234375
1994-10-13,467.7900085449219,767.8900146484375,3889.949951171875
1994-10-14,469.1000061035156,767.0800170898438,3910.469970703125
1994-10-17,468.9599914550781,765.780029296875,3923.929931640625
1994-10-18,467.6600036621094,764.8099975585938,3917.5400390625
1994-10-19,470.2799987792969,770.6199951171875,3936.0400390625
1994-10-20,466.8500061035156,768.239990234375,3911.14990234375
1994-10-21,464.8900146484375,765.3800048828125,3891.300048828125
1994-10-24,460.8299865722656,761.2100219726562,3855.300048828125
1994-10-25,461.5299987792969,758.260009765625,3850.590087890625
1994-10-26,462.6199951171875,763.239990234375,3848.22998046875
1994-10-27,465.8500061035156,767.469970703125,3875.14990234375
1994-10-28,473.7699890136719,776.1500244140625,3930.659912109375
1994-10-31,472.3500061035156,777.489990234375,3908.1201171875
1994-11-01,468.4200134277344,772.1900024414062,3863.3701171875
1994-11-02,466.510009765625,771.8200073242188,3837.1298828125
1994-11-03,467.9100036621094,772.0999755859375,3845.8798828125
1994-11-04,462.2799987792969,766.0800170898438,3807.52001953125
1994-11-07,463.07000732421875,762.3099975585938,3808.8701171875
1994-11-08,465.6499938964844,767.5399780273438,3830.739990234375
1994-11-09,465.3999938964844,767.25,3831.75
1994-11-10,464.3699951171875,764.3800048828125,3821.989990234375
1994-11-11,462.3500061035156,762.1199951171875,3801.469970703125
1994-11-14,466.0400085449219,768.1400146484375,3829.72998046875
1994-11-15,465.0299987792969,769.02001953125,3826.360107421875
1994-11-16,465.6199951171875,769.6400146484375,3845.199951171875
1994-11-17,463.57000732421875,765.8400268554688,3828.050048828125
1994-11-18,461.4700012207031,764.6699829101562,3815.260009765625
1994-11-21,458.29998779296875,757.739990234375,3769.510009765625
1994-11-22,450.0899963378906,741.2100219726562,3677.989990234375
1994-11-23,449.92999267578125,736.7000122070312,3674.6298828125
1994-11-25,452.2900085449219,742.52001953125,3708.27001953125
1994-11-28,454.1600036621094,745.72998046875,3739.56005859375
1994-11-29,455.1700134277344,751.47998046875,3738.550048828125
1994-11-30,453.69000244140625,750.3200073242188,3739.22998046875
1994-12-01,448.9200134277344,740.6099853515625,3700.8701171875
1994-12-02,453.29998779296875,745.02001953125,3745.6201171875
1994-12-05,453.32000732421875,745.7100219726562,3741.919921875
1994-12-06,453.1099853515625,741.22998046875,3745.949951171875
1994-12-07,451.2300109863281,734.27001953125,3735.52001953125
1994-12-08,445.45001220703125,719.1199951171875,3685.72998046875
1994-12-09,446.9599914550781,719.0499877929688,3691.110107421875
1994-12-12,449.4700012207031,719.1199951171875,3718.3701171875
1994-12-13,450.1499938964844,719.489990234375,3715.340087890625
1994-12-14,454.9700012207031,725.6699829101562,3746.2900390625
1994-12-15,455.3399963378906,730.6799926757812,3765.469970703125
1994-12-16,458.79998779296875,729.0700073242188,3807.18994140625
1994-12-19,457.9100036621094,727.8900146484375,3790.699951171875
1994-12-20,457.1000061035156,728.510009765625,3767.14990234375
1994-12-21,459.6099853515625,737.1199951171875,3801.800048828125
1994-12-22,459.67999267578125,739.3400268554688,3814.919921875
1994-12-23,459.8299865722656,742.1900024414062,3833.429931640625
1994-12-27,462.4700012207031,746.1900024414062,3861.68994140625
1994-12-28,460.8599853515625,742.4600219726562,3839.489990234375
1994-12-29,461.1700134277344,749.530029296875,3833.429931640625
1994-12-30,459.2699890136719,751.9600219726562,3834.43994140625
1995-01-03,459.1099853515625,743.5800170898438,3838.47998046875
1995-01-04,460.7099914550781,745.8400268554688,3857.64990234375
1995-01-05,460.3399963378906,745.6599731445312,3850.919921875
1995-01-06,460.67999267578125,749.6900024414062,3867.409912109375
1995-01-09,460.8299865722656,752.0900268554688,3861.35009765625
1995-01-10,461.67999267578125,756.52001953125,3866.739990234375
1995-01-11,461.6600036621094,755.739990234375,3862.030029296875
1995-01-12,461.6400146484375,756.510009765625,3859.0
1995-01-13,465.9700012207031,762.1599731445312,3908.4599609375
1995-01-16,469.3800048828125,768.1599731445312,3932.340087890625
1995-01-17,470.04998779296875,772.1400146484375,3930.659912109375
1995-01-18,469.7099914550781,772.3800048828125,3928.97998046875
1995-01-19,466.95001220703125,768.5499877929688,3882.2099609375
1995-01-20,464.7799987792969,762.0499877929688,3869.429931640625
1995-01-23,465.82000732421875,759.510009765625,3867.409912109375
1995-01-24,465.8599853515625,763.2000122070312,3862.699951171875
1995-01-25,467.44000244140625,760.97998046875,3871.449951171875
1995-01-26,468.32000732421875,757.5599975585938,3870.43994140625
1995-01-27,470.3900146484375,758.9099731445312,3857.989990234375
1995-01-30,468.510009765625,751.8300170898438,3832.080078125
1995-01-31,470.4200134277344,755.2000122070312,3843.860107421875
1995-02-01,470.3999938964844,758.3099975585938,3847.56005859375
1995-02-02,472.7900085449219,763.6400146484375,3870.77001953125
1995-02-03,478.6499938964844,772.0599975585938,3928.639892578125
1995-02-06,481.1400146484375,778.8499755859375,3937.72998046875
1995-02-07,480.80999755859375,778.969970703125,3937.389892578125
1995-02-08,481.19000244140625,783.77001953125,3935.3701171875
1995-02-09,480.19000244140625,785.4400024414062,3932.679931640625
1995-02-10,481.4599914550781,790.4299926757812,3939.070068359375
1995-02-13,481.6499938964844,789.4199829101562,3954.2099609375
1995-02-14,482.54998779296875,790.6199951171875,3958.25
1995-02-15,484.5400085449219,795.6300048828125,3986.169921875
1995-02-16,485.2200012207031,793.3099975585938,3987.52001953125
1995-02-17,481.9700012207031,786.969970703125,3953.5400390625
1995-02-21,482.7200012207031,784.6199951171875,3963.969970703125
1995-02-22,485.07000732421875,787.9299926757812,3973.050048828125
1995-02-23,486.9100036621094,791.3499755859375,4003.330078125
1995-02-24,488.1099853515625,791.0800170898438,4011.739990234375
1995-02-27,483.80999755859375,784.5,3988.570068359375
1995-02-28,487.3900146484375,793.72998046875,4011.050048828125
1995-03-01,485.6499938964844,791.8699951171875,3994.800048828125
1995-03-02,485.1300048828125,793.6799926757812,3979.929931640625
1995-03-03,485.4200134277344,798.7899780273438,3989.610107421875
1995-03-06,485.6300048828125,797.77001953125,3997.56005859375
1995-03-07,482.1199951171875,791.3300170898438,3962.6298828125
1995-03-08,483.1400146484375,795.8099975585938,3979.22998046875
1995-03-09,483.1600036621094,796.239990234375,3983.389892578125
1995-03-10,489.57000732421875,802.219970703125,4035.610107421875
1995-03-13,490.04998779296875,802.3099975585938,4025.22998046875
1995-03-14,492.8900146484375,808.239990234375,4048.75
1995-03-15,491.8800048828125,807.3800048828125,4038.3701171875
1995-03-16,495.4100036621094,809.3400268554688,4069.14990234375
1995-03-17,495.5199890136719,808.3300170898438,4073.64990234375
1995-03-20,496.1400146484375,810.489990234375,4083.679931640625
1995-03-21,495.07000732421875,809.780029296875,4072.610107421875
1995-03-22,495.6700134277344,809.0999755859375,4082.989990234375
1995-03-23,495.95001220703125,811.3900146484375,4087.830078125
1995-03-24,500.9700012207031,818.6599731445312,4138.669921875
1995-03-27,503.20001220703125,822.6300048828125,4157.33984375
1995-03-28,503.8999938964844,826.1400146484375,4151.81005859375
1995-03-29,503.1199951171875,819.1599731445312,4160.7998046875
1995-03-30,502.2200012207031,816.8599853515625,4172.56005859375
1995-03-31,500.7099914550781,817.2100219726562,4157.68994140625
1995-04-03,501.8500061035156,818.0499877929688,4168.41015625
1995-04-04,505.239990234375,813.719970703125,4201.60986328125
1995-04-05,505.57000732421875,816.3200073242188,4200.56982421875
1995-04-06,506.0799865722656,813.7999877929688,4205.41015625
1995-04-07,506.4200134277344,814.6900024414062,4192.6201171875
1995-04-10,507.010009765625,821.260009765625,4198.14990234375
1995-04-11,505.5299987792969,824.8300170898438,4187.080078125
1995-04-12,507.1700134277344,828.530029296875,4197.81005859375
1995-04-13,509.2300109863281,832.6400146484375,4208.18017578125
1995-04-17,506.1300048828125,830.8200073242188,4195.3798828125
1995-04-18,505.3699951171875,825.739990234375,4179.1298828125
1995-04-19,504.9200134277344,816.5499877929688,4207.490234375
1995-04-20,505.2900085449219,819.010009765625,4230.66015625
1995-04-21,508.489990234375,823.4400024414062,4270.08984375
1995-04-24,512.8900146484375,828.9099731445312,4303.97998046875
1995-04-25,512.0999755859375,831.280029296875,4300.169921875
1995-04-26,512.6599731445312,836.9099731445312,4299.830078125
1995-04-27,513.5499877929688,840.9500122070312,4314.7001953125
1995-04-28,514.7100219726562,843.97998046875,4321.27001953125
1995-05-01,514.260009765625,841.6300048828125,4316.080078125
1995-05-02,514.8599853515625,841.7899780273438,4328.8798828125
1995-05-03,520.47998046875,850.260009765625,4373.14990234375
1995-05-04,520.5399780273438,846.75,4359.66015625
1995-05-05,520.1199951171875,843.530029296875,4343.39990234375
1995-05-08,523.9600219726562,849.2899780273438,4383.8701171875
1995-05-09,523.5599975585938,848.1699829101562,4390.77978515625
1995-05-10,524.3599853515625,847.6199951171875,4404.6201171875
1995-05-11,524.3699951171875,853.8300170898438,4411.18994140625
1995-05-12,525.5499877929688,858.9400024414062,4430.56005859375
1995-05-15,527.739990234375,863.0599975585938,4437.47021484375
1995-05-16,528.1900024414062,868.25,4435.0498046875
1995-05-17,527.0700073242188,871.9299926757812,4422.60009765625
1995-05-18,519.5800170898438,864.0599975585938,4340.64013671875
1995-05-19,519.1900024414062,864.5700073242188,4341.330078125
1995-05-22,523.6500244140625,871.1799926757812,4395.6298828125
1995-05-23,528.5900268554688,879.6400146484375,4436.43994140625
1995-05-24,528.6099853515625,877.97998046875,4438.16015625
1995-05-25,528.5900268554688,877.3200073242188,4412.22998046875
1995-05-26,523.6500244140625,871.8699951171875,4369.0
1995-05-30,523.5800170898438,858.7000122070312,4378.68017578125
1995-05-31,533.4000244140625,864.5800170898438,4465.14013671875
1995-06-01,533.489990234375,868.8200073242188,4472.75
1995-06-02,532.510009765625,872.969970703125,4444.39013671875
1995-06-05,535.5999755859375,882.8499755859375,4476.5498046875
1995-06-06,535.5499877929688,879.4000244140625,4485.2001953125
1995-06-07,533.1300048828125,881.5800170898438,4462.02978515625
1995-06-08,532.3499755859375,886.1300048828125,4458.56982421875
1995-06-09,527.9400024414062,884.3800048828125,4423.990234375
1995-06-12,530.8800048828125,887.97998046875,4446.4599609375
1995-06-13,536.0499877929688,894.22998046875,4484.509765625
1995-06-14,536.469970703125,895.719970703125,4491.080078125
1995-06-15,537.1199951171875,902.6799926757812,4496.27001953125
1995-06-16,539.8300170898438,908.6500244140625,4510.7900390625
1995-06-19,545.219970703125,922.0900268554688,4553.68017578125
1995-06-20,544.97998046875,929.8300170898438,4550.56005859375
1995-06-21,543.97998046875,929.1900024414062,4547.10009765625
1995-06-22,551.0700073242188,940.0900268554688,4589.64013671875
1995-06-23,549.7100219726562,938.8699951171875,4585.83984375
1995-06-26,544.1300048828125,926.97998046875,4551.25
1995-06-27,542.4299926757812,919.5599975585938,4542.60986328125
1995-06-28,544.72998046875,920.52001953125,4556.7900390625
1995-06-29,543.8699951171875,926.8099975585938,4550.56005859375
1995-06-30,544.75,933.4500122070312,4556.10009765625
1995-07-03,547.0900268554688,934.530029296875,4585.14990234375
1995-07-05,547.260009765625,941.8200073242188,4615.22998046875
1995-07-06,553.989990234375,952.9299926757812,4664.0
1995-07-07,556.3699951171875,969.760009765625,4702.72998046875
1995-07-10,557.1900024414062,976.6300048828125,4702.39013671875
1995-07-11,554.780029296875,970.219970703125,4680.60009765625
1995-07-12,560.8900146484375,988.6300048828125,4727.2900390625
1995-07-13,561.0,994.1500244140625,4727.47998046875
1995-07-14,559.8900146484375,999.3300170898438,4708.81982421875
1995-07-17,562.719970703125,1005.8900146484375,4736.2900390625
1995-07-18,558.4600219726562,988.530029296875,4686.27978515625
1995-07-19,550.97998046875,952.8699951171875,4628.8701171875
1995-07-20,553.5399780273438,960.5700073242188,4641.5498046875
1995-07-21,553.6199951171875,961.77001953125,4641.5498046875
1995-07-24,556.6300048828125,978.5700073242188,4668.669921875
1995-07-25,561.0999755859375,993.75,4714.4501953125
1995-07-26,561.6099853515625,1000.1799926757812,4707.06005859375
1995-07-27,565.219970703125,1010.6599731445312,4732.77001953125
1995-07-28,562.9299926757812,1005.280029296875,4715.509765625
1995-07-31,562.0599975585938,1001.2100219726562,4708.47021484375
1995-08-01,559.6400146484375,991.1099853515625,4700.3701171875
1995-08-02,558.7999877929688,983.75,4690.14990234375
1995-08-03,558.75,982.7000122070312,4701.419921875
1995-08-04,558.9400024414062,991.0900268554688,4683.4599609375
1995-08-07,560.030029296875,995.219970703125,4693.31982421875
1995-08-08,560.3900146484375,997.1199951171875,4693.31982421875
1995-08-09,559.7100219726562,1005.0999755859375,4671.490234375
1995-08-10,557.4500122070312,1000.6099853515625,4643.66015625
1995-08-11,555.1099853515625,1004.1099853515625,4618.2998046875
1995-08-14,559.739990234375,1012.4400024414062,4659.85986328125
1995-08-15,558.5700073242188,1012.3699951171875,4640.83984375
1995-08-16,559.969970703125,1025.75,4639.080078125
1995-08-17,559.0399780273438,1029.239990234375,4630.6298828125
1995-08-18,559.2100219726562,1031.280029296875,4617.60009765625
1995-08-21,558.1099853515625,1019.7000122070312,4614.77978515625
1995-08-22,559.52001953125,1025.2900390625,4620.419921875
1995-08-23,557.1400146484375,1028.18994140625,4584.85009765625
1995-08-24,557.4600219726562,1020.9299926757812,4580.6201171875
1995-08-25,560.0999755859375,1019.969970703125,4601.39990234375
1995-08-28,559.0499877929688,1008.1500244140625,4594.0
1995-08-29,560.0,1003.6400146484375,4608.43994140625
1995-08-30,560.9199829101562,1012.6099853515625,4604.60009765625
1995-08-31,561.8800048828125,1020.1099853515625,4610.56005859375
1995-09-01,563.8400268554688,1019.469970703125,4647.5400390625
1995-09-05,569.1699829101562,1039.300048828125,4670.080078125
1995-09-06,570.1699829101562,1044.280029296875,4683.81005859375
1995-09-07,570.2899780273438,1051.0799560546875,4669.72021484375
1995-09-08,572.6799926757812,1060.030029296875,4700.72021484375
1995-09-11,573.9099731445312,1066.56005859375,4704.93994140625
1995-09-12,576.510009765625,1065.0,4747.2099609375
1995-09-13,578.77001953125,1067.4000244140625,4765.52001953125
1995-09-14,583.6099853515625,1066.9599609375,4801.7998046875
1995-09-15,583.3499755859375,1051.0999755859375,4797.56982421875
1995-09-18,582.77001953125,1050.1800537109375,4780.41015625
1995-09-19,584.2000122070312,1060.3199462890625,4767.0400390625
1995-09-20,586.77001953125,1065.0899658203125,4792.68994140625
1995-09-21,583.0,1058.510009765625,4767.39990234375
1995-09-22,581.72998046875,1053.3900146484375,4764.14990234375
1995-09-25,581.8099975585938,1046.1500244140625,4769.93017578125
1995-09-26,581.4099731445312,1038.050048828125,4765.60009765625
1995-09-27,581.0399780273438,1026.5400390625,4762.35009765625
1995-09-28,585.8699951171875,1047.050048828125,4787.64013671875
1995-09-29,584.4099731445312,1043.5400390625,4789.080078125
1995-10-02,581.719970703125,1027.5699462890625,4761.259765625
1995-10-03,582.3400268554688,1020.4500122070312,4749.7001953125
1995-10-04,581.469970703125,1002.27001953125,4740.669921875
1995-10-05,582.6300048828125,1014.2000122070312,4762.7099609375
1995-10-06,582.489990234375,1012.0399780273438,4769.2099609375
1995-10-09,578.3699951171875,984.739990234375,4726.22021484375
1995-10-10,577.52001953125,983.469970703125,4720.7998046875
1995-10-11,579.4600219726562,1001.5700073242188,4735.25
1995-10-12,583.0999755859375,1015.6300048828125,4764.8798828125
1995-10-13,584.5,1018.3800048828125,4793.77978515625
1995-10-16,583.030029296875,1018.1300048828125,4784.3798828125
1995-10-17,586.780029296875,1035.43994140625,4795.9501953125
1995-10-18,587.4400024414062,1045.3699951171875,4777.52001953125
1995-10-19,590.6500244140625,1046.969970703125,4802.4501953125
1995-10-20,587.4600219726562,1039.530029296875,4794.85986328125
1995-10-23,585.0599975585938,1036.9200439453125,4755.47998046875
1995-10-24,586.5399780273438,1039.239990234375,4783.66015625
1995-10-25,582.469970703125,1026.469970703125,4753.68017578125
1995-10-26,576.719970703125,1017.5700073242188,4703.81982421875
1995-10-27,579.7000122070312,1025.550048828125,4741.75
1995-10-30,583.25,1039.68994140625,4756.56982421875
1995-10-31,581.5,1036.06005859375,4755.47998046875
1995-11-01,584.219970703125,1040.5,4766.68017578125
1995-11-02,589.719970703125,1057.3199462890625,4808.58984375
1995-11-03,590.5700073242188,1065.6600341796875,4825.56982421875
1995-11-06,588.4600219726562,1062.1400146484375,4814.009765625
1995-11-07,586.3200073242188,1043.9000244140625,4797.02978515625
1995-11-08,591.7100219726562,1047.93994140625,4852.669921875
1995-11-09,593.260009765625,1065.5899658203125,4864.22998046875
1995-11-10,592.719970703125,1063.8699951171875,4870.3701171875
1995-11-13,592.2999877929688,1058.4599609375,4872.89990234375
1995-11-14,589.2899780273438,1040.6199951171875,4871.81005859375
1995-11-15,593.9600219726562,1041.8499755859375,4922.75
1995-11-16,597.3400268554688,1044.47998046875,4969.35986328125
1995-11-17,600.0700073242188,1045.030029296875,4989.9501953125
1995-11-20,596.8499755859375,1029.469970703125,4983.08984375
1995-11-21,600.239990234375,1024.989990234375,5023.5498046875
1995-11-22,598.4000244140625,1021.239990234375,5041.60986328125
1995-11-24,599.969970703125,1030.1700439453125,5048.83984375
1995-11-27,601.3200073242188,1029.3199462890625,5070.8798828125
1995-11-28,606.4500122070312,1050.050048828125,5078.10009765625
1995-11-29,607.6400146484375,1057.5699462890625,5105.56005859375
1995-11-30,605.3699951171875,1059.199951171875,5074.490234375
1995-12-01,606.97998046875,1055.31005859375,5087.1298828125
1995-12-04,613.6799926757812,1069.7900390625,5139.52001953125
1995-12-05,617.6799926757812,1065.8900146484375,5177.4501953125
1995-12-06,620.1799926757812,1061.72998046875,5199.1298828125
1995-12-07,616.1699829101562,1053.1700439453125,5159.39013671875
1995-12-08,617.47998046875,1062.4100341796875,5156.85986328125
1995-12-11,619.52001953125,1061.5,5184.31982421875
1995-12-12,618.780029296875,1052.0699462890625,5174.919921875
1995-12-13,621.6900024414062,1056.5400390625,5216.47021484375
1995-12-14,616.9199829101562,1038.18994140625,5182.14990234375
1995-12-15,616.3400268554688,1030.47998046875,5176.72998046875
1995-12-18,606.8099975585938,1002.5599975585938,5075.2099609375
1995-12-19,611.9299926757812,1026.4100341796875,5109.89013671875
1995-12-20,605.9400024414062,1025.27001953125,5059.31982421875
1995-12-21,610.489990234375,1040.6400146484375,5096.52978515625
1995-12-22,611.9500122070312,1046.8900146484375,5097.97021484375
1995-12-26,614.2999877929688,1049.3699951171875,5110.259765625
1995-12-27,614.530029296875,1048.1300048828125,5105.919921875
1995-12-28,614.1199951171875,1042.219970703125,5095.7998046875
1995-12-29,615.9299926757812,1052.1300048828125,5117.1201171875
1996-01-02,620.72998046875,1058.6500244140625,5177.4501953125
1996-01-03,621.3200073242188,1046.260009765625,5194.06982421875
1996-01-04,617.7000122070312,1029.8199462890625,5173.83984375
1996-01-05,616.7100219726562,1033.469970703125,5181.43017578125
1996-01-08,618.4600219726562,1032.3699951171875,5197.7001953125
1996-01-09,609.4500122070312,998.8099975585938,5130.1298828125
1996-01-10,598.47998046875,990.2100219726562,5032.93994140625
1996-01-11,602.6900024414062,1011.0999755859375,5065.10009765625
1996-01-12,601.8099975585938,1008.22998046875,5061.1201171875
1996-01-15,599.8200073242188,988.5700073242188,5043.77978515625
1996-01-16,608.4400024414062,995.8699951171875,5088.22021484375
1996-01-17,606.3699951171875,998.2999877929688,5066.89990234375
1996-01-18,608.239990234375,1007.239990234375,5124.35009765625
1996-01-19,611.8300170898438,1018.4500122070312,5184.68017578125
1996-01-22,613.4000244140625,1029.43994140625,5219.35986328125
1996-01-23,612.7899780273438,1028.0400390625,5192.27001953125
1996-01-24,619.9600219726562,1043.4599609375,5242.83984375
1996-01-25,617.030029296875,1035.949951171875,5216.830078125
1996-01-26,621.6199951171875,1040.9599609375,5271.75
1996-01-29,624.219970703125,1042.510009765625,5304.97998046875
1996-01-30,630.1500244140625,1051.300048828125,5381.2099609375
1996-01-31,636.02001953125,1059.7900390625,5395.2998046875
1996-02-01,638.4600219726562,1069.4599609375,5405.06005859375
1996-02-02,635.8400268554688,1072.1099853515625,5373.990234375
1996-02-05,641.4299926757812,1083.3399658203125,5407.58984375
1996-02-06,646.3300170898438,1089.0799560546875,5459.60986328125
1996-02-07,649.9299926757812,1084.8800048828125,5492.1201171875
1996-02-08,656.0700073242188,1093.1700439453125,5539.4501953125
1996-02-09,656.3699951171875,1094.5999755859375,5541.6201171875
1996-02-12,661.4500122070312,1095.3800048828125,5600.14990234375
1996-02-13,660.510009765625,1087.219970703125,5601.22998046875
1996-02-14,655.5800170898438,1088.030029296875,5579.5498046875
1996-02-15,651.3200073242188,1090.5400390625,5551.3701171875
1996-02-16,647.97998046875,1090.7099609375,5503.31982421875
1996-02-20,640.6500244140625,1083.239990234375,5458.52978515625
1996-02-21,648.0999755859375,1096.8499755859375,5515.97021484375
1996-02-22,658.8599853515625,1117.1099853515625,5608.4599609375
1996-02-23,659.0800170898438,1117.7900390625,5630.490234375
1996-02-26,650.4600219726562,1113.050048828125,5565.10009765625
1996-02-27,647.239990234375,1106.1700439453125,5549.2099609375
1996-02-28,644.75,1107.550048828125,5506.2099609375
1996-02-29,640.4299926757812,1100.050048828125,5485.6201171875
1996-03-01,644.3699951171875,1086.0799560546875,5536.56005859375
1996-03-04,650.8099975585938,1084.8800048828125,5600.14990234375
1996-03-05,655.7899780273438,1096.81005859375,5642.419921875
1996-03-06,652.0,1091.8199462890625,5629.77001953125
1996-03-07,653.6500244140625,1093.1199951171875,5641.68994140625
1996-03-08,633.5,1063.72998046875,5470.4501953125
1996-03-11,640.02001953125,1080.5,5581.0
1996-03-12,637.0900268554688,1073.050048828125,5583.89013671875
1996-03-13,638.5499877929688,1088.6400146484375,5568.72021484375
1996-03-14,640.8699951171875,1091.0699462890625,5586.06005859375
1996-03-15,641.4299926757812,1099.5899658203125,5584.97021484375
1996-03-18,652.6500244140625,1114.4200439453125,5683.60009765625
1996-03-19,651.6900024414062,1112.5,5669.509765625
1996-03-20,649.97998046875,1101.8199462890625,5655.419921875
1996-03-21,649.1900024414062,1099.7900390625,5626.8798828125
1996-03-22,650.6199951171875,1102.219970703125,5636.64013671875
1996-03-25,650.0399780273438,1087.0899658203125,5643.85986328125
1996-03-26,652.969970703125,1088.3499755859375,5670.60009765625
1996-03-27,648.9099731445312,1093.8800048828125,5626.8798828125
1996-03-28,648.9400024414062,1094.8299560546875,5630.85009765625
1996-03-29,645.5,1101.4000244140625,5587.14013671875
1996-04-01,653.72998046875,1106.5699462890625,5637.72021484375
1996-04-02,655.260009765625,1111.2900390625,5671.68017578125
1996-04-03,655.8800048828125,1115.8499755859375,5689.740234375
1996-04-04,655.8599853515625,1118.2099609375,5682.8798828125
1996-04-08,644.239990234375,1105.6600341796875,5594.3701171875
1996-04-09,642.1900024414062,1109.1500244140625,5560.41015625
1996-04-10,633.5,1105.280029296875,5485.97998046875
1996-04-11,631.1799926757812,1097.1400146484375,5487.06982421875
1996-04-12,636.7100219726562,1100.93994140625,5532.58984375
1996-04-15,642.489990234375,1110.43994140625,5592.919921875
1996-04-16,645.0,1124.9200439453125,5620.02001953125
1996-04-17,641.6099853515625,1120.8699951171875,5549.93017578125
1996-04-18,643.6099853515625,1136.300048828125,5551.740234375
1996-04-19,645.0700073242188,1138.699951171875,5535.47998046875
1996-04-22,647.8900146484375,1153.5,5564.740234375
1996-04-23,651.5800170898438,1166.760009765625,5588.58984375
1996-04-24,650.1699829101562,1176.8299560546875,5553.89990234375
1996-04-25,652.8699951171875,1184.1700439453125,5566.91015625
1996-04-26,653.4600219726562,1186.8900146484375,5567.990234375
1996-04-29,654.1599731445312,1188.199951171875,5573.41015625
1996-04-30,654.1699829101562,1190.52001953125,5569.080078125
1996-05-01,654.5800170898438,1199.6600341796875,5575.22021484375
1996-05-02,643.3800048828125,1178.3299560546875,5498.27001953125
1996-05-03,641.6300048828125,1184.5999755859375,5478.02978515625
1996-05-06,640.8099975585938,1186.31005859375,5464.31005859375
1996-05-07,638.260009765625,1182.6700439453125,5420.9501953125
1996-05-08,644.77001953125,1183.4300537109375,5474.06005859375
1996-05-09,645.4400024414062,1187.8199462890625,5475.14013671875
1996-05-10,652.0900268554688,1202.760009765625,5518.14013671875
1996-05-13,661.510009765625,1221.8699951171875,5582.60009765625
1996-05-14,665.5999755859375,1234.489990234375,5624.7099609375
1996-05-15,665.4199829101562,1233.56005859375,5625.43994140625
1996-05-16,664.8499755859375,1239.31005859375,5635.0498046875
1996-05-17,668.9099731445312,1241.8800048828125,5687.5
1996-05-20,673.1500244140625,1248.1099853515625,5748.81982421875
1996-05-21,672.760009765625,1244.4200439453125,5736.259765625
1996-05-22,678.4199829101562,1247.3800048828125,5778.0
1996-05-23,676.0,1248.6500244140625,5762.1201171875
1996-05-24,678.510009765625,1247.800048828125,5762.85986328125
1996-05-28,672.22998046875,1236.300048828125,5709.669921875
1996-05-29,667.9299926757812,1225.6300048828125,5673.830078125
1996-05-30,671.7000122070312,1233.47998046875,5693.41015625
1996-05-31,669.1199951171875,1243.4300537109375,5643.18017578125
1996-06-03,667.6799926757812,1238.72998046875,5624.7099609375
1996-06-04,672.5599975585938,1243.6800537109375,5665.7099609375
1996-06-05,678.4400024414062,1249.1500244140625,5697.47998046875
1996-06-06,673.030029296875,1232.52001953125,5667.18994140625
1996-06-07,673.3099975585938,1229.760009765625,5697.10986328125
1996-06-10,672.1599731445312,1230.0400390625,5687.8701171875
1996-06-11,670.969970703125,1230.760009765625,5668.66015625
1996-06-12,669.0399780273438,1235.469970703125,5668.2900390625
1996-06-13,667.9199829101562,1225.6500244140625,5657.9501953125
1996-06-14,665.8499755859375,1213.1800537109375,5649.4501953125
1996-06-17,665.1599731445312,1207.6400146484375,5652.77978515625
1996-06-18,662.0599975585938,1183.0799560546875,5628.02978515625
1996-06-19,661.9600219726562,1179.27001953125,5648.35009765625
1996-06-20,662.0999755859375,1167.3399658203125,5659.43017578125
1996-06-21,666.8400268554688,1175.43994140625,5705.22998046875
1996-06-24,668.8499755859375,1182.9000244140625,5717.7900390625
1996-06-25,668.47998046875,1172.5799560546875,5719.27001953125
1996-06-26,664.3900146484375,1153.2900390625,5682.7001953125
1996-06-27,668.5499877929688,1166.010009765625,5677.52978515625
1996-06-28,670.6300048828125,1185.02001953125,5654.6298828125
1996-07-01,675.8800048828125,1197.449951171875,5729.97998046875
1996-07-02,673.6099853515625,1191.1500244140625,5720.3798828125
1996-07-03,672.4000244140625,1181.5999755859375,5703.02001953125
1996-07-05,657.4400024414062,1158.3499755859375,5588.14013671875
1996-07-08,652.5399780273438,1148.8199462890625,5550.830078125
1996-07-09,654.75,1153.5899658203125,5581.85986328125
1996-07-10,656.0599975585938,1141.18994140625,5603.64990234375
1996-07-11,645.6699829101562,1106.3599853515625,5520.5400390625
1996-07-12,646.1900024414062,1103.489990234375,5510.56005859375
1996-07-15,629.7999877929688,1060.18994140625,5349.509765625
1996-07-16,628.3699951171875,1053.469970703125,5358.759765625
1996-07-17,634.0700073242188,1086.6500244140625,5376.8798828125
1996-07-18,643.5599975585938,1109.8199462890625,5464.18017578125
1996-07-19,638.72998046875,1097.6800537109375,5426.81982421875
1996-07-22,633.77001953125,1081.3900146484375,5390.93994140625
1996-07-23,626.8699951171875,1049.0699462890625,5346.5498046875
1996-07-24,626.6500244140625,1042.3699951171875,5354.68994140625
1996-07-25,631.1699829101562,1062.3900146484375,5422.009765625
1996-07-26,635.9000244140625,1079.43994140625,5473.06005859375
1996-07-29,630.9099731445312,1066.469970703125,5434.58984375
1996-07-30,635.260009765625,1071.949951171875,5481.93017578125
1996-07-31,639.9500122070312,1080.5899658203125,5528.91015625
1996-08-01,650.02001953125,1098.8499755859375,5594.75
1996-08-02,662.489990234375,1124.9200439453125,5679.830078125
1996-08-05,660.22998046875,1120.530029296875,5674.27978515625
1996-08-06,662.3800048828125,1128.8699951171875,5696.10986328125
1996-08-07,664.1599731445312,1141.1099853515625,5718.669921875
1996-08-08,662.5900268554688,1137.510009765625,5713.490234375
1996-08-09,662.0999755859375,1137.27001953125,5681.31005859375
1996-08-12,665.77001953125,1138.27001953125,5704.97998046875
1996-08-13,660.2000122070312,1126.1500244140625,5647.27978515625
1996-08-14,662.0499877929688,1133.510009765625,5666.89990234375
1996-08-15,662.280029296875,1134.68994140625,5665.77978515625
1996-08-16,665.2100219726562,1133.6500244140625,5689.4501953125
1996-08-19,666.5800170898438,1130.9100341796875,5699.43994140625
1996-08-20,665.6900024414062,1124.6700439453125,5721.259765625
1996-08-21,665.0700073242188,1126.8399658203125,5689.81982421875
1996-08-22,670.6799926757812,1143.9599609375,5733.47021484375
1996-08-23,667.030029296875,1143.050048828125,5722.740234375
1996-08-26,663.8800048828125,1139.219970703125,5693.89013671875
1996-08-27,666.4000244140625,1149.02001953125,5711.27001953125
1996-08-28,664.8099975585938,1153.8800048828125,5712.3798828125
1996-08-29,657.4000244140625,1145.030029296875,5647.64990234375
1996-08-30,651.989990234375,1141.5,5616.2099609375
1996-09-03,654.719970703125,1142.2900390625,5648.39013671875
1996-09-04,655.6099853515625,1143.8199462890625,5656.89990234375
1996-09-05,649.4400024414062,1125.6600341796875,5606.9599609375
1996-09-06,655.6799926757812,1139.3900146484375,5659.85986328125
1996-09-09,663.760009765625,1148.7099609375,5733.83984375
1996-09-10,663.8099975585938,1149.4300537109375,5727.18017578125
1996-09-11,667.280029296875,1153.949951171875,5754.919921875
1996-09-12,671.1500244140625,1165.81005859375,5771.93994140625
1996-09-13,680.5399780273438,1188.6700439453125,5838.52001953125
1996-09-16,683.97998046875,1193.9599609375,5889.2001953125
1996-09-17,682.9400024414062,1203.31005859375,5888.830078125
1996-09-18,681.469970703125,1205.7099609375,5877.35986328125
1996-09-19,683.0,1212.0899658203125,5867.740234375
1996-09-20,687.030029296875,1219.68994140625,5888.4599609375
1996-09-23,686.47998046875,1211.469970703125,5894.740234375
1996-09-24,685.6099853515625,1215.27001953125,5874.02978515625
1996-09-25,685.8300170898438,1224.6600341796875,5877.35986328125
1996-09-26,685.8599853515625,1227.97998046875,5868.85009765625
1996-09-27,686.1900024414062,1230.050048828125,5872.919921875
1996-09-30,687.3300170898438,1226.9200439453125,5882.169921875
1996-10-01,689.0800170898438,1221.510009765625,5904.89990234375
1996-10-02,694.010009765625,1236.1099853515625,5933.97021484375
1996-10-03,692.780029296875,1233.0899658203125,5932.85009765625
1996-10-04,701.4600219726562,1247.56005859375,5992.85986328125
1996-10-07,703.3400268554688,1250.8699951171875,5979.81005859375
1996-10-08,700.6400146484375,1240.1500244140625,5966.77001953125
1996-10-09,696.739990234375,1237.97998046875,5930.6201171875
1996-10-10,694.6099853515625,1236.969970703125,5921.669921875
1996-10-11,700.6599731445312,1248.27001953125,5969.3798828125
1996-10-14,703.5399780273438,1256.3599853515625,6010.0
1996-10-15,702.5700073242188,1258.0999755859375,6004.77978515625
1996-10-16,704.4099731445312,1250.989990234375,6020.81005859375
1996-10-17,706.989990234375,1241.9599609375,6059.2001953125
1996-10-18,710.8200073242188,1242.47998046875,6094.22998046875
1996-10-21,709.8499755859375,1236.4100341796875,6090.8701171875
1996-10-22,706.5700073242188,1220.0,6061.7998046875
1996-10-23,707.27001953125,1227.8800048828125,6036.4599609375
1996-10-24,702.2899780273438,1227.0,5992.47998046875
1996-10-25,700.9199829101562,1222.5999755859375,6007.02001953125
1996-10-28,697.260009765625,1215.8900146484375,5972.72998046875
1996-10-29,701.5,1203.050048828125,6007.02001953125
1996-10-30,700.9000244140625,1206.22998046875,5993.22998046875
1996-10-31,705.27001953125,1221.510009765625,6029.3798828125
1996-11-01,703.77001953125,1221.780029296875,6021.93017578125
1996-11-04,706.72998046875,1220.47998046875,6041.68017578125
1996-11-05,714.1400146484375,1229.0699462890625,6081.18017578125
1996-11-06,724.5900268554688,1245.489990234375,6177.7099609375
1996-11-07,727.6500244140625,1254.1400146484375,6206.0400390625
1996-11-08,730.8200073242188,1257.510009765625,6219.81982421875
1996-11-11,731.8699951171875,1262.6700439453125,6255.60009765625
1996-11-12,729.5599975585938,1256.530029296875,6266.0400390625
1996-11-13,731.1300048828125,1260.719970703125,6274.240234375
1996-11-14,735.8800048828125,1270.3599853515625,6313.0
1996-11-15,737.6199951171875,1261.800048828125,6348.02978515625
1996-11-18,737.02001953125,1254.5699462890625,6346.91015625
1996-11-19,742.1599731445312,1262.6199951171875,6397.60009765625
1996-11-20,743.9500122070312,1264.93994140625,6430.02001953125
1996-11-21,742.75,1258.0799560546875,6418.47021484375
1996-11-22,748.72998046875,1274.3599853515625,6471.759765625
1996-11-25,757.030029296875,1280.3699951171875,6547.7900390625
1996-11-26,755.9600219726562,1281.199951171875,6528.41015625
1996-11-27,755.0,1287.3199462890625,6499.33984375
1996-11-29,757.02001953125,1292.6099853515625,6521.7001953125
1996-12-02,756.5599975585938,1299.8199462890625,6521.7001953125
1996-12-03,748.280029296875,1300.3699951171875,6442.68994140625
1996-12-04,745.0999755859375,1297.02001953125,6422.93994140625
1996-12-05,744.3800048828125,1300.1199951171875,6437.10009765625
1996-12-06,739.5999755859375,1287.6800537109375,6381.93994140625
1996-12-09,749.760009765625,1316.27001953125,6463.93994140625
1996-12-10,747.5399780273438,1312.550048828125,6473.25
1996-12-11,740.72998046875,1309.1199951171875,6402.52001953125
1996-12-12,729.2999877929688,1298.3299560546875,6303.7099609375
1996-12-13,728.6400146484375,1284.9100341796875,6304.8701171875
1996-12-16,720.97998046875,1260.97998046875,6268.35009765625
1996-12-17,726.0399780273438,1266.3199462890625,6308.330078125
1996-12-18,731.5399780273438,1285.3800048828125,6346.77001953125
1996-12-19,745.760009765625,1295.8599853515625,6473.64013671875
1996-12-20,748.8699951171875,1288.56005859375,6484.39990234375
1996-12-23,746.9199829101562,1279.52001953125,6489.02001953125
1996-12-24,751.030029296875,1287.6300048828125,6522.85009765625
1996-12-26,755.8200073242188,1294.5699462890625,6546.68017578125
1996-12-27,756.7899780273438,1291.3800048828125,6560.91015625
1996-12-30,753.8499755859375,1287.75,6549.3701171875
1996-12-31,740.739990234375,1291.030029296875,6448.27001953125
1997-01-02,737.010009765625,1280.699951171875,6442.490234375
1997-01-03,748.030029296875,1310.6800537109375,6544.08984375
1997-01-06,747.6500244140625,1316.4000244140625,6567.18017578125
1997-01-07,753.22998046875,1327.72998046875,6600.66015625
1997-01-08,748.4099731445312,1320.3499755859375,6549.47998046875
1997-01-09,754.8499755859375,1326.199951171875,6625.669921875
1997-01-10,759.5,1332.02001953125,6703.7900390625
1997-01-13,759.510009765625,1330.9100341796875,6709.18017578125
1997-01-14,768.8599853515625,1346.3599853515625,6762.2900390625
1997-01-15,767.2000122070312,1333.530029296875,6726.8798828125
1997-01-16,769.75,1340.4599609375,6765.3701171875
1997-01-17,776.1699829101562,1349.050048828125,6833.10009765625
1997-01-20,776.7000122070312,1364.280029296875,6843.8701171875
1997-01-21,782.719970703125,1376.969970703125,6883.89990234375
1997-01-22,786.22998046875,1388.06005859375,6850.02978515625
1997-01-23,777.5599975585938,1378.3699951171875,6755.75
1997-01-24,770.52001953125,1363.8299560546875,6696.47998046875
1997-01-27,765.02001953125,1352.81005859375,6660.68994140625
1997-01-28,765.02001953125,1354.3699951171875,6656.080078125
1997-01-29,772.5,1355.1700439453125,6740.740234375
1997-01-30,784.1699829101562,1371.02001953125,6823.85986328125
1997-01-31,786.1599731445312,1379.8499755859375,6813.08984375
1997-02-03,786.72998046875,1376.050048828125,6806.16015625
1997-02-04,789.260009765625,1373.75,6833.47998046875
1997-02-05,778.280029296875,1348.43994140625,6746.89990234375
1997-02-06,780.1500244140625,1346.4000244140625,6773.06005859375
1997-02-07,789.5599975585938,1357.7099609375,6855.7998046875
1997-02-10,785.4299926757812,1335.3399658203125,6806.5400390625
1997-02-11,789.5900268554688,1331.510009765625,6858.10986328125
1997-02-12,802.77001953125,1358.9599609375,6961.6298828125
1997-02-13,811.8200073242188,1370.81005859375,7022.43994140625
1997-02-14,808.47998046875,1367.18994140625,6988.9599609375
1997-02-18,816.2899780273438,1365.7900390625,7067.4599609375
1997-02-19,812.489990234375,1365.5799560546875,7020.1298828125
1997-02-20,802.7999877929688,1347.4000244140625,6927.3798828125
1997-02-21,801.77001953125,1334.3199462890625,6931.6201171875
1997-02-24,810.280029296875,1345.0799560546875,7008.2001953125
1997-02-25,812.030029296875,1347.68994140625,7037.830078125
1997-02-26,805.6799926757812,1340.550048828125,6983.18017578125
1997-02-27,795.0700073242188,1312.6600341796875,6925.06982421875
1997-02-28,790.8200073242188,1309.0,6877.740234375
1997-03-03,795.3099975585938,1311.1800537109375,6918.919921875
1997-03-04,790.9500122070312,1317.3699951171875,6852.72021484375
1997-03-05,801.989990234375,1329.0899658203125,6945.85009765625
1997-03-06,798.5599975585938,1315.4300537109375,6944.7001953125
1997-03-07,804.969970703125,1311.800048828125,7000.89013671875
1997-03-10,813.6500244140625,1322.719970703125,7079.39013671875
1997-03-11,811.3400268554688,1316.760009765625,7085.16015625
1997-03-12,804.260009765625,1304.1300048828125,7039.3701171875
1997-03-13,789.5599975585938,1293.280029296875,6878.89013671875
1997-03-14,793.1699829101562,1292.969970703125,6935.4599609375
1997-03-17,795.7100219726562,1279.4300537109375,6955.47998046875
1997-03-18,789.6599731445312,1269.3399658203125,6896.56005859375
1997-03-19,785.77001953125,1249.2900390625,6877.68017578125
1997-03-20,782.6500244140625,1259.260009765625,6820.27978515625
1997-03-21,784.0999755859375,1254.0699462890625,6804.7900390625
1997-03-24,790.8900146484375,1242.6400146484375,6905.25
1997-03-25,789.0700073242188,1248.06005859375,6876.169921875
1997-03-26,790.5,1269.0799560546875,6880.7001953125
1997-03-27,773.8800048828125,1249.510009765625,6740.58984375
1997-03-31,757.1199951171875,1221.699951171875,6583.47998046875
1997-04-01,759.6400146484375,1216.9300537109375,6611.0498046875
1997-04-02,750.1099853515625,1201.0,6517.0
1997-04-03,750.3200073242188,1213.760009765625,6477.39990234375
1997-04-04,757.9000244140625,1236.72998046875,6526.10009765625
1997-04-07,762.1300048828125,1251.3499755859375,6555.89990234375
1997-04-08,766.1199951171875,1257.3699951171875,6609.2001953125
1997-04-09,760.5999755859375,1249.4300537109375,6563.7998046875
1997-04-10,758.3400268554688,1235.77001953125,6540.0498046875
1997-04-11,737.6500244140625,1206.9000244140625,6391.7001953125
1997-04-14,743.72998046875,1216.4100341796875,6451.89990234375
1997-04-15,754.719970703125,1212.8800048828125,6587.16015625
1997-04-16,763.530029296875,1210.27001953125,6679.8701171875
1997-04-17,761.77001953125,1217.0699462890625,6658.60009765625
1997-04-18,766.3400268554688,1222.5699462890625,6703.35009765625
1997-04-21,760.3699951171875,1203.949951171875,6660.2001953125
1997-04-22,774.6099853515625,1212.739990234375,6833.60009765625
1997-04-23,773.6400146484375,1227.1400146484375,6812.7001953125
1997-04-24,771.1799926757812,1228.0999755859375,6792.2998046875
1997-04-25,765.3699951171875,1209.2900390625,6738.89990234375
1997-04-28,772.9600219726562,1217.030029296875,6783.0
1997-04-29,794.0499877929688,1242.6300048828125,6962.0
1997-04-30,801.3400268554688,1260.760009765625,7009.0
1997-05-01,798.530029296875,1270.5,6976.5
1997-05-02,812.969970703125,1305.3299560546875,7071.2001953125
1997-05-05,830.2899780273438,1339.239990234375,7213.68017578125
1997-05-06,827.760009765625,1328.300048828125,7225.2998046875
1997-05-07,815.6199951171875,1322.9100341796875,7085.64990234375
1997-05-08,820.260009765625,1330.8299560546875,7136.60009765625
1997-05-09,824.780029296875,1335.050048828125,7169.5
1997-05-12,837.6599731445312,1344.18994140625,7292.7998046875
1997-05-13,833.1300048828125,1333.5899658203125,7274.2001953125
1997-05-14,836.0399780273438,1335.550048828125,7286.2001953125
1997-05-15,841.8800048828125,1353.5799560546875,7333.5
1997-05-16,829.75,1340.72998046875,7194.7001953125
1997-05-19,833.27001953125,1341.239990234375,7228.89990234375
1997-05-20,841.6599731445312,1363.8800048828125,7303.5
1997-05-21,839.3499755859375,1373.75,7290.7001953125
1997-05-22,835.6599731445312,1372.5999755859375,7258.10009765625
1997-05-23,847.030029296875,1389.719970703125,7345.89990234375
1997-05-27,849.7100219726562,1409.2099609375,7383.39990234375
1997-05-28,847.2100219726562,1410.1800537109375,7357.2001953125
1997-05-29,844.0800170898438,1403.0400390625,7330.2001953125
1997-05-30,848.280029296875,1400.3199462890625,7331.0
1997-06-02,846.3599853515625,1404.7900390625,7289.39990234375
1997-06-03,845.47998046875,1384.9100341796875,7312.10009765625
1997-06-04,840.1099853515625,1379.6700439453125,7269.7001953125
1997-06-05,843.4299926757812,1390.050048828125,7305.2998046875
1997-06-06,858.010009765625,1404.8399658203125,7435.7998046875
1997-06-09,862.9099731445312,1412.0400390625,7478.5
1997-06-10,865.27001953125,1401.68994140625,7539.27001953125
1997-06-11,869.5700073242188,1407.8499755859375,7575.7998046875
1997-06-12,883.4600219726562,1411.3199462890625,7711.5
1997-06-13,893.27001953125,1423.030029296875,7782.0
1997-06-16,893.9000244140625,1431.949951171875,7772.10009765625
1997-06-17,894.4199829101562,1443.1099853515625,7760.7998046875
1997-06-18,889.0599975585938,1432.4300537109375,7718.7001953125
1997-06-19,897.989990234375,1447.1400146484375,7777.10009765625
1997-06-20,898.7000122070312,1447.0999755859375,7796.5
1997-06-23,878.6199951171875,1434.3199462890625,7604.2998046875
1997-06-24,896.3400268554688,1452.4300537109375,7758.06005859375
1997-06-25,888.989990234375,1446.239990234375,7690.0
1997-06-26,883.6799926757812,1436.3800048828125,7654.2998046875
1997-06-27,887.2999877929688,1438.1500244140625,7687.7001953125
1997-06-30,885.1400146484375,1442.0699462890625,7672.7998046875
1997-07-01,891.030029296875,1438.25,7722.2998046875
1997-07-02,904.030029296875,1455.6099853515625,7795.3798828125
1997-07-03,916.9199829101562,1467.6099853515625,7895.7998046875
1997-07-07,912.2000122070312,1470.739990234375,7858.5
1997-07-08,918.75,1485.0999755859375,7962.2998046875
1997-07-09,907.5399780273438,1486.6300048828125,7842.39990234375
1997-07-10,913.780029296875,1490.9300537109375,7886.7998046875
1997-07-11,916.6799926757812,1502.6199951171875,7921.7998046875
1997-07-14,918.3800048828125,1523.8800048828125,7923.0
1997-07-15,925.760009765625,1542.1099853515625,7975.7001953125
1997-07-16,936.5900268554688,1580.6300048828125,8038.89990234375
1997-07-17,931.6099853515625,1568.8499755859375,8020.7998046875
1997-07-18,915.2999877929688,1547.989990234375,7890.5
1997-07-21,912.9400024414062,1536.22998046875,7906.7001953125
1997-07-22,933.97998046875,1563.8599853515625,8061.60009765625
1997-07-23,936.5599975585938,1567.6500244140625,8088.35986328125
1997-07-24,940.2999877929688,1569.1300048828125,8116.89990234375
1997-07-25,938.7899780273438,1569.5799560546875,8113.39990234375
1997-07-28,936.4500122070312,1563.530029296875,8121.10009765625
1997-07-29,942.2899780273438,1572.3199462890625,8174.5
1997-07-30,952.2899780273438,1588.050048828125,8254.900390625
1997-07-31,954.3099975585938,1593.81005859375,8222.599609375
1997-08-01,947.1400146484375,1594.3299560546875,8194.0
1997-08-04,950.2999877929688,1605.449951171875,8198.5
1997-08-05,952.3699951171875,1621.530029296875,8187.5
1997-08-06,960.3200073242188,1630.43994140625,8259.2998046875
1997-08-07,951.1900024414062,1624.1800537109375,8188.0
1997-08-08,933.5399780273438,1598.52001953125,8031.2001953125
1997-08-11,937.0,1586.739990234375,8062.10009765625
1997-08-12,926.530029296875,1576.239990234375,7960.7998046875
1997-08-13,922.02001953125,1583.4000244140625,7928.2998046875
1997-08-14,924.77001953125,1586.68994140625,7942.0
1997-08-15,900.8099975585938,1562.030029296875,7694.7001953125
1997-08-18,912.489990234375,1569.52001953125,7803.35986328125
1997-08-19,926.010009765625,1600.7099609375,7918.10009765625
1997-08-20,939.3499755859375,1628.699951171875,8021.2001953125
1997-08-21,925.0499877929688,1607.3599853515625,7894.0
1997-08-22,923.5399780273438,1598.68994140625,7887.89990234375
1997-08-25,920.1599731445312,1601.5699462890625,7859.60009765625
1997-08-26,913.02001953125,1591.300048828125,7782.2001953125
1997-08-27,913.7000122070312,1595.5400390625,7787.2998046875
1997-08-28,903.6699829101562,1581.3199462890625,7694.39990234375
1997-08-29,899.469970703125,1587.3199462890625,7622.39990234375
1997-09-02,927.5800170898438,1618.0899658203125,7879.7998046875
1997-09-03,927.8599853515625,1618.239990234375,7894.60009765625
1997-09-04,930.8699951171875,1624.6300048828125,7867.2001953125
1997-09-05,929.0499877929688,1635.77001953125,7822.39990234375
1997-09-08,931.2000122070312,1645.3499755859375,7835.2001953125
1997-09-09,933.6199951171875,1656.219970703125,7851.89990234375
1997-09-10,919.030029296875,1639.25,7719.2998046875
1997-09-11,912.5900268554688,1639.8599853515625,7661.0
1997-09-12,923.9099731445312,1649.3299560546875,7743.0
1997-09-15,919.77001953125,1634.9200439453125,7721.10009765625
1997-09-16,945.6400146484375,1668.5999755859375,7895.89990234375
1997-09-17,943.0,1666.469970703125,7886.39990234375
1997-09-18,947.2899780273438,1670.02001953125,7922.7001953125
1997-09-19,950.510009765625,1680.3599853515625,7917.2998046875
1997-09-22,955.4299926757812,1689.449951171875,7996.7998046875
1997-09-23,951.9299926757812,1697.3599853515625,7970.10009765625
1997-09-24,944.47998046875,1687.4100341796875,7906.7001953125
1997-09-25,937.9099731445312,1678.8900146484375,7848.0
1997-09-26,945.219970703125,1682.239990234375,7922.2001953125
1997-09-29,953.3400268554688,1694.97998046875,7991.39990234375
1997-09-30,947.280029296875,1685.68994140625,7945.2998046875
1997-10-01,955.4099731445312,1690.300048828125,8015.5
1997-10-02,960.4600219726562,1702.4100341796875,8027.5
1997-10-03,965.030029296875,1715.8699951171875,8038.60009765625
1997-10-06,972.6900024414062,1721.9100341796875,8100.2001953125
1997-10-07,983.1199951171875,1737.27001953125,8178.2998046875
1997-10-08,973.8400268554688,1741.77001953125,8095.10009765625
1997-10-09,970.6199951171875,1745.8499755859375,8061.39990234375
1997-10-10,966.97998046875,1739.030029296875,8045.2001953125
1997-10-13,968.0999755859375,1742.1199951171875,8072.2001953125
1997-10-14,970.280029296875,1732.7900390625,8096.2998046875
1997-10-15,965.719970703125,1723.3699951171875,8058.0
1997-10-16,955.25,1699.6600341796875,7938.89990234375
1997-10-17,944.1599731445312,1666.8499755859375,7847.0
1997-10-20,955.6099853515625,1685.449951171875,7921.39990234375
1997-10-21,972.280029296875,1712.5400390625,8060.39990234375
1997-10-22,968.489990234375,1708.0799560546875,8034.60009765625
1997-10-23,950.6900024414062,1671.25,7847.7998046875
1997-10-24,941.6400146484375,1650.9200439453125,7715.39990234375
1997-10-27,876.989990234375,1532.75,7161.2001953125
1997-10-28,921.8499755859375,1603.02001953125,7498.2998046875
1997-10-29,919.1599731445312,1602.75,7506.7001953125
1997-10-30,903.6799926757812,1570.4100341796875,7381.7001953125
1997-10-31,914.6199951171875,1593.6099853515625,7442.10009765625
1997-11-03,938.989990234375,1629.97998046875,7674.39990234375
1997-11-04,940.760009765625,1631.1500244140625,7689.10009765625
1997-11-05,942.760009765625,1637.3299560546875,7692.60009765625
1997-11-06,938.030029296875,1623.43994140625,7683.2001953125
1997-11-07,927.510009765625,1602.4000244140625,7581.2998046875
1997-11-10,921.1300048828125,1590.719970703125,7552.60009765625
1997-11-11,923.780029296875,1584.8599853515625,7558.7001953125
1997-11-12,905.9600219726562,1541.7099609375,7401.2998046875
1997-11-13,916.6599731445312,1559.25,7487.7998046875
1997-11-14,928.3499755859375,1583.510009765625,7572.5
1997-11-17,946.2000122070312,1614.1099853515625,7698.2001953125
1997-11-18,938.22998046875,1600.43994140625,7650.7998046875
1997-11-19,944.5900268554688,1601.219970703125,7724.7001953125
1997-11-20,958.97998046875,1626.56005859375,7826.60009765625
1997-11-21,963.0900268554688,1620.75,7881.06982421875
1997-11-24,946.6699829101562,1586.989990234375,7767.89990234375
1997-11-25,950.8200073242188,1589.0400390625,7809.0
1997-11-26,951.6400146484375,1594.5,7794.7998046875
1997-11-28,955.4000244140625,1600.550048828125,7823.10009765625
1997-12-01,974.77001953125,1630.719970703125,8013.10009765625
1997-12-02,971.6799926757812,1606.3699951171875,8018.7998046875
1997-12-03,976.77001953125,1615.1300048828125,8032.0
1997-12-04,973.0999755859375,1613.4200439453125,8050.2001953125
1997-12-05,983.7899780273438,1633.9000244140625,8149.10009765625
1997-12-08,982.3699951171875,1651.5400390625,8110.7998046875
1997-12-09,975.780029296875,1620.550048828125,8049.7001953125
1997-12-10,969.7899780273438,1596.6099853515625,7978.7998046875
1997-12-11,954.9400024414062,1558.5400390625,7849.0
1997-12-12,953.3900146484375,1536.5799560546875,7838.2998046875
1997-12-15,963.3900146484375,1536.56005859375,7922.60009765625
1997-12-16,968.0399780273438,1553.0,7976.2998046875
1997-12-17,965.5399780273438,1547.3699951171875,7957.39990234375
1997-12-18,955.2999877929688,1523.18994140625,7846.5
1997-12-19,946.780029296875,1524.739990234375,7756.2998046875
1997-12-22,953.7000122070312,1532.06005859375,7819.2998046875
1997-12-23,939.1300048828125,1509.9100341796875,7691.7998046875
1997-12-24,932.7000122070312,1499.530029296875,7660.1298828125
1997-12-26,936.4600219726562,1511.3800048828125,7679.2998046875
1997-12-29,953.3499755859375,1537.449951171875,7792.39990234375
1997-12-30,970.8400268554688,1565.030029296875,7916.0
1997-12-31,970.4299926757812,1570.3499755859375,7908.2998046875
1998-01-02,975.0399780273438,1581.530029296875,7965.0
1998-01-05,977.0700073242188,1594.1199951171875,7979.0
1998-01-06,966.5800170898438,1580.1400146484375,7906.25
1998-01-07,964.0,1561.699951171875,7902.2998046875
1998-01-08,956.0499877929688,1555.5400390625,7802.60009765625
1998-01-09,927.6900024414062,1503.219970703125,7580.39990234375
1998-01-12,939.2100219726562,1507.5799560546875,7647.2001953125
1998-01-13,952.1199951171875,1541.6300048828125,7732.10009765625
1998-01-14,957.9400024414062,1548.760009765625,7784.7001953125
1998-01-15,950.72998046875,1547.06005859375,7691.7998046875
1998-01-16,961.510009765625,1562.8800048828125,7753.5
1998-01-20,978.5999755859375,1590.1400146484375,7873.10009765625
1998-01-21,970.8099975585938,1587.9200439453125,7794.39990234375
1998-01-22,963.0399780273438,1576.510009765625,7730.89990234375
1998-01-23,957.5900268554688,1575.9300537109375,7700.7001953125
1998-01-26,956.9500122070312,1561.4599609375,7712.93994140625
1998-01-27,969.02001953125,1578.9000244140625,7815.080078125
1998-01-28,977.4600219726562,1610.8199462890625,7915.47021484375
1998-01-29,985.489990234375,1619.489990234375,7973.02001953125
1998-01-30,980.280029296875,1619.3599853515625,7906.5
1998-02-02,1001.27001953125,1652.8900146484375,8107.77978515625
1998-02-03,1006.0,1666.3399658203125,8160.35009765625
1998-02-04,1006.9000244140625,1680.43994140625,8129.7099609375
1998-02-05,1003.5399780273438,1676.9000244140625,8117.25
1998-02-06,1012.4600219726562,1694.3499755859375,8189.490234375
1998-02-09,1010.739990234375,1690.4300537109375,8180.52001953125
1998-02-10,1019.010009765625,1709.0400390625,8295.6103515625
1998-02-11,1020.010009765625,1708.550048828125,8314.5498046875
1998-02-12,1024.1400146484375,1714.3399658203125,8369.599609375
1998-02-13,1020.0900268554688,1710.4200439453125,8370.099609375
1998-02-17,1022.760009765625,1703.4300537109375,8398.5
1998-02-18,1032.0799560546875,1715.72998046875,8451.0595703125
1998-02-19,1028.280029296875,1727.010009765625,8375.580078125
1998-02-20,1034.2099609375,1728.1300048828125,8413.9404296875
1998-02-23,1038.1400146484375,1751.760009765625,8410.2001953125
1998-02-24,1030.56005859375,1738.7099609375,8370.099609375
1998-02-25,1042.9000244140625,1766.47998046875,8457.7802734375
1998-02-26,1048.6700439453125,1777.1099853515625,8490.669921875
1998-02-27,1049.3399658203125,1770.510009765625,8545.7197265625
1998-03-02,1047.699951171875,1758.5400390625,8550.4501953125
1998-03-03,1052.02001953125,1757.1400146484375,8584.830078125
1998-03-04,1047.3299560546875,1759.699951171875,8539.240234375
1998-03-05,1035.050048828125,1711.9200439453125,8444.330078125
1998-03-06,1055.68994140625,1753.489990234375,8569.3896484375
1998-03-09,1052.31005859375,1725.1600341796875,8567.1396484375
1998-03-10,1064.25,1748.510009765625,8643.1201171875
1998-03-11,1068.469970703125,1756.8499755859375,8675.75
1998-03-12,1069.9200439453125,1764.06005859375,8659.5595703125
1998-03-13,1068.6099853515625,1771.6600341796875,8602.51953125
1998-03-16,1079.27001953125,1788.1800537109375,8718.849609375
1998-03-17,1080.449951171875,1779.300048828125,8749.990234375
1998-03-18,1085.52001953125,1788.280029296875,8775.400390625
1998-03-19,1089.739990234375,1799.97998046875,8803.0498046875
1998-03-20,1099.1600341796875,1789.1600341796875,8906.4296875
1998-03-23,1095.550048828125,1792.510009765625,8816.25
1998-03-24,1105.6500244140625,1812.43994140625,8904.4404296875
1998-03-25,1101.9300537109375,1824.510009765625,8872.7998046875
1998-03-26,1100.800048828125,1828.5400390625,8846.8896484375
1998-03-27,1095.43994140625,1823.6199951171875,8796.080078125
1998-03-30,1093.5999755859375,1818.699951171875,8782.1201171875
1998-03-31,1101.75,1835.6800537109375,8799.8095703125
1998-04-01,1108.1500244140625,1847.6600341796875,8868.3203125
1998-04-02,1120.010009765625,1852.9599609375,8986.6396484375
1998-04-03,1122.699951171875,1855.4000244140625,8983.41015625
1998-04-06,1121.3800048828125,1829.1400146484375,9033.23046875
1998-04-07,1109.550048828125,1798.7099609375,8956.5
1998-04-08,1101.6500244140625,1807.010009765625,8891.48046875
1998-04-09,1110.6700439453125,1820.239990234375,8994.8603515625
1998-04-13,1109.68994140625,1824.949951171875,9012.2998046875
1998-04-14,1115.75,1843.030029296875,9110.2001953125
1998-04-15,1119.3199462890625,1863.260009765625,9162.26953125
1998-04-16,1108.1700439453125,1858.239990234375,9076.5703125
1998-04-17,1122.719970703125,1866.5999755859375,9167.5
1998-04-20,1123.6500244140625,1887.1400146484375,9141.83984375
1998-04-21,1126.6700439453125,1903.8699951171875,9184.9404296875
1998-04-22,1130.5400390625,1917.6099853515625,9176.7197265625
1998-04-23,1119.5799560546875,1881.3900146484375,9143.330078125
1998-04-24,1107.9000244140625,1868.9599609375,9064.6201171875
1998-04-27,1086.5400390625,1820.31005859375,8917.6396484375
1998-04-28,1085.1099853515625,1831.77001953125,8898.9599609375
1998-04-29,1094.6199951171875,1851.6400146484375,8951.51953125
1998-04-30,1111.75,1868.4100341796875,9063.3701171875
1998-05-01,1121.0,1873.43994140625,9147.0703125
1998-05-04,1122.0699462890625,1878.8599853515625,9192.66015625
1998-05-05,1115.5,1864.9100341796875,9147.5703125
1998-05-06,1104.9200439453125,1856.6800537109375,9054.650390625
1998-05-07,1095.1400146484375,1835.1400146484375,8976.6796875
1998-05-08,1108.1400146484375,1864.3699951171875,9055.150390625
1998-05-11,1106.6400146484375,1848.0699462890625,9091.51953125
1998-05-12,1115.7900390625,1860.1600341796875,9161.76953125
1998-05-13,1118.8599853515625,1866.1800537109375,9211.83984375
1998-05-14,1117.3699951171875,1865.3599853515625,9172.23046875
1998-05-15,1108.72998046875,1846.77001953125,9096.0
1998-05-18,1105.8199462890625,1831.6199951171875,9050.91015625
1998-05-19,1109.52001953125,1845.8699951171875,9054.650390625
1998-05-20,1119.06005859375,1831.75,9171.48046875
1998-05-21,1114.6400146484375,1820.989990234375,9132.3701171875
1998-05-22,1110.469970703125,1805.0,9114.4404296875
1998-05-26,1094.02001953125,1778.0899658203125,8963.73046875
1998-05-27,1092.22998046875,1781.0999755859375,8936.5703125
1998-05-28,1097.5999755859375,1794.6199951171875,8970.2001953125
1998-05-29,1090.8199462890625,1778.8699951171875,8899.9501953125
1998-06-01,1090.97998046875,1746.8199462890625,8922.3701171875
1998-06-02,1093.219970703125,1761.7900390625,8891.240234375
1998-06-03,1082.72998046875,1742.31005859375,8803.7998046875
1998-06-04,1094.8299560546875,1769.949951171875,8870.5595703125
1998-06-05,1113.8599853515625,1782.9200439453125,9037.7099609375
1998-06-08,1115.719970703125,1787.77001953125,9069.599609375
1998-06-09,1118.4100341796875,1800.760009765625,9049.919921875
1998-06-10,1112.280029296875,1773.25,8971.7001953125
1998-06-11,1094.5799560546875,1749.75,8811.76953125
1998-06-12,1098.8399658203125,1745.050048828125,8834.9404296875
1998-06-15,1077.010009765625,1715.75,8627.9296875
1998-06-16,1087.5899658203125,1753.1199951171875,8665.2900390625
1998-06-17,1107.1099853515625,1776.4000244140625,8829.4599609375
1998-06-18,1106.3699951171875,1772.699951171875,8813.009765625
1998-06-19,1100.6500244140625,1781.2900390625,8712.8701171875
1998-06-22,1103.2099609375,1805.8199462890625,8711.1298828125
1998-06-23,1119.489990234375,1844.5699462890625,8828.4599609375
1998-06-24,1132.8800048828125,1877.760009765625,8923.8701171875
1998-06-25,1129.280029296875,1863.25,8935.580078125
1998-06-26,1133.199951171875,1869.530029296875,8944.5400390625
1998-06-29,1138.489990234375,1891.0799560546875,8997.3603515625
1998-06-30,1133.8399658203125,1894.739990234375,8952.01953125
1998-07-01,1148.56005859375,1914.4599609375,9048.669921875
1998-07-02,1146.4200439453125,1894.0,9025.259765625
1998-07-06,1157.3299560546875,1909.469970703125,9091.76953125
1998-07-07,1154.6600341796875,1908.1099853515625,9085.0400390625
1998-07-08,1166.3800048828125,1935.3900146484375,9174.9697265625
1998-07-09,1158.56005859375,1939.8199462890625,9089.7802734375
1998-07-10,1164.3299560546875,1943.0400390625,9105.740234375
1998-07-13,1165.18994140625,1965.530029296875,9096.2099609375
1998-07-14,1177.5799560546875,1968.4100341796875,9245.5400390625
1998-07-15,1174.81005859375,1994.5400390625,9234.4697265625
1998-07-16,1183.989990234375,2000.56005859375,9328.1904296875
1998-07-17,1186.75,2008.760009765625,9337.9697265625
1998-07-20,1184.0999755859375,2014.25,9295.75
1998-07-21,1165.0699462890625,1979.1400146484375,9190.1904296875
1998-07-22,1164.0799560546875,1969.75,9128.91015625
1998-07-23,1139.75,1935.219970703125,8932.98046875
1998-07-24,1140.800048828125,1930.989990234375,8937.3603515625
1998-07-27,1147.27001953125,1933.260009765625,9028.240234375
1998-07-28,1130.239990234375,1896.530029296875,8934.7802734375
1998-07-29,1125.2099609375,1881.489990234375,8914.9599609375
1998-07-30,1142.949951171875,1919.5799560546875,9026.9501953125
1998-07-31,1120.6700439453125,1872.3900146484375,8883.2900390625
1998-08-03,1112.43994140625,1851.0999755859375,8786.740234375
1998-08-04,1072.1199951171875,1785.6400146484375,8487.3095703125
1998-08-05,1081.4300537109375,1788.199951171875,8546.7802734375
1998-08-06,1089.6300048828125,1829.510009765625,8577.6796875
1998-08-07,1089.449951171875,1846.77001953125,8598.01953125
1998-08-10,1083.1400146484375,1839.2099609375,8574.849609375
1998-08-11,1068.97998046875,1792.699951171875,8462.849609375
1998-08-12,1084.219970703125,1825.530029296875,8552.9599609375
1998-08-13,1074.9100341796875,1802.5400390625,8459.5
1998-08-14,1062.75,1790.18994140625,8425.0
1998-08-17,1083.6700439453125,1818.0400390625,8574.849609375
1998-08-18,1101.199951171875,1855.1199951171875,8714.650390625
1998-08-19,1098.06005859375,1842.68994140625,8693.2802734375
1998-08-20,1091.5999755859375,1832.449951171875,8611.41015625
1998-08-21,1081.239990234375,1797.6099853515625,8533.650390625
1998-08-24,1088.1400146484375,1790.8199462890625,8566.6103515625
1998-08-25,1092.8499755859375,1798.1700439453125,8602.650390625
1998-08-26,1084.18994140625,1768.1300048828125,8523.349609375
1998-08-27,1042.5899658203125,1686.4100341796875,8165.990234375
1998-08-28,1027.1400146484375,1639.6800537109375,8051.68017578125
1998-08-31,957.280029296875,1499.25,7539.06982421875
1998-09-01,994.260009765625,1575.0899658203125,7827.43017578125
1998-09-02,990.47998046875,1592.8499755859375,7782.3701171875
1998-09-03,982.260009765625,1571.8599853515625,7682.22021484375
1998-09-04,973.8900146484375,1566.52001953125,7640.25
1998-09-08,1023.4600219726562,1660.8599853515625,8020.77978515625
1998-09-09,1006.2000122070312,1624.550048828125,7865.02001953125
1998-09-10,980.1900024414062,1585.3299560546875,7615.5400390625
1998-09-11,1009.0599975585938,1641.6400146484375,7795.5
1998-09-14,1029.719970703125,1665.68994140625,7945.35009765625
1998-09-15,1037.6800537109375,1678.1099853515625,8024.39013671875
1998-09-16,1045.47998046875,1689.9100341796875,8089.77978515625
1998-09-17,1018.8699951171875,1646.25,7873.77001953125
1998-09-18,1020.0900268554688,1663.77001953125,7895.66015625
1998-09-21,1023.8900146484375,1680.4300537109375,7933.25
1998-09-22,1029.6300048828125,1697.800048828125,7897.2001953125
1998-09-23,1066.0899658203125,1760.27001953125,8154.41015625
1998-09-24,1042.719970703125,1720.3399658203125,8001.990234375
1998-09-25,1044.75,1743.5899658203125,8028.77001953125
1998-09-28,1048.68994140625,1739.219970703125,8108.83984375
1998-09-29,1049.02001953125,1734.050048828125,8080.52001953125
1998-09-30,1017.010009765625,1693.8399658203125,7842.6201171875
1998-10-01,986.3900146484375,1612.3299560546875,7632.52978515625
1998-10-02,1002.5999755859375,1614.97998046875,7784.68994140625
1998-10-05,988.5599975585938,1536.68994140625,7726.240234375
1998-10-06,984.5900268554688,1510.8900146484375,7742.97998046875
1998-10-07,970.6799926757812,1462.6099853515625,7741.68994140625
1998-10-08,959.4400024414062,1419.1199951171875,7731.91015625
1998-10-09,984.3900146484375,1492.489990234375,7899.52001953125
1998-10-12,997.7100219726562,1546.0799560546875,8001.47021484375
1998-10-13,994.7999877929688,1509.449951171875,7938.14013671875
1998-10-14,1005.530029296875,1540.969970703125,7968.77978515625
1998-10-15,1047.489990234375,1611.010009765625,8299.3603515625
1998-10-16,1056.4200439453125,1620.949951171875,8416.759765625
1998-10-19,1062.3900146484375,1648.72998046875,8466.4501953125
1998-10-20,1063.9300537109375,1639.18994140625,8505.849609375
1998-10-21,1069.9200439453125,1674.75,8519.23046875
1998-10-22,1078.47998046875,1702.6400146484375,8533.1396484375
1998-10-23,1070.6700439453125,1693.8599853515625,8452.2900390625
1998-10-26,1072.3199462890625,1724.97998046875,8432.2099609375
1998-10-27,1065.3399658203125,1717.6300048828125,8366.0400390625
1998-10-28,1068.0899658203125,1737.3499755859375,8371.9697265625
1998-10-29,1085.9300537109375,1757.18994140625,8495.0302734375
1998-10-30,1098.6700439453125,1771.3900146484375,8592.099609375
1998-11-02,1111.5999755859375,1800.9100341796875,8706.150390625
1998-11-03,1110.8399658203125,1788.4300537109375,8706.150390625
1998-11-04,1118.6700439453125,1823.5699462890625,8783.1396484375
1998-11-05,1133.8499755859375,1837.0999755859375,8915.4697265625
1998-11-06,1141.010009765625,1856.56005859375,8975.4599609375
1998-11-09,1130.199951171875,1861.050048828125,8897.9599609375
1998-11-10,1128.260009765625,1865.6199951171875,8863.98046875
1998-11-11,1120.969970703125,1862.1099853515625,8823.8203125
1998-11-12,1117.68994140625,1851.06005859375,8829.740234375
1998-11-13,1125.719970703125,1847.989990234375,8919.58984375
1998-11-16,1135.8699951171875,1861.6800537109375,9011.25
1998-11-17,1139.3199462890625,1878.52001953125,8986.2802734375
1998-11-18,1144.47998046875,1897.43994140625,9041.1103515625
1998-11-19,1152.6099853515625,1919.6800537109375,9056.0498046875
1998-11-20,1163.550048828125,1928.2099609375,9159.5498046875
1998-11-23,1188.2099609375,1977.4200439453125,9374.26953125
1998-11-24,1182.989990234375,1965.8800048828125,9301.150390625
1998-11-25,1186.8699951171875,1985.2099609375,9314.2802734375
1998-11-27,1192.3299560546875,2016.43994140625,9333.080078125
1998-11-30,1163.6300048828125,1949.5400390625,9116.5498046875
1998-12-01,1175.280029296875,2003.75,9133.5400390625
1998-12-02,1171.25,1995.2099609375,9064.5400390625
1998-12-03,1150.1400146484375,1954.3299560546875,8879.6796875
1998-12-04,1176.739990234375,2003.1600341796875,9016.1396484375
1998-12-07,1187.699951171875,2040.6400146484375,9070.4697265625
1998-12-08,1181.3800048828125,2034.75,9027.98046875
1998-12-09,1183.489990234375,2050.419921875,9009.1904296875
1998-12-10,1165.02001953125,2015.9599609375,8841.580078125
1998-12-11,1166.4599609375,2029.31005859375,8821.759765625
1998-12-14,1141.199951171875,1966.9200439453125,8695.599609375
1998-12-15,1162.8299560546875,2012.5999755859375,8823.2998046875
1998-12-16,1161.93994140625,2009.3599853515625,8790.599609375
1998-12-17,1179.97998046875,2043.8800048828125,8875.8203125
1998-12-18,1188.030029296875,2086.139892578125,8903.6298828125
1998-12-21,1202.8399658203125,2138.030029296875,8988.849609375
1998-12-22,1203.5699462890625,2120.97998046875,9044.4599609375
1998-12-23,1228.5400390625,2172.5400390625,9202.0302734375
1998-12-24,1226.27001953125,2163.0400390625,9217.990234375
1998-12-28,1225.489990234375,2180.300048828125,9226.75
1998-12-29,1241.81005859375,2181.77001953125,9320.98046875
1998-12-30,1231.9300537109375,2166.949951171875,9274.6396484375
1998-12-31,1229.22998046875,2192.68994140625,9181.4296875
1999-01-04,1228.0999755859375,2208.050048828125,9184.26953125
1999-01-05,1244.780029296875,2251.27001953125,9311.1904296875
1999-01-06,1272.3399658203125,2320.860107421875,9544.9697265625
1999-01-07,1269.72998046875,2326.090087890625,9537.759765625
1999-01-08,1275.0899658203125,2344.409912109375,9643.3203125
1999-01-11,1263.8800048828125,2384.590087890625,9619.8896484375
1999-01-12,1239.510009765625,2320.75,9474.6796875
1999-01-13,1234.4000244140625,2316.81005859375,9349.5595703125
1999-01-14,1212.18994140625,2276.820068359375,9120.9296875
1999-01-15,1243.260009765625,2348.199951171875,9340.5498046875
1999-01-19,1252.0,2408.169921875,9355.2197265625
1999-01-20,1256.6199951171875,2415.489990234375,9335.91015625
1999-01-21,1235.1600341796875,2344.719970703125,9264.080078125
1999-01-22,1225.18994140625,2338.8798828125,9120.669921875
1999-01-25,1233.97998046875,2369.31005859375,9203.3203125
1999-01-26,1252.31005859375,2433.409912109375,9324.580078125
1999-01-27,1243.1700439453125,2407.139892578125,9200.23046875
1999-01-28,1265.3699951171875,2477.340087890625,9281.330078125
1999-01-29,1279.6400146484375,2505.889892578125,9358.830078125
1999-02-01,1273.0,2510.090087890625,9345.7001953125
1999-02-02,1261.989990234375,2463.419921875,9274.1201171875
1999-02-03,1272.0699462890625,2493.409912109375,9366.8095703125
1999-02-04,1248.489990234375,2410.070068359375,9304.5
1999-02-05,1239.4000244140625,2373.6201171875,9304.240234375
1999-02-08,1243.77001953125,2404.919921875,9291.1103515625
1999-02-09,1216.1400146484375,2310.7900390625,9133.0302734375
1999-02-10,1223.550048828125,2309.5,9177.3095703125
1999-02-11,1254.0400390625,2405.550048828125,9363.4599609375
1999-02-12,1230.1300048828125,2321.889892578125,9274.8896484375
1999-02-16,1241.8699951171875,2313.8701171875,9297.0302734375
1999-02-17,1224.030029296875,2248.909912109375,9195.4697265625
1999-02-18,1237.280029296875,2260.550048828125,9298.6298828125
1999-02-19,1239.219970703125,2283.60009765625,9339.9501953125
1999-02-22,1272.1400146484375,2342.010009765625,9552.6796875
1999-02-23,1271.1800537109375,2376.35009765625,9544.419921875
1999-02-24,1253.4100341796875,2339.3798828125,9399.669921875
1999-02-25,1245.02001953125,2326.820068359375,9366.33984375
1999-02-26,1238.3299560546875,2288.030029296875,9306.580078125
1999-03-01,1236.1600341796875,2295.179931640625,9324.7802734375
1999-03-02,1225.5,2259.030029296875,9297.6103515625
1999-03-03,1227.699951171875,2265.199951171875,9275.8798828125
1999-03-04,1246.6400146484375,2292.889892578125,9467.400390625
1999-03-05,1275.469970703125,2337.110107421875,9736.080078125
1999-03-08,1282.72998046875,2397.6201171875,9727.6103515625
1999-03-09,1279.8399658203125,2392.93994140625,9693.759765625
1999-03-10,1286.8399658203125,2406.0,9772.83984375
1999-03-11,1297.6800537109375,2412.25,9897.4404296875
1999-03-12,1294.5899658203125,2381.530029296875,9876.349609375
1999-03-15,1307.260009765625,2431.43994140625,9958.76953125
1999-03-16,1306.3800048828125,2439.27001953125,9930.4697265625
1999-03-17,1297.8199462890625,2428.969970703125,9879.41015625
1999-03-18,1316.550048828125,2462.9599609375,9997.6201171875
1999-03-19,1299.2900390625,2421.27001953125,9903.5498046875
1999-03-22,1297.010009765625,2395.93994140625,9890.509765625
1999-03-23,1262.1400146484375,2322.840087890625,9671.830078125
1999-03-24,1268.5899658203125,2365.280029296875,9666.83984375
1999-03-25,1289.989990234375,2434.800048828125,9836.3896484375
1999-03-26,1282.800048828125,2419.169921875,9822.240234375
1999-03-29,1310.1700439453125,2492.840087890625,10006.7802734375
1999-03-30,1300.75,2480.2900390625,9913.259765625
1999-03-31,1286.3699951171875,2461.39990234375,9786.16015625
1999-04-01,1293.719970703125,2493.3701171875,9832.509765625
1999-04-05,1321.1199951171875,2560.06005859375,10007.330078125
1999-04-06,1317.8900146484375,2563.169921875,9963.490234375
1999-04-07,1326.8900146484375,2544.429931640625,10085.3095703125
1999-04-08,1343.97998046875,2573.389892578125,10197.7001953125
1999-04-09,1348.3499755859375,2593.050048828125,10173.83984375
1999-04-12,1358.6300048828125,2598.81005859375,10339.509765625
1999-04-13,1349.8199462890625,2583.5,10395.009765625
1999-04-14,1328.43994140625,2507.280029296875,10411.66015625
1999-04-15,1322.8499755859375,2521.77001953125,10462.7197265625
1999-04-16,1319.0,2484.0400390625,10493.8896484375
1999-04-19,1289.47998046875,2345.610107421875,10440.5302734375
1999-04-20,1306.1700439453125,2409.639892578125,10448.5498046875
1999-04-21,1336.1199951171875,2489.080078125,10581.419921875
1999-04-22,1358.8199462890625,2561.610107421875,10727.1796875
1999-04-23,1356.8499755859375,2590.68994140625,10689.669921875
1999-04-26,1360.0400390625,2652.050048828125,10718.58984375
1999-04-27,1362.800048828125,2602.409912109375,10831.7099609375
1999-04-28,1350.9100341796875,2550.3701171875,10845.4501953125
1999-04-29,1342.8299560546875,2528.43994140625,10878.3798828125
1999-04-30,1335.1800537109375,2542.860107421875,10789.0400390625
1999-05-03,1354.6300048828125,2535.580078125,11014.6904296875
1999-05-04,1332.0,2485.1201171875,10886.1103515625
1999-05-05,1347.31005859375,2534.449951171875,10955.41015625
1999-05-06,1332.050048828125,2472.280029296875,10946.8203125
1999-05-07,1345.0,2503.6201171875,11031.58984375
1999-05-10,1340.300048828125,2526.389892578125,11007.25
1999-05-11,1355.6099853515625,2566.679931640625,11026.150390625
1999-05-12,1364.0,2606.5400390625,11000.3701171875
1999-05-13,1367.56005859375,2582.0,11107.1904296875
1999-05-14,1337.800048828125,2527.860107421875,10913.3203125
1999-05-17,1339.489990234375,2561.840087890625,10853.4697265625
1999-05-18,1333.3199462890625,2558.360107421875,10836.9501953125
1999-05-19,1344.22998046875,2577.39990234375,10887.3896484375
1999-05-20,1338.8299560546875,2542.22998046875,10866.740234375
1999-05-21,1330.2900390625,2520.139892578125,10829.2802734375
1999-05-24,1306.6500244140625,2453.659912109375,10654.669921875
1999-05-25,1284.4000244140625,2380.89990234375,10531.08984375
1999-05-26,1304.760009765625,2427.179931640625,10702.16015625
1999-05-27,1281.4100341796875,2419.14990234375,10466.9296875
1999-05-28,1301.8399658203125,2470.52001953125,10559.740234375
1999-06-01,1294.260009765625,2412.030029296875,10596.259765625
1999-06-02,1294.81005859375,2432.409912109375,10577.8896484375
1999-06-03,1299.5400390625,2403.320068359375,10663.6904296875
1999-06-04,1327.75,2478.340087890625,10799.83984375
1999-06-07,1334.52001953125,2524.2099609375,10909.3798828125
1999-06-08,1317.3299560546875,2474.56005859375,10765.6396484375
1999-06-09,1318.6400146484375,2519.35009765625,10690.2900390625
1999-06-10,1302.8199462890625,2484.6201171875,10621.26953125
1999-06-11,1293.6400146484375,2447.8798828125,10490.509765625
1999-06-14,1294.0,2398.31005859375,10563.330078125
1999-06-15,1301.1600341796875,2414.669921875,10594.990234375
1999-06-16,1330.4100341796875,2517.830078125,10784.9501953125
1999-06-17,1339.9000244140625,2544.14990234375,10841.6298828125
1999-06-18,1342.8399658203125,2563.43994140625,10855.5595703125
1999-06-21,1349.0,2630.280029296875,10815.98046875
1999-06-22,1335.8800048828125,2580.260009765625,10721.6298828125
1999-06-23,1333.06005859375,2598.1201171875,10666.8603515625
1999-06-24,1315.780029296875,2553.989990234375,10534.830078125
1999-06-25,1315.31005859375,2552.64990234375,10552.5595703125
1999-06-28,1331.3499755859375,2602.43994140625,10655.150390625
1999-06-29,1351.449951171875,2642.110107421875,10815.349609375
1999-06-30,1372.7099609375,2686.1201171875,10970.7998046875
1999-07-01,1380.9599609375,2706.179931640625,11066.419921875
1999-07-02,1391.219970703125,2741.02001953125,11139.240234375
1999-07-06,1388.1199951171875,2736.780029296875,11135.1201171875
1999-07-07,1395.8599853515625,2743.0400390625,11187.3603515625
1999-07-08,1394.4200439453125,2771.860107421875,11126.8896484375
1999-07-09,1403.280029296875,2793.070068359375,11193.7001953125
1999-07-12,1399.0999755859375,2790.43994140625,11200.98046875
1999-07-13,1393.56005859375,2778.22998046875,11175.01953125
1999-07-14,1398.1700439453125,2818.1298828125,11148.099609375
1999-07-15,1409.6199951171875,2839.3701171875,11186.41015625
1999-07-16,1418.780029296875,2864.47998046875,11209.83984375
1999-07-19,1407.6500244140625,2830.2900390625,11187.6796875
1999-07-20,1377.0999755859375,2732.179931640625,10996.1298828125
1999-07-21,1379.2900390625,2761.77001953125,11002.7802734375
1999-07-22,1360.969970703125,2684.43994140625,10969.2197265625
1999-07-23,1356.93994140625,2692.39990234375,10910.9599609375
1999-07-26,1347.760009765625,2619.18994140625,10863.16015625
1999-07-27,1362.8399658203125,2679.330078125,10979.0400390625
1999-07-28,1365.4000244140625,2705.840087890625,10972.0703125
1999-07-29,1341.030029296875,2640.010009765625,10791.2900390625
1999-07-30,1328.719970703125,2638.489990234375,10655.150390625
1999-08-02,1328.050048828125,2623.6298828125,10645.9599609375
1999-08-03,1322.1800537109375,2587.989990234375,10677.3095703125
1999-08-04,1305.3299560546875,2540.0,10674.76953125
1999-08-05,1313.7099609375,2565.830078125,10793.8203125
1999-08-06,1300.2900390625,2547.969970703125,10714.0302734375
1999-08-09,1297.800048828125,2518.97998046875,10707.7001953125
1999-08-10,1281.4300537109375,2490.110107421875,10655.150390625
1999-08-11,1301.9300537109375,2564.97998046875,10787.7998046875
1999-08-12,1298.1600341796875,2549.489990234375,10789.3896484375
1999-08-13,1327.6800537109375,2637.81005859375,10973.650390625
1999-08-16,1330.77001953125,2645.280029296875,11046.7900390625
1999-08-17,1344.1600341796875,2671.22998046875,11117.080078125
1999-08-18,1332.8399658203125,2657.72998046875,10991.3798828125
1999-08-19,1323.5899658203125,2621.429931640625,10963.83984375
1999-08-20,1336.6099853515625,2648.330078125,11100.6103515625
1999-08-23,1360.219970703125,2719.570068359375,11299.759765625
1999-08-24,1363.5,2752.3701171875,11283.2998046875
1999-08-25,1381.7900390625,2805.60009765625,11326.0400390625
1999-08-26,1362.010009765625,2774.6201171875,11198.4501953125
1999-08-27,1348.27001953125,2758.89990234375,11090.169921875
1999-08-30,1324.02001953125,2712.68994140625,10914.1298828125
1999-08-31,1320.4100341796875,2739.35009765625,10829.2802734375
1999-09-01,1331.0699462890625,2750.800048828125,10937.8798828125
1999-09-02,1319.1099853515625,2734.239990234375,10843.2099609375
1999-09-03,1357.239990234375,2843.110107421875,11078.4501953125
1999-09-07,1350.449951171875,2837.260009765625,11034.1298828125
1999-09-08,1344.1500244140625,2808.739990234375,11036.33984375
1999-09-09,1347.6600341796875,2852.02001953125,11079.400390625
1999-09-10,1351.6600341796875,2887.06005859375,11028.4296875
1999-09-13,1344.1300048828125,2844.77001953125,11030.330078125
1999-09-14,1336.2900390625,2868.2900390625,10910.330078125
1999-09-15,1317.969970703125,2814.169921875,10801.419921875
1999-09-16,1318.47998046875,2806.719970703125,10737.4599609375
1999-09-17,1335.4200439453125,2869.6201171875,10803.6298828125
1999-09-20,1335.530029296875,2886.14990234375,10823.900390625
1999-09-21,1307.5799560546875,2821.10009765625,10598.4697265625
1999-09-22,1310.510009765625,2858.159912109375,10524.0703125
1999-09-23,1280.4100341796875,2749.830078125,10318.58984375
1999-09-24,1277.3599853515625,2740.409912109375,10279.330078125
1999-09-27,1283.31005859375,2761.75,10303.3896484375
1999-09-28,1282.199951171875,2756.25,10275.5302734375
1999-09-29,1268.3699951171875,2730.27001953125,10213.48046875
1999-09-30,1282.7099609375,2746.159912109375,10336.9501953125
1999-10-01,1282.81005859375,2736.85009765625,10273.0
1999-10-04,1304.5999755859375,2795.969970703125,10401.23046875
1999-10-05,1301.3499755859375,2799.669921875,10400.58984375
1999-10-06,1325.4000244140625,2857.2099609375,10588.33984375
1999-10-07,1317.6400146484375,2860.699951171875,10537.0498046875
1999-10-08,1336.02001953125,2886.570068359375,10649.759765625
1999-10-11,1335.2099609375,2915.949951171875,10648.1796875
1999-10-12,1313.0400390625,2872.429931640625,10417.0595703125
1999-10-13,1285.550048828125,2801.27001953125,10232.16015625
1999-10-14,1283.4200439453125,2806.840087890625,10286.6103515625
1999-10-15,1247.4100341796875,2731.830078125,10019.7099609375
1999-10-18,1254.1300048828125,2689.14990234375,10116.2802734375
1999-10-19,1261.3199462890625,2688.179931640625,10204.9296875
1999-10-20,1289.4300537109375,2788.1298828125,10392.3603515625
1999-10-21,1283.6099853515625,2801.949951171875,10297.6904296875
1999-10-22,1301.6500244140625,2816.52001953125,10470.25
1999-10-25,1293.6300048828125,2815.949951171875,10349.9296875
1999-10-26,1281.9100341796875,2811.469970703125,10302.1298828125
1999-10-27,1296.7099609375,2802.52001953125,10394.8896484375
1999-10-28,1342.43994140625,2875.219970703125,10622.5302734375
1999-10-29,1362.9300537109375,2966.429931640625,10729.8603515625
1999-11-01,1354.1199951171875,2967.64990234375,10648.509765625
1999-11-02,1347.739990234375,2981.6298828125,10581.83984375
1999-11-03,1354.9300537109375,3028.510009765625,10609.0595703125
1999-11-04,1362.6400146484375,3055.949951171875,10639.6396484375
1999-11-05,1370.22998046875,3102.2900390625,10704.48046875
1999-11-08,1377.010009765625,3143.969970703125,10718.849609375
1999-11-09,1365.280029296875,3125.0400390625,10617.3203125
1999-11-10,1373.4599609375,3155.9599609375,10597.740234375
1999-11-11,1381.4599609375,3197.2900390625,10595.2998046875
1999-11-12,1396.06005859375,3221.14990234375,10769.3203125
1999-11-15,1394.3900146484375,3219.5400390625,10760.75
1999-11-16,1420.0699462890625,3295.52001953125,10932.330078125
1999-11-17,1410.7099609375,3269.389892578125,10883.08984375
1999-11-18,1424.93994140625,3347.110107421875,11035.7001953125
1999-11-19,1422.0,3369.25,11003.8896484375
1999-11-22,1420.93994140625,3392.56005859375,11089.51953125
1999-11-23,1404.6400146484375,3342.8701171875,10995.6298828125
1999-11-24,1417.0799560546875,3420.5,11008.169921875
1999-11-26,1416.6199951171875,3447.81005859375,10988.91015625
1999-11-29,1407.8299560546875,3421.3701171875,10947.919921875
1999-11-30,1388.9100341796875,3336.159912109375,10877.8095703125
1999-12-01,1397.719970703125,3353.7099609375,10998.3896484375
1999-12-02,1409.0400390625,3452.780029296875,11039.0595703125
1999-12-03,1433.300048828125,3520.6298828125,11286.1796875
1999-12-06,1423.3299560546875,3546.010009765625,11225.009765625
1999-12-07,1409.1700439453125,3586.919921875,11106.650390625
1999-12-08,1403.8800048828125,3586.080078125,11068.1201171875
1999-12-09,1408.1099853515625,3594.169921875,11134.7900390625
1999-12-10,1417.0400390625,3620.239990234375,11224.7001953125
1999-12-13,1415.219970703125,3658.169921875,11192.58984375
1999-12-14,1403.1700439453125,3571.659912109375,11160.169921875
1999-12-15,1413.3299560546875,3621.949951171875,11225.3203125
1999-12-16,1418.780029296875,3715.06005859375,11244.8896484375
1999-12-17,1421.030029296875,3753.06005859375,11257.4296875
1999-12-20,1418.0899658203125,3783.8701171875,11144.26953125
1999-12-21,1433.4300537109375,3911.14990234375,11200.5400390625
1999-12-22,1436.1300048828125,3937.300048828125,11203.599609375
1999-12-23,1458.3399658203125,3969.43994140625,11405.759765625
1999-12-27,1457.0999755859375,3975.3798828125,11391.080078125
1999-12-28,1457.6600341796875,3972.110107421875,11476.7099609375
1999-12-29,1463.4599609375,4041.4599609375,11484.66015625
1999-12-30,1464.469970703125,4036.8701171875,11452.8603515625
1999-12-31,1469.25,4069.31005859375,11497.1201171875
2000-01-03,1455.219970703125,4131.14990234375,11357.509765625
2000-01-04,1399.4200439453125,3901.68994140625,10997.9296875
2000-01-05,1402.1099853515625,3877.5400390625,11122.650390625
2000-01-06,1403.449951171875,3727.1298828125,11253.259765625
2000-01-07,1441.469970703125,3882.6201171875,11522.5595703125
2000-01-10,1457.5999755859375,4049.669921875,11572.2001953125
2000-01-11,1438.56005859375,3921.18994140625,11511.080078125
2000-01-12,1432.25,3850.02001953125,11551.099609375
2000-01-13,1449.6800537109375,3957.2099609375,11582.4296875
2000-01-14,1465.1500244140625,4064.27001953125,11722.98046875
2000-01-18,1455.1400146484375,4130.81005859375,11560.7197265625
2000-01-19,1455.9000244140625,4151.2900390625,11489.3603515625
2000-01-20,1445.5699462890625,4189.509765625,11351.2998046875
2000-01-21,1441.3599853515625,4235.39990234375,11251.7099609375
2000-01-24,1401.530029296875,4096.080078125,11008.169921875
2000-01-25,1410.030029296875,4167.41015625,11029.8896484375
2000-01-26,1404.0899658203125,4069.909912109375,11032.990234375
2000-01-27,1398.56005859375,4039.56005859375,11028.01953125
2000-01-28,1360.1600341796875,3887.070068359375,10738.8701171875
2000-01-31,1394.4599609375,3940.35009765625,10940.5302734375
2000-02-01,1409.280029296875,4051.97998046875,11041.0498046875
2000-02-02,1409.1199951171875,4073.9599609375,11003.2001953125
2000-02-03,1424.969970703125,4210.97998046875,11013.4404296875
2000-02-04,1424.3699951171875,4244.14013671875,10963.7998046875
2000-02-07,1424.239990234375,4321.77001953125,10905.7900390625
2000-02-08,1441.719970703125,4427.5,10957.599609375
2000-02-09,1411.7099609375,4363.240234375,10699.16015625
2000-02-10,1416.8299560546875,4485.6298828125,10643.6298828125
2000-02-11,1387.1199951171875,4395.4501953125,10425.2099609375
2000-02-14,1389.93994140625,4418.5498046875,10519.83984375
2000-02-15,1402.050048828125,4420.77001953125,10718.08984375
2000-02-16,1387.6700439453125,4427.64990234375,10561.41015625
2000-02-17,1388.260009765625,4548.919921875,10514.5703125
2000-02-18,1346.0899658203125,4411.740234375,10219.51953125
2000-02-22,1352.1700439453125,4382.1201171875,10304.83984375
2000-02-23,1360.68994140625,4550.330078125,10225.73046875
2000-02-24,1353.4300537109375,4617.64990234375,10092.6298828125
2000-02-25,1333.3599853515625,4590.5,9862.1201171875
2000-02-28,1348.050048828125,4577.85009765625,10038.650390625
2000-02-29,1366.4200439453125,4696.68994140625,10128.3095703125
2000-03-01,1379.18994140625,4784.080078125,10137.9296875
2000-03-02,1381.760009765625,4754.509765625,10164.919921875
2000-03-03,1409.1700439453125,4914.7900390625,10367.2001953125
2000-03-06,1391.280029296875,4904.85009765625,10170.5
2000-03-07,1355.6199951171875,4847.83984375,9796.0302734375
2000-03-08,1366.699951171875,4897.259765625,9856.5302734375
2000-03-09,1401.68994140625,5046.85986328125,10010.73046875
2000-03-10,1395.0699462890625,5048.6201171875,9928.8203125
2000-03-13,1383.6199951171875,4907.240234375,9947.1298828125
2000-03-14,1359.1500244140625,4706.6298828125,9811.240234375
2000-03-15,1392.1400146484375,4582.6201171875,10131.41015625
2000-03-16,1458.469970703125,4717.39013671875,10630.599609375
2000-03-17,1464.469970703125,4798.1298828125,10595.23046875
2000-03-20,1456.6300048828125,4610.0,10680.240234375
2000-03-21,1493.8699951171875,4711.68017578125,10907.33984375
2000-03-22,1500.6400146484375,4864.75,10866.7001953125
2000-03-23,1527.3499755859375,4940.60986328125,11119.8603515625
2000-03-24,1527.4599609375,4963.02978515625,11112.7197265625
2000-03-27,1523.8599853515625,4958.56005859375,11025.849609375
2000-03-28,1507.72998046875,4833.89013671875,10936.1103515625
2000-03-29,1508.52001953125,4644.669921875,11018.7197265625
2000-03-30,1487.9200439453125,4457.89013671875,10980.25
2000-03-31,1498.5799560546875,4572.830078125,10921.919921875
2000-04-03,1505.969970703125,4223.68017578125,11221.9296875
2000-04-04,1494.72998046875,4148.89013671875,11164.83984375
2000-04-05,1487.3699951171875,4169.22021484375,11033.919921875
2000-04-06,1501.3399658203125,4267.56005859375,11114.26953125
2000-04-07,1516.3499755859375,4446.4501953125,11111.48046875
2000-04-10,1504.4599609375,4188.2001953125,11186.5595703125
2000-04-11,1500.5899658203125,4055.89990234375,11287.080078125
2000-04-12,1467.1700439453125,3769.6298828125,11125.1298828125
2000-04-13,1440.510009765625,3676.780029296875,10923.5498046875
2000-04-14,1356.56005859375,3321.2900390625,10305.76953125
2000-04-17,1401.43994140625,3539.159912109375,10582.509765625
2000-04-18,1441.6099853515625,3793.570068359375,10767.419921875
2000-04-19,1427.469970703125,3706.409912109375,10674.9599609375
2000-04-20,1434.5400390625,3643.8798828125,10844.0498046875
2000-04-24,1429.8599853515625,3482.47998046875,10906.099609375
2000-04-25,1477.43994140625,3711.22998046875,11124.8203125
2000-04-26,1460.989990234375,3630.090087890625,10945.5
2000-04-27,1464.9200439453125,3774.030029296875,10888.099609375
2000-04-28,1452.4300537109375,3860.659912109375,10733.91015625
2000-05-01,1468.25,3958.080078125,10811.7802734375
2000-05-02,1446.2900390625,3785.449951171875,10731.1201171875
2000-05-03,1415.0999755859375,3707.31005859375,10480.1298828125
2000-05-04,1409.5699462890625,3720.239990234375,10412.490234375
2000-05-05,1432.6300048828125,3816.820068359375,10577.8603515625
2000-05-08,1424.1700439453125,3669.3798828125,10603.6298828125
2000-05-09,1412.1400146484375,3585.010009765625,10536.75
2000-05-10,1383.050048828125,3384.72998046875,10367.7802734375
2000-05-11,1407.81005859375,3499.580078125,10545.9697265625
2000-05-12,1420.9599609375,3529.06005859375,10609.3701171875
2000-05-15,1452.3599853515625,3607.64990234375,10807.7802734375
2000-05-16,1466.0400390625,3717.570068359375,10934.5703125
2000-05-17,1447.800048828125,3644.9599609375,10769.740234375
2000-05-18,1437.2099609375,3538.7099609375,10777.2802734375
2000-05-19,1406.949951171875,3390.39990234375,10626.849609375
2000-05-22,1400.719970703125,3364.2099609375,10542.5498046875
2000-05-23,1373.8599853515625,3164.550048828125,10422.26953125
2000-05-24,1399.050048828125,3270.610107421875,10535.349609375
2000-05-25,1381.52001953125,3205.35009765625,10323.919921875
2000-05-26,1378.02001953125,3205.110107421875,10299.240234375
2000-05-30,1422.449951171875,3459.47998046875,10527.1298828125
2000-05-31,1420.5999755859375,3400.909912109375,10522.330078125
2000-06-01,1448.81005859375,3582.5,10652.2001953125
2000-06-02,1477.260009765625,3813.3798828125,10794.759765625
2000-06-05,1467.6300048828125,3821.760009765625,10815.2998046875
2000-06-06,1457.8399658203125,3756.3701171875,10735.5703125
2000-06-07,1471.3599853515625,3839.260009765625,10812.8603515625
2000-06-08,1461.6700439453125,3825.56005859375,10668.7197265625
2000-06-09,1456.949951171875,3874.840087890625,10614.0595703125
2000-06-12,1446.0,3767.909912109375,10564.2099609375
2000-06-13,1469.43994140625,3851.06005859375,10621.83984375
2000-06-14,1470.5400390625,3797.409912109375,10687.9501953125
2000-06-15,1478.72998046875,3845.739990234375,10714.8203125
2000-06-16,1464.4599609375,3860.56005859375,10449.2998046875
2000-06-19,1486.0,3989.830078125,10557.83984375
2000-06-20,1475.949951171875,4013.360107421875,10435.16015625
2000-06-21,1479.1300048828125,4064.010009765625,10497.740234375
2000-06-22,1452.1800537109375,3936.840087890625,10376.1201171875
2000-06-23,1441.47998046875,3845.340087890625,10404.75
2000-06-26,1455.31005859375,3912.1201171875,10542.990234375
2000-06-27,1450.550048828125,3858.9599609375,10504.4599609375
2000-06-28,1454.8199462890625,3940.340087890625,10527.7900390625
2000-06-29,1442.3900146484375,3877.22998046875,10398.0400390625
2000-06-30,1454.5999755859375,3966.110107421875,10447.8896484375
2000-07-03,1469.5400390625,3991.929931640625,10560.669921875
2000-07-05,1446.22998046875,3863.10009765625,10483.599609375
2000-07-06,1456.6700439453125,3960.570068359375,10481.4697265625
2000-07-07,1478.9000244140625,4023.199951171875,10635.98046875
2000-07-10,1475.6199951171875,3980.2900390625,10646.580078125
2000-07-11,1480.8800048828125,3956.419921875,10727.1904296875
2000-07-12,1492.9200439453125,4099.58984375,10783.759765625
2000-07-13,1495.8399658203125,4174.85986328125,10788.7099609375
2000-07-14,1509.97998046875,4246.18017578125,10812.75
2000-07-17,1510.489990234375,4274.669921875,10804.26953125
2000-07-18,1493.739990234375,4177.169921875,10739.919921875
2000-07-19,1481.9599609375,4055.6298828125,10696.080078125
2000-07-20,1495.5699462890625,4184.56005859375,10843.8701171875
2000-07-21,1480.18994140625,4094.449951171875,10733.5595703125
2000-07-24,1464.2900390625,3981.570068359375,10685.1201171875
2000-07-25,1474.469970703125,4029.570068359375,10699.9697265625
2000-07-26,1452.4200439453125,3987.719970703125,10516.48046875
2000-07-27,1449.6199951171875,3842.22998046875,10586.1298828125
2000-07-28,1419.8900146484375,3663.0,10511.169921875
2000-07-31,1430.8299560546875,3766.989990234375,10521.98046875
2000-08-01,1438.0999755859375,3685.52001953125,10606.9501953125
2000-08-02,1438.699951171875,3658.4599609375,10687.5302734375
2000-08-03,1452.56005859375,3759.8798828125,10706.580078125
2000-08-04,1462.9300537109375,3787.360107421875,10767.75
2000-08-07,1479.3199462890625,3862.989990234375,10867.009765625
2000-08-08,1482.800048828125,3848.550048828125,10976.8896484375
2000-08-09,1472.8699951171875,3853.5,10905.830078125
2000-08-10,1460.25,3759.989990234375,10908.759765625
2000-08-11,1471.8399658203125,3789.469970703125,11027.7998046875
2000-08-14,1491.56005859375,3849.68994140625,11176.1396484375
2000-08-15,1484.4300537109375,3851.659912109375,11067.0
2000-08-16,1479.8499755859375,3861.199951171875,11008.3896484375
2000-08-17,1496.0699462890625,3940.8701171875,11055.6396484375
2000-08-18,1491.719970703125,3930.340087890625,11046.48046875
2000-08-21,1499.47998046875,3953.14990234375,11079.8095703125
2000-08-22,1498.1300048828125,3958.2099609375,11139.150390625
2000-08-23,1505.969970703125,4011.010009765625,11144.650390625
2000-08-24,1508.31005859375,4053.280029296875,11182.740234375
2000-08-25,1506.449951171875,4042.679931640625,11192.6298828125
2000-08-28,1514.0899658203125,4070.590087890625,11252.83984375
2000-08-29,1509.8399658203125,4082.169921875,11215.099609375
2000-08-30,1502.5899658203125,4103.81005859375,11103.009765625
2000-08-31,1517.6800537109375,4206.35009765625,11215.099609375
2000-09-01,1520.77001953125,4234.330078125,11238.7802734375
2000-09-05,1507.0799560546875,4143.18017578125,11260.6103515625
2000-09-06,1492.25,4013.340087890625,11310.6396484375
2000-09-07,1502.510009765625,4098.35009765625,11259.8701171875
2000-09-08,1494.5,3978.409912109375,11220.650390625
2000-09-11,1489.260009765625,3896.35009765625,11195.490234375
2000-09-12,1481.989990234375,3849.510009765625,11233.23046875
2000-09-13,1484.9100341796875,3893.889892578125,11182.1796875
2000-09-14,1480.8699951171875,3913.860107421875,11087.4697265625
2000-09-15,1465.81005859375,3835.22998046875,10927.0
2000-09-18,1444.510009765625,3726.52001953125,10808.51953125
2000-09-19,1459.9000244140625,3865.639892578125,10789.2900390625
2000-09-20,1451.3399658203125,3897.43994140625,10687.919921875
2000-09-21,1449.050048828125,3828.8701171875,10765.51953125
2000-09-22,1448.719970703125,3803.760009765625,10847.3701171875
2000-09-25,1439.030029296875,3741.219970703125,10808.150390625
2000-09-26,1427.2099609375,3689.10009765625,10631.3203125
2000-09-27,1426.5699462890625,3656.300048828125,10628.3603515625
2000-09-28,1458.2900390625,3778.320068359375,10824.0595703125
2000-09-29,1436.510009765625,3672.820068359375,10650.919921875
2000-10-02,1436.22998046875,3568.89990234375,10700.1298828125
2000-10-03,1426.4599609375,3455.830078125,10719.740234375
2000-10-04,1434.3199462890625,3523.10009765625,10784.48046875
2000-10-05,1436.280029296875,3472.10009765625,10724.919921875
2000-10-06,1408.989990234375,3361.010009765625,10596.5400390625
2000-10-09,1402.030029296875,3355.56005859375,10568.4296875
2000-10-10,1387.02001953125,3240.5400390625,10524.400390625
2000-10-11,1364.5899658203125,3168.489990234375,10413.7900390625
2000-10-12,1329.780029296875,3074.679931640625,10034.580078125
2000-10-13,1374.1700439453125,3316.77001953125,10192.1796875
2000-10-16,1374.6199951171875,3290.280029296875,10238.7998046875
2000-10-17,1349.969970703125,3213.9599609375,10089.7099609375
2000-10-18,1342.1300048828125,3171.56005859375,9975.01953125
2000-10-19,1388.760009765625,3418.60009765625,10142.98046875
2000-10-20,1396.9300537109375,3483.139892578125,10226.58984375
2000-10-23,1395.780029296875,3468.68994140625,10271.7197265625
2000-10-24,1398.1300048828125,3419.7900390625,10393.0703125
2000-10-25,1364.9000244140625,3229.570068359375,10326.48046875
2000-10-26,1364.43994140625,3272.179931640625,10380.1201171875
2000-10-27,1379.5799560546875,3278.360107421875,10590.6201171875
2000-10-30,1398.6600341796875,3191.39990234375,10835.76953125
2000-10-31,1429.4000244140625,3369.6298828125,10971.1396484375
2000-11-01,1421.219970703125,3333.389892578125,10899.4697265625
2000-11-02,1428.3199462890625,3429.02001953125,10880.509765625
2000-11-03,1426.68994140625,3451.580078125,10817.9501953125
2000-11-06,1432.18994140625,3416.2099609375,10977.2099609375
2000-11-07,1431.8699951171875,3415.7900390625,10952.1796875
2000-11-08,1409.280029296875,3231.699951171875,10907.0595703125
2000-11-09,1400.1400146484375,3200.35009765625,10834.25
2000-11-10,1365.97998046875,3028.989990234375,10602.9501953125
2000-11-13,1351.260009765625,2966.719970703125,10517.25
2000-11-14,1382.949951171875,3138.27001953125,10681.0595703125
2000-11-15,1389.81005859375,3165.489990234375,10707.599609375
2000-11-16,1372.3199462890625,3031.8798828125,10656.0302734375
2000-11-17,1367.719970703125,3027.18994140625,10629.8701171875
2000-11-20,1342.6199951171875,2875.639892578125,10462.650390625
2000-11-21,1347.3499755859375,2871.449951171875,10494.5
2000-11-22,1322.3599853515625,2755.340087890625,10399.3203125
2000-11-24,1341.77001953125,2904.3798828125,10470.23046875
2000-11-27,1348.969970703125,2880.489990234375,10546.0703125
2000-11-28,1336.0899658203125,2734.97998046875,10507.580078125
2000-11-29,1341.9300537109375,2706.929931640625,10629.1103515625
2000-11-30,1314.949951171875,2597.929931640625,10414.490234375
2000-12-01,1315.22998046875,2645.2900390625,10373.5400390625
2000-12-04,1324.969970703125,2615.75,10560.9501953125
2000-12-05,1376.5400390625,2889.800048828125,10898.7197265625
2000-12-06,1351.4599609375,2796.5,10664.3798828125
2000-12-07,1343.550048828125,2752.659912109375,10617.3603515625
2000-12-08,1369.8900146484375,2917.429931640625,10712.91015625
2000-12-11,1380.199951171875,3015.10009765625,10725.7998046875
2000-12-12,1371.1800537109375,2931.77001953125,10768.26953125
2000-12-13,1359.989990234375,2822.77001953125,10794.4404296875
2000-12-14,1340.9300537109375,2728.510009765625,10674.990234375
2000-12-15,1312.1500244140625,2653.27001953125,10434.9599609375
2000-12-18,1322.739990234375,2624.52001953125,10645.419921875
2000-12-19,1305.5999755859375,2511.7099609375,10584.3701171875
2000-12-20,1264.739990234375,2332.780029296875,10318.9296875
2000-12-21,1274.8599853515625,2340.1201171875,10487.2900390625
2000-12-22,1305.949951171875,2517.02001953125,10635.5595703125
2000-12-26,1315.18994140625,2493.52001953125,10692.4404296875
2000-12-27,1328.9200439453125,2539.35009765625,10803.16015625
2000-12-28,1334.219970703125,2557.760009765625,10868.759765625
2000-12-29,1320.280029296875,2470.52001953125,10787.990234375
2001-01-02,1283.27001953125,2291.860107421875,10646.150390625
2001-01-03,1347.56005859375,2616.68994140625,10945.75
2001-01-04,1333.3399658203125,2566.830078125,10912.41015625
2001-01-05,1298.3499755859375,2407.64990234375,10662.009765625
2001-01-08,1295.8599853515625,2395.919921875,10621.349609375
2001-01-09,1300.800048828125,2441.300048828125,10572.5498046875
2001-01-10,1313.27001953125,2524.179931640625,10604.26953125
2001-01-11,1326.8199462890625,2640.570068359375,10609.5498046875
2001-01-12,1318.550048828125,2626.5,10525.3798828125
2001-01-16,1326.6500244140625,2618.550048828125,10652.66015625
2001-01-17,1329.469970703125,2682.780029296875,10584.33984375
2001-01-18,1347.969970703125,2768.489990234375,10678.2802734375
2001-01-19,1342.5400390625,2770.3798828125,10587.58984375
2001-01-22,1342.9000244140625,2757.909912109375,10578.240234375
2001-01-23,1360.4000244140625,2840.389892578125,10649.8095703125
2001-01-24,1364.300048828125,2859.14990234375,10646.9697265625
2001-01-25,1357.510009765625,2754.280029296875,10729.51953125
2001-01-26,1354.949951171875,2781.300048828125,10659.98046875
2001-01-29,1364.1700439453125,2838.340087890625,10702.1904296875
2001-01-30,1373.72998046875,2838.35009765625,10881.2001953125
2001-01-31,1366.010009765625,2772.72998046875,10887.3603515625
2001-02-01,1373.469970703125,2782.7900390625,10983.6298828125
2001-02-02,1349.469970703125,2660.5,10864.099609375
2001-02-05,1354.31005859375,2643.2099609375,10965.849609375
2001-02-06,1352.260009765625,2664.489990234375,10957.419921875
2001-02-07,1340.8900146484375,2607.820068359375,10946.7197265625
2001-02-08,1332.530029296875,2562.06005859375,10880.5498046875
2001-02-09,1314.760009765625,2470.969970703125,10781.4501953125
2001-02-12,1330.31005859375,2489.659912109375,10946.76953125
2001-02-13,1318.800048828125,2427.719970703125,10903.3203125
2001-02-14,1315.9200439453125,2491.39990234375,10795.41015625
2001-02-15,1326.6099853515625,2552.909912109375,10891.01953125
2001-02-16,1301.530029296875,2425.3798828125,10799.8203125
2001-02-20,1278.93994140625,2318.35009765625,10730.8798828125
2001-02-21,1255.27001953125,2268.93994140625,10526.580078125
2001-02-22,1252.8199462890625,2244.9599609375,10526.8095703125
2001-02-23,1245.8599853515625,2262.510009765625,10441.900390625
2001-02-26,1267.6500244140625,2308.5,10642.5302734375
2001-02-27,1257.93994140625,2207.820068359375,10636.8798828125
2001-02-28,1239.93994140625,2151.830078125,10495.2802734375
2001-03-01,1241.22998046875,2183.3701171875,10450.1396484375
2001-03-02,1234.1800537109375,2117.6298828125,10466.3095703125
2001-03-05,1241.4100341796875,2142.919921875,10562.2998046875
2001-03-06,1253.800048828125,2204.429931640625,10591.2197265625
2001-03-07,1261.8900146484375,2223.919921875,10729.599609375
2001-03-08,1264.739990234375,2168.72998046875,10858.25
2001-03-09,1233.4200439453125,2052.780029296875,10644.6201171875
2001-03-12,1180.1600341796875,1923.3800048828125,10208.25
2001-03-13,1197.6600341796875,2014.780029296875,10290.7998046875
2001-03-14,1166.7099609375,1972.0899658203125,9973.4599609375
2001-03-15,1173.56005859375,1940.7099609375,10031.2802734375
2001-03-16,1150.530029296875,1890.9100341796875,9823.41015625
2001-03-19,1170.81005859375,1951.1800537109375,9959.1103515625
2001-03-20,1142.6199951171875,1857.43994140625,9720.759765625
2001-03-21,1122.1400146484375,1830.22998046875,9487.0
2001-03-22,1117.5799560546875,1897.699951171875,9389.48046875
2001-03-23,1139.8299560546875,1928.6800537109375,9504.7802734375
2001-03-26,1152.68994140625,1918.489990234375,9687.5302734375
2001-03-27,1182.1700439453125,1972.22998046875,9947.5400390625
2001-03-28,1153.2900390625,1854.1300048828125,9785.349609375
2001-03-29,1147.949951171875,1820.5699462890625,9799.0595703125
2001-03-30,1160.3299560546875,1840.260009765625,9878.7802734375
2001-04-02,1145.8699951171875,1782.969970703125,9777.9296875
2001-04-03,1106.4599609375,1673.0,9485.7099609375
2001-04-04,1103.25,1638.800048828125,9515.419921875
2001-04-05,1151.43994140625,1785.0,9918.0498046875
2001-04-06,1128.4300537109375,1720.3599853515625,9791.08984375
2001-04-09,1137.5899658203125,1745.7099609375,9845.150390625
2001-04-10,1168.3800048828125,1852.030029296875,10102.740234375
2001-04-11,1165.8900146484375,1898.949951171875,10013.4697265625
2001-04-12,1183.5,1961.4300537109375,10126.9404296875
2001-04-16,1179.6800537109375,1909.5699462890625,10158.5595703125
2001-04-17,1191.81005859375,1923.219970703125,10216.73046875
2001-04-18,1238.1600341796875,2079.43994140625,10615.830078125
2001-04-19,1253.68994140625,2182.139892578125,10693.7099609375
2001-04-20,1242.97998046875,2163.409912109375,10579.849609375
2001-04-23,1224.3599853515625,2059.320068359375,10532.23046875
2001-04-24,1209.469970703125,2016.6099853515625,10454.33984375
2001-04-25,1228.75,2059.800048828125,10625.2001953125
2001-04-26,1234.52001953125,2034.8800048828125,10692.349609375
2001-04-27,1253.050048828125,2075.679931640625,10810.0498046875
2001-04-30,1249.4599609375,2116.239990234375,10734.9697265625
2001-05-01,1266.43994140625,2168.239990234375,10898.33984375
2001-05-02,1267.4300537109375,2220.60009765625,10876.6796875
2001-05-03,1248.5799560546875,2146.199951171875,10796.650390625
2001-05-04,1266.6099853515625,2191.530029296875,10951.240234375
2001-05-07,1263.510009765625,2173.570068359375,10935.169921875
2001-05-08,1261.199951171875,2198.77001953125,10883.509765625
2001-05-09,1255.5400390625,2156.6298828125,10866.98046875
2001-05-10,1255.1800537109375,2128.860107421875,10910.4404296875
2001-05-11,1245.6700439453125,2107.429931640625,10821.3095703125
2001-05-14,1248.9200439453125,2081.919921875,10877.330078125
2001-05-15,1249.43994140625,2085.580078125,10872.9697265625
2001-05-16,1284.989990234375,2166.43994140625,11215.919921875
2001-05-17,1288.489990234375,2193.679931640625,11248.580078125
2001-05-18,1291.9599609375,2198.8798828125,11301.740234375
2001-05-21,1312.8299560546875,2305.590087890625,11337.919921875
2001-05-22,1309.3800048828125,2313.85009765625,11257.240234375
2001-05-23,1289.050048828125,2243.47998046875,11105.509765625
2001-05-24,1293.1700439453125,2282.02001953125,11122.419921875
2001-05-25,1277.8900146484375,2251.030029296875,11005.3701171875
2001-05-29,1267.9300537109375,2175.5400390625,11039.1396484375
2001-05-30,1248.0799560546875,2084.5,10872.6396484375
2001-05-31,1255.8199462890625,2110.489990234375,10911.9404296875
2001-06-01,1260.6700439453125,2149.43994140625,10990.41015625
2001-06-04,1267.1099853515625,2155.929931640625,11061.51953125
2001-06-05,1283.5699462890625,2233.659912109375,11175.83984375
2001-06-06,1270.030029296875,2217.72998046875,11070.240234375
2001-06-07,1276.9599609375,2264.0,11090.740234375
2001-06-08,1264.9599609375,2215.10009765625,10977.0
2001-06-11,1254.3900146484375,2170.780029296875,10922.08984375
2001-06-12,1255.8499755859375,2169.949951171875,10948.3798828125
2001-06-13,1241.5999755859375,2121.659912109375,10871.6201171875
2001-06-14,1219.8699951171875,2044.0699462890625,10690.1298828125
2001-06-15,1214.3599853515625,2028.4300537109375,10623.6396484375
2001-06-18,1208.4300537109375,1988.6300048828125,10645.3798828125
2001-06-19,1212.5799560546875,1992.6600341796875,10596.669921875
2001-06-20,1223.1400146484375,2031.239990234375,10647.330078125
2001-06-21,1237.0400390625,2058.760009765625,10715.4296875
2001-06-22,1225.3499755859375,2034.8399658203125,10604.58984375
2001-06-25,1218.5999755859375,2050.8701171875,10504.2197265625
2001-06-26,1216.760009765625,2064.6201171875,10472.48046875
2001-06-27,1211.0699462890625,2074.739990234375,10434.83984375
2001-06-28,1226.199951171875,2125.4599609375,10566.2099609375
2001-06-29,1224.3800048828125,2160.5400390625,10502.400390625
2001-07-02,1236.719970703125,2148.719970703125,10593.7197265625
2001-07-03,1234.449951171875,2140.800048828125,10571.1103515625
2001-07-05,1219.239990234375,2080.110107421875,10479.8603515625
2001-07-06,1190.5899658203125,2004.1600341796875,10252.6796875
2001-07-09,1198.780029296875,2026.7099609375,10299.400390625
2001-07-10,1181.52001953125,1962.7900390625,10175.6396484375
2001-07-11,1180.1800537109375,1972.0400390625,10241.01953125
2001-07-12,1208.1400146484375,2075.739990234375,10478.990234375
2001-07-13,1215.6800537109375,2084.7900390625,10539.0595703125
2001-07-16,1202.449951171875,2029.1199951171875,10472.1201171875
2001-07-17,1214.43994140625,2067.320068359375,10606.3896484375
2001-07-18,1207.7099609375,2016.1700439453125,10569.830078125
2001-07-19,1215.02001953125,2046.5899658203125,10610.0
2001-07-20,1210.8499755859375,2029.3699951171875,10576.650390625
2001-07-23,1191.030029296875,1988.56005859375,10424.419921875
2001-07-24,1171.6500244140625,1959.239990234375,10241.1201171875
2001-07-25,1190.489990234375,1984.3199462890625,10405.669921875
2001-07-26,1202.9300537109375,2022.9599609375,10455.6298828125
2001-07-27,1205.8199462890625,2029.0699462890625,10416.669921875
2001-07-30,1204.52001953125,2017.8399658203125,10401.7197265625
2001-07-31,1211.22998046875,2027.1300048828125,10522.8095703125
2001-08-01,1215.9300537109375,2068.3798828125,10510.009765625
2001-08-02,1220.75,2087.3798828125,10551.1796875
2001-08-03,1214.3499755859375,2066.330078125,10512.7802734375
2001-08-06,1200.47998046875,2034.260009765625,10401.3095703125
2001-08-07,1204.4000244140625,2027.7900390625,10458.740234375
2001-08-08,1183.530029296875,1966.3599853515625,10293.5
2001-08-09,1183.4300537109375,1963.3199462890625,10298.5595703125
2001-08-10,1190.1600341796875,1956.469970703125,10416.25
2001-08-13,1191.2900390625,1982.25,10415.91015625
2001-08-14,1186.72998046875,1964.530029296875,10412.169921875
2001-08-15,1178.02001953125,1918.8900146484375,10345.9501953125
2001-08-16,1181.6600341796875,1930.3199462890625,10392.51953125
2001-08-17,1161.969970703125,1867.010009765625,10240.7802734375
2001-08-20,1171.4100341796875,1881.3499755859375,10320.0703125
2001-08-21,1157.260009765625,1831.300048828125,10174.1396484375
2001-08-22,1165.31005859375,1860.010009765625,10276.900390625
2001-08-23,1162.0899658203125,1842.969970703125,10229.150390625
2001-08-24,1184.9300537109375,1916.800048828125,10423.169921875
2001-08-27,1179.2099609375,1912.4100341796875,10382.349609375
2001-08-28,1161.510009765625,1864.97998046875,10222.0302734375
2001-08-29,1148.56005859375,1843.1700439453125,10090.900390625
2001-08-30,1129.030029296875,1791.6800537109375,9919.580078125
2001-08-31,1133.5799560546875,1805.4300537109375,9949.75
2001-09-04,1132.93994140625,1770.780029296875,9997.490234375
2001-09-05,1131.739990234375,1759.010009765625,10033.26953125
2001-09-06,1106.4000244140625,1705.6400146484375,9840.83984375
2001-09-07,1085.780029296875,1687.699951171875,9605.849609375
2001-09-10,1092.5400390625,1695.3800048828125,9605.509765625
2001-09-17,1038.77001953125,1579.550048828125,8920.7001953125
2001-09-18,1032.739990234375,1555.0799560546875,8903.400390625
2001-09-19,1016.0999755859375,1527.800048828125,8759.1298828125
2001-09-20,984.5399780273438,1470.9300537109375,8376.2099609375
2001-09-21,965.7999877929688,1423.18994140625,8235.8095703125
2001-09-24,1003.4500122070312,1499.4000244140625,8603.8603515625
2001-09-25,1012.27001953125,1501.6400146484375,8659.9697265625
2001-09-26,1007.0399780273438,1464.0400390625,8567.3896484375
2001-09-27,1018.6099853515625,1460.7099609375,8681.419921875
2001-09-28,1040.93994140625,1498.800048828125,8847.5595703125
2001-10-01,1038.550048828125,1480.4599609375,8836.830078125
2001-10-02,1051.3299560546875,1492.3299560546875,8950.58984375
2001-10-03,1072.280029296875,1580.81005859375,9123.7802734375
2001-10-04,1069.6300048828125,1597.31005859375,9060.8798828125
2001-10-05,1071.3800048828125,1605.300048828125,9119.76953125
2001-10-08,1062.43994140625,1605.949951171875,9067.9404296875
2001-10-09,1056.75,1570.18994140625,9052.4404296875
2001-10-10,1080.989990234375,1626.260009765625,9240.8603515625
2001-10-11,1097.4300537109375,1701.469970703125,9410.4501953125
2001-10-12,1091.6500244140625,1703.4000244140625,9344.16015625
2001-10-15,1089.97998046875,1696.31005859375,9347.6201171875
2001-10-16,1097.5400390625,1722.0699462890625,9384.23046875
2001-10-17,1077.0899658203125,1646.3399658203125,9232.9697265625
2001-10-18,1068.6099853515625,1652.719970703125,9163.2197265625
2001-10-19,1073.47998046875,1671.31005859375,9204.1103515625
2001-10-22,1089.9000244140625,1708.0799560546875,9377.0302734375
2001-10-23,1084.780029296875,1704.43994140625,9340.080078125
2001-10-24,1085.199951171875,1731.5400390625,9345.6201171875
2001-10-25,1100.0899658203125,1775.469970703125,9462.900390625
2001-10-26,1104.6099853515625,1768.9599609375,9545.169921875
2001-10-29,1078.300048828125,1699.52001953125,9269.5
2001-10-30,1059.7900390625,1667.4100341796875,9121.98046875
2001-10-31,1059.780029296875,1690.199951171875,9075.1396484375
2001-11-01,1084.0999755859375,1746.300048828125,9263.900390625
2001-11-02,1087.199951171875,1745.72998046875,9323.5400390625
2001-11-05,1102.8399658203125,1793.6500244140625,9441.0302734375
2001-11-06,1118.8599853515625,1835.0799560546875,9591.1201171875
2001-11-07,1115.800048828125,1837.530029296875,9554.3701171875
2001-11-08,1118.5400390625,1827.77001953125,9587.51953125
2001-11-09,1120.31005859375,1828.47998046875,9608.0
2001-11-12,1118.3299560546875,1840.1300048828125,9554.3701171875
2001-11-13,1139.0899658203125,1892.1099853515625,9750.9501953125
2001-11-14,1141.2099609375,1903.18994140625,9823.6103515625
2001-11-15,1142.239990234375,1900.5699462890625,9872.3896484375
2001-11-16,1138.6500244140625,1898.5799560546875,9866.990234375
2001-11-19,1151.06005859375,1934.4200439453125,9976.4599609375
2001-11-20,1142.6600341796875,1880.510009765625,9901.3798828125
2001-11-21,1137.030029296875,1875.050048828125,9834.6796875
2001-11-23,1150.3399658203125,1903.199951171875,9959.7099609375
2001-11-26,1157.4200439453125,1941.22998046875,9982.75
2001-11-27,1149.5,1935.969970703125,9872.599609375
2001-11-28,1128.52001953125,1887.969970703125,9711.8603515625
2001-11-29,1140.199951171875,1933.260009765625,9829.419921875
2001-11-30,1139.449951171875,1930.5799560546875,9851.5595703125
2001-12-03,1129.9000244140625,1904.9000244140625,9763.9599609375
2001-12-04,1144.800048828125,1963.0999755859375,9893.83984375
2001-12-05,1170.3499755859375,2046.8399658203125,10114.2900390625
2001-12-06,1167.0999755859375,2054.27001953125,10099.1396484375
2001-12-07,1158.31005859375,2021.260009765625,10049.4599609375
2001-12-10,1139.9300537109375,1992.1199951171875,9921.4501953125
2001-12-11,1136.760009765625,2001.9300537109375,9888.3701171875
2001-12-12,1137.0699462890625,2011.3800048828125,9894.8095703125
2001-12-13,1119.3800048828125,1946.510009765625,9766.4501953125
2001-12-14,1123.0899658203125,1953.1700439453125,9811.150390625
2001-12-17,1134.3599853515625,1987.449951171875,9891.9697265625
2001-12-18,1142.9200439453125,2004.760009765625,9998.3896484375
2001-12-19,1149.56005859375,1982.8900146484375,10070.490234375
2001-12-20,1139.9300537109375,1918.5400390625,9985.1796875
2001-12-21,1144.8900146484375,1945.8299560546875,10035.33984375
2001-12-24,1144.6500244140625,1944.47998046875,10035.33984375
2001-12-26,1149.3699951171875,1960.699951171875,10088.1396484375
2001-12-27,1157.1300048828125,1976.4200439453125,10131.3095703125
2001-12-28,1161.02001953125,1987.260009765625,10136.990234375
2001-12-31,1148.0799560546875,1950.4000244140625,10021.5703125
2002-01-02,1154.6700439453125,1979.25,10073.400390625
2002-01-03,1165.27001953125,2044.27001953125,10172.1396484375
2002-01-04,1172.510009765625,2059.3798828125,10259.740234375
2002-01-07,1164.8900146484375,2037.0999755859375,10197.0498046875
2002-01-08,1160.7099609375,2055.739990234375,10150.5498046875
2002-01-09,1155.1400146484375,2044.8900146484375,10094.08984375
2002-01-10,1156.550048828125,2047.239990234375,10067.8603515625
2002-01-11,1145.5999755859375,2022.4599609375,9987.5302734375
2002-01-14,1138.4100341796875,1990.739990234375,9891.419921875
2002-01-15,1146.18994140625,2000.9100341796875,9924.150390625
2002-01-16,1127.5699462890625,1944.43994140625,9712.26953125
2002-01-17,1138.8800048828125,1985.8199462890625,9850.0400390625
2002-01-18,1127.5799560546875,1930.3399658203125,9771.849609375
2002-01-22,1119.31005859375,1882.530029296875,9713.7998046875
2002-01-23,1128.1800537109375,1922.3800048828125,9730.9599609375
2002-01-24,1132.1500244140625,1942.5799560546875,9796.0703125
2002-01-25,1133.280029296875,1937.699951171875,9840.080078125
2002-01-28,1133.06005859375,1943.9100341796875,9865.75
2002-01-29,1100.6400146484375,1892.989990234375,9618.240234375
2002-01-30,1113.5699462890625,1913.43994140625,9762.8603515625
2002-01-31,1130.199951171875,1934.030029296875,9920.0
2002-02-01,1122.199951171875,1911.239990234375,9907.259765625
2002-02-04,1094.43994140625,1855.530029296875,9687.08984375
2002-02-05,1090.02001953125,1838.52001953125,9685.4296875
2002-02-06,1083.510009765625,1812.7099609375,9653.3896484375
2002-02-07,1080.1700439453125,1782.1099853515625,9625.4404296875
2002-02-08,1096.219970703125,1818.8800048828125,9744.240234375
2002-02-11,1111.93994140625,1846.6600341796875,9884.7802734375
2002-02-12,1107.5,1834.2099609375,9863.740234375
2002-02-13,1118.510009765625,1859.1600341796875,9989.669921875
2002-02-14,1116.47998046875,1843.3699951171875,10001.990234375
2002-02-15,1104.1800537109375,1805.199951171875,9903.0400390625
2002-02-19,1083.3399658203125,1750.6099853515625,9745.1396484375
2002-02-20,1097.97998046875,1775.5699462890625,9941.169921875
2002-02-21,1080.949951171875,1716.239990234375,9834.6796875
2002-02-22,1089.8399658203125,1724.5400390625,9968.150390625
2002-02-25,1109.4300537109375,1769.8800048828125,10145.7099609375
2002-02-26,1109.3800048828125,1766.8599853515625,10115.259765625
2002-02-27,1109.8900146484375,1751.8800048828125,10127.580078125
2002-02-28,1106.72998046875,1731.489990234375,10106.1298828125
2002-03-01,1131.780029296875,1802.739990234375,10368.8603515625
2002-03-04,1153.8399658203125,1859.3199462890625,10586.8203125
2002-03-05,1146.1400146484375,1866.2900390625,10433.41015625
2002-03-06,1162.77001953125,1890.4000244140625,10574.2900390625
2002-03-07,1157.5400390625,1881.6300048828125,10525.3701171875
2002-03-08,1164.31005859375,1929.6700439453125,10572.490234375
2002-03-11,1168.260009765625,1929.489990234375,10611.240234375
2002-03-12,1165.5799560546875,1897.1199951171875,10632.349609375
2002-03-13,1154.0899658203125,1862.030029296875,10501.849609375
2002-03-14,1153.0400390625,1854.1400146484375,10517.1396484375
2002-03-15,1166.1600341796875,1868.300048828125,10607.23046875
2002-03-18,1165.550048828125,1877.06005859375,10577.75
2002-03-19,1170.2900390625,1880.8699951171875,10635.25
2002-03-20,1151.8499755859375,1832.8699951171875,10501.5703125
2002-03-21,1153.5899658203125,1868.8299560546875,10479.83984375
2002-03-22,1148.699951171875,1851.3900146484375,10427.669921875
2002-03-25,1131.8699951171875,1812.489990234375,10281.669921875
2002-03-26,1138.489990234375,1824.1700439453125,10353.3603515625
2002-03-27,1144.5799560546875,1826.75,10426.91015625
2002-03-28,1147.3900146484375,1845.3499755859375,10403.9404296875
2002-04-01,1146.5400390625,1862.6199951171875,10362.7001953125
2002-04-02,1136.760009765625,1804.4000244140625,10313.7099609375
2002-04-03,1125.4000244140625,1784.3499755859375,10198.2900390625
2002-04-04,1126.3399658203125,1789.75,10235.169921875
2002-04-05,1122.72998046875,1770.030029296875,10271.6396484375
2002-04-08,1125.2900390625,1785.8699951171875,10249.080078125
2002-04-09,1117.800048828125,1742.5699462890625,10208.669921875
2002-04-10,1130.469970703125,1767.0699462890625,10381.73046875
2002-04-11,1103.68994140625,1725.239990234375,10176.080078125
2002-04-12,1111.010009765625,1756.18994140625,10190.8203125
2002-04-15,1102.550048828125,1753.780029296875,10093.669921875
2002-04-16,1128.3699951171875,1816.7900390625,10301.3203125
2002-04-17,1126.0699462890625,1810.6700439453125,10220.7802734375
2002-04-18,1124.469970703125,1802.4300537109375,10205.2802734375
2002-04-19,1125.1700439453125,1796.8299560546875,10257.1103515625
2002-04-22,1107.8299560546875,1758.6800537109375,10136.4296875
2002-04-23,1100.9599609375,1730.2900390625,10089.240234375
2002-04-24,1093.1400146484375,1713.3399658203125,10030.4296875
2002-04-25,1091.47998046875,1713.699951171875,10035.0595703125
2002-04-26,1076.3199462890625,1663.8900146484375,9910.7197265625
2002-04-29,1065.449951171875,1656.9300537109375,9819.8701171875
2002-04-30,1076.9200439453125,1688.22998046875,9946.2197265625
2002-05-01,1086.4599609375,1677.530029296875,10059.6298828125
2002-05-02,1084.56005859375,1644.8199462890625,10091.8701171875
2002-05-03,1073.4300537109375,1613.030029296875,10006.6298828125
2002-05-06,1052.6700439453125,1578.47998046875,9808.0400390625
2002-05-07,1049.489990234375,1573.8199462890625,9836.5498046875
2002-05-08,1088.8499755859375,1696.2900390625,10141.830078125
2002-05-09,1073.010009765625,1650.489990234375,10037.419921875
2002-05-10,1054.989990234375,1600.8499755859375,9939.919921875
2002-05-13,1074.56005859375,1652.5400390625,10109.66015625
2002-05-14,1097.280029296875,1719.050048828125,10298.1396484375
2002-05-15,1091.0699462890625,1725.56005859375,10243.6796875
2002-05-16,1098.22998046875,1730.43994140625,10289.2099609375
2002-05-17,1106.5899658203125,1741.3900146484375,10353.080078125
2002-05-20,1091.8800048828125,1701.5899658203125,10229.5
2002-05-21,1079.8800048828125,1664.1800537109375,10105.7099609375
2002-05-22,1086.02001953125,1673.449951171875,10157.8798828125
2002-05-23,1097.0799560546875,1697.6300048828125,10216.080078125
2002-05-24,1083.8199462890625,1661.489990234375,10104.259765625
2002-05-28,1074.550048828125,1652.1700439453125,9981.580078125
2002-05-29,1067.6600341796875,1624.3900146484375,9923.0400390625
2002-05-30,1064.6600341796875,1631.9200439453125,9911.6904296875
2002-05-31,1067.1400146484375,1615.72998046875,9925.25
2002-06-03,1040.6800537109375,1562.56005859375,9709.7900390625
2002-06-04,1040.68994140625,1578.1199951171875,9687.83984375
2002-06-05,1049.9000244140625,1595.260009765625,9796.7998046875
2002-06-06,1029.1500244140625,1554.8800048828125,9624.6396484375
2002-06-07,1027.530029296875,1535.47998046875,9589.669921875
2002-06-10,1030.739990234375,1530.68994140625,9645.400390625
2002-06-11,1013.5999755859375,1497.1800537109375,9517.259765625
2002-06-12,1020.260009765625,1519.1199951171875,9617.7099609375
2002-06-13,1009.5599975585938,1496.8800048828125,9502.7998046875
2002-06-14,1007.27001953125,1504.739990234375,9474.2099609375
2002-06-17,1036.1700439453125,1553.2900390625,9687.419921875
2002-06-18,1037.1400146484375,1542.9599609375,9706.1201171875
2002-06-19,1019.989990234375,1496.8299560546875,9561.5703125
2002-06-20,1006.2899780273438,1464.75,9431.76953125
2002-06-21,989.1400146484375,1440.9599609375,9253.7900390625
2002-06-24,992.719970703125,1460.3399658203125,9281.8203125
2002-06-25,976.1400146484375,1423.989990234375,9126.8203125
2002-06-26,973.530029296875,1429.3299560546875,9120.1103515625
2002-06-27,990.6400146484375,1459.199951171875,9269.919921875
2002-06-28,989.8200073242188,1463.2099609375,9243.259765625
2002-07-01,968.6500244140625,1403.800048828125,9109.7900390625
2002-07-02,948.0900268554688,1357.8199462890625,9007.75
2002-07-03,953.989990234375,1380.1700439453125,9054.9697265625
2002-07-05,989.030029296875,1448.3599853515625,9379.5
2002-07-08,976.97998046875,1405.6099853515625,9274.900390625
2002-07-09,952.8300170898438,1381.1199951171875,9096.08984375
2002-07-10,920.469970703125,1346.010009765625,8813.5
2002-07-11,927.3699951171875,1374.4300537109375,8801.5302734375
2002-07-12,921.3900146484375,1373.5,8684.5302734375
2002-07-15,917.9299926757812,1382.6199951171875,8639.1904296875
2002-07-16,900.9400024414062,1375.260009765625,8473.1103515625
2002-07-17,906.0399780273438,1397.25,8542.48046875
2002-07-18,881.5599975585938,1356.949951171875,8409.490234375
2002-07-19,847.75,1319.1500244140625,8019.259765625
2002-07-22,819.8499755859375,1282.6500244140625,7784.580078125
2002-07-23,797.7000122070312,1229.050048828125,7702.33984375
2002-07-24,843.4299926757812,1290.22998046875,8191.2900390625
2002-07-25,838.6799926757812,1240.0799560546875,8186.31005859375
2002-07-26,852.8400268554688,1262.1199951171875,8264.3896484375
2002-07-29,898.9600219726562,1335.25,8711.8798828125
2002-07-30,902.780029296875,1344.18994140625,8680.0302734375
2002-07-31,911.6199951171875,1328.260009765625,8736.58984375
2002-08-01,884.6599731445312,1280.0,8506.6201171875
2002-08-02,864.239990234375,1247.9200439453125,8313.1298828125
2002-08-05,834.5999755859375,1206.010009765625,8043.6298828125
2002-08-06,859.5700073242188,1259.550048828125,8274.08984375
2002-08-07,876.77001953125,1280.9000244140625,8456.150390625
2002-08-08,905.4600219726562,1316.52001953125,8712.01953125
2002-08-09,908.6400146484375,1306.1199951171875,8745.4501953125
2002-08-12,903.7999877929688,1306.8399658203125,8688.8896484375
2002-08-13,884.2100219726562,1269.280029296875,8482.3896484375
2002-08-14,919.6199951171875,1334.300048828125,8743.3095703125
2002-08-15,930.25,1345.010009765625,8818.1396484375
2002-08-16,928.77001953125,1361.010009765625,8778.0595703125
2002-08-19,950.7000122070312,1394.5400390625,8990.7900390625
2002-08-20,937.4299926757812,1376.5899658203125,8872.0703125
2002-08-21,949.3599853515625,1409.25,8957.23046875
2002-08-22,962.7000122070312,1422.949951171875,9053.6396484375
2002-08-23,940.8599853515625,1380.6199951171875,8872.9599609375
2002-08-26,947.9500122070312,1391.739990234375,8919.009765625
2002-08-27,934.8200073242188,1347.780029296875,8824.41015625
2002-08-28,917.8699951171875,1314.3800048828125,8694.08984375
2002-08-29,917.7999877929688,1335.77001953125,8670.990234375
2002-08-30,916.0700073242188,1314.8499755859375,8663.5
2002-09-03,878.02001953125,1263.8399658203125,8308.0498046875
2002-09-04,893.4000244140625,1292.31005859375,8425.1201171875
2002-09-05,879.1500244140625,1251.0,8283.7001953125
2002-09-06,893.9199829101562,1295.300048828125,8427.2001953125
2002-09-09,902.9600219726562,1304.5999755859375,8519.3798828125
2002-09-10,909.5800170898438,1320.0899658203125,8602.6103515625
2002-09-11,909.4500122070312,1315.449951171875,8581.169921875
2002-09-12,886.9099731445312,1279.6800537109375,8379.41015625
2002-09-13,889.8099975585938,1291.4000244140625,8312.6904296875
2002-09-16,891.0999755859375,1275.8800048828125,8380.1796875
2002-09-17,873.52001953125,1259.93994140625,8207.5498046875
2002-09-18,869.4600219726562,1252.1300048828125,8172.4501953125
2002-09-19,843.3200073242188,1216.449951171875,7942.39013671875
2002-09-20,845.3900146484375,1221.0899658203125,7986.02001953125
2002-09-23,833.7000122070312,1184.9300537109375,7872.14990234375
2002-09-24,819.2899780273438,1182.1700439453125,7683.1298828125
2002-09-25,839.6599731445312,1222.2900390625,7841.81982421875
2002-09-26,854.9500122070312,1221.6099853515625,7997.1201171875
2002-09-27,827.3699951171875,1199.1600341796875,7701.4501953125
2002-09-30,815.280029296875,1172.06005859375,7591.93017578125
2002-10-01,847.9099731445312,1213.719970703125,7938.7900390625
2002-10-02,827.9099731445312,1187.300048828125,7755.60986328125
2002-10-03,818.9500122070312,1165.56005859375,7717.18994140625
2002-10-04,800.5800170898438,1139.9000244140625,7528.39990234375
2002-10-07,785.280029296875,1119.4000244140625,7422.83984375
2002-10-08,798.5499877929688,1129.219970703125,7501.490234375
2002-10-09,776.760009765625,1114.1099853515625,7286.27001953125
2002-10-10,803.9199829101562,1163.3699951171875,7533.9501953125
2002-10-11,835.3200073242188,1210.469970703125,7850.2900390625
2002-10-14,841.4400024414062,1220.530029296875,7877.39990234375
2002-10-15,881.27001953125,1282.43994140625,8255.6796875
2002-10-16,860.02001953125,1232.4200439453125,8036.02978515625
2002-10-17,879.2000122070312,1272.2900390625,8275.0400390625
2002-10-18,884.3900146484375,1287.8599853515625,8322.400390625
2002-10-21,899.719970703125,1309.6700439453125,8538.240234375
2002-10-22,890.1599731445312,1292.800048828125,8450.16015625
2002-10-23,896.1400146484375,1320.22998046875,8494.26953125
2002-10-24,882.5,1298.7099609375,8317.33984375
2002-10-25,897.6500244140625,1331.1300048828125,8443.990234375
2002-10-28,890.22998046875,1315.8299560546875,8368.0400390625
2002-10-29,882.1500244140625,1300.5400390625,8368.9404296875
2002-10-30,890.7100219726562,1326.72998046875,8427.41015625
2002-10-31,885.760009765625,1329.75,8397.0302734375
2002-11-01,900.9600219726562,1360.699951171875,8517.6396484375
2002-11-04,908.3499755859375,1396.5400390625,8571.599609375
2002-11-05,915.3900146484375,1401.1700439453125,8678.26953125
2002-11-06,923.760009765625,1418.989990234375,8771.009765625
2002-11-07,902.6500244140625,1376.7099609375,8586.240234375
2002-11-08,894.739990234375,1359.280029296875,8537.1298828125
2002-11-11,876.1900024414062,1319.18994140625,8358.9501953125
2002-11-12,882.9500122070312,1349.56005859375,8386.0
2002-11-13,882.530029296875,1361.3299560546875,8398.490234375
2002-11-14,904.27001953125,1411.52001953125,8542.1298828125
2002-11-15,909.8300170898438,1411.1400146484375,8579.08984375
2002-11-18,900.3599853515625,1393.68994140625,8486.5703125
2002-11-19,896.739990234375,1374.510009765625,8474.7802734375
2002-11-20,914.1500244140625,1419.3499755859375,8623.009765625
2002-11-21,933.760009765625,1467.550048828125,8845.150390625
2002-11-22,930.5499877929688,1468.739990234375,8804.83984375
2002-11-25,932.8699951171875,1481.9000244140625,8849.400390625
2002-11-26,913.3099975585938,1444.4300537109375,8676.419921875
2002-11-27,938.8699951171875,1487.93994140625,8931.6796875
2002-11-29,936.3099975585938,1478.780029296875,8896.08984375
2002-12-02,934.530029296875,1484.780029296875,8862.5703125
2002-12-03,920.75,1448.9599609375,8742.9296875
2002-12-04,917.5800170898438,1430.3499755859375,8737.849609375
2002-12-05,906.5499877929688,1410.75,8623.2802734375
2002-12-06,912.22998046875,1422.43994140625,8645.76953125
2002-12-09,892.0,1367.1400146484375,8473.41015625
2002-12-10,904.4500122070312,1390.760009765625,8574.259765625
2002-12-11,904.9600219726562,1396.5899658203125,8589.1396484375
2002-12-12,901.5800170898438,1399.550048828125,8538.400390625
2002-12-13,889.47998046875,1362.4200439453125,8433.7099609375
2002-12-16,910.4000244140625,1400.3299560546875,8627.400390625
2002-12-17,902.989990234375,1392.050048828125,8535.3896484375
2002-12-18,891.1199951171875,1361.510009765625,8447.349609375
2002-12-19,884.25,1354.0999755859375,8364.7998046875
2002-12-20,895.760009765625,1363.050048828125,8511.3203125
2002-12-23,897.3800048828125,1381.68994140625,8493.2900390625
2002-12-24,892.469970703125,1372.469970703125,8448.1103515625
2002-12-26,889.6599731445312,1367.8900146484375,8432.6103515625
2002-12-27,875.4000244140625,1348.31005859375,8303.7802734375
2002-12-30,879.3900146484375,1339.5400390625,8332.849609375
2002-12-31,879.8200073242188,1335.510009765625,8341.6298828125
2003-01-02,909.030029296875,1384.8499755859375,8607.51953125
2003-01-03,908.5900268554688,1387.0799560546875,8601.6904296875
2003-01-06,929.010009765625,1421.3199462890625,8773.5703125
2003-01-07,922.9299926757812,1431.5699462890625,8740.58984375
2003-01-08,909.9299926757812,1401.0699462890625,8595.3095703125
2003-01-09,927.5700073242188,1438.4599609375,8776.1796875
2003-01-10,927.5700073242188,1447.719970703125,8784.8896484375
2003-01-13,926.260009765625,1446.0400390625,8785.98046875
2003-01-14,931.6599731445312,1460.989990234375,8842.6201171875
2003-01-15,918.219970703125,1438.800048828125,8723.1796875
2003-01-16,914.5999755859375,1423.75,8697.8701171875
2003-01-17,901.780029296875,1376.18994140625,8586.740234375
2003-01-21,887.6199951171875,1364.25,8442.900390625
2003-01-22,878.3599853515625,1359.47998046875,8318.73046875
2003-01-23,887.3400268554688,1388.27001953125,8369.4697265625
2003-01-24,861.4000244140625,1342.1400146484375,8131.009765625
2003-01-27,847.47998046875,1325.27001953125,7989.56005859375
2003-01-28,858.5399780273438,1342.1800537109375,8088.83984375
2003-01-29,864.3599853515625,1358.06005859375,8110.7099609375
2003-01-30,844.6099853515625,1322.3499755859375,7945.1298828125
2003-01-31,855.7000122070312,1320.9100341796875,8053.81005859375
2003-02-03,860.3200073242188,1323.7900390625,8109.81982421875
2003-02-04,848.2000122070312,1306.1500244140625,8013.2900390625
2003-02-05,843.5900268554688,1301.5,7985.18017578125
2003-02-06,838.1500244140625,1301.72998046875,7929.2998046875
2003-02-07,829.6900024414062,1282.469970703125,7864.22998046875
2003-02-10,835.969970703125,1296.6800537109375,7920.10986328125
2003-02-11,829.2000122070312,1295.4599609375,7843.10986328125
2003-02-12,818.6799926757812,1278.969970703125,7758.169921875
2003-02-13,817.3699951171875,1277.43994140625,7749.8701171875
2003-02-14,834.8900146484375,1310.1700439453125,7908.7998046875
2003-02-18,851.1699829101562,1346.5400390625,8041.14990234375
2003-02-19,845.1300048828125,1334.3199462890625,8000.60009765625
2003-02-20,837.0999755859375,1331.22998046875,7914.9599609375
2003-02-21,848.1699829101562,1349.02001953125,8018.10986328125
2003-02-24,832.5800170898438,1322.3800048828125,7858.240234375
2003-02-25,838.5700073242188,1328.97998046875,7909.5
2003-02-26,827.5499877929688,1303.6800537109375,7806.97998046875
2003-02-27,837.280029296875,1323.93994140625,7884.990234375
2003-02-28,841.1500244140625,1337.52001953125,7891.080078125
2003-03-03,834.8099975585938,1320.2900390625,7837.85986328125
2003-03-04,821.989990234375,1307.77001953125,7704.8701171875
2003-03-05,829.8499755859375,1314.4000244140625,7775.60009765625
2003-03-06,822.0999755859375,1302.8900146484375,7673.990234375
2003-03-07,828.8900146484375,1305.2900390625,7740.02978515625
2003-03-10,807.47998046875,1278.3699951171875,7568.18017578125
2003-03-11,800.72998046875,1271.469970703125,7524.06005859375
2003-03-12,804.1900024414062,1279.239990234375,7552.06982421875
2003-03-13,831.9000244140625,1340.77001953125,7821.75
2003-03-14,833.27001953125,1340.3299560546875,7859.7099609375
2003-03-17,862.7899780273438,1392.27001953125,8141.919921875
2003-03-18,866.4500122070312,1400.550048828125,8194.23046875
2003-03-19,874.02001953125,1397.0699462890625,8265.4501953125
2003-03-20,875.6699829101562,1402.77001953125,8286.599609375
2003-03-21,895.7899780273438,1421.8399658203125,8521.9697265625
2003-03-24,864.22998046875,1369.780029296875,8214.6796875
2003-03-25,874.739990234375,1391.010009765625,8280.23046875
2003-03-26,869.9500122070312,1387.449951171875,8229.8798828125
2003-03-27,868.52001953125,1384.25,8201.4501953125
2003-03-28,863.5,1369.5999755859375,8145.77001953125
2003-03-31,848.1799926757812,1341.1700439453125,7992.1298828125
2003-04-01,858.47998046875,1348.300048828125,8069.85986328125
2003-04-02,880.9000244140625,1396.719970703125,8285.0595703125
2003-04-03,876.4500122070312,1396.5799560546875,8240.3798828125
2003-04-04,878.8499755859375,1383.510009765625,8277.150390625
2003-04-07,879.9299926757812,1389.510009765625,8300.41015625
2003-04-08,878.2899780273438,1382.93994140625,8298.919921875
2003-04-09,865.989990234375,1356.739990234375,8197.9404296875
2003-04-10,871.5800170898438,1365.6099853515625,8221.330078125
2003-04-11,868.2999877929688,1358.8499755859375,8203.41015625
2003-04-14,885.22998046875,1384.949951171875,8351.099609375
2003-04-15,890.8099975585938,1391.010009765625,8402.3603515625
2003-04-16,879.9099731445312,1394.719970703125,8257.6103515625
2003-04-17,893.5800170898438,1425.5,8337.650390625
2003-04-21,892.010009765625,1424.3699951171875,8328.900390625
2003-04-22,911.3699951171875,1451.3599853515625,8484.990234375
2003-04-23,919.02001953125,1466.1600341796875,8515.66015625
2003-04-24,911.4299926757812,1457.22998046875,8440.0400390625
2003-04-25,898.8099975585938,1434.5400390625,8306.349609375
2003-04-28,914.8400268554688,1462.239990234375,8471.6103515625
2003-04-29,917.8400268554688,1471.300048828125,8502.990234375
2003-04-30,916.9199829101562,1464.31005859375,8480.08984375
2003-05-01,916.2999877929688,1472.56005859375,8454.25
2003-05-02,930.0800170898438,1502.8800048828125,8582.6796875
2003-05-05,926.5499877929688,1504.0400390625,8531.5703125
2003-05-06,934.3900146484375,1523.7099609375,8588.3603515625
2003-05-07,929.6199951171875,1506.760009765625,8560.6298828125
2003-05-08,920.27001953125,1489.68994140625,8491.2197265625
2003-05-09,933.4099731445312,1520.1500244140625,8604.599609375
2003-05-12,945.1099853515625,1541.4000244140625,8726.73046875
2003-05-13,942.2999877929688,1539.6800537109375,8679.25
2003-05-14,939.280029296875,1534.9000244140625,8647.8203125
2003-05-15,946.6699829101562,1551.3800048828125,8713.1396484375
2003-05-16,944.2999877929688,1538.530029296875,8678.9697265625
2003-05-19,920.77001953125,1492.77001953125,8493.3896484375
2003-05-20,919.72998046875,1491.0899658203125,8491.3603515625
2003-05-21,923.4199829101562,1489.8699951171875,8516.4296875
2003-05-22,931.8699951171875,1507.550048828125,8594.01953125
2003-05-23,933.219970703125,1510.0899658203125,8601.3798828125
2003-05-27,951.47998046875,1556.68994140625,8781.349609375
2003-05-28,953.219970703125,1563.239990234375,8793.1201171875
2003-05-29,949.6400146484375,1574.949951171875,8711.1796875
2003-05-30,963.5900268554688,1595.9100341796875,8850.259765625
2003-06-02,967.0,1590.75,8897.8095703125
2003-06-03,971.5599975585938,1603.56005859375,8922.9501953125
2003-06-04,986.239990234375,1634.6500244140625,9038.98046875
2003-06-05,990.1400146484375,1646.010009765625,9041.2998046875
2003-06-06,987.760009765625,1627.4200439453125,9062.7900390625
2003-06-09,975.9299926757812,1603.969970703125,8980.0
2003-06-10,984.8400268554688,1627.6700439453125,9054.8896484375
2003-06-11,997.47998046875,1646.02001953125,9183.2197265625
2003-06-12,998.510009765625,1653.6199951171875,9196.5498046875
2003-06-13,988.6099853515625,1626.489990234375,9117.1201171875
2003-06-16,1010.739990234375,1666.5799560546875,9318.9599609375
2003-06-17,1011.6599731445312,1668.43994140625,9323.01953125
2003-06-18,1010.0900268554688,1677.1400146484375,9293.7998046875
2003-06-19,994.7000122070312,1648.6400146484375,9179.5302734375
2003-06-20,995.6900024414062,1644.719970703125,9200.75
2003-06-23,981.6400146484375,1610.75,9072.9501953125
2003-06-24,983.4500122070312,1605.6099853515625,9109.849609375
2003-06-25,975.3200073242188,1602.6600341796875,9011.5302734375
2003-06-26,985.8200073242188,1634.010009765625,9079.0400390625
2003-06-27,976.219970703125,1625.260009765625,8989.0498046875
2003-06-30,974.5,1622.800048828125,8985.4404296875
2003-07-01,982.3200073242188,1640.1300048828125,9040.9501953125
2003-07-02,993.75,1678.72998046875,9142.83984375
2003-07-03,985.7000122070312,1663.4599609375,9070.2099609375
2003-07-07,1004.4199829101562,1720.7099609375,9216.7900390625
2003-07-08,1007.8400268554688,1746.4599609375,9223.08984375
2003-07-09,1002.2100219726562,1747.4599609375,9156.2099609375
2003-07-10,988.7000122070312,1715.8599853515625,9036.0400390625
2003-07-11,998.1400146484375,1733.9300537109375,9119.58984375
2003-07-14,1003.8599853515625,1754.8199462890625,9177.150390625
2003-07-15,1000.4199829101562,1753.2099609375,9128.9697265625
2003-07-16,994.0900268554688,1747.969970703125,9094.58984375
2003-07-17,981.72998046875,1698.02001953125,9050.8203125
2003-07-18,993.3200073242188,1708.5,9188.150390625
2003-07-21,978.7999877929688,1681.4100341796875,9096.6904296875
2003-07-22,988.1099853515625,1706.0999755859375,9158.4501953125
2003-07-23,988.6099853515625,1719.1800537109375,9194.240234375
2003-07-24,981.5999755859375,1701.4200439453125,9112.509765625
2003-07-25,998.6799926757812,1730.699951171875,9284.5703125
2003-07-28,996.52001953125,1735.3599853515625,9266.509765625
2003-07-29,989.280029296875,1731.3699951171875,9204.4599609375
2003-07-30,987.489990234375,1720.9100341796875,9200.0498046875
2003-07-31,990.3099975585938,1735.02001953125,9233.7998046875
2003-08-01,980.1500244140625,1715.6199951171875,9153.9697265625
2003-08-04,982.8200073242188,1714.06005859375,9186.0400390625
2003-08-05,965.4600219726562,1673.5,9036.3203125
2003-08-06,967.0800170898438,1652.6800537109375,9061.740234375
2003-08-07,974.1199951171875,1652.1800537109375,9126.4501953125
2003-08-08,977.5900268554688,1644.030029296875,9191.08984375
2003-08-11,980.5900268554688,1661.510009765625,9217.349609375
2003-08-12,990.3499755859375,1687.010009765625,9310.0595703125
2003-08-13,984.030029296875,1686.6099853515625,9271.759765625
2003-08-14,990.510009765625,1700.3399658203125,9310.5595703125
2003-08-15,990.6699829101562,1702.010009765625,9321.6904296875
2003-08-18,999.739990234375,1739.489990234375,9412.4501953125
2003-08-19,1002.3499755859375,1761.1099853515625,9428.900390625
2003-08-20,1000.2999877929688,1760.5400390625,9397.509765625
2003-08-21,1003.27001953125,1777.550048828125,9423.6796875
2003-08-22,993.0599975585938,1765.3199462890625,9348.8701171875
2003-08-25,993.7100219726562,1764.31005859375,9317.6396484375
2003-08-26,996.72998046875,1770.6500244140625,9340.4501953125
2003-08-27,996.7899780273438,1782.1300048828125,9333.7900390625
2003-08-28,1002.8400268554688,1800.1800537109375,9374.2099609375
2003-08-29,1008.010009765625,1810.449951171875,9415.8203125
2003-09-02,1021.989990234375,1841.47998046875,9523.26953125
2003-09-03,1026.27001953125,1852.9000244140625,9568.4599609375
2003-09-04,1027.969970703125,1868.969970703125,9587.900390625
2003-09-05,1021.3900146484375,1858.239990234375,9503.33984375
2003-09-08,1031.6400146484375,1888.6199951171875,9586.2900390625
2003-09-09,1023.1699829101562,1873.4300537109375,9507.2001953125
2003-09-10,1010.9199829101562,1823.81005859375,9420.4599609375
2003-09-11,1016.4199829101562,1846.0899658203125,9459.759765625
2003-09-12,1018.6300048828125,1855.030029296875,9471.5498046875
2003-09-15,1014.8099975585938,1845.699951171875,9448.8095703125
2003-09-16,1029.3199462890625,1887.25,9567.33984375
2003-09-17,1025.969970703125,1883.0999755859375,9545.650390625
2003-09-18,1039.5799560546875,1909.550048828125,9659.1298828125
2003-09-19,1036.300048828125,1905.699951171875,9644.8203125
2003-09-22,1022.8200073242188,1874.6199951171875,9535.41015625
2003-09-23,1029.030029296875,1901.719970703125,9576.0400390625
2003-09-24,1009.3800048828125,1843.699951171875,9425.509765625
2003-09-25,1003.27001953125,1817.239990234375,9343.9599609375
2003-09-26,996.8499755859375,1792.0699462890625,9313.080078125
2003-09-29,1006.5800170898438,1824.56005859375,9380.240234375
2003-09-30,995.969970703125,1786.93994140625,9275.0595703125
2003-10-01,1018.219970703125,1832.25,9469.2001953125
2003-10-02,1020.239990234375,1836.219970703125,9487.7998046875
2003-10-03,1029.8499755859375,1880.5699462890625,9572.3095703125
2003-10-06,1034.3499755859375,1893.4599609375,9594.98046875
2003-10-07,1039.25,1907.8499755859375,9654.6103515625
2003-10-08,1033.780029296875,1893.780029296875,9630.900390625
2003-10-09,1038.72998046875,1911.9000244140625,9680.009765625
2003-10-10,1038.06005859375,1915.31005859375,9674.6796875
2003-10-13,1045.3499755859375,1933.530029296875,9764.3798828125
2003-10-14,1049.47998046875,1943.18994140625,9812.98046875
2003-10-15,1046.760009765625,1939.0999755859375,9803.0498046875
2003-10-16,1050.0699462890625,1950.1400146484375,9791.7197265625
2003-10-17,1039.3199462890625,1912.3599853515625,9721.7900390625
2003-10-20,1044.6800537109375,1925.1400146484375,9777.9404296875
2003-10-21,1046.030029296875,1940.9000244140625,9747.6396484375
2003-10-22,1030.3599853515625,1898.0699462890625,9598.240234375
2003-10-23,1033.77001953125,1885.510009765625,9613.1298828125
2003-10-24,1028.9100341796875,1865.5899658203125,9582.4599609375
2003-10-27,1031.1300048828125,1882.9100341796875,9608.16015625
2003-10-28,1046.7900390625,1932.260009765625,9748.3095703125
2003-10-29,1048.1099853515625,1936.56005859375,9774.5302734375
2003-10-30,1046.93994140625,1932.68994140625,9786.6103515625
2003-10-31,1050.7099609375,1932.2099609375,9801.1201171875
2003-11-03,1059.02001953125,1967.699951171875,9858.4599609375
2003-11-04,1053.25,1957.969970703125,9838.830078125
2003-11-05,1051.81005859375,1959.3699951171875,9820.830078125
2003-11-06,1058.050048828125,1976.3699951171875,9856.9697265625
2003-11-07,1053.2099609375,1970.739990234375,9809.7900390625
2003-11-10,1047.1099853515625,1941.6400146484375,9756.5302734375
2003-11-11,1046.5699462890625,1930.75,9737.7900390625
2003-11-12,1058.530029296875,1973.1099853515625,9848.830078125
2003-11-13,1058.4100341796875,1967.3499755859375,9837.9404296875
2003-11-14,1050.3499755859375,1930.260009765625,9768.6796875
2003-11-17,1043.6300048828125,1909.6099853515625,9710.830078125
2003-11-18,1034.1500244140625,1881.75,9624.16015625
2003-11-19,1042.43994140625,1899.6500244140625,9690.4599609375
2003-11-20,1033.6500244140625,1881.9200439453125,9619.419921875
2003-11-21,1035.280029296875,1893.8800048828125,9628.5302734375
2003-11-24,1052.0799560546875,1947.1400146484375,9747.7900390625
2003-11-25,1053.8900146484375,1943.0400390625,9763.9404296875
2003-11-26,1058.449951171875,1953.31005859375,9779.5703125
2003-11-28,1058.199951171875,1960.260009765625,9782.4599609375
2003-12-01,1070.1199951171875,1989.8199462890625,9899.0498046875
2003-12-02,1066.6199951171875,1980.0699462890625,9853.6396484375
2003-12-03,1064.72998046875,1960.25,9873.419921875
2003-12-04,1069.719970703125,1968.800048828125,9930.8203125
2003-12-05,1061.5,1937.8199462890625,9862.6796875
2003-12-08,1069.300048828125,1948.8499755859375,9965.26953125
2003-12-09,1060.1800537109375,1908.3199462890625,9923.419921875
2003-12-10,1059.050048828125,1904.6500244140625,9921.8603515625
2003-12-11,1071.2099609375,1942.3199462890625,10008.16015625
2003-12-12,1074.1400146484375,1949.0,10042.16015625
2003-12-15,1068.0400390625,1918.260009765625,10022.8203125
2003-12-16,1075.1300048828125,1924.2900390625,10129.5595703125
2003-12-17,1076.47998046875,1921.3299560546875,10145.259765625
2003-12-18,1089.1800537109375,1956.1800537109375,10248.080078125
2003-12-19,1088.6600341796875,1951.02001953125,10278.2197265625
2003-12-22,1092.93994140625,1955.800048828125,10338.0
2003-12-23,1096.02001953125,1974.780029296875,10341.259765625
2003-12-24,1094.0400390625,1969.22998046875,10305.1904296875
2003-12-26,1095.8900146484375,1973.1400146484375,10324.669921875
2003-12-29,1109.47998046875,2006.47998046875,10450.0
2003-12-30,1109.6400146484375,2009.8800048828125,10425.0400390625
2003-12-31,1111.9200439453125,2003.3699951171875,10453.919921875
2004-01-02,1108.47998046875,2006.6800537109375,10409.849609375
2004-01-05,1122.219970703125,2047.3599853515625,10544.0703125
2004-01-06,1123.6700439453125,2057.3701171875,10538.66015625
2004-01-07,1126.3299560546875,2077.679931640625,10529.0302734375
2004-01-08,1131.9200439453125,2100.25,10592.4404296875
2004-01-09,1121.8599853515625,2086.919921875,10458.8896484375
2004-01-12,1127.22998046875,2111.780029296875,10485.1796875
2004-01-13,1121.219970703125,2096.43994140625,10427.1796875
2004-01-14,1130.52001953125,2111.1298828125,10538.3701171875
2004-01-15,1132.050048828125,2109.080078125,10553.849609375
2004-01-16,1139.8299560546875,2140.4599609375,10600.509765625
2004-01-20,1138.77001953125,2147.97998046875,10528.66015625
2004-01-21,1147.6199951171875,2142.449951171875,10623.6201171875
2004-01-22,1143.93994140625,2119.010009765625,10623.1796875
2004-01-23,1141.550048828125,2123.8701171875,10568.2900390625
2004-01-26,1155.3699951171875,2153.830078125,10702.509765625
2004-01-27,1144.050048828125,2116.0400390625,10609.919921875
2004-01-28,1128.47998046875,2077.3701171875,10468.3701171875
2004-01-29,1134.1099853515625,2068.22998046875,10510.2900390625
2004-01-30,1131.1300048828125,2066.14990234375,10488.0703125
2004-02-02,1135.260009765625,2063.14990234375,10499.1796875
2004-02-03,1136.030029296875,2066.2099609375,10505.1796875
2004-02-04,1126.52001953125,2014.1400146484375,10470.740234375
2004-02-05,1128.5899658203125,2019.56005859375,10495.5498046875
2004-02-06,1142.760009765625,2064.010009765625,10593.0302734375
2004-02-09,1139.81005859375,2060.570068359375,10579.0302734375
2004-02-10,1145.5400390625,2075.330078125,10613.849609375
2004-02-11,1157.760009765625,2089.659912109375,10737.7001953125
2004-02-12,1152.1099853515625,2073.610107421875,10694.0703125
2004-02-13,1145.81005859375,2053.56005859375,10627.849609375
2004-02-17,1156.989990234375,2080.35009765625,10714.8798828125
2004-02-18,1151.8199462890625,2076.469970703125,10671.990234375
2004-02-19,1147.06005859375,2045.9599609375,10664.73046875
2004-02-20,1144.1099853515625,2037.9300537109375,10619.0302734375
2004-02-23,1140.989990234375,2007.52001953125,10609.6201171875
2004-02-24,1139.0899658203125,2005.43994140625,10566.3701171875
2004-02-25,1143.6700439453125,2022.97998046875,10601.6201171875
2004-02-26,1144.9100341796875,2032.5699462890625,10580.1396484375
2004-02-27,1144.93994140625,2029.8199462890625,10583.919921875
2004-03-01,1155.969970703125,2057.800048828125,10678.1396484375
2004-03-02,1149.0999755859375,2039.6500244140625,10591.48046875
2004-03-03,1151.030029296875,2033.3599853515625,10593.1103515625
2004-03-04,1154.8699951171875,2055.110107421875,10588.0
2004-03-05,1156.8599853515625,2047.6300048828125,10595.5498046875
2004-03-08,1147.199951171875,2008.780029296875,10529.48046875
2004-03-09,1140.5799560546875,1995.1600341796875,10456.9599609375
2004-03-10,1123.8900146484375,1964.1500244140625,10296.8896484375
2004-03-11,1106.780029296875,1943.8900146484375,10128.3798828125
2004-03-12,1120.5699462890625,1984.72998046875,10240.080078125
2004-03-15,1104.489990234375,1939.199951171875,10102.8896484375
2004-03-16,1110.699951171875,1943.0899658203125,10184.669921875
2004-03-17,1123.75,1976.760009765625,10300.2998046875
2004-03-18,1122.3199462890625,1962.43994140625,10295.7802734375
2004-03-19,1109.780029296875,1940.469970703125,10186.599609375
2004-03-22,1095.4000244140625,1909.9000244140625,10064.75
2004-03-23,1093.949951171875,1901.800048828125,10063.6396484375
2004-03-24,1091.3299560546875,1909.47998046875,10048.23046875
2004-03-25,1109.18994140625,1967.1700439453125,10218.8203125
2004-03-26,1108.06005859375,1960.02001953125,10212.9697265625
2004-03-29,1122.469970703125,1992.5699462890625,10329.6298828125
2004-03-30,1127.0,2000.6300048828125,10381.7001953125
2004-03-31,1126.2099609375,1994.219970703125,10357.7001953125
2004-04-01,1132.1700439453125,2015.010009765625,10373.330078125
2004-04-02,1141.81005859375,2057.169921875,10470.58984375
2004-04-05,1150.5699462890625,2079.1201171875,10558.3701171875
2004-04-06,1148.1600341796875,2059.89990234375,10570.8095703125
2004-04-07,1140.530029296875,2050.239990234375,10480.150390625
2004-04-08,1139.3199462890625,2052.8798828125,10442.0302734375
2004-04-12,1145.199951171875,2065.47998046875,10515.5595703125
2004-04-13,1129.43994140625,2030.0799560546875,10381.2802734375
2004-04-14,1128.1700439453125,2024.8499755859375,10377.9501953125
2004-04-15,1128.8399658203125,2002.1700439453125,10397.4599609375
2004-04-16,1134.6099853515625,1995.739990234375,10451.9697265625
2004-04-19,1135.8199462890625,2020.4300537109375,10437.849609375
2004-04-20,1118.1500244140625,1978.6300048828125,10314.5
2004-04-21,1124.0899658203125,1995.6300048828125,10317.26953125
2004-04-22,1139.9300537109375,2032.9100341796875,10461.2001953125
2004-04-23,1140.5999755859375,2049.77001953125,10472.83984375
2004-04-26,1135.530029296875,2036.77001953125,10444.73046875
2004-04-27,1138.1099853515625,2032.530029296875,10478.16015625
2004-04-28,1122.4100341796875,1989.5400390625,10342.599609375
2004-04-29,1113.8900146484375,1958.780029296875,10272.26953125
2004-04-30,1107.300048828125,1920.1500244140625,10225.5703125
2004-05-03,1117.489990234375,1938.719970703125,10314.0
2004-05-04,1119.550048828125,1950.47998046875,10317.2001953125
2004-05-05,1121.530029296875,1957.260009765625,10310.9501953125
2004-05-06,1113.989990234375,1937.739990234375,10241.259765625
2004-05-07,1098.699951171875,1917.9599609375,10117.33984375
2004-05-10,1087.1199951171875,1896.0699462890625,9990.01953125
2004-05-11,1095.449951171875,1931.3499755859375,10019.4697265625
2004-05-12,1097.280029296875,1925.5899658203125,10045.16015625
2004-05-13,1096.43994140625,1926.030029296875,10010.740234375
2004-05-14,1095.699951171875,1904.25,10012.8701171875
2004-05-17,1084.0999755859375,1876.6400146484375,9906.91015625
2004-05-18,1091.489990234375,1897.8199462890625,9968.509765625
2004-05-19,1088.6800537109375,1898.1700439453125,9937.7099609375
2004-05-20,1089.18994140625,1896.5899658203125,9937.6396484375
2004-05-21,1093.56005859375,1912.0899658203125,9966.740234375
2004-05-24,1095.4100341796875,1922.97998046875,9958.4296875
2004-05-25,1113.050048828125,1964.6500244140625,10117.6201171875
2004-05-26,1114.93994140625,1976.1500244140625,10109.8896484375
2004-05-27,1121.280029296875,1984.5,10205.2001953125
2004-05-28,1120.6800537109375,1986.739990234375,10188.4501953125
2004-06-01,1121.199951171875,1990.77001953125,10202.650390625
2004-06-02,1124.989990234375,1988.97998046875,10262.9697265625
2004-06-03,1116.6400146484375,1960.260009765625,10195.91015625
2004-06-04,1122.5,1978.6199951171875,10242.8203125
2004-06-07,1140.4200439453125,2020.6199951171875,10391.080078125
2004-06-08,1142.1800537109375,2023.530029296875,10432.51953125
2004-06-09,1131.3299560546875,1990.6099853515625,10368.4404296875
2004-06-10,1136.469970703125,1999.8699951171875,10410.099609375
2004-06-14,1125.2900390625,1969.989990234375,10334.73046875
2004-06-15,1132.010009765625,1995.5999755859375,10380.4296875
2004-06-16,1133.56005859375,1998.22998046875,10379.580078125
2004-06-17,1132.050048828125,1983.6700439453125,10377.51953125
2004-06-18,1135.02001953125,1986.72998046875,10416.41015625
2004-06-21,1130.300048828125,1974.3800048828125,10371.4697265625
2004-06-22,1134.4100341796875,1994.1500244140625,10395.0703125
2004-06-23,1144.06005859375,2020.97998046875,10479.5703125
2004-06-24,1140.6500244140625,2015.5699462890625,10443.8095703125
2004-06-25,1134.4300537109375,2025.469970703125,10371.83984375
2004-06-28,1133.3499755859375,2019.8199462890625,10357.08984375
2004-06-29,1136.199951171875,2034.9300537109375,10413.4296875
2004-06-30,1140.8399658203125,2047.7900390625,10435.48046875
2004-07-01,1128.93994140625,2015.550048828125,10334.16015625
2004-07-02,1125.3800048828125,2006.6600341796875,10282.830078125
2004-07-06,1116.2099609375,1963.4300537109375,10219.33984375
2004-07-07,1118.3299560546875,1966.0799560546875,10240.2900390625
2004-07-08,1109.1099853515625,1935.3199462890625,10171.5595703125
2004-07-09,1112.81005859375,1946.3299560546875,10213.2197265625
2004-07-12,1114.3499755859375,1936.9200439453125,10238.2197265625
2004-07-13,1115.1400146484375,1931.6600341796875,10247.58984375
2004-07-14,1111.469970703125,1914.8800048828125,10208.7998046875
2004-07-15,1106.68994140625,1912.7099609375,10163.16015625
2004-07-16,1101.3900146484375,1883.1500244140625,10139.7802734375
2004-07-19,1100.9000244140625,1883.8299560546875,10094.0595703125
2004-07-20,1108.6700439453125,1917.0699462890625,10149.0703125
2004-07-21,1093.8800048828125,1874.3699951171875,10046.1298828125
2004-07-22,1096.8399658203125,1889.06005859375,10050.330078125
2004-07-23,1086.199951171875,1849.0899658203125,9962.2197265625
2004-07-26,1084.0699462890625,1839.02001953125,9961.919921875
2004-07-27,1094.8299560546875,1869.0999755859375,10085.1396484375
2004-07-28,1095.4200439453125,1858.260009765625,10117.0703125
2004-07-29,1100.4300537109375,1881.06005859375,10129.240234375
2004-07-30,1101.719970703125,1887.3599853515625,10139.7099609375
2004-08-02,1106.6199951171875,1892.0899658203125,10179.16015625
2004-08-03,1099.68994140625,1859.4200439453125,10120.240234375
2004-08-04,1098.6300048828125,1855.06005859375,10126.509765625
2004-08-05,1080.699951171875,1821.6300048828125,9963.0302734375
2004-08-06,1063.969970703125,1776.8900146484375,9815.330078125
2004-08-09,1065.219970703125,1774.6400146484375,9814.66015625
2004-08-10,1079.0400390625,1808.699951171875,9944.669921875
2004-08-11,1075.7900390625,1782.4200439453125,9938.3203125
2004-08-12,1063.22998046875,1752.489990234375,9814.58984375
2004-08-13,1064.800048828125,1757.219970703125,9825.349609375
2004-08-16,1079.3399658203125,1782.8399658203125,9954.5498046875
2004-08-17,1081.7099609375,1795.25,9972.830078125
2004-08-18,1095.1700439453125,1831.3699951171875,10083.150390625
2004-08-19,1091.22998046875,1819.8900146484375,10040.8203125
2004-08-20,1098.3499755859375,1838.02001953125,10110.1396484375
2004-08-23,1095.6800537109375,1838.699951171875,10073.0498046875
2004-08-24,1096.18994140625,1836.8900146484375,10098.6298828125
2004-08-25,1104.9599609375,1860.719970703125,10181.740234375
2004-08-26,1105.0899658203125,1852.9200439453125,10173.41015625
2004-08-27,1107.77001953125,1862.0899658203125,10195.009765625
2004-08-30,1099.1500244140625,1836.489990234375,10122.51953125
2004-08-31,1104.239990234375,1838.0999755859375,10173.919921875
2004-09-01,1105.9100341796875,1850.4100341796875,10168.4599609375
2004-09-02,1118.31005859375,1873.4300537109375,10290.2802734375
2004-09-03,1113.6300048828125,1844.47998046875,10260.2001953125
2004-09-07,1121.300048828125,1858.56005859375,10342.7900390625
2004-09-08,1116.27001953125,1850.6400146484375,10313.3603515625
2004-09-09,1118.3800048828125,1869.6500244140625,10289.099609375
2004-09-10,1123.9200439453125,1894.31005859375,10313.0703125
2004-09-13,1125.8199462890625,1910.3800048828125,10314.759765625
2004-09-14,1128.3299560546875,1915.4000244140625,10318.16015625
2004-09-15,1120.3699951171875,1896.52001953125,10231.3603515625
2004-09-16,1123.5,1904.0799560546875,10244.490234375
2004-09-17,1128.550048828125,1910.0899658203125,10284.4599609375
2004-09-20,1122.199951171875,1908.0699462890625,10204.8896484375
2004-09-21,1129.300048828125,1921.1800537109375,10244.9296875
2004-09-22,1113.56005859375,1885.7099609375,10109.1796875
2004-09-23,1108.3599853515625,1886.4300537109375,10038.900390625
2004-09-24,1110.1099853515625,1879.47998046875,10047.240234375
2004-09-27,1103.52001953125,1859.8800048828125,9988.5400390625
2004-09-28,1110.06005859375,1869.8699951171875,10077.400390625
2004-09-29,1114.800048828125,1893.93994140625,10136.240234375
2004-09-30,1114.5799560546875,1896.8399658203125,10080.26953125
2004-10-01,1131.5,1942.199951171875,10192.650390625
2004-10-04,1135.1700439453125,1952.4000244140625,10216.5400390625
2004-10-05,1134.47998046875,1955.5,10177.6796875
2004-10-06,1142.050048828125,1971.030029296875,10239.919921875
2004-10-07,1130.6500244140625,1948.52001953125,10125.400390625
2004-10-08,1122.1400146484375,1919.969970703125,10055.2001953125
2004-10-11,1124.3900146484375,1928.760009765625,10081.9697265625
2004-10-12,1121.8399658203125,1925.1700439453125,10077.1796875
2004-10-13,1113.6500244140625,1920.530029296875,10002.330078125
2004-10-14,1103.2900390625,1903.02001953125,9894.4501953125
2004-10-15,1108.199951171875,1911.5,9933.3798828125
2004-10-18,1114.02001953125,1936.52001953125,9956.3203125
2004-10-19,1103.22998046875,1922.9000244140625,9897.6201171875
2004-10-20,1103.6600341796875,1932.969970703125,9886.9296875
2004-10-21,1106.489990234375,1953.6199951171875,9865.759765625
2004-10-22,1095.739990234375,1915.1400146484375,9757.8095703125
2004-10-25,1094.800048828125,1914.0400390625,9749.990234375
2004-10-26,1111.0899658203125,1928.7900390625,9888.48046875
2004-10-27,1125.4000244140625,1969.989990234375,10002.0302734375
2004-10-28,1127.43994140625,1975.739990234375,10004.5400390625
2004-10-29,1130.199951171875,1974.989990234375,10027.4697265625
2004-11-01,1130.510009765625,1979.8699951171875,10054.3896484375
2004-11-02,1130.56005859375,1984.7900390625,10035.73046875
2004-11-03,1143.199951171875,2004.3299560546875,10137.0498046875
2004-11-04,1161.6700439453125,2023.6300048828125,10314.759765625
2004-11-05,1166.1700439453125,2038.93994140625,10387.5400390625
2004-11-08,1164.8900146484375,2039.25,10391.3095703125
2004-11-09,1164.0799560546875,2043.3299560546875,10386.3701171875
2004-11-10,1162.9100341796875,2034.56005859375,10385.48046875
2004-11-11,1173.47998046875,2061.27001953125,10469.83984375
2004-11-12,1184.1700439453125,2085.340087890625,10539.009765625
2004-11-15,1183.81005859375,2094.090087890625,10550.240234375
2004-11-16,1175.4300537109375,2078.6201171875,10487.650390625
2004-11-17,1181.93994140625,2099.679931640625,10549.5703125
2004-11-18,1183.550048828125,2104.280029296875,10572.5498046875
2004-11-19,1170.3399658203125,2070.6298828125,10456.91015625
2004-11-22,1177.239990234375,2085.18994140625,10489.419921875
2004-11-23,1176.93994140625,2084.280029296875,10492.599609375
2004-11-24,1181.760009765625,2102.5400390625,10520.3095703125
2004-11-26,1182.6500244140625,2101.969970703125,10522.23046875
2004-11-29,1178.5699462890625,2106.8701171875,10475.900390625
2004-11-30,1173.8199462890625,2096.81005859375,10428.01953125
2004-12-01,1191.3699951171875,2138.22998046875,10590.2197265625
2004-12-02,1190.3299560546875,2143.570068359375,10585.1201171875
2004-12-03,1191.1700439453125,2147.9599609375,10592.2099609375
2004-12-06,1190.25,2151.25,10547.0595703125
2004-12-07,1177.0699462890625,2114.659912109375,10440.580078125
2004-12-08,1182.81005859375,2126.110107421875,10494.23046875
2004-12-09,1189.239990234375,2129.010009765625,10552.8203125
2004-12-10,1188.0,2128.070068359375,10543.2197265625
2004-12-13,1198.6800537109375,2148.5,10638.3203125
2004-12-14,1203.3800048828125,2159.840087890625,10676.4501953125
2004-12-15,1205.719970703125,2162.550048828125,10691.4501953125
2004-12-16,1203.2099609375,2146.14990234375,10705.6396484375
2004-12-17,1194.199951171875,2135.199951171875,10649.919921875
2004-12-20,1194.6500244140625,2127.85009765625,10661.599609375
2004-12-21,1205.449951171875,2150.909912109375,10759.4296875
2004-12-22,1209.5699462890625,2157.030029296875,10815.8896484375
2004-12-23,1210.1300048828125,2160.6201171875,10827.1201171875
2004-12-27,1204.9200439453125,2154.219970703125,10776.1298828125
2004-12-28,1213.5400390625,2177.18994140625,10854.5400390625
2004-12-29,1213.449951171875,2177.0,10829.1904296875
2004-12-30,1213.550048828125,2178.340087890625,10800.2998046875
2004-12-31,1211.9200439453125,2175.43994140625,10783.009765625
2005-01-03,1202.0799560546875,2152.14990234375,10729.4296875
2005-01-04,1188.050048828125,2107.860107421875,10630.7802734375
2005-01-05,1183.739990234375,2091.239990234375,10597.830078125
2005-01-06,1187.8900146484375,2090.0,10622.8798828125
2005-01-07,1186.18994140625,2088.610107421875,10603.9599609375
2005-01-10,1190.25,2097.0400390625,10621.0302734375
2005-01-11,1182.989990234375,2079.6201171875,10556.2197265625
2005-01-12,1187.699951171875,2092.530029296875,10617.7802734375
2005-01-13,1177.449951171875,2070.56005859375,10505.830078125
2005-01-14,1184.52001953125,2087.909912109375,10558.0
2005-01-18,1195.97998046875,2106.0400390625,10628.7900390625
2005-01-19,1184.6300048828125,2073.590087890625,10539.9697265625
2005-01-20,1175.4100341796875,2045.8800048828125,10471.4697265625
2005-01-21,1167.8699951171875,2034.27001953125,10392.990234375
2005-01-24,1163.75,2008.699951171875,10368.6103515625
2005-01-25,1168.4100341796875,2019.949951171875,10461.5595703125
2005-01-26,1174.0699462890625,2046.0899658203125,10498.58984375
2005-01-27,1174.550048828125,2047.1500244140625,10467.400390625
2005-01-28,1171.3599853515625,2035.8299560546875,10427.2001953125
2005-01-31,1181.27001953125,2062.409912109375,10489.9404296875
2005-02-01,1189.4100341796875,2068.699951171875,10551.9404296875
2005-02-02,1193.18994140625,2075.06005859375,10596.7900390625
2005-02-03,1189.8900146484375,2057.639892578125,10593.099609375
2005-02-04,1203.030029296875,2086.659912109375,10716.1298828125
2005-02-07,1201.719970703125,2082.030029296875,10715.759765625
2005-02-08,1202.300048828125,2086.679931640625,10724.6298828125
2005-02-09,1191.989990234375,2052.550048828125,10664.1103515625
2005-02-10,1197.010009765625,2053.10009765625,10749.6103515625
2005-02-11,1205.300048828125,2076.659912109375,10796.009765625
2005-02-14,1206.1400146484375,2082.909912109375,10791.1298828125
2005-02-15,1210.1199951171875,2089.2099609375,10837.3203125
2005-02-16,1210.3399658203125,2087.429931640625,10834.8798828125
2005-02-17,1200.75,2061.340087890625,10754.259765625
2005-02-18,1201.5899658203125,2058.6201171875,10785.2197265625
2005-02-22,1184.1600341796875,2030.3199462890625,10611.2001953125
2005-02-23,1190.800048828125,2031.25,10673.7900390625
2005-02-24,1200.199951171875,2051.699951171875,10748.7900390625
2005-02-25,1211.3699951171875,2065.39990234375,10841.599609375
2005-02-28,1203.5999755859375,2051.719970703125,10766.23046875
2005-03-01,1210.4100341796875,2071.25,10830.0
2005-03-02,1210.0799560546875,2067.5,10811.9697265625
2005-03-03,1210.469970703125,2058.39990234375,10833.0302734375
2005-03-04,1222.1199951171875,2070.610107421875,10940.5498046875
2005-03-07,1225.31005859375,2090.2099609375,10936.8603515625
2005-03-08,1219.4300537109375,2073.550048828125,10912.6201171875
2005-03-09,1207.010009765625,2061.2900390625,10805.6201171875
2005-03-10,1209.25,2059.719970703125,10851.509765625
2005-03-11,1200.0799560546875,2041.5999755859375,10774.3603515625
2005-03-14,1206.8299560546875,2051.0400390625,10804.509765625
2005-03-15,1197.75,2034.97998046875,10745.099609375
2005-03-16,1188.0699462890625,2015.75,10633.0703125
2005-03-17,1190.2099609375,2016.4200439453125,10626.349609375
2005-03-18,1189.6500244140625,2007.7900390625,10629.669921875
2005-03-21,1183.780029296875,2007.510009765625,10565.3896484375
2005-03-22,1171.7099609375,1989.3399658203125,10470.509765625
2005-03-23,1172.530029296875,1990.219970703125,10456.01953125
2005-03-24,1171.4200439453125,1991.06005859375,10442.8701171875
2005-03-28,1174.280029296875,1992.52001953125,10485.650390625
2005-03-29,1165.3599853515625,1973.8800048828125,10405.7001953125
2005-03-30,1181.4100341796875,2005.6700439453125,10540.9296875
2005-03-31,1180.5899658203125,1999.22998046875,10503.759765625
2005-04-01,1172.9200439453125,1984.81005859375,10404.2998046875
2005-04-04,1176.1199951171875,1991.0699462890625,10421.1396484375
2005-04-05,1181.3900146484375,1999.3199462890625,10458.4599609375
2005-04-06,1184.0699462890625,1999.1400146484375,10486.01953125
2005-04-07,1191.1400146484375,2018.7900390625,10546.3203125
2005-04-08,1181.199951171875,1999.3499755859375,10461.33984375
2005-04-11,1181.2099609375,1992.1199951171875,10448.5595703125
2005-04-12,1187.760009765625,2005.4000244140625,10507.9697265625
2005-04-13,1173.7900390625,1974.3699951171875,10403.9296875
2005-04-14,1162.050048828125,1946.7099609375,10278.75
2005-04-15,1142.6199951171875,1908.1500244140625,10087.509765625
2005-04-18,1145.97998046875,1912.9200439453125,10071.25
2005-04-19,1152.780029296875,1932.3599853515625,10127.41015625
2005-04-20,1137.5,1913.760009765625,10012.3603515625
2005-04-21,1159.949951171875,1962.4100341796875,10218.599609375
2005-04-22,1152.1199951171875,1932.18994140625,10157.7099609375
2005-04-25,1162.0999755859375,1950.780029296875,10242.4697265625
2005-04-26,1151.8299560546875,1927.43994140625,10151.1298828125
2005-04-27,1156.3800048828125,1930.4300537109375,10198.7998046875
2005-04-28,1143.219970703125,1904.1800537109375,10070.3701171875
2005-04-29,1156.8499755859375,1921.6500244140625,10192.509765625
2005-05-02,1162.1600341796875,1928.6500244140625,10251.7001953125
2005-05-03,1161.1700439453125,1933.0699462890625,10256.9501953125
2005-05-04,1175.6500244140625,1962.22998046875,10384.6396484375
2005-05-05,1172.6300048828125,1961.800048828125,10340.3798828125
2005-05-06,1171.3499755859375,1967.3499755859375,10345.400390625
2005-05-09,1178.8399658203125,1979.6700439453125,10384.33984375
2005-05-10,1166.219970703125,1962.77001953125,10281.1103515625
2005-05-11,1171.1099853515625,1971.550048828125,10300.25
2005-05-12,1159.3599853515625,1963.8800048828125,10189.48046875
2005-05-13,1154.050048828125,1976.780029296875,10140.1201171875
2005-05-16,1165.68994140625,1994.4300537109375,10252.2900390625
2005-05-17,1173.800048828125,2004.1500244140625,10331.8798828125
2005-05-18,1185.56005859375,2030.6500244140625,10464.4501953125
2005-05-19,1191.0799560546875,2042.5799560546875,10493.1904296875
2005-05-20,1189.280029296875,2046.4200439453125,10471.91015625
2005-05-23,1193.8599853515625,2056.64990234375,10523.5595703125
2005-05-24,1194.0699462890625,2061.6201171875,10503.6796875
2005-05-25,1190.010009765625,2050.1201171875,10457.7998046875
2005-05-26,1197.6199951171875,2071.239990234375,10537.599609375
2005-05-27,1198.780029296875,2075.72998046875,10542.5498046875
2005-05-31,1191.5,2068.219970703125,10467.48046875
2005-06-01,1202.219970703125,2087.860107421875,10549.8701171875
2005-06-02,1204.2900390625,2097.800048828125,10553.490234375
2005-06-03,1196.02001953125,2071.429931640625,10460.9697265625
2005-06-06,1197.510009765625,2075.760009765625,10467.0302734375
2005-06-07,1197.260009765625,2067.159912109375,10483.0703125
2005-06-08,1194.6700439453125,2060.179931640625,10476.8603515625
2005-06-09,1200.9300537109375,2076.909912109375,10503.01953125
2005-06-10,1198.1099853515625,2063.0,10512.6298828125
2005-06-13,1200.8199462890625,2068.9599609375,10522.5595703125
2005-06-14,1203.9100341796875,2069.0400390625,10547.5703125
2005-06-15,1206.5799560546875,2074.919921875,10566.3701171875
2005-06-16,1210.9599609375,2089.14990234375,10578.650390625
2005-06-17,1216.9599609375,2090.110107421875,10623.0703125
2005-06-20,1216.0999755859375,2088.1298828125,10609.1103515625
2005-06-21,1213.6099853515625,2091.070068359375,10599.669921875
2005-06-22,1213.8800048828125,2092.030029296875,10587.9296875
2005-06-23,1200.72998046875,2070.659912109375,10421.4404296875
2005-06-24,1191.5699462890625,2053.27001953125,10297.83984375
2005-06-27,1190.68994140625,2045.199951171875,10290.7802734375
2005-06-28,1201.5699462890625,2069.889892578125,10405.6298828125
2005-06-29,1199.8499755859375,2068.889892578125,10374.48046875
2005-06-30,1191.3299560546875,2056.9599609375,10274.9697265625
2005-07-01,1194.43994140625,2057.3701171875,10303.4404296875
2005-07-05,1204.989990234375,2078.75,10371.7998046875
2005-07-06,1194.93994140625,2068.64990234375,10270.6796875
2005-07-07,1197.8699951171875,2075.659912109375,10302.2900390625
2005-07-08,1211.8599853515625,2112.8798828125,10449.1396484375
2005-07-11,1219.43994140625,2135.429931640625,10519.7197265625
2005-07-12,1222.2099609375,2143.14990234375,10513.8896484375
2005-07-13,1223.2900390625,2144.110107421875,10557.3896484375
2005-07-14,1226.5,2152.820068359375,10628.8896484375
2005-07-15,1227.9200439453125,2156.780029296875,10640.830078125
2005-07-18,1221.1300048828125,2144.8701171875,10574.990234375
2005-07-19,1229.3499755859375,2173.179931640625,10646.5595703125
2005-07-20,1235.199951171875,2188.570068359375,10689.150390625
2005-07-21,1227.0400390625,2178.60009765625,10627.76953125
2005-07-22,1233.6800537109375,2179.739990234375,10651.1796875
2005-07-25,1229.030029296875,2166.739990234375,10596.48046875
2005-07-26,1231.1600341796875,2175.989990234375,10579.76953125
2005-07-27,1236.7900390625,2186.219970703125,10637.08984375
2005-07-28,1243.719970703125,2198.43994140625,10705.5498046875
2005-07-29,1234.1800537109375,2184.830078125,10640.91015625
2005-08-01,1235.3499755859375,2195.3798828125,10623.150390625
2005-08-02,1244.1199951171875,2218.14990234375,10683.740234375
2005-08-03,1245.0400390625,2216.81005859375,10697.58984375
2005-08-04,1235.8599853515625,2191.320068359375,10610.099609375
2005-08-05,1226.4200439453125,2177.909912109375,10558.0302734375
2005-08-08,1223.1300048828125,2164.389892578125,10536.9296875
2005-08-09,1231.3800048828125,2174.18994140625,10615.669921875
2005-08-10,1229.1300048828125,2157.81005859375,10594.41015625
2005-08-11,1237.81005859375,2174.550048828125,10685.8896484375
2005-08-12,1230.3900146484375,2156.89990234375,10600.3095703125
2005-08-15,1233.8699951171875,2167.0400390625,10634.3798828125
2005-08-16,1219.3399658203125,2137.06005859375,10513.4501953125
2005-08-17,1220.239990234375,2145.14990234375,10550.7099609375
2005-08-18,1219.02001953125,2136.080078125,10554.9296875
2005-08-19,1219.7099609375,2135.56005859375,10559.23046875
2005-08-22,1221.72998046875,2141.409912109375,10569.8896484375
2005-08-23,1217.5899658203125,2137.25,10519.580078125
2005-08-24,1209.5899658203125,2128.909912109375,10434.8701171875
2005-08-25,1212.3699951171875,2134.3701171875,10450.6298828125
2005-08-26,1205.0999755859375,2120.77001953125,10397.2900390625
2005-08-29,1212.280029296875,2137.64990234375,10463.0498046875
2005-08-30,1208.4100341796875,2129.760009765625,10412.8203125
2005-08-31,1220.3299560546875,2152.090087890625,10481.599609375
2005-09-01,1221.5899658203125,2147.89990234375,10459.6298828125
2005-09-02,1218.02001953125,2141.070068359375,10447.3701171875
2005-09-06,1233.3900146484375,2166.860107421875,10589.240234375
2005-09-07,1236.3599853515625,2172.030029296875,10633.5
2005-09-08,1231.6700439453125,2166.030029296875,10595.9296875
2005-09-09,1241.47998046875,2175.510009765625,10678.5595703125
2005-09-12,1240.56005859375,2182.830078125,10682.9404296875
2005-09-13,1231.199951171875,2171.75,10597.4404296875
2005-09-14,1227.1600341796875,2149.330078125,10544.900390625
2005-09-15,1227.72998046875,2146.14990234375,10558.75
2005-09-16,1237.9100341796875,2160.35009765625,10641.9404296875
2005-09-19,1231.02001953125,2145.260009765625,10557.6298828125
2005-09-20,1221.3399658203125,2131.330078125,10481.51953125
2005-09-21,1210.199951171875,2106.639892578125,10378.0302734375
2005-09-22,1214.6199951171875,2110.780029296875,10422.0498046875
2005-09-23,1215.2900390625,2116.840087890625,10419.58984375
2005-09-26,1215.6300048828125,2121.4599609375,10443.6298828125
2005-09-27,1215.6600341796875,2116.419921875,10456.2099609375
2005-09-28,1216.8900146484375,2115.39990234375,10473.08984375
2005-09-29,1227.6800537109375,2141.219970703125,10552.7802734375
2005-09-30,1228.81005859375,2151.68994140625,10568.7001953125
2005-10-03,1226.699951171875,2155.429931640625,10535.48046875
2005-10-04,1214.469970703125,2139.360107421875,10441.1103515625
2005-10-05,1196.3900146484375,2103.02001953125,10317.3603515625
2005-10-06,1191.489990234375,2084.080078125,10287.099609375
2005-10-07,1195.9000244140625,2090.35009765625,10292.3095703125
2005-10-10,1187.3299560546875,2078.919921875,10238.759765625
2005-10-11,1184.8699951171875,2061.090087890625,10253.169921875
2005-10-12,1177.6800537109375,2037.469970703125,10216.91015625
2005-10-13,1176.8399658203125,2047.219970703125,10216.58984375
2005-10-14,1186.5699462890625,2064.830078125,10287.33984375
2005-10-17,1190.0999755859375,2070.300048828125,10348.099609375
2005-10-18,1178.1400146484375,2056.0,10285.259765625
2005-10-19,1195.760009765625,2091.239990234375,10414.1298828125
2005-10-20,1177.800048828125,2068.110107421875,10281.099609375
2005-10-21,1179.5899658203125,2082.2099609375,10215.2197265625
2005-10-24,1199.3800048828125,2115.830078125,10385.0
2005-10-25,1196.5400390625,2109.449951171875,10377.8701171875
2005-10-26,1191.3800048828125,2100.050048828125,10344.98046875
2005-10-27,1178.9000244140625,2063.81005859375,10229.9501953125
2005-10-28,1198.4100341796875,2089.8798828125,10402.76953125
2005-10-31,1207.010009765625,2120.300048828125,10440.0703125
2005-11-01,1202.760009765625,2114.050048828125,10406.76953125
2005-11-02,1214.760009765625,2144.31005859375,10472.73046875
2005-11-03,1219.93994140625,2160.219970703125,10522.58984375
2005-11-04,1220.1400146484375,2169.429931640625,10530.759765625
2005-11-07,1222.81005859375,2178.239990234375,10586.23046875
2005-11-08,1218.5899658203125,2172.070068359375,10539.7197265625
2005-11-09,1220.6500244140625,2175.81005859375,10546.2099609375
2005-11-10,1230.9599609375,2196.679931640625,10640.099609375
2005-11-11,1234.719970703125,2202.469970703125,10686.0400390625
2005-11-14,1233.760009765625,2200.949951171875,10697.169921875
2005-11-15,1229.010009765625,2186.739990234375,10686.4404296875
2005-11-16,1231.2099609375,2187.929931640625,10674.759765625
2005-11-17,1242.800048828125,2220.4599609375,10720.2197265625
2005-11-18,1248.27001953125,2227.070068359375,10766.330078125
2005-11-21,1254.8499755859375,2241.669921875,10820.2802734375
2005-11-22,1261.22998046875,2253.56005859375,10871.4296875
2005-11-23,1265.6099853515625,2259.97998046875,10916.08984375
2005-11-25,1268.25,2263.010009765625,10931.6201171875
2005-11-28,1257.4599609375,2239.3701171875,10890.7197265625
2005-11-29,1257.47998046875,2232.7099609375,10888.16015625
2005-11-30,1249.47998046875,2232.820068359375,10805.8701171875
2005-12-01,1264.6700439453125,2267.169921875,10912.5703125
2005-12-02,1265.0799560546875,2273.3701171875,10877.509765625
2005-12-05,1262.0899658203125,2257.639892578125,10835.009765625
2005-12-06,1263.699951171875,2260.760009765625,10856.8603515625
2005-12-07,1257.3699951171875,2252.010009765625,10810.91015625
2005-12-08,1255.8399658203125,2246.4599609375,10755.1201171875
2005-12-09,1259.3699951171875,2256.72998046875,10778.580078125
2005-12-12,1260.4300537109375,2260.949951171875,10767.76953125
2005-12-13,1267.4300537109375,2265.0,10823.7197265625
2005-12-14,1272.739990234375,2262.590087890625,10883.509765625
2005-12-15,1270.93994140625,2260.6298828125,10881.669921875
2005-12-16,1267.3199462890625,2252.47998046875,10875.58984375
2005-12-19,1259.9200439453125,2222.739990234375,10836.5302734375
2005-12-20,1259.6199951171875,2222.419921875,10805.5498046875
2005-12-21,1262.7900390625,2231.659912109375,10833.73046875
2005-12-22,1268.1199951171875,2246.489990234375,10889.4404296875
2005-12-23,1268.6600341796875,2249.419921875,10883.26953125
2005-12-27,1256.5400390625,2226.889892578125,10777.76953125
2005-12-28,1258.1700439453125,2228.93994140625,10796.259765625
2005-12-29,1254.4200439453125,2218.159912109375,10784.8203125
2005-12-30,1248.2900390625,2205.320068359375,10717.5
2006-01-03,1268.800048828125,2243.739990234375,10847.41015625
2006-01-04,1273.4599609375,2263.4599609375,10880.150390625
2006-01-05,1273.47998046875,2276.8701171875,10882.150390625
2006-01-06,1285.449951171875,2305.6201171875,10959.3095703125
2006-01-09,1290.1500244140625,2318.68994140625,11011.900390625
2006-01-10,1289.68994140625,2320.320068359375,11011.580078125
2006-01-11,1294.1800537109375,2331.360107421875,11043.4404296875
2006-01-12,1286.06005859375,2316.68994140625,10962.3603515625
2006-01-13,1287.6099853515625,2317.0400390625,10959.8701171875
2006-01-17,1282.9300537109375,2302.68994140625,10896.3203125
2006-01-18,1277.9300537109375,2279.639892578125,10854.8603515625
2006-01-19,1285.0400390625,2301.81005859375,10880.7099609375
2006-01-20,1261.489990234375,2247.699951171875,10667.3896484375
2006-01-23,1263.8199462890625,2248.469970703125,10688.76953125
2006-01-24,1266.8599853515625,2265.25,10712.2197265625
2006-01-25,1264.6800537109375,2260.64990234375,10709.740234375
2006-01-26,1273.8299560546875,2283.0,10809.4697265625
2006-01-27,1283.719970703125,2304.22998046875,10907.2099609375
2006-01-30,1285.18994140625,2306.780029296875,10899.919921875
2006-01-31,1280.0799560546875,2305.820068359375,10864.8603515625
2006-02-01,1282.4599609375,2310.56005859375,10953.9501953125
2006-02-02,1270.8399658203125,2281.570068359375,10851.98046875
2006-02-03,1264.030029296875,2262.580078125,10793.6201171875
2006-02-06,1265.02001953125,2258.800048828125,10798.26953125
2006-02-07,1254.780029296875,2244.9599609375,10749.759765625
2006-02-08,1265.6500244140625,2266.97998046875,10858.6201171875
2006-02-09,1263.780029296875,2255.8701171875,10883.349609375
2006-02-10,1266.989990234375,2261.8798828125,10919.0498046875
2006-02-13,1262.8599853515625,2239.81005859375,10892.3203125
2006-02-14,1275.530029296875,2262.169921875,11028.3896484375
2006-02-15,1280.0,2276.429931640625,11058.9697265625
2006-02-16,1289.3800048828125,2294.6298828125,11120.6796875
2006-02-17,1287.239990234375,2282.360107421875,11115.3203125
2006-02-21,1283.030029296875,2262.9599609375,11069.0595703125
2006-02-22,1292.6700439453125,2283.169921875,11137.169921875
2006-02-23,1287.7900390625,2279.320068359375,11069.2197265625
2006-02-24,1289.4300537109375,2287.0400390625,11061.849609375
2006-02-27,1294.1199951171875,2307.179931640625,11097.5498046875
2006-02-28,1280.6600341796875,2281.389892578125,10993.41015625
2006-03-01,1291.239990234375,2314.639892578125,11053.5302734375
2006-03-02,1289.1400146484375,2311.110107421875,11025.509765625
2006-03-03,1287.22998046875,2302.60009765625,11021.58984375
2006-03-06,1278.260009765625,2286.030029296875,10958.58984375
2006-03-07,1275.8800048828125,2268.3798828125,10980.6904296875
2006-03-08,1278.469970703125,2267.4599609375,11005.740234375
2006-03-09,1272.22998046875,2249.719970703125,10972.2802734375
2006-03-10,1281.4200439453125,2262.0400390625,11076.33984375
2006-03-13,1284.1300048828125,2267.030029296875,11076.01953125
2006-03-14,1297.47998046875,2295.89990234375,11151.33984375
2006-03-15,1303.02001953125,2311.840087890625,11209.76953125
2006-03-16,1305.3299560546875,2299.56005859375,11253.240234375
2006-03-17,1307.25,2306.47998046875,11279.650390625
2006-03-20,1305.0799560546875,2314.110107421875,11274.5302734375
2006-03-21,1297.22998046875,2294.22998046875,11235.4697265625
2006-03-22,1305.0400390625,2303.35009765625,11317.4296875
2006-03-23,1301.6700439453125,2300.14990234375,11270.2900390625
2006-03-24,1302.949951171875,2312.820068359375,11279.9697265625
2006-03-27,1301.6099853515625,2315.580078125,11250.1103515625
2006-03-28,1293.22998046875,2304.4599609375,11154.5400390625
2006-03-29,1302.8900146484375,2337.780029296875,11215.7001953125
2006-03-30,1300.25,2340.820068359375,11150.7001953125
2006-03-31,1294.8699951171875,2339.7900390625,11109.3203125
2006-04-03,1297.81005859375,2336.739990234375,11144.9404296875
2006-04-04,1305.9300537109375,2345.360107421875,11203.849609375
2006-04-05,1311.56005859375,2359.75,11239.5498046875
2006-04-06,1309.0400390625,2361.169921875,11216.5
2006-04-07,1295.5,2339.02001953125,11120.0400390625
2006-04-10,1296.6199951171875,2333.27001953125,11141.330078125
2006-04-11,1286.5699462890625,2310.35009765625,11089.6298828125
2006-04-12,1288.1199951171875,2314.679931640625,11129.9697265625
2006-04-13,1289.1199951171875,2326.110107421875,11137.650390625
2006-04-17,1285.3299560546875,2311.159912109375,11073.7802734375
2006-04-18,1307.280029296875,2356.139892578125,11268.76953125
2006-04-19,1309.9300537109375,2370.8798828125,11278.76953125
2006-04-20,1311.4599609375,2362.550048828125,11342.8896484375
2006-04-21,1311.280029296875,2342.860107421875,11347.4501953125
2006-04-24,1308.1099853515625,2333.3798828125,11336.3203125
2006-04-25,1301.739990234375,2330.300048828125,11283.25
2006-04-26,1305.4100341796875,2333.6298828125,11354.490234375
2006-04-27,1309.719970703125,2344.949951171875,11382.509765625
2006-04-28,1310.6099853515625,2322.570068359375,11367.1396484375
2006-05-01,1305.18994140625,2304.7900390625,11343.2900390625
2006-05-02,1313.2099609375,2309.840087890625,11416.4501953125
2006-05-03,1308.1199951171875,2303.969970703125,11400.2802734375
2006-05-04,1312.25,2323.89990234375,11438.8603515625
2006-05-05,1325.760009765625,2342.570068359375,11577.740234375
2006-05-08,1324.6600341796875,2344.989990234375,11584.5400390625
2006-05-09,1325.1400146484375,2338.25,11639.76953125
2006-05-10,1322.8499755859375,2320.739990234375,11642.650390625
2006-05-11,1305.9200439453125,2272.699951171875,11500.73046875
2006-05-12,1291.239990234375,2243.780029296875,11380.990234375
2006-05-15,1294.5,2238.52001953125,11428.76953125
2006-05-16,1292.0799560546875,2229.1298828125,11419.8896484375
2006-05-17,1270.3199462890625,2195.800048828125,11205.6103515625
2006-05-18,1261.81005859375,2180.320068359375,11128.2900390625
2006-05-19,1267.030029296875,2193.8798828125,11144.0595703125
2006-05-22,1262.0699462890625,2172.860107421875,11125.330078125
2006-05-23,1256.5799560546875,2158.760009765625,11098.349609375
2006-05-24,1258.5699462890625,2169.169921875,11117.3203125
2006-05-25,1272.8800048828125,2198.239990234375,11211.0498046875
2006-05-26,1280.1600341796875,2210.3701171875,11278.6103515625
2006-05-30,1259.8699951171875,2164.739990234375,11094.4296875
2006-05-31,1270.0899658203125,2178.8798828125,11168.3095703125
2006-06-01,1285.7099609375,2219.860107421875,11260.2802734375
2006-06-02,1288.219970703125,2219.409912109375,11247.8701171875
2006-06-05,1265.2900390625,2169.6201171875,11048.7197265625
2006-06-06,1263.8499755859375,2162.780029296875,11002.1396484375
2006-06-07,1256.1500244140625,2151.800048828125,10930.900390625
2006-06-08,1257.9300537109375,2145.320068359375,10938.8203125
2006-06-09,1252.300048828125,2135.06005859375,10891.919921875
2006-06-12,1237.43994140625,2091.320068359375,10792.580078125
2006-06-13,1223.68994140625,2072.469970703125,10706.1396484375
2006-06-14,1230.0400390625,2086.0,10816.919921875
2006-06-15,1256.1600341796875,2144.14990234375,11015.1904296875
2006-06-16,1251.5400390625,2129.949951171875,11014.5498046875
2006-06-19,1240.1300048828125,2110.419921875,10942.1103515625
2006-06-20,1240.1199951171875,2107.06005859375,10974.83984375
2006-06-21,1252.199951171875,2141.199951171875,11079.4599609375
2006-06-22,1245.5999755859375,2122.97998046875,11019.1103515625
2006-06-23,1244.5,2121.469970703125,10989.08984375
2006-06-26,1250.56005859375,2133.669921875,11045.2802734375
2006-06-27,1239.199951171875,2100.25,10924.740234375
2006-06-28,1246.0,2111.840087890625,10973.5595703125
2006-06-29,1272.8699951171875,2174.3798828125,11190.7998046875
2006-06-30,1270.199951171875,2172.090087890625,11150.2197265625
2006-07-03,1280.18994140625,2190.429931640625,11228.01953125
2006-07-05,1270.9100341796875,2153.340087890625,11151.8203125
2006-07-06,1274.0799560546875,2155.090087890625,11225.2998046875
2006-07-07,1265.47998046875,2130.06005859375,11090.669921875
2006-07-10,1267.3399658203125,2116.929931640625,11103.5498046875
2006-07-11,1272.4300537109375,2128.860107421875,11134.76953125
2006-07-12,1258.5999755859375,2090.239990234375,11013.1796875
2006-07-13,1242.280029296875,2054.110107421875,10846.2900390625
2006-07-14,1236.199951171875,2037.3499755859375,10739.349609375
2006-07-17,1234.489990234375,2037.719970703125,10747.3603515625
2006-07-18,1236.8599853515625,2043.219970703125,10799.23046875
2006-07-19,1259.81005859375,2080.7099609375,11011.419921875
2006-07-20,1249.1300048828125,2039.4200439453125,10928.099609375
2006-07-21,1240.2900390625,2020.3900146484375,10868.3798828125
2006-07-24,1260.9100341796875,2061.840087890625,11051.0498046875
2006-07-25,1268.8800048828125,2073.89990234375,11103.7099609375
2006-07-26,1268.4000244140625,2070.4599609375,11102.509765625
2006-07-27,1263.199951171875,2054.469970703125,11100.4296875
2006-07-28,1278.550048828125,2094.139892578125,11219.7001953125
2006-07-31,1276.6600341796875,2091.469970703125,11185.6796875
2006-08-01,1270.9200439453125,2061.989990234375,11125.73046875
2006-08-02,1277.4100341796875,2078.81005859375,11199.9296875
2006-08-03,1280.27001953125,2092.340087890625,11242.58984375
2006-08-04,1279.3599853515625,2085.050048828125,11240.349609375
2006-08-07,1275.77001953125,2072.5,11219.3798828125
2006-08-08,1271.47998046875,2060.85009765625,11173.58984375
2006-08-09,1265.949951171875,2060.280029296875,11076.1796875
2006-08-10,1271.81005859375,2071.739990234375,11124.3701171875
2006-08-11,1266.739990234375,2057.7099609375,11088.0302734375
2006-08-14,1268.2099609375,2069.0400390625,11097.8701171875
2006-08-15,1285.5799560546875,2115.010009765625,11230.259765625
2006-08-16,1295.4300537109375,2149.5400390625,11327.1201171875
2006-08-17,1297.47998046875,2157.610107421875,11334.9599609375
2006-08-18,1302.300048828125,2163.949951171875,11381.4697265625
2006-08-21,1297.52001953125,2147.75,11345.0498046875
2006-08-22,1298.8199462890625,2150.02001953125,11339.83984375
2006-08-23,1292.989990234375,2134.659912109375,11297.900390625
2006-08-24,1296.06005859375,2137.110107421875,11304.4599609375
2006-08-25,1295.0899658203125,2140.2900390625,11284.0498046875
2006-08-28,1301.780029296875,2160.699951171875,11352.009765625
2006-08-29,1304.280029296875,2172.300048828125,11369.9404296875
2006-08-30,1305.3699951171875,2185.72998046875,11382.91015625
2006-08-31,1303.8199462890625,2183.75,11381.150390625
2006-09-01,1311.010009765625,2193.159912109375,11464.150390625
2006-09-05,1313.25,2205.699951171875,11469.2802734375
2006-09-06,1300.260009765625,2167.840087890625,11406.2001953125
2006-09-07,1294.02001953125,2155.2900390625,11331.4404296875
2006-09-08,1298.9200439453125,2165.7900390625,11392.1103515625
2006-09-11,1299.5400390625,2173.25,11396.83984375
2006-09-12,1313.0,2215.820068359375,11498.08984375
2006-09-13,1318.0699462890625,2227.669921875,11543.3203125
2006-09-14,1316.280029296875,2228.72998046875,11527.3896484375
2006-09-15,1319.6600341796875,2235.590087890625,11560.76953125
2006-09-18,1321.1800537109375,2235.75,11555.0
2006-09-19,1317.6400146484375,2222.3701171875,11540.91015625
2006-09-20,1325.1800537109375,2252.889892578125,11613.1904296875
2006-09-21,1318.030029296875,2237.75,11533.23046875
2006-09-22,1314.780029296875,2218.929931640625,11508.099609375
2006-09-25,1326.3699951171875,2249.070068359375,11575.8095703125
2006-09-26,1336.3499755859375,2261.340087890625,11669.3896484375
2006-09-27,1336.5899658203125,2263.389892578125,11689.240234375
2006-09-28,1338.8800048828125,2270.02001953125,11718.4501953125
2006-09-29,1335.8499755859375,2258.429931640625,11679.0703125
2006-10-02,1331.3199462890625,2237.60009765625,11670.349609375
2006-10-03,1334.1099853515625,2243.64990234375,11727.33984375
2006-10-04,1350.199951171875,2290.949951171875,11850.6103515625
2006-10-05,1353.219970703125,2306.340087890625,11866.6904296875
2006-10-06,1349.5899658203125,2299.989990234375,11850.2099609375
2006-10-09,1350.6600341796875,2311.77001953125,11857.8095703125
2006-10-10,1353.4200439453125,2315.429931640625,11867.169921875
2006-10-11,1349.949951171875,2308.27001953125,11852.1298828125
2006-10-12,1362.8299560546875,2346.179931640625,11947.7001953125
2006-10-13,1365.6199951171875,2357.2900390625,11960.509765625
2006-10-16,1369.06005859375,2363.840087890625,11980.599609375
2006-10-17,1364.050048828125,2344.949951171875,11950.01953125
2006-10-18,1365.800048828125,2337.14990234375,11992.6796875
2006-10-19,1366.9599609375,2340.93994140625,12011.73046875
2006-10-20,1368.5999755859375,2342.300048828125,12002.3701171875
2006-10-23,1377.02001953125,2355.56005859375,12116.91015625
2006-10-24,1377.3800048828125,2344.840087890625,12127.8798828125
2006-10-25,1382.219970703125,2356.590087890625,12134.6796875
2006-10-26,1389.0799560546875,2379.10009765625,12163.66015625
2006-10-27,1377.3399658203125,2350.6201171875,12090.259765625
2006-10-30,1377.9300537109375,2363.77001953125,12086.5
2006-10-31,1377.93994140625,2366.7099609375,12080.73046875
2006-11-01,1367.81005859375,2334.35009765625,12031.01953125
2006-11-02,1367.3399658203125,2334.02001953125,12018.5400390625
2006-11-03,1364.300048828125,2330.7900390625,11986.0400390625
2006-11-06,1379.780029296875,2365.949951171875,12105.5498046875
2006-11-07,1382.8399658203125,2375.8798828125,12156.76953125
2006-11-08,1385.719970703125,2384.93994140625,12176.5400390625
2006-11-09,1378.3299560546875,2376.010009765625,12103.2998046875
2006-11-10,1380.9000244140625,2389.719970703125,12108.4296875
2006-11-13,1384.4200439453125,2406.3798828125,12131.8798828125
2006-11-14,1393.219970703125,2430.659912109375,12218.009765625
2006-11-15,1396.5699462890625,2442.75,12251.7099609375
2006-11-16,1399.760009765625,2449.06005859375,12305.8203125
2006-11-17,1401.199951171875,2445.860107421875,12342.5595703125
2006-11-20,1400.5,2452.719970703125,12316.5400390625
2006-11-21,1402.81005859375,2454.840087890625,12321.58984375
2006-11-22,1406.0899658203125,2465.97998046875,12326.9501953125
2006-11-24,1400.949951171875,2460.260009765625,12280.169921875
2006-11-27,1381.9599609375,2405.919921875,12121.7099609375
2006-11-28,1386.719970703125,2412.610107421875,12136.4501953125
2006-11-29,1399.47998046875,2432.22998046875,12226.73046875
2006-11-30,1400.6300048828125,2431.77001953125,12221.9296875
2006-12-01,1396.7099609375,2413.2099609375,12194.1298828125
2006-12-04,1409.1199951171875,2448.389892578125,12283.849609375
2006-12-05,1414.760009765625,2452.3798828125,12331.599609375
2006-12-06,1412.9000244140625,2445.860107421875,12309.25
2006-12-07,1407.2900390625,2427.68994140625,12278.41015625
2006-12-08,1409.8399658203125,2437.360107421875,12307.490234375
2006-12-11,1413.0400390625,2442.860107421875,12328.48046875
2006-12-12,1411.56005859375,2431.60009765625,12315.580078125
2006-12-13,1413.2099609375,2432.409912109375,12317.5
2006-12-14,1425.489990234375,2453.85009765625,12416.759765625
2006-12-15,1427.0899658203125,2457.199951171875,12445.51953125
2006-12-18,1422.47998046875,2435.570068359375,12441.26953125
2006-12-19,1425.550048828125,2429.550048828125,12471.3203125
2006-12-20,1423.530029296875,2427.610107421875,12463.8701171875
2006-12-21,1418.300048828125,2415.85009765625,12421.25
2006-12-22,1410.760009765625,2401.179931640625,12343.2197265625
2006-12-26,1416.9000244140625,2413.510009765625,12407.6298828125
2006-12-27,1426.8399658203125,2431.219970703125,12510.5703125
2006-12-28,1424.72998046875,2425.570068359375,12501.51953125
2006-12-29,1418.300048828125,2415.2900390625,12463.150390625
2007-01-03,1416.5999755859375,2423.159912109375,12474.51953125
2007-01-04,1418.3399658203125,2453.429931640625,12480.6904296875
2007-01-05,1409.7099609375,2434.25,12398.009765625
2007-01-08,1412.8399658203125,2438.199951171875,12423.490234375
2007-01-09,1412.1099853515625,2443.830078125,12416.599609375
2007-01-10,1414.8499755859375,2459.330078125,12442.16015625
2007-01-11,1423.8199462890625,2484.85009765625,12514.98046875
2007-01-12,1430.72998046875,2502.820068359375,12556.080078125
2007-01-16,1431.9000244140625,2497.780029296875,12582.58984375
2007-01-17,1430.6199951171875,2479.419921875,12577.150390625
2007-01-18,1426.3699951171875,2443.2099609375,12567.9296875
2007-01-19,1430.5,2451.31005859375,12565.5302734375
2007-01-22,1422.949951171875,2431.070068359375,12477.16015625
2007-01-23,1427.989990234375,2431.409912109375,12533.7998046875
2007-01-24,1440.1300048828125,2466.280029296875,12621.76953125
2007-01-25,1423.9000244140625,2434.239990234375,12502.5595703125
2007-01-26,1422.1800537109375,2435.489990234375,12487.01953125
2007-01-29,1420.6199951171875,2441.090087890625,12490.7802734375
2007-01-30,1428.8199462890625,2448.639892578125,12523.3095703125
2007-01-31,1438.239990234375,2463.929931640625,12621.6904296875
2007-02-01,1445.93994140625,2468.3798828125,12673.6796875
2007-02-02,1448.3900146484375,2475.8798828125,12653.490234375
2007-02-05,1446.989990234375,2470.60009765625,12661.740234375
2007-02-06,1448.0,2471.489990234375,12666.3095703125
2007-02-07,1450.02001953125,2490.5,12666.8701171875
2007-02-08,1448.31005859375,2488.669921875,12637.6298828125
2007-02-09,1438.06005859375,2459.820068359375,12580.830078125
2007-02-12,1433.3699951171875,2450.3798828125,12552.5498046875
2007-02-13,1444.260009765625,2459.8798828125,12654.849609375
2007-02-14,1455.300048828125,2488.3798828125,12741.8603515625
2007-02-15,1456.81005859375,2497.10009765625,12765.009765625
2007-02-16,1455.5400390625,2496.31005859375,12767.5703125
2007-02-20,1459.6800537109375,2513.0400390625,12786.6396484375
2007-02-21,1457.6300048828125,2518.419921875,12738.41015625
2007-02-22,1456.3800048828125,2524.93994140625,12686.01953125
2007-02-23,1451.18994140625,2515.10009765625,12647.48046875
2007-02-26,1449.3699951171875,2504.52001953125,12632.259765625
2007-02-27,1399.0400390625,2407.860107421875,12216.240234375
2007-02-28,1406.8199462890625,2416.14990234375,12268.6298828125
2007-03-01,1403.1700439453125,2404.2099609375,12234.33984375
2007-03-02,1387.1700439453125,2368.0,12114.099609375
2007-03-05,1374.1199951171875,2340.679931640625,12050.41015625
2007-03-06,1395.4100341796875,2385.139892578125,12207.58984375
2007-03-07,1391.969970703125,2374.639892578125,12192.4501953125
2007-03-08,1401.8900146484375,2387.72998046875,12260.7001953125
2007-03-09,1402.8399658203125,2387.550048828125,12276.3203125
2007-03-12,1406.5999755859375,2402.2900390625,12318.6201171875
2007-03-13,1377.949951171875,2350.570068359375,12075.9599609375
2007-03-14,1387.1700439453125,2371.739990234375,12133.400390625
2007-03-15,1392.280029296875,2378.699951171875,12159.6796875
2007-03-16,1386.949951171875,2372.659912109375,12110.41015625
2007-03-19,1402.06005859375,2394.409912109375,12226.169921875
2007-03-20,1410.93994140625,2408.2099609375,12288.099609375
2007-03-21,1435.0400390625,2455.919921875,12447.51953125
2007-03-22,1434.5400390625,2451.739990234375,12461.1396484375
2007-03-23,1436.1099853515625,2448.929931640625,12481.009765625
2007-03-26,1437.5,2455.6298828125,12469.0703125
2007-03-27,1428.6099853515625,2437.429931640625,12397.2900390625
2007-03-28,1417.22998046875,2417.10009765625,12300.3603515625
2007-03-29,1422.530029296875,2417.8798828125,12348.75
2007-03-30,1420.8599853515625,2421.639892578125,12354.349609375
2007-04-02,1424.550048828125,2422.260009765625,12382.2998046875
2007-04-03,1437.77001953125,2450.330078125,12510.2998046875
2007-04-04,1439.3699951171875,2458.68994140625,12530.0498046875
2007-04-05,1443.760009765625,2471.340087890625,12560.2001953125
2007-04-09,1444.6099853515625,2469.179931640625,12569.1396484375
2007-04-10,1448.3900146484375,2477.610107421875,12573.849609375
2007-04-11,1438.8699951171875,2459.31005859375,12484.6201171875
2007-04-12,1447.800048828125,2480.320068359375,12552.9599609375
2007-04-13,1452.8499755859375,2491.93994140625,12612.1298828125
2007-04-16,1468.3299560546875,2518.330078125,12720.4599609375
2007-04-17,1471.47998046875,2516.949951171875,12773.0400390625
2007-04-18,1472.5,2510.5,12803.83984375
2007-04-19,1470.72998046875,2505.35009765625,12808.6298828125
2007-04-20,1484.3499755859375,2526.389892578125,12961.98046875
2007-04-23,1480.9300537109375,2523.669921875,12919.400390625
2007-04-24,1480.4100341796875,2524.5400390625,12953.9404296875
2007-04-25,1495.4200439453125,2547.889892578125,13089.8896484375
2007-04-26,1494.25,2554.4599609375,13105.5
2007-04-27,1494.0699462890625,2557.2099609375,13120.9404296875
2007-04-30,1482.3699951171875,2525.090087890625,13062.91015625
2007-05-01,1486.300048828125,2531.530029296875,13136.1396484375
2007-05-02,1495.9200439453125,2557.840087890625,13211.8798828125
2007-05-03,1502.3900146484375,2565.4599609375,13241.3798828125
2007-05-04,1505.6199951171875,2572.14990234375,13264.6201171875
2007-05-07,1509.47998046875,2570.949951171875,13312.9697265625
2007-05-08,1507.719970703125,2571.75,13309.0703125
2007-05-09,1512.5799560546875,2576.340087890625,13362.8701171875
2007-05-10,1491.469970703125,2533.739990234375,13215.1298828125
2007-05-11,1505.8499755859375,2562.219970703125,13326.2197265625
2007-05-14,1503.1500244140625,2546.43994140625,13346.7802734375
2007-05-15,1501.18994140625,2525.2900390625,13383.83984375
2007-05-16,1514.1400146484375,2547.419921875,13487.5302734375
2007-05-17,1512.75,2539.3798828125,13476.7197265625
2007-05-18,1522.75,2558.449951171875,13556.5302734375
2007-05-21,1525.0999755859375,2578.7900390625,13542.8798828125
2007-05-22,1524.1199951171875,2588.02001953125,13539.9501953125
2007-05-23,1522.280029296875,2577.050048828125,13525.650390625
2007-05-24,1507.510009765625,2537.919921875,13441.1298828125
2007-05-25,1515.72998046875,2557.18994140625,13507.2802734375
2007-05-29,1518.1099853515625,2572.06005859375,13521.33984375
2007-05-30,1530.22998046875,2592.590087890625,13633.080078125
2007-05-31,1530.6199951171875,2604.52001953125,13627.6396484375
2007-06-01,1536.3399658203125,2613.919921875,13668.1103515625
2007-06-04,1539.1800537109375,2618.2900390625,13676.3203125
2007-06-05,1530.949951171875,2611.22998046875,13595.4599609375
2007-06-06,1517.3800048828125,2587.179931640625,13465.669921875
2007-06-07,1490.719970703125,2541.3798828125,13266.73046875
2007-06-08,1507.6700439453125,2573.5400390625,13424.3896484375
2007-06-11,1509.1199951171875,2572.14990234375,13424.9599609375
2007-06-12,1493.0,2549.77001953125,13295.009765625
2007-06-13,1515.6700439453125,2582.31005859375,13482.349609375
2007-06-14,1522.969970703125,2599.409912109375,13553.73046875
2007-06-15,1532.9100341796875,2626.7099609375,13639.48046875
2007-06-18,1531.050048828125,2626.60009765625,13612.98046875
2007-06-19,1533.699951171875,2626.760009765625,13635.419921875
2007-06-20,1512.8399658203125,2599.9599609375,13489.419921875
2007-06-21,1522.18994140625,2616.9599609375,13545.83984375
2007-06-22,1502.56005859375,2588.9599609375,13360.259765625
2007-06-25,1497.739990234375,2577.080078125,13352.0498046875
2007-06-26,1492.8900146484375,2574.159912109375,13337.66015625
2007-06-27,1506.3399658203125,2605.35009765625,13427.73046875
2007-06-28,1505.7099609375,2608.3701171875,13422.2802734375
2007-06-29,1503.3499755859375,2603.22998046875,13408.6201171875
2007-07-02,1519.4300537109375,2632.300048828125,13535.4296875
2007-07-03,1524.8699951171875,2644.949951171875,13577.2998046875
2007-07-05,1525.4000244140625,2656.64990234375,13565.83984375
2007-07-06,1530.43994140625,2666.510009765625,13611.6796875
2007-07-09,1531.8499755859375,2670.02001953125,13649.9697265625
2007-07-10,1510.1199951171875,2639.159912109375,13501.7001953125
2007-07-11,1518.760009765625,2651.7900390625,13577.8701171875
2007-07-12,1547.699951171875,2701.72998046875,13861.73046875
2007-07-13,1552.5,2707.0,13907.25
2007-07-16,1549.52001953125,2697.330078125,13950.98046875
2007-07-17,1549.3699951171875,2712.2900390625,13971.5498046875
2007-07-18,1546.1700439453125,2699.489990234375,13918.2197265625
2007-07-19,1553.0799560546875,2720.0400390625,14000.41015625
2007-07-20,1534.0999755859375,2687.60009765625,13851.080078125
2007-07-23,1541.5699462890625,2690.580078125,13943.419921875
2007-07-24,1511.0400390625,2639.860107421875,13716.9501953125
2007-07-25,1518.0899658203125,2648.169921875,13785.0703125
2007-07-26,1482.6600341796875,2599.340087890625,13473.5703125
2007-07-27,1458.949951171875,2562.239990234375,13265.4697265625
2007-07-30,1473.9100341796875,2583.280029296875,13358.3095703125
2007-07-31,1455.27001953125,2546.27001953125,13211.990234375
2007-08-01,1465.81005859375,2553.8701171875,13362.3701171875
2007-08-02,1472.199951171875,2575.97998046875,13463.330078125
2007-08-03,1433.06005859375,2511.25,13181.91015625
2007-08-06,1467.6700439453125,2547.330078125,13468.7802734375
2007-08-07,1476.7099609375,2561.60009765625,13504.2998046875
2007-08-08,1497.489990234375,2612.97998046875,13657.8603515625
2007-08-09,1453.0899658203125,2556.489990234375,13270.6796875
2007-08-10,1453.6400146484375,2544.889892578125,13239.5400390625
2007-08-13,1452.9200439453125,2542.239990234375,13236.5302734375
2007-08-14,1426.5400390625,2499.1201171875,13028.919921875
2007-08-15,1406.699951171875,2458.830078125,12861.4697265625
2007-08-16,1411.27001953125,2451.070068359375,12845.7802734375
2007-08-17,1445.93994140625,2505.030029296875,13079.080078125
2007-08-20,1445.550048828125,2508.590087890625,13121.349609375
2007-08-21,1447.1199951171875,2521.300048828125,13090.8603515625
2007-08-22,1464.0699462890625,2552.800048828125,13236.1298828125
2007-08-23,1462.5,2541.699951171875,13235.8798828125
2007-08-24,1479.3699951171875,2576.68994140625,13378.8701171875
2007-08-27,1466.7900390625,2561.25,13322.1298828125
2007-08-28,1432.3599853515625,2500.639892578125,13041.849609375
2007-08-29,1463.760009765625,2563.159912109375,13289.2900390625
2007-08-30,1457.6400146484375,2565.300048828125,13238.73046875
2007-08-31,1473.989990234375,2596.360107421875,13357.740234375
2007-09-04,1489.4200439453125,2630.239990234375,13448.8603515625
2007-09-05,1472.2900390625,2605.949951171875,13305.4697265625
2007-09-06,1478.550048828125,2614.320068359375,13363.349609375
2007-09-07,1453.550048828125,2565.699951171875,13113.3798828125
2007-09-10,1451.699951171875,2559.110107421875,13127.849609375
2007-09-11,1471.489990234375,2597.469970703125,13308.3896484375
2007-09-12,1471.56005859375,2592.070068359375,13291.650390625
2007-09-13,1483.949951171875,2601.06005859375,13424.8798828125
2007-09-14,1484.25,2602.179931640625,13442.51953125
2007-09-17,1476.6500244140625,2581.659912109375,13403.419921875
2007-09-18,1519.780029296875,2651.659912109375,13739.3896484375
2007-09-19,1529.030029296875,2666.47998046875,13815.5595703125
2007-09-20,1518.75,2654.2900390625,13766.7001953125
2007-09-21,1525.75,2671.219970703125,13820.1904296875
2007-09-24,1517.72998046875,2667.949951171875,13759.0595703125
2007-09-25,1517.2099609375,2683.449951171875,13778.650390625
2007-09-26,1525.4200439453125,2699.030029296875,13878.150390625
2007-09-27,1531.3800048828125,2709.590087890625,13912.9404296875
2007-09-28,1526.75,2701.5,13895.6298828125
2007-10-01,1547.0400390625,2740.989990234375,14087.5498046875
2007-10-02,1546.6300048828125,2747.110107421875,14047.3095703125
2007-10-03,1539.5899658203125,2729.429931640625,13968.0498046875
2007-10-04,1542.8399658203125,2733.570068359375,13974.3095703125
2007-10-05,1557.5899658203125,2780.320068359375,14066.009765625
2007-10-08,1552.5799560546875,2787.3701171875,14043.73046875
2007-10-09,1565.1500244140625,2803.909912109375,14164.5302734375
2007-10-10,1562.469970703125,2811.610107421875,14078.6904296875
2007-10-11,1554.4100341796875,2772.199951171875,14015.1201171875
2007-10-12,1561.800048828125,2805.679931640625,14093.080078125
2007-10-15,1548.7099609375,2780.050048828125,13984.7998046875
2007-10-16,1538.530029296875,2763.909912109375,13912.9404296875
2007-10-17,1541.239990234375,2792.669921875,13892.5400390625
2007-10-18,1540.0799560546875,2799.31005859375,13888.9599609375
2007-10-19,1500.6300048828125,2725.159912109375,13522.01953125
2007-10-22,1506.3299560546875,2753.929931640625,13566.9697265625
2007-10-23,1519.5899658203125,2799.260009765625,13676.23046875
2007-10-24,1515.8800048828125,2774.760009765625,13675.25
2007-10-25,1514.4000244140625,2750.860107421875,13671.919921875
2007-10-26,1535.280029296875,2804.18994140625,13806.7001953125
2007-10-29,1540.97998046875,2817.43994140625,13870.259765625
2007-10-30,1531.02001953125,2816.7099609375,13792.4697265625
2007-10-31,1549.3800048828125,2859.1201171875,13930.009765625
2007-11-01,1508.43994140625,2794.830078125,13567.8701171875
2007-11-02,1509.6500244140625,2810.3798828125,13595.099609375
2007-11-05,1502.1700439453125,2795.179931640625,13543.400390625
2007-11-06,1520.27001953125,2825.179931640625,13660.9404296875
2007-11-07,1475.6199951171875,2748.760009765625,13300.01953125
2007-11-08,1474.77001953125,2696.0,13266.2900390625
2007-11-09,1453.699951171875,2627.93994140625,13042.740234375
2007-11-12,1439.1800537109375,2584.1298828125,12987.5498046875
2007-11-13,1481.050048828125,2673.64990234375,13307.08984375
2007-11-14,1470.5799560546875,2644.320068359375,13231.009765625
2007-11-15,1451.1500244140625,2618.510009765625,13110.0498046875
2007-11-16,1458.739990234375,2637.239990234375,13176.7900390625
2007-11-19,1433.27001953125,2593.3798828125,12958.4404296875
2007-11-20,1439.699951171875,2596.81005859375,13010.1396484375
2007-11-21,1416.77001953125,2562.14990234375,12799.0400390625
2007-11-23,1440.699951171875,2596.60009765625,12980.8798828125
2007-11-26,1407.219970703125,2540.989990234375,12743.4404296875
2007-11-27,1428.22998046875,2580.800048828125,12958.4404296875
2007-11-28,1469.02001953125,2662.909912109375,13289.4501953125
2007-11-29,1469.719970703125,2668.1298828125,13311.73046875
2007-11-30,1481.1400146484375,2660.9599609375,13371.7197265625
2007-12-03,1472.4200439453125,2637.1298828125,13314.5703125
2007-12-04,1462.7900390625,2619.830078125,13248.73046875
2007-12-05,1485.010009765625,2666.360107421875,13444.9599609375
2007-12-06,1507.3399658203125,2709.030029296875,13619.8896484375
2007-12-07,1504.6600341796875,2706.159912109375,13625.580078125
2007-12-10,1515.9599609375,2718.949951171875,13727.0302734375
2007-12-11,1477.6500244140625,2652.35009765625,13432.76953125
2007-12-12,1486.5899658203125,2671.139892578125,13473.900390625
2007-12-13,1488.4100341796875,2668.489990234375,13517.9599609375
2007-12-14,1467.949951171875,2635.739990234375,13339.849609375
2007-12-17,1445.9000244140625,2574.4599609375,13167.2001953125
2007-12-18,1454.97998046875,2596.030029296875,13232.4697265625
2007-12-19,1453.0,2601.010009765625,13207.26953125
2007-12-20,1460.1199951171875,2640.860107421875,13245.6396484375
2007-12-21,1484.4599609375,2691.989990234375,13450.650390625
2007-12-24,1496.449951171875,2713.5,13550.0400390625
2007-12-26,1497.6600341796875,2724.409912109375,13551.6904296875
2007-12-27,1476.27001953125,2676.7900390625,13359.6103515625
2007-12-28,1478.489990234375,2674.4599609375,13365.8701171875
2007-12-31,1468.3599853515625,2652.280029296875,13264.8203125
2008-01-02,1447.1600341796875,2609.6298828125,13043.9599609375
2008-01-03,1447.1600341796875,2602.679931640625,13056.7197265625
2008-01-04,1411.6300048828125,2504.64990234375,12800.1796875
2008-01-07,1416.1800537109375,2499.4599609375,12827.490234375
2008-01-08,1390.18994140625,2440.510009765625,12589.0703125
2008-01-09,1409.1300048828125,2474.550048828125,12735.3095703125
2008-01-10,1420.3299560546875,2488.52001953125,12853.08984375
2008-01-11,1401.02001953125,2439.93994140625,12606.2998046875
2008-01-14,1416.25,2478.300048828125,12778.150390625
2008-01-15,1380.949951171875,2417.590087890625,12501.1103515625
2008-01-16,1373.199951171875,2394.590087890625,12466.16015625
2008-01-17,1333.25,2346.89990234375,12159.2099609375
2008-01-18,1325.18994140625,2340.02001953125,12099.2998046875
2008-01-22,1310.5,2292.27001953125,11971.1904296875
2008-01-23,1338.5999755859375,2316.409912109375,12270.169921875
2008-01-24,1352.0699462890625,2360.919921875,12378.6103515625
2008-01-25,1330.6099853515625,2326.199951171875,12207.169921875
2008-01-28,1353.9599609375,2349.909912109375,12383.8896484375
2008-01-29,1362.300048828125,2358.06005859375,12480.2998046875
2008-01-30,1355.81005859375,2349.0,12442.830078125
2008-01-31,1378.550048828125,2389.860107421875,12650.3603515625
2008-02-01,1395.4200439453125,2413.360107421875,12743.1904296875
2008-02-04,1380.8199462890625,2382.85009765625,12635.16015625
2008-02-05,1336.6400146484375,2309.570068359375,12265.1298828125
2008-02-06,1326.449951171875,2278.75,12200.099609375
2008-02-07,1336.9100341796875,2293.030029296875,12247.0
2008-02-08,1331.2900390625,2304.85009765625,12182.1298828125
2008-02-11,1339.1300048828125,2320.06005859375,12240.009765625
2008-02-12,1348.8599853515625,2320.0400390625,12373.41015625
2008-02-13,1367.2099609375,2373.929931640625,12552.240234375
2008-02-14,1348.8599853515625,2332.5400390625,12376.98046875
2008-02-15,1349.989990234375,2321.800048828125,12348.2099609375
2008-02-19,1348.780029296875,2306.199951171875,12337.2197265625
2008-02-20,1360.030029296875,2327.10009765625,12427.259765625
2008-02-21,1342.530029296875,2299.780029296875,12284.2998046875
2008-02-22,1353.1099853515625,2303.35009765625,12381.01953125
2008-02-25,1371.800048828125,2327.47998046875,12570.2197265625
2008-02-26,1381.2900390625,2344.989990234375,12684.919921875
2008-02-27,1380.02001953125,2353.780029296875,12694.2802734375
2008-02-28,1367.6800537109375,2331.570068359375,12582.1796875
2008-02-29,1330.6300048828125,2271.47998046875,12266.3896484375
2008-03-03,1331.3399658203125,2258.60009765625,12258.900390625
2008-03-04,1326.75,2260.280029296875,12213.7998046875
2008-03-05,1333.699951171875,2272.81005859375,12254.990234375
2008-03-06,1304.3399658203125,2220.5,12040.3896484375
2008-03-07,1293.3699951171875,2212.489990234375,11893.6904296875
2008-03-10,1273.3699951171875,2169.340087890625,11740.150390625
2008-03-11,1320.6500244140625,2255.760009765625,12156.8095703125
2008-03-12,1308.77001953125,2243.8701171875,12110.240234375
2008-03-13,1315.47998046875,2263.610107421875,12145.740234375
2008-03-14,1288.1400146484375,2212.489990234375,11951.08984375
2008-03-17,1276.5999755859375,2177.010009765625,11972.25
2008-03-18,1330.739990234375,2268.260009765625,12392.66015625
2008-03-19,1298.4200439453125,2209.9599609375,12099.66015625
2008-03-20,1329.510009765625,2258.110107421875,12361.3203125
2008-03-24,1349.8800048828125,2326.75,12548.6396484375
2008-03-25,1352.989990234375,2341.050048828125,12532.599609375
2008-03-26,1341.1300048828125,2324.360107421875,12422.8603515625
2008-03-27,1325.760009765625,2280.830078125,12302.4599609375
2008-03-28,1315.219970703125,2261.179931640625,12216.400390625
2008-03-31,1322.699951171875,2279.10009765625,12262.8896484375
2008-04-01,1370.1800537109375,2362.75,12654.3603515625
2008-04-02,1367.530029296875,2361.39990234375,12608.919921875
2008-04-03,1369.31005859375,2363.300048828125,12626.0302734375
2008-04-04,1370.4000244140625,2370.97998046875,12609.419921875
2008-04-07,1372.5400390625,2364.830078125,12612.4296875
2008-04-08,1365.5400390625,2348.760009765625,12576.4404296875
2008-04-09,1354.489990234375,2322.1201171875,12527.259765625
2008-04-10,1360.550048828125,2351.699951171875,12581.98046875
2008-04-11,1332.8299560546875,2290.239990234375,12325.419921875
2008-04-14,1328.3199462890625,2275.820068359375,12302.0595703125
2008-04-15,1334.4300537109375,2286.0400390625,12362.4697265625
2008-04-16,1364.7099609375,2350.110107421875,12619.26953125
2008-04-17,1365.56005859375,2341.830078125,12620.490234375
2008-04-18,1390.3299560546875,2402.969970703125,12849.3603515625
2008-04-21,1388.1700439453125,2408.0400390625,12825.01953125
2008-04-22,1375.93994140625,2376.93994140625,12720.23046875
2008-04-23,1379.9300537109375,2405.2099609375,12763.2197265625
2008-04-24,1388.8199462890625,2428.919921875,12848.9501953125
2008-04-25,1397.8399658203125,2422.929931640625,12891.8603515625
2008-04-28,1396.3699951171875,2424.39990234375,12871.75
2008-04-29,1390.93994140625,2426.10009765625,12831.9404296875
2008-04-30,1385.5899658203125,2412.800048828125,12820.1298828125
2008-05-01,1409.3399658203125,2480.7099609375,13010.0
2008-05-02,1413.9000244140625,2476.989990234375,13058.2001953125
2008-05-05,1407.489990234375,2464.1201171875,12969.5400390625
2008-05-06,1418.260009765625,2483.31005859375,13020.830078125
2008-05-07,1392.5699462890625,2438.489990234375,12814.349609375
2008-05-08,1397.6800537109375,2451.239990234375,12866.7802734375
2008-05-09,1388.280029296875,2445.52001953125,12745.8798828125
2008-05-12,1403.5799560546875,2488.489990234375,12876.3095703125
2008-05-13,1403.0400390625,2495.1201171875,12832.1796875
2008-05-14,1408.6600341796875,2496.699951171875,12898.3798828125
2008-05-15,1423.5699462890625,2533.72998046875,12992.66015625
2008-05-16,1425.3499755859375,2528.85009765625,12986.7998046875
2008-05-19,1426.6300048828125,2516.090087890625,13028.16015625
2008-05-20,1413.4000244140625,2492.260009765625,12828.6796875
2008-05-21,1390.7099609375,2448.27001953125,12601.1904296875
2008-05-22,1394.3499755859375,2464.580078125,12625.6201171875
2008-05-23,1375.9300537109375,2444.669921875,12479.6298828125
2008-05-27,1385.3499755859375,2481.239990234375,12548.349609375
2008-05-28,1390.8399658203125,2486.699951171875,12594.0302734375
2008-05-29,1398.260009765625,2508.320068359375,12646.2197265625
2008-05-30,1400.3800048828125,2522.659912109375,12638.3203125
2008-06-02,1385.6700439453125,2491.530029296875,12503.8203125
2008-06-03,1377.6500244140625,2480.47998046875,12402.849609375
2008-06-04,1377.199951171875,2503.139892578125,12390.48046875
2008-06-05,1404.050048828125,2549.93994140625,12604.4501953125
2008-06-06,1360.6800537109375,2474.56005859375,12209.8095703125
2008-06-09,1361.760009765625,2459.4599609375,12280.3203125
2008-06-10,1358.43994140625,2448.93994140625,12289.759765625
2008-06-11,1335.489990234375,2394.010009765625,12083.76953125
2008-06-12,1339.8699951171875,2404.35009765625,12141.580078125
2008-06-13,1360.030029296875,2454.5,12307.349609375
2008-06-16,1360.1400146484375,2474.780029296875,12269.080078125
2008-06-17,1350.9300537109375,2457.72998046875,12160.2998046875
2008-06-18,1337.81005859375,2429.7099609375,12029.0595703125
2008-06-19,1342.8299560546875,2462.06005859375,12063.08984375
2008-06-20,1317.9300537109375,2406.090087890625,11842.6904296875
2008-06-23,1318.0,2385.739990234375,11842.3603515625
2008-06-24,1314.2900390625,2368.280029296875,11807.4296875
2008-06-25,1321.969970703125,2401.260009765625,11811.830078125
2008-06-26,1283.1500244140625,2321.3701171875,11453.419921875
2008-06-27,1278.3800048828125,2315.6298828125,11346.509765625
2008-06-30,1280.0,2292.97998046875,11350.009765625
2008-07-01,1284.9100341796875,2304.969970703125,11382.259765625
2008-07-02,1261.52001953125,2251.4599609375,11215.509765625
2008-07-03,1262.9000244140625,2245.3798828125,11288.5400390625
2008-07-07,1252.31005859375,2243.320068359375,11231.9599609375
2008-07-08,1273.699951171875,2294.43994140625,11384.2099609375
2008-07-09,1244.68994140625,2234.889892578125,11147.4404296875
2008-07-10,1253.3900146484375,2257.85009765625,11229.01953125
2008-07-11,1239.489990234375,2239.080078125,11100.5400390625
2008-07-14,1228.300048828125,2212.8701171875,11055.1904296875
2008-07-15,1214.9100341796875,2215.7099609375,10962.5400390625
2008-07-16,1245.3599853515625,2284.85009765625,11239.2802734375
2008-07-17,1260.3199462890625,2312.300048828125,11446.66015625
2008-07-18,1260.6800537109375,2282.780029296875,11496.5703125
2008-07-21,1260.0,2279.530029296875,11467.33984375
2008-07-22,1277.0,2303.9599609375,11602.5
2008-07-23,1282.18994140625,2325.8798828125,11632.3798828125
2008-07-24,1252.5400390625,2280.110107421875,11349.2802734375
2008-07-25,1257.760009765625,2310.530029296875,11370.6904296875
2008-07-28,1234.3699951171875,2264.219970703125,11131.080078125
2008-07-29,1263.199951171875,2319.6201171875,11397.5595703125
2008-07-30,1284.260009765625,2329.719970703125,11583.6904296875
2008-07-31,1267.3800048828125,2325.550048828125,11378.01953125
2008-08-01,1260.31005859375,2310.9599609375,11326.3203125
2008-08-04,1249.010009765625,2285.56005859375,11284.150390625
2008-08-05,1284.8800048828125,2349.830078125,11615.76953125
2008-08-06,1289.18994140625,2378.3701171875,11656.0703125
2008-08-07,1266.0699462890625,2355.72998046875,11431.4296875
2008-08-08,1296.3199462890625,2414.10009765625,11734.3203125
2008-08-11,1305.3199462890625,2439.949951171875,11782.349609375
2008-08-12,1289.5899658203125,2430.610107421875,11642.4697265625
2008-08-13,1285.8299560546875,2428.6201171875,11532.9599609375
2008-08-14,1292.9300537109375,2453.669921875,11615.9296875
2008-08-15,1298.199951171875,2452.52001953125,11659.900390625
2008-08-18,1278.5999755859375,2416.97998046875,11479.3896484375
2008-08-19,1266.68994140625,2384.360107421875,11348.5498046875
2008-08-20,1274.5400390625,2389.080078125,11417.4296875
2008-08-21,1277.719970703125,2380.3798828125,11430.2099609375
2008-08-22,1292.199951171875,2414.7099609375,11628.0595703125
2008-08-25,1266.8399658203125,2365.590087890625,11386.25
2008-08-26,1271.510009765625,2361.969970703125,11412.8701171875
2008-08-27,1281.6600341796875,2382.4599609375,11502.509765625
2008-08-28,1300.6800537109375,2411.639892578125,11715.1796875
2008-08-29,1282.8299560546875,2367.52001953125,11543.9599609375
2008-09-02,1277.5799560546875,2349.239990234375,11516.919921875
2008-09-03,1274.97998046875,2333.72998046875,11532.8798828125
2008-09-04,1236.8299560546875,2259.0400390625,11188.23046875
2008-09-05,1242.31005859375,2255.8798828125,11220.9599609375
2008-09-08,1267.7900390625,2269.760009765625,11510.740234375
2008-09-09,1224.510009765625,2209.81005859375,11230.73046875
2008-09-10,1232.0400390625,2228.699951171875,11268.919921875
2008-09-11,1249.050048828125,2258.219970703125,11433.7099609375
2008-09-12,1251.699951171875,2261.27001953125,11421.990234375
2008-09-15,1192.699951171875,2179.909912109375,10917.509765625
2008-09-16,1213.5999755859375,2207.89990234375,11059.01953125
2008-09-17,1156.3900146484375,2098.85009765625,10609.66015625
2008-09-18,1206.510009765625,2199.10009765625,11019.6904296875
2008-09-19,1255.0799560546875,2273.89990234375,11388.4404296875
2008-09-22,1207.0899658203125,2178.97998046875,11015.6904296875
2008-09-23,1188.219970703125,2153.330078125,10854.169921875
2008-09-24,1185.8699951171875,2155.679931640625,10825.169921875
2008-09-25,1209.1800537109375,2186.570068359375,11022.0595703125
2008-09-26,1213.27001953125,2183.340087890625,11143.1298828125
2008-09-29,1106.4200439453125,1983.72998046875,10365.4501953125
2008-09-30,1166.3599853515625,2091.8798828125,10850.66015625
2008-10-01,1161.06005859375,2069.39990234375,10831.0703125
2008-10-02,1114.280029296875,1976.719970703125,10482.849609375
2008-10-03,1099.22998046875,1947.3900146484375,10325.3798828125
2008-10-06,1056.8900146484375,1862.9599609375,9955.5
2008-10-07,996.22998046875,1754.8800048828125,9447.1103515625
2008-10-08,984.9400024414062,1740.3299560546875,9258.099609375
2008-10-09,909.9199829101562,1645.1199951171875,8579.1904296875
2008-10-10,899.219970703125,1649.510009765625,8451.1904296875
2008-10-13,1003.3499755859375,1844.25,9387.6103515625
2008-10-14,998.010009765625,1779.010009765625,9310.990234375
2008-10-15,907.8400268554688,1628.3299560546875,8577.91015625
2008-10-16,946.4299926757812,1717.7099609375,8979.259765625
2008-10-17,940.5499877929688,1711.2900390625,8852.2197265625
2008-10-20,985.4000244140625,1770.030029296875,9265.4296875
2008-10-21,955.0499877929688,1696.6800537109375,9033.66015625
2008-10-22,896.780029296875,1615.75,8519.2099609375
2008-10-23,908.1099853515625,1603.9100341796875,8691.25
2008-10-24,876.77001953125,1552.030029296875,8378.9501953125
2008-10-27,848.9199829101562,1505.9000244140625,8175.77001953125
2008-10-28,940.510009765625,1649.469970703125,9065.1201171875
2008-10-29,930.0900268554688,1657.2099609375,8990.9599609375
2008-10-30,954.0900268554688,1698.52001953125,9180.6904296875
2008-10-31,968.75,1720.949951171875,9325.009765625
2008-11-03,966.2999877929688,1726.3299560546875,9319.830078125
2008-11-04,1005.75,1780.1199951171875,9625.2802734375
2008-11-05,952.77001953125,1681.6400146484375,9139.26953125
2008-11-06,904.8800048828125,1608.699951171875,8695.7900390625
2008-11-07,930.989990234375,1647.4000244140625,8943.8095703125
2008-11-10,919.2100219726562,1616.739990234375,8870.5400390625
2008-11-11,898.9500122070312,1580.9000244140625,8693.9599609375
2008-11-12,852.2999877929688,1499.2099609375,8282.66015625
2008-11-13,911.2899780273438,1596.699951171875,8835.25
2008-11-14,873.2899780273438,1516.8499755859375,8497.3095703125
2008-11-17,850.75,1482.050048828125,8273.580078125
2008-11-18,859.1199951171875,1483.27001953125,8424.75
2008-11-19,806.5800170898438,1386.4200439453125,7997.27978515625
2008-11-20,752.4400024414062,1316.1199951171875,7552.2900390625
2008-11-21,800.030029296875,1384.3499755859375,8046.419921875
2008-11-24,851.8099975585938,1472.02001953125,8443.3896484375
2008-11-25,857.3900146484375,1464.72998046875,8479.4697265625
2008-11-26,887.6799926757812,1532.0999755859375,8726.6103515625
2008-11-28,896.239990234375,1535.5699462890625,8829.0400390625
2008-12-01,816.2100219726562,1398.0699462890625,8149.08984375
2008-12-02,848.8099975585938,1449.800048828125,8419.08984375
2008-12-03,870.739990234375,1492.3800048828125,8591.6904296875
2008-12-04,845.219970703125,1445.56005859375,8376.240234375
2008-12-05,876.0700073242188,1509.31005859375,8635.419921875
2008-12-08,909.7000122070312,1571.739990234375,8934.1796875
2008-12-09,888.6699829101562,1547.3399658203125,8691.330078125
2008-12-10,899.239990234375,1565.47998046875,8761.419921875
2008-12-11,873.5900268554688,1507.8800048828125,8565.08984375
2008-12-12,879.72998046875,1540.719970703125,8629.6796875
2008-12-15,868.5700073242188,1508.3399658203125,8564.5302734375
2008-12-16,913.1799926757812,1589.8900146484375,8924.1396484375
2008-12-17,904.4199829101562,1579.31005859375,8824.33984375
2008-12-18,885.280029296875,1552.3699951171875,8604.990234375
2008-12-19,887.8800048828125,1564.3199462890625,8579.1103515625
2008-12-22,871.6300048828125,1532.3499755859375,8519.6904296875
2008-12-23,863.1599731445312,1521.5400390625,8419.490234375
2008-12-24,868.1500244140625,1524.9000244140625,8468.48046875
2008-12-26,872.7999877929688,1530.239990234375,8515.5498046875
2008-12-29,869.4199829101562,1510.3199462890625,8483.9296875
2008-12-30,890.6400146484375,1550.699951171875,8668.3896484375
2008-12-31,903.25,1577.030029296875,8776.3896484375
2009-01-02,931.7999877929688,1632.2099609375,9034.6904296875
2009-01-05,927.4500122070312,1628.030029296875,8952.8896484375
2009-01-06,934.7000122070312,1652.3800048828125,9015.099609375
2009-01-07,906.6500244140625,1599.06005859375,8769.7001953125
2009-01-08,909.72998046875,1617.010009765625,8742.4599609375
2009-01-09,890.3499755859375,1571.5899658203125,8599.1796875
2009-01-12,870.260009765625,1538.7900390625,8473.9697265625
2009-01-13,871.7899780273438,1546.4599609375,8448.5595703125
2009-01-14,842.6199951171875,1489.6400146484375,8200.1396484375
2009-01-15,843.739990234375,1511.8399658203125,8212.490234375
2009-01-16,850.1199951171875,1529.3299560546875,8281.2197265625
2009-01-20,805.219970703125,1440.8599853515625,7949.08984375
2009-01-21,840.239990234375,1507.0699462890625,8228.099609375
2009-01-22,827.5,1465.489990234375,8122.7998046875
2009-01-23,831.9500122070312,1477.2900390625,8077.56005859375
2009-01-26,836.5700073242188,1489.4599609375,8116.02978515625
2009-01-27,845.7100219726562,1504.9000244140625,8174.72998046875
2009-01-28,874.0900268554688,1558.3399658203125,8375.4501953125
2009-01-29,845.1400146484375,1507.8399658203125,8149.009765625
2009-01-30,825.8800048828125,1476.4200439453125,8000.85986328125
2009-02-02,825.4400024414062,1494.4300537109375,7936.75
2009-02-03,838.510009765625,1516.300048828125,8078.35986328125
2009-02-04,832.22998046875,1515.050048828125,7956.66015625
2009-02-05,845.8499755859375,1546.239990234375,8063.06982421875
2009-02-06,868.5999755859375,1591.7099609375,8280.58984375
2009-02-09,869.8900146484375,1591.56005859375,8270.8701171875
2009-02-10,827.1599731445312,1524.72998046875,7888.8798828125
2009-02-11,833.739990234375,1530.5,7939.52978515625
2009-02-12,835.1900024414062,1541.7099609375,7932.759765625
2009-02-13,826.8400268554688,1534.3599853515625,7850.41015625
2009-02-17,789.1699829101562,1470.6600341796875,7552.60009765625
2009-02-18,788.4199829101562,1467.969970703125,7555.6298828125
2009-02-19,778.9400024414062,1442.8199462890625,7465.9501953125
2009-02-20,770.0499877929688,1441.22998046875,7365.669921875
2009-02-23,743.3300170898438,1387.719970703125,7114.77978515625
2009-02-24,773.1400146484375,1441.8299560546875,7350.93994140625
2009-02-25,764.9000244140625,1425.4300537109375,7270.89013671875
2009-02-26,752.8300170898438,1391.469970703125,7182.080078125
2009-02-27,735.0900268554688,1377.8399658203125,7062.93017578125
2009-03-02,700.8200073242188,1322.8499755859375,6763.2900390625
2009-03-03,696.3300170898438,1321.010009765625,6726.02001953125
2009-03-04,712.8699951171875,1353.739990234375,6875.83984375
2009-03-05,682.5499877929688,1299.5899658203125,6594.43994140625
2009-03-06,683.3800048828125,1293.8499755859375,6626.93994140625
2009-03-09,676.530029296875,1268.6400146484375,6547.0498046875
2009-03-10,719.5999755859375,1358.280029296875,6926.490234375
2009-03-11,721.3599853515625,1371.6400146484375,6930.39990234375
2009-03-12,750.739990234375,1426.0999755859375,7170.06005859375
2009-03-13,756.5499877929688,1431.5,7223.97998046875
2009-03-16,753.8900146484375,1404.02001953125,7216.97021484375
2009-03-17,778.1199951171875,1462.1099853515625,7395.7001953125
2009-03-18,794.3499755859375,1491.219970703125,7486.580078125
2009-03-19,784.0399780273438,1483.47998046875,7400.7998046875
2009-03-20,768.5399780273438,1457.27001953125,7278.3798828125
2009-03-23,822.9199829101562,1555.77001953125,7775.85986328125
2009-03-24,806.1199951171875,1516.52001953125,7659.97021484375
2009-03-25,813.8800048828125,1528.949951171875,7749.81005859375
2009-03-26,832.8599853515625,1587.0,7924.56005859375
2009-03-27,815.9400024414062,1545.199951171875,7776.18017578125
2009-03-30,787.530029296875,1501.800048828125,7522.02001953125
2009-03-31,797.8699951171875,1528.5899658203125,7608.919921875
2009-04-01,811.0800170898438,1551.5999755859375,7761.60009765625
2009-04-02,834.3800048828125,1602.6300048828125,7978.080078125
2009-04-03,842.5,1621.8699951171875,8017.58984375
2009-04-06,835.47998046875,1606.7099609375,7975.85009765625
2009-04-07,815.5499877929688,1561.6099853515625,7789.56005859375
2009-04-08,825.1599731445312,1590.6600341796875,7837.10986328125
2009-04-09,856.5599975585938,1652.5400390625,8083.3798828125
2009-04-13,858.72998046875,1653.31005859375,8057.81005859375
2009-04-14,841.5,1625.719970703125,7920.18017578125
2009-04-15,852.0599975585938,1626.800048828125,8029.6201171875
2009-04-16,865.2999877929688,1670.43994140625,8125.43017578125
2009-04-17,869.5999755859375,1673.0699462890625,8131.330078125
2009-04-20,832.3900146484375,1608.2099609375,7841.72998046875
2009-04-21,850.0800170898438,1643.8499755859375,7969.56005859375
2009-04-22,843.5499877929688,1646.1199951171875,7886.56982421875
2009-04-23,851.9199829101562,1652.2099609375,7957.06005859375
2009-04-24,866.22998046875,1694.2900390625,8076.2900390625
2009-04-27,857.510009765625,1679.4100341796875,8025.0
2009-04-28,855.1599731445312,1673.81005859375,8016.9501953125
2009-04-29,873.6400146484375,1711.93994140625,8185.72998046875
2009-04-30,872.8099975585938,1717.300048828125,8168.1201171875
2009-05-01,877.52001953125,1719.199951171875,8212.41015625
2009-05-04,907.239990234375,1763.56005859375,8426.740234375
2009-05-05,903.7999877929688,1754.1199951171875,8410.650390625
2009-05-06,919.530029296875,1759.0999755859375,8512.2802734375
2009-05-07,907.3900146484375,1716.239990234375,8409.849609375
2009-05-08,929.22998046875,1739.0,8574.650390625
2009-05-11,909.239990234375,1731.239990234375,8418.76953125
2009-05-12,908.3499755859375,1715.9200439453125,8469.1103515625
2009-05-13,883.9199829101562,1664.18994140625,8284.8896484375
2009-05-14,893.0700073242188,1689.2099609375,8331.3203125
2009-05-15,882.8800048828125,1680.1400146484375,8268.6396484375
2009-05-18,909.7100219726562,1732.3599853515625,8504.080078125
2009-05-19,908.1300048828125,1734.5400390625,8474.849609375
2009-05-20,903.469970703125,1727.8399658203125,8422.0400390625
2009-05-21,888.3300170898438,1695.25,8292.1298828125
2009-05-22,887.0,1692.010009765625,8277.3203125
2009-05-26,910.3300170898438,1750.4300537109375,8473.490234375
2009-05-27,893.0599975585938,1731.0799560546875,8300.01953125
2009-05-28,906.8300170898438,1751.7900390625,8403.7998046875
2009-05-29,919.1400146484375,1774.3299560546875,8500.330078125
2009-06-01,942.8699951171875,1828.6800537109375,8721.4404296875
2009-06-02,944.739990234375,1836.800048828125,8740.8701171875
2009-06-03,931.760009765625,1825.9200439453125,8675.240234375
2009-06-04,942.4600219726562,1850.02001953125,8750.240234375
2009-06-05,940.0900268554688,1849.4200439453125,8763.1298828125
2009-06-08,939.1400146484375,1842.4000244140625,8764.490234375
2009-06-09,942.4299926757812,1860.1300048828125,8763.0595703125
2009-06-10,939.1500244140625,1853.0799560546875,8739.01953125
2009-06-11,944.8900146484375,1862.3699951171875,8770.919921875
2009-06-12,946.2100219726562,1858.800048828125,8799.259765625
2009-06-15,923.719970703125,1816.3800048828125,8612.1298828125
2009-06-16,911.969970703125,1796.1800537109375,8504.669921875
2009-06-17,910.7100219726562,1808.06005859375,8497.1796875
2009-06-18,918.3699951171875,1807.719970703125,8555.599609375
2009-06-19,921.22998046875,1827.469970703125,8539.73046875
2009-06-22,893.0399780273438,1766.18994140625,8339.009765625
2009-06-23,895.0999755859375,1764.9200439453125,8322.91015625
2009-06-24,900.9400024414062,1792.3399658203125,8299.8603515625
2009-06-25,920.260009765625,1829.5400390625,8472.400390625
2009-06-26,918.9000244140625,1838.219970703125,8438.3896484375
2009-06-29,927.22998046875,1844.06005859375,8529.3798828125
2009-06-30,919.3200073242188,1835.0400390625,8447.0
2009-07-01,923.3300170898438,1845.719970703125,8504.0595703125
2009-07-02,896.4199829101562,1796.52001953125,8280.740234375
2009-07-06,898.719970703125,1787.4000244140625,8324.8701171875
2009-07-07,881.030029296875,1746.1700439453125,8163.60009765625
2009-07-08,879.5599975585938,1747.1700439453125,8178.41015625
2009-07-09,882.6799926757812,1752.550048828125,8183.169921875
2009-07-10,879.1300048828125,1756.030029296875,8146.52001953125
2009-07-13,901.0499877929688,1793.2099609375,8331.6796875
2009-07-14,905.8400268554688,1799.72998046875,8359.490234375
2009-07-15,932.6799926757812,1862.9000244140625,8616.2099609375
2009-07-16,940.739990234375,1885.030029296875,8711.8203125
2009-07-17,940.3800048828125,1886.6099853515625,8743.9404296875
2009-07-20,951.1300048828125,1909.2900390625,8848.150390625
2009-07-21,954.5800170898438,1916.199951171875,8915.9404296875
2009-07-22,954.0700073242188,1926.3800048828125,8881.259765625
2009-07-23,976.2899780273438,1973.5999755859375,9069.2900390625
2009-07-24,979.260009765625,1965.9599609375,9093.240234375
2009-07-27,982.1799926757812,1967.8900146484375,9108.509765625
2009-07-28,979.6199951171875,1975.510009765625,9096.7197265625
2009-07-29,975.1500244140625,1967.760009765625,9070.7197265625
2009-07-30,986.75,1984.300048828125,9154.4599609375
2009-07-31,987.47998046875,1978.5,9171.6103515625
2009-08-03,1002.6300048828125,2008.6099853515625,9286.5595703125
2009-08-04,1005.6500244140625,2011.31005859375,9320.1904296875
2009-08-05,1002.719970703125,1993.050048828125,9280.9697265625
2009-08-06,997.0800170898438,1973.1600341796875,9256.259765625
2009-08-07,1010.47998046875,2000.25,9370.0703125
2009-08-10,1007.0999755859375,1992.239990234375,9337.9501953125
2009-08-11,994.3499755859375,1969.72998046875,9241.4501953125
2009-08-12,1005.8099975585938,1998.719970703125,9361.6103515625
2009-08-13,1012.72998046875,2009.3499755859375,9398.1904296875
2009-08-14,1004.0900268554688,1985.52001953125,9321.400390625
2009-08-17,979.72998046875,1930.8399658203125,9135.33984375
2009-08-18,989.6699829101562,1955.9200439453125,9217.9404296875
2009-08-19,996.4600219726562,1969.239990234375,9279.16015625
2009-08-20,1007.3699951171875,1989.219970703125,9350.0498046875
2009-08-21,1026.1300048828125,2020.9000244140625,9505.9599609375
2009-08-24,1025.5699462890625,2017.97998046875,9509.2802734375
2009-08-25,1028.0,2024.22998046875,9539.2900390625
2009-08-26,1028.1199951171875,2024.4300537109375,9543.51953125
2009-08-27,1030.97998046875,2027.72998046875,9580.6298828125
2009-08-28,1028.9300537109375,2028.77001953125,9544.2001953125
2009-08-31,1020.6199951171875,2009.06005859375,9496.2802734375
2009-09-01,998.0399780273438,1968.8900146484375,9310.599609375
2009-09-02,994.75,1967.0699462890625,9280.669921875
2009-09-03,1003.239990234375,1983.199951171875,9344.6103515625
2009-09-04,1016.4000244140625,2018.780029296875,9441.26953125
2009-09-08,1025.3900146484375,2037.77001953125,9497.33984375
2009-09-09,1033.3699951171875,2060.389892578125,9547.2197265625
2009-09-10,1044.1400146484375,2084.02001953125,9627.48046875
2009-09-11,1042.72998046875,2080.89990234375,9605.41015625
2009-09-14,1049.3399658203125,2091.780029296875,9626.7998046875
2009-09-15,1052.6300048828125,2102.639892578125,9683.41015625
2009-09-16,1068.760009765625,2133.14990234375,9791.7099609375
2009-09-17,1065.489990234375,2126.75,9783.919921875
2009-09-18,1068.300048828125,2132.860107421875,9820.2001953125
2009-09-21,1064.6600341796875,2138.0400390625,9778.8603515625
2009-09-22,1071.6600341796875,2146.300048828125,9829.8701171875
2009-09-23,1060.8699951171875,2131.419921875,9748.5498046875
2009-09-24,1050.780029296875,2107.610107421875,9707.4404296875
2009-09-25,1044.3800048828125,2090.919921875,9665.1904296875
2009-09-28,1062.97998046875,2130.739990234375,9789.3603515625
2009-09-29,1060.6099853515625,2124.0400390625,9742.2001953125
2009-09-30,1057.0799560546875,2122.419921875,9712.2802734375
2009-10-01,1029.8499755859375,2057.47998046875,9509.2802734375
2009-10-02,1025.2099609375,2048.110107421875,9487.669921875
2009-10-05,1040.4599609375,2068.14990234375,9599.75
2009-10-06,1054.719970703125,2103.570068359375,9731.25
2009-10-07,1057.5799560546875,2110.330078125,9725.580078125
2009-10-08,1065.47998046875,2123.929931640625,9786.8701171875
2009-10-09,1071.489990234375,2139.280029296875,9864.9404296875
2009-10-12,1076.18994140625,2139.139892578125,9885.7998046875
2009-10-13,1073.18994140625,2139.889892578125,9871.0595703125
2009-10-14,1092.02001953125,2172.22998046875,10015.8603515625
2009-10-15,1096.56005859375,2173.2900390625,10062.9404296875
2009-10-16,1087.6800537109375,2156.800048828125,9995.91015625
2009-10-19,1097.9100341796875,2176.320068359375,10092.1904296875
2009-10-20,1091.06005859375,2163.469970703125,10041.48046875
2009-10-21,1081.4000244140625,2150.72998046875,9949.3603515625
2009-10-22,1092.9100341796875,2165.2900390625,10081.3095703125
2009-10-23,1079.5999755859375,2154.469970703125,9972.1796875
2009-10-26,1066.949951171875,2141.85009765625,9867.9599609375
2009-10-27,1063.4100341796875,2116.090087890625,9882.169921875
2009-10-28,1042.6300048828125,2059.610107421875,9762.6904296875
2009-10-29,1066.1099853515625,2097.550048828125,9962.580078125
2009-10-30,1036.18994140625,2045.1099853515625,9712.73046875
2009-11-02,1042.8800048828125,2049.199951171875,9789.4404296875
2009-11-03,1045.4100341796875,2057.320068359375,9771.91015625
2009-11-04,1046.5,2055.52001953125,9802.1396484375
2009-11-05,1066.6300048828125,2105.320068359375,10005.9599609375
2009-11-06,1069.300048828125,2112.43994140625,10023.419921875
2009-11-09,1093.0799560546875,2154.06005859375,10226.9404296875
2009-11-10,1093.010009765625,2151.080078125,10246.9697265625
2009-11-11,1098.510009765625,2166.89990234375,10291.259765625
2009-11-12,1087.239990234375,2149.02001953125,10197.4697265625
2009-11-13,1093.47998046875,2167.8798828125,10270.4697265625
2009-11-16,1109.300048828125,2197.85009765625,10406.9599609375
2009-11-17,1110.3199462890625,2203.780029296875,10437.419921875
2009-11-18,1109.800048828125,2193.139892578125,10426.3095703125
2009-11-19,1094.9000244140625,2156.820068359375,10332.4404296875
2009-11-20,1091.3800048828125,2146.0400390625,10318.16015625
2009-11-23,1106.239990234375,2176.010009765625,10450.9501953125
2009-11-24,1105.6500244140625,2169.179931640625,10433.7099609375
2009-11-25,1110.6300048828125,2176.050048828125,10464.400390625
2009-11-27,1091.489990234375,2138.43994140625,10309.919921875
2009-11-30,1095.6300048828125,2144.60009765625,10344.83984375
2009-12-01,1108.8599853515625,2175.81005859375,10471.580078125
2009-12-02,1109.239990234375,2185.030029296875,10452.6796875
2009-12-03,1099.9200439453125,2173.139892578125,10366.150390625
2009-12-04,1105.97998046875,2194.35009765625,10388.900390625
2009-12-07,1103.25,2189.610107421875,10390.1103515625
2009-12-08,1091.93994140625,2172.989990234375,10285.9697265625
2009-12-09,1095.949951171875,2183.72998046875,10337.0498046875
2009-12-10,1102.3499755859375,2190.860107421875,10405.830078125
2009-12-11,1106.4100341796875,2190.31005859375,10471.5
2009-12-14,1114.1099853515625,2212.10009765625,10501.0498046875
2009-12-15,1107.9300537109375,2201.050048828125,10452.0
2009-12-16,1109.1800537109375,2206.909912109375,10441.1201171875
2009-12-17,1096.0799560546875,2180.050048828125,10308.259765625
2009-12-18,1102.469970703125,2211.68994140625,10328.8896484375
2009-12-21,1114.050048828125,2237.659912109375,10414.1396484375
2009-12-22,1118.02001953125,2252.669921875,10464.9296875
2009-12-23,1120.5899658203125,2269.639892578125,10466.4404296875
2009-12-24,1126.47998046875,2285.68994140625,10520.08984375
2009-12-28,1127.780029296875,2291.080078125,10547.080078125
2009-12-29,1126.199951171875,2288.39990234375,10545.41015625
2009-12-30,1126.4200439453125,2291.280029296875,10548.509765625
2009-12-31,1115.0999755859375,2269.14990234375,10428.0498046875
2010-01-04,1132.989990234375,2308.419921875,10583.9599609375
2010-01-05,1136.52001953125,2308.7099609375,10572.01953125
2010-01-06,1137.1400146484375,2301.090087890625,10573.6796875
2010-01-07,1141.68994140625,2300.050048828125,10606.8603515625
2010-01-08,1144.97998046875,2317.169921875,10618.1904296875
2010-01-11,1146.97998046875,2312.409912109375,10663.990234375
2010-01-12,1136.219970703125,2282.31005859375,10627.259765625
2010-01-13,1145.6800537109375,2307.89990234375,10680.76953125
2010-01-14,1148.4599609375,2316.739990234375,10710.5498046875
2010-01-15,1136.030029296875,2287.989990234375,10609.650390625
2010-01-19,1150.22998046875,2320.39990234375,10725.4296875
2010-01-20,1138.0400390625,2291.25,10603.150390625
2010-01-21,1116.47998046875,2265.699951171875,10389.8798828125
2010-01-22,1091.760009765625,2205.2900390625,10172.98046875
2010-01-25,1096.780029296875,2210.800048828125,10196.8603515625
2010-01-26,1092.1700439453125,2203.72998046875,10194.2900390625
2010-01-27,1097.5,2221.409912109375,10236.16015625
2010-01-28,1084.530029296875,2179.0,10120.4599609375
2010-01-29,1073.8699951171875,2147.35009765625,10067.330078125
2010-02-01,1089.18994140625,2171.199951171875,10185.5302734375
2010-02-02,1103.3199462890625,2190.06005859375,10296.849609375
2010-02-03,1097.280029296875,2190.909912109375,10270.5498046875
2010-02-04,1063.1099853515625,2125.429931640625,10002.1796875
2010-02-05,1066.18994140625,2141.1201171875,10012.23046875
2010-02-08,1056.739990234375,2126.050048828125,9908.3896484375
2010-02-09,1070.52001953125,2150.8701171875,10058.6396484375
2010-02-10,1068.1300048828125,2147.8701171875,10038.3798828125
2010-02-11,1078.469970703125,2177.409912109375,10144.1904296875
2010-02-12,1075.510009765625,2183.530029296875,10099.1396484375
2010-02-16,1094.8699951171875,2214.18994140625,10268.8095703125
2010-02-17,1099.510009765625,2226.2900390625,10309.240234375
2010-02-18,1106.75,2241.7099609375,10392.900390625
2010-02-19,1109.1700439453125,2243.8701171875,10402.349609375
2010-02-22,1108.010009765625,2242.030029296875,10383.3798828125
2010-02-23,1094.5999755859375,2213.43994140625,10282.41015625
2010-02-24,1105.239990234375,2235.89990234375,10374.16015625
2010-02-25,1102.93994140625,2234.219970703125,10321.0302734375
2010-02-26,1104.489990234375,2238.260009765625,10325.259765625
2010-03-01,1115.7099609375,2273.570068359375,10403.7900390625
2010-03-02,1118.31005859375,2280.7900390625,10405.98046875
2010-03-03,1118.7900390625,2280.679931640625,10396.759765625
2010-03-04,1122.969970703125,2292.31005859375,10444.1396484375
2010-03-05,1138.699951171875,2326.35009765625,10566.2001953125
2010-03-08,1138.5,2332.2099609375,10552.51953125
2010-03-09,1140.449951171875,2340.679931640625,10564.3798828125
2010-03-10,1145.6099853515625,2358.949951171875,10567.330078125
2010-03-11,1150.239990234375,2368.4599609375,10611.83984375
2010-03-12,1149.989990234375,2367.659912109375,10624.6904296875
2010-03-15,1150.510009765625,2362.2099609375,10642.150390625
2010-03-16,1159.4599609375,2378.010009765625,10685.98046875
2010-03-17,1166.2099609375,2389.090087890625,10733.669921875
2010-03-18,1165.8299560546875,2391.280029296875,10779.169921875
2010-03-19,1159.9000244140625,2374.409912109375,10741.98046875
2010-03-22,1165.81005859375,2395.39990234375,10785.8896484375
2010-03-23,1174.1700439453125,2415.239990234375,10888.830078125
2010-03-24,1167.719970703125,2398.760009765625,10836.150390625
2010-03-25,1165.72998046875,2397.409912109375,10841.2099609375
2010-03-26,1166.5899658203125,2395.1298828125,10850.3603515625
2010-03-29,1173.219970703125,2404.360107421875,10895.8603515625
2010-03-30,1173.27001953125,2410.68994140625,10907.419921875
2010-03-31,1169.4300537109375,2397.9599609375,10856.6298828125
2010-04-01,1178.0999755859375,2402.580078125,10927.0703125
2010-04-05,1187.43994140625,2429.530029296875,10973.5498046875
2010-04-06,1189.43994140625,2436.81005859375,10969.990234375
2010-04-07,1182.449951171875,2431.159912109375,10897.51953125
2010-04-08,1186.43994140625,2436.81005859375,10927.0703125
2010-04-09,1194.3699951171875,2454.050048828125,10997.349609375
2010-04-12,1196.47998046875,2457.8701171875,11005.9697265625
2010-04-13,1197.300048828125,2465.989990234375,11019.419921875
2010-04-14,1210.6500244140625,2504.860107421875,11123.1103515625
2010-04-15,1211.6700439453125,2515.68994140625,11144.5703125
2010-04-16,1192.1300048828125,2481.260009765625,11018.66015625
2010-04-19,1197.52001953125,2480.110107421875,11092.0498046875
2010-04-20,1207.1700439453125,2500.31005859375,11117.0595703125
2010-04-21,1205.93994140625,2504.610107421875,11124.919921875
2010-04-22,1208.6700439453125,2519.070068359375,11134.2900390625
2010-04-23,1217.280029296875,2530.14990234375,11204.2802734375
2010-04-26,1212.050048828125,2522.949951171875,11205.0302734375
2010-04-27,1183.7099609375,2471.469970703125,10991.990234375
2010-04-28,1191.3599853515625,2471.72998046875,11045.26953125
2010-04-29,1206.780029296875,2511.919921875,11167.3203125
2010-04-30,1186.68994140625,2461.18994140625,11008.6103515625
2010-05-03,1202.260009765625,2498.739990234375,11151.830078125
2010-05-04,1173.5999755859375,2424.25,10926.76953125
2010-05-05,1165.8699951171875,2402.2900390625,10866.830078125
2010-05-06,1128.1500244140625,2319.639892578125,10520.3203125
2010-05-07,1110.8800048828125,2265.639892578125,10380.4296875
2010-05-10,1159.72998046875,2374.669921875,10785.1396484375
2010-05-11,1155.7900390625,2375.31005859375,10748.259765625
2010-05-12,1171.6700439453125,2425.02001953125,10896.91015625
2010-05-13,1157.43994140625,2394.360107421875,10782.9501953125
2010-05-14,1135.6800537109375,2346.85009765625,10620.16015625
2010-05-17,1136.93994140625,2354.22998046875,10625.830078125
2010-05-18,1120.800048828125,2317.260009765625,10510.9501953125
2010-05-19,1115.050048828125,2298.3701171875,10444.3701171875
2010-05-20,1071.5899658203125,2204.010009765625,10068.009765625
2010-05-21,1087.68994140625,2229.0400390625,10193.3896484375
2010-05-24,1073.6500244140625,2213.550048828125,10066.5703125
2010-05-25,1074.030029296875,2210.949951171875,10043.75
2010-05-26,1067.949951171875,2195.8798828125,9974.4501953125
2010-05-27,1103.06005859375,2277.679931640625,10258.990234375
2010-05-28,1089.4100341796875,2257.0400390625,10136.6298828125
2010-06-01,1070.7099609375,2222.330078125,10024.01953125
2010-06-02,1098.3800048828125,2281.070068359375,10249.5400390625
2010-06-03,1102.8299560546875,2303.030029296875,10255.2802734375
2010-06-04,1064.8800048828125,2219.169921875,9931.9697265625
2010-06-07,1050.469970703125,2173.89990234375,9816.490234375
2010-06-08,1062.0,2170.570068359375,9939.98046875
2010-06-09,1055.68994140625,2158.85009765625,9899.25
2010-06-10,1086.8399658203125,2218.7099609375,10172.5302734375
2010-06-11,1091.5999755859375,2243.60009765625,10211.0703125
2010-06-14,1089.6300048828125,2243.9599609375,10190.8896484375
2010-06-15,1115.22998046875,2305.8798828125,10404.76953125
2010-06-16,1114.6099853515625,2305.929931640625,10409.4599609375
2010-06-17,1116.0400390625,2307.159912109375,10434.169921875
2010-06-18,1117.510009765625,2309.800048828125,10450.6396484375
2010-06-21,1113.199951171875,2289.090087890625,10442.41015625
2010-06-22,1095.31005859375,2261.800048828125,10293.51953125
2010-06-23,1092.0400390625,2254.22998046875,10298.4404296875
2010-06-24,1073.68994140625,2217.419921875,10152.7998046875
2010-06-25,1076.760009765625,2223.47998046875,10143.8095703125
2010-06-28,1074.5699462890625,2220.64990234375,10138.51953125
2010-06-29,1041.239990234375,2135.179931640625,9870.2998046875
2010-06-30,1030.7099609375,2109.239990234375,9774.01953125
2010-07-01,1027.3699951171875,2101.360107421875,9732.5302734375
2010-07-02,1022.5800170898438,2091.7900390625,9686.48046875
2010-07-06,1028.06005859375,2093.8798828125,9743.6201171875
2010-07-07,1060.27001953125,2159.469970703125,10018.2802734375
2010-07-08,1070.25,2175.39990234375,10138.990234375
2010-07-09,1077.9599609375,2196.449951171875,10198.0302734375
2010-07-12,1078.75,2198.360107421875,10216.26953125
2010-07-13,1095.3399658203125,2242.030029296875,10363.01953125
2010-07-14,1095.1700439453125,2249.840087890625,10366.7197265625
2010-07-15,1096.47998046875,2249.080078125,10359.3095703125
2010-07-16,1064.8800048828125,2179.050048828125,10097.900390625
2010-07-19,1071.25,2198.22998046875,10154.4296875
2010-07-20,1083.47998046875,2222.489990234375,10229.9599609375
2010-07-21,1069.5899658203125,2187.330078125,10120.5302734375
2010-07-22,1093.6700439453125,2245.889892578125,10322.2998046875
2010-07-23,1102.6600341796875,2269.469970703125,10424.6201171875
2010-07-26,1115.010009765625,2296.429931640625,10525.4296875
2010-07-27,1113.8399658203125,2288.25,10537.6904296875
2010-07-28,1106.1300048828125,2264.56005859375,10497.8798828125
2010-07-29,1101.530029296875,2251.68994140625,10467.16015625
2010-07-30,1101.5999755859375,2254.699951171875,10465.9404296875
2010-08-02,1125.8599853515625,2295.360107421875,10674.3798828125
2010-08-03,1120.4599609375,2283.52001953125,10636.3798828125
2010-08-04,1127.239990234375,2303.570068359375,10680.4296875
2010-08-05,1125.81005859375,2293.06005859375,10674.98046875
2010-08-06,1121.6400146484375,2288.469970703125,10653.5595703125
2010-08-09,1127.7900390625,2305.68994140625,10698.75
2010-08-10,1121.06005859375,2277.169921875,10644.25
2010-08-11,1089.469970703125,2208.6298828125,10378.830078125
2010-08-12,1083.6099853515625,2190.27001953125,10319.9501953125
2010-08-13,1079.25,2173.47998046875,10303.150390625
2010-08-16,1079.3800048828125,2181.8701171875,10302.009765625
2010-08-17,1092.5400390625,2209.43994140625,10405.849609375
2010-08-18,1094.1600341796875,2215.699951171875,10415.5400390625
2010-08-19,1075.6300048828125,2178.949951171875,10271.2099609375
2010-08-20,1071.68994140625,2179.760009765625,10213.6201171875
2010-08-23,1067.3599853515625,2159.6298828125,10174.41015625
2010-08-24,1051.8699951171875,2123.760009765625,10040.4501953125
2010-08-25,1055.3299560546875,2141.5400390625,10060.0595703125
2010-08-26,1047.219970703125,2118.68994140625,9985.8095703125
2010-08-27,1064.5899658203125,2153.6298828125,10150.650390625
2010-08-30,1048.9200439453125,2119.969970703125,10009.73046875
2010-08-31,1049.3299560546875,2114.030029296875,10014.7197265625
2010-09-01,1080.2900390625,2176.840087890625,10269.4697265625
2010-09-02,1090.0999755859375,2200.010009765625,10320.099609375
2010-09-03,1104.510009765625,2233.75,10447.9296875
2010-09-07,1091.8399658203125,2208.889892578125,10340.6904296875
2010-09-08,1098.8699951171875,2228.8701171875,10387.009765625
2010-09-09,1104.1800537109375,2236.199951171875,10415.240234375
2010-09-10,1109.550048828125,2242.47998046875,10462.76953125
2010-09-13,1121.9000244140625,2285.7099609375,10544.1298828125
2010-09-14,1121.0999755859375,2289.77001953125,10526.490234375
2010-09-15,1125.0699462890625,2301.320068359375,10572.73046875
2010-09-16,1124.6600341796875,2303.25,10594.830078125
2010-09-17,1125.5899658203125,2315.610107421875,10607.849609375
2010-09-20,1142.7099609375,2355.830078125,10753.6201171875
2010-09-21,1139.780029296875,2349.35009765625,10761.0302734375
2010-09-22,1134.280029296875,2334.550048828125,10739.3095703125
2010-09-23,1124.8299560546875,2327.080078125,10662.419921875
2010-09-24,1148.6700439453125,2381.219970703125,10860.259765625
2010-09-27,1142.1600341796875,2369.77001953125,10812.0400390625
2010-09-28,1147.699951171875,2379.590087890625,10858.1396484375
2010-09-29,1144.72998046875,2376.56005859375,10835.2802734375
2010-09-30,1141.199951171875,2368.6201171875,10788.0498046875
2010-10-01,1146.239990234375,2370.75,10829.6796875
2010-10-04,1137.030029296875,2344.52001953125,10751.26953125
2010-10-05,1160.75,2399.830078125,10944.7197265625
2010-10-06,1159.969970703125,2380.659912109375,10967.650390625
2010-10-07,1158.06005859375,2383.669921875,10948.580078125
2010-10-08,1165.1500244140625,2401.909912109375,11006.48046875
2010-10-11,1165.3199462890625,2402.330078125,11010.33984375
2010-10-12,1169.77001953125,2417.919921875,11020.400390625
2010-10-13,1178.0999755859375,2441.22998046875,11096.080078125
2010-10-14,1173.81005859375,2435.3798828125,11094.5703125
2010-10-15,1176.18994140625,2468.77001953125,11062.7802734375
2010-10-18,1184.7099609375,2480.659912109375,11143.6904296875
2010-10-19,1165.9000244140625,2436.949951171875,10978.6201171875
2010-10-20,1178.1700439453125,2457.389892578125,11107.9697265625
2010-10-21,1180.260009765625,2459.669921875,11146.5703125
2010-10-22,1183.0799560546875,2479.389892578125,11132.5595703125
2010-10-25,1185.6199951171875,2490.85009765625,11164.0498046875
2010-10-26,1185.6400146484375,2497.2900390625,11169.4599609375
2010-10-27,1182.449951171875,2503.260009765625,11126.2802734375
2010-10-28,1183.780029296875,2507.3701171875,11113.9501953125
2010-10-29,1183.260009765625,2507.409912109375,11118.490234375
2010-11-01,1184.3800048828125,2504.840087890625,11124.6201171875
2010-11-02,1193.5699462890625,2533.52001953125,11188.7197265625
2010-11-03,1197.9599609375,2540.27001953125,11215.1298828125
2010-11-04,1221.06005859375,2577.340087890625,11434.83984375
2010-11-05,1225.8499755859375,2578.97998046875,11444.080078125
2010-11-08,1223.25,2580.050048828125,11406.83984375
2010-11-09,1213.4000244140625,2562.97998046875,11346.75
2010-11-10,1218.7099609375,2578.780029296875,11357.0400390625
2010-11-11,1213.5400390625,2555.52001953125,11283.099609375
2010-11-12,1199.2099609375,2518.2099609375,11192.580078125
2010-11-15,1197.75,2513.820068359375,11201.9697265625
2010-11-16,1178.3399658203125,2469.840087890625,11023.5
2010-11-17,1178.5899658203125,2476.010009765625,11007.8798828125
2010-11-18,1196.68994140625,2514.39990234375,11181.23046875
2010-11-19,1199.72998046875,2518.1201171875,11203.5498046875
2010-11-22,1197.8399658203125,2532.02001953125,11178.580078125
2010-11-23,1180.72998046875,2494.949951171875,11036.3701171875
2010-11-24,1198.3499755859375,2543.1201171875,11187.2802734375
2010-11-26,1189.4000244140625,2534.56005859375,11091.8701171875
2010-11-29,1187.760009765625,2525.219970703125,11052.490234375
2010-11-30,1180.550048828125,2498.22998046875,11006.01953125
2010-12-01,1206.0699462890625,2549.429931640625,11255.7802734375
2010-12-02,1221.530029296875,2579.35009765625,11362.41015625
2010-12-03,1224.7099609375,2591.4599609375,11382.08984375
2010-12-06,1223.1199951171875,2594.919921875,11362.1904296875
2010-12-07,1223.75,2598.489990234375,11359.16015625
2010-12-08,1228.280029296875,2609.159912109375,11372.48046875
2010-12-09,1233.0,2616.669921875,11370.0595703125
2010-12-10,1240.4000244140625,2637.5400390625,11410.3203125
2010-12-13,1240.4599609375,2624.909912109375,11428.5595703125
2010-12-14,1241.5899658203125,2627.719970703125,11476.5400390625
2010-12-15,1235.22998046875,2617.219970703125,11457.4697265625
2010-12-16,1242.8699951171875,2637.31005859375,11499.25
2010-12-17,1243.9100341796875,2642.969970703125,11491.91015625
2010-12-20,1247.0799560546875,2649.56005859375,11478.1298828125
2010-12-21,1254.5999755859375,2667.610107421875,11533.16015625
2010-12-22,1258.8399658203125,2671.47998046875,11559.490234375
2010-12-23,1256.77001953125,2665.60009765625,11573.490234375
2010-12-27,1257.5400390625,2667.27001953125,11555.0302734375
2010-12-28,1258.510009765625,2662.8798828125,11575.5400390625
2010-12-29,1259.780029296875,2666.929931640625,11585.3798828125
2010-12-30,1257.8800048828125,2662.97998046875,11569.7099609375
2010-12-31,1257.6400146484375,2652.8701171875,11577.509765625
2011-01-03,1271.8699951171875,2691.52001953125,11670.75
2011-01-04,1270.199951171875,2681.25,11691.1796875
2011-01-05,1276.56005859375,2702.199951171875,11722.8896484375
2011-01-06,1273.8499755859375,2709.889892578125,11697.3095703125
2011-01-07,1271.5,2703.169921875,11674.759765625
2011-01-10,1269.75,2707.800048828125,11637.4501953125
2011-01-11,1274.47998046875,2716.830078125,11671.8798828125
2011-01-12,1285.9599609375,2737.330078125,11755.4404296875
2011-01-13,1283.760009765625,2735.2900390625,11731.900390625
2011-01-14,1293.239990234375,2755.300048828125,11787.3798828125
2011-01-18,1295.02001953125,2765.85009765625,11837.9296875
2011-01-19,1281.9200439453125,2725.360107421875,11825.2900390625
2011-01-20,1280.260009765625,2704.2900390625,11822.7998046875
2011-01-21,1283.3499755859375,2689.5400390625,11871.83984375
2011-01-24,1290.8399658203125,2717.550048828125,11980.51953125
2011-01-25,1291.1800537109375,2719.25,11977.1904296875
2011-01-26,1296.6300048828125,2739.5,11985.4404296875
2011-01-27,1299.5400390625,2755.280029296875,11989.830078125
2011-01-28,1276.3399658203125,2686.889892578125,11823.7001953125
2011-01-31,1286.1199951171875,2700.080078125,11891.9296875
2011-02-01,1307.5899658203125,2751.18994140625,12040.16015625
2011-02-02,1304.030029296875,2749.56005859375,12041.9697265625
2011-02-03,1307.0999755859375,2753.8798828125,12062.259765625
2011-02-04,1310.8699951171875,2769.300048828125,12092.150390625
2011-02-07,1319.050048828125,2783.989990234375,12161.6298828125
2011-02-08,1324.5699462890625,2797.050048828125,12233.150390625
2011-02-09,1320.8800048828125,2789.070068359375,12239.8896484375
2011-02-10,1321.8699951171875,2790.449951171875,12229.2900390625
2011-02-11,1329.1500244140625,2809.43994140625,12273.259765625
2011-02-14,1332.3199462890625,2817.179931640625,12268.1904296875
2011-02-15,1328.010009765625,2804.35009765625,12226.6396484375
2011-02-16,1336.3199462890625,2825.56005859375,12288.169921875
2011-02-17,1340.4300537109375,2831.580078125,12318.1396484375
2011-02-18,1343.010009765625,2833.949951171875,12391.25
2011-02-22,1315.43994140625,2756.419921875,12212.7900390625
2011-02-23,1307.4000244140625,2722.989990234375,12105.7802734375
2011-02-24,1306.0999755859375,2737.89990234375,12068.5
2011-02-25,1319.8800048828125,2781.050048828125,12130.4501953125
2011-02-28,1327.219970703125,2782.27001953125,12226.33984375
2011-03-01,1306.3299560546875,2737.409912109375,12058.01953125
2011-03-02,1308.43994140625,2748.070068359375,12066.7998046875
2011-03-03,1330.969970703125,2798.739990234375,12258.2001953125
2011-03-04,1321.1500244140625,2784.669921875,12169.8798828125
2011-03-07,1310.1300048828125,2745.6298828125,12090.0302734375
2011-03-08,1321.8199462890625,2765.77001953125,12214.3798828125
2011-03-09,1320.02001953125,2751.719970703125,12213.08984375
2011-03-10,1295.1099853515625,2701.02001953125,11984.6103515625
2011-03-11,1304.280029296875,2715.610107421875,12044.400390625
2011-03-14,1296.3900146484375,2700.969970703125,11993.16015625
2011-03-15,1281.8699951171875,2667.330078125,11855.419921875
2011-03-16,1256.8800048828125,2616.820068359375,11613.2998046875
2011-03-17,1273.719970703125,2636.050048828125,11774.58984375
2011-03-18,1279.2099609375,2643.669921875,11858.51953125
2011-03-21,1298.3800048828125,2692.090087890625,12036.5302734375
2011-03-22,1293.77001953125,2683.8701171875,12018.6298828125
2011-03-23,1297.5400390625,2698.300048828125,12086.01953125
2011-03-24,1309.6600341796875,2736.419921875,12170.5595703125
2011-03-25,1313.800048828125,2743.06005859375,12220.58984375
2011-03-28,1310.18994140625,2730.679931640625,12197.8798828125
2011-03-29,1319.43994140625,2756.889892578125,12279.009765625
2011-03-30,1328.260009765625,2776.7900390625,12350.6103515625
2011-03-31,1325.8299560546875,2781.070068359375,12319.73046875
2011-04-01,1332.4100341796875,2789.60009765625,12376.7197265625
2011-04-04,1332.8699951171875,2789.18994140625,12400.0302734375
2011-04-05,1332.6300048828125,2791.18994140625,12393.900390625
2011-04-06,1335.5400390625,2799.820068359375,12426.75
2011-04-07,1333.510009765625,2796.139892578125,12409.490234375
2011-04-08,1328.1700439453125,2780.419921875,12380.0498046875
2011-04-11,1324.4599609375,2771.510009765625,12381.1103515625
2011-04-12,1314.1600341796875,2744.7900390625,12263.580078125
2011-04-13,1314.4100341796875,2761.52001953125,12270.990234375
2011-04-14,1314.52001953125,2760.219970703125,12285.150390625
2011-04-15,1319.6800537109375,2764.64990234375,12341.830078125
2011-04-18,1305.1400146484375,2735.3798828125,12201.58984375
2011-04-19,1312.6199951171875,2744.969970703125,12266.75
2011-04-20,1330.3599853515625,2802.510009765625,12453.5400390625
2011-04-21,1337.3800048828125,2820.159912109375,12505.990234375
2011-04-25,1335.25,2825.8798828125,12479.8798828125
2011-04-26,1347.239990234375,2847.5400390625,12595.3701171875
2011-04-27,1355.6600341796875,2869.8798828125,12690.9599609375
2011-04-28,1360.47998046875,2872.530029296875,12763.3095703125
2011-04-29,1363.6099853515625,2873.5400390625,12810.5400390625
2011-05-02,1361.219970703125,2864.080078125,12807.3603515625
2011-05-03,1356.6199951171875,2841.6201171875,12807.509765625
2011-05-04,1347.3199462890625,2828.22998046875,12723.580078125
2011-05-05,1335.0999755859375,2814.719970703125,12584.169921875
2011-05-06,1340.199951171875,2827.56005859375,12638.740234375
2011-05-09,1346.2900390625,2843.25,12684.6796875
2011-05-10,1357.1600341796875,2871.889892578125,12760.3603515625
2011-05-11,1342.0799560546875,2845.06005859375,12630.0302734375
2011-05-12,1348.6500244140625,2863.0400390625,12695.919921875
2011-05-13,1337.77001953125,2828.469970703125,12595.75
2011-05-16,1329.469970703125,2782.31005859375,12548.3701171875
2011-05-17,1328.97998046875,2783.2099609375,12479.580078125
2011-05-18,1340.6800537109375,2815.0,12560.1796875
2011-05-19,1343.5999755859375,2823.31005859375,12605.3203125
2011-05-20,1333.27001953125,2803.320068359375,12512.0400390625
2011-05-23,1317.3699951171875,2758.89990234375,12381.259765625
2011-05-24,1316.280029296875,2746.159912109375,12356.2099609375
2011-05-25,1320.469970703125,2761.3798828125,12394.66015625
2011-05-26,1325.68994140625,2782.919921875,12402.759765625
2011-05-27,1331.0999755859375,2796.860107421875,12441.580078125
2011-05-31,1345.199951171875,2835.300048828125,12569.7900390625
2011-06-01,1314.550048828125,2769.18994140625,12290.1396484375
2011-06-02,1312.93994140625,2773.31005859375,12248.5498046875
2011-06-03,1300.1600341796875,2732.780029296875,12151.259765625
2011-06-06,1286.1700439453125,2702.56005859375,12089.9599609375
2011-06-07,1284.93994140625,2701.56005859375,12070.8095703125
2011-06-08,1279.56005859375,2675.3798828125,12048.9404296875
2011-06-09,1289.0,2684.8701171875,12124.3603515625
2011-06-10,1270.97998046875,2643.72998046875,11951.91015625
2011-06-13,1271.8299560546875,2639.68994140625,11952.9697265625
2011-06-14,1287.8699951171875,2678.719970703125,12076.1103515625
2011-06-15,1265.4200439453125,2631.4599609375,11897.26953125
2011-06-16,1267.6400146484375,2623.699951171875,11961.51953125
2011-06-17,1271.5,2616.47998046875,12004.3603515625
2011-06-20,1278.3599853515625,2629.659912109375,12080.3798828125
2011-06-21,1295.52001953125,2687.260009765625,12190.009765625
2011-06-22,1287.1400146484375,2669.18994140625,12109.669921875
2011-06-23,1283.5,2686.75,12050.0
2011-06-24,1268.449951171875,2652.889892578125,11934.580078125
2011-06-27,1280.0999755859375,2688.280029296875,12043.5595703125
2011-06-28,1296.6700439453125,2729.31005859375,12188.6904296875
2011-06-29,1307.4100341796875,2740.489990234375,12261.419921875
2011-06-30,1320.6400146484375,2773.52001953125,12414.33984375
2011-07-01,1339.6700439453125,2816.030029296875,12582.76953125
2011-07-05,1337.8800048828125,2825.77001953125,12569.8701171875
2011-07-06,1339.219970703125,2834.02001953125,12626.01953125
2011-07-07,1353.219970703125,2872.659912109375,12719.490234375
2011-07-08,1343.800048828125,2859.81005859375,12657.2001953125
2011-07-11,1319.489990234375,2802.6201171875,12505.759765625
2011-07-12,1313.6400146484375,2781.909912109375,12446.8798828125
2011-07-13,1317.719970703125,2796.919921875,12491.6103515625
2011-07-14,1308.8699951171875,2762.669921875,12437.1201171875
2011-07-15,1316.1400146484375,2789.800048828125,12479.73046875
2011-07-18,1305.43994140625,2765.110107421875,12385.16015625
2011-07-19,1326.72998046875,2826.52001953125,12587.419921875
2011-07-20,1325.8399658203125,2814.22998046875,12571.91015625
2011-07-21,1343.800048828125,2834.429931640625,12724.41015625
2011-07-22,1345.02001953125,2858.830078125,12681.16015625
2011-07-25,1337.4300537109375,2842.800048828125,12592.7998046875
2011-07-26,1331.93994140625,2839.9599609375,12501.2998046875
2011-07-27,1304.8900146484375,2764.7900390625,12302.5498046875
2011-07-28,1300.6700439453125,2766.25,12240.1103515625
2011-07-29,1292.280029296875,2756.3798828125,12143.240234375
2011-08-01,1286.93994140625,2744.610107421875,12132.490234375
2011-08-02,1254.050048828125,2669.239990234375,11866.6201171875
2011-08-03,1260.3399658203125,2693.070068359375,11896.4404296875
2011-08-04,1200.0699462890625,2556.389892578125,11383.6796875
2011-08-05,1199.3800048828125,2532.409912109375,11444.6103515625
2011-08-08,1119.4599609375,2357.68994140625,10809.849609375
2011-08-09,1172.530029296875,2482.52001953125,11239.76953125
2011-08-10,1120.760009765625,2381.050048828125,10719.9404296875
2011-08-11,1172.6400146484375,2492.679931640625,11143.3095703125
2011-08-12,1178.81005859375,2507.97998046875,11269.01953125
2011-08-15,1204.489990234375,2555.199951171875,11482.900390625
2011-08-16,1192.760009765625,2523.449951171875,11405.9296875
2011-08-17,1193.8900146484375,2511.47998046875,11410.2099609375
2011-08-18,1140.6500244140625,2380.429931640625,10990.580078125
2011-08-19,1123.530029296875,2341.840087890625,10817.650390625
2011-08-22,1123.8199462890625,2345.3798828125,10854.650390625
2011-08-23,1162.3499755859375,2446.06005859375,11176.759765625
2011-08-24,1177.5999755859375,2467.68994140625,11320.7099609375
2011-08-25,1159.27001953125,2419.6298828125,11149.8203125
2011-08-26,1176.800048828125,2479.85009765625,11284.5400390625
2011-08-29,1210.0799560546875,2562.110107421875,11539.25
2011-08-30,1212.9200439453125,2576.110107421875,11559.9501953125
2011-08-31,1218.8900146484375,2579.4599609375,11613.5302734375
2011-09-01,1204.4200439453125,2546.0400390625,11493.5703125
2011-09-02,1173.969970703125,2480.330078125,11240.259765625
2011-09-06,1165.239990234375,2473.830078125,11139.2998046875
2011-09-07,1198.6199951171875,2548.93994140625,11414.8603515625
2011-09-08,1185.9000244140625,2529.139892578125,11295.8095703125
2011-09-09,1154.22998046875,2467.989990234375,10992.1298828125
2011-09-12,1162.27001953125,2495.090087890625,11061.1201171875
2011-09-13,1172.8699951171875,2532.14990234375,11105.849609375
2011-09-14,1188.6800537109375,2572.550048828125,11246.73046875
2011-09-15,1209.1099853515625,2607.070068359375,11433.1796875
2011-09-16,1216.010009765625,2622.31005859375,11509.08984375
2011-09-19,1204.0899658203125,2612.830078125,11401.009765625
2011-09-20,1202.0899658203125,2590.239990234375,11408.66015625
2011-09-21,1166.760009765625,2538.18994140625,11124.83984375
2011-09-22,1129.56005859375,2455.669921875,10733.830078125
2011-09-23,1136.4300537109375,2483.22998046875,10771.48046875
2011-09-26,1162.949951171875,2516.68994140625,11043.8603515625
2011-09-27,1175.3800048828125,2546.830078125,11190.6904296875
2011-09-28,1151.06005859375,2491.580078125,11010.900390625
2011-09-29,1160.4000244140625,2480.760009765625,11153.98046875
2011-09-30,1131.4200439453125,2415.39990234375,10913.3798828125
2011-10-03,1099.22998046875,2335.830078125,10655.2998046875
2011-10-04,1123.949951171875,2404.820068359375,10808.7099609375
2011-10-05,1144.030029296875,2460.510009765625,10939.9501953125
2011-10-06,1164.969970703125,2506.820068359375,11123.330078125
2011-10-07,1155.4599609375,2479.35009765625,11103.1201171875
2011-10-10,1194.8900146484375,2566.050048828125,11433.1796875
2011-10-11,1195.5400390625,2583.030029296875,11416.2998046875
2011-10-12,1207.25,2604.72998046875,11518.849609375
2011-10-13,1203.6600341796875,2620.239990234375,11478.1298828125
2011-10-14,1224.5799560546875,2667.85009765625,11644.490234375
2011-10-17,1200.8599853515625,2614.919921875,11397.0
2011-10-18,1225.3800048828125,2657.429931640625,11577.0498046875
2011-10-19,1209.8800048828125,2604.0400390625,11504.6201171875
2011-10-20,1215.3900146484375,2598.6201171875,11541.7802734375
2011-10-21,1238.25,2637.4599609375,11808.7900390625
2011-10-24,1254.18994140625,2699.43994140625,11913.6201171875
2011-10-25,1229.050048828125,2638.419921875,11706.6201171875
2011-10-26,1242.0,2650.669921875,11869.0400390625
2011-10-27,1284.5899658203125,2738.6298828125,12208.5498046875
2011-10-28,1285.0899658203125,2737.14990234375,12231.1103515625
2011-10-31,1253.300048828125,2684.409912109375,11955.009765625
2011-11-01,1218.280029296875,2606.9599609375,11657.9599609375
2011-11-02,1237.9000244140625,2639.97998046875,11836.0400390625
2011-11-03,1261.1500244140625,2697.969970703125,12044.4697265625
2011-11-04,1253.22998046875,2686.14990234375,11983.240234375
2011-11-07,1261.1199951171875,2695.25,12068.3896484375
2011-11-08,1275.9200439453125,2727.489990234375,12170.1796875
2011-11-09,1229.0999755859375,2621.64990234375,11780.9404296875
2011-11-10,1239.699951171875,2625.14990234375,11893.8603515625
2011-11-11,1263.8499755859375,2678.75,12153.6796875
2011-11-14,1251.780029296875,2657.219970703125,12078.98046875
2011-11-15,1257.81005859375,2686.199951171875,12096.16015625
2011-11-16,1236.9100341796875,2639.610107421875,11905.58984375
2011-11-17,1216.1300048828125,2587.989990234375,11770.73046875
2011-11-18,1215.6500244140625,2572.5,11796.16015625
2011-11-21,1192.97998046875,2523.139892578125,11547.3095703125
2011-11-22,1188.0400390625,2521.280029296875,11493.7197265625
2011-11-23,1161.7900390625,2460.080078125,11257.5498046875
2011-11-25,1158.6700439453125,2441.510009765625,11231.650390625
2011-11-28,1192.550048828125,2527.340087890625,11523.009765625
2011-11-29,1195.18994140625,2515.510009765625,11555.6298828125
2011-11-30,1246.9599609375,2620.340087890625,12045.6796875
2011-12-01,1244.5799560546875,2626.199951171875,12020.0302734375
2011-12-02,1244.280029296875,2626.929931640625,12019.419921875
2011-12-05,1257.0799560546875,2655.760009765625,12097.830078125
2011-12-06,1258.469970703125,2649.56005859375,12150.1298828125
2011-12-07,1261.010009765625,2649.2099609375,12196.3701171875
2011-12-08,1234.3499755859375,2596.3798828125,11997.7001953125
2011-12-09,1255.18994140625,2646.85009765625,12184.259765625
2011-12-12,1236.469970703125,2612.260009765625,12021.3896484375
2011-12-13,1225.72998046875,2579.27001953125,11954.9404296875
2011-12-14,1211.8199462890625,2539.31005859375,11823.48046875
2011-12-15,1215.75,2541.010009765625,11868.8095703125
2011-12-16,1219.6600341796875,2555.330078125,11866.3896484375
2011-12-19,1205.3499755859375,2523.139892578125,11766.259765625
2011-12-20,1241.300048828125,2603.72998046875,12103.580078125
2011-12-21,1243.719970703125,2577.969970703125,12107.740234375
2011-12-22,1254.0,2599.449951171875,12169.650390625
2011-12-23,1265.3299560546875,2618.639892578125,12294.0
2011-12-27,1265.4300537109375,2625.199951171875,12291.349609375
2011-12-28,1249.6400146484375,2589.97998046875,12151.41015625
2011-12-29,1263.02001953125,2613.739990234375,12287.0400390625
2011-12-30,1257.5999755859375,2605.14990234375,12217.5595703125
2012-01-03,1277.06005859375,2648.719970703125,12397.3798828125
2012-01-04,1277.300048828125,2648.360107421875,12418.419921875
2012-01-05,1281.06005859375,2669.860107421875,12415.7001953125
2012-01-06,1277.81005859375,2674.219970703125,12359.919921875
2012-01-09,1280.699951171875,2676.56005859375,12392.6904296875
2012-01-10,1292.0799560546875,2702.5,12462.4697265625
2012-01-11,1292.47998046875,2710.760009765625,12449.4501953125
2012-01-12,1295.5,2724.699951171875,12471.01953125
2012-01-13,1289.0899658203125,2710.669921875,12422.0595703125
2012-01-17,1293.6700439453125,2728.080078125,12482.0703125
2012-01-18,1308.0400390625,2769.7099609375,12578.9501953125
2012-01-19,1314.5,2788.330078125,12623.98046875
2012-01-20,1315.3800048828125,2786.699951171875,12720.48046875
2012-01-23,1316.0,2784.169921875,12708.8203125
2012-01-24,1314.6500244140625,2786.639892578125,12675.75
2012-01-25,1326.06005859375,2818.31005859375,12758.849609375
2012-01-26,1318.4300537109375,2805.280029296875,12734.6298828125
2012-01-27,1316.3299560546875,2816.550048828125,12660.4599609375
2012-01-30,1313.010009765625,2811.93994140625,12653.7197265625
2012-01-31,1312.4100341796875,2813.840087890625,12632.91015625
2012-02-01,1324.0899658203125,2848.27001953125,12716.4599609375
2012-02-02,1325.5400390625,2859.679931640625,12705.41015625
2012-02-03,1344.9000244140625,2905.659912109375,12862.23046875
2012-02-06,1344.3299560546875,2901.989990234375,12845.1298828125
2012-02-07,1347.050048828125,2904.080078125,12878.2001953125
2012-02-08,1349.9599609375,2915.860107421875,12883.9501953125
2012-02-09,1351.949951171875,2927.22998046875,12890.4599609375
2012-02-10,1342.6400146484375,2903.8798828125,12801.23046875
2012-02-13,1351.77001953125,2931.389892578125,12874.0400390625
2012-02-14,1350.5,2931.830078125,12878.2802734375
2012-02-15,1343.22998046875,2915.830078125,12780.9501953125
2012-02-16,1358.0400390625,2959.85009765625,12904.080078125
2012-02-17,1361.22998046875,2951.780029296875,12949.8701171875
2012-02-21,1362.2099609375,2948.570068359375,12965.6904296875
2012-02-22,1357.6600341796875,2933.169921875,12938.669921875
2012-02-23,1363.4599609375,2956.97998046875,12984.6904296875
2012-02-24,1365.739990234375,2963.75,12982.9501953125
2012-02-27,1367.5899658203125,2966.159912109375,12981.509765625
2012-02-28,1372.1800537109375,2986.760009765625,13005.1201171875
2012-02-29,1365.6800537109375,2966.889892578125,12952.0703125
2012-03-01,1374.0899658203125,2988.969970703125,12980.2998046875
2012-03-02,1369.6300048828125,2976.18994140625,12977.5703125
2012-03-05,1364.3299560546875,2950.47998046875,12962.8095703125
2012-03-06,1343.3599853515625,2910.320068359375,12759.150390625
2012-03-07,1352.6300048828125,2935.68994140625,12837.330078125
2012-03-08,1365.9100341796875,2970.419921875,12907.9404296875
2012-03-09,1370.8699951171875,2988.340087890625,12922.01953125
2012-03-12,1371.0899658203125,2983.659912109375,12959.7099609375
2012-03-13,1395.949951171875,3039.8798828125,13177.6796875
2012-03-14,1394.280029296875,3040.72998046875,13194.099609375
2012-03-15,1402.5999755859375,3056.3701171875,13252.759765625
2012-03-16,1404.1700439453125,3055.260009765625,13232.6201171875
2012-03-19,1409.75,3078.320068359375,13239.1298828125
2012-03-20,1405.52001953125,3074.14990234375,13170.1904296875
2012-03-21,1402.8900146484375,3075.320068359375,13124.6201171875
2012-03-22,1392.780029296875,3063.320068359375,13046.1396484375
2012-03-23,1397.1099853515625,3067.919921875,13080.73046875
2012-03-26,1416.510009765625,3122.570068359375,13241.6298828125
2012-03-27,1412.52001953125,3120.35009765625,13197.73046875
2012-03-28,1405.5400390625,3104.9599609375,13126.2099609375
2012-03-29,1403.280029296875,3095.360107421875,13145.8203125
2012-03-30,1408.469970703125,3091.570068359375,13212.0400390625
2012-04-02,1419.0400390625,3119.699951171875,13264.490234375
2012-04-03,1413.3800048828125,3113.570068359375,13199.5498046875
2012-04-04,1398.9599609375,3068.090087890625,13074.75
2012-04-05,1398.0799560546875,3080.5,13060.1396484375
2012-04-09,1382.199951171875,3047.080078125,12929.58984375
2012-04-10,1358.5899658203125,2991.219970703125,12715.9296875
2012-04-11,1368.7099609375,3016.4599609375,12805.3896484375
2012-04-12,1387.5699462890625,3055.550048828125,12986.580078125
2012-04-13,1370.260009765625,3011.330078125,12849.58984375
2012-04-16,1369.5699462890625,2988.39990234375,12921.41015625
2012-04-17,1390.780029296875,3042.820068359375,13115.5400390625
2012-04-18,1385.1400146484375,3031.449951171875,13032.75
2012-04-19,1376.9200439453125,3007.56005859375,12964.099609375
2012-04-20,1378.530029296875,3000.449951171875,13029.259765625
2012-04-23,1366.93994140625,2970.449951171875,12927.169921875
2012-04-24,1371.969970703125,2961.60009765625,13001.5595703125
2012-04-25,1390.68994140625,3029.6298828125,13090.7197265625
2012-04-26,1399.97998046875,3050.610107421875,13204.6201171875
2012-04-27,1403.3599853515625,3069.199951171875,13228.3095703125
2012-04-30,1397.9100341796875,3046.360107421875,13213.6298828125
2012-05-01,1405.8199462890625,3050.43994140625,13279.3203125
2012-05-02,1402.31005859375,3059.85009765625,13268.5703125
2012-05-03,1391.5699462890625,3024.300048828125,13206.58984375
2012-05-04,1369.0999755859375,2956.340087890625,13038.26953125
2012-05-07,1369.5799560546875,2957.760009765625,13008.5302734375
2012-05-08,1363.719970703125,2946.27001953125,12932.08984375
2012-05-09,1354.5799560546875,2934.7099609375,12835.0595703125
2012-05-10,1357.989990234375,2933.639892578125,12855.0400390625
2012-05-11,1353.3900146484375,2933.820068359375,12820.599609375
2012-05-14,1338.3499755859375,2902.580078125,12695.349609375
2012-05-15,1330.6600341796875,2893.760009765625,12632.0
2012-05-16,1324.800048828125,2874.0400390625,12598.5498046875
2012-05-17,1304.8599853515625,2813.68994140625,12442.490234375
2012-05-18,1295.219970703125,2778.7900390625,12369.3798828125
2012-05-21,1315.989990234375,2847.2099609375,12504.48046875
2012-05-22,1316.6300048828125,2839.080078125,12502.8095703125
2012-05-23,1318.8599853515625,2850.1201171875,12496.150390625
2012-05-24,1320.6800537109375,2839.3798828125,12529.75
2012-05-25,1317.8199462890625,2837.530029296875,12454.830078125
2012-05-29,1332.4200439453125,2870.989990234375,12580.6904296875
2012-05-30,1313.3199462890625,2837.360107421875,12419.8603515625
2012-05-31,1310.3299560546875,2827.340087890625,12393.4501953125
2012-06-01,1278.0400390625,2747.47998046875,12118.5703125
2012-06-04,1278.1800537109375,2760.010009765625,12101.4599609375
2012-06-05,1285.5,2778.110107421875,12127.9501953125
2012-06-06,1315.1300048828125,2844.719970703125,12414.7900390625
2012-06-07,1314.989990234375,2831.02001953125,12460.9599609375
2012-06-08,1325.6600341796875,2858.419921875,12554.2001953125
2012-06-11,1308.9300537109375,2809.72998046875,12411.23046875
2012-06-12,1324.1800537109375,2843.070068359375,12573.7998046875
2012-06-13,1314.8800048828125,2818.610107421875,12496.3798828125
2012-06-14,1329.0999755859375,2836.330078125,12651.91015625
2012-06-15,1342.8399658203125,2872.800048828125,12767.169921875
2012-06-18,1344.780029296875,2895.330078125,12741.8203125
2012-06-19,1357.97998046875,2929.760009765625,12837.330078125
2012-06-20,1355.68994140625,2930.449951171875,12824.3896484375
2012-06-21,1325.510009765625,2859.090087890625,12573.5703125
2012-06-22,1335.02001953125,2892.419921875,12640.7802734375
2012-06-25,1313.719970703125,2836.159912109375,12502.66015625
2012-06-26,1319.989990234375,2854.06005859375,12534.669921875
2012-06-27,1331.8499755859375,2875.320068359375,12627.009765625
2012-06-28,1329.0400390625,2849.489990234375,12602.259765625
2012-06-29,1362.1600341796875,2935.050048828125,12880.08984375
2012-07-02,1365.510009765625,2951.22998046875,12871.3896484375
2012-07-03,1374.02001953125,2976.080078125,12943.66015625
2012-07-05,1367.5799560546875,2976.1201171875,12896.669921875
2012-07-06,1354.6800537109375,2937.330078125,12772.4697265625
2012-07-09,1352.4599609375,2931.77001953125,12736.2900390625
2012-07-10,1341.469970703125,2902.330078125,12653.1201171875
2012-07-11,1341.449951171875,2887.97998046875,12604.5302734375
2012-07-12,1334.760009765625,2866.18994140625,12573.26953125
2012-07-13,1356.780029296875,2908.469970703125,12777.08984375
2012-07-16,1353.6400146484375,2896.93994140625,12727.2099609375
2012-07-17,1363.6700439453125,2910.0400390625,12805.5400390625
2012-07-18,1372.780029296875,2942.60009765625,12908.7001953125
2012-07-19,1376.510009765625,2965.89990234375,12943.3603515625
2012-07-20,1362.6600341796875,2925.300048828125,12822.5703125
2012-07-23,1350.52001953125,2890.14990234375,12721.4599609375
2012-07-24,1338.31005859375,2862.989990234375,12617.3203125
2012-07-25,1337.8900146484375,2854.239990234375,12676.0498046875
2012-07-26,1360.02001953125,2893.25,12887.9296875
2012-07-27,1385.969970703125,2958.090087890625,13075.66015625
2012-07-30,1385.300048828125,2945.840087890625,13073.009765625
2012-07-31,1379.3199462890625,2939.52001953125,13008.6796875
2012-08-01,1375.3199462890625,2920.2099609375,12976.1298828125
2012-08-02,1365.0,2909.77001953125,12878.8798828125
2012-08-03,1390.989990234375,2967.89990234375,13096.169921875
2012-08-06,1394.22998046875,2989.909912109375,13117.509765625
2012-08-07,1401.3499755859375,3015.860107421875,13168.599609375
2012-08-08,1402.219970703125,3011.25,13175.6396484375
2012-08-09,1402.800048828125,3018.639892578125,13165.1904296875
2012-08-10,1405.8699951171875,3020.860107421875,13207.9501953125
2012-08-13,1404.1099853515625,3022.52001953125,13169.4296875
2012-08-14,1403.9300537109375,3016.97998046875,13172.1396484375
2012-08-15,1405.530029296875,3030.929931640625,13164.7802734375
2012-08-16,1415.510009765625,3062.389892578125,13250.1103515625
2012-08-17,1418.1600341796875,3076.590087890625,13275.2001953125
2012-08-20,1418.1300048828125,3076.2099609375,13271.6396484375
2012-08-21,1413.1700439453125,3067.260009765625,13203.580078125
2012-08-22,1413.489990234375,3073.669921875,13172.759765625
2012-08-23,1402.0799560546875,3053.39990234375,13057.4599609375
2012-08-24,1411.1300048828125,3069.7900390625,13157.9697265625
2012-08-27,1410.43994140625,3073.18994140625,13124.669921875
2012-08-28,1409.300048828125,3077.139892578125,13102.990234375
2012-08-29,1410.489990234375,3081.18994140625,13107.48046875
2012-08-30,1399.47998046875,3048.7099609375,13000.7099609375
2012-08-31,1406.5799560546875,3066.9599609375,13090.83984375
2012-09-04,1404.93994140625,3075.06005859375,13035.9404296875
2012-09-05,1403.43994140625,3069.27001953125,13047.48046875
2012-09-06,1432.1199951171875,3135.81005859375,13292.0
2012-09-07,1437.9200439453125,3136.419921875,13306.6396484375
2012-09-10,1429.0799560546875,3104.02001953125,13254.2900390625
2012-09-11,1433.56005859375,3104.530029296875,13323.3603515625
2012-09-12,1436.56005859375,3114.31005859375,13333.349609375
2012-09-13,1459.989990234375,3155.830078125,13539.8603515625
2012-09-14,1465.77001953125,3183.949951171875,13593.3701171875
2012-09-17,1461.18994140625,3178.669921875,13553.099609375
2012-09-18,1459.3199462890625,3177.800048828125,13564.6396484375
2012-09-19,1461.050048828125,3182.6201171875,13577.9599609375
2012-09-20,1460.260009765625,3175.9599609375,13596.9296875
2012-09-21,1460.1500244140625,3179.9599609375,13579.4697265625
2012-09-24,1456.8900146484375,3160.780029296875,13558.919921875
2012-09-25,1441.5899658203125,3117.72998046875,13457.5498046875
2012-09-26,1433.3199462890625,3093.699951171875,13413.509765625
2012-09-27,1447.1500244140625,3136.60009765625,13485.9697265625
2012-09-28,1440.6700439453125,3116.22998046875,13437.1298828125
2012-10-01,1444.489990234375,3113.530029296875,13515.1103515625
2012-10-02,1445.75,3120.0400390625,13482.3603515625
2012-10-03,1450.989990234375,3135.22998046875,13494.6103515625
2012-10-04,1461.4000244140625,3149.4599609375,13575.3603515625
2012-10-05,1460.9300537109375,3136.18994140625,13610.150390625
2012-10-08,1455.8800048828125,3112.35009765625,13583.650390625
2012-10-09,1441.47998046875,3065.02001953125,13473.5302734375
2012-10-10,1432.56005859375,3051.780029296875,13344.9697265625
2012-10-11,1432.8399658203125,3049.409912109375,13326.3896484375
2012-10-12,1428.5899658203125,3044.110107421875,13328.849609375
2012-10-15,1440.1300048828125,3064.179931640625,13424.23046875
2012-10-16,1454.9200439453125,3101.169921875,13551.7802734375
2012-10-17,1460.9100341796875,3104.1201171875,13557.0
2012-10-18,1457.3399658203125,3072.8701171875,13548.9404296875
2012-10-19,1433.18994140625,3005.6201171875,13343.509765625
2012-10-22,1433.8199462890625,3016.9599609375,13345.8896484375
2012-10-23,1413.1099853515625,2990.4599609375,13102.5302734375
2012-10-24,1408.75,2981.699951171875,13077.33984375
2012-10-25,1412.969970703125,2986.1201171875,13103.6796875
2012-10-26,1411.93994140625,2987.949951171875,13107.2099609375
2012-10-31,1412.1600341796875,2977.22998046875,13096.4599609375
2012-11-01,1427.5899658203125,3020.06005859375,13232.6201171875
2012-11-02,1414.199951171875,2982.1298828125,13093.16015625
2012-11-05,1417.260009765625,2999.659912109375,13112.4404296875
2012-11-06,1428.3900146484375,3011.929931640625,13245.6796875
2012-11-07,1394.530029296875,2937.2900390625,12932.73046875
2012-11-08,1377.510009765625,2895.580078125,12811.3203125
2012-11-09,1379.8499755859375,2904.8701171875,12815.3896484375
2012-11-12,1380.030029296875,2904.25,12815.080078125
2012-11-13,1374.530029296875,2883.889892578125,12756.1796875
2012-11-14,1355.489990234375,2846.81005859375,12570.9501953125
2012-11-15,1353.3299560546875,2836.93994140625,12542.3798828125
2012-11-16,1359.8800048828125,2853.1298828125,12588.3095703125
2012-11-19,1386.8900146484375,2916.070068359375,12795.9599609375
2012-11-20,1387.81005859375,2916.679931640625,12788.509765625
2012-11-21,1391.030029296875,2926.550048828125,12836.8896484375
2012-11-23,1409.1500244140625,2966.85009765625,13009.5302734375
2012-11-26,1406.2900390625,2976.780029296875,12967.3701171875
2012-11-27,1398.93994140625,2967.7900390625,12878.1298828125
2012-11-28,1409.9300537109375,2991.780029296875,12985.1103515625
2012-11-29,1415.949951171875,3012.030029296875,13021.8203125
2012-11-30,1416.1800537109375,3010.239990234375,13025.580078125
2012-12-03,1409.4599609375,3002.199951171875,12965.599609375
2012-12-04,1407.050048828125,2996.68994140625,12951.7802734375
2012-12-05,1409.280029296875,2973.699951171875,13034.490234375
2012-12-06,1413.93994140625,2989.27001953125,13074.0400390625
2012-12-07,1418.0699462890625,2978.0400390625,13155.1298828125
2012-12-10,1418.550048828125,2986.9599609375,13169.8798828125
2012-12-11,1427.8399658203125,3022.300048828125,13248.4404296875
2012-12-12,1428.47998046875,3013.81005859375,13245.4501953125
2012-12-13,1419.449951171875,2992.159912109375,13170.7197265625
2012-12-14,1413.5799560546875,2971.330078125,13135.009765625
2012-12-17,1430.3599853515625,3010.60009765625,13235.3896484375
2012-12-18,1446.7900390625,3054.530029296875,13350.9599609375
2012-12-19,1435.81005859375,3044.360107421875,13251.9697265625
2012-12-20,1443.68994140625,3050.389892578125,13311.7197265625
2012-12-21,1430.1500244140625,3021.010009765625,13190.83984375
2012-12-24,1426.6600341796875,3012.60009765625,13138.9296875
2012-12-26,1419.8299560546875,2990.159912109375,13114.58984375
2012-12-27,1418.0999755859375,2985.909912109375,13096.3095703125
2012-12-28,1402.4300537109375,2960.31005859375,12938.1103515625
2012-12-31,1426.18994140625,3019.510009765625,13104.1396484375
2013-01-02,1462.4200439453125,3112.260009765625,13412.5498046875
2013-01-03,1459.3699951171875,3100.570068359375,13391.3603515625
2013-01-04,1466.469970703125,3101.659912109375,13435.2099609375
2013-01-07,1461.8900146484375,3098.81005859375,13384.2900390625
2013-01-08,1457.1500244140625,3091.81005859375,13328.849609375
2013-01-09,1461.02001953125,3105.81005859375,13390.509765625
2013-01-10,1472.1199951171875,3121.760009765625,13471.2197265625
2013-01-11,1472.050048828125,3125.6298828125,13488.4296875
2013-01-14,1470.6800537109375,3117.5,13507.3203125
2013-01-15,1472.3399658203125,3110.780029296875,13534.8896484375
2013-01-16,1472.6300048828125,3117.5400390625,13511.23046875
2013-01-17,1480.93994140625,3136.0,13596.01953125
2013-01-18,1485.97998046875,3134.7099609375,13649.7001953125
2013-01-22,1492.56005859375,3143.179931640625,13712.2099609375
2013-01-23,1494.81005859375,3153.669921875,13779.330078125
2013-01-24,1494.8199462890625,3130.3798828125,13825.330078125
2013-01-25,1502.9599609375,3149.7099609375,13895.98046875
2013-01-28,1500.1800537109375,3154.300048828125,13881.9296875
2013-01-29,1507.8399658203125,3153.659912109375,13954.419921875
2013-01-30,1501.9599609375,3142.31005859375,13910.419921875
2013-01-31,1498.1099853515625,3142.1298828125,13860.580078125
2013-02-01,1513.1700439453125,3179.10009765625,14009.7900390625
2013-02-04,1495.7099609375,3131.169921875,13880.080078125
2013-02-05,1511.2900390625,3171.580078125,13979.2998046875
2013-02-06,1512.1199951171875,3168.47998046875,13986.51953125
2013-02-07,1509.3900146484375,3165.1298828125,13944.0498046875
2013-02-08,1517.9300537109375,3193.8701171875,13992.9697265625
2013-02-11,1517.010009765625,3192.0,13971.240234375
2013-02-12,1519.4300537109375,3186.489990234375,14018.7001953125
2013-02-13,1520.3299560546875,3196.8798828125,13982.91015625
2013-02-14,1521.3800048828125,3198.659912109375,13973.3896484375
2013-02-15,1519.7900390625,3192.030029296875,13981.759765625
2013-02-19,1530.93994140625,3213.590087890625,14035.669921875
2013-02-20,1511.949951171875,3164.409912109375,13927.5400390625
2013-02-21,1502.4200439453125,3131.489990234375,13880.6201171875
2013-02-22,1515.5999755859375,3161.820068359375,14000.5703125
2013-02-25,1487.8499755859375,3116.25,13784.169921875
2013-02-26,1496.93994140625,3129.64990234375,13900.1298828125
2013-02-27,1515.989990234375,3162.260009765625,14075.3701171875
2013-02-28,1514.6800537109375,3160.18994140625,14054.490234375
2013-03-01,1518.199951171875,3169.739990234375,14089.66015625
2013-03-04,1525.199951171875,3182.030029296875,14127.8203125
2013-03-05,1539.7900390625,3224.1298828125,14253.76953125
2013-03-06,1541.4599609375,3222.3701171875,14296.240234375
2013-03-07,1544.260009765625,3232.090087890625,14329.490234375
2013-03-08,1551.1800537109375,3244.3701171875,14397.0703125
2013-03-11,1556.219970703125,3252.8701171875,14447.2900390625
2013-03-12,1552.47998046875,3242.320068359375,14450.0595703125
2013-03-13,1554.52001953125,3245.1201171875,14455.2802734375
2013-03-14,1563.22998046875,3258.929931640625,14539.1396484375
2013-03-15,1560.699951171875,3249.070068359375,14514.1103515625
2013-03-18,1552.0999755859375,3237.590087890625,14452.0595703125
2013-03-19,1548.3399658203125,3229.10009765625,14455.8203125
2013-03-20,1558.7099609375,3254.18994140625,14511.73046875
2013-03-21,1545.800048828125,3222.60009765625,14421.490234375
2013-03-22,1556.8900146484375,3245.0,14512.0302734375
2013-03-25,1551.68994140625,3235.300048828125,14447.75
2013-03-26,1563.77001953125,3252.47998046875,14559.650390625
2013-03-27,1562.8499755859375,3256.52001953125,14526.16015625
2013-03-28,1569.18994140625,3267.52001953125,14578.5400390625
2013-04-01,1562.1700439453125,3239.169921875,14572.849609375
2013-04-02,1570.25,3254.860107421875,14662.009765625
2013-04-03,1553.68994140625,3218.60009765625,14550.349609375
2013-04-04,1559.97998046875,3224.97998046875,14606.1103515625
2013-04-05,1553.280029296875,3203.860107421875,14565.25
2013-04-08,1563.0699462890625,3222.25,14613.48046875
2013-04-09,1568.6099853515625,3237.860107421875,14673.4599609375
2013-04-10,1587.72998046875,3297.25,14802.240234375
2013-04-11,1593.3699951171875,3300.159912109375,14865.1396484375
2013-04-12,1588.8499755859375,3294.949951171875,14865.0595703125
2013-04-15,1552.3599853515625,3216.489990234375,14599.2001953125
2013-04-16,1574.5699462890625,3264.6298828125,14756.7802734375
2013-04-17,1552.010009765625,3204.669921875,14618.58984375
2013-04-18,1541.6099853515625,3166.360107421875,14537.1396484375
2013-04-19,1555.25,3206.06005859375,14547.509765625
2013-04-22,1562.5,3233.550048828125,14567.169921875
2013-04-23,1578.780029296875,3269.330078125,14719.4599609375
2013-04-24,1578.7900390625,3269.64990234375,14676.2998046875
2013-04-25,1585.1600341796875,3289.989990234375,14700.7998046875
2013-04-26,1582.239990234375,3279.260009765625,14712.5498046875
2013-04-29,1593.6099853515625,3307.02001953125,14818.75
2013-04-30,1597.5699462890625,3328.7900390625,14839.7998046875
2013-05-01,1582.699951171875,3299.1298828125,14700.9501953125
2013-05-02,1597.5899658203125,3340.6201171875,14831.580078125
2013-05-03,1614.4200439453125,3378.6298828125,14973.9599609375
2013-05-06,1617.5,3392.969970703125,14968.8896484375
2013-05-07,1625.9599609375,3396.6298828125,15056.2001953125
2013-05-08,1632.68994140625,3413.27001953125,15105.1201171875
2013-05-09,1626.6700439453125,3409.169921875,15082.6201171875
2013-05-10,1633.699951171875,3436.580078125,15118.490234375
2013-05-13,1633.77001953125,3438.7900390625,15091.6796875
2013-05-14,1650.3399658203125,3462.610107421875,15215.25
2013-05-15,1658.780029296875,3471.6201171875,15275.6904296875
2013-05-16,1650.469970703125,3465.239990234375,15233.2197265625
2013-05-17,1667.469970703125,3498.969970703125,15354.400390625
2013-05-20,1666.2900390625,3496.429931640625,15335.2802734375
2013-05-21,1669.1600341796875,3502.1201171875,15387.580078125
2013-05-22,1655.3499755859375,3463.300048828125,15307.169921875
2013-05-23,1650.510009765625,3459.419921875,15294.5
2013-05-24,1649.5999755859375,3459.139892578125,15303.099609375
2013-05-28,1660.06005859375,3488.889892578125,15409.3896484375
2013-05-29,1648.3599853515625,3467.52001953125,15302.7998046875
2013-05-30,1654.4100341796875,3491.300048828125,15324.5302734375
2013-05-31,1630.739990234375,3455.909912109375,15115.5703125
2013-06-03,1640.4200439453125,3465.3701171875,15254.0302734375
2013-06-04,1631.3800048828125,3445.260009765625,15177.5400390625
2013-06-05,1608.9000244140625,3401.47998046875,14960.58984375
2013-06-06,1622.56005859375,3424.050048828125,15040.6201171875
2013-06-07,1643.3800048828125,3469.219970703125,15248.1201171875
2013-06-10,1642.81005859375,3473.77001953125,15238.58984375
2013-06-11,1626.1300048828125,3436.949951171875,15122.01953125
2013-06-12,1612.52001953125,3400.429931640625,14995.23046875
2013-06-13,1636.3599853515625,3445.360107421875,15176.080078125
2013-06-14,1626.72998046875,3423.56005859375,15070.1796875
2013-06-17,1639.0400390625,3452.1298828125,15179.849609375
2013-06-18,1651.81005859375,3482.179931640625,15318.23046875
2013-06-19,1628.9300537109375,3443.199951171875,15112.1904296875
2013-06-20,1588.18994140625,3364.639892578125,14758.3203125
2013-06-21,1592.4300537109375,3357.25,14799.400390625
2013-06-24,1573.0899658203125,3320.760009765625,14659.5595703125
2013-06-25,1588.030029296875,3347.889892578125,14760.3095703125
2013-06-26,1603.260009765625,3376.219970703125,14910.1396484375
2013-06-27,1613.199951171875,3401.860107421875,15024.490234375
2013-06-28,1606.280029296875,3403.25,14909.599609375
2013-07-01,1614.9599609375,3434.489990234375,14974.9599609375
2013-07-02,1614.0799560546875,3433.39990234375,14932.41015625
2013-07-03,1615.4100341796875,3443.669921875,14988.3701171875
2013-07-05,1631.8900146484375,3479.3798828125,15135.83984375
2013-07-08,1640.4599609375,3484.830078125,15224.6904296875
2013-07-09,1652.3199462890625,3504.260009765625,15300.33984375
2013-07-10,1652.6199951171875,3520.760009765625,15291.66015625
2013-07-11,1675.02001953125,3578.300048828125,15460.919921875
2013-07-12,1680.18994140625,3600.080078125,15464.2998046875
2013-07-15,1682.5,3607.489990234375,15484.259765625
2013-07-16,1676.260009765625,3598.5,15451.849609375
2013-07-17,1680.9100341796875,3610.0,15470.51953125
2013-07-18,1689.3699951171875,3611.280029296875,15548.5400390625
2013-07-19,1692.0899658203125,3587.610107421875,15543.740234375
2013-07-22,1695.530029296875,3600.389892578125,15545.5498046875
2013-07-23,1692.3900146484375,3579.27001953125,15567.740234375
2013-07-24,1685.93994140625,3579.60009765625,15542.240234375
2013-07-25,1690.25,3605.18994140625,15555.6103515625
2013-07-26,1691.6500244140625,3613.159912109375,15558.830078125
2013-07-29,1685.3299560546875,3599.139892578125,15521.9697265625
2013-07-30,1685.9599609375,3616.469970703125,15520.58984375
2013-07-31,1685.72998046875,3626.3701171875,15499.5400390625
2013-08-01,1706.8699951171875,3675.739990234375,15628.01953125
2013-08-02,1709.6700439453125,3689.590087890625,15658.3603515625
2013-08-05,1707.1400146484375,3692.949951171875,15612.1298828125
2013-08-06,1697.3699951171875,3665.77001953125,15518.740234375
2013-08-07,1690.9100341796875,3654.010009765625,15470.669921875
2013-08-08,1697.47998046875,3669.1201171875,15498.3203125
2013-08-09,1691.4200439453125,3660.110107421875,15425.509765625
2013-08-12,1689.469970703125,3669.949951171875,15419.6796875
2013-08-13,1694.1600341796875,3684.43994140625,15451.009765625
2013-08-14,1685.3900146484375,3669.27001953125,15337.66015625
2013-08-15,1661.3199462890625,3606.1201171875,15112.1904296875
2013-08-16,1655.8299560546875,3602.780029296875,15081.4697265625
2013-08-19,1646.06005859375,3589.090087890625,15010.740234375
2013-08-20,1652.3499755859375,3613.590087890625,15002.990234375
2013-08-21,1642.800048828125,3599.7900390625,14897.5498046875
2013-08-22,1656.9599609375,3638.7099609375,14963.740234375
2013-08-23,1663.5,3657.7900390625,15010.509765625
2013-08-26,1656.780029296875,3657.570068359375,14946.4599609375
2013-08-27,1630.47998046875,3578.52001953125,14776.1298828125
2013-08-28,1634.9599609375,3593.35009765625,14824.509765625
2013-08-29,1638.1700439453125,3620.300048828125,14840.9501953125
2013-08-30,1632.969970703125,3589.8701171875,14810.3095703125
2013-09-03,1639.77001953125,3612.610107421875,14833.9599609375
2013-09-04,1653.0799560546875,3649.0400390625,14930.8701171875
2013-09-05,1655.0799560546875,3658.780029296875,14937.48046875
2013-09-06,1655.1700439453125,3660.010009765625,14922.5
2013-09-09,1671.7099609375,3706.179931640625,15063.1201171875
2013-09-10,1683.989990234375,3729.02001953125,15191.0595703125
2013-09-11,1689.1300048828125,3725.010009765625,15326.599609375
2013-09-12,1683.4200439453125,3715.969970703125,15300.6396484375
2013-09-13,1687.989990234375,3722.179931640625,15376.0595703125
2013-09-16,1697.5999755859375,3717.85009765625,15494.7802734375
2013-09-17,1704.760009765625,3745.699951171875,15529.73046875
2013-09-18,1725.52001953125,3783.639892578125,15676.9404296875
2013-09-19,1722.3399658203125,3789.3798828125,15636.5498046875
2013-09-20,1709.9100341796875,3774.72998046875,15451.08984375
2013-09-23,1701.8399658203125,3765.2900390625,15401.3798828125
2013-09-24,1697.4200439453125,3768.25,15334.58984375
2013-09-25,1692.77001953125,3761.10009765625,15273.259765625
2013-09-26,1698.6700439453125,3787.429931640625,15328.2998046875
2013-09-27,1691.75,3781.590087890625,15258.240234375
2013-09-30,1681.550048828125,3771.47998046875,15129.669921875
2013-10-01,1695.0,3817.97998046875,15191.7001953125
2013-10-02,1693.8699951171875,3815.02001953125,15133.1396484375
2013-10-03,1678.6600341796875,3774.340087890625,14996.48046875
2013-10-04,1690.5,3807.75,15072.580078125
2013-10-07,1676.1199951171875,3770.3798828125,14936.240234375
2013-10-08,1655.449951171875,3694.830078125,14776.5302734375
2013-10-09,1656.4000244140625,3677.780029296875,14802.98046875
2013-10-10,1692.56005859375,3760.75,15126.0703125
2013-10-11,1703.199951171875,3791.8701171875,15237.1103515625
2013-10-14,1710.1400146484375,3815.280029296875,15301.259765625
2013-10-15,1698.06005859375,3794.010009765625,15168.009765625
2013-10-16,1721.5400390625,3839.429931640625,15373.830078125
2013-10-17,1733.1500244140625,3863.14990234375,15371.650390625
2013-10-18,1744.5,3914.280029296875,15399.650390625
2013-10-21,1744.6600341796875,3920.050048828125,15392.2001953125
2013-10-22,1754.6700439453125,3929.570068359375,15467.66015625
2013-10-23,1746.3800048828125,3907.070068359375,15413.330078125
2013-10-24,1752.0699462890625,3928.9599609375,15509.2099609375
2013-10-25,1759.77001953125,3943.360107421875,15570.2802734375
2013-10-28,1762.1099853515625,3940.1298828125,15568.9296875
2013-10-29,1771.949951171875,3952.340087890625,15680.349609375
2013-10-30,1763.31005859375,3930.6201171875,15618.759765625
2013-10-31,1756.5400390625,3919.7099609375,15545.75
2013-11-01,1761.6400146484375,3922.0400390625,15615.5498046875
2013-11-04,1767.9300537109375,3936.590087890625,15639.1201171875
2013-11-05,1762.969970703125,3939.860107421875,15618.2197265625
2013-11-06,1770.489990234375,3931.949951171875,15746.8798828125
2013-11-07,1747.1500244140625,3857.330078125,15593.98046875
2013-11-08,1770.6099853515625,3919.22998046875,15761.7802734375
2013-11-11,1771.8900146484375,3919.7900390625,15783.099609375
2013-11-12,1767.68994140625,3919.919921875,15750.669921875
2013-11-13,1782.0,3965.580078125,15821.6298828125
2013-11-14,1790.6199951171875,3972.739990234375,15876.2197265625
2013-11-15,1798.1800537109375,3985.969970703125,15961.7001953125
2013-11-18,1791.530029296875,3949.070068359375,15976.01953125
2013-11-19,1787.8699951171875,3931.550048828125,15967.0302734375
2013-11-20,1781.3699951171875,3921.27001953125,15900.8203125
2013-11-21,1795.8499755859375,3969.159912109375,16009.990234375
2013-11-22,1804.760009765625,3991.64990234375,16064.76953125
2013-11-25,1802.47998046875,3994.570068359375,16072.5400390625
2013-11-26,1802.75,4017.75,16072.7998046875
2013-11-27,1807.22998046875,4044.75,16097.330078125
2013-11-29,1805.81005859375,4059.889892578125,16086.41015625
2013-12-02,1800.9000244140625,4045.260009765625,16008.76953125
2013-12-03,1795.1500244140625,4037.199951171875,15914.6201171875
2013-12-04,1792.81005859375,4038.0,15889.76953125
2013-12-05,1785.030029296875,4033.169921875,15821.509765625
2013-12-06,1805.0899658203125,4062.52001953125,16020.2001953125
2013-12-09,1808.3699951171875,4068.75,16025.5302734375
2013-12-10,1802.6199951171875,4060.489990234375,15973.1298828125
2013-12-11,1782.219970703125,4003.81005859375,15843.5302734375
2013-12-12,1775.5,3998.39990234375,15739.4296875
2013-12-13,1775.3199462890625,4000.97998046875,15755.3603515625
2013-12-16,1786.5400390625,4029.52001953125,15884.5703125
2013-12-17,1781.0,4023.679931640625,15875.259765625
2013-12-18,1810.6500244140625,4070.06005859375,16167.9697265625
2013-12-19,1809.5999755859375,4058.139892578125,16179.080078125
2013-12-20,1818.3199462890625,4104.740234375,16221.1396484375
2013-12-23,1827.989990234375,4148.89990234375,16294.6103515625
2013-12-24,1833.3199462890625,4155.419921875,16357.5498046875
2013-12-26,1842.02001953125,4167.18017578125,16479.880859375
2013-12-27,1841.4000244140625,4156.58984375,16478.41015625
2013-12-30,1841.0699462890625,4154.2001953125,16504.2890625
2013-12-31,1848.3599853515625,4176.58984375,16576.66015625
2014-01-02,1831.97998046875,4143.06982421875,16441.349609375
2014-01-03,1831.3699951171875,4131.91015625,16469.990234375
2014-01-06,1826.77001953125,4113.68017578125,16425.099609375
2014-01-07,1837.8800048828125,4153.18017578125,16530.939453125
2014-01-08,1837.489990234375,4165.60986328125,16462.740234375
2014-01-09,1838.1300048828125,4156.18994140625,16444.759765625
2014-01-10,1842.3699951171875,4174.669921875,16437.05078125
2014-01-13,1819.199951171875,4113.2998046875,16257.9404296875
2014-01-14,1838.8800048828125,4183.02001953125,16373.8603515625
2014-01-15,1848.3800048828125,4214.8798828125,16481.939453125
2014-01-16,1845.8900146484375,4218.68994140625,16417.009765625
2014-01-17,1838.699951171875,4197.580078125,16458.560546875
2014-01-21,1843.800048828125,4225.759765625,16414.439453125
2014-01-22,1844.8599853515625,4243.0,16373.33984375
2014-01-23,1828.4599609375,4218.8798828125,16197.349609375
2014-01-24,1790.2900390625,4128.169921875,15879.1103515625
2014-01-27,1781.56005859375,4083.610107421875,15837.8798828125
2014-01-28,1792.5,4097.9599609375,15928.5595703125
2014-01-29,1774.199951171875,4051.429931640625,15738.7900390625
2014-01-30,1794.18994140625,4123.1298828125,15848.6103515625
2014-01-31,1782.5899658203125,4103.8798828125,15698.849609375
2014-02-03,1741.8900146484375,3996.9599609375,15372.7998046875
2014-02-04,1755.199951171875,4031.52001953125,15445.240234375
2014-02-05,1751.6400146484375,4011.550048828125,15440.23046875
2014-02-06,1773.4300537109375,4057.1201171875,15628.5302734375
2014-02-07,1797.02001953125,4125.85986328125,15794.080078125
2014-02-10,1799.8399658203125,4148.169921875,15801.7900390625
2014-02-11,1819.75,4191.0498046875,15994.76953125
2014-02-12,1819.260009765625,4201.2900390625,15963.9404296875
2014-02-13,1829.8299560546875,4240.669921875,16027.58984375
2014-02-14,1838.6300048828125,4244.02001953125,16154.3896484375
2014-02-18,1840.760009765625,4272.77978515625,16130.400390625
2014-02-19,1828.75,4237.9501953125,16040.5595703125
2014-02-20,1839.780029296875,4267.5498046875,16133.23046875
2014-02-21,1836.25,4263.41015625,16103.2998046875
2014-02-24,1847.6099853515625,4292.97021484375,16207.1396484375
2014-02-25,1845.1199951171875,4287.58984375,16179.66015625
2014-02-26,1845.1600341796875,4292.06005859375,16198.41015625
2014-02-27,1854.2900390625,4318.93017578125,16272.650390625
2014-02-28,1859.449951171875,4308.1201171875,16321.7099609375
2014-03-03,1845.72998046875,4277.2998046875,16168.0302734375
2014-03-04,1873.9100341796875,4351.97021484375,16395.880859375
2014-03-05,1873.81005859375,4357.97021484375,16360.1796875
2014-03-06,1877.030029296875,4352.1298828125,16421.890625
2014-03-07,1878.0400390625,4336.22021484375,16452.720703125
2014-03-10,1877.1700439453125,4334.4501953125,16418.6796875
2014-03-11,1867.6300048828125,4307.18994140625,16351.25
2014-03-12,1868.199951171875,4323.330078125,16340.080078125
2014-03-13,1846.3399658203125,4260.419921875,16108.8896484375
2014-03-14,1841.1300048828125,4245.39990234375,16065.669921875
2014-03-17,1858.8299560546875,4279.9501953125,16247.2197265625
2014-03-18,1872.25,4333.31005859375,16336.1904296875
2014-03-19,1860.77001953125,4307.60009765625,16222.169921875
2014-03-20,1872.010009765625,4319.2900390625,16331.0498046875
2014-03-21,1866.52001953125,4276.7900390625,16302.76953125
2014-03-24,1857.43994140625,4226.39013671875,16276.6904296875
2014-03-25,1865.6199951171875,4234.27001953125,16367.8798828125
2014-03-26,1852.56005859375,4173.580078125,16268.990234375
2014-03-27,1849.0400390625,4151.22998046875,16264.23046875
2014-03-28,1857.6199951171875,4155.759765625,16323.0595703125
2014-03-31,1872.3399658203125,4198.990234375,16457.66015625
2014-04-01,1885.52001953125,4268.0400390625,16532.609375
2014-04-02,1890.9000244140625,4276.4599609375,16573.0
2014-04-03,1888.77001953125,4237.740234375,16572.55078125
2014-04-04,1865.0899658203125,4127.72998046875,16412.7109375
2014-04-07,1845.0400390625,4079.75,16245.8701171875
2014-04-08,1851.9599609375,4112.990234375,16256.1396484375
2014-04-09,1872.1800537109375,4183.89990234375,16437.1796875
2014-04-10,1833.0799560546875,4054.110107421875,16170.2197265625
2014-04-11,1815.68994140625,3999.72998046875,16026.75
2014-04-14,1830.6099853515625,4022.68994140625,16173.240234375
2014-04-15,1842.97998046875,4034.159912109375,16262.5595703125
2014-04-16,1862.31005859375,4086.22998046875,16424.849609375
2014-04-17,1864.8499755859375,4095.52001953125,16408.5390625
2014-04-21,1871.8900146484375,4121.5498046875,16449.25
2014-04-22,1879.550048828125,4161.4599609375,16514.369140625
2014-04-23,1875.3900146484375,4126.97021484375,16501.650390625
2014-04-24,1878.6099853515625,4148.33984375,16501.650390625
2014-04-25,1863.4000244140625,4075.56005859375,16361.4599609375
2014-04-28,1869.4300537109375,4074.39990234375,16448.740234375
2014-04-29,1878.3299560546875,4103.5400390625,16535.369140625
2014-04-30,1883.949951171875,4114.56005859375,16580.83984375
2014-05-01,1883.6800537109375,4127.4501953125,16558.869140625
2014-05-02,1881.1400146484375,4123.89990234375,16512.890625
2014-05-05,1884.6600341796875,4138.06005859375,16530.55078125
2014-05-06,1867.719970703125,4080.760009765625,16401.01953125
2014-05-07,1878.2099609375,4067.669921875,16518.5390625
2014-05-08,1875.6300048828125,4051.5,16550.970703125
2014-05-09,1878.47998046875,4071.8701171875,16583.33984375
2014-05-12,1896.6500244140625,4143.85986328125,16695.470703125
2014-05-13,1897.449951171875,4130.169921875,16715.439453125
2014-05-14,1888.530029296875,4100.6298828125,16613.970703125
2014-05-15,1870.8499755859375,4069.2900390625,16446.810546875
2014-05-16,1877.8599853515625,4090.590087890625,16491.310546875
2014-05-19,1885.0799560546875,4125.81005859375,16511.859375
2014-05-20,1872.8299560546875,4096.89013671875,16374.3095703125
2014-05-21,1888.030029296875,4131.5400390625,16533.060546875
2014-05-22,1892.489990234375,4154.33984375,16543.080078125
2014-05-23,1900.530029296875,4185.81005859375,16606.26953125
2014-05-27,1911.9100341796875,4237.06982421875,16675.5
2014-05-28,1909.780029296875,4225.080078125,16633.1796875
2014-05-29,1920.030029296875,4247.9501953125,16698.740234375
2014-05-30,1923.5699462890625,4242.6201171875,16717.169921875
2014-06-02,1924.969970703125,4237.2001953125,16743.630859375
2014-06-03,1924.239990234375,4234.080078125,16722.33984375
2014-06-04,1927.8800048828125,4251.64013671875,16737.529296875
2014-06-05,1940.4599609375,4296.22998046875,16836.109375
2014-06-06,1949.43994140625,4321.39990234375,16924.279296875
2014-06-09,1951.27001953125,4336.240234375,16943.099609375
2014-06-10,1950.7900390625,4338.0,16945.919921875
2014-06-11,1943.8900146484375,4331.93017578125,16843.880859375
2014-06-12,1930.1099853515625,4297.6298828125,16734.189453125
2014-06-13,1936.1600341796875,4310.64990234375,16775.740234375
2014-06-16,1937.780029296875,4321.10009765625,16781.009765625
2014-06-17,1941.989990234375,4337.22998046875,16808.490234375
2014-06-18,1956.97998046875,4362.83984375,16906.619140625
2014-06-19,1959.47998046875,4359.330078125,16921.4609375
2014-06-20,1962.8699951171875,4368.0400390625,16947.080078125
2014-06-23,1962.6099853515625,4368.68017578125,16937.259765625
2014-06-24,1949.97998046875,4350.35009765625,16818.130859375
2014-06-25,1959.530029296875,4379.759765625,16867.509765625
2014-06-26,1957.219970703125,4379.0498046875,16846.130859375
2014-06-27,1960.9599609375,4397.93017578125,16851.83984375
2014-06-30,1960.22998046875,4408.18017578125,16826.599609375
2014-07-01,1973.3199462890625,4458.64990234375,16956.0703125
2014-07-02,1974.6199951171875,4457.72998046875,16976.240234375
2014-07-03,1985.43994140625,4485.93017578125,17068.259765625
2014-07-07,1977.6500244140625,4451.52978515625,17024.2109375
2014-07-08,1963.7099609375,4391.4599609375,16906.619140625
2014-07-09,1972.8299560546875,4419.02978515625,16985.609375
2014-07-10,1964.6800537109375,4396.2001953125,16915.0703125
2014-07-11,1967.5699462890625,4415.490234375,16943.810546875
2014-07-14,1977.0999755859375,4440.419921875,17055.419921875
2014-07-15,1973.280029296875,4416.39013671875,17060.6796875
2014-07-16,1981.5699462890625,4425.97021484375,17138.19921875
2014-07-17,1958.1199951171875,4363.4501953125,16976.810546875
2014-07-18,1978.219970703125,4432.14990234375,17100.1796875
2014-07-21,1973.6300048828125,4424.7001953125,17051.73046875
2014-07-22,1983.530029296875,4456.02001953125,17113.5390625
2014-07-23,1987.010009765625,4473.7001953125,17086.630859375
2014-07-24,1987.97998046875,4472.10986328125,17083.80078125
2014-07-25,1978.3399658203125,4449.56005859375,16960.5703125
2014-07-28,1978.9100341796875,4444.91015625,16982.58984375
2014-07-29,1969.949951171875,4442.7001953125,16912.109375
2014-07-30,1970.0699462890625,4462.89990234375,16880.359375
2014-07-31,1930.6700439453125,4369.77001953125,16563.30078125
2014-08-01,1925.1500244140625,4352.64013671875,16493.369140625
2014-08-04,1938.989990234375,4383.89013671875,16569.279296875
2014-08-05,1920.2099609375,4352.83984375,16429.470703125
2014-08-06,1920.239990234375,4355.0498046875,16443.33984375
2014-08-07,1909.5699462890625,4334.97021484375,16368.26953125
2014-08-08,1931.5899658203125,4370.89990234375,16553.9296875
2014-08-11,1936.9200439453125,4401.330078125,16569.98046875
2014-08-12,1933.75,4389.25,16560.5390625
2014-08-13,1946.719970703125,4434.1298828125,16651.80078125
2014-08-14,1955.1800537109375,4453.0,16713.580078125
2014-08-15,1955.06005859375,4464.93017578125,16662.91015625
2014-08-18,1971.739990234375,4508.31005859375,16838.740234375
2014-08-19,1981.5999755859375,4527.509765625,16919.58984375
2014-08-20,1986.510009765625,4526.47998046875,16979.130859375
2014-08-21,1992.3699951171875,4532.10009765625,17039.490234375
2014-08-22,1988.4000244140625,4538.5498046875,17001.220703125
2014-08-25,1997.9200439453125,4557.35009765625,17076.869140625
2014-08-26,2000.02001953125,4570.64013671875,17106.69921875
2014-08-27,2000.1199951171875,4569.6201171875,17122.009765625
2014-08-28,1996.739990234375,4557.7001953125,17079.5703125
2014-08-29,2003.3699951171875,4580.27001953125,17098.44921875
2014-09-02,2002.280029296875,4598.18994140625,17067.560546875
2014-09-03,2000.719970703125,4572.56005859375,17078.279296875
2014-09-04,1997.6500244140625,4562.2900390625,17069.580078125
2014-09-05,2007.7099609375,4582.89990234375,17137.359375
2014-09-08,2001.5400390625,4592.2900390625,17111.419921875
2014-09-09,1988.43994140625,4552.2900390625,17013.869140625
2014-09-10,1995.68994140625,4586.52001953125,17068.7109375
2014-09-11,1997.449951171875,4591.81005859375,17049.0
2014-09-12,1985.5400390625,4567.60009765625,16987.509765625
2014-09-15,1984.1300048828125,4518.89990234375,17031.140625
2014-09-16,1998.97998046875,4552.759765625,17131.970703125
2014-09-17,2001.5699462890625,4562.18994140625,17156.849609375
2014-09-18,2011.3599853515625,4593.43017578125,17265.990234375
2014-09-19,2010.4000244140625,4579.7900390625,17279.740234375
2014-09-22,1994.2900390625,4527.68994140625,17172.6796875
2014-09-23,1982.77001953125,4508.68994140625,17055.869140625
2014-09-24,1998.300048828125,4555.22021484375,17210.060546875
2014-09-25,1965.989990234375,4466.75,16945.80078125
2014-09-26,1982.8499755859375,4512.18994140625,17113.150390625
2014-09-29,1977.800048828125,4505.85009765625,17071.220703125
2014-09-30,1972.2900390625,4493.39013671875,17042.900390625
2014-10-01,1946.1600341796875,4422.08984375,16804.7109375
2014-10-02,1946.1700439453125,4430.2001953125,16801.05078125
2014-10-03,1967.9000244140625,4475.6201171875,17009.689453125
2014-10-06,1964.8199462890625,4454.7998046875,16991.91015625
2014-10-07,1935.0999755859375,4385.2001953125,16719.390625
2014-10-08,1968.8900146484375,4468.58984375,16994.220703125
2014-10-09,1928.2099609375,4378.33984375,16659.25
2014-10-10,1906.1300048828125,4276.240234375,16544.099609375
2014-10-13,1874.739990234375,4213.66015625,16321.0703125
2014-10-14,1877.699951171875,4227.169921875,16315.1904296875
2014-10-15,1862.489990234375,4215.31982421875,16141.740234375
2014-10-16,1862.760009765625,4217.39013671875,16117.240234375
2014-10-17,1886.760009765625,4258.43994140625,16380.41015625
2014-10-20,1904.010009765625,4316.06982421875,16399.669921875
2014-10-21,1941.280029296875,4419.47998046875,16614.810546875
2014-10-22,1927.1099853515625,4382.85009765625,16461.3203125
2014-10-23,1950.8199462890625,4452.7900390625,16677.900390625
2014-10-24,1964.5799560546875,4483.72021484375,16805.41015625
2014-10-27,1961.6300048828125,4485.93017578125,16817.939453125
2014-10-28,1985.050048828125,4564.2900390625,17005.75
2014-10-29,1982.300048828125,4549.22998046875,16974.310546875
2014-10-30,1994.6500244140625,4566.14013671875,17195.419921875
2014-10-31,2018.050048828125,4630.740234375,17390.51953125
2014-11-03,2017.81005859375,4638.91015625,17366.240234375
2014-11-04,2012.0999755859375,4623.64013671875,17383.83984375
2014-11-05,2023.5699462890625,4620.72021484375,17484.529296875
2014-11-06,2031.2099609375,4638.47021484375,17554.470703125
2014-11-07,2031.9200439453125,4632.52978515625,17573.9296875
2014-11-10,2038.260009765625,4651.6201171875,17613.740234375
2014-11-11,2039.6800537109375,4660.56005859375,17614.900390625
2014-11-12,2038.25,4675.14013671875,17612.19921875
2014-11-13,2039.3299560546875,4680.14013671875,17652.7890625
2014-11-14,2039.8199462890625,4688.5400390625,17634.740234375
2014-11-17,2041.3199462890625,4671.0,17647.75
2014-11-18,2051.800048828125,4702.43994140625,17687.8203125
2014-11-19,2048.719970703125,4675.7099609375,17685.73046875
2014-11-20,2052.75,4701.8701171875,17719.0
2014-11-21,2063.5,4712.97021484375,17810.060546875
2014-11-24,2069.409912109375,4754.89013671875,17817.900390625
2014-11-25,2067.030029296875,4758.25,17814.939453125
2014-11-26,2072.830078125,4787.31982421875,17827.75
2014-11-28,2067.56005859375,4791.6298828125,17828.240234375
2014-12-01,2053.43994140625,4727.35009765625,17776.80078125
2014-12-02,2066.550048828125,4755.81005859375,17879.55078125
2014-12-03,2074.330078125,4774.47021484375,17912.619140625
2014-12-04,2071.919921875,4769.43994140625,17900.099609375
2014-12-05,2075.3701171875,4780.759765625,17958.7890625
2014-12-08,2060.31005859375,4740.68994140625,17852.48046875
2014-12-09,2059.820068359375,4766.47021484375,17801.19921875
2014-12-10,2026.1400146484375,4684.02001953125,17533.150390625
2014-12-11,2035.3299560546875,4708.16015625,17596.33984375
2014-12-12,2002.3299560546875,4653.60009765625,17280.830078125
2014-12-15,1989.6300048828125,4605.16015625,17180.83984375
2014-12-16,1972.739990234375,4547.830078125,17068.869140625
2014-12-17,2012.8900146484375,4644.31005859375,17356.869140625
2014-12-18,2061.22998046875,4748.39990234375,17778.150390625
2014-12-19,2070.64990234375,4765.3798828125,17804.80078125
2014-12-22,2078.5400390625,4781.419921875,17959.439453125
2014-12-23,2082.169921875,4765.419921875,18024.169921875
2014-12-24,2081.8798828125,4773.47021484375,18030.2109375
2014-12-26,2088.77001953125,4806.85986328125,18053.7109375
2014-12-29,2090.570068359375,4806.91015625,18038.23046875
2014-12-30,2080.35009765625,4777.43994140625,17983.0703125
2014-12-31,2058.89990234375,4736.0498046875,17823.0703125
2015-01-02,2058.199951171875,4726.81005859375,17832.990234375
2015-01-05,2020.5799560546875,4652.56982421875,17501.650390625
2015-01-06,2002.6099853515625,4592.740234375,17371.640625
2015-01-07,2025.9000244140625,4650.47021484375,17584.51953125
2015-01-08,2062.139892578125,4736.18994140625,17907.869140625
2015-01-09,2044.81005859375,4704.06982421875,17737.369140625
2015-01-12,2028.260009765625,4664.7099609375,17640.83984375
2015-01-13,2023.030029296875,4661.5,17613.6796875
2015-01-14,2011.27001953125,4639.31982421875,17427.08984375
2015-01-15,1992.6700439453125,4570.81982421875,17320.7109375
2015-01-16,2019.4200439453125,4634.3798828125,17511.5703125
2015-01-20,2022.550048828125,4654.85009765625,17515.23046875
2015-01-21,2032.1199951171875,4667.419921875,17554.279296875
2015-01-22,2063.14990234375,4750.39990234375,17813.98046875
2015-01-23,2051.820068359375,4757.8798828125,17672.599609375
2015-01-26,2057.090087890625,4771.759765625,17678.69921875
2015-01-27,2029.550048828125,4681.5,17387.2109375
2015-01-28,2002.1600341796875,4637.990234375,17191.369140625
2015-01-29,2021.25,4683.41015625,17416.849609375
2015-01-30,1994.989990234375,4635.240234375,17164.94921875
2015-02-02,2020.8499755859375,4676.68994140625,17361.0390625
2015-02-03,2050.030029296875,4727.740234375,17666.400390625
2015-02-04,2041.510009765625,4716.7001953125,17673.01953125
2015-02-05,2062.52001953125,4765.10009765625,17884.880859375
2015-02-06,2055.469970703125,4744.39990234375,17824.2890625
2015-02-09,2046.739990234375,4726.009765625,17729.2109375
2015-02-10,2068.590087890625,4787.64013671875,17868.759765625
2015-02-11,2068.530029296875,4801.18017578125,17862.140625
2015-02-12,2088.47998046875,4857.60986328125,17972.380859375
2015-02-13,2096.989990234375,4893.83984375,18019.349609375
2015-02-17,2100.340087890625,4899.27001953125,18047.580078125
2015-02-18,2099.679931640625,4906.35986328125,18029.849609375
2015-02-19,2097.449951171875,4924.7001953125,17985.76953125
2015-02-20,2110.300048828125,4955.97021484375,18140.439453125
2015-02-23,2109.659912109375,4960.97021484375,18116.83984375
2015-02-24,2115.47998046875,4968.1201171875,18209.189453125
2015-02-25,2113.860107421875,4967.14013671875,18224.5703125
2015-02-26,2110.739990234375,4987.89013671875,18214.419921875
2015-02-27,2104.5,4963.52978515625,18132.69921875
2015-03-02,2117.389892578125,5008.10009765625,18288.630859375
2015-03-03,2107.780029296875,4979.89990234375,18203.369140625
2015-03-04,2098.530029296875,4967.14013671875,18096.900390625
2015-03-05,2101.0400390625,4982.81005859375,18135.720703125
2015-03-06,2071.260009765625,4927.3701171875,17856.779296875
2015-03-09,2079.429931640625,4942.43994140625,17995.720703125
2015-03-10,2044.1600341796875,4859.7900390625,17662.939453125
2015-03-11,2040.239990234375,4849.93994140625,17635.390625
2015-03-12,2065.949951171875,4893.2900390625,17895.220703125
2015-03-13,2053.39990234375,4871.759765625,17749.310546875
2015-03-16,2081.18994140625,4929.509765625,17977.419921875
2015-03-17,2074.280029296875,4937.43017578125,17849.080078125
2015-03-18,2099.5,4982.830078125,18076.189453125
2015-03-19,2089.27001953125,4992.3798828125,17959.029296875
2015-03-20,2108.10009765625,5026.419921875,18127.650390625
2015-03-23,2104.419921875,5010.97021484375,18116.0390625
2015-03-24,2091.5,4994.72998046875,18011.140625
2015-03-25,2061.050048828125,4876.52001953125,17718.5390625
2015-03-26,2056.14990234375,4863.35986328125,17678.23046875
2015-03-27,2061.02001953125,4891.22021484375,17712.66015625
2015-03-30,2086.239990234375,4947.43994140625,17976.310546875
2015-03-31,2067.889892578125,4900.8798828125,17776.119140625
2015-04-01,2059.68994140625,4880.22998046875,17698.1796875
2015-04-02,2066.9599609375,4886.93994140625,17763.240234375
2015-04-06,2080.6201171875,4917.31982421875,17880.849609375
2015-04-07,2076.330078125,4910.22998046875,17875.419921875
2015-04-08,2081.89990234375,4950.81982421875,17902.509765625
2015-04-09,2091.179931640625,4974.56005859375,17958.73046875
2015-04-10,2102.06005859375,4995.97998046875,18057.650390625
2015-04-13,2092.429931640625,4988.25,17977.0390625
2015-04-14,2095.840087890625,4977.2900390625,18036.69921875
2015-04-15,2106.6298828125,5011.02001953125,18112.609375
2015-04-16,2104.989990234375,5007.7900390625,18105.76953125
2015-04-17,2081.179931640625,4931.81005859375,17826.30078125
2015-04-20,2100.39990234375,4994.60009765625,18034.9296875
2015-04-21,2097.2900390625,5014.10009765625,17949.58984375
2015-04-22,2107.9599609375,5035.169921875,18038.26953125
2015-04-23,2112.929931640625,5056.06005859375,18058.689453125
2015-04-24,2117.68994140625,5092.080078125,18080.140625
2015-04-27,2108.919921875,5060.25,18037.970703125
2015-04-28,2114.760009765625,5055.419921875,18110.140625
2015-04-29,2106.85009765625,5023.64013671875,18035.529296875
2015-04-30,2085.510009765625,4941.419921875,17840.51953125
2015-05-01,2108.2900390625,5005.39013671875,18024.060546875
2015-05-04,2114.489990234375,5016.93017578125,18070.400390625
2015-05-05,2089.4599609375,4939.330078125,17928.19921875
2015-05-06,2080.14990234375,4919.64013671875,17841.98046875
2015-05-07,2088.0,4945.5400390625,17924.060546875
2015-05-08,2116.10009765625,5003.5498046875,18191.109375
2015-05-11,2105.330078125,4993.56982421875,18105.169921875
2015-05-12,2099.1201171875,4976.18994140625,18068.23046875
2015-05-13,2098.47998046875,4981.68994140625,18060.490234375
2015-05-14,2121.10009765625,5050.7998046875,18252.240234375
2015-05-15,2122.72998046875,5048.2900390625,18272.560546875
2015-05-18,2129.199951171875,5078.43994140625,18298.880859375
2015-05-19,2127.830078125,5070.02978515625,18312.390625
2015-05-20,2125.85009765625,5071.740234375,18285.400390625
2015-05-21,2130.820068359375,5090.7900390625,18285.740234375
2015-05-22,2126.06005859375,5089.35986328125,18232.01953125
2015-05-26,2104.199951171875,5032.75,18041.5390625
2015-05-27,2123.47998046875,5106.58984375,18162.990234375
2015-05-28,2120.7900390625,5097.97998046875,18126.119140625
2015-05-29,2107.389892578125,5070.02978515625,18010.6796875
2015-06-01,2111.72998046875,5082.93017578125,18040.369140625
2015-06-02,2109.60009765625,5076.52001953125,18011.939453125
2015-06-03,2114.070068359375,5099.22998046875,18076.26953125
2015-06-04,2095.840087890625,5059.1201171875,17905.580078125
2015-06-05,2092.830078125,5068.4599609375,17849.4609375
2015-06-08,2079.280029296875,5021.6298828125,17766.55078125
2015-06-09,2080.14990234375,5013.8701171875,17764.0390625
2015-06-10,2105.199951171875,5076.68994140625,18000.400390625
2015-06-11,2108.860107421875,5082.509765625,18039.369140625
2015-06-12,2094.110107421875,5051.10009765625,17898.83984375
2015-06-15,2084.429931640625,5029.97021484375,17791.169921875
2015-06-16,2096.2900390625,5055.5498046875,17904.48046875
2015-06-17,2100.43994140625,5064.8798828125,17935.740234375
2015-06-18,2121.239990234375,5132.9501953125,18115.83984375
2015-06-19,2109.989990234375,5117.0,18015.94921875
2015-06-22,2122.85009765625,5153.97021484375,18119.779296875
2015-06-23,2124.199951171875,5160.08984375,18144.0703125
2015-06-24,2108.580078125,5122.41015625,17966.0703125
2015-06-25,2102.31005859375,5112.18994140625,17890.359375
2015-06-26,2101.489990234375,5080.509765625,17946.6796875
2015-06-29,2057.639892578125,4958.47021484375,17596.349609375
2015-06-30,2063.110107421875,4986.8701171875,17619.509765625
2015-07-01,2077.419921875,5013.1201171875,17757.91015625
2015-07-02,2076.780029296875,5009.2099609375,17730.109375
2015-07-06,2068.760009765625,4991.93994140625,17683.580078125
2015-07-07,2081.340087890625,4997.4599609375,17776.91015625
2015-07-08,2046.6800537109375,4909.759765625,17515.419921875
2015-07-09,2051.31005859375,4922.39990234375,17548.619140625
2015-07-10,2076.6201171875,4997.7001953125,17760.41015625
2015-07-13,2099.60009765625,5071.509765625,17977.6796875
2015-07-14,2108.949951171875,5104.89013671875,18053.580078125
2015-07-15,2107.39990234375,5098.93994140625,18050.169921875
2015-07-16,2124.2900390625,5163.18017578125,18120.25
2015-07-17,2126.639892578125,5210.14013671875,18086.44921875
2015-07-20,2128.280029296875,5218.85986328125,18100.41015625
2015-07-21,2119.2099609375,5208.1201171875,17919.2890625
2015-07-22,2114.14990234375,5171.77001953125,17851.0390625
2015-07-23,2102.14990234375,5146.41015625,17731.919921875
2015-07-24,2079.64990234375,5088.6298828125,17568.529296875
2015-07-27,2067.639892578125,5039.77978515625,17440.58984375
2015-07-28,2093.25,5089.2099609375,17630.26953125
2015-07-29,2108.570068359375,5111.72998046875,17751.390625
2015-07-30,2108.6298828125,5128.77978515625,17745.98046875
2015-07-31,2103.840087890625,5128.27978515625,17689.859375
2015-08-03,2098.0400390625,5115.3798828125,17598.19921875
2015-08-04,2093.320068359375,5105.5498046875,17550.689453125
2015-08-05,2099.840087890625,5139.93994140625,17540.470703125
2015-08-06,2083.56005859375,5056.43994140625,17419.75
2015-08-07,2077.570068359375,5043.5400390625,17373.380859375
2015-08-10,2104.179931640625,5101.7998046875,17615.169921875
2015-08-11,2084.070068359375,5036.7900390625,17402.83984375
2015-08-12,2086.050048828125,5044.39013671875,17402.509765625
2015-08-13,2083.389892578125,5033.56005859375,17408.25
2015-08-14,2091.5400390625,5048.240234375,17477.400390625
2015-08-17,2102.43994140625,5091.7001953125,17545.1796875
2015-08-18,2096.919921875,5059.35009765625,17511.33984375
2015-08-19,2079.610107421875,5019.0498046875,17348.73046875
2015-08-20,2035.72998046875,4877.490234375,16990.689453125
2015-08-21,1970.8900146484375,4706.0400390625,16459.75
2015-08-24,1893.2099609375,4526.25,15871.349609375
2015-08-25,1867.6099853515625,4506.490234375,15666.4404296875
2015-08-26,1940.510009765625,4697.5400390625,16285.509765625
2015-08-27,1987.6600341796875,4812.7099609375,16654.76953125
2015-08-28,1988.8699951171875,4828.31982421875,16643.009765625
2015-08-31,1972.1800537109375,4776.509765625,16528.029296875
2015-09-01,1913.8499755859375,4636.10009765625,16058.349609375
2015-09-02,1948.8599853515625,4749.97998046875,16351.3798828125
2015-09-03,1951.1300048828125,4733.5,16374.759765625
2015-09-04,1921.219970703125,4683.919921875,16102.3798828125
2015-09-08,1969.4100341796875,4811.93017578125,16492.6796875
2015-09-09,1942.0400390625,4756.52978515625,16253.5703125
2015-09-10,1952.2900390625,4796.25,16330.400390625
2015-09-11,1961.050048828125,4822.33984375,16433.08984375
2015-09-14,1953.030029296875,4805.759765625,16370.9599609375
2015-09-15,1978.0899658203125,4860.52001953125,16599.849609375
2015-09-16,1995.31005859375,4889.240234375,16739.94921875
2015-09-17,1990.199951171875,4893.9501953125,16674.740234375
2015-09-18,1958.030029296875,4827.22998046875,16384.580078125
2015-09-21,1966.969970703125,4828.9501953125,16510.189453125
2015-09-22,1942.739990234375,4756.72021484375,16330.4697265625
2015-09-23,1938.760009765625,4752.740234375,16279.8896484375
2015-09-24,1932.239990234375,4734.47998046875,16201.3203125
2015-09-25,1931.3399658203125,4686.5,16314.669921875
2015-09-28,1881.77001953125,4543.97021484375,16001.8896484375
2015-09-29,1884.0899658203125,4517.31982421875,16049.1298828125
2015-09-30,1920.030029296875,4620.16015625,16284.7001953125
2015-10-01,1923.8199462890625,4627.080078125,16272.009765625
2015-10-02,1951.3599853515625,4707.77978515625,16472.369140625
2015-10-05,1987.050048828125,4781.259765625,16776.4296875
2015-10-06,1979.9200439453125,4748.35986328125,16790.189453125
2015-10-07,1995.8299560546875,4791.14990234375,16912.2890625
2015-10-08,2013.4300537109375,4810.7900390625,17050.75
2015-10-09,2014.8900146484375,4830.47021484375,17084.490234375
2015-10-12,2017.4599609375,4838.64013671875,17131.859375
2015-10-13,2003.68994140625,4796.60986328125,17081.890625
2015-10-14,1994.239990234375,4782.85009765625,16924.75
2015-10-15,2023.8599853515625,4870.10009765625,17141.75
2015-10-16,2033.1099853515625,4886.68994140625,17215.970703125
2015-10-19,2033.6600341796875,4905.47021484375,17230.5390625
2015-10-20,2030.77001953125,4880.97021484375,17217.109375
2015-10-21,2018.93994140625,4840.1201171875,17168.609375
2015-10-22,2052.510009765625,4920.0498046875,17489.16015625
2015-10-23,2075.14990234375,5031.85986328125,17646.69921875
2015-10-26,2071.179931640625,5034.7001953125,17623.05078125
2015-10-27,2065.889892578125,5030.14990234375,17581.4296875
2015-10-28,2090.35009765625,5095.68994140625,17779.51953125
2015-10-29,2089.409912109375,5074.27001953125,17755.80078125
2015-10-30,2079.360107421875,5053.75,17663.5390625
2015-11-02,2104.050048828125,5127.14990234375,17828.759765625
2015-11-03,2109.7900390625,5145.1298828125,17918.150390625
2015-11-04,2102.31005859375,5142.47998046875,17867.580078125
2015-11-05,2099.929931640625,5127.740234375,17863.4296875
2015-11-06,2099.199951171875,5147.1201171875,17910.330078125
2015-11-09,2078.580078125,5095.2998046875,17730.48046875
2015-11-10,2081.719970703125,5083.240234375,17758.2109375
2015-11-11,2075.0,5067.02001953125,17702.220703125
2015-11-12,2045.969970703125,5005.080078125,17448.0703125
2015-11-13,2023.0400390625,4927.8798828125,17245.240234375
2015-11-16,2053.18994140625,4984.6201171875,17483.009765625
2015-11-17,2050.43994140625,4986.02001953125,17489.5
2015-11-18,2083.580078125,5075.2001953125,17737.16015625
2015-11-19,2081.239990234375,5073.64013671875,17732.75
2015-11-20,2089.169921875,5104.919921875,17823.810546875
2015-11-23,2086.590087890625,5102.47998046875,17792.6796875
2015-11-24,2089.139892578125,5102.81005859375,17812.189453125
2015-11-25,2088.8701171875,5116.14013671875,17813.390625
2015-11-27,2090.110107421875,5127.52001953125,17813.390625
2015-11-30,2080.409912109375,5108.669921875,17719.919921875
2015-12-01,2102.6298828125,5156.31005859375,17888.349609375
2015-12-02,2079.510009765625,5123.22021484375,17729.6796875
2015-12-03,2049.6201171875,5037.52978515625,17477.669921875
2015-12-04,2091.68994140625,5142.27001953125,17847.630859375
2015-12-07,2077.070068359375,5101.81005859375,17730.509765625
2015-12-08,2063.590087890625,5098.240234375,17568.0
2015-12-09,2047.6199951171875,5022.8701171875,17492.30078125
2015-12-10,2052.22998046875,5045.169921875,17574.75
2015-12-11,2012.3699951171875,4933.47021484375,17265.2109375
2015-12-14,2021.93994140625,4952.22998046875,17368.5
2015-12-15,2043.4100341796875,4995.35986328125,17524.91015625
2015-12-16,2073.070068359375,5071.1298828125,17749.08984375
2015-12-17,2041.8900146484375,5002.5498046875,17495.83984375
2015-12-18,2005.550048828125,4923.080078125,17128.55078125
2015-12-21,2021.1500244140625,4968.919921875,17251.619140625
2015-12-22,2038.969970703125,5001.10986328125,17417.26953125
2015-12-23,2064.2900390625,5045.93017578125,17602.609375
2015-12-24,2060.989990234375,5048.490234375,17552.169921875
2015-12-28,2056.5,5040.990234375,17528.26953125
2015-12-29,2078.360107421875,5107.93994140625,17720.98046875
2015-12-30,2063.360107421875,5065.85009765625,17603.869140625
2015-12-31,2043.93994140625,5007.41015625,17425.029296875
2016-01-04,2012.6600341796875,4903.08984375,17148.939453125
2016-01-05,2016.7099609375,4891.43017578125,17158.66015625
2016-01-06,1990.260009765625,4835.759765625,16906.509765625
2016-01-07,1943.0899658203125,4689.43017578125,16514.099609375
2016-01-08,1922.030029296875,4643.6298828125,16346.4501953125
2016-01-11,1923.6700439453125,4637.990234375,16398.5703125
2016-01-12,1938.6800537109375,4685.919921875,16516.220703125
2016-01-13,1890.280029296875,4526.06005859375,16151.41015625
2016-01-14,1921.8399658203125,4615.0,16379.0498046875
2016-01-15,1880.3299560546875,4488.419921875,15988.080078125
2016-01-19,1881.3299560546875,4476.9501953125,16016.01953125
2016-01-20,1859.3299560546875,4471.68994140625,15766.740234375
2016-01-21,1868.989990234375,4472.06005859375,15882.6796875
2016-01-22,1906.9000244140625,4591.18017578125,16093.509765625
2016-01-25,1877.0799560546875,4518.490234375,15885.2197265625
2016-01-26,1903.6300048828125,4567.669921875,16167.23046875
2016-01-27,1882.949951171875,4468.169921875,15944.4599609375
2016-01-28,1893.3599853515625,4506.68017578125,16069.6396484375
2016-01-29,1940.239990234375,4613.9501953125,16466.30078125
2016-02-01,1939.3800048828125,4620.3701171875,16449.1796875
2016-02-02,1903.030029296875,4516.9501953125,16153.5400390625
2016-02-03,1912.530029296875,4504.240234375,16336.66015625
2016-02-04,1915.449951171875,4509.56005859375,16416.580078125
2016-02-05,1880.050048828125,4363.14013671875,16204.9697265625
2016-02-08,1853.43994140625,4283.75,16027.0498046875
2016-02-09,1852.2099609375,4268.759765625,16014.3798828125
2016-02-10,1851.8599853515625,4283.58984375,15914.740234375
2016-02-11,1829.0799560546875,4266.83984375,15660.1796875
2016-02-12,1864.780029296875,4337.509765625,15973.83984375
2016-02-16,1895.5799560546875,4435.9599609375,16196.41015625
2016-02-17,1926.8199462890625,4534.06005859375,16453.830078125
2016-02-18,1917.8299560546875,4487.5400390625,16413.4296875
2016-02-19,1917.780029296875,4504.43017578125,16391.990234375
2016-02-22,1945.5,4570.60986328125,16620.66015625
2016-02-23,1921.27001953125,4503.580078125,16431.779296875
2016-02-24,1929.800048828125,4542.60986328125,16484.990234375
2016-02-25,1951.699951171875,4582.2001953125,16697.2890625
2016-02-26,1948.050048828125,4590.47021484375,16639.970703125
2016-02-29,1932.22998046875,4557.9501953125,16516.5
2016-03-01,1978.3499755859375,4689.60009765625,16865.080078125
2016-03-02,1986.449951171875,4703.419921875,16899.3203125
2016-03-03,1993.4000244140625,4707.419921875,16943.900390625
2016-03-04,1999.989990234375,4717.02001953125,17006.76953125
2016-03-07,2001.760009765625,4708.25,17073.94921875
2016-03-08,1979.260009765625,4648.81982421875,16964.099609375
2016-03-09,1989.260009765625,4674.3798828125,17000.359375
2016-03-10,1989.5699462890625,4662.16015625,16995.130859375
2016-03-11,2022.18994140625,4748.47021484375,17213.310546875
2016-03-14,2019.6400146484375,4750.27978515625,17229.130859375
2016-03-15,2015.9300537109375,4728.669921875,17251.529296875
2016-03-16,2027.219970703125,4763.97021484375,17325.759765625
2016-03-17,2040.5899658203125,4774.990234375,17481.490234375
2016-03-18,2049.580078125,4795.64990234375,17602.30078125
2016-03-21,2051.60009765625,4808.8701171875,17623.869140625
2016-03-22,2049.800048828125,4821.66015625,17582.5703125
2016-03-23,2036.7099609375,4768.85986328125,17502.58984375
2016-03-24,2035.93994140625,4773.5,17515.73046875
2016-03-28,2037.050048828125,4766.7900390625,17535.390625
2016-03-29,2055.010009765625,4846.6201171875,17633.109375
2016-03-30,2063.949951171875,4869.2900390625,17716.66015625
2016-03-31,2059.739990234375,4869.85009765625,17685.08984375
2016-04-01,2072.780029296875,4914.5400390625,17792.75
2016-04-04,2066.1298828125,4891.7998046875,17737.0
2016-04-05,2045.1700439453125,4843.93017578125,17603.3203125
2016-04-06,2066.659912109375,4920.72021484375,17716.05078125
2016-04-07,2041.9100341796875,4848.3701171875,17541.9609375
2016-04-08,2047.5999755859375,4850.68994140625,17576.9609375
2016-04-11,2041.989990234375,4833.39990234375,17556.41015625
2016-04-12,2061.719970703125,4872.08984375,17721.25
2016-04-13,2082.419921875,4947.419921875,17908.279296875
2016-04-14,2082.780029296875,4945.89013671875,17926.4296875
2016-04-15,2080.72998046875,4938.22021484375,17897.4609375
2016-04-18,2094.340087890625,4960.02001953125,18004.16015625
2016-04-19,2100.800048828125,4940.330078125,18053.599609375
2016-04-20,2102.39990234375,4948.1298828125,18096.26953125
2016-04-21,2091.47998046875,4945.89013671875,17982.51953125
2016-04-22,2091.580078125,4906.22998046875,18003.75
2016-04-25,2087.7900390625,4895.7900390625,17977.240234375
2016-04-26,2091.699951171875,4888.27978515625,17990.3203125
2016-04-27,2095.14990234375,4863.14013671875,18041.55078125
2016-04-28,2075.81005859375,4805.2900390625,17830.759765625
2016-04-29,2065.300048828125,4775.35986328125,17773.640625
2016-05-02,2081.429931640625,4817.58984375,17891.16015625
2016-05-03,2063.3701171875,4763.22021484375,17750.91015625
2016-05-04,2051.1201171875,4725.64013671875,17651.259765625
2016-05-05,2050.6298828125,4717.08984375,17660.7109375
2016-05-06,2057.139892578125,4736.16015625,17740.630859375
2016-05-09,2058.68994140625,4750.2099609375,17705.91015625
2016-05-10,2084.389892578125,4809.8798828125,17928.349609375
2016-05-11,2064.4599609375,4760.68994140625,17711.119140625
2016-05-12,2064.110107421875,4737.330078125,17720.5
2016-05-13,2046.6099853515625,4717.68017578125,17535.3203125
2016-05-16,2066.659912109375,4775.4599609375,17710.7109375
2016-05-17,2047.2099609375,4715.72998046875,17529.98046875
2016-05-18,2047.6300048828125,4739.1201171875,17526.619140625
2016-05-19,2040.0400390625,4712.52978515625,17435.400390625
2016-05-20,2052.320068359375,4769.56005859375,17500.939453125
2016-05-23,2048.0400390625,4765.77978515625,17492.9296875
2016-05-24,2076.06005859375,4861.06005859375,17706.05078125
2016-05-25,2090.5400390625,4894.89013671875,17851.509765625
2016-05-26,2090.10009765625,4901.77001953125,17828.2890625
2016-05-27,2099.06005859375,4933.5,17873.220703125
2016-05-31,2096.949951171875,4948.0498046875,17787.19921875
2016-06-01,2099.330078125,4952.25,17789.669921875
2016-06-02,2105.260009765625,4971.35986328125,17838.560546875
2016-06-03,2099.1298828125,4942.52001953125,17807.060546875
2016-06-06,2109.409912109375,4968.7099609375,17920.330078125
2016-06-07,2112.1298828125,4961.75,17938.279296875
2016-06-08,2119.1201171875,4974.64013671875,18005.05078125
2016-06-09,2115.47998046875,4958.6201171875,17985.189453125
2016-06-10,2096.070068359375,4894.5498046875,17865.33984375
2016-06-13,2079.06005859375,4848.43994140625,17732.48046875
2016-06-14,2075.320068359375,4843.5498046875,17674.8203125
2016-06-15,2071.5,4834.93017578125,17640.169921875
2016-06-16,2077.989990234375,4844.919921875,17733.099609375
2016-06-17,2071.219970703125,4800.33984375,17675.16015625
2016-06-20,2083.25,4837.2099609375,17804.869140625
2016-06-21,2088.89990234375,4843.759765625,17829.73046875
2016-06-22,2085.449951171875,4833.31982421875,17780.830078125
2016-06-23,2113.320068359375,4910.0400390625,18011.0703125
2016-06-24,2037.4100341796875,4707.97998046875,17400.75
2016-06-27,2000.5400390625,4594.43994140625,17140.240234375
2016-06-28,2036.0899658203125,4691.8701171875,17409.720703125
2016-06-29,2070.77001953125,4779.25,17694.6796875
2016-06-30,2098.860107421875,4842.669921875,17929.990234375
2016-07-01,2102.949951171875,4862.56982421875,17949.369140625
2016-07-05,2088.550048828125,4822.89990234375,17840.619140625
2016-07-06,2099.72998046875,4859.16015625,17918.619140625
2016-07-07,2097.89990234375,4876.81005859375,17895.880859375
2016-07-08,2129.89990234375,4956.759765625,18146.740234375
2016-07-11,2137.159912109375,4988.64013671875,18226.9296875
2016-07-12,2152.139892578125,5022.81982421875,18347.669921875
2016-07-13,2152.429931640625,5005.72998046875,18372.119140625
2016-07-14,2163.75,5034.06005859375,18506.41015625
2016-07-15,2161.739990234375,5029.58984375,18516.55078125
2016-07-18,2166.889892578125,5055.77978515625,18533.05078125
2016-07-19,2163.780029296875,5036.3701171875,18559.009765625
2016-07-20,2173.02001953125,5089.93017578125,18595.029296875
2016-07-21,2165.169921875,5073.89990234375,18517.23046875
2016-07-22,2175.030029296875,5100.16015625,18570.849609375
2016-07-25,2168.47998046875,5097.6298828125,18493.060546875
2016-07-26,2169.179931640625,5110.0498046875,18473.75
2016-07-27,2166.580078125,5139.81005859375,18472.169921875
2016-07-28,2170.06005859375,5154.97998046875,18456.349609375
2016-07-29,2173.60009765625,5162.1298828125,18432.240234375
2016-08-01,2170.840087890625,5184.2001953125,18404.509765625
2016-08-02,2157.030029296875,5137.72998046875,18313.76953125
2016-08-03,2163.7900390625,5159.740234375,18355.0
2016-08-04,2164.25,5166.25,18352.05078125
2016-08-05,2182.8701171875,5221.1201171875,18543.529296875
2016-08-08,2180.889892578125,5213.14013671875,18529.2890625
2016-08-09,2181.739990234375,5225.47998046875,18533.05078125
2016-08-10,2175.489990234375,5204.580078125,18495.66015625
2016-08-11,2185.7900390625,5228.39990234375,18613.51953125
2016-08-12,2184.050048828125,5232.89013671875,18576.470703125
2016-08-15,2190.14990234375,5262.02001953125,18636.05078125
2016-08-16,2178.14990234375,5227.10986328125,18552.01953125
2016-08-17,2182.219970703125,5228.66015625,18573.939453125
2016-08-18,2187.02001953125,5240.14990234375,18597.69921875
2016-08-19,2183.8701171875,5238.3798828125,18552.5703125
2016-08-22,2182.639892578125,5244.60009765625,18529.419921875
2016-08-23,2186.89990234375,5260.080078125,18547.30078125
2016-08-24,2175.43994140625,5217.68994140625,18481.48046875
2016-08-25,2172.469970703125,5212.2001953125,18448.41015625
2016-08-26,2169.0400390625,5218.919921875,18395.400390625
2016-08-29,2180.3798828125,5232.330078125,18502.990234375
2016-08-30,2176.1201171875,5222.990234375,18454.30078125
2016-08-31,2170.949951171875,5213.22021484375,18400.880859375
2016-09-01,2170.860107421875,5227.2099609375,18419.30078125
2016-09-02,2179.97998046875,5249.89990234375,18491.9609375
2016-09-06,2186.47998046875,5275.91015625,18538.119140625
2016-09-07,2186.159912109375,5283.93017578125,18526.140625
2016-09-08,2181.300048828125,5259.47998046875,18479.91015625
2016-09-09,2127.81005859375,5125.91015625,18085.44921875
2016-09-12,2159.0400390625,5211.89013671875,18325.0703125
2016-09-13,2127.02001953125,5155.25,18066.75
2016-09-14,2125.77001953125,5173.77001953125,18034.76953125
2016-09-15,2147.260009765625,5249.68994140625,18212.48046875
2016-09-16,2139.159912109375,5244.56982421875,18123.80078125
2016-09-19,2139.1201171875,5235.02978515625,18120.169921875
2016-09-20,2139.760009765625,5241.35009765625,18129.9609375
2016-09-21,2163.1201171875,5295.18017578125,18293.69921875
2016-09-22,2177.179931640625,5339.52001953125,18392.4609375
2016-09-23,2164.68994140625,5305.75,18261.44921875
2016-09-26,2146.10009765625,5257.490234375,18094.830078125
2016-09-27,2159.929931640625,5305.7099609375,18228.30078125
2016-09-28,2171.3701171875,5318.5498046875,18339.240234375
2016-09-29,2151.1298828125,5269.14990234375,18143.44921875
2016-09-30,2168.27001953125,5312.0,18308.150390625
2016-10-03,2161.199951171875,5300.8701171875,18253.849609375
2016-10-04,2150.489990234375,5289.66015625,18168.44921875
2016-10-05,2159.72998046875,5316.02001953125,18281.029296875
2016-10-06,2160.77001953125,5306.85009765625,18268.5
2016-10-07,2153.739990234375,5292.39990234375,18240.490234375
2016-10-10,2163.659912109375,5328.669921875,18329.0390625
2016-10-11,2136.72998046875,5246.7900390625,18128.66015625
2016-10-12,2139.179931640625,5239.02001953125,18144.19921875
2016-10-13,2132.550048828125,5213.330078125,18098.939453125
2016-10-14,2132.97998046875,5214.16015625,18138.380859375
2016-10-17,2126.5,5199.81982421875,18086.400390625
2016-10-18,2139.60009765625,5243.83984375,18161.939453125
2016-10-19,2144.2900390625,5246.41015625,18202.619140625
2016-10-20,2141.340087890625,5241.830078125,18162.349609375
2016-10-21,2141.159912109375,5257.39990234375,18145.7109375
2016-10-24,2151.330078125,5309.830078125,18223.029296875
2016-10-25,2143.159912109375,5283.39990234375,18169.26953125
2016-10-26,2139.429931640625,5250.27001953125,18199.330078125
2016-10-27,2133.0400390625,5215.97021484375,18169.6796875
2016-10-28,2126.409912109375,5190.10009765625,18161.189453125
2016-10-31,2126.14990234375,5189.14013671875,18142.419921875
2016-11-01,2111.719970703125,5153.580078125,18037.099609375
2016-11-02,2097.93994140625,5105.56982421875,17959.640625
2016-11-03,2088.659912109375,5058.41015625,17930.669921875
2016-11-04,2085.179931640625,5046.3701171875,17888.279296875
2016-11-07,2131.52001953125,5166.169921875,18259.599609375
2016-11-08,2139.56005859375,5193.490234375,18332.740234375
2016-11-09,2163.260009765625,5251.06982421875,18589.689453125
2016-11-10,2167.47998046875,5208.7998046875,18807.880859375
2016-11-11,2164.449951171875,5237.10986328125,18847.66015625
2016-11-14,2164.199951171875,5218.39990234375,18868.689453125
2016-11-15,2180.389892578125,5275.6201171875,18923.060546875
2016-11-16,2176.93994140625,5294.580078125,18868.140625
2016-11-17,2187.1201171875,5333.97021484375,18903.8203125
2016-11-18,2181.89990234375,5321.509765625,18867.9296875
2016-11-21,2198.179931640625,5368.85986328125,18956.689453125
2016-11-22,2202.93994140625,5386.35009765625,19023.869140625
2016-11-23,2204.719970703125,5380.68017578125,19083.1796875
2016-11-25,2213.35009765625,5398.919921875,19152.140625
2016-11-28,2201.719970703125,5368.81005859375,19097.900390625
2016-11-29,2204.659912109375,5379.919921875,19121.599609375
2016-11-30,2198.81005859375,5323.68017578125,19123.580078125
2016-12-01,2191.080078125,5251.10986328125,19191.9296875
2016-12-02,2191.949951171875,5255.64990234375,19170.419921875
2016-12-05,2204.7099609375,5308.89013671875,19216.240234375
2016-12-06,2212.22998046875,5333.0,19251.779296875
2016-12-07,2241.35009765625,5393.759765625,19549.619140625
2016-12-08,2246.18994140625,5417.35986328125,19614.810546875
2016-12-09,2259.530029296875,5444.5,19756.849609375
2016-12-12,2256.9599609375,5412.5400390625,19796.4296875
2016-12-13,2271.719970703125,5463.830078125,19911.2109375
2016-12-14,2253.280029296875,5436.669921875,19792.529296875
2016-12-15,2262.030029296875,5456.85009765625,19852.240234375
2016-12-16,2258.070068359375,5437.16015625,19843.41015625
2016-12-19,2262.530029296875,5457.43994140625,19883.060546875
2016-12-20,2270.760009765625,5483.93994140625,19974.619140625
2016-12-21,2265.179931640625,5471.43017578125,19941.9609375
2016-12-22,2260.9599609375,5447.419921875,19918.880859375
2016-12-23,2263.7900390625,5462.68994140625,19933.810546875
2016-12-27,2268.8798828125,5487.43994140625,19945.0390625
2016-12-28,2249.919921875,5438.56005859375,19833.6796875
2016-12-29,2249.260009765625,5432.08984375,19819.779296875
2016-12-30,2238.830078125,5383.1201171875,19762.599609375
2017-01-03,2257.830078125,5429.080078125,19881.759765625
2017-01-04,2270.75,5477.0,19942.16015625
2017-01-05,2269.0,5487.93994140625,19899.2890625
2017-01-06,2276.97998046875,5521.06005859375,19963.80078125
2017-01-09,2268.89990234375,5531.81982421875,19887.380859375
2017-01-10,2268.89990234375,5551.81982421875,19855.529296875
2017-01-11,2275.320068359375,5563.64990234375,19954.279296875
2017-01-12,2270.43994140625,5547.490234375,19891.0
2017-01-13,2274.639892578125,5574.1201171875,19885.73046875
2017-01-17,2267.889892578125,5538.72998046875,19826.76953125
2017-01-18,2271.889892578125,5555.64990234375,19804.720703125
2017-01-19,2263.68994140625,5540.080078125,19732.400390625
2017-01-20,2271.31005859375,5555.330078125,19827.25
2017-01-23,2265.199951171875,5552.93994140625,19799.849609375
2017-01-24,2280.070068359375,5600.9599609375,19912.7109375
2017-01-25,2298.3701171875,5656.33984375,20068.509765625
2017-01-26,2296.679931640625,5655.18017578125,20100.91015625
2017-01-27,2294.68994140625,5660.77978515625,20093.779296875
2017-01-30,2280.89990234375,5613.7099609375,19971.130859375
2017-01-31,2278.8701171875,5614.7900390625,19864.08984375
2017-02-01,2279.550048828125,5642.64990234375,19890.939453125
2017-02-02,2280.85009765625,5636.2001953125,19884.91015625
2017-02-03,2297.419921875,5666.77001953125,20071.4609375
2017-02-06,2292.56005859375,5663.5498046875,20052.419921875
2017-02-07,2293.080078125,5674.22021484375,20090.2890625
2017-02-08,2294.669921875,5682.4501953125,20054.33984375
2017-02-09,2307.8701171875,5715.18017578125,20172.400390625
2017-02-10,2316.10009765625,5734.1298828125,20269.369140625
2017-02-13,2328.25,5763.9599609375,20412.16015625
2017-02-14,2337.580078125,5782.56982421875,20504.41015625
2017-02-15,2349.25,5819.43994140625,20611.859375
2017-02-16,2347.219970703125,5814.89990234375,20619.76953125
2017-02-17,2351.159912109375,5838.580078125,20624.05078125
2017-02-21,2365.3798828125,5865.9501953125,20743.0
2017-02-22,2362.820068359375,5860.6298828125,20775.599609375
2017-02-23,2363.81005859375,5835.509765625,20810.3203125
2017-02-24,2367.340087890625,5845.31005859375,20821.759765625
2017-02-27,2369.75,5861.89990234375,20837.439453125
2017-02-28,2363.639892578125,5825.43994140625,20812.240234375
2017-03-01,2395.9599609375,5904.02978515625,21115.55078125
2017-03-02,2381.919921875,5861.22021484375,21002.970703125
2017-03-03,2383.1201171875,5870.75,21005.7109375
2017-03-06,2375.31005859375,5849.18017578125,20954.33984375
2017-03-07,2368.389892578125,5833.93017578125,20924.759765625
2017-03-08,2362.97998046875,5837.5498046875,20855.73046875
2017-03-09,2364.8701171875,5838.81005859375,20858.189453125
2017-03-10,2372.60009765625,5861.72998046875,20902.98046875
2017-03-13,2373.469970703125,5875.77978515625,20881.48046875
2017-03-14,2365.449951171875,5856.81982421875,20837.369140625
2017-03-15,2385.260009765625,5900.0498046875,20950.099609375
2017-03-16,2381.3798828125,5900.759765625,20934.55078125
2017-03-17,2378.25,5901.0,20914.619140625
2017-03-20,2373.469970703125,5901.52978515625,20905.859375
2017-03-21,2344.02001953125,5793.830078125,20668.009765625
2017-03-22,2348.449951171875,5821.64013671875,20661.30078125
2017-03-23,2345.9599609375,5817.68994140625,20656.580078125
2017-03-24,2343.97998046875,5828.740234375,20596.720703125
2017-03-27,2341.590087890625,5840.3701171875,20550.98046875
2017-03-28,2358.570068359375,5875.14013671875,20701.5
2017-03-29,2361.1298828125,5897.5498046875,20659.3203125
2017-03-30,2368.06005859375,5914.33984375,20728.490234375
2017-03-31,2362.719970703125,5911.740234375,20663.220703125
2017-04-03,2358.840087890625,5894.68017578125,20650.2109375
2017-04-04,2360.159912109375,5898.60986328125,20689.240234375
2017-04-05,2352.949951171875,5864.47998046875,20648.150390625
2017-04-06,2357.489990234375,5878.9501953125,20662.94921875
2017-04-07,2355.5400390625,5877.81005859375,20656.099609375
2017-04-10,2357.159912109375,5880.93017578125,20658.01953125
2017-04-11,2353.780029296875,5866.77001953125,20651.30078125
2017-04-12,2344.929931640625,5836.16015625,20591.859375
2017-04-13,2328.949951171875,5805.14990234375,20453.25
2017-04-17,2349.010009765625,5856.7900390625,20636.919921875
2017-04-18,2342.18994140625,5849.47021484375,20523.279296875
2017-04-19,2338.169921875,5863.02978515625,20404.490234375
2017-04-20,2355.840087890625,5916.77978515625,20578.7109375
2017-04-21,2348.68994140625,5910.52001953125,20547.759765625
2017-04-24,2374.14990234375,5983.81982421875,20763.890625
2017-04-25,2388.610107421875,6025.490234375,20996.119140625
2017-04-26,2387.449951171875,6025.22998046875,20975.08984375
2017-04-27,2388.77001953125,6048.93994140625,20981.330078125
2017-04-28,2384.199951171875,6047.60986328125,20940.509765625
2017-05-01,2388.330078125,6091.60009765625,20913.4609375
2017-05-02,2391.169921875,6095.3701171875,20949.890625
2017-05-03,2388.1298828125,6072.5498046875,20957.900390625
2017-05-04,2389.52001953125,6075.33984375,20951.470703125
2017-05-05,2399.2900390625,6100.759765625,21006.939453125
2017-05-08,2399.3798828125,6102.66015625,21012.279296875
2017-05-09,2396.919921875,6120.58984375,20975.779296875
2017-05-10,2399.6298828125,6129.14013671875,20943.109375
2017-05-11,2394.43994140625,6115.9599609375,20919.419921875
2017-05-12,2390.89990234375,6121.22998046875,20896.609375
2017-05-15,2402.320068359375,6149.669921875,20981.939453125
2017-05-16,2400.669921875,6169.8701171875,20979.75
2017-05-17,2357.030029296875,6011.240234375,20606.9296875
2017-05-18,2365.719970703125,6055.1298828125,20663.01953125
2017-05-19,2381.72998046875,6083.7001953125,20804.83984375
2017-05-22,2394.02001953125,6133.6201171875,20894.830078125
2017-05-23,2398.419921875,6138.7099609375,20937.91015625
2017-05-24,2404.389892578125,6163.02001953125,21012.419921875
2017-05-25,2415.070068359375,6205.259765625,21082.94921875
2017-05-26,2415.820068359375,6210.18994140625,21080.279296875
2017-05-30,2412.909912109375,6203.18994140625,21029.470703125
2017-05-31,2411.800048828125,6198.52001953125,21008.650390625
2017-06-01,2430.06005859375,6246.830078125,21144.1796875
2017-06-02,2439.070068359375,6305.7998046875,21206.2890625
2017-06-05,2436.10009765625,6295.68017578125,21184.0390625
2017-06-06,2429.330078125,6275.06005859375,21136.23046875
2017-06-07,2433.139892578125,6297.3798828125,21173.689453125
2017-06-08,2433.7900390625,6321.759765625,21182.529296875
2017-06-09,2431.77001953125,6207.919921875,21271.970703125
2017-06-12,2429.389892578125,6175.4599609375,21235.669921875
2017-06-13,2440.35009765625,6220.3701171875,21328.470703125
2017-06-14,2437.919921875,6194.89013671875,21374.560546875
2017-06-15,2432.4599609375,6165.5,21359.900390625
2017-06-16,2433.14990234375,6151.759765625,21384.279296875
2017-06-19,2453.4599609375,6239.009765625,21528.990234375
2017-06-20,2437.030029296875,6188.02978515625,21467.140625
2017-06-21,2435.610107421875,6233.9501953125,21410.029296875
2017-06-22,2434.5,6236.68994140625,21397.2890625
2017-06-23,2438.300048828125,6265.25,21394.759765625
2017-06-26,2439.070068359375,6247.14990234375,21409.55078125
2017-06-27,2419.3798828125,6146.6201171875,21310.66015625
2017-06-28,2440.68994140625,6234.41015625,21454.609375
2017-06-29,2419.699951171875,6144.35009765625,21287.029296875
2017-06-30,2423.409912109375,6140.419921875,21349.630859375
2017-07-03,2429.010009765625,6110.06005859375,21479.26953125
2017-07-05,2432.5400390625,6150.85986328125,21478.169921875
2017-07-06,2409.75,6089.4599609375,21320.0390625
2017-07-07,2425.179931640625,6153.080078125,21414.33984375
2017-07-10,2427.429931640625,6176.39013671875,21408.51953125
2017-07-11,2425.530029296875,6193.2998046875,21409.0703125
2017-07-12,2443.25,6261.169921875,21532.140625
2017-07-13,2447.830078125,6274.43994140625,21553.08984375
2017-07-14,2459.27001953125,6312.47021484375,21637.740234375
2017-07-17,2459.139892578125,6314.43017578125,21629.720703125
2017-07-18,2460.610107421875,6344.31005859375,21574.73046875
2017-07-19,2473.830078125,6385.0400390625,21640.75
2017-07-20,2473.449951171875,6390.0,21611.779296875
2017-07-21,2472.5400390625,6387.75,21580.0703125
2017-07-24,2469.909912109375,6410.81005859375,21513.169921875
2017-07-25,2477.1298828125,6412.169921875,21613.4296875
2017-07-26,2477.830078125,6422.75,21711.009765625
2017-07-27,2475.419921875,6382.18994140625,21796.55078125
2017-07-28,2472.10009765625,6374.68017578125,21830.310546875
2017-07-31,2470.300048828125,6348.1201171875,21891.119140625
2017-08-01,2476.35009765625,6362.93994140625,21963.919921875
2017-08-02,2477.570068359375,6362.64990234375,22016.240234375
2017-08-03,2472.159912109375,6340.33984375,22026.099609375
2017-08-04,2476.830078125,6351.56005859375,22092.810546875
2017-08-07,2480.909912109375,6383.77001953125,22118.419921875
2017-08-08,2474.919921875,6370.4599609375,22085.33984375
2017-08-09,2474.02001953125,6352.330078125,22048.69921875
2017-08-10,2438.2099609375,6216.8701171875,21844.009765625
2017-08-11,2441.320068359375,6256.56005859375,21858.3203125
2017-08-14,2465.840087890625,6340.22998046875,21993.7109375
2017-08-15,2464.610107421875,6333.009765625,21998.990234375
2017-08-16,2468.110107421875,6345.10986328125,22024.869140625
2017-08-17,2430.010009765625,6221.91015625,21750.73046875
2017-08-18,2425.550048828125,6216.52978515625,21674.509765625
2017-08-21,2428.3701171875,6213.1298828125,21703.75
2017-08-22,2452.510009765625,6297.47998046875,21899.890625
2017-08-23,2444.0400390625,6278.41015625,21812.08984375
2017-08-24,2438.969970703125,6271.330078125,21783.400390625
2017-08-25,2443.050048828125,6265.64013671875,21813.669921875
2017-08-28,2444.239990234375,6283.02001953125,21808.400390625
2017-08-29,2446.300048828125,6301.89013671875,21865.369140625
2017-08-30,2457.590087890625,6368.31005859375,21892.4296875
2017-08-31,2471.64990234375,6428.66015625,21948.099609375
2017-09-01,2476.550048828125,6435.330078125,21987.560546875
2017-09-05,2457.85009765625,6375.56982421875,21753.310546875
2017-09-06,2465.5400390625,6393.31005859375,21807.640625
2017-09-07,2465.10009765625,6397.8701171875,21784.779296875
2017-09-08,2461.429931640625,6360.18994140625,21797.7890625
2017-09-11,2488.110107421875,6432.259765625,22057.369140625
2017-09-12,2496.47998046875,6454.27978515625,22118.859375
2017-09-13,2498.3701171875,6460.18994140625,22158.1796875
2017-09-14,2495.6201171875,6429.080078125,22203.48046875
2017-09-15,2500.22998046875,6448.47021484375,22268.33984375
2017-09-18,2503.8701171875,6454.64013671875,22331.349609375
2017-09-19,2506.64990234375,6461.31982421875,22370.80078125
2017-09-20,2508.239990234375,6456.0400390625,22412.58984375
2017-09-21,2500.60009765625,6422.68994140625,22359.23046875
2017-09-22,2502.219970703125,6426.919921875,22349.58984375
2017-09-25,2496.659912109375,6370.58984375,22296.08984375
2017-09-26,2496.840087890625,6380.16015625,22284.3203125
2017-09-27,2507.0400390625,6453.259765625,22340.7109375
2017-09-28,2510.06005859375,6453.4501953125,22381.19921875
2017-09-29,2519.360107421875,6495.9599609375,22405.08984375
2017-10-02,2529.1201171875,6516.72021484375,22557.599609375
2017-10-03,2534.580078125,6531.7099609375,22641.669921875
2017-10-04,2537.739990234375,6534.6298828125,22661.640625
2017-10-05,2552.070068359375,6585.35986328125,22775.390625
2017-10-06,2549.330078125,6590.18017578125,22773.669921875
2017-10-09,2544.72998046875,6579.72998046875,22761.0703125
2017-10-10,2550.639892578125,6587.25,22830.6796875
2017-10-11,2555.239990234375,6603.5498046875,22872.890625
2017-10-12,2550.929931640625,6591.509765625,22841.009765625
2017-10-13,2553.169921875,6605.7998046875,22871.720703125
2017-10-16,2557.639892578125,6624.0,22956.9609375
2017-10-17,2559.360107421875,6623.66015625,22997.439453125
2017-10-18,2561.260009765625,6624.22021484375,23157.599609375
2017-10-19,2562.10009765625,6605.06982421875,23163.0390625
2017-10-20,2575.2099609375,6629.0498046875,23328.630859375
2017-10-23,2564.97998046875,6586.830078125,23273.9609375
2017-10-24,2569.1298828125,6598.43017578125,23441.759765625
2017-10-25,2557.14990234375,6563.89013671875,23329.4609375
2017-10-26,2560.39990234375,6556.77001953125,23400.859375
2017-10-27,2581.070068359375,6701.259765625,23434.189453125
2017-10-30,2572.830078125,6698.9599609375,23348.740234375
2017-10-31,2575.260009765625,6727.669921875,23377.240234375
2017-11-01,2579.360107421875,6716.52978515625,23435.009765625
2017-11-02,2579.85009765625,6714.93994140625,23516.259765625
2017-11-03,2587.840087890625,6764.43994140625,23539.189453125
2017-11-06,2591.1298828125,6786.43994140625,23548.419921875
2017-11-07,2590.639892578125,6767.77978515625,23557.23046875
2017-11-08,2594.3798828125,6789.1201171875,23563.359375
2017-11-09,2584.6201171875,6750.0498046875,23461.939453125
2017-11-10,2582.300048828125,6750.93994140625,23422.2109375
2017-11-13,2584.840087890625,6757.60009765625,23439.69921875
2017-11-14,2578.8701171875,6737.8701171875,23409.470703125
2017-11-15,2564.6201171875,6706.2099609375,23271.279296875
2017-11-16,2585.639892578125,6793.2900390625,23458.359375
2017-11-17,2578.85009765625,6782.7900390625,23358.240234375
2017-11-20,2582.139892578125,6790.7099609375,23430.330078125
2017-11-21,2599.030029296875,6862.47998046875,23590.830078125
2017-11-22,2597.080078125,6867.35986328125,23526.1796875
2017-11-24,2602.419921875,6889.16015625,23557.990234375
2017-11-27,2601.419921875,6878.52001953125,23580.779296875
2017-11-28,2627.0400390625,6912.35986328125,23836.7109375
2017-11-29,2626.070068359375,6824.39013671875,23940.6796875
2017-11-30,2647.580078125,6873.97021484375,24272.349609375
2017-12-01,2642.219970703125,6847.58984375,24231.58984375
2017-12-04,2639.43994140625,6775.3701171875,24290.05078125
2017-12-05,2629.570068359375,6762.2099609375,24180.640625
2017-12-06,2629.27001953125,6776.3798828125,24140.91015625
2017-12-07,2636.97998046875,6812.83984375,24211.48046875
2017-12-08,2651.5,6840.080078125,24329.16015625
2017-12-11,2659.989990234375,6875.080078125,24386.029296875
2017-12-12,2664.110107421875,6862.31982421875,24504.80078125
2017-12-13,2662.85009765625,6875.7998046875,24585.4296875
2017-12-14,2652.010009765625,6856.52978515625,24508.66015625
2017-12-15,2675.81005859375,6936.580078125,24651.740234375
2017-12-18,2690.159912109375,6994.759765625,24792.19921875
2017-12-19,2681.469970703125,6963.85009765625,24754.75
2017-12-20,2679.25,6960.9599609375,24726.650390625
2017-12-21,2684.570068359375,6965.35986328125,24782.2890625
2017-12-22,2683.340087890625,6959.9599609375,24754.060546875
2017-12-26,2680.5,6936.25,24746.2109375
2017-12-27,2682.6201171875,6939.33984375,24774.30078125
2017-12-28,2687.5400390625,6950.16015625,24837.509765625
2017-12-29,2673.610107421875,6903.39013671875,24719.220703125
2018-01-02,2695.81005859375,7006.89990234375,24824.009765625
2018-01-03,2713.06005859375,7065.52978515625,24922.6796875
2018-01-04,2723.989990234375,7077.91015625,25075.130859375
2018-01-05,2743.14990234375,7136.56005859375,25295.869140625
2018-01-08,2747.7099609375,7157.39013671875,25283.0
2018-01-09,2751.2900390625,7163.580078125,25385.80078125
2018-01-10,2748.22998046875,7153.56982421875,25369.130859375
2018-01-11,2767.56005859375,7211.77978515625,25574.73046875
2018-01-12,2786.239990234375,7261.06005859375,25803.189453125
2018-01-16,2776.419921875,7223.68994140625,25792.859375
2018-01-17,2802.56005859375,7298.27978515625,26115.650390625
2018-01-18,2798.030029296875,7296.0498046875,26017.810546875
2018-01-19,2810.300048828125,7336.3798828125,26071.720703125
2018-01-22,2832.969970703125,7408.02978515625,26214.599609375
2018-01-23,2839.1298828125,7460.2900390625,26210.810546875
2018-01-24,2837.5400390625,7415.06005859375,26252.119140625
2018-01-25,2839.25,7411.16015625,26392.7890625
2018-01-26,2872.8701171875,7505.77001953125,26616.7109375
2018-01-29,2853.530029296875,7466.509765625,26439.48046875
2018-01-30,2822.429931640625,7402.47998046875,26076.890625
2018-01-31,2823.81005859375,7411.47998046875,26149.390625
2018-02-01,2821.97998046875,7385.85986328125,26186.7109375
2018-02-02,2762.1298828125,7240.9501953125,25520.9609375
2018-02-05,2648.93994140625,6967.52978515625,24345.75
2018-02-06,2695.139892578125,7115.8798828125,24912.76953125
2018-02-07,2681.659912109375,7051.97998046875,24893.349609375
2018-02-08,2581.0,6777.16015625,23860.4609375
2018-02-09,2619.550048828125,6874.490234375,24190.900390625
2018-02-12,2656.0,6981.9599609375,24601.26953125
2018-02-13,2662.93994140625,7013.509765625,24640.44921875
2018-02-14,2698.6298828125,7143.6201171875,24893.490234375
2018-02-15,2731.199951171875,7256.43017578125,25200.369140625
2018-02-16,2732.219970703125,7239.47021484375,25219.380859375
2018-02-20,2716.260009765625,7234.31005859375,24964.75
2018-02-21,2701.330078125,7218.22998046875,24797.779296875
2018-02-22,2703.9599609375,7210.08984375,24962.48046875
2018-02-23,2747.300048828125,7337.39013671875,25309.990234375
2018-02-26,2779.60009765625,7421.4599609375,25709.26953125
2018-02-27,2744.280029296875,7330.35009765625,25410.029296875
2018-02-28,2713.830078125,7273.009765625,25029.19921875
2018-03-01,2677.669921875,7180.56005859375,24608.98046875
2018-03-02,2691.25,7257.8701171875,24538.060546875
2018-03-05,2720.93994140625,7330.7099609375,24874.759765625
2018-03-06,2728.1201171875,7372.009765625,24884.119140625
2018-03-07,2726.800048828125,7396.64990234375,24801.359375
2018-03-08,2738.969970703125,7427.9501953125,24895.2109375
2018-03-09,2786.570068359375,7560.81005859375,25335.740234375
2018-03-12,2783.02001953125,7588.31982421875,25178.609375
2018-03-13,2765.31005859375,7511.009765625,25007.029296875
2018-03-14,2749.47998046875,7496.81005859375,24758.119140625
2018-03-15,2747.330078125,7481.740234375,24873.66015625
2018-03-16,2752.010009765625,7481.990234375,24946.509765625
2018-03-19,2712.919921875,7344.240234375,24610.91015625
2018-03-20,2716.93994140625,7364.2998046875,24727.26953125
2018-03-21,2711.929931640625,7345.2900390625,24682.310546875
2018-03-22,2643.68994140625,7166.68017578125,23957.890625
2018-03-23,2588.260009765625,6992.669921875,23533.19921875
2018-03-26,2658.550048828125,7220.5400390625,24202.599609375
2018-03-27,2612.6201171875,7008.81005859375,23857.7109375
2018-03-28,2605.0,6949.22998046875,23848.419921875
2018-03-29,2640.8701171875,7063.4501953125,24103.109375
2018-04-02,2581.8798828125,6870.1201171875,23644.189453125
2018-04-03,2614.449951171875,6941.27978515625,24033.359375
2018-04-04,2644.68994140625,7042.10986328125,24264.30078125
2018-04-05,2662.840087890625,7076.5498046875,24505.220703125
2018-04-06,2604.469970703125,6915.10986328125,23932.759765625
2018-04-09,2613.159912109375,6950.33984375,23979.099609375
2018-04-10,2656.8701171875,7094.2998046875,24408.0
2018-04-11,2642.18994140625,7069.02978515625,24189.44921875
2018-04-12,2663.989990234375,7140.25,24483.05078125
2018-04-13,2656.300048828125,7106.64990234375,24360.140625
2018-04-16,2677.840087890625,7156.27978515625,24573.0390625
2018-04-17,2706.389892578125,7281.10009765625,24786.630859375
2018-04-18,2708.639892578125,7295.240234375,24748.0703125
2018-04-19,2693.1298828125,7238.06005859375,24664.890625
2018-04-20,2670.139892578125,7146.1298828125,24462.939453125
2018-04-23,2670.2900390625,7128.60009765625,24448.689453125
2018-04-24,2634.56005859375,7007.35009765625,24024.130859375
2018-04-25,2639.39990234375,7003.740234375,24083.830078125
2018-04-26,2666.93994140625,7118.68017578125,24322.33984375
2018-04-27,2669.909912109375,7119.7998046875,24311.189453125
2018-04-30,2648.050048828125,7066.27001953125,24163.150390625
2018-05-01,2654.800048828125,7130.7001953125,24099.05078125
2018-05-02,2635.669921875,7100.89990234375,23924.98046875
2018-05-03,2629.72998046875,7088.14990234375,23930.150390625
2018-05-04,2663.419921875,7209.6201171875,24262.509765625
2018-05-07,2672.6298828125,7265.2099609375,24357.3203125
2018-05-08,2671.919921875,7266.89990234375,24360.2109375
2018-05-09,2697.7900390625,7339.91015625,24542.5390625
2018-05-10,2723.070068359375,7404.97021484375,24739.529296875
2018-05-11,2727.719970703125,7402.8798828125,24831.169921875
2018-05-14,2730.1298828125,7411.31982421875,24899.41015625
2018-05-15,2711.449951171875,7351.6298828125,24706.41015625
2018-05-16,2722.4599609375,7398.2998046875,24768.9296875
2018-05-17,2720.1298828125,7382.47021484375,24713.98046875
2018-05-18,2712.969970703125,7354.33984375,24715.08984375
2018-05-21,2733.010009765625,7394.0400390625,25013.2890625
2018-05-22,2724.43994140625,7378.4599609375,24834.41015625
2018-05-23,2733.2900390625,7425.9599609375,24886.810546875
2018-05-24,2727.760009765625,7424.43017578125,24811.759765625
2018-05-25,2721.330078125,7433.85009765625,24753.08984375
2018-05-29,2689.860107421875,7396.58984375,24361.44921875
2018-05-30,2724.010009765625,7462.4501953125,24667.779296875
2018-05-31,2705.27001953125,7442.1201171875,24415.83984375
2018-06-01,2734.6201171875,7554.330078125,24635.2109375
2018-06-04,2746.8701171875,7606.4599609375,24813.689453125
2018-06-05,2748.800048828125,7637.85986328125,24799.98046875
2018-06-06,2772.35009765625,7689.240234375,25146.390625
2018-06-07,2770.3701171875,7635.06982421875,25241.41015625
2018-06-08,2779.030029296875,7645.509765625,25316.529296875
2018-06-11,2782.0,7659.93017578125,25322.310546875
2018-06-12,2786.85009765625,7703.7900390625,25320.73046875
2018-06-13,2775.6298828125,7695.7001953125,25201.19921875
2018-06-14,2782.489990234375,7761.0400390625,25175.310546875
2018-06-15,2779.659912109375,7746.3798828125,25090.48046875
2018-06-18,2773.75,7747.02978515625,24987.470703125
2018-06-19,2762.590087890625,7725.58984375,24700.2109375
2018-06-20,2767.320068359375,7781.509765625,24657.80078125
2018-06-21,2749.760009765625,7712.9501953125,24461.69921875
2018-06-22,2754.8798828125,7692.81982421875,24580.890625
2018-06-25,2717.070068359375,7532.009765625,24252.80078125
2018-06-26,2723.06005859375,7561.6298828125,24283.109375
2018-06-27,2699.6298828125,7445.080078125,24117.58984375
2018-06-28,2716.31005859375,7503.68017578125,24216.05078125
2018-06-29,2718.3701171875,7510.2998046875,24271.41015625
2018-07-02,2726.7099609375,7567.68994140625,24307.1796875
2018-07-03,2713.219970703125,7502.669921875,24174.8203125
2018-07-05,2736.610107421875,7586.43017578125,24356.740234375
2018-07-06,2759.820068359375,7688.39013671875,24456.48046875
2018-07-09,2784.169921875,7756.2001953125,24776.58984375
2018-07-10,2793.840087890625,7759.2001953125,24919.66015625
2018-07-11,2774.02001953125,7716.60986328125,24700.44921875
2018-07-12,2798.2900390625,7823.919921875,24924.890625
2018-07-13,2801.31005859375,7825.97998046875,25019.41015625
2018-07-16,2798.429931640625,7805.72021484375,25064.359375
2018-07-17,2809.550048828125,7855.1201171875,25119.890625
2018-07-18,2815.6201171875,7854.43994140625,25199.2890625
2018-07-19,2804.489990234375,7825.2998046875,25064.5
2018-07-20,2801.830078125,7820.2001953125,25058.119140625
2018-07-23,2806.97998046875,7841.8701171875,25044.2890625
2018-07-24,2820.39990234375,7840.77001953125,25241.939453125
2018-07-25,2846.070068359375,7932.240234375,25414.099609375
2018-07-26,2837.43994140625,7852.18017578125,25527.0703125
2018-07-27,2818.820068359375,7737.419921875,25451.060546875
2018-07-30,2802.60009765625,7630.0,25306.830078125
2018-07-31,2816.2900390625,7671.7900390625,25415.189453125
2018-08-01,2813.360107421875,7707.2900390625,25333.8203125
2018-08-02,2827.219970703125,7802.68994140625,25326.16015625
2018-08-03,2840.35009765625,7812.009765625,25462.580078125
2018-08-06,2850.39990234375,7859.68017578125,25502.1796875
2018-08-07,2858.449951171875,7883.66015625,25628.91015625
2018-08-08,2857.699951171875,7888.330078125,25583.75
2018-08-09,2853.580078125,7891.77978515625,25509.23046875
2018-08-10,2833.280029296875,7839.10986328125,25313.140625
2018-08-13,2821.929931640625,7819.7099609375,25187.69921875
2018-08-14,2839.9599609375,7870.89013671875,25299.919921875
2018-08-15,2818.3701171875,7774.1201171875,25162.41015625
2018-08-16,2840.68994140625,7806.52001953125,25558.73046875
2018-08-17,2850.1298828125,7816.330078125,25669.3203125
2018-08-20,2857.050048828125,7821.009765625,25758.689453125
2018-08-21,2862.9599609375,7859.169921875,25822.2890625
2018-08-22,2861.820068359375,7889.10009765625,25733.599609375
2018-08-23,2856.97998046875,7878.4599609375,25656.98046875
2018-08-24,2874.68994140625,7945.97998046875,25790.349609375
2018-08-27,2896.739990234375,8017.89990234375,26049.640625
2018-08-28,2897.52001953125,8030.0400390625,26064.01953125
2018-08-29,2914.0400390625,8109.68994140625,26124.5703125
2018-08-30,2901.1298828125,8088.35986328125,25986.919921875
2018-08-31,2901.52001953125,8109.5400390625,25964.8203125
2018-09-04,2896.719970703125,8091.25,25952.48046875
2018-09-05,2888.60009765625,7995.169921875,25974.990234375
2018-09-06,2878.050048828125,7922.72998046875,25995.869140625
2018-09-07,2871.679931640625,7902.5400390625,25916.5390625
2018-09-10,2877.1298828125,7924.16015625,25857.0703125
2018-09-11,2887.889892578125,7972.47021484375,25971.060546875
2018-09-12,2888.919921875,7954.22998046875,25998.919921875
2018-09-13,2904.179931640625,8013.7099609375,26145.990234375
2018-09-14,2904.97998046875,8010.0400390625,26154.669921875
2018-09-17,2888.800048828125,7895.7900390625,26062.119140625
2018-09-18,2904.31005859375,7956.10986328125,26246.9609375
2018-09-19,2907.949951171875,7950.0400390625,26405.759765625
2018-09-20,2930.75,8028.22998046875,26656.98046875
2018-09-21,2929.669921875,7986.9599609375,26743.5
2018-09-24,2919.3701171875,7993.25,26562.05078125
2018-09-25,2915.56005859375,8007.47021484375,26492.2109375
2018-09-26,2905.969970703125,7990.3701171875,26385.279296875
2018-09-27,2914.0,8041.97021484375,26439.9296875
2018-09-28,2913.97998046875,8046.35009765625,26458.310546875
2018-10-01,2924.590087890625,8037.2998046875,26651.2109375
2018-10-02,2923.429931640625,7999.5498046875,26773.939453125
2018-10-03,2925.510009765625,8025.08984375,26828.390625
2018-10-04,2901.610107421875,7879.509765625,26627.48046875
2018-10-05,2885.570068359375,7788.4501953125,26447.05078125
2018-10-08,2884.429931640625,7735.9501953125,26486.779296875
2018-10-09,2880.340087890625,7738.02001953125,26430.5703125
2018-10-10,2785.679931640625,7422.0498046875,25598.740234375
2018-10-11,2728.3701171875,7329.06005859375,25052.830078125
2018-10-12,2767.1298828125,7496.89013671875,25339.990234375
2018-10-15,2750.7900390625,7430.740234375,25250.55078125
2018-10-16,2809.919921875,7645.490234375,25798.419921875
2018-10-17,2809.2099609375,7642.7001953125,25706.6796875
2018-10-18,2768.780029296875,7485.14013671875,25379.44921875
2018-10-19,2767.780029296875,7449.02978515625,25444.33984375
2018-10-22,2755.8798828125,7468.6298828125,25317.41015625
2018-10-23,2740.68994140625,7437.5400390625,25191.4296875
2018-10-24,2656.10009765625,7108.39990234375,24583.419921875
2018-10-25,2705.570068359375,7318.33984375,24984.55078125
2018-10-26,2658.68994140625,7167.2099609375,24688.310546875
2018-10-29,2641.25,7050.2900390625,24442.919921875
2018-10-30,2682.6298828125,7161.64990234375,24874.640625
2018-10-31,2711.739990234375,7305.89990234375,25115.759765625
2018-11-01,2740.3701171875,7434.06005859375,25380.740234375
2018-11-02,2723.06005859375,7356.990234375,25270.830078125
2018-11-05,2738.31005859375,7328.85009765625,25461.69921875
2018-11-06,2755.449951171875,7375.9599609375,25635.009765625
2018-11-07,2813.889892578125,7570.75,26180.30078125
2018-11-08,2806.830078125,7530.8798828125,26191.220703125
2018-11-09,2781.010009765625,7406.89990234375,25989.30078125
2018-11-12,2726.219970703125,7200.8701171875,25387.1796875
2018-11-13,2722.179931640625,7200.8701171875,25286.490234375
2018-11-14,2701.580078125,7136.39013671875,25080.5
2018-11-15,2730.199951171875,7259.02978515625,25289.26953125
2018-11-16,2736.27001953125,7247.8701171875,25413.220703125
2018-11-19,2690.72998046875,7028.47998046875,25017.439453125
2018-11-20,2641.889892578125,6908.81982421875,24465.640625
2018-11-21,2649.929931640625,6972.25,24464.689453125
2018-11-23,2632.56005859375,6938.97998046875,24285.94921875
2018-11-26,2673.449951171875,7081.85009765625,24640.240234375
2018-11-27,2682.169921875,7082.7001953125,24748.73046875
2018-11-28,2743.7900390625,7291.58984375,25366.4296875
2018-11-29,2737.800048828125,7273.080078125,25338.83984375
2018-11-30,2760.169921875,7330.5400390625,25538.4609375
2018-12-03,2790.3701171875,7441.509765625,25826.4296875
2018-12-04,2700.06005859375,7158.43017578125,25027.0703125
2018-12-06,2695.949951171875,7188.259765625,24947.669921875
2018-12-07,2633.080078125,6969.25,24388.94921875
2018-12-10,2637.719970703125,7020.52001953125,24423.259765625
2018-12-11,2636.780029296875,7031.830078125,24370.240234375
2018-12-12,2651.070068359375,7098.31005859375,24527.26953125
2018-12-13,2650.5400390625,7070.330078125,24597.380859375
2018-12-14,2599.949951171875,6910.66015625,24100.509765625
2018-12-17,2545.93994140625,6753.72998046875,23592.98046875
2018-12-18,2546.159912109375,6783.91015625,23675.640625
2018-12-19,2506.9599609375,6636.830078125,23323.66015625
2018-12-20,2467.419921875,6528.41015625,22859.599609375
2018-12-21,2416.6201171875,6332.990234375,22445.369140625
2018-12-24,2351.10009765625,6192.919921875,21792.19921875
2018-12-26,2467.699951171875,6554.35986328125,22878.44921875
2018-12-27,2488.830078125,6579.490234375,23138.8203125
2018-12-28,2485.739990234375,6584.52001953125,23062.400390625
2018-12-31,2506.85009765625,6635.27978515625,23327.4609375
2019-01-02,2510.030029296875,6665.93994140625,23346.240234375
2019-01-03,2447.889892578125,6463.5,22686.220703125
2019-01-04,2531.93994140625,6738.85986328125,23433.16015625
2019-01-07,2549.68994140625,6823.47021484375,23531.349609375
2019-01-08,2574.409912109375,6897.0,23787.44921875
2019-01-09,2584.9599609375,6957.080078125,23879.119140625
2019-01-10,2596.639892578125,6986.06982421875,24001.919921875
2019-01-11,2596.260009765625,6971.47998046875,23995.94921875
2019-01-14,2582.610107421875,6905.919921875,23909.83984375
2019-01-15,2610.300048828125,7023.830078125,24065.58984375
2019-01-16,2616.10009765625,7034.68994140625,24207.16015625
2019-01-17,2635.9599609375,7084.4599609375,24370.099609375
2019-01-18,2670.7099609375,7157.22998046875,24706.349609375
2019-01-22,2632.89990234375,7020.35986328125,24404.48046875
2019-01-23,2638.699951171875,7025.77001953125,24575.619140625
2019-01-24,2642.330078125,7073.4599609375,24553.240234375
2019-01-25,2664.760009765625,7164.85986328125,24737.19921875
2019-01-28,2643.85009765625,7085.68017578125,24528.220703125
2019-01-29,2640.0,7028.2900390625,24579.9609375
2019-01-30,2681.050048828125,7183.080078125,25014.859375
2019-01-31,2704.10009765625,7281.740234375,24999.669921875
2019-02-01,2706.530029296875,7263.8701171875,25063.890625
2019-02-04,2724.8701171875,7347.5400390625,25239.369140625
2019-02-05,2737.699951171875,7402.080078125,25411.51953125
2019-02-06,2731.610107421875,7375.27978515625,25390.30078125
2019-02-07,2706.050048828125,7288.35009765625,25169.529296875
2019-02-08,2707.8798828125,7298.2001953125,25106.330078125
2019-02-11,2709.800048828125,7307.89990234375,25053.109375
2019-02-12,2744.72998046875,7414.6201171875,25425.759765625
2019-02-13,2753.030029296875,7420.3798828125,25543.26953125
2019-02-14,2745.72998046875,7426.9501953125,25439.390625
2019-02-15,2775.60009765625,7472.41015625,25883.25
2019-02-19,2779.760009765625,7486.77001953125,25891.3203125
2019-02-20,2784.699951171875,7489.06982421875,25954.439453125
2019-02-21,2774.8798828125,7459.7099609375,25850.630859375
2019-02-22,2792.669921875,7527.5400390625,26031.810546875
2019-02-25,2796.110107421875,7554.4599609375,26091.94921875
2019-02-26,2793.89990234375,7549.2998046875,26057.98046875
2019-02-27,2792.3798828125,7554.509765625,25985.16015625
2019-02-28,2784.489990234375,7532.52978515625,25916.0
2019-03-01,2803.68994140625,7595.35009765625,26026.3203125
2019-03-04,2792.81005859375,7577.56982421875,25819.650390625
2019-03-05,2789.64990234375,7576.35986328125,25806.630859375
2019-03-06,2771.449951171875,7505.919921875,25673.4609375
2019-03-07,2748.929931640625,7421.4599609375,25473.23046875
2019-03-08,2743.070068359375,7408.14013671875,25450.240234375
2019-03-11,2783.300048828125,7558.06005859375,25650.880859375
2019-03-12,2791.52001953125,7591.02978515625,25554.66015625
2019-03-13,2810.919921875,7643.41015625,25702.890625
2019-03-14,2808.47998046875,7630.91015625,25709.939453125
2019-03-15,2822.47998046875,7688.52978515625,25848.869140625
2019-03-18,2832.93994140625,7714.47998046875,25914.099609375
2019-03-19,2832.570068359375,7723.9501953125,25887.380859375
2019-03-20,2824.22998046875,7728.97021484375,25745.669921875
2019-03-21,2854.8798828125,7838.9599609375,25962.509765625
2019-03-22,2800.7099609375,7642.669921875,25502.3203125
2019-03-25,2798.360107421875,7637.5400390625,25516.830078125
2019-03-26,2818.4599609375,7691.52001953125,25657.73046875
2019-03-27,2805.3701171875,7643.3798828125,25625.58984375
2019-03-28,2815.43994140625,7669.169921875,25717.4609375
2019-03-29,2834.39990234375,7729.31982421875,25928.6796875
2019-04-01,2867.18994140625,7828.91015625,26258.419921875
2019-04-02,2867.239990234375,7848.68994140625,26179.130859375
2019-04-03,2873.39990234375,7895.5498046875,26218.130859375
2019-04-04,2879.389892578125,7891.77978515625,26384.630859375
2019-04-05,2892.739990234375,7938.68994140625,26424.990234375
2019-04-08,2895.77001953125,7953.8798828125,26341.01953125
2019-04-09,2878.199951171875,7909.27978515625,26150.580078125
2019-04-10,2888.2099609375,7964.240234375,26157.16015625
2019-04-11,2888.320068359375,7947.35986328125,26143.05078125
2019-04-12,2907.409912109375,7984.16015625,26412.30078125
2019-04-15,2905.580078125,7976.009765625,26384.76953125
2019-04-16,2907.06005859375,8000.22998046875,26452.66015625
2019-04-17,2900.449951171875,7996.080078125,26449.5390625
2019-04-18,2905.030029296875,7998.06005859375,26559.5390625
2019-04-22,2907.969970703125,8015.27001953125,26511.05078125
2019-04-23,2933.679931640625,8120.81982421875,26656.390625
2019-04-24,2927.25,8102.009765625,26597.05078125
2019-04-25,2926.169921875,8118.68017578125,26462.080078125
2019-04-26,2939.8798828125,8146.39990234375,26543.330078125
2019-04-29,2943.030029296875,8161.85009765625,26554.390625
2019-04-30,2945.830078125,8095.39013671875,26592.91015625
2019-05-01,2923.72998046875,8049.64013671875,26430.140625
2019-05-02,2917.52001953125,8036.77001953125,26307.7890625
2019-05-03,2945.639892578125,8164.0,26504.94921875
2019-05-06,2932.469970703125,8123.2900390625,26438.48046875
2019-05-07,2884.050048828125,7963.759765625,25965.08984375
2019-05-08,2879.419921875,7943.31982421875,25967.330078125
2019-05-09,2870.719970703125,7910.58984375,25828.359375
2019-05-10,2881.39990234375,7916.93994140625,25942.369140625
2019-05-13,2811.8701171875,7647.02001953125,25324.990234375
2019-05-14,2834.409912109375,7734.490234375,25532.05078125
2019-05-15,2850.9599609375,7822.14990234375,25648.01953125
2019-05-16,2876.320068359375,7898.0498046875,25862.6796875
2019-05-17,2859.530029296875,7816.27978515625,25764.0
2019-05-20,2840.22998046875,7702.3798828125,25679.900390625
2019-05-21,2864.360107421875,7785.72021484375,25877.330078125
2019-05-22,2856.27001953125,7750.83984375,25776.609375
2019-05-23,2822.239990234375,7628.27978515625,25490.470703125
2019-05-24,2826.06005859375,7637.009765625,25585.689453125
2019-05-28,2802.389892578125,7607.35009765625,25347.76953125
2019-05-29,2783.02001953125,7547.31005859375,25126.41015625
2019-05-30,2788.860107421875,7567.72021484375,25169.880859375
2019-05-31,2752.06005859375,7453.14990234375,24815.0390625
2019-06-03,2744.449951171875,7333.02001953125,24819.779296875
2019-06-04,2803.27001953125,7527.1201171875,25332.1796875
2019-06-05,2826.14990234375,7575.47998046875,25539.5703125
2019-06-06,2843.489990234375,7615.5498046875,25720.66015625
2019-06-07,2873.340087890625,7742.10009765625,25983.939453125
2019-06-10,2886.72998046875,7823.169921875,26062.6796875
2019-06-11,2885.719970703125,7822.56982421875,26048.509765625
2019-06-12,2879.840087890625,7792.72021484375,26004.830078125
2019-06-13,2891.639892578125,7837.1298828125,26106.76953125
2019-06-14,2886.97998046875,7796.66015625,26089.609375
2019-06-17,2889.669921875,7845.02001953125,26112.529296875
2019-06-18,2917.75,7953.8798828125,26465.5390625
2019-06-19,2926.4599609375,7987.31982421875,26504.0
2019-06-20,2954.179931640625,8051.33984375,26753.169921875
2019-06-21,2950.4599609375,8031.7099609375,26719.130859375
2019-06-24,2945.35009765625,8005.7001953125,26727.5390625
2019-06-25,2917.3798828125,7884.72021484375,26548.220703125
2019-06-26,2913.780029296875,7909.97021484375,26536.8203125
2019-06-27,2924.919921875,7967.759765625,26526.580078125
2019-06-28,2941.760009765625,8006.240234375,26599.9609375
2019-07-01,2964.330078125,8091.16015625,26717.4296875
2019-07-02,2973.010009765625,8109.08984375,26786.6796875
2019-07-03,2995.820068359375,8170.22998046875,26966.0
2019-07-05,2990.409912109375,8161.7900390625,26922.119140625
2019-07-08,2975.949951171875,8098.3798828125,26806.140625
2019-07-09,2979.6298828125,8141.72998046875,26783.490234375
2019-07-10,2993.070068359375,8202.5302734375,26860.19921875
2019-07-11,2999.909912109375,8196.0400390625,27088.080078125
2019-07-12,3013.77001953125,8244.1396484375,27332.029296875
2019-07-15,3014.300048828125,8258.1904296875,27359.16015625
2019-07-16,3004.0400390625,8222.7998046875,27335.630859375
2019-07-17,2984.419921875,8185.2099609375,27219.849609375
2019-07-18,2995.110107421875,8207.240234375,27222.970703125
2019-07-19,2976.610107421875,8146.490234375,27154.19921875
2019-07-22,2985.030029296875,8204.1396484375,27171.900390625
2019-07-23,3005.469970703125,8251.400390625,27349.189453125
2019-07-24,3019.56005859375,8321.5,27269.970703125
2019-07-25,3003.669921875,8238.5400390625,27140.98046875
2019-07-26,3025.860107421875,8330.2099609375,27192.44921875
2019-07-29,3020.969970703125,8293.330078125,27221.349609375
2019-07-30,3013.179931640625,8273.6103515625,27198.01953125
2019-07-31,2980.3798828125,8175.419921875,26864.26953125
2019-08-01,2953.56005859375,8111.1201171875,26583.419921875
2019-08-02,2932.050048828125,8004.06982421875,26485.009765625
2019-08-05,2844.739990234375,7726.0400390625,25717.740234375
2019-08-06,2881.77001953125,7833.27001953125,26029.51953125
2019-08-07,2883.97998046875,7862.830078125,26007.0703125
2019-08-08,2938.090087890625,8039.16015625,26378.189453125
2019-08-09,2918.64990234375,7959.14013671875,26287.439453125
2019-08-12,2882.699951171875,7863.41015625,25896.439453125
2019-08-13,2926.320068359375,8016.35986328125,26279.91015625
2019-08-14,2840.60009765625,7773.93994140625,25479.419921875
2019-08-15,2847.60009765625,7766.6201171875,25579.390625
2019-08-16,2888.679931640625,7895.990234375,25886.009765625
2019-08-19,2923.64990234375,8002.81005859375,26135.7890625
2019-08-20,2900.510009765625,7948.56005859375,25962.439453125
2019-08-21,2924.429931640625,8020.2099609375,26202.73046875
2019-08-22,2922.949951171875,7991.39013671875,26252.240234375
2019-08-23,2847.110107421875,7751.77001953125,25628.900390625
2019-08-26,2878.3798828125,7853.740234375,25898.830078125
2019-08-27,2869.159912109375,7826.9501953125,25777.900390625
2019-08-28,2887.93994140625,7856.8798828125,26036.099609375
2019-08-29,2924.580078125,7973.39013671875,26362.25
2019-08-30,2926.4599609375,7962.8798828125,26403.279296875
2019-09-03,2906.27001953125,7874.16015625,26118.01953125
2019-09-04,2937.780029296875,7976.8798828125,26355.470703125
2019-09-05,2976.0,8116.830078125,26728.150390625
2019-09-06,2978.7099609375,8103.06982421875,26797.4609375
2019-09-09,2978.429931640625,8087.43994140625,26835.509765625
2019-09-10,2979.389892578125,8084.16015625,26909.4296875
2019-09-11,3000.929931640625,8169.68017578125,27137.0390625
2019-09-12,3009.570068359375,8194.4697265625,27182.44921875
2019-09-13,3007.389892578125,8176.7099609375,27219.51953125
2019-09-16,2997.9599609375,8153.5400390625,27076.8203125
2019-09-17,3005.699951171875,8186.02001953125,27110.80078125
2019-09-18,3006.72998046875,8177.39013671875,27147.080078125
2019-09-19,3006.7900390625,8182.8798828125,27094.7890625
2019-09-20,2992.070068359375,8117.669921875,26935.0703125
2019-09-23,2991.780029296875,8112.4599609375,26949.990234375
2019-09-24,2966.60009765625,7993.6298828125,26807.76953125
2019-09-25,2984.8701171875,8077.3798828125,26970.7109375
2019-09-26,2977.6201171875,8030.66015625,26891.119140625
2019-09-27,2961.7900390625,7939.6298828125,26820.25
2019-09-30,2976.739990234375,7999.33984375,26916.830078125
2019-10-01,2940.25,7908.68017578125,26573.0390625
2019-10-02,2887.610107421875,7785.25,26078.619140625
2019-10-03,2910.6298828125,7872.259765625,26201.0390625
2019-10-04,2952.010009765625,7982.47021484375,26573.720703125
2019-10-07,2938.7900390625,7956.2900390625,26478.01953125
2019-10-08,2893.06005859375,7823.77978515625,26164.0390625
2019-10-09,2919.39990234375,7903.740234375,26346.009765625
2019-10-10,2938.1298828125,7950.77978515625,26496.669921875
2019-10-11,2970.27001953125,8057.0400390625,26816.58984375
2019-10-14,2966.14990234375,8048.64990234375,26787.359375
2019-10-15,2995.679931640625,8148.7099609375,27024.80078125
2019-10-16,2989.68994140625,8124.18017578125,27001.98046875
2019-10-17,2997.949951171875,8156.85009765625,27025.880859375
2019-10-18,2986.199951171875,8089.5400390625,26770.19921875
2019-10-21,3006.719970703125,8162.990234375,26827.640625
2019-10-22,2995.989990234375,8104.2998046875,26788.099609375
2019-10-23,3004.52001953125,8119.7900390625,26833.94921875
2019-10-24,3010.2900390625,8185.7998046875,26805.529296875
2019-10-25,3022.550048828125,8243.1201171875,26958.060546875
2019-10-28,3039.419921875,8325.990234375,27090.720703125
2019-10-29,3036.889892578125,8276.849609375,27071.4609375
2019-10-30,3046.77001953125,8303.98046875,27186.689453125
2019-10-31,3037.56005859375,8292.3603515625,27046.23046875
2019-11-01,3066.909912109375,8386.400390625,27347.359375
2019-11-04,3078.27001953125,8433.2001953125,27462.109375
2019-11-05,3074.6201171875,8434.6796875,27492.630859375
2019-11-06,3076.780029296875,8410.6298828125,27492.560546875
2019-11-07,3085.179931640625,8434.51953125,27674.80078125
2019-11-08,3093.080078125,8475.3095703125,27681.240234375
2019-11-11,3087.010009765625,8464.2802734375,27691.490234375
2019-11-12,3091.840087890625,8486.08984375,27691.490234375
2019-11-13,3094.0400390625,8482.099609375,27783.58984375
2019-11-14,3096.6298828125,8479.01953125,27781.9609375
2019-11-15,3120.4599609375,8540.830078125,28004.890625
2019-11-18,3122.030029296875,8549.9404296875,28036.220703125
2019-11-19,3120.179931640625,8570.66015625,27934.01953125
2019-11-20,3108.4599609375,8526.73046875,27821.08984375
2019-11-21,3103.5400390625,8506.2099609375,27766.2890625
2019-11-22,3110.2900390625,8519.8798828125,27875.619140625
2019-11-25,3133.639892578125,8632.490234375,28066.470703125
2019-11-26,3140.52001953125,8647.9296875,28121.6796875
2019-11-27,3153.6298828125,8705.1796875,28164.0
2019-11-29,3140.97998046875,8665.4697265625,28051.41015625
2019-12-02,3113.8701171875,8567.990234375,27783.0390625
2019-12-03,3093.199951171875,8520.6396484375,27502.810546875
2019-12-04,3112.760009765625,8566.669921875,27649.779296875
2019-12-05,3117.429931640625,8570.7001953125,27677.7890625
2019-12-06,3145.909912109375,8656.5302734375,28015.060546875
2019-12-09,3135.9599609375,8621.830078125,27909.599609375
2019-12-10,3132.52001953125,8616.1796875,27881.720703125
2019-12-11,3141.6298828125,8654.0498046875,27911.30078125
2019-12-12,3168.570068359375,8717.3203125,28132.05078125
2019-12-13,3168.800048828125,8734.8798828125,28135.380859375
2019-12-16,3191.449951171875,8814.23046875,28235.890625
2019-12-17,3192.52001953125,8823.3603515625,28267.16015625
2019-12-18,3191.139892578125,8827.740234375,28239.279296875
2019-12-19,3205.3701171875,8887.2197265625,28376.9609375
2019-12-20,3221.219970703125,8924.9599609375,28455.08984375
2019-12-23,3224.010009765625,8945.650390625,28551.529296875
2019-12-24,3223.3798828125,8952.8798828125,28515.44921875
2019-12-26,3239.909912109375,9022.3896484375,28621.390625
2019-12-27,3240.02001953125,9006.6201171875,28645.259765625
2019-12-30,3221.2900390625,8945.990234375,28462.140625
2019-12-31,3230.780029296875,8972.599609375,28538.439453125
2020-01-02,3257.85009765625,9092.1904296875,28868.80078125
2020-01-03,3234.85009765625,9020.76953125,28634.880859375
2020-01-06,3246.280029296875,9071.4697265625,28703.380859375
2020-01-07,3237.179931640625,9068.580078125,28583.6796875
2020-01-08,3253.050048828125,9129.240234375,28745.08984375
2020-01-09,3274.699951171875,9203.4296875,28956.900390625
2020-01-10,3265.35009765625,9178.8603515625,28823.76953125
2020-01-13,3288.1298828125,9273.9296875,28907.05078125
2020-01-14,3283.14990234375,9251.330078125,28939.669921875
2020-01-15,3289.2900390625,9258.7001953125,29030.220703125
2020-01-16,3316.81005859375,9357.1298828125,29297.640625
2020-01-17,3329.6201171875,9388.9404296875,29348.099609375
2020-01-21,3320.7900390625,9370.8095703125,29196.0390625
2020-01-22,3321.75,9383.76953125,29186.26953125
2020-01-23,3325.5400390625,9402.48046875,29160.08984375
2020-01-24,3295.469970703125,9314.91015625,28989.73046875
2020-01-27,3243.6298828125,9139.3095703125,28535.80078125
2020-01-28,3276.239990234375,9269.6796875,28722.849609375
2020-01-29,3273.39990234375,9275.16015625,28734.44921875
2020-01-30,3283.659912109375,9298.9296875,28859.439453125
2020-01-31,3225.52001953125,9150.9404296875,28256.029296875
2020-02-03,3248.919921875,9273.400390625,28399.810546875
2020-02-04,3297.590087890625,9467.9697265625,28807.630859375
2020-02-05,3334.68994140625,9508.6796875,29290.849609375
2020-02-06,3345.780029296875,9572.150390625,29379.76953125
2020-02-07,3327.7099609375,9520.509765625,29102.509765625
2020-02-10,3352.090087890625,9628.3896484375,29276.8203125
2020-02-11,3357.75,9638.9404296875,29276.33984375
2020-02-12,3379.449951171875,9725.9599609375,29551.419921875
2020-02-13,3373.93994140625,9711.9697265625,29423.310546875
2020-02-14,3380.159912109375,9731.1796875,29398.080078125
2020-02-18,3370.2900390625,9732.740234375,29232.189453125
2020-02-19,3386.14990234375,9817.1796875,29348.029296875
2020-02-20,3373.22998046875,9750.9697265625,29219.98046875
2020-02-21,3337.75,9576.58984375,28992.41015625
2020-02-24,3225.889892578125,9221.2802734375,27960.80078125
2020-02-25,3128.2099609375,8965.6103515625,27081.359375
2020-02-26,3116.389892578125,8980.7802734375,26957.58984375
2020-02-27,2978.760009765625,8566.48046875,25766.640625
2020-02-28,2954.219970703125,8567.3701171875,25409.359375
2020-03-02,3090.22998046875,8952.169921875,26703.3203125
2020-03-03,3003.3701171875,8684.08984375,25917.41015625
2020-03-04,3130.1201171875,9018.08984375,27090.859375
2020-03-05,3023.93994140625,8738.58984375,26121.279296875
2020-03-06,2972.3701171875,8575.6201171875,25864.779296875
2020-03-09,2746.56005859375,7950.68017578125,23851.01953125
2020-03-10,2882.22998046875,8344.25,25018.16015625
2020-03-11,2741.3798828125,7952.0498046875,23553.220703125
2020-03-12,2480.639892578125,7201.7998046875,21200.619140625
2020-03-13,2711.02001953125,7874.8798828125,23185.619140625
2020-03-16,2386.1298828125,6904.58984375,20188.51953125
2020-03-17,2529.18994140625,7334.77978515625,21237.380859375
2020-03-18,2398.10009765625,6989.83984375,19898.919921875
2020-03-19,2409.389892578125,7150.580078125,20087.189453125
2020-03-20,2304.919921875,6879.52001953125,19173.98046875
2020-03-23,2237.39990234375,6860.669921875,18591.9296875
2020-03-24,2447.330078125,7417.85986328125,20704.91015625
2020-03-25,2475.56005859375,7384.2998046875,21200.55078125
2020-03-26,2630.070068359375,7797.5400390625,22552.169921875
2020-03-27,2541.469970703125,7502.3798828125,21636.779296875
2020-03-30,2626.64990234375,7774.14990234375,22327.48046875
2020-03-31,2584.590087890625,7700.10009765625,21917.16015625
2020-04-01,2470.5,7360.580078125,20943.509765625
2020-04-02,2526.89990234375,7487.31005859375,21413.439453125
2020-04-03,2488.64990234375,7373.080078125,21052.529296875
2020-04-06,2663.679931640625,7913.240234375,22679.990234375
2020-04-07,2659.409912109375,7887.259765625,22653.859375
2020-04-08,2749.97998046875,8090.89990234375,23433.5703125
2020-04-09,2789.820068359375,8153.580078125,23719.369140625
2020-04-13,2761.6298828125,8192.419921875,23390.76953125
2020-04-14,2846.06005859375,8515.740234375,23949.759765625
2020-04-15,2783.360107421875,8393.1796875,23504.349609375
2020-04-16,2799.550048828125,8532.3603515625,23537.6796875
2020-04-17,2874.56005859375,8650.1396484375,24242.490234375
2020-04-20,2823.159912109375,8560.73046875,23650.439453125
2020-04-21,2736.56005859375,8263.23046875,23018.880859375
2020-04-22,2799.31005859375,8495.3798828125,23475.8203125
2020-04-23,2797.800048828125,8494.75,23515.259765625
2020-04-24,2836.739990234375,8634.51953125,23775.26953125
2020-04-27,2878.47998046875,8730.16015625,24133.779296875
2020-04-28,2863.389892578125,8607.73046875,24101.55078125
2020-04-29,2939.510009765625,8914.7099609375,24633.859375
2020-04-30,2912.429931640625,8889.5498046875,24345.720703125
2020-05-01,2830.7099609375,8604.9501953125,23723.689453125
2020-05-04,2842.739990234375,8710.7099609375,23749.759765625
2020-05-05,2868.43994140625,8809.1201171875,23883.08984375
2020-05-06,2848.419921875,8854.3896484375,23664.640625
2020-05-07,2881.18994140625,8979.66015625,23875.890625
2020-05-08,2929.800048828125,9121.3203125,24331.3203125
2020-05-11,2930.18994140625,9192.33984375,24221.990234375
2020-05-12,2870.1201171875,9002.5498046875,23764.779296875
2020-05-13,2820.0,8863.169921875,23247.970703125
2020-05-14,2852.5,8943.7197265625,23625.33984375
2020-05-15,2863.699951171875,9014.5595703125,23685.419921875
2020-05-18,2953.909912109375,9234.830078125,24597.369140625
2020-05-19,2922.93994140625,9185.099609375,24206.859375
2020-05-20,2971.610107421875,9375.7802734375,24575.900390625
2020-05-21,2948.510009765625,9284.8798828125,24474.119140625
2020-05-22,2955.449951171875,9324.58984375,24465.16015625
2020-05-26,2991.77001953125,9340.2197265625,24995.109375
2020-05-27,3036.1298828125,9412.3603515625,25548.26953125
2020-05-28,3029.72998046875,9368.990234375,25400.640625
2020-05-29,3044.31005859375,9489.8701171875,25383.109375
2020-06-01,3055.72998046875,9552.0498046875,25475.01953125
2020-06-02,3080.820068359375,9608.3798828125,25742.650390625
2020-06-03,3122.8701171875,9682.91015625,26269.890625
2020-06-04,3112.35009765625,9615.8095703125,26281.8203125
2020-06-05,3193.929931640625,9814.080078125,27110.98046875
2020-06-08,3232.389892578125,9924.75,27572.439453125
2020-06-09,3207.179931640625,9953.75,27272.30078125
2020-06-10,3190.139892578125,10020.349609375,26989.990234375
2020-06-11,3002.10009765625,9492.73046875,25128.169921875
2020-06-12,3041.31005859375,9588.8095703125,25605.5390625
2020-06-15,3066.590087890625,9726.01953125,25763.16015625
2020-06-16,3124.739990234375,9895.8701171875,26289.98046875
2020-06-17,3113.489990234375,9910.5302734375,26119.609375
2020-06-18,3115.340087890625,9943.0498046875,26080.099609375
2020-06-19,3097.739990234375,9946.1201171875,25871.4609375
2020-06-22,3117.860107421875,10056.48046875,26024.9609375
2020-06-23,3131.2900390625,10131.3701171875,26156.099609375
2020-06-24,3050.330078125,9909.169921875,25445.939453125
2020-06-25,3083.760009765625,10017.0,25745.599609375
2020-06-26,3009.050048828125,9757.2197265625,25015.55078125
2020-06-29,3053.239990234375,9874.150390625,25595.80078125
2020-06-30,3100.2900390625,10058.76953125,25812.880859375
2020-07-01,3115.860107421875,10154.6298828125,25734.970703125
2020-07-02,3130.010009765625,10207.6298828125,25827.359375
2020-07-06,3179.719970703125,10433.650390625,26287.029296875
2020-07-07,3145.320068359375,10343.8896484375,25890.1796875
2020-07-08,3169.93994140625,10492.5,26067.279296875
2020-07-09,3152.050048828125,10547.75,25706.08984375
2020-07-10,3185.0400390625,10617.4404296875,26075.30078125
2020-07-13,3155.219970703125,10390.83984375,26085.80078125
2020-07-14,3197.52001953125,10488.580078125,26642.58984375
2020-07-15,3226.56005859375,10550.490234375,26870.099609375
2020-07-16,3215.570068359375,10473.830078125,26734.7109375
2020-07-17,3224.72998046875,10503.1904296875,26671.94921875
2020-07-20,3251.840087890625,10767.08984375,26680.869140625
2020-07-21,3257.300048828125,10680.3603515625,26840.400390625
2020-07-22,3276.02001953125,10706.1298828125,27005.83984375
2020-07-23,3235.659912109375,10461.419921875,26652.330078125
2020-07-24,3215.6298828125,10363.1796875,26469.890625
2020-07-27,3239.409912109375,10536.26953125,26584.76953125
2020-07-28,3218.43994140625,10402.08984375,26379.279296875
2020-07-29,3258.43994140625,10542.9404296875,26539.5703125
2020-07-30,3246.219970703125,10587.8095703125,26313.650390625
2020-07-31,3271.1201171875,10745.26953125,26428.3203125
2020-08-03,3294.610107421875,10902.7998046875,26664.400390625
2020-08-04,3306.510009765625,10941.169921875,26828.470703125
2020-08-05,3327.77001953125,10998.400390625,27201.51953125
2020-08-06,3349.159912109375,11108.0703125,27386.98046875
2020-08-07,3351.280029296875,11010.98046875,27433.48046875
2020-08-10,3360.469970703125,10968.3603515625,27791.439453125
2020-08-11,3333.68994140625,10782.8203125,27686.91015625
2020-08-12,3380.35009765625,11012.240234375,27976.83984375
2020-08-13,3373.429931640625,11042.5,27896.720703125
2020-08-14,3372.85009765625,11019.2998046875,27931.01953125
2020-08-17,3381.989990234375,11129.73046875,27844.91015625
2020-08-18,3389.780029296875,11210.83984375,27778.0703125
2020-08-19,3374.85009765625,11146.4599609375,27692.880859375
2020-08-20,3385.510009765625,11264.9501953125,27739.73046875
2020-08-21,3397.159912109375,11311.7998046875,27930.330078125
2020-08-24,3431.280029296875,11379.7197265625,28308.4609375
2020-08-25,3443.6201171875,11466.4697265625,28248.439453125
2020-08-26,3478.72998046875,11665.0595703125,28331.919921875
2020-08-27,3484.550048828125,11625.33984375,28492.26953125
2020-08-28,3508.010009765625,11695.6298828125,28653.869140625
2020-08-31,3500.31005859375,11775.4599609375,28430.05078125
2020-09-01,3526.64990234375,11939.669921875,28645.66015625
2020-09-02,3580.840087890625,12056.4404296875,29100.5
2020-09-03,3455.06005859375,11458.099609375,28292.73046875
2020-09-04,3426.9599609375,11313.1298828125,28133.310546875
2020-09-08,3331.840087890625,10847.6904296875,27500.890625
2020-09-09,3398.9599609375,11141.5595703125,27940.470703125
2020-09-10,3339.18994140625,10919.58984375,27534.580078125
2020-09-11,3340.969970703125,10853.5498046875,27665.640625
2020-09-14,3383.5400390625,11056.650390625,27993.330078125
2020-09-15,3401.199951171875,11190.3203125,27995.599609375
2020-09-16,3385.489990234375,11050.4697265625,28032.380859375
2020-09-17,3357.010009765625,10910.2802734375,27901.98046875
2020-09-18,3319.469970703125,10793.2802734375,27657.419921875
2020-09-21,3281.06005859375,10778.7998046875,27147.69921875
2020-09-22,3315.570068359375,10963.6396484375,27288.1796875
2020-09-23,3236.919921875,10632.990234375,26763.130859375
2020-09-24,3246.590087890625,10672.26953125,26815.439453125
2020-09-25,3298.4599609375,10913.5595703125,27173.9609375
2020-09-28,3351.60009765625,11117.5302734375,27584.060546875
2020-09-29,3335.469970703125,11085.25,27452.66015625
2020-09-30,3363.0,11167.509765625,27781.69921875
2020-10-01,3380.800048828125,11326.509765625,27816.900390625
2020-10-02,3348.419921875,11075.01953125,27682.810546875
2020-10-05,3408.60009765625,11332.490234375,28148.640625
2020-10-06,3360.969970703125,11154.599609375,27772.759765625
2020-10-07,3419.43994140625,11364.599609375,28303.4609375
2020-10-08,3446.830078125,11420.98046875,28425.509765625
2020-10-09,3477.139892578125,11579.9404296875,28586.900390625
2020-10-12,3534.219970703125,11876.259765625,28837.51953125
2020-10-13,3511.929931640625,11863.900390625,28679.810546875
2020-10-14,3488.669921875,11768.73046875,28514.0
2020-10-15,3483.340087890625,11713.8701171875,28494.19921875
2020-10-16,3483.81005859375,11671.5595703125,28606.310546875
2020-10-19,3426.919921875,11478.8798828125,28195.419921875
2020-10-20,3443.1201171875,11516.490234375,28308.7890625
2020-10-21,3435.56005859375,11484.6904296875,28210.8203125
2020-10-22,3453.489990234375,11506.009765625,28363.66015625
2020-10-23,3465.389892578125,11548.2802734375,28335.5703125
2020-10-26,3400.969970703125,11358.9404296875,27685.380859375
2020-10-27,3390.679931640625,11431.349609375,27463.189453125
2020-10-28,3271.030029296875,11004.8701171875,26519.94921875
2020-10-29,3310.110107421875,11185.58984375,26659.109375
2020-10-30,3269.9599609375,10911.58984375,26501.599609375
2020-11-02,3310.239990234375,10957.6103515625,26925.05078125
2020-11-03,3369.159912109375,11160.5703125,27480.029296875
2020-11-04,3443.43994140625,11590.7802734375,27847.66015625
2020-11-05,3510.449951171875,11890.9296875,28390.1796875
2020-11-06,3509.43994140625,11895.23046875,28323.400390625
2020-11-09,3550.5,11713.7802734375,29157.970703125
2020-11-10,3545.530029296875,11553.8603515625,29420.919921875
2020-11-11,3572.659912109375,11786.4296875,29397.630859375
2020-11-12,3537.010009765625,11709.58984375,29080.169921875
2020-11-13,3585.14990234375,11829.2900390625,29479.810546875
2020-11-16,3626.909912109375,11924.1298828125,29950.439453125
2020-11-17,3609.530029296875,11899.33984375,29783.349609375
2020-11-18,3567.7900390625,11801.599609375,29438.419921875
2020-11-19,3581.8701171875,11904.7099609375,29483.23046875
2020-11-20,3557.5400390625,11854.9697265625,29263.48046875
2020-11-23,3577.590087890625,11880.6298828125,29591.26953125
2020-11-24,3635.409912109375,12036.7900390625,30046.240234375
2020-11-25,3629.64990234375,12094.400390625,29872.470703125
2020-11-27,3638.35009765625,12205.849609375,29910.369140625
2020-11-30,3621.6298828125,12198.740234375,29638.640625
2020-12-01,3662.449951171875,12355.1103515625,29823.919921875
2020-12-02,3669.010009765625,12349.3701171875,29883.7890625
2020-12-03,3666.719970703125,12377.1796875,29969.51953125
2020-12-04,3699.1201171875,12464.23046875,30218.259765625
2020-12-07,3691.9599609375,12519.9501953125,30069.7890625
2020-12-08,3702.25,12582.76953125,30173.880859375
2020-12-09,3672.820068359375,12338.9501953125,30068.810546875
2020-12-10,3668.10009765625,12405.8095703125,29999.259765625
2020-12-11,3663.4599609375,12377.8701171875,30046.369140625
2020-12-14,3647.489990234375,12440.0400390625,29861.55078125
2020-12-15,3694.6201171875,12595.0595703125,30199.310546875
2020-12-16,3701.169921875,12658.1904296875,30154.5390625
2020-12-17,3722.47998046875,12764.75,30303.369140625
2020-12-18,3709.409912109375,12755.6396484375,30179.05078125
2020-12-21,3694.919921875,12742.51953125,30216.44921875
2020-12-22,3687.260009765625,12807.919921875,30015.509765625
2020-12-23,3690.010009765625,12771.1103515625,30129.830078125
2020-12-24,3703.06005859375,12804.73046875,30199.869140625
2020-12-28,3735.360107421875,12899.419921875,30403.970703125
2020-12-29,3727.0400390625,12850.2197265625,30335.669921875
2020-12-30,3732.0400390625,12870.0,30409.560546875
2020-12-31,3756.070068359375,12888.2802734375,30606.48046875
2021-01-04,3700.64990234375,12698.4501953125,30223.890625
2021-01-05,3726.860107421875,12818.9599609375,30391.599609375
2021-01-06,3748.139892578125,12740.7900390625,30829.400390625
2021-01-07,3803.7900390625,13067.48046875,31041.130859375
2021-01-08,3824.679931640625,13201.98046875,31097.970703125
2021-01-11,3799.610107421875,13036.4296875,31008.689453125
2021-01-12,3801.18994140625,13072.4296875,31068.689453125
2021-01-13,3809.840087890625,13128.9501953125,31060.470703125
2021-01-14,3795.5400390625,13112.6396484375,30991.51953125
2021-01-15,3768.25,12998.5,30814.259765625
2021-01-19,3798.909912109375,13197.1796875,30930.51953125
2021-01-20,3851.85009765625,13457.25,31188.380859375
2021-01-21,3853.070068359375,13530.91015625,31176.009765625
2021-01-22,3841.469970703125,13543.0595703125,30996.98046875
2021-01-25,3855.360107421875,13635.990234375,30960.0
2021-01-26,3849.6201171875,13626.0595703125,30937.0390625
2021-01-27,3750.77001953125,13270.599609375,30303.169921875
2021-01-28,3787.3798828125,13337.16015625,30603.359375
2021-01-29,3714.239990234375,13070.6904296875,29982.619140625
2021-02-01,3773.860107421875,13403.3896484375,30211.91015625
2021-02-02,3826.31005859375,13612.7802734375,30687.48046875
2021-02-03,3830.169921875,13610.5400390625,30723.599609375
2021-02-04,3871.739990234375,13777.740234375,31055.859375
2021-02-05,3886.830078125,13856.2998046875,31148.240234375
2021-02-08,3915.590087890625,13987.6396484375,31385.759765625
2021-02-09,3911.22998046875,14007.7001953125,31375.830078125
2021-02-10,3909.8798828125,13972.5302734375,31437.80078125
2021-02-11,3916.3798828125,14025.76953125,31430.69921875
2021-02-12,3934.830078125,14095.4697265625,31458.400390625
2021-02-16,3932.590087890625,14047.5,31522.75
2021-02-17,3931.330078125,13965.490234375,31613.01953125
2021-02-18,3913.969970703125,13865.3603515625,31493.33984375
2021-02-19,3906.7099609375,13874.4599609375,31494.3203125
2021-02-22,3876.5,13533.0498046875,31521.689453125
2021-02-23,3881.3701171875,13465.2001953125,31537.349609375
2021-02-24,3925.429931640625,13597.9697265625,31961.859375
2021-02-25,3829.340087890625,13119.4296875,31402.009765625
2021-02-26,3811.14990234375,13192.349609375,30932.369140625
2021-03-01,3901.820068359375,13588.830078125,31535.509765625
2021-03-02,3870.2900390625,13358.7900390625,31391.51953125
2021-03-03,3819.719970703125,12997.75,31270.08984375
2021-03-04,3768.469970703125,12723.4697265625,30924.140625
2021-03-05,3841.93994140625,12920.150390625,31496.30078125
2021-03-08,3821.35009765625,12609.16015625,31802.439453125
2021-03-09,3875.43994140625,13073.8203125,31832.740234375
2021-03-10,3898.81005859375,13068.830078125,32297.01953125
2021-03-11,3939.340087890625,13398.669921875,32485.58984375
2021-03-12,3943.340087890625,13319.8603515625,32778.640625
2021-03-15,3968.93994140625,13459.7099609375,32953.4609375
2021-03-16,3962.7099609375,13471.5703125,32825.94921875
2021-03-17,3974.1201171875,13525.2001953125,33015.37109375
2021-03-18,3915.4599609375,13116.169921875,32862.30078125
2021-03-19,3913.10009765625,13215.240234375,32627.970703125
2021-03-22,3940.590087890625,13377.5400390625,32731.19921875
2021-03-23,3910.52001953125,13227.7001953125,32423.150390625
2021-03-24,3889.139892578125,12961.8896484375,32420.060546875
2021-03-25,3909.52001953125,12977.6796875,32619.48046875
2021-03-26,3974.5400390625,13138.73046875,33072.87890625
2021-03-29,3971.090087890625,13059.650390625,33171.37109375
2021-03-30,3958.550048828125,13045.3896484375,33066.9609375
2021-03-31,3972.889892578125,13246.8701171875,32981.55078125
2021-04-01,4019.8701171875,13480.1103515625,33153.2109375
2021-04-05,4077.909912109375,13705.58984375,33527.19140625
2021-04-06,4073.93994140625,13698.3798828125,33430.23828125
2021-04-07,4079.949951171875,13688.83984375,33446.26171875
2021-04-08,4097.169921875,13829.3095703125,33503.5703125
2021-04-09,4128.7998046875,13900.1904296875,33800.6015625
2021-04-12,4127.990234375,13850.0,33745.3984375
2021-04-13,4141.58984375,13996.099609375,33677.26953125
2021-04-14,4124.66015625,13857.83984375,33730.890625
2021-04-15,4170.419921875,14038.759765625,34035.98828125
2021-04-16,4185.47021484375,14052.33984375,34200.671875
2021-04-19,4163.259765625,13914.76953125,34077.62890625
2021-04-20,4134.93994140625,13786.26953125,33821.30078125
2021-04-21,4173.419921875,13950.2197265625,34137.30859375
2021-04-22,4134.97998046875,13818.41015625,33815.8984375
2021-04-23,4180.169921875,14016.8095703125,34043.48828125
2021-04-26,4187.6201171875,14138.7802734375,33981.5703125
2021-04-27,4186.72021484375,14090.2197265625,33984.9296875
2021-04-28,4183.18017578125,14051.0302734375,33820.37890625
2021-04-29,4211.47021484375,14082.5498046875,34060.359375
2021-04-30,4181.169921875,13962.6796875,33874.8515625
2021-05-03,4192.66015625,13895.1201171875,34113.23046875
2021-05-04,4164.66015625,13633.5,34133.03125
2021-05-05,4167.58984375,13582.419921875,34230.33984375
2021-05-06,4201.6201171875,13632.83984375,34548.53125
2021-05-07,4232.60009765625,13752.240234375,34777.76171875
2021-05-10,4188.43017578125,13401.8603515625,34742.8203125
2021-05-11,4152.10009765625,13389.4296875,34269.16015625
2021-05-12,4063.0400390625,13031.6796875,33587.66015625
2021-05-13,4112.5,13124.990234375,34021.44921875
2021-05-14,4173.85009765625,13429.98046875,34382.12890625
2021-05-17,4163.2900390625,13379.0498046875,34327.7890625
2021-05-18,4127.830078125,13303.6396484375,34060.66015625
2021-05-19,4115.68017578125,13299.740234375,33896.0390625
2021-05-20,4159.1201171875,13535.740234375,34084.1484375
2021-05-21,4155.85986328125,13470.990234375,34207.83984375
2021-05-24,4197.0498046875,13661.169921875,34393.98046875
2021-05-25,4188.1298828125,13657.169921875,34312.4609375
2021-05-26,4195.990234375,13738.0,34323.05078125
2021-05-27,4200.8798828125,13736.2802734375,34464.640625
2021-05-28,4204.10986328125,13748.740234375,34529.44921875
2021-06-01,4202.0400390625,13736.48046875,34575.30859375
2021-06-02,4208.1201171875,13756.330078125,34600.37890625
2021-06-03,4192.85009765625,13614.509765625,34577.0390625
2021-06-04,4229.89013671875,13814.490234375,34756.390625
2021-06-07,4226.52001953125,13881.7197265625,34630.23828125
2021-06-08,4227.259765625,13924.91015625,34599.8203125
2021-06-09,4219.5498046875,13911.75,34447.140625
2021-06-10,4239.18017578125,14020.330078125,34466.23828125
2021-06-11,4247.43994140625,14069.419921875,34479.6015625
2021-06-14,4255.14990234375,14174.1396484375,34393.75
2021-06-15,4246.58984375,14072.8603515625,34299.328125
2021-06-16,4223.7001953125,14039.6796875,34033.671875
2021-06-17,4221.85986328125,14161.349609375,33823.44921875
2021-06-18,4166.4501953125,14030.3798828125,33290.078125
2021-06-21,4224.7900390625,14141.48046875,33876.96875
2021-06-22,4246.43994140625,14253.26953125,33945.578125
2021-06-23,4241.83984375,14271.73046875,33874.23828125
2021-06-24,4266.490234375,14369.7099609375,34196.8203125
2021-06-25,4280.7001953125,14360.3896484375,34433.83984375
2021-06-28,4290.60986328125,14500.509765625,34283.26953125
2021-06-29,4291.7998046875,14528.330078125,34292.2890625
2021-06-30,4297.5,14503.9501953125,34502.51171875
2021-07-01,4319.93994140625,14522.3798828125,34633.53125
2021-07-02,4352.33984375,14639.330078125,34786.3515625
2021-07-06,4343.5400390625,14663.6396484375,34577.37109375
2021-07-07,4358.1298828125,14665.0595703125,34681.7890625
2021-07-08,4320.81982421875,14559.7802734375,34421.9296875
2021-07-09,4369.5498046875,14701.919921875,34870.16015625
2021-07-12,4384.6298828125,14733.240234375,34996.1796875
2021-07-13,4369.2099609375,14677.650390625,34888.7890625
2021-07-14,4374.2998046875,14644.9501953125,34933.23046875
2021-07-15,4360.02978515625,14543.1298828125,34987.01953125
2021-07-16,4327.16015625,14427.240234375,34687.8515625
2021-07-19,4258.490234375,14274.98046875,33962.0390625
2021-07-20,4323.06005859375,14498.8798828125,34511.98828125
2021-07-21,4358.68994140625,14631.9501953125,34798.0
2021-07-22,4367.47998046875,14684.599609375,34823.3515625
2021-07-23,4411.7900390625,14836.990234375,35061.55078125
2021-07-26,4422.2998046875,14840.7099609375,35144.30859375
2021-07-27,4401.4599609375,14660.580078125,35058.51953125
2021-07-28,4400.64013671875,14762.580078125,34930.9296875
2021-07-29,4419.14990234375,14778.259765625,35084.53125
2021-07-30,4395.259765625,14672.6796875,34935.46875
2021-08-02,4387.16015625,14681.0703125,34838.16015625
2021-08-03,4423.14990234375,14761.2900390625,35116.3984375
2021-08-04,4402.66015625,14780.5302734375,34792.671875
2021-08-05,4429.10009765625,14895.1201171875,35064.25
2021-08-06,4436.52001953125,14835.759765625,35208.51171875
2021-08-09,4432.35009765625,14860.1796875,35101.8515625
2021-08-10,4436.75,14788.08984375,35264.671875
2021-08-11,4442.41015625,14765.1396484375,35484.96875
2021-08-12,4460.830078125,14816.259765625,35499.8515625
2021-08-13,4468.0,14822.900390625,35515.37890625
2021-08-16,4479.7099609375,14793.759765625,35625.3984375
2021-08-17,4448.080078125,14656.1796875,35343.28125
2021-08-18,4400.27001953125,14525.91015625,34960.69140625
2021-08-19,4405.7998046875,14541.7900390625,34894.12109375
2021-08-20,4441.669921875,14714.66015625,35120.078125
2021-08-23,4479.52978515625,14942.650390625,35335.7109375
2021-08-24,4486.22998046875,15019.7998046875,35366.26171875
2021-08-25,4496.18994140625,15041.8603515625,35405.5
2021-08-26,4470.0,14945.8095703125,35213.12109375
2021-08-27,4509.3701171875,15129.5,35455.80078125
2021-08-30,4528.7900390625,15265.8896484375,35399.83984375
2021-08-31,4522.68017578125,15259.240234375,35360.73046875
2021-09-01,4524.08984375,15309.3798828125,35312.53125
2021-09-02,4536.9501953125,15331.1796875,35443.8203125
2021-09-03,4535.43017578125,15363.51953125,35369.08984375
2021-09-07,4520.02978515625,15374.330078125,35100.0
2021-09-08,4514.06982421875,15286.6396484375,35031.0703125
2021-09-09,4493.27978515625,15248.25,34879.37890625
2021-09-10,4458.580078125,15115.490234375,34607.71875
2021-09-13,4468.72998046875,15105.580078125,34869.62890625
2021-09-14,4443.0498046875,15037.759765625,34577.5703125
2021-09-15,4480.7001953125,15161.5302734375,34814.390625
2021-09-16,4473.75,15181.919921875,34751.3203125
2021-09-17,4432.990234375,15043.9697265625,34584.87890625
2021-09-20,4357.72998046875,14713.900390625,33970.46875
2021-09-21,4354.18994140625,14746.400390625,33919.83984375
2021-09-22,4395.64013671875,14896.849609375,34258.3203125
2021-09-23,4448.97998046875,15052.240234375,34764.8203125
2021-09-24,4455.47998046875,15047.7001953125,34798.0
2021-09-27,4443.10986328125,14969.9697265625,34869.37109375
2021-09-28,4352.6298828125,14546.6796875,34299.98828125
2021-09-29,4359.4599609375,14512.4404296875,34390.71875
2021-09-30,4307.5400390625,14448.580078125,33843.921875
2021-10-01,4357.0400390625,14566.7001953125,34326.4609375
2021-10-04,4300.4599609375,14255.48046875,34002.921875
2021-10-05,4345.72021484375,14433.830078125,34314.671875
2021-10-06,4363.5498046875,14501.91015625,34416.98828125
2021-10-07,4399.759765625,14654.01953125,34754.94140625
2021-10-08,4391.33984375,14579.5400390625,34746.25
2021-10-11,4361.18994140625,14486.2001953125,34496.05859375
2021-10-12,4350.64990234375,14465.919921875,34378.33984375
2021-10-13,4363.7998046875,14571.6396484375,34377.80859375
2021-10-14,4438.259765625,14823.4296875,34912.55859375
2021-10-15,4471.3701171875,14897.33984375,35294.76171875
2021-10-18,4486.4599609375,15021.8095703125,35258.609375
2021-10-19,4519.6298828125,15129.08984375,35457.30859375
2021-10-20,4536.18994140625,15121.6796875,35609.33984375
2021-10-21,4549.77978515625,15215.7001953125,35603.078125
2021-10-22,4544.89990234375,15090.2001953125,35677.01953125
2021-10-25,4566.47998046875,15226.7099609375,35741.1484375
2021-10-26,4574.7900390625,15235.7099609375,35756.87890625
2021-10-27,4551.68017578125,15235.83984375,35490.69140625
2021-10-28,4596.419921875,15448.1201171875,35730.48046875
2021-10-29,4605.3798828125,15498.3896484375,35819.55859375
2021-11-01,4613.669921875,15595.919921875,35913.83984375
2021-11-02,4630.64990234375,15649.599609375,36052.62890625
2021-11-03,4660.56982421875,15811.580078125,36157.578125
2021-11-04,4680.06005859375,15940.3095703125,36124.23046875
2021-11-05,4697.52978515625,15971.58984375,36327.94921875
2021-11-08,4701.7001953125,15982.3603515625,36432.21875
2021-11-09,4685.25,15886.5400390625,36319.98046875
2021-11-10,4646.7099609375,15622.7099609375,36079.94140625
2021-11-11,4649.27001953125,15704.2802734375,35921.23046875
2021-11-12,4682.85009765625,15860.9599609375,36100.30859375
2021-11-15,4682.7998046875,15853.849609375,36087.44921875
2021-11-16,4700.89990234375,15973.8603515625,36142.21875
2021-11-17,4688.669921875,15921.5703125,35931.05078125
2021-11-18,4704.5400390625,15993.7099609375,35870.94921875
2021-11-19,4697.9599609375,16057.4404296875,35601.98046875
2021-11-22,4682.93994140625,15854.759765625,35619.25
2021-11-23,4690.7001953125,15775.1396484375,35813.80078125
2021-11-24,4701.4599609375,15845.23046875,35804.37890625
2021-11-26,4594.6201171875,15491.66015625,34899.33984375
2021-11-29,4655.27001953125,15782.830078125,35135.94140625
2021-11-30,4567.0,15537.6904296875,34483.71875
2021-12-01,4513.0400390625,15254.0498046875,34022.0390625
2021-12-02,4577.10009765625,15381.3203125,34639.7890625
2021-12-03,4538.43017578125,15085.4697265625,34580.078125
2021-12-06,4591.669921875,15225.150390625,35227.03125
2021-12-07,4686.75,15686.919921875,35719.4296875
2021-12-08,4701.2099609375,15786.990234375,35754.75
2021-12-09,4667.4501953125,15517.3701171875,35754.69140625
2021-12-10,4712.02001953125,15630.599609375,35970.98828125
2021-12-13,4668.97021484375,15413.2802734375,35650.94921875
2021-12-14,4634.08984375,15237.6396484375,35544.1796875
2021-12-15,4709.85009765625,15565.580078125,35927.4296875
2021-12-16,4668.669921875,15180.4296875,35897.640625
2021-12-17,4620.64013671875,15169.6796875,35365.44140625
2021-12-20,4568.02001953125,14980.9404296875,34932.16015625
2021-12-21,4649.22998046875,15341.08984375,35492.69921875
2021-12-22,4696.56005859375,15521.8896484375,35753.890625
2021-12-23,4725.7900390625,15653.3701171875,35950.55859375
2021-12-27,4791.18994140625,15871.259765625,36302.37890625
2021-12-28,4786.35009765625,15781.7197265625,36398.2109375
2021-12-29,4793.06005859375,15766.2197265625,36488.62890625
2021-12-30,4778.72998046875,15741.5595703125,36398.078125
2021-12-31,4766.18017578125,15644.9697265625,36338.30078125
2022-01-03,4796.56005859375,15832.7998046875,36585.05859375
2022-01-04,4793.5400390625,15622.7197265625,36799.6484375
2022-01-05,4700.580078125,15100.169921875,36407.109375
2022-01-06,4696.0498046875,15080.8603515625,36236.46875
2022-01-07,4677.02978515625,14935.900390625,36231.66015625
2022-01-10,4670.2900390625,14942.830078125,36068.87109375
2022-01-11,4713.06982421875,15153.4501953125,36252.01953125
2022-01-12,4726.35009765625,15188.3896484375,36290.3203125
2022-01-13,4659.02978515625,14806.8095703125,36113.62109375
2022-01-14,4662.85009765625,14893.75,35911.80859375
2022-01-18,4577.10986328125,14506.900390625,35368.46875
2022-01-19,4532.759765625,14340.259765625,35028.6484375
2022-01-20,4482.72998046875,14154.01953125,34715.390625
2022-01-21,4397.93994140625,13768.919921875,34265.37109375
2022-01-24,4410.1298828125,13855.1298828125,34364.5
2022-01-25,4356.4501953125,13539.2900390625,34297.73046875
2022-01-26,4349.93017578125,13542.1201171875,34168.08984375
2022-01-27,4326.509765625,13352.7802734375,34160.78125
2022-01-28,4431.85009765625,13770.5703125,34725.46875
2022-01-31,4515.5498046875,14239.8798828125,35131.859375
2022-02-01,4546.5400390625,14346.0,35405.23828125
2022-02-02,4589.3798828125,14417.5498046875,35629.328125
2022-02-03,4477.43994140625,13878.8203125,35111.16015625
2022-02-04,4500.52978515625,14098.009765625,35089.73828125
2022-02-07,4483.8701171875,14015.669921875,35091.12890625
2022-02-08,4521.5400390625,14194.4501953125,35462.78125
2022-02-09,4587.18017578125,14490.3701171875,35768.05859375
2022-02-10,4504.080078125,14185.6396484375,35241.58984375
2022-02-11,4418.64013671875,13791.150390625,34738.05859375
2022-02-14,4401.669921875,13790.919921875,34566.171875
2022-02-15,4471.06982421875,14139.759765625,34988.83984375
2022-02-16,4475.009765625,14124.08984375,34934.26953125
2022-02-17,4380.259765625,13716.7197265625,34312.03125
2022-02-18,4348.8701171875,13548.0703125,34079.1796875
2022-02-22,4304.759765625,13381.51953125,33596.609375
2022-02-23,4225.5,13037.490234375,33131.76171875
2022-02-24,4288.7001953125,13473.58984375,33223.828125
2022-02-25,4384.64990234375,13694.6201171875,34058.75
2022-02-28,4373.93994140625,13751.400390625,33892.6015625
2022-03-01,4306.259765625,13532.4599609375,33294.94921875
2022-03-02,4386.5400390625,13752.01953125,33891.3515625
2022-03-03,4363.490234375,13537.9404296875,33794.66015625
2022-03-04,4328.8701171875,13313.4404296875,33614.80078125
2022-03-07,4201.08984375,12830.9599609375,32817.37890625
2022-03-08,4170.7001953125,12795.5498046875,32632.640625
2022-03-09,4277.8798828125,13255.5498046875,33286.25
2022-03-10,4259.52001953125,13129.9599609375,33174.0703125
2022-03-11,4204.31005859375,12843.8095703125,32944.19140625
2022-03-14,4173.10986328125,12581.2197265625,32945.23828125
2022-03-15,4262.4501953125,12948.6201171875,33544.33984375
2022-03-16,4357.85986328125,13436.5498046875,34063.1015625
2022-03-17,4411.669921875,13614.7802734375,34480.76171875
2022-03-18,4463.1201171875,13893.83984375,34754.9296875
2022-03-21,4461.18017578125,13838.4599609375,34552.98828125
2022-03-22,4511.60986328125,14108.8203125,34807.4609375
2022-03-23,4456.240234375,13922.599609375,34358.5
2022-03-24,4520.16015625,14191.83984375,34707.94140625
2022-03-25,4543.06005859375,14169.2998046875,34861.23828125
2022-03-28,4575.52001953125,14354.900390625,34955.890625
2022-03-29,4631.60009765625,14619.6396484375,35294.19140625
2022-03-30,4602.4501953125,14442.26953125,35228.80859375
2022-03-31,4530.41015625,14220.51953125,34678.3515625
2022-04-01,4545.85986328125,14261.5,34818.26953125
2022-04-04,4582.64013671875,14532.5498046875,34921.87890625
2022-04-05,4525.1201171875,14204.169921875,34641.1796875
2022-04-06,4481.14990234375,13888.8203125,34496.51171875
2022-04-07,4500.2099609375,13897.2998046875,34583.5703125
2022-04-08,4488.27978515625,13711.0,34721.12109375
2022-04-11,4412.52978515625,13411.9599609375,34308.078125
2022-04-12,4397.4501953125,13371.5703125,34220.359375
2022-04-13,4446.58984375,13643.58984375,34564.58984375
2022-04-14,4392.58984375,13351.080078125,34451.23046875
2022-04-18,4391.68994140625,13332.3603515625,34411.69140625
2022-04-19,4462.2099609375,13619.66015625,34911.19921875
2022-04-20,4459.4501953125,13453.0703125,35160.7890625
2022-04-21,4393.66015625,13174.650390625,34792.76171875
2022-04-22,4271.77978515625,12839.2900390625,33811.3984375
2022-04-25,4296.1201171875,13004.849609375,34049.4609375
2022-04-26,4175.2001953125,12490.740234375,33240.1796875
2022-04-27,4183.9599609375,12488.9296875,33301.9296875
2022-04-28,4287.5,12871.5302734375,33916.390625
2022-04-29,4131.93017578125,12334.6396484375,32977.2109375
2022-05-02,4155.3798828125,12536.01953125,33061.5
2022-05-03,4175.47998046875,12563.759765625,33128.7890625
2022-05-04,4300.169921875,12964.8603515625,34061.05859375
2022-05-05,4146.8701171875,12317.6904296875,32997.96875
2022-05-06,4123.33984375,12144.66015625,32899.37109375
2022-05-09,3991.239990234375,11623.25,32245.69921875
2022-05-10,4001.050048828125,11737.669921875,32160.740234375
2022-05-11,3935.179931640625,11364.240234375,31834.109375
2022-05-12,3930.080078125,11370.9599609375,31730.30078125
2022-05-13,4023.889892578125,11805.0,32196.66015625
2022-05-16,4008.010009765625,11662.7900390625,32223.419921875
2022-05-17,4088.85009765625,11984.51953125,32654.58984375
2022-05-18,3923.679931640625,11418.150390625,31490.0703125
2022-05-19,3900.7900390625,11388.5,31253.130859375
2022-05-20,3901.360107421875,11354.6201171875,31261.900390625
2022-05-23,3973.75,11535.26953125,31880.240234375
2022-05-24,3941.47998046875,11264.4501953125,31928.619140625
2022-05-25,3978.72998046875,11434.740234375,32120.279296875
2022-05-26,4057.840087890625,11740.650390625,32637.189453125
2022-05-27,4158.240234375,12131.1298828125,33212.9609375
2022-05-31,4132.14990234375,12081.3896484375,32990.12109375
2022-06-01,4101.22998046875,11994.4599609375,32813.23046875
2022-06-02,4176.81982421875,12316.900390625,33248.28125
2022-06-03,4108.5400390625,12012.73046875,32899.69921875
2022-06-06,4121.43017578125,12061.3701171875,32915.78125
2022-06-07,4160.68017578125,12175.23046875,33180.140625
2022-06-08,4115.77001953125,12086.26953125,32910.8984375
2022-06-09,4017.820068359375,11754.23046875,32272.7890625
2022-06-10,3900.860107421875,11340.01953125,31392.7890625
2022-06-13,3749.6298828125,10809.23046875,30516.740234375
2022-06-14,3735.47998046875,10828.349609375,30364.830078125
2022-06-15,3789.989990234375,11099.150390625,30668.529296875
2022-06-16,3666.77001953125,10646.099609375,29927.0703125
2022-06-17,3674.840087890625,10798.349609375,29888.779296875
2022-06-21,3764.7900390625,11069.2998046875,30530.25
2022-06-22,3759.889892578125,11053.080078125,30483.130859375
2022-06-23,3795.72998046875,11232.1904296875,30677.359375
2022-06-24,3911.739990234375,11607.6201171875,31500.6796875
2022-06-27,3900.110107421875,11524.5498046875,31438.259765625
2022-06-28,3821.550048828125,11181.5400390625,30946.990234375
2022-06-29,3818.830078125,11177.8896484375,31029.310546875
2022-06-30,3785.3798828125,11028.740234375,30775.4296875
2022-07-01,3825.330078125,11127.849609375,31097.259765625
2022-07-05,3831.389892578125,11322.240234375,30967.8203125
2022-07-06,3845.080078125,11361.849609375,31037.6796875
2022-07-07,3902.6201171875,11621.349609375,31384.55078125
2022-07-08,3899.3798828125,11635.3095703125,31338.150390625
2022-07-11,3854.429931640625,11372.599609375,31173.83984375
2022-07-12,3818.800048828125,11264.73046875,30981.330078125
2022-07-13,3801.780029296875,11247.580078125,30772.7890625
2022-07-14,3790.3798828125,11251.1904296875,30630.169921875
2022-07-15,3863.159912109375,11452.419921875,31288.259765625
2022-07-18,3830.85009765625,11360.0498046875,31072.609375
2022-07-19,3936.68994140625,11713.150390625,31827.05078125
2022-07-20,3959.89990234375,11897.650390625,31874.83984375
2022-07-21,3998.949951171875,12059.6103515625,32036.900390625
2022-07-22,3961.6298828125,11834.1103515625,31899.2890625
2022-07-25,3966.840087890625,11782.669921875,31990.0390625
2022-07-26,3921.050048828125,11562.5703125,31761.5390625
2022-07-27,4023.610107421875,12032.419921875,32197.58984375
2022-07-28,4072.429931640625,12162.58984375,32529.630859375
2022-07-29,4130.2900390625,12390.6904296875,32845.12890625
2022-08-01,4118.6298828125,12368.98046875,32798.3984375
2022-08-02,4091.18994140625,12348.759765625,32396.169921875
2022-08-03,4155.169921875,12668.16015625,32812.5
2022-08-04,4151.93994140625,12720.580078125,32726.8203125
2022-08-05,4145.18994140625,12657.5498046875,32803.46875
2022-08-08,4140.06005859375,12644.4599609375,32832.5390625
2022-08-09,4122.47021484375,12493.9296875,32774.41015625
2022-08-10,4210.240234375,12854.7998046875,33309.51171875
2022-08-11,4207.27001953125,12779.91015625,33336.671875
2022-08-12,4280.14990234375,13047.1904296875,33761.05078125
2022-08-15,4297.14013671875,13128.0498046875,33912.44140625
2022-08-16,4305.2001953125,13102.5498046875,34152.01171875
2022-08-17,4274.0400390625,12938.1201171875,33980.3203125
2022-08-18,4283.740234375,12965.33984375,33999.0390625
2022-08-19,4228.47998046875,12705.2197265625,33706.73828125
2022-08-22,4137.990234375,12381.5703125,33063.609375
2022-08-23,4128.72998046875,12381.2998046875,32909.58984375
2022-08-24,4140.77001953125,12431.5302734375,32969.23046875
2022-08-25,4199.1201171875,12639.26953125,33291.78125
2022-08-26,4057.659912109375,12141.7099609375,32283.400390625
2022-08-29,4030.610107421875,12017.669921875,32098.990234375
2022-08-30,3986.159912109375,11883.1396484375,31790.869140625
2022-08-31,3955.0,11816.2001953125,31510.4296875
2022-09-01,3966.85009765625,11785.1298828125,31656.419921875
2022-09-02,3924.260009765625,11630.8603515625,31318.439453125
2022-09-06,3908.18994140625,11544.91015625,31145.30078125
2022-09-07,3979.8701171875,11791.900390625,31581.279296875
2022-09-08,4006.179931640625,11862.1298828125,31774.51953125
2022-09-09,4067.360107421875,12112.3095703125,32151.7109375
2022-09-12,4110.41015625,12266.41015625,32381.33984375
2022-09-13,3932.68994140625,11633.5703125,31104.970703125
2022-09-14,3946.010009765625,11719.6796875,31135.08984375
2022-09-15,3901.35009765625,11552.3603515625,30961.8203125
2022-09-16,3873.330078125,11448.400390625,30822.419921875
2022-09-19,3899.889892578125,11535.01953125,31019.6796875
2022-09-20,3855.929931640625,11425.0498046875,30706.23046875
2022-09-21,3789.929931640625,11220.1904296875,30183.779296875
2022-09-22,3757.989990234375,11066.8095703125,30076.6796875
2022-09-23,3693.22998046875,10867.9296875,29590.41015625
2022-09-26,3655.0400390625,10802.919921875,29260.810546875
2022-09-27,3647.2900390625,10829.5,29134.990234375
2022-09-28,3719.0400390625,11051.6396484375,29683.740234375
2022-09-29,3640.469970703125,10737.509765625,29225.609375
2022-09-30,3585.6201171875,10575.6201171875,28725.509765625
2022-10-03,3678.429931640625,10815.4296875,29490.890625
2022-10-04,3790.929931640625,11176.41015625,30316.3203125
2022-10-05,3783.280029296875,11148.6396484375,30273.869140625
2022-10-06,3744.52001953125,11073.3095703125,29926.939453125
2022-10-07,3639.659912109375,10652.400390625,29296.7890625
2022-10-10,3612.389892578125,10542.099609375,29202.880859375
2022-10-11,3588.840087890625,10426.1904296875,29239.189453125
2022-10-12,3577.030029296875,10417.099609375,29210.849609375
2022-10-13,3669.909912109375,10649.150390625,30038.720703125
2022-10-14,3583.070068359375,10321.3896484375,29634.830078125
2022-10-17,3677.949951171875,10675.7998046875,30185.8203125
2022-10-18,3719.97998046875,10772.400390625,30523.80078125
2022-10-19,3695.159912109375,10680.509765625,30423.810546875
2022-10-20,3665.780029296875,10614.83984375,30333.58984375
2022-10-21,3752.75,10859.7197265625,31082.560546875
2022-10-24,3797.340087890625,10952.6103515625,31499.619140625
2022-10-25,3859.110107421875,11199.1201171875,31836.740234375
2022-10-26,3830.60009765625,10970.990234375,31839.109375
2022-10-27,3807.300048828125,10792.669921875,32033.279296875
2022-10-28,3901.06005859375,11102.4501953125,32861.80078125
2022-10-31,3871.97998046875,10988.150390625,32732.94921875
2022-11-01,3856.10009765625,10890.849609375,32653.19921875
2022-11-02,3759.68994140625,10524.7998046875,32147.759765625
2022-11-03,3719.889892578125,10342.9404296875,32001.25
2022-11-04,3770.550048828125,10475.25,32403.220703125
2022-11-07,3806.800048828125,10564.51953125,32827.0
2022-11-08,3828.110107421875,10616.2001953125,33160.828125
2022-11-09,3748.570068359375,10353.169921875,32513.939453125
2022-11-10,3956.3701171875,11114.150390625,33715.37109375
2022-11-11,3992.929931640625,11323.330078125,33747.859375
2022-11-14,3957.25,11196.2197265625,33536.69921875
2022-11-15,3991.72998046875,11358.41015625,33592.921875
2022-11-16,3958.7900390625,11183.66015625,33553.828125
2022-11-17,3946.56005859375,11144.9599609375,33546.3203125
2022-11-18,3965.340087890625,11146.0595703125,33745.69140625
2022-11-21,3949.93994140625,11024.509765625,33700.28125
2022-11-22,4003.580078125,11174.41015625,34098.1015625
2022-11-23,4027.260009765625,11285.3203125,34194.05859375
2022-11-25,4026.1201171875,11226.3603515625,34347.03125
2022-11-28,3963.93994140625,11049.5,33849.4609375
2022-11-29,3957.6298828125,10983.7802734375,33852.53125
2022-11-30,4080.110107421875,11468.0,34589.76953125
2022-12-01,4076.570068359375,11482.4501953125,34395.01171875
2022-12-02,4071.699951171875,11461.5,34429.87890625
2022-12-05,3998.840087890625,11239.9404296875,33947.1015625
2022-12-06,3941.260009765625,11014.8896484375,33596.33984375
2022-12-07,3933.919921875,10958.5498046875,33597.921875
2022-12-08,3963.510009765625,11082.0,33781.48046875
2022-12-09,3934.3798828125,11004.6201171875,33476.4609375
2022-12-12,3990.56005859375,11143.740234375,34005.0390625
2022-12-13,4019.64990234375,11256.8095703125,34108.640625
2022-12-14,3995.320068359375,11170.8896484375,33966.3515625
2022-12-15,3895.75,10810.5302734375,33202.21875
2022-12-16,3852.360107421875,10705.41015625,32920.4609375
2022-12-19,3817.659912109375,10546.0302734375,32757.5390625
2022-12-20,3821.6201171875,10547.1103515625,32849.73828125
2022-12-21,3878.43994140625,10709.3701171875,33376.48046875
2022-12-22,3822.389892578125,10476.1201171875,33027.48828125
2022-12-23,3844.820068359375,10497.8603515625,33203.9296875
2022-12-27,3829.25,10353.23046875,33241.55859375
2022-12-28,3783.219970703125,10213.2900390625,32875.7109375
2022-12-29,3849.280029296875,10478.08984375,33220.80078125
2022-12-30,3839.5,10466.48046875,33147.25
2023-01-03,3824.139892578125,10386.98046875,33136.37109375
2023-01-04,3852.969970703125,10458.759765625,33269.76953125
2023-01-05,3808.10009765625,10305.240234375,32930.078125
2023-01-06,3895.080078125,10569.2900390625,33630.609375
2023-01-09,3892.090087890625,10635.650390625,33517.6484375
2023-01-10,3919.25,10742.6298828125,33704.1015625
2023-01-11,3969.610107421875,10931.669921875,33973.01171875
2023-01-12,3983.169921875,11001.099609375,34189.96875
2023-01-13,3999.090087890625,11079.16015625,34302.609375
2023-01-17,3990.969970703125,11095.1103515625,33910.8515625
2023-01-18,3928.860107421875,10957.009765625,33296.9609375
2023-01-19,3898.85009765625,10852.26953125,33044.55859375
2023-01-20,3972.610107421875,11140.4296875,33375.48828125
2023-01-23,4019.81005859375,11364.41015625,33629.55859375
2023-01-24,4016.949951171875,11334.26953125,33733.9609375
2023-01-25,4016.219970703125,11313.3603515625,33743.83984375
2023-01-26,4060.429931640625,11512.41015625,33949.41015625
2023-01-27,4070.56005859375,11621.7099609375,33978.078125
2023-01-30,4017.77001953125,11393.8095703125,33717.08984375
2023-01-31,4076.60009765625,11584.5498046875,34086.0390625
2023-02-01,4119.2099609375,11816.3203125,34092.9609375
2023-02-02,4179.759765625,12200.8203125,34053.94140625
2023-02-03,4136.47998046875,12006.9501953125,33926.01171875
2023-02-06,4111.080078125,11887.4501953125,33891.01953125
2023-02-07,4164.0,12113.7900390625,34156.69140625
2023-02-08,4117.85986328125,11910.51953125,33949.01171875
2023-02-09,4081.5,11789.580078125,33699.87890625
2023-02-10,4090.4599609375,11718.1201171875,33869.26953125
2023-02-13,4137.2900390625,11891.7900390625,34245.9296875
2023-02-14,4136.1298828125,11960.150390625,34089.26953125
2023-02-15,4147.60009765625,12070.58984375,34128.05078125
2023-02-16,4090.409912109375,11855.830078125,33696.8515625
2023-02-17,4079.090087890625,11787.26953125,33826.69140625
2023-02-21,3997.340087890625,11492.2998046875,33129.58984375
2023-02-22,3991.050048828125,11507.0703125,33045.08984375
2023-02-23,4012.320068359375,11590.400390625,33153.91015625
2023-02-24,3970.0400390625,11394.9404296875,32816.921875
2023-02-27,3982.239990234375,11466.98046875,32889.08984375
2023-02-28,3970.14990234375,11455.5400390625,32656.69921875
2023-03-01,3951.389892578125,11379.48046875,32661.83984375
2023-03-02,3981.35009765625,11462.98046875,33003.5703125
2023-03-03,4045.639892578125,11689.009765625,33390.96875
2023-03-06,4048.419921875,11675.740234375,33431.44140625
2023-03-07,3986.3701171875,11530.330078125,32856.4609375
2023-03-08,3992.010009765625,11576.0,32798.3984375
2023-03-09,3918.320068359375,11338.349609375,32254.859375
2023-03-10,3861.590087890625,11138.8896484375,31909.640625
2023-03-13,3855.760009765625,11188.83984375,31819.140625
2023-03-14,3919.2900390625,11428.150390625,32155.400390625
2023-03-15,3891.929931640625,11434.0498046875,31874.5703125
2023-03-16,3960.280029296875,11717.2802734375,32246.55078125
2023-03-17,3916.639892578125,11630.509765625,31861.98046875
2023-03-20,3951.570068359375,11675.5400390625,32244.580078125
2023-03-21,4002.8701171875,11860.1103515625,32560.599609375
2023-03-22,3936.969970703125,11669.9599609375,32030.109375
2023-03-23,3948.719970703125,11787.400390625,32105.25
2023-03-24,3970.989990234375,11823.9599609375,32237.529296875
2023-03-27,3977.530029296875,11768.83984375,32432.080078125
2023-03-28,3971.27001953125,11716.080078125,32394.25
2023-03-29,4027.81005859375,11926.240234375,32717.599609375
2023-03-30,4050.830078125,12013.4697265625,32859.03125
2023-03-31,4109.31005859375,12221.91015625,33274.1484375
2023-04-03,4124.509765625,12189.4501953125,33601.1484375
2023-04-04,4100.60009765625,12126.330078125,33402.37890625
2023-04-05,4090.3798828125,11996.8603515625,33482.71875
2023-04-06,4105.02001953125,12087.9599609375,33485.2890625
2023-04-10,4109.10986328125,12084.3603515625,33586.51953125
2023-04-11,4108.93994140625,12031.8798828125,33684.7890625
2023-04-12,4091.949951171875,11929.33984375,33646.5
2023-04-13,4146.22021484375,12166.26953125,34029.69140625
2023-04-14,4137.64013671875,12123.4697265625,33886.46875
2023-04-17,4151.31982421875,12157.7197265625,33987.1796875
2023-04-18,4154.8701171875,12153.41015625,33976.62890625
2023-04-19,4154.52001953125,12157.23046875,33897.01171875
2023-04-20,4129.7900390625,12059.5595703125,33786.62109375
2023-04-21,4133.52001953125,12072.4599609375,33808.9609375
2023-04-24,4137.0400390625,12037.2001953125,33875.3984375
2023-04-25,4071.6298828125,11799.16015625,33530.828125
2023-04-26,4055.989990234375,11854.349609375,33301.87109375
2023-04-27,4135.35009765625,12142.240234375,33826.16015625
2023-04-28,4169.47998046875,12226.580078125,34098.16015625
2023-05-01,4167.8701171875,12212.599609375,34051.69921875
2023-05-02,4119.580078125,12080.509765625,33684.53125
2023-05-03,4090.75,12025.330078125,33414.23828125
2023-05-04,4061.219970703125,11966.400390625,33127.73828125
2023-05-05,4136.25,12235.41015625,33674.37890625
2023-05-08,4138.1201171875,12256.919921875,33618.69140625
2023-05-09,4119.169921875,12179.5498046875,33561.80859375
2023-05-10,4137.64013671875,12306.4404296875,33531.328125
2023-05-11,4130.6201171875,12328.509765625,33309.51171875
2023-05-12,4124.080078125,12284.740234375,33300.62109375
2023-05-15,4136.27978515625,12365.2099609375,33348.6015625
2023-05-16,4109.89990234375,12343.0498046875,33012.140625
2023-05-17,4158.77001953125,12500.5703125,33420.76953125
2023-05-18,4198.0498046875,12688.83984375,33535.91015625
2023-05-19,4191.97998046875,12657.900390625,33426.62890625
2023-05-22,4192.6298828125,12720.7802734375,33286.578125
2023-05-23,4145.580078125,12560.25,33055.51171875
2023-05-24,4115.240234375,12484.16015625,32799.921875
2023-05-25,4151.27978515625,12698.08984375,32764.650390625
2023-05-26,4205.4501953125,12975.6904296875,33093.33984375
2023-05-30,4205.52001953125,13017.4296875,33042.78125
2023-05-31,4179.830078125,12935.2900390625,32908.26953125
2023-06-01,4221.02001953125,13100.98046875,33061.5703125
2023-06-02,4282.3701171875,13240.76953125,33762.76171875
2023-06-05,4273.7900390625,13229.4296875,33562.859375
2023-06-06,4283.85009765625,13276.419921875,33573.28125
2023-06-07,4267.52001953125,13104.900390625,33665.01953125
2023-06-08,4293.93017578125,13238.51953125,33833.609375
2023-06-09,4298.85986328125,13259.1396484375,33876.78125
2023-06-12,4338.93017578125,13461.919921875,34066.328125
2023-06-13,4369.009765625,13573.3203125,34212.12109375
2023-06-14,4372.58984375,13626.48046875,33979.328125
2023-06-15,4425.83984375,13782.8203125,34408.05859375
2023-06-16,4409.58984375,13689.5703125,34299.12109375
2023-06-20,4388.7099609375,13667.2900390625,34053.87109375
2023-06-21,4365.68994140625,13502.2001953125,33951.51953125
2023-06-22,4381.89013671875,13630.6103515625,33946.7109375
2023-06-23,4348.330078125,13492.51953125,33727.4296875
2023-06-26,4328.81982421875,13335.7802734375,33714.7109375
2023-06-27,4378.41015625,13555.669921875,33926.73828125
2023-06-28,4376.85986328125,13591.75,33852.66015625
2023-06-29,4396.43994140625,13591.330078125,34122.421875
2023-06-30,4450.3798828125,13787.919921875,34407.6015625
2023-07-03,4455.58984375,13816.76953125,34418.46875
2023-07-05,4446.81982421875,13791.650390625,34288.640625
2023-07-06,4411.58984375,13679.0400390625,33922.26171875
2023-07-07,4398.9501953125,13660.7197265625,33734.87890625
2023-07-10,4409.52978515625,13685.48046875,33944.3984375
2023-07-11,4439.259765625,13760.7001953125,34261.421875
2023-07-12,4472.16015625,13918.9599609375,34347.4296875
2023-07-13,4510.0400390625,14138.5703125,34395.140625
2023-07-14,4505.419921875,14113.7001953125,34509.03125
2023-07-17,4522.7900390625,14244.9501953125,34585.3515625
2023-07-18,4554.97998046875,14353.6396484375,34951.9296875
2023-07-19,4565.72021484375,14358.01953125,35061.2109375
2023-07-20,4534.8701171875,14063.3095703125,35225.1796875
2023-07-21,4536.33984375,14032.8095703125,35227.69140625
2023-07-24,4554.64013671875,14058.8701171875,35411.23828125
2023-07-25,4567.4599609375,14144.5595703125,35438.0703125
2023-07-26,4566.75,14127.2802734375,35520.12109375
2023-07-27,4537.41015625,14050.1103515625,35282.71875
2023-07-28,4582.22998046875,14316.66015625,35459.2890625
2023-07-31,4588.9599609375,14346.01953125,35559.53125
2023-08-01,4576.72998046875,14283.91015625,35630.6796875
2023-08-02,4513.39013671875,13973.4501953125,35282.51953125
2023-08-03,4501.89013671875,13959.7197265625,35215.890625
2023-08-04,4478.02978515625,13909.240234375,35065.62109375
2023-08-07,4518.43994140625,13994.400390625,35473.12890625
2023-08-08,4499.3798828125,13884.3203125,35314.48828125
2023-08-09,4467.7099609375,13722.01953125,35123.359375
2023-08-10,4468.830078125,13737.990234375,35176.1484375
2023-08-11,4464.0498046875,13644.849609375,35281.3984375
2023-08-14,4489.72021484375,13788.330078125,35307.62890625
2023-08-15,4437.85986328125,13631.0498046875,34946.390625
2023-08-16,4404.330078125,13474.6298828125,34765.73828125
2023-08-17,4370.35986328125,13316.9296875,34474.828125
2023-08-18,4369.7099609375,13290.7802734375,34500.66015625
2023-08-21,4399.77001953125,13497.58984375,34463.69140625
2023-08-22,4387.5498046875,13505.8701171875,34288.828125
2023-08-23,4436.009765625,13721.0302734375,34472.98046875
2023-08-24,4376.31005859375,13463.9697265625,34099.421875
2023-08-25,4405.7099609375,13590.650390625,34346.8984375
2023-08-28,4433.31005859375,13705.1298828125,34559.98046875
2023-08-29,4497.6298828125,13943.759765625,34852.671875
2023-08-30,4514.8701171875,14019.3095703125,34890.23828125
2023-08-31,4507.66015625,14034.9697265625,34721.91015625
2023-09-01,4515.77001953125,14031.8095703125,34837.7109375
2023-09-05,4496.830078125,14020.9501953125,34641.96875
2023-09-06,4465.47998046875,13872.4697265625,34443.19140625
2023-09-07,4451.14013671875,13748.830078125,34500.73046875
2023-09-08,4457.490234375,13761.5302734375,34576.58984375
2023-09-11,4487.4599609375,13917.8896484375,34663.71875
2023-09-12,4461.89990234375,13773.6103515625,34645.98828125
2023-09-13,4467.43994140625,13813.58984375,34575.53125
2023-09-14,4505.10009765625,13926.0498046875,34907.109375
2023-09-15,4450.31982421875,13708.330078125,34618.23828125
2023-09-18,4453.52978515625,13710.240234375,34624.30078125
2023-09-19,4443.9501953125,13678.1904296875,34517.73046875
2023-09-20,4402.2001953125,13469.1298828125,34440.87890625
2023-09-21,4330.0,13223.98046875,34070.421875
2023-09-22,4320.06005859375,13211.8095703125,33963.83984375
2023-09-25,4337.43994140625,13271.3203125,34006.87890625
2023-09-26,4273.52978515625,13063.6103515625,33618.87890625
2023-09-27,4274.509765625,13092.849609375,33550.26953125
2023-09-28,4299.7001953125,13201.2802734375,33666.33984375
2023-09-29,4288.0498046875,13219.3203125,33507.5
2023-10-02,4288.39013671875,13307.76953125,33433.3515625
2023-10-03,4229.4501953125,13059.4697265625,33002.37890625
2023-10-04,4263.75,13236.009765625,33129.55078125
2023-10-05,4258.18994140625,13219.830078125,33119.5703125
2023-10-06,4308.5,13431.33984375,33407.578125
2023-10-09,4335.66015625,13484.240234375,33604.6484375
2023-10-10,4358.240234375,13562.83984375,33739.30078125
2023-10-11,4376.9501953125,13659.6796875,33804.87109375
2023-10-12,4349.60986328125,13574.2197265625,33631.140625
2023-10-13,4327.77978515625,13407.23046875,33670.2890625
2023-10-16,4373.6298828125,13567.98046875,33984.5390625
2023-10-17,4373.2001953125,13533.75,33997.6484375
2023-10-18,4314.60009765625,13314.2998046875,33665.078125
2023-10-19,4278.0,13186.1796875,33414.171875
2023-10-20,4224.16015625,12983.8095703125,33127.28125
2023-10-23,4217.0400390625,13018.330078125,32936.41015625
2023-10-24,4247.68017578125,13139.8701171875,33141.37890625
2023-10-25,4186.77001953125,12821.2197265625,33035.9296875
2023-10-26,4137.22998046875,12595.6103515625,32784.30078125
2023-10-27,4117.3701171875,12643.009765625,32417.58984375
2023-10-30,4166.81982421875,12789.48046875,32928.9609375
2023-10-31,4193.7998046875,12851.240234375,33052.87109375
2023-11-01,4237.85986328125,13061.4697265625,33274.578125
2023-11-02,4317.77978515625,13294.1904296875,33839.078125
2023-11-03,4358.33984375,13478.2802734375,34061.3203125
2023-11-06,4365.97998046875,13518.7802734375,34095.859375
2023-11-07,4378.3798828125,13639.8603515625,34152.6015625
2023-11-08,4382.77978515625,13650.41015625,34112.26953125
2023-11-09,4347.35009765625,13521.4501953125,33891.94140625
2023-11-10,4415.240234375,13798.1103515625,34283.1015625
2023-11-13,4411.5498046875,13767.740234375,34337.87109375
2023-11-14,4495.7001953125,14094.3798828125,34827.69921875
2023-11-15,4502.8798828125,14103.83984375,34991.2109375
2023-11-16,4508.240234375,14113.669921875,34945.46875
2023-11-17,4514.02001953125,14125.48046875,34947.28125
2023-11-20,4547.3798828125,14284.5302734375,35151.0390625
2023-11-21,4538.18994140625,14199.98046875,35088.2890625
2023-11-22,4556.6201171875,14265.8603515625,35273.03125
2023-11-24,4559.33984375,14250.849609375,35390.1484375
2023-11-27,4550.43017578125,14241.01953125,35333.46875
2023-11-28,4554.89013671875,14281.759765625,35416.98046875
2023-11-29,4550.580078125,14258.490234375,35430.421875
2023-11-30,4567.7998046875,14226.2197265625,35950.890625
2023-12-01,4594.6298828125,14305.0302734375,36245.5
2023-12-04,4569.77978515625,14185.490234375,36204.44140625
2023-12-05,4567.18017578125,14229.91015625,36124.55859375
2023-12-06,4549.33984375,14146.7099609375,36054.4296875
2023-12-07,4585.58984375,14339.990234375,36117.37890625
2023-12-08,4604.3701171875,14403.9697265625,36247.87109375
2023-12-11,4622.43994140625,14432.490234375,36404.9296875
2023-12-12,4643.7001953125,14533.400390625,36577.94140625
2023-12-13,4707.08984375,14733.9599609375,37090.23828125
2023-12-14,4719.5498046875,14761.5595703125,37248.3515625
2023-12-15,4719.18994140625,14813.919921875,37305.16015625
2023-12-18,4740.56005859375,14904.8095703125,37306.01953125
2023-12-19,4768.3701171875,15003.2197265625,37557.921875
2023-12-20,4698.35009765625,14777.9404296875,37082.0
2023-12-21,4746.75,14963.8701171875,37404.3515625
2023-12-22,4754.6298828125,14992.9697265625,37385.96875
2023-12-26,4774.75,15074.5703125,37545.328125
2023-12-27,4781.580078125,15099.1796875,37656.51953125
2023-12-28,4783.35009765625,15095.1396484375,37710.1015625
2023-12-29,4769.830078125,15011.349609375,37689.5390625
2024-01-02,4742.830078125,14765.9404296875,37715.0390625
2024-01-03,4704.81005859375,14592.2099609375,37430.19140625
2024-01-04,4688.68017578125,14510.2998046875,37440.33984375
2024-01-05,4697.240234375,14524.0703125,37466.109375
2024-01-08,4763.5400390625,14843.76953125,37683.01171875
2024-01-09,4756.5,14857.7099609375,37525.16015625
2024-01-10,4783.4501953125,14969.650390625,37695.73046875
2024-01-11,4780.240234375,14970.1904296875,37711.01953125
2024-01-12,4783.830078125,14972.759765625,37592.98046875
2024-01-16,4765.97998046875,14944.349609375,37361.12109375
2024-01-17,4739.2099609375,14855.6201171875,37266.671875
2024-01-18,4780.93994140625,15055.650390625,37468.609375
2024-01-19,4839.81005859375,15310.9697265625,37863.80078125
2024-01-22,4850.43017578125,15360.2900390625,38001.80859375
2024-01-23,4864.60009765625,15425.9404296875,37905.44921875
2024-01-24,4868.5498046875,15481.919921875,37806.390625
2024-01-25,4894.16015625,15510.5,38049.12890625
2024-01-26,4890.97021484375,15455.3603515625,38109.4296875
2024-01-29,4927.93017578125,15628.0400390625,38333.44921875
2024-01-30,4924.97021484375,15509.900390625,38467.30859375
2024-01-31,4845.64990234375,15164.009765625,38150.30078125
2024-02-01,4906.18994140625,15361.6396484375,38519.83984375
2024-02-02,4958.60986328125,15628.9501953125,38654.421875
2024-02-05,4942.81005859375,15597.6796875,38380.12109375
2024-02-06,4954.22998046875,15609.0,38521.359375
2024-02-07,4995.06005859375,15756.6396484375,38677.359375
2024-02-08,4997.91015625,15793.7099609375,38726.328125
2024-02-09,5026.60986328125,15990.66015625,38671.69140625
2024-02-12,5021.83984375,15942.5498046875,38797.37890625
2024-02-13,4953.169921875,15655.599609375,38272.75
2024-02-14,5000.6201171875,15859.150390625,38424.26953125
2024-02-15,5029.72998046875,15906.169921875,38773.12109375
2024-02-16,5005.56982421875,15775.650390625,38627.98828125
2024-02-20,4975.509765625,15630.7802734375,38563.80078125
2024-02-21,4981.7998046875,15580.8701171875,38612.23828125
2024-02-22,5087.02978515625,16041.6201171875,39069.109375
2024-02-23,5088.7998046875,15996.8203125,39131.53125
2024-02-26,5069.52978515625,15976.25,39069.23046875
2024-02-27,5078.18017578125,16035.2998046875,38972.41015625
2024-02-28,5069.759765625,15947.740234375,38949.01953125
2024-02-29,5096.27001953125,16091.919921875,38996.390625
2024-03-01,5137.080078125,16274.9404296875,39087.37890625
2024-03-04,5130.9501953125,16207.509765625,38989.828125
2024-03-05,5078.64990234375,15939.58984375,38585.19140625
2024-03-06,5104.759765625,16031.5400390625,38661.05078125
2024-03-07,5157.35986328125,16273.3798828125,38791.3515625
2024-03-08,5123.68994140625,16085.1103515625,38722.69140625
2024-03-11,5117.93994140625,16019.26953125,38769.66015625
2024-03-12,5175.27001953125,16265.6396484375,39005.48828125
2024-03-13,5165.31005859375,16177.76953125,39043.3203125
2024-03-14,5150.47998046875,16128.5302734375,38905.66015625
2024-03-15,5117.08984375,15973.169921875,38714.76953125
2024-03-18,5149.419921875,16103.4501953125,38790.4296875
2024-03-19,5178.509765625,16166.7900390625,39110.76171875
2024-03-20,5224.6201171875,16369.41015625,39512.12890625
2024-03-21,5241.52978515625,16401.83984375,39781.37109375
2024-03-22,5234.18017578125,16428.8203125,39475.8984375
2024-03-25,5218.18994140625,16384.470703125,39313.640625
2024-03-26,5203.580078125,16315.7001953125,39282.328125
2024-03-27,5248.490234375,16399.51953125,39760.078125
2024-03-28,5254.35009765625,16379.4599609375,39807.37109375
2024-04-01,5243.77001953125,16396.830078125,39566.8515625
2024-04-02,5205.81005859375,16240.4501953125,39170.23828125
2024-04-03,5211.490234375,16277.4599609375,39127.140625
2024-04-04,5147.2099609375,16049.080078125,38596.98046875
2024-04-05,5204.33984375,16248.51953125,38904.0390625
2024-04-08,5202.39013671875,16253.9599609375,38892.80078125
2024-04-09,5209.91015625,16306.6396484375,38883.671875
2024-04-10,5160.64013671875,16170.3603515625,38461.51171875
2024-04-11,5199.06005859375,16442.19921875,38459.078125
2024-04-12,5123.41015625,16175.08984375,37983.23828125
2024-04-15,5061.81982421875,15885.01953125,37735.109375
2024-04-16,5051.41015625,15865.25,37798.96875
2024-04-17,5022.2099609375,15683.3701171875,37753.30859375
2024-04-18,5011.1201171875,15601.5,37775.37890625
2024-04-19,4967.22998046875,15282.009765625,37986.3984375
2024-04-22,5010.60009765625,15451.3095703125,38239.98046875
2024-04-23,5070.5498046875,15696.6396484375,38503.69140625
2024-04-24,5071.6298828125,15712.75,38460.921875
2024-04-25,5048.419921875,15611.759765625,38085.80078125
2024-04-26,5099.9599609375,15927.900390625,38239.66015625
2024-04-29,5116.169921875,15983.080078125,38386.08984375
2024-04-30,5035.68994140625,15657.8203125,37815.921875
2024-05-01,5018.39013671875,15605.48046875,37903.2890625
2024-05-02,5064.2001953125,15840.9599609375,38225.66015625
2024-05-03,5127.7900390625,16156.330078125,38675.6796875
2024-05-06,5180.740234375,16349.25,38852.26953125
2024-05-07,5187.7001953125,16332.5595703125,38884.26171875
2024-05-08,5187.669921875,16302.759765625,39056.390625
2024-05-09,5214.080078125,16346.259765625,39387.76171875
2024-05-10,5222.68017578125,16340.8701171875,39512.83984375
2024-05-13,5221.419921875,16388.240234375,39431.51171875
2024-05-14,5246.68017578125,16511.1796875,39558.109375
2024-05-15,5308.14990234375,16742.390625,39908.0
2024-05-16,5297.10009765625,16698.3203125,39869.37890625
2024-05-17,5303.27001953125,16685.970703125,40003.58984375
2024-05-20,5308.1298828125,16794.869140625,39806.76953125
2024-05-21,5321.41015625,16832.619140625,39872.98828125
2024-05-22,5307.009765625,16801.5390625,39671.0390625
2024-05-23,5267.83984375,16736.029296875,39065.26171875
2024-05-24,5304.72021484375,16920.7890625,39069.58984375
2024-05-28,5306.0400390625,17019.880859375,38852.859375
2024-05-29,5266.9501953125,16920.580078125,38441.5390625
2024-05-30,5235.47998046875,16737.080078125,38111.48046875
2024-05-31,5277.509765625,16735.01953125,38686.3203125
2024-06-03,5283.39990234375,16828.669921875,38571.03125
2024-06-04,5291.33984375,16857.05078125,38711.2890625
2024-06-05,5354.02978515625,17187.900390625,38807.328125
2024-06-06,5352.9599609375,17173.119140625,38886.171875
2024-06-07,5346.990234375,17133.130859375,38798.98828125
2024-06-10,5360.7900390625,17192.529296875,38868.0390625
2024-06-11,5375.31982421875,17343.55078125,38747.421875
2024-06-12,5421.02978515625,17608.439453125,38712.2109375
2024-06-13,5433.740234375,17667.560546875,38647.1015625
2024-06-14,5431.60009765625,17688.880859375,38589.16015625
2024-06-17,5473.22998046875,17857.01953125,38778.1015625
2024-06-18,5487.02978515625,17862.23046875,38834.859375
2024-06-20,5473.169921875,17721.58984375,39134.76171875
2024-06-21,5464.6201171875,17689.359375,39150.328125
2024-06-24,5447.8701171875,17496.8203125,39411.2109375
2024-06-25,5469.2998046875,17717.650390625,39112.16015625
2024-06-26,5477.89990234375,17805.16015625,39127.80078125
2024-06-27,5482.8701171875,17858.6796875,39164.05859375
2024-06-28,5460.47998046875,17732.599609375,39118.859375
2024-07-01,5475.08984375,17879.30078125,39169.51953125
2024-07-02,5509.009765625,18028.759765625,39331.8515625
2024-07-03,5537.02001953125,18188.30078125,39308.0
2024-07-05,5567.18994140625,18352.759765625,39375.87109375
2024-07-08,5572.85009765625,18403.740234375,39344.7890625
2024-07-09,5576.97998046875,18429.2890625,39291.96875
2024-07-10,5633.91015625,18647.44921875,39721.359375
2024-07-11,5584.5400390625,18283.41015625,39753.75
2024-07-12,5615.35009765625,18398.44921875,40000.8984375
2024-07-15,5631.22021484375,18472.5703125,40211.71875
2024-07-16,5667.2001953125,18509.33984375,40954.48046875
2024-07-17,5588.27001953125,17996.919921875,41198.078125
2024-07-18,5544.58984375,17871.220703125,40665.01953125
2024-07-19,5505.0,17726.939453125,40287.53125
2024-07-22,5564.41015625,18007.5703125,40415.44140625
2024-07-23,5555.740234375,17997.349609375,40358.08984375
2024-07-24,5427.1298828125,17342.41015625,39853.87109375
2024-07-25,5399.22021484375,17181.720703125,39935.0703125
2024-07-26,5459.10009765625,17357.880859375,40589.33984375
2024-07-29,5463.5400390625,17370.19921875,40539.9296875
2024-07-30,5436.43994140625,17147.419921875,40743.328125
2024-07-31,5522.2998046875,17599.400390625,40842.7890625
2024-08-01,5446.68017578125,17194.150390625,40347.96875
2024-08-02,5346.56005859375,16776.16015625,39737.26171875
2024-08-05,5186.330078125,16200.080078125,38703.26953125
2024-08-06,5240.02978515625,16366.849609375,38997.66015625
2024-08-07,5199.5,16195.8095703125,38763.44921875
2024-08-08,5319.31005859375,16660.01953125,39446.48828125
2024-08-09,5344.16015625,16745.30078125,39497.5390625
2024-08-12,5344.39013671875,16780.609375,39357.01171875
2024-08-13,5434.43017578125,17187.609375,39765.640625
2024-08-14,5455.2099609375,17192.599609375,40008.390625
2024-08-15,5543.22021484375,17594.5,40563.05859375
2024-08-16,5554.25,17631.720703125,40659.76171875
2024-08-19,5608.25,17876.76953125,40896.53125
2024-08-20,5597.1201171875,17816.939453125,40834.96875
2024-08-21,5620.85009765625,17918.990234375,40890.48828125
2024-08-22,5570.64013671875,17619.349609375,40712.78125
2024-08-23,5634.60986328125,17877.7890625,41175.078125
2024-08-26,5616.83984375,17725.76953125,41240.51953125
2024-08-27,5625.7998046875,17754.8203125,41250.5
2024-08-28,5592.18017578125,17556.029296875,41091.421875
2024-08-29,5591.9599609375,17516.4296875,41335.05078125
2024-08-30,5648.39990234375,17713.619140625,41563.078125
2024-09-03,5528.93017578125,17136.30078125,40936.9296875
2024-09-04,5520.06982421875,17084.30078125,40974.96875
2024-09-05,5503.41015625,17127.66015625,40755.75
2024-09-06,5408.419921875,16690.830078125,40345.41015625
2024-09-09,5471.0498046875,16884.599609375,40829.58984375
2024-09-10,5495.52001953125,17025.880859375,40736.9609375
2024-09-11,5554.1298828125,17395.529296875,40861.7109375
2024-09-12,5595.759765625,17569.6796875,41096.76953125
2024-09-13,5626.02001953125,17683.98046875,41393.78125
2024-09-16,5633.08984375,17592.130859375,41622.078125
2024-09-17,5634.580078125,17628.060546875,41606.1796875
2024-09-18,5618.259765625,17573.30078125,41503.1015625
2024-09-19,5713.64013671875,18013.98046875,42025.19140625
2024-09-20,5702.5498046875,17948.3203125,42063.359375
2024-09-23,5718.56982421875,17974.26953125,42124.6484375
2024-09-24,5732.93017578125,18074.51953125,42208.21875
2024-09-25,5722.259765625,18082.2109375,41914.75
2024-09-26,5745.3701171875,18190.2890625,42175.109375
2024-09-27,5738.169921875,18119.58984375,42313.0
2024-09-30,5762.47998046875,18189.169921875,42330.1484375
2024-10-01,5708.75,17910.359375,42156.96875
2024-10-02,5709.5400390625,17925.119140625,42196.51953125
2024-10-03,5699.93994140625,17918.48046875,42011.58984375
2024-10-04,5751.06982421875,18137.849609375,42352.75
2024-10-07,5695.93994140625,17923.900390625,41954.23828125
2024-10-08,5751.1298828125,18182.919921875,42080.37109375
2024-10-09,5792.0400390625,18291.619140625,42512.0
2024-10-10,5780.0498046875,18282.05078125,42454.12109375
2024-10-11,5815.02978515625,18342.939453125,42863.859375
2024-10-14,5859.85009765625,18502.689453125,43065.21875
2024-10-15,5815.259765625,18315.58984375,42740.421875
2024-10-16,5842.47021484375,18367.080078125,43077.69921875
2024-10-17,5841.47021484375,18373.609375,43239.05078125
2024-10-18,5864.669921875,18489.55078125,43275.91015625
2024-10-21,5853.97998046875,18540.009765625,42931.6015625
2024-10-22,5851.2001953125,18579.76953125,42924.890625
2024-10-23,5797.419921875,18276.650390625,42514.94921875
2024-10-24,5809.85986328125,18415.490234375,42374.359375
2024-10-25,5808.1201171875,18518.609375,42114.3984375
2024-10-28,5823.52001953125,18567.189453125,42387.5703125
2024-10-29,5832.919921875,18712.75,42233.05078125
2024-10-30,5813.669921875,18607.9296875,42141.5390625
2024-10-31,5705.4501953125,18095.150390625,41763.4609375
2024-11-01,5728.7998046875,18239.919921875,42052.19140625
2024-11-04,5712.68994140625,18179.98046875,41794.6015625
2024-11-05,5782.759765625,18439.169921875,42221.87890625
2024-11-06,5929.0400390625,18983.470703125,43729.9296875
2024-11-07,5973.10009765625,19269.4609375,43729.33984375
2024-11-08,5995.5400390625,19286.779296875,43988.98828125
2024-11-11,6001.35009765625,19298.759765625,44293.12890625
2024-11-12,5983.990234375,19281.400390625,43910.98046875
2024-11-13,5985.3798828125,19230.720703125,43958.19140625
2024-11-14,5949.169921875,19107.650390625,43750.859375
2024-11-15,5870.6201171875,18680.119140625,43444.98828125
2024-11-18,5893.6201171875,18791.810546875,43389.6015625
2024-11-19,5916.97998046875,18987.470703125,43268.94140625
2024-11-20,5917.10986328125,18966.140625,43408.46875
2024-11-21,5948.7099609375,18972.419921875,43870.3515625
2024-11-22,5969.33984375,19003.650390625,44296.51171875
2024-11-25,5987.3701171875,19054.83984375,44736.5703125
2024-11-26,6021.6298828125,19174.30078125,44860.30859375
2024-11-27,5998.740234375,19060.48046875,44722.05859375
2024-11-29,6032.3798828125,19218.169921875,44910.6484375
2024-12-02,6047.14990234375,19403.94921875,44782.0
2024-12-03,6049.8798828125,19480.91015625,44705.53125
2024-12-04,6086.490234375,19735.119140625,45014.0390625
2024-12-05,6075.10986328125,19700.259765625,44765.7109375
2024-12-06,6090.27001953125,19859.76953125,44642.51953125
2024-12-09,6052.85009765625,19736.689453125,44401.9296875
2024-12-10,6034.91015625,19687.240234375,44247.828125
2024-12-11,6084.18994140625,20034.890625,44148.55859375
2024-12-12,6051.25,19902.83984375,43914.12109375
2024-12-13,6051.08984375,19926.720703125,43828.05859375
2024-12-16,6074.080078125,20173.890625,43717.48046875
2024-12-17,6050.60986328125,20109.060546875,43449.8984375
2024-12-18,5872.16015625,19392.689453125,42326.87109375
2024-12-19,5867.080078125,19372.76953125,42342.23828125
2024-12-20,5930.85009765625,19572.599609375,42840.26171875
2024-12-23,5974.06982421875,19764.880859375,42906.94921875
2024-12-24,6040.0400390625,20031.130859375,43297.03125
2024-12-26,6037.58984375,20020.359375,43325.80078125
2024-12-27,5970.83984375,19722.029296875,42992.2109375
2024-12-30,5906.93994140625,19486.7890625,42573.73046875
2024-12-31,5881.6298828125,19310.7890625,42544.21875
2025-01-02,5868.5498046875,19280.7890625,42392.26953125
2025-01-03,5942.47021484375,19621.6796875,42732.12890625
2025-01-06,5975.3798828125,19864.98046875,42706.55859375
2025-01-07,5909.02978515625,19489.6796875,42528.359375
2025-01-08,5918.25,19478.880859375,42635.19921875
2025-01-10,5827.0400390625,19161.630859375,41938.44921875
2025-01-13,5836.22021484375,19088.099609375,42297.12109375
2025-01-14,5842.91015625,19044.390625,42518.28125
2025-01-15,5949.91015625,19511.23046875,43221.55078125
2025-01-16,5937.33984375,19338.2890625,43153.12890625
2025-01-17,5996.66015625,19630.19921875,43487.828125
2025-01-21,6049.240234375,19756.779296875,44025.80859375
2025-01-22,6086.3701171875,20009.33984375,44156.73046875
2025-01-23,6118.7099609375,20053.6796875,44565.0703125
2025-01-24,6101.240234375,19954.30078125,44424.25
2025-01-27,6012.27978515625,19341.830078125,44713.578125
2025-01-28,6067.7001953125,19733.58984375,44850.3515625
2025-01-29,6039.31005859375,19632.3203125,44713.51953125
2025-01-30,6071.169921875,19681.75,44882.12890625
2025-01-31,6040.52978515625,19627.439453125,44544.66015625
2025-02-03,5994.56982421875,19391.9609375,44421.91015625
2025-02-04,6037.8798828125,19654.01953125,44556.0390625
2025-02-05,6061.47998046875,19692.330078125,44873.28125
2025-02-06,6083.56982421875,19791.990234375,44747.62890625
2025-02-07,6025.990234375,19523.400390625,44303.3984375
2025-02-10,6066.43994140625,19714.26953125,44470.41015625
2025-02-11,6068.5,19643.859375,44593.6484375
2025-02-12,6051.97021484375,19649.94921875,44368.55859375
2025-02-13,6115.06982421875,19945.640625,44711.4296875
2025-02-14,6114.6298828125,20026.76953125,44546.078125
2025-02-18,6129.580078125,20041.259765625,44556.33984375
2025-02-19,6144.14990234375,20056.25,44627.58984375
2025-02-20,6117.52001953125,19962.359375,44176.6484375
2025-02-21,6013.1298828125,19524.009765625,43428.01953125
2025-02-24,5983.25,19286.9296875,43461.2109375
2025-02-25,5955.25,19026.390625,43621.16015625
2025-02-26,5956.06005859375,19075.259765625,43433.12109375
2025-02-27,5861.56982421875,18544.419921875,43239.5
2025-02-28,5954.5,18847.279296875,43840.91015625
2025-03-03,5849.72021484375,18350.189453125,43191.23828125
2025-03-04,5778.14990234375,18285.16015625,42520.98828125
2025-03-05,5842.6298828125,18552.73046875,43006.58984375
2025-03-06,5738.52001953125,18069.259765625,42579.078125
2025-03-07,5770.2001953125,18196.220703125,42801.71875
2025-03-10,5614.56005859375,17468.3203125,41911.7109375
2025-03-11,5572.06982421875,17436.099609375,41433.48046875
2025-03-12,5599.2998046875,17648.44921875,41350.9296875
2025-03-13,5521.52001953125,17303.009765625,40813.5703125
2025-03-14,5638.93994140625,17754.08984375,41488.19140625
2025-03-17,5675.1201171875,17808.66015625,41841.62890625
2025-03-18,5614.66015625,17504.119140625,41581.30859375
2025-03-19,5675.2900390625,17750.7890625,41964.62890625
2025-03-20,5662.89013671875,17691.630859375,41953.3203125
2025-03-21,5667.56005859375,17784.05078125,41985.3515625
2025-03-24,5767.56982421875,18188.58984375,42583.3203125
2025-03-25,5776.64990234375,18271.859375,42587.5
2025-03-26,5712.2001953125,17899.01953125,42454.7890625
2025-03-27,5693.31005859375,17804.029296875,42299.69921875
2025-03-28,5580.93994140625,17322.990234375,41583.8984375
2025-03-31,5611.85009765625,17299.2890625,42001.76171875
2025-04-01,5633.06982421875,17449.890625,41989.9609375
2025-04-02,5670.97021484375,17601.05078125,42225.3203125
2025-04-03,5396.52001953125,16550.609375,40545.9296875
2025-04-04,5074.080078125,15587.7900390625,38314.859375
2025-04-07,5062.25,15603.259765625,37965.6015625
2025-04-08,4982.77001953125,15267.91015625,37645.58984375
2025-04-09,5456.89990234375,17124.970703125,40608.44921875
2025-04-10,5268.0498046875,16387.310546875,39593.66015625
2025-04-11,5363.35986328125,16724.4609375,40212.7109375
2025-04-14,5405.97021484375,16831.48046875,40524.7890625
2025-04-15,5396.6298828125,16823.169921875,40368.9609375
2025-04-16,5275.7001953125,16307.16015625,39669.390625
2025-04-17,5282.7001953125,16286.4501953125,39142.23046875
2025-04-21,5158.2001953125,15870.900390625,38170.41015625
2025-04-22,5287.759765625,16300.419921875,39186.98046875
2025-04-23,5375.85986328125,16708.05078125,39606.5703125
2025-04-24,5484.77001953125,17166.0390625,40093.3984375
2025-04-25,5525.2099609375,17382.939453125,40113.5
2025-04-28,5528.75,17366.130859375,40227.58984375
2025-04-29,5560.830078125,17461.3203125,40527.62109375
2025-04-30,5569.06005859375,17446.33984375,40669.359375
2025-05-01,5604.14013671875,17710.740234375,40752.9609375
2025-05-02,5686.669921875,17977.73046875,41317.4296875
2025-05-05,5650.3798828125,17844.240234375,41218.828125
2025-05-06,5606.91015625,17689.66015625,40829.0
2025-05-07,5631.27978515625,17738.16015625,41113.96875
2025-05-08,5663.93994140625,17928.140625,41368.44921875
2025-05-09,5659.91015625,17928.919921875,41249.37890625
2025-05-12,5844.18994140625,18708.33984375,42410.1015625
2025-05-13,5886.5498046875,19010.08984375,42140.4296875
2025-05-14,5892.580078125,19146.810546875,42051.05859375
2025-05-15,5916.93017578125,19112.3203125,42322.75
2025-05-16,5958.3798828125,19211.099609375,42654.73828125
2025-05-19,5963.60009765625,19215.4609375,42792.0703125
2025-05-20,5940.4599609375,19142.7109375,42677.23828125
2025-05-21,5844.60986328125,18872.640625,41860.44140625
2025-05-22,5842.009765625,18925.740234375,41859.08984375
2025-05-23,5802.81982421875,18737.2109375,41603.0703125
2025-05-27,5921.5400390625,19199.16015625,42343.6484375
2025-05-28,5888.5498046875,19100.939453125,42098.69921875
2025-05-29,5912.169921875,19175.869140625,42215.73046875
2025-05-30,5911.68994140625,19113.76953125,42270.0703125
2025-06-02,5935.93994140625,19242.609375,42305.48046875
2025-06-03,5970.3701171875,19398.9609375,42519.640625
2025-06-04,5970.81005859375,19460.490234375,42427.73828125
2025-06-05,5939.2998046875,19298.44921875,42319.73828125
2025-06-06,6000.35986328125,19529.94921875,42762.87109375
2025-06-09,6005.8798828125,19591.240234375,42761.76171875
2025-06-10,6038.81005859375,19714.990234375,42866.87109375
2025-06-11,6022.240234375,19615.880859375,42865.76953125
2025-06-12,6045.259765625,19662.490234375,42967.62109375
2025-06-13,5976.97021484375,19406.830078125,42197.7890625
2025-06-16,6033.10986328125,19701.2109375,42515.08984375
2025-06-17,5982.72021484375,19521.08984375,42215.80078125
2025-06-18,5980.8701171875,19546.26953125,42171.66015625
2025-06-20,5967.83984375,19447.41015625,42206.8203125
2025-06-23,6025.169921875,19630.970703125,42581.78125
2025-06-24,6092.18017578125,19912.529296875,43089.01953125
2025-06-25,6092.16015625,19973.55078125,42982.4296875
2025-06-26,6141.02001953125,20167.91015625,43386.83984375
2025-06-27,6173.06982421875,20273.4609375,43819.26953125
2025-06-30,6204.9501953125,20369.73046875,44094.76953125
2025-07-01,6198.009765625,20202.890625,44494.94140625
2025-07-02,6227.419921875,20393.130859375,44484.421875
2025-07-03,6279.35009765625,20601.099609375,44828.53125
2025-07-07,6229.97998046875,20412.51953125,44406.359375
2025-07-08,6225.52001953125,20418.4609375,44240.76171875
2025-07-09,6263.259765625,20611.33984375,44458.30078125
2025-07-10,6280.4599609375,20630.66015625,44650.640625
2025-07-11,6259.75,20585.529296875,44371.51171875
2025-07-14,6268.56005859375,20640.330078125,44459.6484375
2025-07-15,6243.759765625,20677.80078125,44023.2890625
2025-07-16,6263.7001953125,20730.490234375,44254.78125
2025-07-17,6297.35986328125,20885.650390625,44484.48828125
2025-07-18,6296.7900390625,20895.650390625,44342.19140625
2025-07-21,6305.60009765625,20974.1796875,44323.0703125
2025-07-22,6309.6201171875,20892.689453125,44502.44140625
2025-07-23,6358.91015625,21020.01953125,45010.2890625
2025-07-24,6363.35009765625,21057.9609375,44693.91015625
2025-07-25,6388.64013671875,21108.3203125,44901.921875
2025-07-28,6389.77001953125,21178.580078125,44837.55859375
2025-07-29,6370.85986328125,21098.2890625,44632.98828125
2025-07-30,6362.89990234375,21129.669921875,44461.28125
2025-07-31,6339.39013671875,21122.44921875,44130.98046875
2025-08-01,6238.009765625,20650.130859375,43588.578125
2025-08-04,6329.93994140625,21053.580078125,44173.640625
2025-08-05,6299.18994140625,20916.55078125,44111.73828125
2025-08-06,6345.06005859375,21169.419921875,44193.12109375
2025-08-07,6340.0,21242.69921875,43968.640625
2025-08-08,6389.4501953125,21450.01953125,44175.609375
2025-08-11,6373.4501953125,21385.400390625,43975.08984375
2025-08-12,6445.759765625,21681.900390625,44458.609375
2025-08-13,6466.580078125,21713.140625,44922.26953125
2025-08-14,6468.5400390625,21710.669921875,44911.26171875
2025-08-15,6449.7998046875,21622.98046875,44946.12109375
2025-08-18,6449.14990234375,21629.76953125,44911.8203125
2025-08-19,6411.3701171875,21314.94921875,44922.26953125
2025-08-20,6395.77978515625,21172.859375,44938.30859375
2025-08-21,6370.169921875,21100.310546875,44785.5
2025-08-22,6466.91015625,21496.5390625,45631.73828125
2025-08-25,6439.31982421875,21449.2890625,45282.46875
2025-08-26,6465.93994140625,21544.26953125,45418.0703125
2025-08-27,6481.39990234375,21590.140625,45565.23046875
2025-08-28,6501.85986328125,21705.16015625,45636.8984375
2025-08-29,6460.259765625,21455.55078125,45544.87890625
2025-09-02,6415.5400390625,21279.630859375,45295.80859375
2025-09-03,6448.259765625,21497.73046875,45271.23046875
2025-09-04,6502.080078125,21707.689453125,45621.2890625
2025-09-05,6481.5,21700.390625,45400.859375
2025-09-08,6495.14990234375,21798.69921875,45514.94921875
2025-09-09,6512.60986328125,21879.490234375,45711.33984375
2025-09-10,6532.0400390625,21886.060546875,45490.921875
2025-09-11,6587.47021484375,22043.0703125,46108.0
2025-09-12,6584.2900390625,22141.099609375,45834.21875
2025-09-15,6615.27978515625,22348.75,45883.44921875
2025-09-16,6606.759765625,22333.9609375,45757.8984375
2025-09-17,6600.35009765625,22261.330078125,46018.3203125
2025-09-18,6631.9599609375,22470.720703125,46142.421875
2025-09-19,6664.35986328125,22631.48046875,46315.26953125
2025-09-22,6693.75,22788.98046875,46381.5390625
2025-09-23,6656.919921875,22573.470703125,46292.78125
2025-09-24,6637.97021484375,22497.859375,46121.28125
2025-09-25,6604.72021484375,22384.69921875,45947.3203125
2025-09-26,6643.7001953125,22484.0703125,46247.2890625
2025-09-29,6661.2099609375,22591.150390625,46316.0703125
2025-09-30,6688.4599609375,22660.009765625,46397.890625
2025-10-01,6711.2001953125,22755.16015625,46441.1015625
2025-10-02,6715.35009765625,22844.05078125,46519.71875
2025-10-03,6715.7900390625,22780.509765625,46758.28125
2025-10-06,6740.27978515625,22941.669921875,46694.96875
2025-10-07,6714.58984375,22788.359375,46602.98046875
2025-10-08,6753.72021484375,23043.380859375,46601.78125
2025-10-09,6735.10986328125,23024.630859375,46358.421875
2025-10-10,6552.509765625,22204.4296875,45479.6015625
2025-10-13,6654.72021484375,22694.609375,46067.578125
2025-10-14,6644.31005859375,22521.69921875,46270.4609375
2025-10-15,6671.06005859375,22670.080078125,46253.30859375
2025-10-16,6629.06982421875,22562.5390625,45952.23828125
2025-10-17,6664.009765625,22679.970703125,46190.609375
2025-10-20,6735.1298828125,22990.5390625,46706.578125
2025-10-21,6735.35009765625,22953.669921875,46924.73828125
2025-10-22,6699.39990234375,22740.400390625,46590.41015625
2025-10-23,6738.43994140625,22941.80078125,46734.609375
2025-10-24,6791.68994140625,23204.869140625,47207.12109375
2025-10-27,6875.16015625,23637.4609375,47544.58984375
2025-10-28,6890.89013671875,23827.490234375,47706.37109375
2025-10-29,6890.58984375,23958.470703125,47632.0
2025-10-30,6822.33984375,23581.140625,47522.12109375
2025-10-31,6840.2001953125,23724.9609375,47562.87109375
2025-11-03,6851.97021484375,23834.720703125,47336.6796875
2025-11-04,6771.5498046875,23348.640625,47085.23828125
2025-11-05,6796.2900390625,23499.80078125,47311.0
2025-11-06,6720.31982421875,23053.990234375,46912.30078125
2025-11-07,6728.7998046875,23004.5390625,46987.1015625
2025-11-10,6832.43017578125,23527.169921875,47368.62890625
2025-11-11,6846.60986328125,23468.30078125,47927.9609375
2025-11-12,6850.919921875,23406.4609375,48254.8203125
2025-11-13,6737.490234375,22870.359375,47457.21875
2025-11-14,6734.10986328125,22900.58984375,47147.48046875
2025-11-17,6672.41015625,22708.0703125,46590.23828125
2025-11-18,6617.31982421875,22432.849609375,46091.73828125
2025-11-19,6642.16015625,22564.23046875,46138.76953125
2025-11-20,6538.759765625,22078.05078125,45752.26171875
2025-11-21,6602.990234375,22273.080078125,46245.41015625
2025-11-24,6705.1201171875,22872.009765625,46448.26953125
2025-11-25,6765.8798828125,23025.58984375,47112.44921875
2025-11-26,6812.60986328125,23214.689453125,47427.12109375
2025-11-28,6849.08984375,23365.689453125,47716.421875
2025-12-01,6812.6298828125,23275.919921875,47289.328125
2025-12-02,6829.3701171875,23413.669921875,47474.4609375
2025-12-03,6849.72021484375,23454.08984375,47882.8984375
2025-12-04,6857.1201171875,23505.140625,47850.94140625
2025-12-05,6870.39990234375,23578.130859375,47954.98828125
2025-12-08,6846.509765625,23545.900390625,47739.3203125
2025-12-09,6840.509765625,23576.490234375,47560.2890625
2025-12-10,6886.68017578125,23654.150390625,48057.75
2025-12-11,6901.0,23593.859375,48704.01171875
2025-12-12,6827.41015625,23195.169921875,48458.05078125
2025-12-15,6816.509765625,23057.41015625,48416.55859375
2025-12-16,6800.259765625,23111.4609375,48114.26171875
2025-12-17,6721.43017578125,22693.3203125,47885.96875
2025-12-18,6774.759765625,23006.359375,47951.8515625
2025-12-19,6834.5,23307.619140625,48134.890625
2025-12-22,6878.490234375,23428.830078125,48362.6796875
2025-12-23,6909.7900390625,23561.83984375,48442.41015625
2025-12-24,6932.0498046875,23613.310546875,48731.16015625
2025-12-26,6929.93994140625,23593.099609375,48710.96875
2025-12-29,6905.740234375,23474.349609375,48461.9296875
2025-12-30,6896.240234375,23419.080078125,48367.05859375
2025-12-31,6845.5,23241.990234375,48063.2890625
2026-01-02,6858.47021484375,23235.630859375,48382.390625
2026-01-05,6902.0498046875,23395.8203125,48977.1796875
2026-01-06,6944.81982421875,23547.169921875,49462.078125
2026-01-07,6920.93017578125,23584.279296875,48996.078125
2026-01-08,6921.4599609375,23480.01953125,49266.109375
2026-01-09,6966.27978515625,23671.349609375,49504.0703125
2026-01-12,6977.27001953125,23733.900390625,49590.19921875
2026-01-13,6963.740234375,23709.869140625,49191.98828125
2026-01-14,6926.60009765625,23471.75,49149.62890625
2026-01-15,6944.47021484375,23530.01953125,49442.44140625
2026-01-16,6940.009765625,23515.390625,49359.328125
2026-01-20,6796.85986328125,22954.3203125,48488.58984375
2026-01-21,6875.6201171875,23224.8203125,49077.23046875
2026-01-22,6913.35009765625,23436.01953125,49384.01171875
2026-01-23,6915.60986328125,23501.240234375,49098.7109375
2026-01-26,6950.22998046875,23601.359375,49412.3984375
2026-01-27,6978.60009765625,23817.099609375,49003.41015625
2026-01-28,6978.02978515625,23857.44921875,49015.6015625
2026-01-29,6969.009765625,23685.119140625,49071.55859375
2026-01-30,6939.02978515625,23461.8203125,48892.46875
2026-02-02,6976.43994140625,23592.109375,49407.66015625
2026-02-03,6917.81005859375,23255.189453125,49240.98828125
2026-02-04,6882.72021484375,22904.580078125,49501.30078125
2026-02-05,6798.39990234375,22540.58984375,48908.71875
2026-02-06,6932.2998046875,23031.2109375,50115.671875
2026-02-09,6964.81982421875,23238.669921875,50135.87109375
2026-02-10,6941.81005859375,23102.470703125,50188.140625
2026-02-11,6941.47021484375,23066.470703125,50121.3984375
2026-02-12,6832.759765625,22597.150390625,49451.98046875
2026-02-13,6836.169921875,22546.669921875,49500.9296875
2026-02-17,6843.22021484375,22578.380859375,49533.19140625
2026-02-18,6881.31005859375,22753.630859375,49662.66015625
2026-02-19,6861.89013671875,22682.73046875,49395.16015625
2026-02-20,6909.509765625,22886.0703125,49625.96875
2026-02-23,6837.75,22627.26953125,48804.05859375
2026-02-24,6890.06982421875,22863.6796875,49174.5
2026-02-25,6946.1298828125,23152.080078125,49482.1484375
2026-02-26,6908.85986328125,22878.380859375,49499.19921875
2026-02-27,6878.8798828125,22668.2109375,48977.921875
2026-03-02,6881.6201171875,22748.859375,48904.78125
2026-03-03,6816.6298828125,22516.689453125,48501.26953125
2026-03-04,6869.5,22807.48046875,48739.41015625
2026-03-05,6830.7099609375,22748.990234375,47954.73828125
2026-03-06,6740.02001953125,22387.6796875,47501.55078125
2026-03-09,6795.990234375,22695.94921875,47740.80078125
2026-03-10,6781.47998046875,22697.099609375,47706.51171875
2026-03-11,6775.7998046875,22716.130859375,47417.26953125
2026-03-12,6672.6201171875,22311.98046875,46677.8515625
2026-03-13,6632.18994140625,22105.359375,46558.46875
2026-03-16,6699.3798828125,22374.1796875,46946.41015625
2026-03-17,6716.08984375,22479.529296875,46993.26171875
2026-03-18,6624.7001953125,22152.419921875,46225.1484375
2026-03-19,6606.490234375,22090.689453125,46021.4296875
2026-03-20,6506.47998046875,21647.609375,45577.46875
2026-03-23,6581.0,21946.759765625,46208.46875
2026-03-24,6556.3701171875,21761.890625,46124.05859375
2026-03-25,6591.89990234375,21929.8203125,46429.48828125
2026-03-26,6477.16015625,21408.080078125,45960.109375
2026-03-27,6368.85009765625,20948.359375,45166.640625
2026-03-30,6343.72021484375,20794.640625,45216.140625
2026-03-31,6528.52001953125,21590.630859375,46341.51171875
2026-04-01,6575.31982421875,21840.94921875,46565.73828125
2026-04-02,6582.68994140625,21879.1796875,46504.671875
2026-04-06,6611.830078125,21996.33984375,46669.87890625
2026-04-07,6616.85009765625,22017.849609375,46584.4609375
2026-04-08,6782.81005859375,22634.990234375,47909.921875
2026-04-09,6824.66015625,22822.419921875,48185.80078125
2026-04-10,6816.89013671875,22902.890625,47916.5703125
2026-04-13,6886.240234375,23183.740234375,48218.25
2026-04-14,6967.3798828125,23639.080078125,48535.98828125
2026-04-15,7022.9501953125,24016.01953125,48463.71875
2026-04-16,7041.27978515625,24102.69921875,48578.71875
2026-04-17,7126.06005859375,24468.48046875,49447.4296875
2026-04-20,7109.14013671875,24404.390625,49442.55859375
2026-04-21,7064.009765625,24259.9609375,49149.37890625
2026-04-22,7137.89990234375,24657.5703125,49490.03125
2026-04-23,7108.39990234375,24438.5,49310.3203125
2026-04-24,7165.080078125,24836.599609375,49230.7109375
2026-04-27,7173.91015625,24887.099609375,49167.7890625
2026-04-28,7138.7998046875,24663.80078125,49141.9296875
2026-04-29,7135.9501953125,24673.240234375,48861.80859375
2026-04-30,7209.009765625,24892.310546875,49652.140625
2026-05-01,7230.1201171875,25114.439453125,49499.26953125
2026-05-04,7200.75,25067.80078125,48941.8984375
2026-05-05,7259.22021484375,25326.130859375,49298.25
2026-05-06,7365.1201171875,25838.939453125,49910.58984375
2026-05-07,7337.10986328125,25806.19921875,49596.96875
2026-05-08,7398.93017578125,26247.080078125,49609.16015625
2026-05-11,7412.83984375,26274.130859375,49704.46875
2026-05-12,7400.9599609375,26088.203125,49760.55859375
