date,Manufacturing,Mining,Electric and gas utilities,Durable manufacturing,Nondurable manufacturing,Consumer goods,Durable consumer goods,Automotive products,Nondurable consumer goods,Foods and tobacco,Chemical products,Consumer energy products,"Equipment, total",Transit equipment,Information processing and related equipment,Industrial equipment,Oil and gas well drilling and manufactured homes,Materials,Durable goods materials,Consumer parts,Equipment parts,Basic metals,Nondurable goods materials,Textile materials,Chemical materials,Energy materials,Nonindustrial supplies,Construction supplies,Business supplies,Motor vehicles and parts,Clothing,Paper products,Paper materials,Commercial energy products,Total index,"Food, beverage, and tobacco",Chemical
1968-01-01,34.8318,79.1273,34.7155,,,49.8327,35.5193,34.5161,56.2615,55.1291,30.8199,39.9367,22.4184,48.4201,0.7946,73.1994,143.972,32.6748,20.0338,48.7462,3.3227,96.8405,53.9037,160.57,37.4734,54.0689,41.1556,55.8943,35.5688,,621.046,94.99,60.4259,28.9595,36.3145,,
1968-02-01,34.9852,80.3256,34.5522,,,50.0989,36.0843,34.4644,56.3267,54.6686,30.6844,40.5442,22.5183,49.3473,0.815,71.552,148.496,32.6768,20.1106,48.6977,3.361,96.6425,53.4817,167.736,37.5469,54.1112,41.5201,56.4607,35.8374,,629.133,95.4507,60.9708,29.3496,36.4446,,
1968-03-01,35.0407,81.024,35.1331,,,50.3965,36.0074,35.189,56.866,54.9212,30.5851,40.7055,22.4914,50.5273,0.8174,71.9666,154.796,32.8018,20.1152,48.8564,3.3484,98.1518,53.7116,167.588,37.9919,54.7747,41.5878,56.5709,35.8814,,651.353,95.4012,62.0648,29.3117,36.5584,,
1968-04-01,35.075,81.5863,35.1411,,,50.3116,36.0412,35.5049,56.718,55.2399,31.2559,40.16,22.2642,50.0208,0.8114,71.6517,155.769,33.0523,20.2481,48.5483,3.312,101.429,54.8571,165.211,38.569,54.4241,41.8833,56.8817,36.1874,,637.047,94.1837,61.8048,29.3609,36.6113,,
1968-05-01,35.5182,81.9159,35.5738,,,50.5809,36.498,36.0667,56.8563,55.4119,31.8685,41.047,22.5876,52.1295,0.8295,72.0435,155.695,33.5553,20.5984,49.6728,3.3454,104.51,55.9427,170.969,39.3195,54.6704,42.1663,57.1101,36.5216,,626.136,93.4033,62.428,29.7393,37.022,,
1968-06-01,35.593,81.5298,35.9631,,,50.892,36.8532,35.8196,57.1258,55.5315,31.8223,41.1161,22.5936,52.3707,0.8375,71.5981,151.66,33.6908,20.651,49.6273,3.354,105.354,56.1245,172.1,39.4523,55.1592,42.2703,57.1393,36.675,,640.724,92.2616,63.3907,29.8348,37.158,,
1968-07-01,35.4848,82.9445,35.5904,,,50.77,36.5367,35.6143,57.1399,56.3649,31.6608,40.9534,22.4482,52.1107,0.8191,71.2471,149.868,33.7244,20.6272,49.5876,3.3317,105.13,56.7475,170.079,40.2994,54.8126,42.2686,57.1643,36.6536,,624.354,93.1244,63.0814,30.0345,37.101,,
1968-08-01,35.6595,82.6581,35.8756,,,51.3765,37.0097,35.9092,57.7916,56.522,32.5488,41.2992,22.5978,49.3779,0.8556,72.2939,154.325,33.4718,20.2031,47.9677,3.3165,100.02,57.3355,171.646,40.7714,54.9388,42.6247,57.4545,37.0733,,637.087,94.0136,63.5913,30.3408,37.2045,,
1968-09-01,35.6788,82.4018,36.4277,,,51.5808,37.3908,36.1753,57.8564,56.5941,32.7548,41.2602,22.7529,51.0998,0.8537,73.2912,156.106,33.609,20.2595,49.2034,3.2709,99.9456,57.8212,172.973,40.9065,55.0386,42.5365,56.998,37.1954,,635.034,94.5448,64.2993,30.1066,37.3454,,
1968-10-01,35.9033,80.3021,36.3951,,,51.9069,37.8858,37.087,58.0397,56.616,32.6147,41.3811,22.6833,50.3561,0.8636,74.2999,154.791,33.6482,20.5362,50.1475,3.3058,101.07,57.5801,167.282,41.1925,53.8214,42.6519,56.9637,37.4059,,643.186,95.0441,64.1402,30.2056,37.4196,,
1968-11-01,36.4134,82.5097,36.6196,,,52.5832,38.7661,37.6564,58.5272,56.7175,33.8502,41.69,22.7732,50.0236,0.8649,74.4447,158.325,34.1858,20.8745,50.4838,3.3855,103.557,58.0179,168.581,41.5781,55.2264,43.3756,58.3079,37.8108,,647.421,94.9339,62.8309,30.3994,37.9036,,
1968-12-01,36.4167,82.7927,37.8998,,,52.2908,39.1081,37.3921,57.8184,55.6698,33.1725,42.3029,22.8926,49.6478,0.8689,75.9376,157.022,34.3644,20.9419,49.7355,3.4225,104.352,57.9342,166.322,41.0198,56.2853,43.9049,59.3829,38.0508,,634.367,95.725,65.867,30.9922,38.0233,,
1969-01-01,36.6361,83.2113,37.6559,,,52.5693,39.0106,36.7005,58.3144,56.7858,33.4191,41.7777,23.1181,49.0845,0.8855,77.1466,158.466,34.5333,21.0141,49.8258,3.4545,105.179,58.9728,171.452,42.1208,55.8465,44.1328,59.7682,38.196,,637.023,95.831,65.5509,30.3026,38.2533,,
1969-02-01,36.9321,82.837,37.917,,,53.0003,38.9839,37.1705,59.0126,57.3293,34.0593,42.7208,23.0596,48.9469,0.8873,77.3018,156.266,34.905,21.3059,50.4226,3.4519,109.277,59.5236,170,43.0823,56.1382,44.2589,60.3369,38.0603,,642.692,96.119,66.3165,30.511,38.4981,,
1969-03-01,37.214,83.2545,38.3358,,,53.3711,39.2035,36.2617,59.4516,57.5568,33.0918,43.1421,23.2401,49.7233,0.9074,77.2963,154.501,35.0689,21.3954,50.2223,3.505,109.618,59.8044,173.415,42.3507,56.4905,45.0823,60.5558,39.3034,,664.366,97.609,67.7446,30.8954,38.8,,
1969-04-01,37.0584,83.4236,38.1416,,,52.5828,38.1716,34.4422,58.8652,57.1819,33.4067,43.0645,23.3438,49.3548,0.9207,78.4478,158.263,35.1706,21.4109,50.5117,3.5611,107.207,60.3171,171.711,43.9816,56.5583,44.5531,59.9864,38.7519,,638.174,97.9257,67.1186,30.9238,38.6573,,
1969-05-01,36.9092,84.1786,38.1686,,,52.1903,37.6611,33.0586,58.5672,57.1877,31.6538,43.1957,23.2206,47.5895,0.9237,77.8196,157.919,35.0874,21.1645,48.4637,3.5761,106.186,60.8039,171.705,44.3577,56.9569,44.6249,59.5933,39.1023,,643.456,98.1238,67.3719,31.2795,38.5111,,
1969-06-01,37.1335,86.4556,38.8869,,,52.7927,38.9284,36.4935,58.6851,56.5565,33.0392,43.1838,23.277,48.3253,0.9272,78.5883,164.128,35.5575,21.4675,49.058,3.6116,109.561,60.8335,173.889,44.08,58.5812,44.8989,59.9102,39.368,,640.613,99.8826,68.8151,31.5879,38.8874,,
1969-07-01,37.4032,84.4642,39.5022,,,53.7152,38.9347,37.0176,60.1526,58.3242,33.3024,44.6767,23.4146,49.8875,0.9316,79.4628,163.963,35.5741,21.5549,49.1532,3.6303,111.06,61.2302,177.228,44.4315,57.6394,44.6229,59.383,39.22,,656.697,100.797,68.8698,31.6297,39.0927,,
1969-08-01,37.455,84.7346,39.6989,,,53.6191,39.3429,37.3041,59.7268,57.869,33.331,44.8181,23.2464,50.0574,0.9506,77.8806,161.192,35.9381,21.9385,51.1048,3.6331,114.692,61.2388,172.748,44.8466,57.9104,44.6772,59.3184,39.3511,,653.376,97.245,69.0938,31.763,39.1825,,
1969-09-01,37.404,85.573,39.2828,,,53.2126,38.9567,37.1593,59.3316,57.8028,34.0703,44.3592,23.3676,51.2934,0.9604,78.4537,156.82,36.0321,21.9951,51.4302,3.653,114.657,61.5677,173.113,44.8844,57.8465,44.625,59.3315,39.2586,,628.456,97.6135,69.8111,31.8605,39.1737,,
1969-10-01,37.4419,86.0076,39.5778,,,53.2352,39.1673,37.0808,59.2284,57.1612,34.3548,44.7984,23.3473,50.9632,0.9665,78.6829,159.053,36.025,21.9443,50.3271,3.6618,116.171,61.4434,173.782,45.0966,58.2706,44.773,59.5394,39.3854,,633.218,96.2861,68.4906,31.6245,39.1852,,
1969-11-01,37.052,86.3908,40.1645,,,52.7724,37.5579,36.4579,59.5542,56.654,33.7626,45.4028,22.8488,51.5782,0.9663,74.8094,155.142,35.8355,21.6021,48.3393,3.5743,117.602,61.4289,172.641,44.6388,59.0695,44.5053,59.1726,39.1601,,662.887,96.3271,70.4923,31.9086,38.8158,,
1969-12-01,36.8537,87.6575,40.1592,,,52.8434,37.3374,35.5086,59.8148,57.1627,35.203,45.2701,22.7077,50.1803,0.9635,74.8157,157.255,35.6253,21.2486,46.2242,3.5477,114.744,61.7365,173.585,44.8281,59.3788,44.67,58.8486,39.6345,,639.964,99.0823,70.0202,32.8468,38.7116,,
1970-01-01,36.0488,87.057,40.2359,,,51.9572,35.3774,32.0966,59.6933,57.2245,34.9593,45.7309,22.3931,47.298,0.969,74.5314,152.893,34.8066,20.4099,43.992,3.4728,108.231,61.2711,169.839,44.4995,59.1247,43.9815,57.0055,39.5871,,642.401,95.1941,69.113,33.026,37.9948,,
1970-02-01,36.0769,86.1279,40.2248,,,52.4701,35.8932,31.4311,60.1679,57.9615,35.3726,45.5438,22.3511,46.9828,0.9601,76.6433,148.17,34.611,20.0981,42.3551,3.434,107.399,61.468,168.114,44.8768,59.4034,43.7236,56.8013,39.2777,,645.814,95.7214,69.2592,32.8422,37.9698,,
1970-03-01,35.9738,86.2502,40.7579,,,52.4072,36.2342,31.5069,59.8379,57.7024,36.1983,45.8719,22.2387,45.9857,0.9675,77.5181,141.594,34.5296,20.0898,42.2279,3.4244,107.853,60.7625,166.074,44.7178,59.6871,44.0203,57.3007,39.4766,,628.133,93.1753,67.9941,33.3561,37.9205,,
1970-04-01,35.8457,85.9677,40.9943,,,52.6195,36.2175,32.2584,60.1851,57.9359,36.6051,46.0281,22.088,44.5996,0.9935,77.3991,138.384,34.2909,19.716,42.1546,3.3591,104.42,61.2093,167.172,44.7354,59.7355,44.1223,57.8913,39.2947,,629.669,94.7613,69.3879,33.331,37.823,,
1970-05-01,35.762,85.7512,41.7575,,,52.9051,36.2533,33.27,60.6153,58.0683,36.8981,46.23,21.9354,45.4964,0.9881,76.8944,142.796,34.1773,19.6043,42.2435,3.2773,106.942,60.8813,164.839,44.8218,59.9876,44.0979,57.9426,39.2242,,640.485,95.7385,68.1497,33.8431,37.7789,,
1970-06-01,35.6542,85.5332,40.9232,,,53.0376,36.9566,34.2485,60.3596,58.1913,36.8938,45.9771,21.7332,44.3947,0.9849,76.8179,138.024,34.0234,19.583,42.9196,3.2222,105.655,60.4392,162.148,45.4849,59.4762,43.9597,57.6979,39.1404,,630.205,94.7016,66.2175,33.6167,37.6567,,
1970-07-01,35.7649,84.7042,41.5405,,,53.1649,37.0225,33.2056,60.5198,57.8868,38.0263,46.0792,21.5951,43.739,0.9854,76.1649,133.999,34.1944,19.6068,42.766,3.2429,105.79,61.5302,165.324,45.8179,59.2943,44.2873,58.3621,39.294,,630.443,94.3916,67.5994,33.7967,37.7491,,
1970-08-01,35.5218,87.1333,42.0899,,,52.2602,35.895,30.4188,59.8219,57.8745,35.8291,46.6123,21.5057,46.6412,0.9715,75.2536,127.28,34.6081,19.9626,44.5531,3.2402,110.308,60.5818,164.205,44.5423,61.3539,44.003,58.1122,38.9696,,619.366,93.8266,66.9162,34.1066,37.6818,,
1970-09-01,35.2228,88.0392,42.336,,,52.0615,34.9392,28.0598,60.1403,58.0629,36.2739,47.3028,21.114,41.7149,0.9636,74.2667,124.543,34.3693,19.5299,42.7237,3.1988,106.637,61.2361,165.934,46.0338,61.5746,44.1122,57.9766,39.2371,,617.138,94.4582,66.1515,34.8463,37.4221,,
1970-10-01,34.4357,89.594,41.7047,,,51.421,32.8477,22.5697,60.5041,58.6198,36.8211,47.5574,20.5324,36.7507,0.9349,72.8158,130.327,33.4621,18.4359,35.3286,3.1463,103.425,61.4702,169.839,45.4294,61.5022,43.8104,57.3908,39.0852,,618.619,92.8349,66.882,34.5397,36.6735,,
1970-11-01,34.2252,89.6381,41.8843,,,51.0777,32.9548,23.3256,59.8882,58.6253,36.3532,46.733,20.4087,37.6667,0.9197,71.9786,138.198,33.2619,18.1466,34.9761,3.1005,101.394,61.1757,169.273,44.9607,62.2578,43.6094,56.6851,39.1741,,603.888,91.7315,67.6623,34.1981,36.4514,,
1970-12-01,35.1269,89.0945,41.8382,,,53.2783,36.7899,33.0944,60.8748,59.2051,37.531,47.313,20.5334,42.6139,0.9213,71.6933,139.8,34.0146,19.1438,43.3703,3.1182,103.002,60.9617,166.266,45.059,61.8054,43.8598,57.3107,39.2229,,611.256,95.0629,67.519,34.6695,37.2885,,
1971-01-01,35.4243,87.7101,42.8803,,,54.0742,38.2532,36.5898,61.1841,60.0583,36.8549,47.5527,20.2499,41.4553,0.8997,70.2774,128.493,34.4894,19.621,45.3624,3.2147,105.068,60.9801,165.546,44.404,62.3525,43.9875,57.3645,39.409,,609.902,96.6337,69.2493,35.3419,37.5753,,
1971-02-01,35.4412,86.1857,42.6211,,,54.0439,39.1194,38.9194,60.5654,58.9503,36.8732,47.7817,20.1937,42.5341,0.8918,70.805,123.123,34.285,19.5018,46.1508,3.1861,102.779,60.9943,169.072,44.3414,61.5619,44.3575,57.7378,39.8099,,600.832,96.2037,69.4047,34.874,37.5037,,
1971-03-01,35.3674,86.5001,42.9828,,,54.1981,39.1648,38.2745,60.7848,58.8059,37.4921,48.4688,19.999,41.2579,0.8842,70.6053,123.551,34.3505,19.5665,46.4145,3.2003,103.384,61.0067,169.438,45.0282,61.6539,44.06,57.5143,39.4478,,604.235,94.8466,68.7399,35.5796,37.4631,,
1971-04-01,35.5531,86.7283,43.1251,,,54.6419,39.4181,37.2192,61.3298,59.3084,38.167,48.5069,19.9186,42.3433,0.87,69.4996,129.233,34.5777,19.5919,45.4756,3.2115,103.848,62.2407,173.142,45.5191,61.7378,44.4898,58.051,39.8508,,611.008,95.1705,70.0846,35.2423,37.6735,,
1971-05-01,35.7926,86.544,43.4978,,,54.6892,40.0305,38.2486,61.0034,59.0744,37.9044,47.8649,19.8877,41.449,0.8613,69.0017,127.624,34.9848,20.0045,46.8227,3.2809,107.26,62.4905,174.304,45.7441,61.8853,44.6354,58.3236,39.9346,,609.983,94.7744,69.3693,35.4372,37.8646,,
1971-06-01,35.8826,86.2918,43.8438,,,55.0951,40.3475,38.8788,61.4456,59.3482,38.8278,48.5334,19.8727,42.0345,0.869,68.9597,128.1,35.142,19.865,46.4649,3.2807,104.742,64.0556,176.311,47.6891,62.0983,44.7677,58.9787,39.7655,,606.716,95.2685,70.2366,35.2318,38.0234,,
1971-07-01,35.9435,83.4907,43.6392,,,55.9477,41.1031,39.5978,62.3121,59.7174,39.0208,49.4198,19.8566,38.9452,0.8837,69.082,131.444,34.294,19.0847,43.3215,3.2897,95.391,63.7754,175.62,47.5964,61.0267,45.555,59.4988,40.7783,,628.746,96.4478,69.6206,35.9484,37.9131,,
1971-08-01,35.5179,85.2788,43.274,,,55.3074,40.7,39.7421,61.5563,59.5894,37.6317,48.7474,20.0795,42.8955,0.8837,69.8339,133.259,34.0922,18.5792,45.3961,3.1926,84.882,64.7884,178.446,48.6497,61.5476,44.9207,58.4614,40.3371,,617.54,96.4212,71.3138,35.4036,37.693,,
1971-09-01,36.2368,84.7238,43.5255,,,55.8171,40.6319,40.025,62.4187,60.1087,39.7251,48.3251,20.366,43.7314,0.9042,70.297,138.785,34.7446,19.3733,45.4675,3.3127,94.3765,65.3202,177.715,49.6007,60.7054,46.0727,60.6351,40.9685,,631.75,95.1617,72.5911,35.3749,38.3056,,
1971-10-01,36.7753,77.6431,44.1527,,,56.5721,41.3683,40.074,63.1412,60.3302,39.1306,49.6554,20.4817,44.5316,0.9208,70.9582,137.097,34.8485,19.9177,46.9297,3.3697,97.5578,65.9936,177.909,50.7527,57.0793,46.5241,61.4823,41.2199,,654.719,96.7121,74.4026,36.1528,38.5924,,
1971-11-01,36.9112,80.7571,43.5252,,,57.0222,41.7807,39.6671,63.5901,61.5737,40.0664,49.1058,20.5105,42.6394,0.9386,71.8198,144.613,34.9073,19.8335,47.0425,3.3904,95.0979,65.9647,177.976,51.4414,58.1344,46.8559,61.6749,41.6607,,642.863,97.2026,71.7248,36.3156,38.7561,,
1971-12-01,37.2539,86.1239,43.2766,,,57.4061,41.9658,38.7341,64.0836,61.1597,40.4144,49.254,20.5187,42.2508,0.9436,72.8402,144.453,35.6254,20.0529,47.8419,3.4297,95.8238,66.7866,178.957,52.6589,61.2372,47.3411,62.7296,41.8456,,665.057,99.6166,72.2365,36.0584,39.2035,,
1972-01-01,38.2056,86.4345,44.0745,23.4853,62.8255,58.2639,43.2151,39.2089,64.6342,61.9016,40.6458,49.2419,21.0211,44.2668,0.9874,73.4895,151.347,36.731,20.9153,49.2165,3.57,101.403,68.4055,181.516,54.0604,62.1097,48.3828,64.4298,42.576,37.3788,679.501,97.5751,73.5281,36.2309,40.1408,60.6449,49.99
1972-02-01,38.5204,85.5229,46.1313,23.7782,62.8689,58.6141,43.387,39.3559,65.0878,61.6976,41.0374,52.0245,21.2826,45.29,1.0004,74.4776,148.76,37.1317,21.2338,49.9848,3.6106,104.248,68.5839,180.776,54.6235,62.8565,49.0036,64.7423,43.2943,38.04,674.634,98.0857,74.1335,37.6991,40.5459,59.9732,50.5369
1972-03-01,38.7865,86.1396,46.3484,23.9474,63.2465,58.6085,43.0952,39.4184,65.2896,62.4774,40.6564,52.2082,21.4645,46.0277,1.0055,75.505,142.876,37.4944,21.4852,50.3227,3.6007,108.294,69.1706,181.627,54.947,63.2791,49.4725,65.2148,43.754,38.3267,670.086,97.9402,75.2371,37.8737,40.8263,60.6116,50.583
1972-04-01,39.2136,87.0306,46.2139,24.3141,63.6302,59.2879,44.3637,40.9808,65.5021,63.2205,40.6704,51.6989,21.8002,47.1845,1.0124,76.3421,149.701,37.8426,21.7565,51.1641,3.6308,109.313,69.5415,182.678,54.8953,63.7141,49.6513,65.9325,43.7421,39.5647,671.117,96.8989,74.5428,37.0187,41.2348,61.1838,50.7645
1972-05-01,39.2841,86.2995,45.6433,24.3492,63.786,59.0372,43.9608,40.3589,65.3804,63.1929,41.2288,51.0505,21.7085,45.2488,1.0249,76.8282,144.673,37.9347,21.9438,50.3472,3.7145,110.408,69.8131,183.507,55.2465,62.878,49.9214,66.2574,43.9868,38.8112,667.32,95.8139,75.0529,37.4548,41.2405,60.964,51.1221
1972-06-01,39.4226,86.3785,45.3374,24.4112,64.0216,59.0721,43.9836,40.335,65.4242,63.3525,42.4787,49.7429,21.7609,44.1715,1.0326,77.9566,147.204,37.9937,21.9533,49.4925,3.7239,111.151,70.1868,182.708,55.6828,62.8234,50.4314,66.8455,44.4623,38.2,663.306,96.1664,75.4827,37.541,41.3497,60.8923,51.8055
1972-07-01,39.41,86.2015,44.8845,24.4578,63.8009,59.4841,44.9415,41.9221,65.4251,63.1176,42.6038,50.1135,21.7698,42.5062,1.0455,78.1193,150.756,37.6886,21.7905,48.1962,3.7103,109.604,69.665,183.291,54.7836,62.1803,50.6276,67.7433,44.4148,38.0084,665.965,95.0505,75.0416,37.0821,41.3035,60.599,51.5831
1972-08-01,39.9407,87.1939,45.827,24.8492,64.4322,60.1405,45.3038,42.2911,66.2434,63.8428,42.7637,50.6334,22.1145,45.1321,1.0572,78.6842,146.274,38.2923,22.2543,50.4833,3.7828,111.924,70.2161,184.246,55.4104,63.0905,51.1902,68.2134,45.0021,40.213,680.946,96.301,76.2035,37.5597,41.879,60.9241,51.9085
1972-09-01,40.2649,87.3231,46.3753,25.1125,64.6103,60.4673,45.8167,42.8798,66.4198,63.2462,43.2925,51.0815,22.333,45.7731,1.0641,79.5809,153.676,38.7,22.5145,51.4218,3.8521,111.363,70.7355,182.99,55.5536,63.8777,51.3268,68.8033,44.9822,40.8364,689.146,97.5506,75.2954,36.9582,42.2132,60.6139,52.278
1972-10-01,40.8336,86.9375,46.9017,25.5537,65.3164,61.3345,46.8638,44.4049,67.1036,64.0737,43.0184,53.0501,22.7325,47.2227,1.0842,80.707,162.651,39.0668,22.8772,52.7178,3.9203,112.373,71.5767,187.974,56.2574,63.3146,52.0846,69.8284,45.6422,42.2182,688.769,97.532,76.7037,38.6861,42.7494,61.1981,52.6623
1972-11-01,41.3422,86.8906,47.6303,26.0214,65.6607,61.7644,47.9665,45.356,67.0402,63.4951,43.3657,52.8429,23.1572,48.9259,1.0933,82.154,163.285,39.6462,23.3088,54.2339,4.0017,114.375,72.1785,187.074,57.5979,64.1972,52.3419,70.3379,45.8115,43.3152,696.796,97.5586,77.013,38.2209,43.2548,60.7023,53.6092
1972-12-01,41.8825,86.7467,47.6612,26.4605,66.3458,62.2965,48.96,46.2968,67.2198,64.3781,43.4808,52.1269,23.4536,50.2423,1.1005,82.6506,163.701,40.2606,23.9026,56.9887,4.0659,120.182,72.5863,186.455,58.2543,64.5256,52.3757,70.0912,45.9399,44.4265,692.115,97.7733,77.5671,37.7788,43.7367,61.495,54.1693
1973-01-01,42.2057,86.825,48.0416,26.8197,66.2705,62.1887,48.8199,46.1247,67.1437,64.3839,43.6292,52.2905,23.8336,51.5978,1.1192,84.0464,166.025,40.6389,24.3279,58.7328,4.1419,120.478,72.6655,182.91,59.6666,64.5476,52.8282,70.9202,46.2609,45.4624,682.385,98.6925,78.1247,38.7571,44.0529,61.3045,54.856
1973-02-01,42.8736,86.9254,48.4089,27.302,67.1084,62.9678,49.7104,47.0398,67.796,64.7045,44.3115,51.7116,24.2724,53.7059,1.1347,85.819,157.038,41.2252,24.7921,60.0539,4.2175,122.891,73.608,185.268,60.6543,64.8747,53.5174,72.27,46.7229,46.4721,702.947,100.352,78.8859,39.5435,44.6827,61.6371,55.7089
1973-03-01,42.9526,86.0488,48.0983,27.3868,67.1085,63.1468,49.7785,46.7911,68.0405,64.4689,44.937,51.8083,24.409,53.9732,1.1406,86.8134,154.926,41.0946,24.8423,59.8763,4.2603,121.806,73.2375,183.462,60.142,64.0039,53.6539,72.7083,46.7587,45.9464,712.953,100.57,79.2128,38.8396,44.7045,61.2536,55.5259
1973-04-01,42.8796,85.7673,48.2384,27.3562,66.9751,62.5188,49.0238,46.4669,67.5418,64.0127,44.9551,50.9039,24.5089,54.3287,1.1554,88.2,147.454,41.1573,24.8577,59.2803,4.3104,122.096,73.2586,181.808,60.6384,64.3639,53.6153,72.5605,46.7602,45.852,706.11,100.866,80.1239,38.3738,44.6387,60.6716,55.9384
1973-05-01,43.1623,86.1998,48.7728,27.5711,67.323,62.9228,48.9013,46.031,68.277,65.3373,45.2861,51.6661,24.7153,54.4005,1.1859,88.6253,138.028,41.4368,25.0814,59.5331,4.3729,124.281,73.5168,178.702,60.7251,64.7407,53.9277,72.8708,47.0734,45.7502,699.387,102.163,80.6675,38.9117,44.9429,62.0217,56.2159
1973-06-01,43.1729,86.521,49.381,27.7627,66.6954,62.5163,48.8693,45.871,67.6458,63.9877,45.0546,52.0412,24.9867,54.75,1.2157,89.447,142.052,41.5408,25.2673,60.0277,4.436,124.604,72.9071,178.369,60.2825,65.0695,54.0575,73.0882,47.1748,46.1207,698.541,101.45,79.9498,39.1043,45.0035,60.7848,55.9625
1973-07-01,43.3454,87.9159,48.816,27.9473,66.7691,62.3332,48.8106,46.0705,67.3923,64.2191,45.0129,51.7851,25.3028,55.0055,1.2258,90.7477,140.779,41.699,25.4771,59.7068,4.4689,127.721,72.9279,177.063,61.1539,64.904,54.3503,73.6414,47.379,46.449,682.247,101.836,81.2687,39.0011,45.1636,60.6385,56.3948
1973-08-01,43.2384,88.0486,49.2609,27.8408,66.7134,61.7788,47.3485,43.1712,67.4822,63.4836,45.7066,52.2336,25.3548,53.4853,1.2702,91.3532,140.254,41.7523,25.4292,58.4495,4.5526,126.787,73.0263,175.74,61.4151,65.5063,54.3649,73.69,47.3831,43.6048,689.061,102.522,81.1811,39.2465,45.1019,60.0841,56.8533
1973-09-01,43.5706,87.2455,50.567,28.1721,66.9303,62.75,48.971,46.5964,67.9582,64.4588,45.0584,53.4631,25.7197,55.6762,1.2822,92.1746,143.685,41.9386,25.528,58.7572,4.5639,127.287,73.2351,175.247,61.1524,66.0405,54.3028,73.5496,47.3487,46.1996,683.822,102.876,81.477,39.5513,45.4624,60.9495,56.758
1973-10-01,44.0126,87.5257,50.2592,28.4169,67.7797,63.0096,48.6193,45.9141,68.6087,65.3061,46.7891,53.2057,26.1595,56.2073,1.3196,93.7295,142.596,42.2974,25.7406,59.3874,4.6209,128.551,74.0562,175.721,62.4922,66.4355,54.6853,73.548,47.8585,46.1778,682.118,103.361,82.1127,40.7106,45.847,61.7206,58.2983
1973-11-01,44.3199,87.1671,49.4743,28.5886,68.3344,63.2417,48.589,45.5783,69.0008,66.3067,47.0243,52.5717,26.2704,56.6003,1.3505,93.4409,144.196,42.5352,25.9701,59.5215,4.6709,130.61,74.9502,176.958,63.1488,65.785,54.829,74.0382,47.8836,46.0904,680.266,104.787,82.7983,40.1874,46.0553,63.0545,58.5466
1973-12-01,44.3374,88.2814,46.6906,28.5796,68.3851,62.1461,47.5856,43.1956,67.913,65.6919,45.8399,50.0158,26.3258,55.5938,1.3667,94.7048,142.718,42.6651,26.1471,58.3837,4.6804,136.174,75.8065,177.536,63.7777,64.7387,54.7259,74.5968,47.5567,43.7456,676.773,105.218,83.7524,38.8117,45.923,62.6508,58.6654
1974-01-01,43.9922,88.0503,46.8704,28.106,68.6403,61.3459,45.1592,38.8382,68.2319,66.2598,46.5408,50.4298,26.2794,53.7316,1.404,95.1318,138.4,42.3489,25.6196,55.5026,4.6995,131.611,76.5041,177.177,64.8007,64.82,54.849,74.7539,47.6667,39.4249,668.293,105.41,84.1672,38.7498,45.6204,63.2593,59.4806
1974-02-01,43.8148,88.0498,47.0484,27.903,68.6344,61.1758,45.0591,38.7641,68.0267,65.7635,46.9209,50.3451,26.2347,52.3478,1.4329,95.0478,137.991,42.2358,25.4646,53.3792,4.6981,130.979,76.4262,175.154,65.4238,65.0143,54.4559,73.8707,47.4418,38.5401,666.253,105.526,84.6361,37.9683,45.4759,63.0557,59.8729
1974-03-01,43.7718,87.2939,48.0772,27.8625,68.6877,61.3359,45.104,38.6757,68.2528,65.9688,46.8775,51.3431,26.425,52.3645,1.4531,95.8636,139.256,42.072,25.2597,52.7426,4.703,128.715,76.3567,173.353,64.9217,65.1252,54.5419,74.0419,47.4973,38.3094,663.244,105.612,85.3097,38.6832,45.4777,63.2922,59.9168
1974-04-01,43.5855,87.1324,48.6356,27.7641,68.3258,61.1464,44.7731,39.0744,68.1673,64.6608,47.7231,54.022,26.1954,51.4932,1.4593,94.6425,144.343,42.0175,25.2587,52.0162,4.6712,130.456,75.7443,171.563,64.8162,65.4168,54.4038,73.3809,47.5364,38.565,654.225,104.202,85.8576,39.717,45.3451,61.9381,60.1646
1974-05-01,43.9151,87.767,49.2567,28.0068,68.6316,61.7183,44.9766,39.626,68.9452,66.0327,48.3098,54.1932,26.5355,52.0651,1.4921,95.976,140.834,42.2951,25.4861,53.1015,4.733,131.169,75.6971,172.532,63.7922,66.0996,54.6693,73.6919,47.7834,39.4602,651.09,105.673,86.0179,39.7552,45.7044,63.3759,59.6816
1974-06-01,43.9306,86.3469,48.7844,28.0523,68.5903,61.9398,45.611,40.5952,68.8857,66.2628,47.7873,55.2085,26.5247,52.1458,1.5115,95.288,141.984,42.0765,25.5091,53.0942,4.755,131.6,75.6814,171.981,63.6851,64.5703,54.634,73.231,47.8917,39.7844,637.479,105.13,86.0217,39.4169,45.6238,63.7698,59.3659
1974-07-01,43.9327,86.8823,49.8516,28.0502,68.5778,61.9264,45.5252,40.6897,68.92,65.3,49.1171,54.7477,26.6135,53.8461,1.5376,94.4376,136.896,42.336,25.4186,54.3137,4.7914,127.495,75.7845,172.139,64.5974,66.6338,54.1469,71.9428,47.6789,40.6875,652.862,104.971,86.1696,39.3981,45.7221,62.4838,60.2954
1974-08-01,43.5362,84.4485,49.4214,27.7504,68.0531,61.8051,45.4633,41.2957,68.7673,65.4229,48.2949,54.7428,26.5682,54.3625,1.449,95.8025,132.618,41.5863,24.8958,53.2664,4.6849,122.912,74.8685,170.291,63.1968,65.4105,53.6253,70.9711,47.3135,40.6822,654.811,103.589,84.4672,39.5698,45.2366,62.6341,59.148
1974-09-01,43.5345,85.4895,48.7682,27.9477,67.5608,61.3046,45.3295,42.3661,68.0589,64.7435,48.5712,53.7933,26.9069,55.9092,1.5503,95.5733,128.783,41.6636,25.1318,53.8785,4.7219,127.832,74.5612,165.016,63.2739,64.9972,53.3477,70.4553,47.1185,42.1699,646.8,101.801,84.813,39.4622,45.2365,62.0882,59.3955
1974-10-01,43.2574,86.2375,50.02,27.8135,66.9316,61.2966,44.7539,42.1704,68.4171,64.9735,48.399,55.4562,27.0286,56.2282,1.5689,95.6925,124.448,41.4778,25.0106,53.8016,4.7069,128.057,73.1417,159.184,62.3773,65.8236,52.8898,69.2125,46.9296,41.9687,646.366,101.184,82.7362,40.5605,45.1133,62.1447,58.7157
1974-11-01,41.9659,79.9267,48.961,26.9048,65.0641,59.5897,42.6004,38.8637,67.0957,63.9824,47.6454,53.4496,26.6745,55.4592,1.5495,93.9653,125.593,39.7039,24.0002,49.5831,4.5839,122.976,70.8598,152.263,59.5561,61.8751,51.421,67.0435,45.7097,38.5184,635.872,99.4497,80.6325,39.1032,43.6278,61.3662,56.4729
1974-12-01,40.0541,82.0168,48.9922,25.5145,62.5365,57.6179,39.0101,34.8489,66.2774,63.3581,47.0255,54.3158,25.7361,49.216,1.533,91.4726,126.209,38.114,22.582,44.1717,4.4476,114.826,67.126,144.973,55.7927,62.5958,49.9453,63.9184,44.8035,32.8521,605.021,99.116,76.9704,40.3609,42.0533,60.3409,53.7077
1975-01-01,39.2296,86.4569,48.056,24.8654,61.5705,56.2625,37.3279,32.7372,65.2096,62.5106,46.538,53.1473,25.2283,48.3714,1.493,89.6023,121.008,37.8189,21.917,40.0422,4.3705,114.079,65.8201,138.871,54.1978,65.3545,49.3283,63.4923,44.1276,29.8939,588.111,98.5143,74.7768,40.0218,41.4676,59.6385,53.1781
1975-02-01,38.1436,85.3566,48.7353,24.0952,60.0866,55.4246,36.2454,31.9638,64.5765,62.1027,45.535,53.7842,24.3849,45.0385,1.4499,87.1162,125.361,36.9279,21.237,37.3848,4.2879,111.702,63.7259,141.557,51.5176,65.159,48.155,61.6843,43.1787,28.2547,577.419,95.1029,73.1479,39.9337,40.5165,58.9058,51.5001
1975-03-01,37.6194,83.6798,49.9005,23.7881,59.1298,55.5125,36.6619,33.9788,64.4489,61.8467,45.4305,54.9989,24.0978,46.1156,1.4276,84.3688,127.397,36.4189,20.9194,38.5166,4.2229,107.928,62.3331,146.048,49.7556,64.8729,47.0152,59.3091,42.4656,30.3946,572.803,92.2436,68.6757,40.7201,40.0638,58.8138,50.1611
1975-04-01,37.6376,83.3977,51.2085,23.6473,59.698,56.6603,38.1155,36.0203,65.3363,62.7334,45.454,56.1285,24.0049,46.2808,1.428,82.7365,128.919,36.2439,20.6002,40.1445,4.1048,100.863,62.8739,149.975,49.3654,64.8481,47.0536,58.977,42.6288,32.1032,587.365,91.6432,68.6737,41.5628,40.1573,59.9696,49.6366
1975-05-01,37.5697,83.1633,50.319,23.3996,60.2184,56.8973,39.031,37.1758,65.126,62.7104,44.8113,54.4468,23.9194,47.5601,1.4046,80.3605,131.617,35.9914,20.2458,40.4501,3.9621,95.7173,63.4486,156.528,49.9543,64.4823,46.8686,58.9033,42.4082,32.8248,604.311,91.0713,68.4749,40.5055,40.0253,59.8444,49.6242
1975-06-01,37.8833,84.5136,49.1396,23.3463,61.6121,57.7299,39.4187,38.2607,66.1955,64.0311,45.1526,54.1922,23.8375,47.292,1.3962,79.335,135.023,36.2111,20.2657,41.296,3.8824,96.1772,65.0686,164.484,50.7883,64.2234,46.9527,58.6121,42.6184,33.6859,620.558,93.629,70.8998,40.6624,40.2772,61.0323,50.2192
1975-07-01,38.4224,82.3744,49.8484,23.5922,62.8534,59.2074,41.428,40.0678,67.2511,64.5408,45.6201,54.9725,23.9138,47.7203,1.4119,79.2786,136.595,36.3577,20.2353,41.1209,3.8819,95.1945,66.7637,172.278,51.6243,63.6958,47.5198,59.367,43.1176,34.6834,646.308,95.1343,72.3645,40.7275,40.6994,61.7651,50.7512
1975-08-01,38.8093,83.0628,50.3114,23.8641,63.4285,59.5555,41.977,40.5174,67.4506,64.1692,46.0095,55.078,23.7925,46.1845,1.4146,78.2386,138.802,36.9658,20.7606,44.306,3.8701,97.7979,67.6172,175.001,52.8083,64.0863,47.9478,60.0908,43.4423,36.3688,660.154,95.5075,73.7189,41.1783,41.0998,61.4407,51.4823
1975-09-01,39.4543,82.7224,50.0842,24.3164,64.4011,60.4372,42.8098,40.9644,68.3128,64.7883,46.8095,56.0326,24.1829,47.4086,1.4353,78.8372,140.439,37.4403,21.1143,46.3083,3.9203,98.3639,69.4219,178.903,54.5592,63.6094,48.2425,60.7344,43.6169,37.7061,668.383,96.6701,75.1257,40.9741,41.6304,62.0198,52.5455
1975-10-01,39.6633,82.9425,49.9572,24.322,65.2191,60.5422,42.633,40.3424,68.5922,65.6843,46.7996,54.5285,24.2672,46.7567,1.4533,79.2546,142.266,37.6547,21.0669,44.9032,3.9751,97.6205,70.5484,179.131,55.7481,64.1389,48.5184,61.0737,43.8691,37.3846,678.034,97.2037,76.351,40.6876,41.8135,63.1169,53.3923
1975-11-01,39.7208,83.9613,49.3746,24.2696,65.735,60.7653,42.6487,40.5788,68.9351,66.3479,46.6215,54.2623,24.0818,46.46,1.453,78.7644,144.905,37.7482,21.1283,45.1933,3.9954,98.3231,70.7618,178.902,55.7633,64.2276,48.6202,61.3187,43.9217,37.8448,686.297,97.2948,77.2707,40.6544,41.8697,63.7735,53.5309
1975-12-01,40.2965,84.1732,50.2497,24.6462,66.537,61.3561,43.424,41.6961,69.3711,66.3026,47.6662,54.5476,24.535,48.5071,1.4968,79.5581,142.288,38.341,21.4538,47.2443,4.0216,99.3794,71.7695,182.07,57.1844,65.3747,49.0477,61.4096,44.4591,39.4756,688.715,99.5869,78.8012,41.1979,42.4414,63.6995,54.9321
1976-01-01,40.7632,85.7214,51.4411,25.0797,66.8753,62.0302,44.0958,41.2024,70.0061,67.156,47.5455,56.0758,24.7511,48.1257,1.5099,79.9959,150.253,38.9405,21.9647,49.407,4.0809,100.169,72.1789,183.295,57.3615,66.1946,49.6981,62.7836,44.8594,39.6259,690.836,97.7124,78.4334,42.2349,43.0012,64.5179,54.9955
1976-02-01,41.3552,85.3258,50.3412,25.5115,67.7817,62.3701,44.6675,42.8291,70.1743,67.1827,48.8538,55.5854,24.903,49.058,1.5227,79.9359,153.63,39.4581,22.5893,51.7642,4.1471,104.694,73.0943,186.16,58.6773,65.4733,50.1688,63.9338,45.0963,41.7168,685.062,99.2647,80.5712,42.084,43.4229,64.3838,56.4425
1976-03-01,41.485,84.2997,50.7486,25.6346,67.8387,62.2648,44.6409,42.9159,70.0235,66.8954,48.9781,55.2842,25.0058,49.1486,1.5572,79.9671,148.471,39.6438,22.7467,52.6415,4.1761,106.801,73.2921,185.469,59.7788,65.6723,50.0918,63.032,45.2988,42.0927,685.13,99.4919,80.6181,41.6354,43.5168,64.1547,56.6122
1976-04-01,41.7219,83.9807,51.1016,25.8633,67.868,62.4598,44.5817,42.646,70.3726,67.2807,48.9767,56.1286,25.0588,48.9784,1.5901,80.574,147.753,39.8932,23.0277,53.1306,4.2149,108.307,73.5412,183.862,60.1057,65.6037,50.4209,63.8017,45.476,42.7915,679.706,101.287,80.9594,42.2445,43.7327,64.4525,57.1976
1976-05-01,41.9361,84.1596,50.9701,26.1512,67.6604,62.8689,44.7301,41.7595,70.9272,68.5355,48.7019,57.1367,25.1973,48.4822,1.6338,80.8362,149.985,39.9733,23.216,54.2935,4.2516,108.927,73.5319,183.012,59.734,65.1803,50.7516,64.5106,45.6757,43.6195,673.443,100.426,80.223,42.5221,43.9186,65.6546,56.9831
1976-06-01,41.979,83.6582,51.4215,26.2353,67.5269,62.7035,44.561,42.1607,70.7742,67.9736,49.7548,57.4262,25.2182,48.7131,1.6618,81.012,146.145,40.1216,23.3514,54.5325,4.316,109.348,73.1502,181.241,59.8222,65.7784,50.6814,65.0206,45.4094,44.3965,661.709,101.072,80.352,42.1783,43.9637,65.1443,57.5603
1976-07-01,42.2925,82.8847,51.618,26.4358,67.9691,63.0378,44.7833,42.5834,71.1613,68.801,50.2969,57.3254,25.3043,47.3777,1.7148,81.911,153.67,40.2651,23.5893,54.5955,4.3479,110.825,73.5428,182.99,60.1774,65.1335,51.5032,66.3963,46.0368,44.6728,659.794,100.395,79.1154,42.6532,44.2141,66.0176,57.9947
1976-08-01,42.5651,84.0158,51.8191,26.7389,67.902,63.206,45.4419,42.8035,70.9964,68.1981,51.3144,57.427,25.6282,48.7412,1.7437,82.797,151.361,40.6667,23.8787,56.5529,4.4216,109.473,74.1894,183.033,60.6742,65.5974,51.3942,65.7384,46.1148,46.2507,646.655,102.508,80.0385,42.945,44.5182,65.4341,58.5722
1976-09-01,42.6941,84.2804,52.2465,26.5569,69.0045,63.253,45.181,42.195,71.2425,68.5847,51.3157,57.2868,25.5587,45.7792,1.8059,83.2021,152.973,40.7867,23.8236,54.978,4.5005,107.886,74.6519,181.56,61.6617,66.1901,52.2483,66.1705,47.1055,42.8689,652.007,102.819,79.5631,43.3412,44.6721,65.8852,59.1683
1976-10-01,42.6459,84.0999,52.7897,26.4015,69.3095,63.7176,45.7832,42.4242,71.589,68.9352,51.6342,58.339,25.6114,45.7759,1.8454,83.1319,158.209,40.5366,23.5673,53.1552,4.4777,105.744,74.6855,180.295,61.7571,65.8884,52.4418,66.119,47.3807,41.3944,645.913,103.29,80.4269,42.9624,44.6585,66.0898,59.1683
1976-11-01,43.2072,84.7175,55.2034,26.9571,69.516,64.8168,47.2501,45.3227,72.3831,69.2456,51.5947,61.3127,26.2771,49.926,1.8871,84.5903,160.707,41.1083,23.931,56.3902,4.5342,103.964,74.9354,179.273,62.493,67.3585,52.6897,66.4141,47.6107,45.9067,646.401,103.1,79.7068,44.0876,45.3392,66.4197,59.5438
1976-12-01,43.6762,85.8156,55.6445,27.274,70.2204,65.496,48.4745,48.4328,72.6683,69.1283,52.1493,61.9892,26.5909,52.5285,1.9483,84.344,164.649,41.5673,24.2288,57.3725,4.5435,105.748,75.4739,183.211,63.2938,68.216,53.1662,66.9431,48.0656,48.4691,651.306,102.648,79.727,45.1085,45.8294,66.2963,60.4703
1977-01-01,43.492,83.1788,55.2102,27.0448,70.411,65.2659,48.2268,47.3825,72.4632,69.3779,51.2717,61.9308,26.5812,52.9697,1.937,83.345,166.545,41.1551,23.9974,56.574,4.522,104.292,75.5598,184.635,63.3901,66.7904,52.6328,65.74,47.7646,47.2417,642.782,102.909,81.0924,44.1304,45.5087,66.4156,60.2869
1977-02-01,44.3004,86.0961,53.3338,27.5351,71.7476,66.1469,48.8419,47.2282,73.4647,69.7451,51.9047,62.0953,27.2014,53.7686,2.0278,84.932,179.393,41.7635,24.3476,56.7464,4.6537,104.46,77.4839,190.543,65.1722,67.1207,53.4709,67.2988,48.3507,47.0498,673.936,104.391,82.1611,43.9554,46.2277,66.9577,61.614
1977-03-01,44.953,87.6134,52.595,28.125,72.1459,66.259,50.1466,49.1735,72.8035,69.611,51.3196,58.8847,27.4836,56.2115,2.0498,84.9527,179.918,42.5799,24.9829,58.4761,4.6686,111.164,78.5551,193.231,66.1991,68.0567,54.127,68.7117,48.7437,49.2588,678.275,106.747,82.9726,43.4026,46.8185,66.7677,62.0563
1977-04-01,45.4387,87.3745,53.2453,28.4475,72.7378,66.7061,50.5885,48.9604,73.2282,70.0302,51.9999,58.5223,27.842,57.2759,2.1258,85.2426,182.364,42.945,25.2909,58.6634,4.7713,111.526,78.9864,196.52,66.9085,68.4032,54.9436,70.2716,49.3006,48.7336,686.787,107.219,83.1758,43.3974,47.2684,67.104,62.6085
1977-05-01,45.8069,87.3353,54.1033,28.7779,73.0029,66.7429,50.7989,48.4925,73.1517,68.9805,52.5946,58.465,28.3303,59.5741,2.1788,86.0463,189.292,43.284,25.5079,58.5651,4.8512,112.318,79.8293,196.881,67.6546,68.6831,55.569,71.3497,49.7668,48.6113,695.002,109.375,84.7399,43.8213,47.6411,66.2072,63.4349
1977-06-01,46.2209,86.6978,54.8217,29.1494,73.272,67.224,51.8013,50.2241,73.2732,68.8334,52.0081,59.1294,28.8773,62.3023,2.2425,87.0664,191.591,43.4838,25.7327,59.8317,4.8865,111.829,79.9018,197.731,68.2857,68.7501,56.0092,71.937,50.1536,50.5341,702.083,109.574,84.4027,44.4419,48.0116,65.998,63.7579
1977-07-01,46.2176,87.0877,55.4707,29.2042,73.0837,67.3547,51.8242,49.9887,73.4646,68.6988,52.0818,60.2056,29.0121,61.8343,2.2853,87.5418,192.263,43.4666,25.6035,60.0502,4.9498,105.339,80.19,196.005,67.7852,69.0016,56.1425,71.9631,50.3227,50.9781,701.539,109.705,84.2962,45.1272,48.073,66.1727,63.4315
1977-08-01,46.4685,85.0813,54.5733,29.4052,73.3122,67.4772,51.8723,49.8261,73.6269,69.1033,51.8784,59.6375,29.0957,59.6006,2.3309,89.1568,195.614,43.3976,25.6698,60.0723,5.0698,102.967,80.4144,195.635,68.2912,68.1354,56.5115,72.5478,50.6151,50.7328,707.034,110.557,85.1992,44.6415,48.1205,66.3954,63.5797
1977-09-01,46.5,88.0124,54.7779,29.4046,73.3168,67.5942,52.0611,49.4717,73.6909,68.9458,52.2133,59.5075,29.2144,59.7239,2.3748,89.1022,197.921,43.6684,25.6982,59.7022,5.1003,102.075,79.8698,196.834,68.1354,69.9709,56.5735,72.1877,50.8225,50.6763,709.022,111.617,84.8612,44.7167,48.3189,66.2273,63.7395
1977-10-01,46.585,87.9196,54.7864,29.4427,73.5744,68.08,52.0773,49.3224,74.4487,69.4568,52.4108,60.7099,28.768,56.3964,2.4308,89.6202,196.434,43.8381,25.9818,60.3818,5.1369,104.965,80.0812,196.381,68.2551,69.506,56.5643,72.1742,50.8148,51.0731,724.747,110.571,84.7395,44.9808,48.3871,66.6154,63.506
1977-11-01,46.7033,88.5985,54.0596,29.4433,74.0547,68.1743,52.0902,48.2426,74.5891,70.4908,52.8559,58.7777,28.747,54.4694,2.4646,90.5809,197.883,43.933,25.9843,60.1012,5.1235,105.789,80.4502,196.761,68.4095,69.745,56.8013,72.498,51.0201,49.7583,725.333,110.828,85.4077,44.2653,48.4761,67.6349,63.748
1977-12-01,47.2177,81.1,54.8661,29.8872,74.4926,68.7451,52.4224,48.8106,75.2797,71.5821,53.2791,59.2477,29.3321,56.0803,2.5264,90.9735,196.88,43.5966,26.4456,61.0505,5.2117,108.724,80.5568,195.983,68.476,65.7364,57.0352,73.2868,51.0582,50.8861,728.045,110.699,85.41,43.2013,48.5629,68.5532,64.2342
1978-01-01,46.4928,79.2682,54.9552,29.2109,74.093,67.0004,49.574,44.6536,74.3435,70.8763,53.998,58.5981,28.8538,53.5066,2.5245,89.6709,198.679,43.1535,26.0394,58.612,5.1894,109.28,80.8003,193.034,69.1447,64.8576,56.4899,71.7892,50.8503,46.5411,690.304,112.112,87.2583,42.783,47.8481,68.0423,64.9502
1978-02-01,46.6801,80.0102,55.7761,29.4443,73.8943,68.1086,50.8451,46.1031,75.283,71.4462,53.497,59.9182,29.2867,56.1113,2.6013,90.7252,201.86,43.0593,26.0574,59.0926,5.1695,109.482,81.4313,192.541,69.9178,63.7702,56.5869,71.5987,51.0485,48.2523,714.039,113.644,87.5837,43.1498,48.1044,68.5891,63.4606
1978-03-01,47.5037,84.051,55.7176,30.1357,74.5501,69.47,52.4154,48.1739,76.4313,72.0537,53.5719,62.1968,30.3281,60.8861,2.672,91.9988,203.104,43.6839,26.512,61.0126,5.2676,109.393,81.5417,192.349,70.069,65.1839,57.5371,72.8407,51.8914,50.7801,729.685,115.119,88.3576,44.1627,49.0265,69.1135,63.3076
1978-04-01,48.2492,92.2442,54.3244,30.7265,75.3864,69.9289,53.4828,50.3777,76.4715,72.5951,55.2133,59.3705,30.8949,65.0627,2.7103,92.7257,207.676,44.9877,26.9949,61.9542,5.3282,112.29,82.7358,193.121,70.6463,69.427,58.3126,74.5671,52.325,53.0052,732.066,115.481,88.8757,44.5245,50.0206,69.6457,64.849
1978-05-01,48.4688,91.8086,55.3603,30.8307,75.9266,69.5552,52.6576,48.9292,76.4116,71.7759,55.404,60.8112,31.0837,65.3999,2.7601,93.479,209.862,45.4168,27.2374,61.5398,5.4095,115.243,82.5741,193.97,70.9848,70.8823,58.5412,74.4704,52.6693,51.3492,729.087,115.771,89.6536,45.3006,50.254,68.9454,66.2933
1978-06-01,48.8184,91.615,55.9336,31.0984,76.3655,69.9364,52.943,49.0626,76.8334,72.9013,56.4518,59.7456,31.5243,66.6367,2.8123,93.7862,210.87,45.6182,27.4029,61.8597,5.4613,115.146,82.8102,192.608,71.2645,71.1065,58.9761,75.1016,53.0324,51.3612,727.098,115.334,90.0838,45.5693,50.5801,69.81,67.0005
1978-07-01,48.7685,92.5144,55.2178,31.2354,75.7049,69.4969,53.0154,49.9463,76.0902,71.8371,56.4827,59.7602,31.7166,67.5902,2.8701,94.313,210.024,45.6278,27.5605,63.1456,5.5127,113.988,82.2137,190.883,71.5155,70.9336,58.8453,74.958,52.9066,52.4727,717.663,113.427,88.7392,45.8415,50.5384,68.8762,66.9067
1978-08-01,49.0136,91.5538,56.0011,31.5233,75.7083,69.3152,52.7404,49.5194,75.9808,71.9776,55.9425,60.155,32.3022,70.2825,2.907,95.1244,215.496,45.8207,27.8301,63.1977,5.5644,118.401,81.9917,189.939,71.6029,71.0085,58.8513,75.0629,52.8771,52.6164,716.487,111.126,86.5276,45.6601,50.7458,69.2008,66.8847
1978-09-01,49.2343,89.9863,56.4539,31.712,76.0207,69.4987,52.4476,48.6312,76.4607,72.0165,56.4009,61.4199,32.5715,71.8424,2.9481,95.4631,213.98,45.8566,28.0192,63.776,5.612,119.188,82.4001,191.387,72.1073,70.1046,58.9867,75.3174,52.9695,52.3223,719.41,111.786,88.0466,46.1642,50.8744,68.9776,67.3579
1978-10-01,49.5682,92.155,56.0598,32.069,76.0418,69.4034,52.5912,49.1636,76.2209,72.1258,55.6375,61.7782,33.0619,73.6165,3.0036,97.0099,214.995,46.2883,28.3388,64.4741,5.7,120.379,82.5507,191.924,71.8905,70.9956,59.4629,76.042,53.3557,53.1645,704.023,112.403,89.1559,46.5963,51.2559,68.9546,67.188
1978-11-01,50.0295,91.999,56.2568,32.4172,76.6095,69.627,52.7512,49.893,76.4747,72.7775,55.9538,61.6648,33.5035,75.2877,3.0913,97.9909,215.444,46.6904,28.6723,65.4621,5.7637,122.11,83.1205,195.058,72.8935,71.3611,59.8139,76.5731,53.6416,54.6915,700.066,112.124,89.0061,46.9948,51.6514,69.7353,67.815
1978-12-01,50.3887,91.2976,56.1727,32.746,76.7829,69.7829,52.9263,49.2697,76.6123,72.7083,55.8097,62.473,33.8126,75.725,3.13,98.3424,210.755,46.8702,28.9964,66.1988,5.8139,123.3,83.5384,193.002,73.2682,70.6868,60.3691,77.7612,53.9702,54.1136,697.842,112.975,89.1464,47.1838,51.909,69.6942,68.0798
1979-01-01,50.0354,90.3143,57.3265,32.5648,76.0475,69.5863,53.3212,50.6482,76.0579,71.7442,55.9725,62.4288,34.2329,77.8124,3.2031,98.5116,218.523,46.3327,28.4434,64.8477,5.8277,117.975,82.5582,191.665,73.3491,70.7979,59.9049,75.9754,53.9761,54.8375,692.402,111.884,87.2091,47.5575,51.6278,68.8735,67.8164
1979-02-01,50.1904,90.3155,59.0706,32.7818,75.8257,69.1353,52.6521,48.7233,75.7691,71.0763,55.6589,63.1372,34.5964,78.0696,3.266,99.4416,214.731,46.6876,28.666,64.4994,5.9292,119.231,83.0245,186.729,74.0284,71.442,60.37,76.439,54.44,53.0831,678.358,114.448,89.4596,48.0902,51.8752,68.197,68.0331
1979-03-01,50.4441,90.5871,58.1465,32.8939,76.382,69.4289,52.5477,48.1838,76.2969,72.0621,55.2559,63.4923,34.7623,79.1038,3.3231,99.1917,212.018,46.7473,28.7712,64.6185,5.9428,119.362,83.4059,189.613,73.965,71.0632,60.7948,77.3999,54.6745,52.8273,681.999,114.912,89.3016,48.6753,52.0446,69.1045,68.2718
1979-04-01,49.5853,91.7804,58.5764,32.0163,76.203,68.1633,49.8491,44.4829,75.9838,71.7225,55.1826,63.6031,34.0668,74.5509,3.2991,97.3298,217.511,46.3931,28.0097,59.0502,5.8968,119.541,83.7385,185.947,74.9816,72.0111,60.2845,76.0919,54.4466,47.0585,671.281,115.215,90.5744,48.4579,51.4193,68.869,68.4297
1979-05-01,50.2936,91.2424,57.0736,32.7628,76.2821,68.6368,51.3799,46.1985,75.7847,71.7765,54.6229,63.1681,34.9836,79.4466,3.3929,98.8315,213.331,46.6679,28.5544,62.5271,5.9443,120.026,83.9013,189.506,75.0857,71.1719,60.5568,76.6841,54.6058,50.9058,667.274,115.705,90.3021,48.0216,51.8856,69.0269,68.1621
1979-06-01,50.3596,91.3713,56.2666,32.893,76.0724,68.3962,50.8233,44.0358,75.7514,71.9652,55.1732,62.0978,35.1676,78.4917,3.4778,99.2114,218.171,46.6999,28.758,61.4832,6.0822,121.125,83.7638,192.662,74.6405,70.6331,60.5087,77.0074,54.4284,48.7534,671.191,115.453,90.287,47.3395,51.8965,69.2051,67.5994
1979-07-01,50.4053,90.482,55.1997,32.7903,76.5446,67.9554,50.1556,42.8868,75.4725,70.9834,55.8162,61.637,35.5261,78.8349,3.5803,98.8885,218.763,46.5245,28.6594,59.4534,6.0996,122.979,84.6632,194.761,75.2036,69.4845,60.5602,77.0463,54.484,46.8598,665.575,119.477,93.4466,46.4792,51.8097,68.3664,68.062
1979-08-01,49.7768,92.5136,56.0809,32.1992,76.0813,67.1824,48.0026,38.8631,75.5815,70.8492,56.0261,62.2533,35.2371,75.8769,3.6583,97.6363,220.621,46.2745,28.0651,55.3419,6.0926,119.877,84.1694,192.496,74.8662,70.8274,60.4934,76.2855,54.6587,42.0312,669.531,118.169,92.8578,47.6303,51.4684,68.2337,67.7762
1979-09-01,49.8218,92.2071,55.6644,32.5255,75.1608,67.552,49.6866,42.1755,75.1307,70.7305,55.035,61.5044,36.0139,80.1797,3.713,98.5306,226.476,45.9344,27.9258,55.212,6.1373,116.863,83.2098,191.914,72.8243,70.2821,59.977,76.3179,53.9543,45.2324,669.778,117.779,92.1553,46.3494,51.4597,67.9649,66.2267
1979-10-01,50.1008,93.4972,56.4835,32.603,75.9557,67.7625,49.4112,40.9399,75.6294,71.5824,55.6783,61.3392,35.9525,79.1604,3.8079,96.4418,227.788,46.4403,28.1332,55.0375,6.2266,117.742,83.8272,192.616,74.0804,71.6281,60.6274,77.0254,54.5809,43.7174,673.156,117.613,93.1627,48.3228,51.8334,68.7755,67.1316
1979-11-01,49.9485,93.8013,56.8658,32.4364,75.8389,67.6046,48.5983,39.1933,75.8818,71.3875,56.3774,61.6475,35.9504,76.8633,3.9231,94.7235,223.331,46.3283,27.9207,52.7564,6.2204,118.025,83.8351,191.552,73.8467,71.8455,60.6986,76.8347,54.7424,41.047,675.593,119.014,93.6818,47.9211,51.7531,68.6586,67.3904
1979-12-01,50.0837,93.6663,55.8289,32.5596,76.0171,67.6477,48.5099,38.1835,76.0046,71.9715,55.7834,61.0853,36.2784,76.5531,4.0101,93.8522,224.988,46.2308,27.953,52.6358,6.2921,116.664,84.368,192.074,74.0859,70.8969,60.7779,77.0384,54.7777,40.7235,685.41,117.947,94.8062,47.7735,51.7878,69.215,67.1798
1980-01-01,50.3432,95.4705,54.9541,32.7288,76.4056,67.3934,47.5026,36.281,76.2267,72.3945,56.3034,60.1815,36.9279,75.1081,4.1266,98.985,230.497,46.6124,28.0724,50.4403,6.454,118.075,84.8334,196.865,74.6055,72.0288,60.5443,76.8965,54.5134,38.0528,692.165,118.587,94.2311,46.7291,52.0679,69.5485,67.0292
1980-02-01,50.2858,94.3808,56.9491,32.7291,76.1101,67.5518,47.1324,36.8133,76.7034,72.7855,56.4656,61.176,37.2532,77.6953,4.2092,98.3391,230.592,46.5261,28.0391,51.5346,6.4408,116.206,83.8475,196.816,73.206,72.3603,60.2245,75.75,54.4824,40.0284,696.456,117.749,93.1756,47.3296,52.082,69.9556,66.4161
1980-03-01,49.8622,95.2111,58.1163,32.4807,75.4272,67.041,46.2979,35.4956,76.4186,72.3818,56.2089,61.1627,37.0497,74.656,4.276,97.4402,231.798,46.4715,27.8934,50.7487,6.4178,117.462,83.1712,196.528,71.8734,73.0355,59.774,74.752,54.2246,37.9826,696.534,116.68,93.0915,47.4766,51.87,69.4025,65.6443
1980-04-01,48.8474,94.1239,56.4206,31.6292,74.4277,65.9822,44.3379,33.1013,75.9699,72.1433,55.9034,59.9564,36.8047,71.974,4.3274,96.8182,231.185,45.3336,26.9801,46.591,6.3886,113.789,81.7368,191.411,70.7148,71.6621,58.2922,71.2717,53.4452,34.5498,699.127,116.097,91.3949,46.6867,50.8397,69.2658,65.1723
1980-05-01,47.4067,94.0737,55.5369,30.4254,72.8602,64.5966,41.5108,30.3428,75.545,72.6591,55.2736,58.3008,36.3665,68.6601,4.3886,95.0649,234.139,43.9976,25.6588,41.4705,6.2744,105.706,79.2935,185.744,66.554,71.3609,56.6978,68.3886,52.3076,30.9529,691.548,116.721,91.2761,45.5301,49.589,69.9426,62.9037
1980-06-01,46.6567,93.7237,55.5461,29.8664,71.8858,64.2425,40.7926,30.5122,75.4346,72.3989,55.1411,58.8087,36.0862,68.8531,4.4205,92.5832,239.267,43.2201,24.9752,40.6822,6.1118,100.887,78.147,180.212,64.1465,70.718,55.9083,67.0379,51.7176,31.0539,687.712,116.783,91.5126,45.657,48.9482,69.7721,61.3782
1980-07-01,46.202,92.1158,57.6502,29.5385,71.0644,64.2214,40.7543,30.8008,75.4254,72.5112,53.9334,59.7513,36.1946,69.2856,4.4742,91.6913,245.814,42.5703,24.2413,40.0763,6.0115,90.0479,76.7151,175.787,62.8527,71.0004,55.8906,66.4624,51.8937,31.1364,684.885,117.013,90.5264,46.1061,48.6039,69.453,60.0862
1980-08-01,46.5167,90.4272,57.9676,29.7037,71.7486,64.4549,41.1187,30.3871,75.5658,72.4914,54.2,59.7886,36.168,68.9106,4.5581,91.1676,248.111,42.7093,24.4649,41.1048,6.006,89.8307,78.0723,176.262,64.7179,70.108,56.2533,67.4303,52.045,30.899,691.961,116.297,90.7948,46.0327,48.7563,69.7338,61.5962
1980-09-01,47.2858,92.1124,58.7133,30.3083,72.6661,65.085,43.0108,33.3757,75.3827,72.5038,54.0691,59.8033,36.7265,73.1363,4.5807,91.5094,249.911,43.5492,24.9299,43.1994,6.018,93.0953,79.467,180.286,66.8093,71.6253,57.2358,69.1323,52.7733,34.0104,678.42,117.204,92.4201,46.8154,49.5608,69.7783,62.8943
1980-10-01,48.1325,91.8301,58.2337,31.0892,73.3378,65.5545,43.7446,34.5236,75.6639,73.0078,55.7447,58.7886,37.4142,75.8913,4.6786,92.071,254.486,44.1779,25.8901,45.6,6.1293,102.67,80.2098,184.494,67.6517,71.0192,57.7141,70.5873,52.9123,35.72,676.225,117.088,92.6349,46.0976,50.1908,70.3441,63.5931
1980-11-01,48.988,93.534,58.467,31.8643,73.9461,65.8555,44.8195,35.7567,75.4702,72.5775,55.5198,58.7927,38.0791,78.4498,4.7415,92.7725,267.027,45.1694,26.8035,47.4567,6.2124,111.825,81.6743,186.813,69.493,71.7871,58.5466,72.0097,53.5371,37.3211,673.498,118.221,93.3998,46.4961,51.0311,70.0088,64.7289
1980-12-01,49.1946,95.4924,58.7314,31.8513,74.6895,65.8708,44.209,34.0141,75.8714,72.8894,55.3562,59.5673,38.1793,77.3072,4.8525,93.1725,262.308,45.6344,26.9213,46.0655,6.2677,115.308,82.9757,187.018,71.852,72.7552,59.0382,72.039,54.1846,35.4571,674.667,119.908,94.2619,47.336,51.3708,70.4353,65.956
1981-01-01,48.9757,94.3458,57.8946,31.6329,74.6552,65.8504,43.968,33.0853,75.9881,72.4803,55.5305,61.3849,38.1477,75.4914,4.9309,93.543,260.714,45.0898,26.6171,44.6836,6.2735,112.763,82.2598,183.775,71.1091,71.6931,58.9339,71.7544,54.1431,34.0368,670.415,118.25,93.2154,48.2539,51.0415,70.1676,65.7469
1981-02-01,48.7185,95.4847,56.4008,31.4397,74.3909,65.7361,43.8526,33.4645,75.88,73.2734,54.7522,59.7616,37.7897,73.7732,4.9562,92.7181,262.107,44.9613,26.477,44.1377,6.2392,112.703,81.7707,181.557,70.2288,71.8161,58.4748,71.1985,53.7206,33.6026,674.244,118.851,93.6569,47.2423,50.824,70.7272,64.9896
1981-03-01,48.8706,96.3438,57.3686,31.618,74.3687,65.731,44.4373,34.3716,75.5098,72.5975,55.7764,58.4265,38.2578,74.0506,5.0083,93.673,278.882,45.2304,26.5384,44.9043,6.2815,110.951,82.1276,180.932,70.7565,72.5978,58.5628,71.441,53.7557,35.0202,674.335,119.819,94.0984,46.8084,51.0826,70.3938,65.6584
1981-04-01,49.1304,91.2737,57.3885,31.9041,74.3577,65.884,44.9872,35.2207,75.4089,72.3212,55.9127,58.0659,38.708,74.0054,5.1398,94.6566,288.514,44.6356,26.7229,45.5704,6.3422,110.941,82.3375,180.617,71.1066,69.4732,58.5079,71.476,53.6708,36.1589,679.143,119.507,94.4084,45.2143,50.858,70.0369,65.9395
1981-05-01,49.3698,91.8093,58.2089,32.0052,74.8379,66.5392,45.7261,36.3399,75.9784,72.9223,56.4452,58.4519,38.7157,73.0902,5.1941,94.3095,286.326,44.8603,26.8433,45.6488,6.4048,110.264,82.8381,182.11,71.2604,69.8208,58.9909,71.4648,54.3182,36.7337,681.139,120.745,94.9058,46.5887,51.1495,70.6817,66.0986
1981-06-01,49.1357,95.7684,59.6578,31.8528,74.4491,66.048,45.3279,36.0385,75.4554,71.6779,56.2236,58.4036,38.6013,70.7887,5.2479,94.1671,285.169,45.5055,26.7449,45.9031,6.3969,109.371,82.5892,185.46,71.1012,72.8689,58.9823,70.3509,54.6843,36.6303,684.415,120.438,94.6376,47.4265,51.4101,69.5276,66.1028
1981-07-01,49.2355,98.821,59.4948,31.8531,74.8594,66.5302,45.6003,35.9788,76.043,72.0344,56.7798,59.2186,38.8718,68.0337,5.3725,94.2202,298.22,45.7819,26.6508,44.8544,6.3989,109.2,82.7378,190.475,70.5496,74.1772,59.3776,70.5535,55.1417,35.4397,692.32,119.922,95.1446,48.6157,51.7471,69.6235,66.3504
1981-08-01,49.2235,99.1509,58.2941,31.8325,74.854,66.5361,45.277,35.5914,76.2535,72.2798,55.9944,59.4175,38.9173,66.3908,5.4527,94.8326,300.343,45.714,26.7071,44.0255,6.4752,110.043,82.1057,188.409,69.149,74.055,59.0454,70.3164,54.7798,34.2632,701.066,120.719,95.3137,47.9492,51.6826,69.9921,65.0359
1981-09-01,49.049,98.5514,57.4688,31.6277,74.7983,66.0846,44.2418,33.7932,76.1892,72.149,57.2201,58.1693,39.0767,65.0754,5.508,94.9856,304.469,45.352,26.4338,42.5194,6.5197,107.783,81.8036,186.258,69.2716,73.463,59.0495,69.9002,54.926,32.2743,700.306,121.976,95.6683,47.1403,51.4337,69.9906,65.3913
1981-10-01,48.5407,97.9089,58.1794,31.2387,74.2115,66.359,44.0329,34.2273,76.751,73.1293,56.7751,59.6787,39.0749,64.1728,5.5531,94.4001,302.707,44.7364,25.8287,41.0375,6.4722,101.998,80.5174,182.753,67.8274,73.1946,58.1233,67.6998,54.4387,32.4104,698.719,120.099,93.835,47.276,51.0281,70.8225,64.2759
1981-11-01,47.9287,97.0527,57.6657,30.6374,73.8723,66.278,43.2773,33.2571,77.0955,73.9054,56.3012,59.8494,38.7488,60.8804,5.5404,93.3242,306.077,43.9271,25.0875,38.6497,6.3787,97.5847,79.1969,175.784,65.729,72.5185,57.6597,66.6032,54.1934,30.3014,700.706,120.817,93.9394,47.7092,50.435,71.601,62.9893
1981-12-01,47.1456,96.9931,58.79,30.0475,72.7934,65.5275,41.4023,31.9849,77.0869,74.3924,56.2887,60.0596,38.5012,58.494,5.6132,91.8188,304.441,43.3765,24.4146,36.4359,6.3076,94.0351,76.872,169.601,63.1731,73.1586,57.2429,65.3294,54.0707,28.955,687.821,120.014,91.0899,48.5563,49.8987,71.9267,61.6046
1982-01-01,45.9659,95.8554,58.7039,29.042,71.8345,64.4058,40.2121,30.9349,76.0694,73.8522,55.1497,60.3015,37.2019,53.7353,5.5314,87.815,299.081,42.5983,23.6862,34.7459,6.1272,92.6117,76.503,162.731,61.9126,72.1217,56.0513,63.0661,53.2523,26.6288,652.717,120.76,92.7283,48.3172,48.8685,71.2875,60.7799
1982-02-01,47.2796,96.8403,57.0704,29.8773,73.9053,66.2456,41.7272,31.6775,78.0126,76.1608,55.9011,59.9688,38.4827,54.9913,5.8215,89.4491,293.082,43.0508,24.0535,35.9247,6.272,88.769,78.6602,168.413,63.7463,71.97,57.5515,65.3227,54.4849,27.8698,689.3,124.16,96.149,48.9957,49.8636,73.4894,61.882
1982-03-01,46.9426,96.0414,57.0986,29.6098,73.5143,65.8559,41.5732,32.7052,77.4971,75.5422,56.2285,59.1014,38.1664,54.4365,5.8706,87.3624,285.63,42.8026,23.839,37.0875,6.171,85.7791,77.9976,167.477,63.1996,71.8384,57.0046,63.945,54.2238,29.6859,686.046,123.156,95.3084,49.0816,49.5323,72.9202,61.5367
1982-04-01,46.5713,94.11,57.1532,29.4162,72.8651,65.7733,42.3584,33.7561,76.8711,74.1052,55.8788,60.3175,37.6365,53.4355,5.9053,84.2547,272.274,42.284,23.6501,38.264,6.0592,82.936,77.2137,170.283,62.421,70.6387,56.6485,63.4844,53.9058,31.2677,681.725,120.694,94.256,48.7559,49.075,71.6173,61.0257
1982-05-01,46.4841,92.5323,55.6001,29.3025,72.9227,65.8146,42.366,34.3536,76.9314,74.536,56.2385,59.2768,37.4882,53.2504,5.9786,81.6594,264.128,41.7816,23.4174,38.5831,5.9756,79.4792,76.112,168.075,61.1528,69.7573,56.4891,63.8404,53.5722,32.4629,683.489,120.678,94.0957,47.3801,48.7483,71.7425,60.3323
1982-06-01,46.4484,91.2538,55.7913,29.1092,73.4351,66.2621,42.6676,34.7577,77.4453,75.1664,56.3864,59.2209,36.9175,52.6718,6.0199,77.3664,256.375,41.6544,23.2875,39.369,5.8771,78.2957,76.2957,166.618,61.4423,69.5026,56.3773,63.3302,53.5963,32.8021,693.133,121.688,94.3363,47.6065,48.6214,72.5451,60.6583
1982-07-01,46.3966,89.9312,55.7708,29.0727,73.3706,66.4351,42.9211,35.6944,77.5562,75.2778,56.9563,59.7462,36.8596,53.8186,6.1462,74.734,248.226,41.3508,23.0844,39.5661,5.8244,75.0935,76.0303,165.784,61.4571,68.9475,56.3347,63.2186,53.5772,34.247,683.137,121.686,94.1414,47.7072,48.4616,72.5123,60.7362
1982-08-01,45.9746,89.2486,55.0821,28.5183,73.5806,66.3453,42.2912,34.4066,77.8106,75.7933,56.8207,58.5396,36.0385,50.9011,6.0258,72.3527,239.435,40.8902,22.6797,37.5476,5.6967,75.6925,76.3973,165.208,61.1171,68.0072,56.3759,63.2009,53.6374,32.0203,691.437,125.172,96.4353,47.9251,48.0192,72.8133,60.3535
1982-09-01,45.9037,88.375,55.262,28.315,73.9754,66.2676,41.7021,33.5313,78.0571,75.9864,56.8184,59.0134,35.9433,50.7032,6.1267,70.173,232.535,40.7138,22.3972,36.4379,5.6528,75.051,76.9752,164.552,62.5694,67.7699,56.5081,63.4142,53.7406,30.6405,700.14,123.723,95.6119,47.8642,47.9008,73.1155,61.2044
1982-10-01,45.3254,88.0656,55.42,27.6715,73.9619,66.3145,41.1158,32.5234,78.4965,76.4056,56.9935,59.8696,35.2419,49.6985,6.0818,66.6505,229.264,40.2109,21.6435,34.4405,5.5327,70.6287,77.1665,165.089,62.2511,67.6142,56.1173,62.4803,53.5353,28.6482,699.403,124.641,96.0941,48.4539,47.4371,73.5919,60.936
1982-11-01,45.0778,87.8274,56.1555,27.4723,73.6022,66.1746,41.0815,32.6357,78.2947,76.5215,56.2357,59.95,35.088,50.6098,6.1286,65.1097,221.298,40.0611,21.3702,33.9989,5.4994,67.5412,76.9557,166.075,61.7441,67.809,55.9858,62.1417,53.4737,28.7193,691.563,124.707,95.7269,48.4669,47.283,73.7028,60.2582
1982-12-01,44.9477,86.7597,54.4399,27.5883,72.6711,65.2734,41.0727,33.6613,76.8805,74.4605,56.3693,58.7654,35.304,53.0623,6.2254,64.0946,217.949,39.7244,21.5452,35.3816,5.4894,68.5802,76.1735,168.842,61.8012,66.4128,55.6772,61.7124,53.2073,30.5865,679.773,123.167,92.302,47.9881,46.9485,71.9913,60.3148
1983-01-01,45.9846,87.675,54.3218,28.234,74.4043,66.7535,42.8485,35.3648,78.0936,76.5667,56.3831,57.5934,35.3245,52.7165,6.3501,62.7831,222.399,40.5964,22.2698,37.5516,5.5524,73.2962,78.4202,176.332,62.4741,66.986,56.7893,63.9674,53.9279,32.3622,701.402,126.643,97.4664,47.9369,47.8234,73.7904,61.0632
1983-02-01,45.9504,85.8806,52.9174,28.289,74.1172,65.8886,42.6914,35.7659,76.8311,75.0947,55.9548,56.8075,35.0543,53.5752,6.3594,61.4527,216.483,40.4557,22.5067,39.6916,5.5176,75.1305,79.308,178.827,65.1972,65.4516,56.6241,63.5904,53.8339,34.5479,678.492,126.86,97.1592,47.2275,47.5233,72.4314,62.4574
1983-03-01,46.3843,84.7831,54.8572,28.6646,74.5203,66.1265,43.3035,35.6602,76.8217,74.3198,56.0299,57.7899,35.3246,53.0095,6.5039,61.6932,213.253,40.8504,22.8992,40.3732,5.6268,77.8659,79.9372,181.917,66.0125,65.7199,57.3689,64.3275,54.5742,34.5643,686.796,125.535,97.2526,48.2312,47.9244,71.8403,62.7749
1983-04-01,46.9493,85.7285,55.8912,28.9823,75.5337,67.491,44.2691,36.6889,78.3598,74.9427,56.6988,61.2256,35.3376,51.0909,6.643,61.7933,215.507,41.3503,23.3111,41.2906,5.6844,79.1195,80.9807,185.058,67.2614,66.1637,58.1425,65.2903,55.2778,35.4414,698.526,127.554,97.8961,48.9824,48.5311,72.3164,63.9236
1983-05-01,47.4915,85.276,54.8563,29.429,76.1467,67.7655,45.1307,37.4869,78.2567,74.9032,56.922,60.3131,35.6368,50.4397,6.721,63.3564,216.416,41.6032,23.8354,42.3537,5.8046,81.8814,81.8557,185.852,67.9323,65.4374,58.5238,66.4616,55.395,36.4277,699.995,128.687,100.509,48.133,48.8239,72.2684,64.4008
1983-06-01,47.8705,85.504,54.694,29.7541,76.5162,67.982,45.9379,38.3678,78.0985,75.7842,56.2761,58.7821,35.7791,50.5901,6.7549,63.8063,215.347,41.92,24.1294,43.3893,5.8727,82.4877,82.1972,187.226,68.5418,65.7771,59.0077,67.6459,55.6441,37.9201,699.694,127.828,100.213,48.2315,49.123,72.9615,64.5048
1983-07-01,48.5492,86.0262,56.5736,30.3622,77.1276,68.8745,47.0342,39.0708,78.8217,75.7178,57.1947,60.5584,36.2842,50.0677,7.0149,64.8691,202.469,42.5883,24.5935,45.5312,5.9772,80.2991,82.7907,185.665,69.4097,66.9442,59.8931,69.0578,56.3487,39.0924,707.347,127.924,101.364,49.0702,49.8546,73.0058,65.4886
1983-08-01,48.9692,86.7977,58.872,30.6876,77.5243,69.4907,47.9007,40.4093,79.2558,75.3165,57.2134,62.3001,36.6389,51.4154,6.9265,65.7808,206.167,43.2083,24.9092,47.1086,5.9922,82.596,83.468,189.828,69.7056,68.2619,60.4395,69.3701,56.9666,41.5321,709.124,130.528,102.672,49.9273,50.4443,72.7425,65.8127
1983-09-01,49.869,87.368,58.7295,31.4259,78.4933,70.3226,48.7488,41.0423,80.0392,76.0528,57.7143,63.1483,37.4456,51.0433,7.3465,66.8841,205.692,43.7861,25.5696,48.4865,6.1822,85.2285,84.5904,192.003,71.313,68.3402,61.3712,70.1945,57.9249,42.4647,722.741,129.361,103.041,50.9092,51.178,73.4613,66.7895
1983-10-01,50.3814,88.2439,57.7995,31.911,78.7703,69.9668,49.4072,41.9513,79.0881,75.4093,57.5984,59.9715,37.8556,51.349,7.431,67.8565,206.702,44.3491,26.0638,49.1277,6.2799,88.8902,85.3983,192.777,72.0884,68.9243,61.8408,71.3287,58.1726,43.24,722.353,131.136,105.265,49.6842,51.5693,72.7382,67.7121
1983-11-01,50.6373,88.2508,58.1509,32.1369,78.9427,70.0659,49.4364,41.7628,79.2276,75.6694,57.7527,59.7742,38.1087,51.2378,7.5111,69.015,195.815,44.6002,26.2862,49.2883,6.4362,87.4834,85.2114,193.789,72.5957,69.429,62.023,71.157,58.4691,43.3676,722.459,131.626,105.027,49.4081,51.7993,72.7262,68.0464
1983-12-01,50.7749,87.2569,60.866,32.4729,78.4515,70.1348,50.6165,42.9224,78.6278,74.6215,57.5425,59.7071,38.7352,51.5902,7.6048,69.6921,221.699,44.8002,26.5746,50.886,6.5042,86.8975,84.3399,191.768,71.0012,69.8794,62.1189,71.3399,58.5359,44.8195,724.569,129.812,104.185,49.4202,52.0594,71.9199,67.3593
1984-01-01,51.6833,91.451,60.6503,33.2144,79.3788,71.5431,51.7734,44.9436,80.1259,75.7199,58.3865,62.7253,39.5605,54.1355,7.7895,70.4789,221.486,45.7298,27.2594,52.0917,6.7013,89.2308,85.479,192.487,72.569,71.2693,63.0652,71.8638,59.6123,47.3209,727.402,131.474,104.653,51.9985,53.0985,73.0696,68.5253
1984-02-01,52.2442,90.3713,59.3605,33.7074,79.7885,71.3738,51.9306,44.1328,79.7727,74.5882,58.7313,62.2172,39.9228,52.7306,7.9553,71.8139,215.066,45.9598,27.817,52.705,6.8605,93.1562,86.0846,192.838,73.3162,70.4661,63.6172,73.3945,59.8388,46.6428,734.676,132.807,105.944,51.049,53.3318,72.188,69.0522
1984-03-01,52.4865,89.6962,60.8182,33.8662,80.1368,71.6376,52.0547,44.3814,80.1113,75.1849,58.5288,62.5625,40.2376,53.1551,8.0646,72.2585,212.535,46.1834,27.9653,52.6466,6.9404,93.1314,86.6058,191.824,74.2869,70.7274,63.8571,72.9178,60.3118,47.1266,737.719,132.785,105.666,51.6531,53.5929,72.82,69.4992
1984-04-01,52.7324,91.5486,60.4956,34.0879,80.331,71.8744,51.9449,43.3435,80.547,75.953,58.292,62.8903,40.7046,51.7358,8.2006,73.1711,217.016,46.4651,28.1292,52.3127,7.036,94.3126,86.6196,191.104,73.4256,71.4175,64.0713,73.4923,60.4062,45.6914,731.526,135.545,107.17,51.6482,53.91,73.5449,68.9688
1984-05-01,52.906,92.837,61.065,34.2045,80.5673,71.618,51.5005,42.4218,80.4161,75.8469,58.0057,63.5012,41.0226,50.8342,8.3567,73.7558,222.034,46.8171,28.3289,52.1743,7.0978,95.837,86.6179,189.574,73.7847,72.3038,64.7482,73.6217,61.2569,44.8466,721.859,135.334,107.806,51.9572,54.2026,73.4542,69.2004
1984-06-01,53.1585,93.1989,60.7424,34.4423,80.6818,71.5948,51.6777,42.7501,80.2786,76.2063,58.4329,62.1099,41.4791,50.9871,8.4826,74.8732,225.264,46.9343,28.4916,52.5106,7.1996,93.3764,86.3223,188.313,73.7616,72.4902,65.1671,74.1331,61.6419,45.1548,717.137,135.1,107.674,52.1217,54.4014,73.3882,69.4895
1984-07-01,53.373,94.7737,59.095,34.748,80.4889,71.6503,52.2353,43.3757,80.0393,76.2453,59.0372,60.5565,41.8324,53.4583,8.6091,75.2893,227.047,47.0344,28.7808,53.609,7.2843,93.4766,85.7127,186.419,72.51,72.4304,65.2957,73.8746,61.8964,46.5362,707.052,136.951,108.622,52.1438,54.5521,73.2058,68.9884
1984-08-01,53.4753,93.7737,59.7286,34.9637,80.074,71.2002,52.5544,43.988,79.1599,75.6768,57.445,60.0432,42.4321,53.9596,8.7248,76.0002,230.308,47.0434,28.7449,54.018,7.328,89.5997,85.8481,184.734,72.8692,72.4931,65.3868,74.1224,61.9353,47.5243,700.281,135.454,107.043,51.5738,54.6083,73.2831,68.6049
1984-09-01,53.2742,94.3772,59.1038,34.7501,80.0251,71.0018,51.8001,42.17,79.2942,75.961,57.7487,60.3707,42.615,52.5501,8.8091,76.5545,227.61,46.7665,28.4047,52.7687,7.3124,85.588,85.7981,183.459,72.115,72.2908,65.3288,74.2996,61.8009,45.3816,685.321,137.483,107.57,51.9477,54.4466,73.6094,68.3984
1984-10-01,53.59,91.2896,59.0704,34.9357,80.4927,71.6191,51.3921,41.4501,80.4814,78.1078,57.7006,60.8928,43.0232,52.7878,8.9133,77.4629,229.747,46.3976,28.6211,52.6917,7.4068,87.4714,85.3364,178.435,72.1466,70.4725,65.4672,74.1387,62.0359,45,684.244,139.491,107.288,51.4455,54.4406,75.4487,68.2073
1984-11-01,53.7296,91.3579,59.8287,35.1361,80.3627,71.8279,52.1616,43.2664,80.3594,77.2795,58.3869,61.9127,43.2382,54.8634,9.0222,77.6274,232.083,46.5561,28.7689,53.706,7.4216,86.6294,85.2168,177.643,72.6883,70.7786,65.6035,73.9912,62.2635,47.1874,676.883,139.478,106.736,52.1064,54.624,74.642,68.746
1984-12-01,53.8546,91.4613,58.8263,35.2801,80.413,72.1478,52.7575,44.4649,80.5088,78.0476,58.5381,60.6837,43.5675,56.0847,9.1085,77.256,229.058,46.4048,28.6813,54.4511,7.3744,83.6047,84.74,176.539,71.5555,70.6279,65.4432,74.5799,61.8599,48.4664,682.041,138.762,105.747,51.2007,54.6416,75.3203,68.5975
1985-01-01,53.7654,89.4466,61.3116,35.2334,80.1039,71.7358,52.1243,44.8311,80.2382,77.7345,58.2111,59.7115,43.5338,56.7492,9.1834,76.4473,221.915,46.5696,28.7345,55.107,7.3933,85.0094,84.7496,176.947,71.6142,71.1438,65.2304,73.5361,61.9201,49.488,684.53,140.481,105.719,51.5378,54.6322,75.091,67.9846
1985-02-01,53.5498,91.0302,63.4341,34.9684,80.0845,72.1637,51.6357,43.1573,81.1708,77.8306,58.3917,64.1518,43.3989,55.4436,9.1345,75.5953,224.183,46.6624,28.4496,54.385,7.2276,85.5795,84.5228,174.99,71.6534,72.3622,65.6782,73.5358,62.5095,47.6118,670.021,142.359,106.207,53.6354,54.7825,75.169,67.9955
1985-03-01,53.9693,91.2396,60.5159,35.3362,80.374,72.1224,52.1963,43.0344,80.7898,78.0006,58.4824,61.0702,43.8606,55.753,9.2151,76.3379,220.822,46.5659,28.695,55.5408,7.2541,85.7731,84.712,174.333,71.4654,71.2486,66.1712,75.5013,62.5182,48.0124,675.464,144.123,106.729,52.6944,54.8653,75.2531,68.3928
1985-04-01,53.7638,91.1034,61.0968,35.066,80.5071,71.6773,51.4318,42.4434,80.5395,78.1101,58.497,61.0056,43.5475,55.5595,9.1032,75.314,215.774,46.5662,28.4865,54.9053,7.1535,85.2524,84.7898,174.336,71.637,71.7528,66.3565,75.5081,62.7597,47.6371,664.444,142.251,105.088,53.6034,54.7459,75.5498,68.9368
1985-05-01,53.8739,91.1813,60.9681,35.112,80.7944,71.815,51.4622,42.1069,80.7317,78.1726,58.6864,61.1053,43.6395,55.1335,9.1455,75.7806,211.277,46.5932,28.4248,55.1604,7.1713,82.8431,85.1676,176.183,71.5891,71.84,66.5595,75.7827,62.9373,47.3123,671.525,142.024,105.93,53.3797,54.8255,75.77,69.061
1985-06-01,53.8955,91.266,60.4247,35.1922,80.6186,72.0487,51.3222,41.9361,81.1653,79.1144,58.2938,61.2483,43.8317,54.9953,9.2251,75.4437,212.267,46.4449,28.4928,54.9915,7.1641,84.4474,84.8422,176.412,71.2378,71.2292,66.3637,76.133,62.5658,47.173,675.522,142.113,105.266,52.856,54.7989,76.496,68.1566
1985-07-01,53.7003,89.7197,60.6345,35.0651,80.2859,71.8435,51.3943,43.1075,80.812,78.7692,57.9096,60.5783,43.6208,55.6186,9.1279,75.3454,206.982,46.1804,28.2171,55.6841,7.0754,80.4081,84.7349,171.92,71.5145,70.9394,66.0684,75.9361,62.2413,49.0764,676.898,142.256,104.929,52.8404,54.5396,76.4967,67.7641
1985-08-01,53.9463,89.5617,60.5131,35.2589,80.5917,72.1233,51.9264,42.8752,80.9418,78.8769,58.4317,60.5225,43.7693,55.0353,9.1435,75.8294,205.963,46.2598,28.5031,56.1149,7.1288,82.3597,84.8443,175.975,71.1077,70.4583,66.455,75.9995,62.729,48.4536,680.126,140.93,105.794,53.0008,54.7055,76.4364,67.4143
1985-09-01,53.9503,90.5947,61.6738,35.119,81.1666,72.4923,51.8427,42.7524,81.5492,79.1132,59.5612,61.7269,43.6426,54.4683,9.0559,75.6312,203.729,46.4684,28.3828,55.3291,7.0709,83.1895,85.7907,176.953,72.1944,71.1647,66.6998,75.929,63.0736,48.0979,682.493,140.268,106.682,53.6694,54.8906,76.7582,68.5246
1985-10-01,53.8599,90.0054,61.1176,35.1111,80.8952,72.3738,51.5558,42.3101,81.5278,79.0294,59.4495,61.9747,43.7576,53.7253,9.0916,75.751,197.987,46.2163,28.3176,55.1745,7.0572,82.7119,84.9606,178.569,71.2212,70.7291,66.4247,76.0649,62.6683,47.8904,686.999,138.749,105.516,53.1642,54.7199,76.5309,67.8966
1985-11-01,54.2208,88.9149,61.0131,35.4607,81.1335,72.7863,52.8187,43.9827,81.4549,78.75,60.2312,61.1429,44.1016,54.9073,9.2036,75.9302,188.848,46.2822,28.5369,55.5745,7.1005,84.3706,85.4741,179.035,72.3364,70.1377,66.5566,76.0286,62.8534,48.867,692.717,138.741,105.409,53.6005,54.9124,76.2156,68.9735
1985-12-01,54.3848,90.7133,63.9191,35.5397,81.4953,73.4673,52.8938,43.3665,82.4489,79.3056,60.3681,64.1609,44.032,53.0577,9.221,76.494,183.528,46.9233,28.5914,54.9336,7.1321,85.1872,85.8314,177.024,72.4799,72.5141,67.1301,75.6451,63.73,47.7737,692.66,138.916,107.26,55.5489,55.4412,76.7988,68.6647
1986-01-01,55.0293,90.6539,61.9119,35.9417,82.5458,74.2927,54.1764,45.7904,82.9934,80.3118,61.0994,63.2571,44.1112,54.2834,9.1555,76.5017,173.981,47.0214,28.9556,56.0535,7.1965,85.5,86.8768,178.733,74.4962,71.3336,67.8887,77.4776,64.1357,49.8425,700.338,139.649,108.24,54.7919,55.7481,77.6354,70.0598
1986-02-01,54.7203,89.3029,61.3677,35.7252,82.2165,73.6607,53.7843,45.4642,82.2492,80.3207,61.3643,61.343,43.5836,52.5984,9.1187,75.6761,168.627,46.8264,28.9236,56.1818,7.1846,85.9067,86.804,179.683,74.0323,70.6308,67.3182,76.6873,63.6416,49.366,681.748,138.052,107.973,54.0807,55.3568,77.5878,70.0812
1986-03-01,54.5232,86.9604,60.4989,35.6589,81.7418,73.414,53.7267,44.8193,81.9056,79.3047,61.413,61.5221,43.4535,51.1782,9.1851,75.8005,145.443,46.278,28.7853,55.2169,7.198,85.2097,86.3043,180.282,73.0023,68.9256,67.1074,76.8512,63.3127,47.9203,684.961,138.389,108.631,53.6138,54.9625,76.6064,69.4405
1986-04-01,54.7995,84.0355,60.8666,35.6929,82.203,73.8851,53.665,44.3753,82.6561,80.1199,62.7319,60.5583,43.1602,50.1141,9.1545,75.6251,130.278,46.2297,28.8247,54.4555,7.2549,86.0403,86.7255,178.607,73.4343,68.3583,67.7514,77.7092,63.8817,46.976,684.088,144.386,109.189,53.1123,55.0413,77.2494,70.234
1986-05-01,54.8563,83.4605,61.5717,35.6006,82.6385,74.2636,53.7396,44.4291,83.1904,80.1937,64.0455,61.9379,42.9943,49.3223,9.206,75.252,115.685,46.222,28.6668,53.5574,7.25,84.1889,87.0888,179.411,74.7299,68.6051,68.1556,78.0387,64.3059,46.6006,680.123,144.237,109.128,53.8969,55.1226,77.1463,71.4536
1986-06-01,54.6186,82.2702,61.9328,35.3847,82.5535,74.3091,54.3496,45.4859,82.9218,79.604,63.6912,62.518,42.5258,49.4695,8.9355,74.5273,98.7642,45.9353,28.4013,54.2212,7.1729,80.5709,87.342,179.659,74.3278,67.9854,68.2797,77.1874,64.741,47.6615,676.324,144.114,110.975,56.131,54.9005,76.8089,71.0749
1986-07-01,54.9405,81.9815,63.0469,35.7127,82.6535,74.7219,55.0303,46.1176,83.1726,79.6943,63.5256,63.8605,42.8624,49.0083,9.3062,73.4806,93.8484,46.2966,28.6869,54.9202,7.2504,82.3591,87.3149,179.924,74.8443,68.7626,68.4633,77.6684,64.8276,47.9082,673.04,143.62,110.212,55.1906,55.2592,76.9982,71.3002
1986-08-01,55.0626,81.2151,61.5147,35.7019,83.1928,74.7257,55.238,46.237,83.0634,79.2809,63.5039,63.4722,42.8032,48.6646,9.3447,73.8043,92.5611,46.0651,28.6733,53.8687,7.3156,80.8334,88.1313,183.114,75.5829,67.2279,68.7384,78.44,64.941,47.0119,678.925,145.14,112.502,54.5214,55.1567,76.3667,71.8821
1986-09-01,55.2082,80.539,62.0912,35.8755,83.1569,74.7899,55.7205,47.1369,82.8937,78.8688,64.7279,62.9294,42.8634,49.9949,9.3987,72.7028,97.7783,46.2618,28.9335,54.8021,7.3526,81.3948,87.8022,185.544,76.2012,67.51,68.8363,78.5082,65.0473,48.4753,674.548,144.415,111.656,54.2329,55.2975,75.7598,72.4644
1986-10-01,55.4173,81.0223,62.4899,35.8636,83.933,75.1108,55.717,46.6962,83.3837,79.471,65.637,62.7429,42.8578,48.9034,9.4446,72.3718,101.918,46.519,28.9748,54.2143,7.3838,82.6095,88.9112,187.902,76.9663,67.8829,69.1591,78.4736,65.4818,47.3578,671.84,146.198,112.865,54.7234,55.5332,76.6257,73.2376
1986-11-01,55.6222,82.0113,62.5197,35.9957,84.2529,75.6344,56.5013,47.9957,83.7456,80.0761,65.0197,62.9168,42.9294,49.5072,9.5009,71.5771,101.572,46.7099,29.0908,54.378,7.4209,83.7411,88.9819,191.157,76.0043,68.3545,69.2118,78.6648,65.4892,47.9017,680.323,146.759,113.383,55.1504,55.7557,77.1531,72.4788
1986-12-01,56.1668,81.9706,63.4022,36.3775,85.0094,76.3681,57.5614,49.0702,84.2742,80.8259,64.5022,63.8153,43.3215,50.1226,9.681,71.7255,105.581,47.1201,29.3328,55.123,7.546,81.4658,90.255,192.84,78.2411,68.6811,70.012,79.0901,66.4028,49.1628,682.631,147.249,114.587,56.462,56.2845,77.9467,73.1347
1987-01-01,55.9671,82.9511,62.5081,36.3071,84.4957,75.5377,57.0908,48.8303,83.2716,79.4414,65.451,61.8063,43.393,49.7876,9.8082,71.006,104.943,47.0515,29.2946,55.0339,7.523,81.2453,89.6657,193.619,78.2812,68.8566,69.8807,80.0997,65.9027,49.5846,679.917,146.271,112.01,55.7864,56.0882,76.61,73.6235
1987-02-01,56.801,82.9815,63.098,36.9841,85.3243,76.5466,58.1115,50.9029,84.2396,80.4423,65.7602,62.8761,44.1328,52.0449,9.9957,71.6011,101.174,47.6194,29.927,56.9143,7.6401,84.5676,90.5475,196.988,78.4232,68.8895,70.7347,81.6776,66.5125,51.9997,684.505,148.646,112.809,56.0555,56.8275,77.6366,74.0587
1987-03-01,56.8446,82.6058,63.7795,36.9539,85.5108,76.6861,57.8313,50.1964,84.6082,80.7045,66.8703,63.5092,44.0692,51.2628,9.9955,71.3445,101.967,47.7047,29.972,55.9164,7.6905,85.2771,90.5058,198.991,78.5388,69.1688,70.9214,81.3726,66.8583,50.7799,678.755,148.226,111.913,56.5703,56.9098,77.8534,74.4894
1987-04-01,57.1753,83.2035,64.3736,37.1674,86.0431,76.6535,57.4798,49.8419,84.7542,80.3752,66.8888,64.5757,44.3718,50.4553,10.1996,71.5366,102.113,48.1368,30.238,55.3093,7.7773,87.1832,91.4693,200.118,79.924,69.7124,71.5859,81.7155,67.6222,50.0939,676.344,149.71,114.149,56.8546,57.2701,77.5763,75.3117
1987-05-01,57.578,82.9538,64.8524,37.3633,86.8776,77.2173,57.8923,49.4254,85.3829,81.5306,66.7218,64.5166,44.6295,49.7362,10.3135,72.7181,103.809,48.3551,30.3793,55.1475,7.824,88.4706,92.1764,201.182,80.3544,69.8134,72.3342,82.3922,68.3873,49.0432,684.662,149.844,115.136,57.7077,57.6322,78.556,75.5706
1987-06-01,57.8074,83.7174,65.5848,37.4995,87.2043,77.4038,57.3178,48.2289,85.9853,81.5506,68.2231,65.4319,44.8134,48.6333,10.4988,73.6935,107.189,48.7132,30.5688,54.6262,7.9321,90.4013,92.6213,204.652,80.8422,70.6027,72.6437,82.5603,68.7407,47.9007,683.781,151.424,116.601,57.8921,57.9307,78.4486,76.2395
1987-07-01,58.257,84.003,65.6984,37.6438,88.3543,77.9576,57.2176,47.8178,86.8826,81.9943,69.9303,66.0023,45.1662,48.5542,10.6706,74.5954,119.935,49.0215,30.7433,54.465,8.0161,90.0304,94.0259,208.109,82.7898,70.5546,73.1251,82.9294,69.2549,47.4006,692.721,152.784,117.712,58.1363,58.3258,78.8929,78.1726
1987-08-01,58.5697,85.8348,66.5913,38.0234,88.2852,78.3204,57.7568,48.0374,87.1355,82.0974,69.3784,67.577,45.7946,49.2783,10.8954,74.8894,124.369,49.4201,31.0857,55.4647,8.0717,92.8803,93.9211,208.772,82.7373,71.4018,73.4238,83.5393,69.4485,47.6897,690.265,152.656,116.927,58.3936,58.7636,78.8655,78.2655
1987-09-01,58.9882,86.1785,65.169,38.4065,88.6162,78.1355,58.3042,48.9406,86.5529,81.7857,69.95,64.6406,46.4079,50.7357,11.089,76.1963,127.615,49.6207,31.2647,55.8621,8.1693,93.3425,94.4598,209.47,83.9217,71.3976,73.7933,84.012,69.7808,48.8047,687.541,154.266,117.496,58.1961,58.9951,78.6066,79.2312
1987-10-01,59.8266,86.9148,65.8044,39.3042,89.0618,79.4317,60.177,51.4113,87.4914,82.9709,69.8927,66.253,47.0513,52.8485,11.2653,77.6479,128.51,50.2691,32.0663,58.4112,8.3146,97.4072,94.6523,210.688,83.6044,71.7008,74.3708,85.0031,70.2176,51.8158,694.354,153.072,117.781,58.8622,59.781,79.6485,78.8048
1987-11-01,60.1464,87.4264,65.8285,39.4761,89.5823,79.4656,60.0872,50.8985,87.5909,83.0996,70.5529,65.3213,47.2704,52.6876,11.3525,78.3252,124.07,50.734,32.4044,58.6022,8.3517,100.302,95.5441,210.746,84.8446,72.2058,74.337,84.983,70.1798,51.4518,696.717,154.291,118.129,58.1903,60.0726,79.9545,79.778
1987-12-01,60.5473,87.5585,65.8363,39.823,90.0424,79.6927,59.6152,49.646,88.1903,83.892,71.0443,65.5014,47.8345,52.3106,11.529,79.6088,125.786,51.0115,32.724,58.8824,8.4686,102.915,96.2673,209.398,85.8549,71.96,74.6677,85.684,70.3868,50.1243,696.565,155.881,120.785,58.2048,60.4095,80.2775,79.8964
1988-01-01,60.4059,86.3519,67.6547,39.7562,89.6983,79.8861,59.2852,49.1696,88.6605,83.5954,71.7696,68.1781,48.0924,53.5017,11.5889,78.7313,124.047,50.8811,32.6364,58.3674,8.4707,101.231,95.4424,206.852,85.4242,72.2073,74.4263,84.2162,70.5473,49.693,695.581,153.697,117.9,58.7337,60.3976,80.0735,80.298
1988-02-01,60.6,86.6661,69.0441,39.8548,90.1585,80.3704,59.2188,49.3357,89.427,84.1376,72.069,69.6226,48.2616,54.7984,11.5881,79.1116,130.043,51.0641,32.6532,58.0249,8.4869,100.141,95.5902,207.879,84.6243,72.9643,75.1036,85.0666,71.1621,50.2849,693.837,156.348,120.905,59.5564,60.7003,80.5507,80.0025
1988-03-01,60.7687,87.3376,68.8031,40.0746,90.2042,80.2281,59.6574,49.9797,88.9756,83.8269,71.855,68.3962,48.6202,54.7765,11.7774,80.2848,129.917,51.2687,32.7648,58.6419,8.4837,100.917,96.058,205.948,85.8411,73.2629,75.1208,85.4756,71.0522,50.9371,695.573,155.889,120.552,59.5482,60.8501,80.3248,80.4694
1988-04-01,61.3069,86.9703,68.019,40.5257,90.8004,80.8965,61.0344,51.7992,89.2446,83.9677,73.7478,67.5748,48.9302,56.5774,11.922,80.9635,130.042,51.5855,33.1885,61.0602,8.5803,101.136,96.5867,204.68,86.5091,72.9796,75.0913,85.0843,71.1402,53.4572,692.115,156.703,120.856,58.9613,61.2031,80.5336,81.805
1988-05-01,61.1406,87.6824,67.8012,40.642,89.9832,80.3463,60.999,52.2902,88.4342,83.7711,72.3151,67.1408,49.0674,57.3564,11.951,81.7117,133.606,51.6168,33.3449,61.0416,8.6457,102.501,95.8342,202.273,85.8631,73.1522,74.6031,85.2287,70.4525,53.9601,682.534,153.565,118.977,58.257,61.0797,80.4642,81.0611
1988-06-01,61.2643,87.5183,68.7107,40.7382,90.2055,80.4631,61.2732,52.598,88.4632,83.8437,72.5898,66.7416,49.3094,58.0707,12.0578,81.8288,132.275,51.8002,33.3324,61.6125,8.7038,100.575,96.2346,201.419,86.3365,73.8412,74.7081,84.5929,70.7953,54.4643,676.606,155.713,119.939,59.4988,61.2569,80.6067,81.4319
1988-07-01,61.219,87.2476,69.3663,40.5746,90.6114,80.3781,59.9188,49.1831,89.0529,84.7449,72.6892,68.0392,49.0874,55.0493,12.128,79.962,131.499,51.8828,33.3692,60.0417,8.7645,102.906,96.5744,196.336,86.9537,73.881,74.8979,84.6145,71.0376,50.4904,675.459,153.897,119.712,59.6867,61.2659,81.605,81.9819
1988-08-01,61.3085,87.4344,71.807,40.6582,90.675,80.8933,60.309,50.3513,89.6196,84.6826,72.4395,71.0333,49.1875,54.9132,12.0983,82.4978,127.314,52.163,33.3868,60.3827,8.7812,103.343,96.8405,198.948,87.4688,75.0668,75.2243,84.1098,71.6281,51.76,670.577,154.502,120.856,61.4348,61.5731,81.2936,81.9088
1988-09-01,61.5082,86.327,68.508,41.0468,90.2399,80.4271,61.4324,52.242,88.3202,83.5835,72.6171,67.1231,49.5953,57.1204,12.1372,82.8689,126.948,51.9022,33.6642,61.5113,8.8378,104.161,96.6311,200.198,86.8547,72.898,74.9175,84.3773,71.1397,53.926,666.368,156.512,120.939,59.4976,61.3807,80.5,81.4641
1988-10-01,61.7687,86.4888,68.9618,41.2106,90.6221,80.9994,62.0592,53.0513,88.8469,84.2192,72.7426,68.712,49.8269,57.5179,12.1508,83.3618,126.327,52.0451,33.8105,61.8385,8.8754,103.497,97.1733,201.358,87.1872,72.7044,75.2032,84.7031,71.4097,54.4381,662.349,154.996,120.077,59.7577,61.6453,81.1582,81.8111
1988-11-01,61.988,86.5011,68.6059,41.513,90.5507,81.1602,62.8116,54.1116,88.6865,84.0855,72.288,68.4882,49.8867,59.0819,12.1021,83.9157,125.016,52.2069,34.1226,62.993,8.9473,104.568,97.0932,201.469,87.9941,72.4951,75.3751,85.077,71.5151,55.8817,663.441,155.342,120.142,59.3715,61.7944,80.8096,81.7665
1988-12-01,62.2854,86.4325,69.0188,41.625,91.2232,81.5744,63.5292,55.5348,88.9259,84.3097,72.8338,68.3211,50.0722,59.2213,12.0626,84.4199,123.509,52.467,34.1679,62.731,8.9444,104.961,97.8343,202.683,88.3888,73.1092,75.5946,85.0467,71.8129,56.7438,662.055,156.608,121.422,59.8376,62.0743,81.1881,82.6587
1989-01-01,62.7746,86.2032,66.7262,42.1648,91.4855,81.652,64.9709,57.43,88.2686,84.1879,72.7958,65.3244,50.3753,59.3338,12.1669,85.3872,117.244,52.5982,34.64,64.0009,9.0007,108.176,98.0154,207.334,88.0464,71.9888,75.9563,86.643,71.7739,57.757,666.926,156.797,121.023,59.5884,62.2574,81.0545,82.6002
1989-02-01,62.1678,84.6468,70.0595,41.5569,91.0586,81.6144,64.2816,56.7349,88.5827,83.5705,73.2906,68.3966,50.1729,59.6755,12.1312,84.7256,111.366,52.2486,33.8572,61.7488,8.945,102.673,97.5701,203.701,88.1834,73.2937,75.5744,84.4794,71.969,56.9286,656.255,155.978,119.837,60.5268,61.9819,80.4995,82.9488
1989-03-01,62.1077,85.3161,71.9325,41.3564,91.3608,81.818,63.318,55.2793,89.4098,83.5366,73.3712,71.5778,49.904,59.82,12.0316,84.7537,111.271,52.4178,33.8114,60.4834,8.9396,104.648,98.282,206.407,88.9176,73.7793,76.2013,84.7686,72.6985,55.2956,653.945,158.612,121.369,63.1097,62.1369,80.3984,83.3994
1989-04-01,62.2073,87.0216,69.9656,41.5808,91.1437,81.5962,63.7892,55.6565,88.8194,84.1391,72.4158,68.9167,50.6206,61.429,12.1045,85.0702,109.675,52.3456,33.8474,60.2711,8.9938,104.504,98.0486,207.351,88.3838,73.4696,75.7088,84.7226,72.0672,55.0206,656.483,156.448,119.819,61.5285,62.1276,81.0034,82.4711
1989-05-01,61.7256,87.3026,70.2906,41.1207,90.7007,80.9111,62.4817,53.837,88.4913,83.5493,73.143,68.0907,50.1476,61.6446,12.0554,81.005,108.656,52.1651,33.5005,58.4264,8.9437,103.23,97.5951,208.992,87.6662,74.1012,75.4067,83.9917,71.9062,53.0544,644.892,158.9,120.391,60.9547,61.7744,80.4501,81.9361
1989-06-01,61.8078,86.1694,70.1341,41.1152,91.1004,80.9021,61.7327,51.8331,88.8834,84.21,74.3293,68.0245,50.6314,61.8536,12.0423,84.4808,111.825,51.9533,33.3996,56.8894,8.9807,102.747,97.8061,209.103,87.9296,73.2269,75.5899,84.1398,72.0989,50.7478,643.453,157.243,120.157,61.6705,61.7697,81.0057,82.6388
1989-07-01,61.0748,85.7045,70.4908,40.6348,89.9547,79.122,59.6725,48.4395,87.3072,81.6718,73.4782,67.377,50.2464,58.4602,12.2196,81.9926,118.017,51.7451,33.1899,55.8007,8.9815,103.241,97.0185,209.402,87.8218,73.4879,75.0561,84.1098,71.4082,47.4329,642.407,155.445,118.668,60.8166,61.1738,78.6359,82.3327
1989-08-01,61.6478,86.5399,71.4139,41.1365,90.5744,80.5167,61.9407,52.5983,88.1884,83.2246,74.0915,67.4589,50.851,60.3272,12.3926,83.5396,117.331,52.0699,33.3438,56.1846,9.034,103.269,96.9882,207.808,87.5326,74.6077,75.398,84.0896,71.8632,51.482,640.442,156.364,119.837,61.409,61.7732,79.9969,82.3144
1989-09-01,61.5155,86.5218,70.4815,41.0421,90.4471,80.2191,61.9088,52.5203,87.7557,81.8428,74.031,68.4474,50.6441,60.5505,12.335,83.3909,114.657,51.8577,33.2805,55.8794,9.0554,101.724,96.6434,205.697,87.3031,74.0171,75.5323,83.893,72.1026,51.3317,644.998,154.945,119.477,61.5067,61.5796,78.9121,82.961
1989-10-01,61.3622,85.8294,71.3734,40.5793,91.2115,80.3896,60.8172,50.5737,88.5894,83.5221,74.9718,67.85,49.6438,54.5208,12.5468,83.6972,114.952,51.9574,33.1646,54.4309,9.0252,102.966,97.1032,205.212,88.4863,74.5597,75.6224,84.2894,72.0934,48.6872,647.973,154.559,119.166,61.3346,61.4966,80.2127,84.1117
1989-11-01,61.4987,86.4866,72.042,40.6451,91.4621,80.736,61.2492,51.4751,88.88,83.9398,75.1434,68.196,49.8078,55.1459,12.6531,84.1915,117.81,52.0974,33.129,54.2575,9.0766,100.776,96.9911,205.103,87.455,75.4488,75.9167,84.2601,72.4886,49.7463,640.227,156.144,119.663,62.4125,61.7044,80.866,84.0769
1989-12-01,61.5071,84.0723,77.2281,40.8589,90.9265,81.9305,61.8994,52.6467,90.327,84.4866,76.4537,73.2241,50.545,58.0503,12.6807,84.0938,117.91,52.0623,32.9785,53.8719,9.0738,99.8561,96.1641,202.724,86.3965,76.3756,75.8027,83.129,72.702,50.3557,637.723,153.498,117.141,64.1509,62.0428,81.3148,83.4313
1990-01-01,61.4858,88.0969,71.4151,40.4224,91.9831,80.281,58.49,44.6918,89.6266,84.2479,76.0529,69.1362,50.3025,51.6636,12.9911,85.0321,118.787,51.9504,32.9273,49.3743,9.1966,101.974,97.6921,203.886,88.4326,74.8798,76.8116,85.0783,73.3997,41.2249,654.815,156.015,120.266,62.858,61.729,81.172,84.476
1990-02-01,62.3182,87.339,70.5024,41.1696,92.7696,81.2727,62.0869,51.8504,89.2553,85.0937,76.8574,65.2519,50.933,58.9409,13.014,83.4117,120.355,52.4238,33.2568,53.7571,9.2022,99.9312,98.5359,202.952,90.0802,75.4938,76.789,85.4161,73.2619,49.2626,644.469,157.643,120.653,61.0884,62.2896,81.8877,85.9023
1990-03-01,62.6362,86.6245,71.512,41.7146,92.3991,81.7559,63.2506,53.896,89.3804,85.5778,75.8243,66.4213,51.5875,63.432,13.1432,83.2034,124.263,52.5338,33.6688,55.579,9.2331,101.525,97.8967,200.973,89.1201,75.1324,77.116,85.4337,73.6846,52.0167,638.482,156.385,120.338,62.4675,62.5999,82.3374,85.1491
1990-04-01,62.3629,86.9786,71.9701,41.4149,92.3489,81.4172,61.7961,52.6635,89.6143,85.4466,76.2892,67.5151,51.1998,63.0817,13.1152,82.3432,123.496,52.5558,33.6138,54.553,9.2224,104.217,98.164,199.379,90.0749,75.2226,76.7834,84.3449,73.5969,50.6182,642.412,154.776,120.13,63.0667,62.4359,82.1592,85.482
1990-05-01,62.5595,86.8707,72.3673,41.7637,92.0266,81.3727,62.3129,53.128,89.2902,85.1918,75.014,67.2308,51.7724,64.8439,13.3532,83.5796,127.261,52.683,33.8577,55.5681,9.2987,103.684,97.6997,197.928,88.5173,75.374,77.0364,83.9293,74.0608,52.0833,638.054,157.44,121.784,63.2176,62.6258,81.9815,84.0016
1990-06-01,62.7547,86.6275,73.1265,41.8897,92.3646,82.1694,63.163,54.3936,90.0474,85.5908,76.4968,68.674,51.7055,66.6681,13.4616,81.8214,120.724,52.8093,34.0183,56.4918,9.2878,104.972,97.5779,195.874,89.0424,75.5488,77.0073,84.2479,73.9213,53.4926,642.157,155.482,119.623,63.147,62.8382,82.3525,84.985
1990-07-01,62.6091,87.1893,72.87,41.6924,92.4078,81.5428,61.2544,51.9275,90.0733,85.5156,76.4584,68.5195,51.9112,66.4972,13.518,83.0871,119.557,52.7727,33.9347,56.1443,9.3162,103.293,97.8795,196.142,88.335,75.427,77.0059,83.5418,74.1444,51.835,635.906,158.804,121.498,64.4248,62.7284,82.3819,84.4054
1990-08-01,62.8266,86.8262,73.5805,41.8645,92.6806,81.7841,61.155,51.5058,90.4852,85.6938,77.0871,68.7917,51.9357,66.9145,13.5274,83.0804,117.265,53.0942,34.1525,55.8614,9.3827,106.818,97.9069,195.47,88.6246,76.2557,76.9638,83.4652,74.1136,51.5649,641.067,159.672,121.381,63.5946,62.9475,82.6709,84.7541
1990-09-01,62.7045,87.3141,74.4668,41.7325,92.7645,82.2687,61.2993,52.0186,91.1374,86.23,77.3233,70.953,51.8793,67.7482,13.504,82.8123,117.716,52.9765,34.0156,55.6111,9.3744,106.198,97.7148,194.103,88.1273,76.268,76.7859,83.117,73.9916,52.2198,641.147,157.799,120.682,64.7124,62.9523,83.0524,84.6435
1990-10-01,62.3201,88.1827,73.314,41.3076,92.5975,81.2053,59.2547,49.4319,90.6025,86.1018,77.1684,68.8448,51.8467,66.9276,13.6079,82.3613,113.651,52.7434,33.6547,53.6791,9.3894,103.587,97.5218,193.887,88.0586,76.449,76.5949,82.3907,73.9725,50.1687,631.949,160.169,121.768,64.3109,62.5845,82.9275,84.6821
1990-11-01,61.5567,87.5719,71.7873,40.3079,92.8009,80.2726,55.9453,43.3844,90.917,87.8274,78.0811,67.0028,50.6452,61.169,13.5477,81.6557,110.946,52.0664,32.991,49.2582,9.3612,104.456,97.4883,190.206,88.1727,75.3492,76.2957,82.2596,73.623,43.1317,619.06,159.018,121.649,63.5514,61.7887,84.6126,84.9375
1990-12-01,61.0511,86.1474,72.2725,39.871,92.2565,79.6597,54.9231,41.6925,90.5397,87.2478,78.0183,66.3541,50.3539,60.4774,13.5391,81.5156,106.059,51.6537,32.5258,47.762,9.3512,100.746,96.7771,185.449,87.7804,75.3729,75.7942,81.6397,73.164,41.5004,621.275,159.202,121.434,62.982,61.3352,83.9626,84.6896
1991-01-01,60.6722,86.167,73.5428,39.627,91.673,79.9727,54.967,42.7069,90.9948,86.823,78.773,68.9456,50.1493,62.8365,13.3887,79.642,104.394,51.4239,32.1484,48.3186,9.3087,98.2443,96.2206,187.997,87.1381,75.8887,74.8878,78.7051,72.9088,42.8417,626.037,157.42,119.416,63.9787,61.1355,83.6078,84.2218
1991-02-01,60.234,87.5214,71.6566,39.1551,91.4744,79.2133,53.6147,40.9853,90.5749,86.5648,78.6991,67.566,49.6867,59.7696,13.3774,80.7225,101.792,51.1368,31.914,46.2928,9.322,98.0649,95.8017,185.933,86.4933,75.5631,74.3549,78.4259,72.3009,40.1551,625.725,157.405,118.462,62.9689,60.6838,83.5893,83.67
1991-03-01,59.7663,86.6092,72.6419,38.9442,90.6415,79.1922,53.8286,41.3367,90.4395,85.4856,79.8536,68.9485,49.5705,61.0163,13.3379,80.3042,102.103,50.7298,31.5181,46.0356,9.2936,94.6752,94.7204,187.897,85.2409,75.66,73.4116,77.6099,71.3269,40.8477,623.841,155.159,116.255,62.372,60.3346,82.545,83.593
1991-04-01,60.0267,85.721,72.5719,39.1932,90.8281,79.1852,54.9461,43.0883,89.8445,84.7616,79.8423,67.7536,49.3283,62.0665,13.4188,79.0452,106.137,51.0089,31.9142,47.7858,9.253,98.1223,95.2802,190.165,86.3345,75.3266,73.9063,78.1518,71.8014,42.9154,616.412,156.667,116.86,62.6778,60.4938,81.9329,84.3232
1991-05-01,60.3994,85.4715,75.7185,39.3074,91.7985,80.4597,55.8159,44.6749,91.305,86.5653,79.8195,70.3951,49.3723,64.1134,13.4531,77.5278,108.401,51.4823,31.9449,49.1153,9.2548,94.51,96.2853,194.843,86.6565,76.8093,74.3433,78.2112,72.3527,45.0037,620.834,156.415,116.695,64.8602,61.0633,83.9081,84.494
1991-06-01,60.957,85.6432,76.0174,39.8808,92.2019,81.4009,57.1802,46.5514,91.9958,86.9573,79.8965,72.238,49.7665,65.5644,13.6086,77.564,102.953,51.7818,32.4684,50.7952,9.2334,98.976,96.2156,195.51,86.7752,76.6163,74.9645,79.5201,72.7508,46.8804,630.908,155.564,117.242,65.4016,61.5581,83.6824,84.648
1991-07-01,61.2882,84.7608,75.4118,40.2658,92.2878,81.2452,58.1493,47.6043,91.2408,86.1421,79.1337,70.5556,49.8676,69.5971,13.5604,76.0951,96.4121,52.203,32.8657,53.3812,9.2258,100.877,97.4441,201.728,88.061,76.4781,74.6936,79.3928,72.4374,49.9338,636.772,156.062,118.713,64.3711,61.7305,83.1502,85.0417
1991-08-01,61.3534,84.631,74.8722,40.1497,92.7467,81.2166,57.2418,45.5688,91.6895,86.1713,80.5384,70.2856,49.6466,64.9302,13.7085,77.7165,88.874,52.1683,32.9747,51.5455,9.3439,100.957,97.4064,200.243,87.9793,75.9783,75.2266,80.1771,72.8857,46.3327,645.121,157.375,119.335,64.2749,61.7298,83.0241,85.5321
1991-09-01,61.9503,84.7401,74.7694,40.7572,93.2064,82.3678,59.5628,49.7181,92.1806,87.3444,79.5265,71.0413,50.1014,68.1847,13.7255,77.6647,90.252,52.4226,33.3869,54.0948,9.3434,102.655,97.7879,199.704,88.533,75.5851,75.5354,80.5062,73.185,50.5268,646.452,156.865,119.406,64.4884,62.2195,84.0557,85.3471
1991-10-01,61.9283,84.6168,74.664,40.6703,93.2908,82.2307,59.2753,49.1642,92.1282,87.6883,78.7075,69.4297,49.9544,67.5811,13.7471,77.5175,88.1648,52.5164,33.3214,53.9442,9.3571,101.838,98.3318,202.27,88.7561,75.8643,75.3008,79.7752,73.1101,49.8727,648.941,160.779,121.574,64.0089,62.1855,84.306,84.7084
1991-11-01,61.778,83.9183,75.3795,40.7217,92.687,82.2621,59.4002,48.752,92.1087,86.3544,79.1414,72.2594,49.836,66.3502,13.9206,75.7223,87.0287,52.3095,33.3489,53.9184,9.3667,101.472,97.5979,202.659,87.8472,75.2905,75.4959,80.3913,73.1698,48.9693,653.371,158.462,119.909,64.5522,62.0871,83.1943,84.4422
1991-12-01,61.5985,84.316,73.3845,40.5013,92.75,81.2007,58.8578,48.0377,90.8014,84.7118,79.6064,69.4708,49.6043,66.1748,14.1454,74.868,83.3071,52.2688,33.3174,52.7691,9.3814,101.368,98.2198,207.035,88.7073,74.7278,75.3489,80.2921,73.0092,48.5218,652.258,157.689,120.351,64.025,61.7852,82.0553,85.2631
1992-01-01,61.256,84.1187,73.0423,39.9047,93.2787,80.4837,56.2584,44.0056,91.0892,86.5451,78.0621,67.7677,48.8233,61.9948,14.321,72.5277,82.7933,52.2047,33.1325,51.3202,9.392,101.41,98.1951,201.938,88.3826,75.0519,75.3362,80.3738,72.9667,44.4166,652.452,159.176,122.242,62.2956,61.4616,83.5251,84.6615
1992-02-01,61.7943,83.0898,73.5053,40.7328,92.9692,81.2187,58.6443,47.6705,90.946,86.3324,77.9282,68.725,49.5541,63.8957,14.4653,75.3118,81.9616,52.4673,33.7378,53.5623,9.5328,101.812,97.9739,204.937,88.3126,74.4641,75.4545,81.113,72.886,48.0956,648.273,156.392,120.48,62.9941,61.8955,83.2087,84.5757
1992-03-01,62.4384,83.3728,73.2593,41.179,93.9514,81.9711,59.8421,49.5142,91.4478,87.2432,78.3713,68.3515,49.9775,64.2836,14.6656,75.4033,86.5478,52.9097,34.1709,54.9089,9.5831,104.696,99.2834,204.71,89.739,74.2159,76.0112,81.6812,73.4334,49.7872,647.408,157.769,122.387,63.01,62.4232,84.1151,85.3933
1992-04-01,62.7757,84.288,74.957,41.5068,94.2263,82.7154,60.9334,50.4989,91.9941,87.4513,78.6787,70.6582,50.1849,63.3655,14.934,75.818,85.7094,53.3262,34.3962,56.301,9.6269,102.768,99.4578,205.126,90.0563,75.4069,76.5633,82.2297,73.981,51.0666,640.42,157.801,122.961,64.0602,62.897,84.306,85.6744
1992-05-01,63.1445,84.1339,73.8934,42.004,94.1067,83.2244,62.851,52.9827,91.7674,87.5715,78.3689,69.2311,50.4133,64.1931,15.1776,77.096,81.3674,53.3687,34.7718,58.2292,9.6718,102.941,99.0306,206.399,88.8748,74.6414,76.8759,83.0593,74.1249,53.4031,645.811,157.547,122.165,64.4574,63.104,84.3111,84.9051
1992-06-01,63.3477,83.2327,72.8338,41.9958,94.803,82.8859,61.9688,51.9787,91.7131,87.3217,79.5227,67.2226,50.4189,62.7869,15.3532,77.5738,75.4462,53.5681,34.8474,57.4791,9.7749,102.836,99.9263,209.375,89.9216,74.707,76.8753,82.6723,74.248,52.1514,648.924,160.335,124.463,62.7823,63.1363,84.3003,86.1497
1992-07-01,63.9345,84.3395,73.2682,42.502,95.4237,83.9283,63.6212,55.1899,92.4218,88.2356,79.7699,67.7116,50.848,63.8854,15.5013,78.9753,85.1048,54.0124,35.2404,58.8278,9.9064,102.87,100.15,210.593,90.3994,75.4234,77.3516,83.2434,74.6889,54.8009,657.994,160.099,124.124,63.2496,63.7176,84.9847,86.866
1992-08-01,63.6132,82.9457,73.0407,42.2861,95.0331,83.8753,63.0459,53.7611,92.6349,89.7234,78.6748,67.4925,50.6344,63.6796,15.5817,77.6041,85.9434,53.4438,35.0639,57.9102,9.886,102.218,98.8901,208.136,89.1413,74.1033,77.2254,83.4615,74.4534,53.2025,652.11,157.626,121.898,63.0941,63.3613,85.9656,85.6116
1992-09-01,63.7157,83.4983,74.15,42.3381,95.2729,83.5826,62.8464,53.0268,92.3016,88.3321,79.3567,67.7563,50.819,62.1905,15.8235,78.2017,85.3073,53.8403,35.0457,57.4576,9.9748,100.09,100.05,211.571,90.0515,75.3009,77.5131,83.427,74.8411,52.401,653.084,159.028,123.996,63.4809,63.5703,85.1073,86.3112
1992-10-01,64.0781,83.9172,75.3821,42.7959,95.3288,84.6554,64.231,54.835,93.1949,88.3982,80.6364,70.9315,50.9862,62.1071,16.1688,77.8106,92.714,54.1596,35.4901,58.8776,10.0909,102.183,99.7585,210.578,90.1736,75.5964,77.589,83.4002,74.9489,53.8571,654.158,157.884,122.139,64.3621,63.9995,85.2794,86.6217
1992-11-01,64.308,83.8268,76.0254,43.0337,95.531,84.7656,64.7845,55.2354,93.0801,88.1391,80.9294,70.6655,51.3056,61.8792,16.3071,79.3293,97.9218,54.4684,35.7189,59.2013,10.1764,104.085,100.284,211.234,90.5249,75.9664,77.6303,83.119,75.0924,53.983,655.802,157.35,122.493,64.4644,64.2422,85.1453,86.9183
1992-12-01,64.2922,84.0627,77.2887,43.2171,94.8949,84.8105,65.483,56.2678,92.7959,86.7751,80.5201,72.4271,51.7436,62.8273,16.3187,78.7145,99.7523,54.4183,35.6101,60.2639,10.1563,99.145,99.7811,211.782,90.0862,76.4797,78.0271,83.5161,75.4849,55.3177,655.617,158.722,122.643,65.3652,64.3507,83.7233,86.6475
1993-01-01,64.8854,83.6739,74.6824,43.5753,95.8424,85.2874,66.4244,57.1398,93.0307,87.9706,80.8158,69.2047,51.8879,63.0108,16.3866,79.518,108.419,54.6276,36.1471,61.8577,10.2265,104.174,100.531,212.483,90.4471,75.086,78.1398,83.6868,75.5777,56.459,664.827,160.646,123.195,63.7331,64.5978,84.9541,87.0368
1993-02-01,65.0696,83.2735,76.7209,43.7474,95.9511,85.404,66.1573,56.2317,93.3385,87.845,80.6786,70.7413,51.8478,61.7075,16.4457,79.4462,105.924,55.0264,36.4324,62.584,10.2621,104.982,100.61,213.168,90.2354,76.0665,78.8745,85.2415,76.044,56.0047,667.666,161.32,123.501,64.8134,64.9089,85.0996,86.7581
1993-03-01,64.9523,82.726,77.4974,43.846,95.2727,85.4486,66.5533,57.1119,93.2072,86.5631,81.527,72.8373,51.7894,61.0122,16.6021,80.0982,100.175,54.8593,36.4288,62.9532,10.2824,104.301,100.126,211.44,89.4994,75.5978,79.1161,84.5473,76.5798,56.6675,658.141,161.256,122.638,66.7653,64.8522,84.1375,86.6825
1993-04-01,65.2527,82.8423,76.6134,44.0315,95.8493,85.5634,66.8915,57.4303,93.209,86.4695,81.6288,72.1871,52.0671,60.1769,16.8532,81.083,101.238,55.0541,36.6006,63.3389,10.35,104.317,101.065,216.123,90.0719,75.2649,79.1632,84.749,76.5771,57.0313,660.749,162.851,124.757,65.2294,65.0301,83.9731,87.0749
1993-05-01,65.1764,82.8742,74.5128,44.0382,95.64,84.8945,66.9957,57.6547,92.1682,86.3967,81.5235,67.9914,52.0265,59.6045,16.8177,81.8703,102.575,54.8856,36.6472,63.5743,10.3612,104.192,100.359,216.423,89.8654,74.7863,79.0735,85.7422,76.1457,57.1659,665.407,159.872,122.034,63.8023,64.784,83.8303,86.9188
1993-06-01,65.1026,83.6856,76.4191,43.9266,95.5629,85.1003,66.3822,57.0466,92.7777,86.4229,81.1907,70.2946,51.7065,58.3698,16.7836,81.9162,106.249,55.1641,36.7923,63.1576,10.3923,106.928,100.053,215.712,89.1608,75.9438,79.203,85.6492,76.3439,56.7079,664.304,163.315,123.108,65.0622,64.9301,83.9102,86.3894
1993-07-01,65.2519,82.7907,77.5022,44.0168,95.9042,85.7613,66.2899,56.2159,93.7994,87.3541,81.8437,72.6233,51.8737,56.2825,16.824,82.8961,110.572,55.1456,36.8875,62.7135,10.501,104.373,100.182,218.056,89.5411,75.4143,79.3259,86.1387,76.3499,55.1604,669.712,161.477,121.323,65.2627,65.1052,84.5962,86.6992
1993-08-01,65.1023,82.8642,77.9852,43.8363,96.0438,85.6408,65.5626,55.0907,93.9803,87.6314,81.8965,73.6753,51.3046,54.9966,16.8857,82.4124,111.403,55.2049,36.8853,62.2283,10.5067,105.191,100.63,217.436,90.4303,75.3785,79.4539,86.4294,76.4252,54.0559,664.66,159.857,121.922,65.4499,65.0267,84.7964,86.7929
1993-09-01,65.568,83.5694,77.1147,44.462,95.9845,85.9121,66.943,56.9227,93.6981,86.6515,82.6747,73.9302,52.1308,56.744,17.1945,82.8875,114.495,55.398,37.3404,64.1881,10.5841,106.097,100.622,218.668,90.1821,74.7693,79.8208,86.9388,76.7433,56.3448,663.526,159.256,122.611,65.5676,65.3717,84.0223,87.2323
1993-10-01,66.1078,84.6676,76.8543,45.083,96.1693,86.3417,68.6608,59.0495,93.4849,86.5132,81.9088,73.9473,52.8828,57.8733,17.435,84.3974,114.783,55.83,37.7836,67.5984,10.646,105.533,100.8,219.209,90.4929,75.2909,80.121,87.7156,76.8904,59.6595,660.426,160.086,122.799,66.0016,65.8509,83.8184,87.3597
1993-11-01,66.4201,84.6385,77.3397,45.4382,96.2155,86.468,69.2862,59.5639,93.3627,86.8399,80.4864,73.7511,53.0799,58.0078,17.6883,84.7886,113.819,56.2418,38.1612,68.9093,10.6716,107.063,101.043,220.166,90.5269,75.8915,80.3646,88.4424,76.9795,60.8095,661.125,161.043,123.763,65.5711,66.1518,84.0356,86.8345
1993-12-01,66.8415,84.9076,77.6624,45.9144,96.4273,86.722,69.6572,59.7431,93.5536,87.4987,80.6045,73.334,53.3089,57.6394,17.7434,86.0887,115.865,56.644,38.7075,70.0509,10.792,110.238,101.115,221.389,89.9659,75.9694,81.1193,89.7723,77.5454,61.5077,658.066,160.89,123.989,66.2369,66.5436,84.578,86.6761
1994-01-01,66.8827,84.0306,79.9438,46.0675,96.2152,87.2581,70.6958,61.336,93.8342,87.2292,80.181,75.9828,53.4008,58.1848,17.6188,87.3702,116.168,56.7306,38.8088,70.9958,10.8627,107.898,100.588,220.715,89.3514,76.4826,81.2614,89.2561,77.893,62.9948,658.207,159.666,123.794,68.0461,66.7351,84.2818,86.0624
1994-02-01,66.9799,84.6212,79.144,46.023,96.6772,87.4334,70.6057,62.0089,94.134,88.0226,81.8144,75.164,52.8097,57.645,17.5758,87.2762,113.908,56.9375,39.0182,72.1672,10.9127,109.173,101.286,220.494,91.1335,76.2496,81.263,88.6071,78.0992,64.3959,644.942,159.49,124.115,68.3145,66.774,84.8475,87.6491
1994-03-01,67.8693,85.7326,77.8483,46.5968,98.1292,88.187,71.2786,61.5195,94.9129,89.4815,82.427,73.3785,53.4473,56.9039,17.9589,88.6002,117.813,57.5369,39.5849,71.9438,11.1722,109.344,102.624,224.422,92.5275,76.262,82.1108,90.2402,78.6914,63.6578,664.606,160.426,126.386,67.1629,67.4552,86.0937,88.6305
1994-04-01,68.4649,85.0144,77.1118,47.2602,98.3828,88.4393,72.1835,62.2963,94.8446,89.7838,82.2665,71.6611,53.7449,56.6138,18.2839,88.7457,116.698,57.9858,40.3225,73.1585,11.438,111.918,102.597,227.653,92.3503,75.9516,82.6357,91.6573,78.9307,64.7449,673.387,161.333,125.378,67.8653,67.8541,86.2025,88.395
1994-05-01,68.8595,85.2936,76.768,47.5697,99.0393,88.9413,72.4115,61.964,95.4694,89.9586,84.5721,72.0284,53.6892,55.6958,18.5172,88.9709,114.737,58.3489,40.7332,73.1703,11.6257,113.083,103.24,228.213,93.4559,75.8417,82.888,92.3519,79.0415,64.2909,674.964,160.825,126.249,67.2944,68.1663,86.3177,89.8097
1994-06-01,69.0729,85.1892,80.0701,47.7334,99.4146,89.6026,73.0921,62.6936,96.1102,90.0033,85.6668,74.0491,53.8435,55.868,18.7545,88.9809,116.143,58.7944,40.9064,73.535,11.7502,111.388,103.539,230.331,93.8627,77.3402,83.4272,92.4599,79.7104,65.0851,672.893,160.442,127.364,69.6817,68.6265,86.3523,90.3973
1994-07-01,69.3319,85.1732,78.642,48.2724,99.0035,89.1293,73.2996,61.9566,95.3181,89.7506,83.1679,73.8783,54.2556,54.8426,19.0511,90.6181,113.061,59.0212,41.474,74.7947,11.9882,112.331,103.453,229.622,93.2931,76.5068,83.4558,93.3616,79.4646,65.0746,674.433,157.859,125.836,68.6859,68.7178,86.4186,89.3359
1994-08-01,69.9414,85.1409,78.1,48.4948,100.303,90.3371,74.5531,63.8275,96.4857,91.1577,85.3773,72.416,54.2405,56.3048,19.4624,90.0418,106.543,59.3881,41.5797,75.4136,11.9845,111.207,104.768,233.341,94.4615,76.9911,83.6287,93.3574,79.6913,67.1251,681.965,162.747,128.113,67.9277,69.1785,87.9483,90.8925
1994-09-01,70.2321,84.7157,78.0336,49.0203,99.8358,89.8355,74.8332,63.6479,95.6197,91.1911,81.3573,71.7005,54.8246,56.5171,19.9291,88.9517,109.562,59.7088,42.0947,75.8252,12.2271,113.009,104.487,233.73,93.4374,77.0331,84.0971,94.1316,80.0587,66.9894,686.154,163.397,129.066,67.6885,69.3961,87.9528,88.9066
1994-10-01,70.8847,84.454,78.3163,49.6247,100.561,90.7295,75.8168,64.5225,96.4584,92.7258,82.1117,71.7421,55.5695,57.5522,20.4918,90.2764,111.247,60.0628,42.6462,76.2628,12.483,114.88,104.485,235.432,92.4943,76.8856,84.5714,94.5634,80.5413,67.6144,693.197,161.37,129.43,67.7879,69.9544,89.218,88.5778
1994-11-01,71.4774,85.1305,77.7643,50.1157,101.214,90.8659,75.7647,64.131,96.6829,92.9464,83.5868,70.7019,56.3041,57.2689,20.939,92.4765,112.721,60.6078,43.1359,77.0946,12.7438,113.612,105.245,236.392,93.8592,77.3566,84.9282,94.7927,80.9342,67.712,688.687,163,130.682,67.3463,70.4326,89.3367,89.8603
1994-12-01,72.2745,86.092,77.8726,50.9282,101.766,91.5835,76.5506,64.5818,97.3586,92.9253,85.6401,71.3502,56.8371,57.0238,21.2225,94.0682,116.299,61.392,44.074,79.153,13.0076,115.905,105.915,236.04,94.8908,77.5302,85.5382,95.6612,81.4566,68.3395,697.237,162.748,130.439,67.895,71.1523,89.4352,90.9434
1995-01-01,72.3768,85.6782,78.4927,51.0959,101.715,91.3883,76.9074,64.9368,96.9063,92.4185,84.6338,71.7005,57.1246,57.7981,21.2085,94.6953,118.714,61.5689,44.2294,79.5154,13.0614,116.625,106.428,237.403,95.9066,77.4536,85.7188,95.7831,81.6537,69.2197,691.899,162.377,131.165,68.1267,71.2734,89.0818,91.0055
1995-02-01,72.2169,85.4735,79.2109,50.9508,101.5,91.6183,76.5124,65.404,97.4286,92.1989,85.7483,73.4525,56.9697,58.2528,21.1956,95.3051,114.895,61.4344,44.1799,78.9609,13.2053,114.918,105.821,235.096,95.5425,77.4352,85.4457,94.4731,81.7081,69.6517,684.496,164.388,130.958,68.443,71.193,88.8354,91.1226
1995-03-01,72.4255,84.3055,79.1568,51.3129,101.254,91.5823,76.4049,65.4226,97.4276,92.387,85.2574,73.251,57.4024,58.2911,21.6028,96.3564,110.895,61.4978,44.4616,78.4339,13.533,113.866,105.511,234.657,94.6462,76.9956,85.6019,94.4924,81.9056,69.64,685.456,164.909,131.685,68.9312,71.3113,89.0628,90.5427
1995-04-01,72.1813,84.6689,79.9063,51.1861,100.942,91.1422,76.1798,65.3611,96.8933,91.9917,85.2721,72.6209,57.2824,57.7569,21.8437,96.1138,110.368,61.5656,44.3771,76.993,13.6784,113.863,105.197,229.905,94.2993,77.9679,85.2502,93.7601,81.6769,68.5098,679.285,163.133,131.105,68.9189,71.1882,88.9303,90.3747
1995-05-01,72.462,84.8938,81.0993,51.5104,100.962,91.5198,75.6128,63.9426,97.7093,92.5329,84.91,74.7555,57.9621,57.4083,22.4685,97.8342,114.85,61.7886,44.634,76.5209,13.9772,112.939,105.35,228.03,94.326,78.0838,85.5724,93.3117,82.237,67.2292,682.027,165.082,132.576,69.9589,71.5378,89.486,90.1353
1995-06-01,72.8054,84.8143,80.5606,51.943,100.965,91.8535,76.0623,64.6627,97.9845,93.6286,85.2006,74.2218,58.5744,59.2022,22.9235,97.7536,112.181,61.8438,44.8745,76.6505,14.1945,111.626,104.925,225.72,93.7977,77.8685,85.849,93.4714,82.5475,67.6335,674.866,164.084,131.748,70.0442,71.7749,90.4472,90.0544
1995-07-01,72.3099,85.4343,81.565,51.4507,100.667,91.3688,74.4278,62.2396,98.0443,94.0169,85.2182,74.6227,58.3023,56.611,23.297,96.9094,116.676,61.5627,44.534,74.8932,14.1534,111.19,103.691,219.728,92.9824,78.7239,85.7851,93.1999,82.5497,64.979,663.873,163.249,131.154,70.751,71.4748,90.3785,89.9164
1995-08-01,73.1582,84.3412,84.8202,52.5867,100.666,92.6947,76.7473,64.9422,98.8883,93.3576,86.777,78.3626,59.2751,57.2963,23.7502,99.468,118.92,62.324,45.5118,76.7854,14.6061,111.748,103.496,223.329,92.3542,79.478,86.6836,94.0854,83.4432,67.7435,667.064,162.465,130.31,72.095,72.4223,89.9509,89.8174
1995-09-01,73.816,85.4265,81.3139,53.3135,101.003,92.8563,77.5568,65.6173,98.745,92.8695,88.6668,76.3607,59.7344,56.702,24.3095,100.025,120.444,62.5879,46.3672,78.0166,14.9821,114.262,103.674,221.899,93.0013,77.6003,87.0468,95.5873,83.4457,68.7024,675.142,162.877,129.074,70.8429,72.7144,89.5292,90.8539
1995-10-01,73.7151,84.308,81.4034,53.2655,100.917,92.0577,76.646,63.8852,98.0084,92.5559,89.7707,73.3129,59.5535,52.5019,24.9187,100.416,122.009,62.6911,46.4616,77.5175,15.1449,113.413,103.494,217.909,92.5998,77.9569,87.2058,95.5268,83.6725,66.9381,662.173,162.859,130.073,71.2757,72.5866,89.3413,91.3097
1995-11-01,73.7924,85.1714,82.3911,53.5343,100.556,92.2751,76.6915,63.5953,98.3019,92.5618,89.0776,76.6717,59.5907,52.2304,25.0936,101.235,122.014,62.9059,46.8582,77.3809,15.3644,115.547,103.091,218.997,93.0191,78.0324,87.4348,95.6754,83.9247,66.488,653.646,159.984,127.331,72.173,72.7779,89.3038,91.1945
1995-12-01,74.039,84.9348,83.0577,53.9976,100.369,92.5508,77.1919,64.426,98.4684,92.4808,90.1739,77.0689,60.0033,52.4828,25.3925,101.362,125.31,63.1358,47.2394,77.8023,15.7498,113.273,102.451,214.505,91.5255,78.455,87.492,96.1919,83.8369,67.6685,650.522,159.208,127.217,72.2205,73.0305,89.1187,90.734
1996-01-01,73.5325,83.6416,83.821,53.6841,99.5659,91.469,75.0853,61.9287,97.875,91.1007,90.8969,78.3145,59.3632,50.696,25.6771,100.297,124.163,63.1231,47.398,76.1723,16.1154,111.053,101.833,212.3,91.8542,78.3513,86.9196,94.7556,83.5433,64.7264,630.149,158.17,126.303,72.2291,72.6125,87.8184,91.0073
1996-02-01,74.6185,84.94,84.9083,54.9944,99.8647,92.805,77.0734,64.5705,98.8902,92.3143,89.1343,80.3431,60.8011,54.1584,26.3422,101.633,122.073,63.9686,48.4286,77.8889,16.6593,113.298,101.944,216.061,91.4177,79.106,87.7538,95.7418,84.3211,67.6503,651.572,158.604,126.06,73.4305,73.6752,88.9006,90.0216
1996-03-01,74.4687,86.0163,84.6751,54.5418,100.417,92.2432,74.6177,59.6543,99.2111,93.0084,89.7299,79.6151,60.727,51.9114,26.6487,100.728,123.374,63.9414,48.1272,72.1126,16.7942,115.602,102.451,216.963,92.0775,79.517,88.2005,96.9384,84.5256,60.2232,651.256,158.951,126.486,72.8781,73.585,89.3196,90.5634
1996-04-01,75.3769,86.5625,84.1023,55.843,100.185,93.0933,78.0926,66.2726,98.836,92.5801,89.2236,79.0551,62.096,59.1341,26.9222,100.29,132.705,64.5363,49.0358,79.2285,16.9583,113.655,102.581,217.394,91.9762,79.3981,88.3442,97.5114,84.5315,69.6246,650.428,159.757,127.172,72.3201,74.3172,88.994,90.4162
1996-05-01,75.9747,86.2333,84.9862,56.4125,100.698,93.2497,78.4791,66.1605,98.8829,92.1006,90.1209,79.0457,62.8,60.3348,27.3796,100.713,134.147,65.1132,49.597,79.6722,17.21,114.712,103.346,221.092,93.0547,79.8086,89.2276,98.4824,85.3779,69.6191,652.785,160.103,127.475,72.9543,74.8726,88.4987,91.5773
1996-06-01,76.6961,87.572,83.8556,57.1786,101.259,93.9221,80.1636,67.508,99.0797,92.941,90.1024,78.3035,63.4926,62.0765,28.0216,100.933,131.772,65.5845,50.2345,81.4293,17.4538,116.624,103.509,220.905,93.5669,79.9491,89.7846,100.038,85.6106,70.7549,656.489,159.004,126.564,72.5306,75.4433,89.0323,92.0194
1996-07-01,77.0399,87.1612,80.9687,57.5724,101.415,93.4537,80.4775,68.9094,98.2565,92.3067,91.4127,75.1983,64.2053,63.585,28.7639,101.045,129.144,65.5719,50.4786,81.6619,17.7198,114.464,103.97,219.392,94.5113,78.7254,89.7833,99.6683,85.7266,72.2039,648.089,159.034,128.019,70.6587,75.4549,88.5841,93.2625
1996-08-01,77.3887,87.2847,82.0113,57.9867,101.47,93.1303,79.6105,66.3664,98.1876,91.5743,90.5513,76.0756,64.494,61.6249,29.4539,100.968,131.806,66.1862,51.1907,81.443,18.1763,116.551,104.264,219.553,95.0371,79.2422,90.5656,100.489,86.4882,69.8483,661.441,159.796,127.969,71.7131,75.8411,87.9142,93.0231
1996-09-01,77.9852,87.4803,81.6719,58.5265,102.183,94.0801,80.5695,67.8092,99.1208,93.4814,91.1933,75.9719,65.0725,62.9402,29.9383,101.196,132.998,66.4445,51.6291,81.1472,18.5136,118.272,104.481,218.881,95.3848,78.9451,90.8821,100.837,86.7911,70.5081,660.456,159.207,126.928,72.039,76.3158,89.5306,93.3984
1996-10-01,77.9486,87.0889,82.5186,58.3912,102.252,93.6257,78.8932,65.1006,99.2404,92.0529,93.3996,76.8314,65.0743,61.4467,30.5739,100.603,133.694,66.6085,51.6928,78.5157,18.8694,117.4,104.884,220.91,96.5504,79.2042,91.1885,101.023,87.1322,66.8382,664.056,160.786,127.125,72.2144,76.3384,88.3152,94.736
1996-11-01,78.6655,86.7693,83.9623,59.1022,102.782,94.7926,80.1256,67.0076,100.361,93.2041,92.8498,79.2859,65.8357,63.6905,30.9856,101.254,132.631,67.0461,52.2691,80.2169,19.1671,116.951,105.186,222.132,96.1288,79.2909,91.9645,101.855,87.882,69.4674,666.34,162.894,128.229,73.5046,77.0397,89.4782,94.4394
1996-12-01,79.3477,86.9181,83.051,59.8054,103.183,95.0441,81.453,68.6687,100.107,92.8255,92.8943,78.3256,66.8313,65.7242,31.6767,101.511,133.462,67.5228,52.8513,81.9958,19.3915,118.68,106.524,223.944,98.2022,78.7169,92.2412,101.493,88.3617,71.2164,664.221,165.004,128.856,73.7615,77.5333,89.2814,95.5196
1997-01-01,79.4372,86.6266,83.7893,59.9341,103.083,94.8103,80.9873,69.4787,99.9861,92.847,93.3091,77.5758,67.0355,66.4345,31.7885,102.801,135.063,67.7744,53.105,82.1223,19.77,116.074,106.531,224.746,98.6927,79.1357,92.356,100.322,88.8911,72.3174,658.12,165.553,127.368,75.3571,77.6562,89.3271,95.9186
1997-02-01,80.5502,88.2483,82.8415,61.0676,103.818,95.3979,82.4882,70.7352,100.136,93.0693,93.0052,77.504,68.1071,67.8984,32.6195,103.669,139.453,68.7093,54.3115,83.5448,20.3296,118.818,107.606,224.806,99.5451,79.0889,93.5598,102.306,89.8285,73.4079,655.976,167.737,129.793,74.8424,78.5833,89.6171,96.2356
1997-03-01,81.3278,88.4587,81.0359,61.7605,104.725,96.076,83.6663,72.0194,100.569,94.6507,94.2403,74.9835,69.1089,69.3608,33.4065,104.185,150.653,68.9998,54.9016,84.4444,20.7516,117.918,107.977,225.944,100.096,78.3829,93.8726,103.224,89.9402,74.6342,660.057,167.163,129.114,73.522,79.082,91.098,96.8894
1997-04-01,81.2926,87.6985,82.9102,61.915,104.135,95.1486,81.585,68.1166,100.205,92.517,94.4607,77.4379,69.718,67.711,34.3836,105.352,153.623,69.3306,55.2672,82.599,21.2343,118.925,108.279,226.01,100.862,78.6068,94.1485,103.034,90.3657,70.4844,658.486,168.216,128.701,74.9235,79.1747,89.2646,97.1814
1997-05-01,81.8657,88.7974,81.8074,62.5656,104.401,95.8854,82.5475,69.3274,100.825,92.6535,95.3455,78.9333,70.2856,68.983,35.2256,105.472,149.57,69.583,55.849,82.6049,21.7398,119.317,108.181,226.662,100.292,78.1307,94.5889,103.504,90.7917,71.7296,657.229,169.194,128.996,75.0802,79.6133,89.4539,97.3254
1997-06-01,82.3847,88.258,81.4113,63.3637,104.107,95.7779,84.2006,71.9458,99.8799,92.0154,95.3894,75.761,71.2025,70.4696,36.123,105.55,149.904,70.0454,56.4874,84.4079,22.0878,120.349,108.023,227.801,99.6481,78.54,94.6849,103.309,90.9824,74.2539,654.613,170.186,127.26,74.9098,79.9792,89.0081,97.1327
1997-07-01,83.0271,88.2542,83.1579,63.7773,105.003,96.6988,84.2545,70.8952,101.203,94.0329,96.1107,76.5346,71.6708,69.8366,37.0466,105.318,152.868,70.6939,56.9498,85.1647,22.3287,120.9,109.196,231.23,101.241,79.284,95.2934,103.388,91.7609,73.6198,643.489,173.302,128.619,76.0336,80.6624,90.7681,98.22
1997-08-01,84.0391,88.2776,82.7906,64.9516,105.531,97.54,86.0855,73.2902,101.562,94.2111,97.2174,76.2836,73.016,71.6748,37.5769,108.57,151.894,71.4171,57.9603,86.1651,23.0214,121.947,109.436,228.066,101.339,79.5116,95.6258,104.123,91.9563,75.703,651.712,172.959,129.025,73.6604,81.4694,91.0277,98.6907
1997-09-01,84.7963,88.9369,83.7525,65.6278,106.226,98.2771,86.7052,74.0182,102.345,94.8839,98.9325,76.2748,73.499,72.967,38.2464,108.798,152.423,72.1945,58.728,86.3169,23.636,122.625,110.402,232.459,102.465,80.1275,96.5325,104.593,93.0008,76.3359,653.586,174.398,130.027,75.5988,82.2156,91.5982,99.8627
1997-10-01,85.5697,88.1169,85.2533,66.5185,106.48,99.7609,87.7605,74.7587,104.01,96.5536,99.0099,80.0266,74.3468,74.2266,38.8457,109.992,149.066,72.47,59.5298,87.5235,24.1272,124.133,110.247,231.297,102.218,79.1598,97.4696,105.233,94.0297,77.5045,649.181,175.887,129.798,78.0471,82.9446,93.1223,99.3964
1997-11-01,86.401,87.6079,85.1381,67.7171,106.472,99.9124,89.8847,77.6013,103.239,95.6377,98.5752,79.2659,75.4694,76.4328,39.6956,111.102,151.024,73.2963,60.7445,90.1453,24.6544,127.162,110.824,234.207,102.097,79.0037,97.7029,105.556,94.2311,80.3263,643.923,175.01,130.532,76.2893,83.5978,92.4691,99.1544
1997-12-01,86.8366,88.0576,84.8122,68.2252,106.691,99.6098,89.5829,76.5405,102.94,95.6689,97.338,78.7669,76.0003,76.1273,40.3846,111.214,151.512,73.801,61.2202,90.0304,25.0978,124.863,111.689,237.658,103.311,79.2614,98.3975,106.932,94.6897,79.5718,643.889,175.25,131.551,76.3579,83.9538,92.67,99.3551
1998-01-01,87.4924,90.4574,81.423,68.8116,107.511,100.013,89.8974,76.1292,103.379,97.7186,100.014,74.1773,76.9705,76.9779,41.1098,111.594,156.32,74.0315,61.6996,89.1446,25.5978,125.948,111.618,235.343,103.737,78.977,98.4401,107.496,94.5548,78.7942,639.332,174.273,130.579,74.4202,84.3218,94.4389,100.624
1998-02-01,87.6339,89.1792,82.3646,69.1588,107.046,99.877,89.7115,75.75,103.266,97.3496,100.313,74.4775,77.3761,78.4357,41.7697,109.98,161.635,74.1111,62.0146,89.0019,25.7855,128.457,110.998,230.651,102.195,78.9341,98.9145,108.233,94.9354,78.2161,630.468,174.807,131.134,73.5819,84.4583,94.2446,99.9108
1998-03-01,87.4881,87.8339,84.8344,69.1443,106.53,99.9006,89.9031,76.0675,103.212,95.9725,100.977,77.0376,77.5467,79.5996,41.8024,109.972,156.225,74.065,61.7769,87.809,25.9948,124.823,110.466,229.287,101.531,79.8683,99.0516,107.484,95.3746,78.0543,626.805,174.871,130.728,75.2475,84.488,93.0594,99.729
1998-04-01,87.8896,88.4222,84.0209,69.3926,107.102,100.562,90.1446,77.0667,104.054,97.9696,100.9,76.5015,77.6488,80.6459,42.0163,108.72,153.881,74.2228,62.0332,87.5151,26.2905,124.727,110.983,226.76,102.609,79.382,99.3884,107.868,95.692,78.4412,621.47,175.945,130.251,75.4311,84.7779,94.8012,100.205
1998-05-01,88.3657,88.6712,85.7399,69.9677,107.295,100.929,90.8904,77.3705,104.245,98.0841,100.837,77.0268,78.119,82.2755,42.3073,108.242,149.512,74.792,62.5302,89.0073,26.5026,124.781,110.774,226.663,101.478,80.86,100.307,109.259,96.4398,79.0014,624.052,175.928,131.182,76.2901,85.3367,94.8967,100.009
1998-06-01,87.7117,86.8041,87.1109,69.1106,107.049,99.8916,86.6694,70.1861,104.633,96.8598,102.916,79.5304,78.1598,80.0689,42.783,109.646,145.726,74.2136,61.6378,82.5049,26.8728,120.922,110.913,228.663,101.496,80.5227,100.282,108.82,96.5583,70.7414,623.447,176.765,131.832,76.3684,84.8248,93.8,100.576
1998-07-01,87.3494,85.7703,87.3912,68.5494,106.943,99.048,83.1985,62.5618,104.958,97.2304,102,80.4261,77.8995,76.8481,43.3013,107.499,145.145,73.8494,61.3102,76.5027,27.3846,123.738,110.777,228.551,100.714,79.7964,100.919,109.47,97.1843,61.1037,617.774,179.84,132.555,77.4625,84.4986,94.1764,99.619
1998-08-01,89.4914,86.0985,86.8283,71.626,106.999,101.875,93.1367,81.1216,104.631,97.0859,101.981,79.1332,79.9006,88.1825,44.1051,107.906,139.987,75.3141,63.8842,89.747,28.023,123.052,110.429,228.104,100.388,79.6488,101.397,109.856,97.6908,81.9443,615.717,180.296,131.548,77.9887,86.248,94.0228,99.6519
1998-09-01,89.4262,83.4417,88.3404,71.9953,106.12,101.256,93.4222,81.5364,103.622,96.0578,100.538,78.582,79.9533,88.8381,44.6265,104.644,139.998,75.4816,64.3952,90.6581,28.6525,120.182,109.524,224.255,99.2801,79.7713,101.458,109.53,97.8871,83.0573,614.728,178.56,130.935,78.661,86.2021,93.1508,98.6632
1998-10-01,90.188,84.2578,87.4177,73.071,106.097,101.702,95.2538,84.2492,103.459,95.7686,100.259,78.3313,80.8527,90.9732,45.3351,104.679,139.322,76.0999,65.3723,93.0599,29.2218,121.297,109.395,224.226,99.1743,80.0208,101.777,110.462,97.9862,85.7025,610.846,180.584,130.66,77.4485,86.7914,92.9206,98.5499
1998-11-01,90.3359,84.5167,85.1595,73.3158,105.971,101.004,95.2428,84.2211,102.47,95.3475,100.021,75.2457,80.8433,89.8918,45.9046,104.208,137.588,76.2451,65.9197,92.4271,29.8438,120.811,109.379,222.628,99.3149,79.1168,101.995,110.674,98.204,85.2652,605.896,179.526,129.285,78.1659,86.7256,92.5949,98.4404
1998-12-01,90.8976,82.5681,85.386,74.0823,106.042,101.174,96.1485,85.3752,102.32,94.6663,99.9462,75.3736,80.9533,89.2545,46.9178,104.737,134.653,76.8262,66.8979,94.4592,30.4797,120.921,109.682,223.029,99.7421,78.7951,102.431,112.079,98.2889,86.4848,609.303,181.239,130.669,77.1435,87.1185,91.8518,98.6068
1999-01-01,91.1505,82.5026,87.3363,74.1364,106.717,102.281,96.4062,85.7491,103.778,95.6707,101.035,79.7301,80.8686,87.2307,48.0076,103.811,132.817,76.9951,67.0446,93.3602,30.8476,121.807,109.795,221.819,99.8067,79.0745,102.788,111.35,99.0333,86.2914,606.661,180.163,131.464,78.8672,87.4949,92.73,99.4096
1999-02-01,91.979,81.8594,85.9236,74.9179,107.601,102.791,97.5002,86.6945,104.034,96.9332,102.272,76.57,81.5197,86.7591,49.1995,102.993,130.803,77.5604,67.7694,94.4099,31.6447,119.497,110.532,223.794,101.283,79.031,103.07,111.544,99.3456,87.48,606.771,180.173,131.374,78.226,88.027,93.805,100.581
1999-03-01,91.9882,81.1845,88.5123,75.1654,107.064,102.605,97.3568,86.6269,103.832,95.0729,102.188,80.2166,81.4795,84.9183,50.2955,101.975,129.862,78.0888,68.3944,94.2922,32.1363,123.345,110.733,222.833,102.003,79.5894,103.069,110.484,99.7287,87.2953,600.242,181.414,131.717,79.2464,88.2267,92.1854,101.056
1999-04-01,92.3156,80.9401,87.8812,75.7807,106.857,102.503,98.4693,87.6249,103.22,93.7274,102.331,80.4576,81.6451,84.5314,51.6737,103.681,125.674,78.4492,69.1276,95.4453,32.9231,121.612,110.712,224.483,102.514,79.2288,103.291,110.763,99.9282,88.1259,602.615,180.395,131.053,79.7624,88.4295,91.0735,101.337
1999-05-01,93.0596,80.9617,87.2152,76.3532,107.893,103.453,99.5343,89.3913,104.114,95.8551,102.54,79.5669,82.2677,83.9996,52.4277,103.703,125.609,78.858,69.7097,96.1573,33.304,121.886,110.85,221.878,103.282,79.3949,103.575,111.021,100.219,89.0885,602.759,180.435,130.275,78.6746,88.9886,92.871,102.262
1999-06-01,92.8333,81.2446,88.4244,76.5682,106.833,102.499,98.9459,89.0122,103.018,93.6775,102.081,80.3977,81.9483,82.6848,52.987,103.932,125.776,79.2535,70.2922,96.3941,34.02,121.708,111.342,221.612,104.219,79.1831,103.752,111.103,100.429,88.757,593.939,180.416,131.186,79.3394,88.9188,91.0632,101.357
1999-07-01,93.2043,82.0012,90.3625,77.5551,106.08,102.075,99.1008,87.8274,102.361,92.7749,99.6606,82.0384,82.3534,81.604,53.9239,106.302,124.836,80.2662,71.815,98.2823,35.2931,121.761,110.655,221.209,103.477,80.3211,104.322,111.862,100.925,88.4048,593.412,179.155,130.129,81.1206,89.4333,90.097,99.7958
1999-08-01,93.7635,82.0893,89.1281,77.9435,106.588,103.335,101.227,91.9845,103.254,93.3674,101.722,81.6338,82.7569,83.2336,54.4366,105.11,126.522,80.2316,71.826,98.5191,35.0285,122.563,111.038,221.669,103.564,79.7876,104.354,111.834,100.978,91.5115,595.554,183.105,130.382,79.2755,89.7924,90.6568,100.543
1999-09-01,93.3809,82.0065,88.6585,77.4541,106.353,102.47,99.3862,88.6661,102.803,92.4729,101.604,81.4787,82.2464,80.6911,54.6115,105.445,128.401,80.0534,71.4157,98.1958,34.8572,120.374,111.3,224.279,103.787,79.8344,104.42,111.899,101.042,89.0141,584.365,185.631,130.492,79.2226,89.4299,89.9953,100.724
1999-10-01,94.6821,82.8186,88.3555,78.6031,107.833,104.305,102.304,90.9981,104.178,94.7136,103.375,80.8705,82.6526,80.3186,55.025,107.02,131.223,81.0291,72.7439,100.491,35.5322,122.895,112.271,224.244,105.207,79.9372,105.325,113.193,101.796,91.5687,593.439,184.887,130.73,79.654,90.523,91.9528,102.333
1999-11-01,95.287,83.6974,87.0602,78.9834,108.692,104.166,101.175,89.7446,104.453,95.7724,105.11,77.7328,82.5112,78.0653,55.7652,107.4,133.336,81.8854,73.7047,100.452,36.3602,123.895,113.48,226.202,107.3,80.2689,105.979,113.852,102.444,90.4461,586.002,187.022,131.674,78.5076,90.9618,92.8445,104.126
1999-12-01,95.9265,84.4084,88.5912,79.3789,109.72,105.16,100.854,88.5581,105.984,97.1244,107.765,79.3051,82.9456,75.9459,57.0978,109,133.966,82.4311,74.2948,100.261,36.984,123.587,113.639,224.913,107.168,81.0439,106.968,115.105,103.327,89.0968,585.462,187.197,132.824,79.7374,91.6634,93.9935,105.23
2000-01-01,95.8768,83.3544,88.4047,80.3647,107.888,103.632,102.245,89.628,103.269,94.3436,103.486,78.1611,83.888,76.0172,59.1717,109.708,131.237,82.6241,75.2479,102.251,37.7109,123.879,112.565,223.999,105.014,80.4405,107.048,115.43,103.314,90.4508,578.848,184.436,131.791,80.4737,91.538,91.7585,102.526
2000-02-01,96.0659,83.7836,89.5897,80.5175,108.176,104.327,101.457,88.2266,104.572,95.5796,103.947,81.0478,84.1234,72.419,61.1689,110.979,129.347,82.7287,75.4581,100.774,38.2419,121.871,112.344,223.773,105.051,80.5545,107.269,115.618,103.546,89.0737,581.191,184.289,130.879,80.0377,91.8239,92.8191,102.666
2000-03-01,96.6465,84.5921,87.1872,81.1956,108.574,103.826,100.754,87.5686,104.161,95.8844,105.19,77.0232,84.9434,72.6046,62.222,112.001,127.641,83.263,76.2805,100.762,39.2449,122.672,112.728,223.327,105.93,80.5689,107.797,115.74,104.222,88.4736,582.337,184.132,131.266,81.2769,92.1504,92.9985,103.43
2000-04-01,97.2139,83.6048,89.0503,81.8892,108.906,104.586,101.749,88.2572,104.818,95.6146,107.002,79.2597,85.5634,71.8455,63.0541,113.223,126.762,83.5966,76.9087,100.124,40.2857,121.284,112.814,222.11,106.004,80.4476,108.618,116.188,105.178,88.9575,580.714,183.574,131.774,81.3004,92.6989,92.7853,104.238
2000-05-01,97.1881,83.3524,92.4647,82.2091,108.38,104.686,101.063,87.6971,105.242,95.2546,107.51,82.182,86.0241,71.4623,64.4033,114.317,125.962,84.0252,77.3264,99.9472,41.1206,120.297,112.489,220.343,106.684,81.4924,108.278,114.466,105.361,88.5102,579.503,181.737,130.001,83.7279,92.9499,92.5378,104.265
2000-06-01,97.3286,83.8757,91.0459,82.4091,108.331,104.749,100.407,85.9522,105.599,96.0571,106.755,82.0912,86.1361,70.9295,64.4307,116.001,125.353,84.0944,77.9556,100.055,42.0622,118.812,111.784,220.294,105.053,80.9587,108.067,113.992,105.252,86.7047,576.494,184.561,131.126,82.6875,92.9862,93.0447,103.11
2000-07-01,97.392,83.8249,88.3262,82.6839,108.061,104.174,98.9077,82.8645,105.406,97.07,105.937,80.3698,86.8111,70.1311,65.3047,117.027,128.394,83.7936,78.2991,97.5648,43.0518,118.294,110.654,213.695,103.707,79.9231,108.094,114.538,105.08,83.0224,580.562,181.089,128.732,81.277,92.8048,94.1134,102.366
2000-08-01,96.7683,84.3931,90.6975,82.3089,107.126,103.722,98.6808,83.7254,104.863,95.7057,105.882,81.3876,86.3177,69.7608,65.8846,116.85,129.305,83.7708,77.8843,96.3878,43.2863,115.978,109.632,211.472,103.018,81.4228,107.673,113.69,104.824,83.7278,581.315,180.331,126.577,83.198,92.5521,92.8774,102.281
2000-09-01,97.2647,84.0327,91.3494,82.7252,107.736,104.685,98.9091,83.3425,106.108,96.9512,106.825,83.5228,86.7228,70.3081,66.7255,116.696,124.392,84.0373,78.3828,96.9001,43.6865,117.287,109.678,207.677,103.134,81.3968,107.712,113.879,104.806,83.2245,580.189,180.511,127.256,82.5694,92.9792,93.9343,102.966
2000-10-01,96.8598,84.5785,90.4108,82.5203,107.269,103.57,97.6744,82.0149,105.046,95.6646,107.397,82.074,87.0034,69.3371,66.9155,116.134,125.391,83.8965,78.1644,95.827,44.2145,113.131,109.544,204.63,102.806,81.3895,107.287,113.418,104.398,81.8252,574.063,177.824,127.674,82.291,92.6179,92.9522,103.184
2000-11-01,96.6106,83.9385,93.5743,82.2372,107.142,103.898,95.7647,79.4238,106.257,96.9737,107.839,84.8243,87.1393,69.539,67.2486,115.515,124.842,83.7166,77.7581,91.2305,45.019,111.937,108.451,200.72,102.188,82.2883,107.37,113.171,104.608,78.1321,574.036,176.363,126.787,84.2518,92.6438,93.8055,103.024
2000-12-01,96.0365,83.5388,95.7223,81.5898,106.811,104.416,94.3076,77.9304,107.545,98.2721,109.935,86.8122,86.6348,68.3892,67.5425,112.085,124.003,83.2165,77.2003,88.4084,45.3071,113.134,106.917,199.857,99.2745,82.6019,106.486,111.415,104.064,75.4365,566.819,175.032,125.018,84.5269,92.3415,94.8557,102.252
2001-01-01,95.6911,83.7705,93.6894,81.2567,106.537,103.664,93.0422,76.2241,106.995,97.4315,109.03,86.2653,87.1273,66.829,68.551,112.865,128.65,82.4427,76.5214,84.7413,45.1198,111.713,106.828,199.261,99.7294,81.1244,106.802,112.263,104.174,72.2327,575.046,175.52,125.788,84.2546,91.902,94.1408,101.605
2001-02-01,95.0451,84.7769,91.8548,80.7293,106.09,103.061,92.7009,76.8631,106.289,96.2779,110.216,84.353,86.7734,67.3655,67.6006,109.769,134.084,82.0308,75.907,86.1454,44.7538,109.111,106.169,193.142,98.7842,81.2342,105.331,110.83,102.695,73.8336,576.239,175.601,126.747,83.1635,91.3034,93.1779,101.659
2001-03-01,94.8512,84.8894,91.4059,81.068,105.121,103.011,94.9692,80.7372,105.337,95.3092,110.195,83.0735,86.6492,69.5449,67.0775,108.646,138.086,81.8445,75.9847,88.2654,44.8924,106.018,104.77,197.749,97.2978,81.4,104.837,110.923,101.976,77.9472,571.318,174.146,123.74,83.4059,91.1162,92.2986,101.167
2001-04-01,94.4682,85.1558,90.9366,80.3719,105.251,103.374,95.2,80.9696,105.743,96.454,109.657,83.0969,85.0903,68.4288,66.2079,103.826,142.243,81.6117,75.806,88.8238,44.0395,110.556,104.449,197.892,95.924,81.1232,104.222,110.652,101.232,78.1539,560.944,175.04,124.402,82.9739,90.7891,93.2481,100.26
2001-05-01,93.9837,85.2373,90.3623,79.9285,104.581,103.394,96.0326,83.1212,105.451,96.3969,110.172,81.7603,84.1341,69.6148,65.1286,100.797,143.153,81.119,75.4205,89.2672,43.8116,108.636,103.335,193.333,95.0712,80.8413,103.709,110.041,100.759,80.2239,546.606,176.138,122.523,83.6608,90.3555,93.1326,99.8301
2001-06-01,93.4573,84.3628,90.5394,79.2265,104.304,103.455,95.6236,82.203,105.686,97.4912,109.203,81.7321,83.4903,69.3814,63.9413,99.0935,144.652,80.383,74.6124,87.4566,43.2275,108.848,102.415,188.205,94.2207,80.3166,103.292,109.38,100.439,78.7619,534.08,176.483,120.882,84.7089,89.8784,94.084,98.5718
2001-07-01,92.9552,84.0634,88.9589,78.6318,103.856,102.835,95.7245,82.9721,104.8,95.3815,110.538,81.9944,82.8346,69.9806,62.7482,97.2036,142.548,79.7311,73.9282,87.8072,42.0401,108.673,102.409,184.769,94.7012,79.2583,103.142,109.38,100.231,79.3589,519.788,176.233,121.811,83.5892,89.3028,92.2948,99.3817
2001-08-01,92.5792,84.0544,91.0544,77.9712,104.113,103.126,95.1825,82.0786,105.406,95.7061,112.964,83.3054,81.3649,69.2218,61.0963,95.8131,139.712,79.9745,73.7169,88.6186,42.1228,106.417,102.889,187.337,95.6634,80.1427,102.567,108.114,99.9302,78.8798,497.962,175.183,122.619,84.6157,89.2003,92.5854,100.876
2001-09-01,92.2002,84.1269,89.4339,77.2641,104.351,102.615,94.4133,80.9998,105,95.5852,113.741,82.2315,80.289,68.7698,59.8268,93.8325,136.765,79.6576,73.1434,85.8626,42.1156,107.203,103.33,187.604,96.0789,79.7415,102.418,107.914,99.8029,76.4801,473.855,174.49,122.576,83.6776,88.7485,92.5695,101.663
2001-10-01,91.8381,83.6957,90.3009,76.4049,104.781,103.093,93.5143,79.8187,106.013,96.2727,116.694,83.5041,79.2423,67.8259,58.8881,92.2876,129.978,79.3368,72.3346,84.2236,41.8993,104.034,103.201,184.893,96.6924,80.1363,101.919,106.924,99.5017,74.9632,460.337,174.228,122.186,83.5427,88.5052,93.1712,103.311
2001-11-01,91.4767,83.0476,88.2618,76.2299,104.276,102.896,95.0594,82.7463,105.138,95.9403,117.398,80.7467,78.409,67.3664,58.023,91.0009,124.123,78.7469,71.8455,85.9887,40.9927,102.799,102.382,180.302,95.7384,79.5034,101.232,106.522,98.7021,78.0923,442.812,172.326,120.712,82.4236,87.97,93.0355,103.375
2001-12-01,91.6501,82.1923,87.1153,76.5182,104.23,103.438,97.1591,85.6929,105.06,95.9483,119.232,78.8519,77.5559,66.6297,57.7786,89.6671,117.079,78.5532,72.1844,87.5052,41.4842,99.0935,101.467,180.204,93.9227,78.8673,101.471,107.279,98.7289,81.0081,428.677,173.419,119.644,81.6665,87.9324,93.1649,103.376
2002-01-01,92.242,81.5402,88.8255,76.8506,105.277,104.461,97.5154,85.3775,106.349,95.8521,122.941,82.0045,77.3087,66.1049,56.1824,91.3565,114.726,79.3534,72.7497,88.1397,41.7185,103.33,103.27,183.94,97.3379,79.4302,101.394,107.229,98.6403,80.3948,416.112,174.531,120.458,81.7142,88.5176,92.9315,106.423
2002-02-01,92.2394,81.1191,89.3103,77.1355,104.917,103.823,97.9745,85.3331,105.273,95.5282,119.232,82.1272,76.9797,65.162,56.0688,91.0336,109.966,79.8084,73.4332,88.7169,42.3951,103.238,103.618,185.725,97.8247,79.5862,101.5,107.455,98.6963,81.0024,403.55,173.395,120.586,82.3334,88.5278,92.7029,104.942
2002-03-01,92.8489,80.0604,91.732,77.7949,105.566,104.618,98.7147,85.831,106.088,96.2417,119.674,84.7101,77.0401,64.527,55.7708,91.8134,104.329,80.4263,74.2962,89.9833,42.7749,105.248,104.121,189.544,98.184,79.8881,102.53,109.053,99.4868,81.8572,396.776,172.239,120.557,83.0075,89.1686,93.4336,105.253
2002-04-01,93.1232,80.1932,93.9352,78.4117,105.341,104.529,100.033,87.995,105.417,94.8716,117.716,87.0903,76.7024,63.3654,55.1324,92.2709,101.754,81.39,75.3998,92.0617,43.6839,105.699,105.039,192.12,99.1598,80.7065,103.033,109.022,100.21,84.24,384.593,172.821,123.267,84.6722,89.604,92.336,104.865
2002-05-01,93.5687,80.9734,93.3925,78.6977,106.109,104.852,100.465,88.4052,105.695,94.3692,120.472,86.9382,77.0542,62.7379,54.8974,94.1138,105.419,81.7231,75.5738,92.0874,43.7824,105.93,106.398,193.495,101.136,80.5721,103.55,109.531,100.727,84.5176,384.559,172.253,124.743,84.769,89.964,91.9881,107.186
2002-06-01,94.4778,80.9619,93.4836,79.5321,107.144,105.88,101.534,90.1063,106.698,94.7577,124.623,86.4205,77.6506,62.2464,55.1291,95.1979,106.394,82.4342,76.5549,92.6616,44.2864,108.401,107.271,194.699,101.993,80.6853,104.011,110.217,101.091,85.9879,390.336,171.343,124.221,83.974,90.7061,92.5391,109.32
2002-07-01,94.3789,80.4339,94.4214,79.6554,106.626,105.966,102.698,92.4948,106.321,93.327,124.911,86.9275,77.4902,62.7899,54.6414,95.7531,105.75,82.4327,76.5577,93.5864,44.5151,106.075,106.881,195.469,101.097,81.0003,103.806,108.976,101.323,88.3553,390.063,173.521,124.798,85.4213,90.6769,91.4065,108.973
2002-08-01,94.4676,80.7941,92.3424,79.8996,106.451,105.296,101.787,91.394,105.763,93.9251,122.019,85.6008,77.7935,61.4038,55.0967,97.7492,105.215,82.4808,77.186,92.7739,45.1739,109.364,106.87,194.299,100.899,79.9711,103.864,109.283,101.275,87.0521,388.175,173.859,125.067,84.1188,90.5762,91.9843,107.657
2002-09-01,94.5096,79.1572,94.052,79.9517,106.559,105.422,101.801,91.2507,105.936,93.8654,122.913,85.8694,77.9312,60.625,54.9814,97.6276,105.268,82.3375,77.1229,92.3202,45.3073,107.788,106.753,195.552,100.32,79.6449,104.49,110.215,101.771,86.6796,396.994,172.049,125.22,86.3166,90.6531,91.9699,107.82
2002-10-01,94.269,77.763,95.214,79.8282,106.126,105.324,101.44,90.4049,105.95,93.7839,122.081,87.9035,77.8922,59.8568,54.5733,97.7541,104.606,81.8905,77.0018,91.875,45.2944,107.476,106.224,194.439,99.5463,78.6252,104.803,109.837,102.372,85.9653,386.182,171.223,125.175,88.4264,90.4643,92.0579,107.084
2002-11-01,94.7507,79.7569,94.8904,80.5282,106.269,106.184,104.01,94.2826,106.078,92.6513,123.046,89.4856,78.0202,60.1132,54.8579,98.5876,101.855,82.5211,77.4018,94.4404,45.5135,107.732,106.581,196.347,100.214,79.9113,104.648,109.822,102.158,89.6144,401.005,171.62,124.851,86.5774,90.9711,91.1707,107.839
2002-12-01,94.1882,80.2399,93.8954,79.7253,105.93,105.204,102.366,91.1155,105.386,92.6146,121.477,87.9091,77.694,58.3156,55.0198,96.8007,103.739,82.1954,76.6218,91.2303,45.4656,105.198,106.582,194.175,100.677,80.1015,104.258,108.994,101.952,86.2845,392.08,172.25,123.329,85.3933,90.4652,91.4031,107.364
2003-01-01,94.9688,80.437,95.3245,80.6438,106.536,106.599,104.336,95.4476,106.525,94.237,124.664,86.6272,77.9161,59.4508,55.3646,96.0831,103.978,82.7414,77.8092,94.5947,46.2616,105.619,105.995,189.25,100.748,80.4057,105.163,109.396,103.063,90.9838,386.414,172.104,122.654,90.6314,91.2361,92.6272,108.892
2003-02-01,94.8566,80.5199,97.3871,80.3307,106.754,106.932,102.711,92.5984,107.665,95.035,125.283,90.688,78.154,58.3886,56.2764,96.4449,107.052,82.7983,77.6464,92.6668,46.7645,105.739,105.868,192.86,100.745,80.9424,104.889,108.554,103.025,87.7604,384.869,169.634,121.102,90.3403,91.3445,93.4083,109.264
2003-03-01,94.962,80.403,94.0166,80.2025,107.306,107.014,103.185,93.1694,107.584,96.3382,125.144,87.2587,78.3038,59.1939,56.5267,96.1204,108.062,82.2465,77.1743,91.1088,46.9237,102.962,105.968,189.97,100.442,79.7754,104.658,108.12,102.878,87.5463,384.433,169.45,122.352,88.7536,91.1044,94.6101,108.944
2003-04-01,94.2845,80.189,94.1637,79.6781,106.564,106.191,102.385,92.7586,106.757,96.0607,124.426,85.8164,77.7782,58.6861,56.6401,94.4882,111.021,81.9951,76.6151,88.7668,47.2831,101.946,105.635,189.359,100.715,80.0255,103.675,107.018,101.948,86.7884,380.323,166.335,119.967,88.4398,90.5617,94.535,109.01
2003-05-01,94.3262,79.6706,94.0683,80.149,105.956,105.952,102.628,92.263,106.323,95.5902,122.457,86.4627,77.8767,58.0378,57.3532,92.9823,114.276,81.8866,77.2722,89.4911,47.8193,102.781,104.639,186.041,98.9497,79.3303,104.213,108.383,102.143,86.4338,386.033,166.72,119.829,88.4905,90.537,94.0079,107.305
2003-06-01,94.7515,79.8254,91.5473,80.8281,105.973,106.134,103.683,93.7979,106.151,95.3301,125.625,83.053,78.1621,58.1155,57.7622,92.4034,115.579,82.0198,77.8826,90.1701,48.5285,104.572,104.634,184.793,98.8938,78.8572,103.982,108.78,101.655,87.511,374.918,167.809,119.221,86.1103,90.6527,93.9107,108.673
2003-07-01,95.0584,79.5071,94.3292,81.5152,105.794,107.149,106.141,98.0276,106.578,95.6197,125.105,85.69,78.4646,59.1382,58.6831,90.6108,117.7,82.2787,78.2988,91.2404,49.3335,103.216,104.274,175.028,99.8456,79.2891,104.263,108.31,102.243,91.0629,369.167,166.787,118.704,89.1459,91.1185,94.0412,108.822
2003-08-01,94.6166,80.5865,94.7808,81.1004,105.555,106.275,104.144,93.9608,106.165,95.1774,124.9,86.5952,78.5447,57.8507,59.3819,90.5681,115.999,82.3193,78.0694,88.256,49.8234,104.259,103.691,173.668,99.4135,80.0949,104.281,108.994,101.985,86.9366,362.862,163.327,117.851,88.9924,90.9197,93.5663,108.568
2003-09-01,95.4042,81.0849,93.9179,82.1345,105.998,107.15,106.752,98.5278,106.349,95.7922,124.617,86.4993,79.286,60.6229,59.7261,91.1022,115.631,82.8745,78.9359,91.1483,50.6344,102.463,104.684,177.485,101.153,79.9749,104.284,108.751,102.09,91.8578,356.432,163.503,117.486,88.7205,91.5059,94.1666,109.058
2003-10-01,95.5035,80.9611,94.4404,82.4289,105.717,106.373,105.875,96.8741,105.622,95.1578,123.467,85.6243,79.1083,60.3617,60.4658,90.9698,116.044,83.4655,79.9092,90.6761,51.5919,106.592,104.881,177.177,101.533,80.3106,104.793,109.347,102.558,90.5049,356.749,163.309,117.12,89.5952,91.6186,93.602,108.598
2003-11-01,96.3187,80.5271,94.6669,83.5463,106.122,107.075,107.112,97.5604,106.114,95.2226,125.35,86.027,80.1649,60.9936,60.7668,92.3369,117.013,83.8792,81.0404,92.0274,52.3978,109.518,105.056,178.707,101.732,79.8991,105.481,110.616,103,91.3318,352.48,163.39,117.79,89.8705,92.2329,93.4301,109.489
2003-12-01,96.2249,80.5262,95.7645,83.4118,106.073,107.149,106.743,96.8854,106.366,95.2226,125.298,87.6051,79.7738,60.5413,61.5304,92.1967,117.742,84.0379,81.1627,92.3342,52.4601,110.453,105.072,177.237,102.051,80.206,105.401,110.664,102.866,90.8479,345.475,164.572,117.927,90.5422,92.2602,93.3024,109.738
2004-01-01,96.1259,81.1388,97.4493,83.4072,105.854,107.443,107.668,97.3724,106.419,94.4428,125.65,89.9764,79.5586,60.2756,62.4738,91.3523,117.941,84.1669,81.1941,92.6939,52.8189,107.183,104.721,175.521,101.436,80.7716,105.647,110.394,103.328,91.3667,332.846,164.572,118.078,91.5326,92.4006,92.6665,110.04
2004-02-01,96.8445,80.2543,98.3904,84.1882,106.371,107.973,107.402,97.1011,107.257,95.5478,125.937,90.7147,80.6212,61.4828,62.8513,93.6059,118.427,84.5827,82.1403,93.6447,53.6705,108.937,105.007,171.51,101.948,80.5656,106.237,110.446,104.145,91.7203,336.057,165.507,117.909,92.5693,92.958,93.5523,110.474
2004-03-01,96.8071,80.5024,94.3965,84.1847,106.263,106.93,106.365,96.0056,106.225,95.0785,126.872,85.9845,80.635,61.3367,62.7969,94.0805,121.273,84.4857,82.5179,92.6283,54.1662,111.224,104.86,172.512,102.311,79.8464,105.815,110.594,103.479,90.7255,331.534,165.903,117.911,90.372,92.5861,92.8348,111.008
2004-04-01,97.1043,80.2694,95.8623,84.195,106.931,107.57,106.25,95.0236,107.152,96.4001,127.048,86.9434,80.6929,61.767,62.3993,94.0188,121.31,84.7404,82.5191,92.1897,54.4424,110.18,105.333,170.196,102.813,80.3272,106.189,110.276,104.15,89.9252,327.135,167.405,118.974,92.0708,92.93,93.9063,111.386
2004-05-01,97.7813,79.9223,97.7943,84.6095,107.989,107.974,105.196,93.1072,108.108,97.9339,127.168,87.7832,81.3341,61.2487,62.8659,95.2057,120.625,85.5132,83.3697,92.034,55.2101,113.166,106.21,170.969,104.126,80.9767,107.051,111.583,104.817,88.4973,320.838,168.301,120.207,91.9576,93.6013,95.1759,112.061
2004-06-01,97.12,79.8299,95.5479,83.9768,107.13,106.495,102.775,89.5425,106.998,96.2275,125.857,87.6883,81.1738,60.5623,63.287,95.594,121.501,84.8723,83.0491,90.205,55.5454,112.376,105.981,172.868,104.177,79.6151,106.834,110.793,104.849,85.3646,312.455,170.034,120.133,91.6045,92.871,93.5373,111.462
2004-07-01,97.9871,81.2348,94.1076,84.8315,107.903,106.835,103.255,89.4562,107.284,96.8643,126.927,86.7908,82.7591,61.3429,64.4262,97.5653,123.288,85.4776,83.5491,89.354,55.9056,115.556,107.086,174.476,105.627,80.0926,107.614,112.043,105.421,84.7104,299.023,171.256,121.255,91.2967,93.5649,94.057,112.677
2004-08-01,98.4199,80.5935,91.8614,85.1441,108.444,107.229,103.91,90.9341,107.578,97.5222,127.813,85.7241,82.5348,61.9728,64.9723,96.1939,121.761,85.4367,84.149,91.6547,56.2449,114.604,107.844,176.706,107.164,78.7383,107.687,112.336,105.398,86.7495,297.916,171.341,120.666,90.2611,93.6277,94.6512,113.865
2004-09-01,98.4467,78.3128,95.7142,85.3852,108.316,107.193,103.348,89.9479,107.734,97.3301,128.951,86.2054,83.0293,62.1114,65.4308,97.3116,123.765,85.6725,84.5007,91.6441,57.176,114.711,108.074,176.513,107.917,78.8371,107.335,111.453,105.277,86.3143,300.701,169.667,120.37,91.9371,93.7467,94.588,114.533
2004-10-01,99.312,79.2357,95.9403,86.2847,109.357,108.186,105.378,92.0641,108.339,97.225,129.975,88.4884,83.4479,62.7326,65.7563,98.0934,123.568,86.4687,85.5131,93.2132,57.824,115.71,108.986,176.091,109.504,79.3355,108.158,113.179,105.707,88.1121,301.886,167.66,120.097,91.9319,94.5465,94.6107,116.179
2004-11-01,99.3132,80.9143,96.2378,86.2056,109.441,108.079,104.024,89.4055,108.679,97.3895,130.229,89.066,83.3775,62.6324,65.6367,97.7369,126.394,86.9778,85.8152,92.9983,58.166,117.221,109.278,176.028,109.994,80.2307,108.379,112.814,106.18,86.2049,302.607,168.463,120.728,93.7329,94.7813,94.7721,116.426
2004-12-01,100.096,80.8961,97.9323,87.009,110.237,108.853,105.148,90.8412,109.318,97.4535,131.291,90.5584,84.2898,63.1681,67.0324,97.8831,127.164,87.7181,86.2945,94.0051,58.8388,115.247,110.419,178.553,112.498,81.0828,109.002,112.957,107.008,88.0488,301.585,168.533,120.557,95.057,95.5365,94.8575,118.096
2005-01-01,100.73,80.822,96.4172,87.7505,110.658,109.146,104.378,89.5193,109.979,99.0586,131.239,90.1328,85.4912,63.6946,67.2409,100.488,131.363,87.6801,86.9208,93.7911,59.8285,114.55,110.4,179.73,110.404,80.2683,109.923,114.132,107.818,87.7106,300.174,168.801,121.219,93.8568,95.8801,96.6177,117.005
2005-02-01,101.593,81.8562,95.2797,88.853,111.259,109.87,106.846,93.1754,110.084,98.6506,133.441,89.9696,86.6532,66.1575,67.9493,100.932,130.119,88.3382,87.743,95.9673,60.6897,114.154,111.132,178.338,112.268,80.7254,110.261,115.001,107.928,91.3975,299.812,167.268,121.174,93.8682,96.5761,96.368,118.745
2005-03-01,101.118,81.6711,98.0943,88.3557,110.822,109.36,104.876,89.8442,110.078,97.644,133.341,92.0235,86.9049,65.789,68.4105,100.715,129.548,88.3695,87.2281,93.5783,60.7514,113.805,111.24,178.372,112.419,81.3025,109.916,113.79,107.952,87.5797,300.528,166.187,120.916,94.7559,96.4456,95.5902,118.947
2005-04-01,101.561,81.8827,96.2747,88.888,111.082,109.35,103.86,88.407,110.409,97.9935,134.397,91.5035,87.9246,67.6414,68.9477,101.118,129.812,88.2043,87.5906,92.8952,61.8641,111.806,110.684,175.822,112.166,80.7663,111.043,115.943,108.642,87.0969,303.999,166.945,119.579,94.9323,96.6532,95.8188,119.434
2005-05-01,101.842,81.0459,96.1613,89.2344,111.191,109.849,103.929,88.4325,111.047,99.3116,136.571,90.381,88.3155,69.5442,68.9524,101.848,126.365,88.0253,87.6383,93.0335,62.6188,108.14,110.1,179.344,110.616,80.5456,110.997,116.015,108.545,87.0338,295.318,166.475,118.626,93.4087,96.7402,97.1049,119.925
2005-06-01,102.06,81.0158,99.2748,89.3925,111.63,110.882,104.637,89.2636,112.179,100.3,136.965,92.6252,88.3952,68.5036,69.1251,101.706,129.803,88.338,87.9154,94.9408,62.9256,106.556,109.68,180.958,109.639,81.2662,111.074,115.078,109.046,88.351,297.289,166.326,118.834,96.9429,97.1753,98.0257,119.355
2005-07-01,101.705,80.689,99.3352,88.8456,111.544,110.396,102.607,85.8551,112.21,100.755,135.802,92.6132,88.0355,66.2788,69.9204,101.649,132.5,88.0587,87.3949,92.2275,62.9866,105.771,110.278,180.997,111.224,80.7808,111.041,115.905,108.653,84.5734,301.358,166.3,117.754,94.6054,96.8676,98.3075,119.793
2005-08-01,102.241,80.3022,99.0112,90.2574,110.887,110.894,105.546,90.0386,111.889,100.888,134.743,91.5436,89.0739,69.4301,71.1669,101.267,132.089,88.0786,88.6099,95.0035,63.3531,108.593,108.692,179.552,108.217,80.4131,111.384,116.37,108.942,89.1832,304.002,167.226,117.335,94.8724,97.1833,98.4422,117.658
2005-09-01,101.118,72.554,100.266,90.4853,107.906,110.984,107.679,92.3317,111.298,99.7785,135.496,90.5803,86.4953,55.3562,71.929,101.708,134.079,84.6093,89.7155,96.0247,64.1024,109.395,101.085,178.811,92.8907,74.3722,111.945,118.026,109.038,91.5206,305.714,167.397,116.899,94.0686,95.3005,97.5584,110.459
2005-10-01,102.566,74.2393,98.3283,92.6894,108.398,110.972,108.731,93.1619,110.931,100.901,132.965,89.3382,90.5972,70.9884,73.055,102.014,143.791,85.6704,90.6525,96.9845,64.8584,111.074,102.978,179.437,95.9128,75.1826,112.912,120.53,109.352,92.3463,299.579,167.679,117.891,92.8743,96.4572,98.4971,111.474
2005-11-01,103.501,77.3587,97.4552,93.0197,110.215,110.933,107.581,91.2725,111.263,100.978,133.347,90.1947,91.8179,73.5336,74.5426,102.983,145.668,87.4616,90.8635,95.5078,65.3995,111.828,106.035,177.738,103.116,77.9527,113.498,121.377,109.824,90.0932,306.241,166.424,116.518,94.3374,97.5414,98.4599,115.114
2005-12-01,103.644,78.2743,100.332,92.6316,111.101,111.715,106.42,89.5228,112.684,102.247,135.502,91.9533,91.1649,70.7544,74.7793,102.514,140.998,88.1858,91.061,94.801,65.6696,112.063,106.918,172.827,104.994,79.1344,113.79,121.474,110.196,88.0182,304.001,166.143,116.552,94.7905,98.0452,99.6594,116.662
2006-01-01,104.449,80.2499,92.3173,93.6522,111.582,110.879,107.895,91.5292,111.09,101.303,135.346,87.5185,92.156,76.1953,75.0311,103.224,140.95,88.5044,91.9423,96.3355,66.0129,113.266,108.804,174.321,107.634,78.1664,114.417,122.859,110.495,90.8939,304.167,167.371,118.691,92.9199,98.1999,98.9684,117.838
2006-02-01,104.172,79.7911,95.7601,93.5017,111.106,110.307,105.963,87.9986,110.973,100.904,135.001,88.3103,92.6652,76.7057,75.6726,103.612,142.64,88.8794,92.0759,96.0329,66.5401,114.107,108.161,171.427,107.532,79.2779,114.004,121.705,110.397,88.3345,300.214,166.448,116.865,93.4599,98.2413,98.5292,117.528
2006-03-01,104.155,79.8561,98.1813,93.8095,110.54,110.92,106.884,89.6998,111.481,100.206,136.6,89.6426,93.0945,77.9219,76.3309,105.12,144.509,88.8525,92.2843,96.8692,66.7767,113.861,107.477,169.261,106.845,79.3432,114.195,121.45,110.778,90.2515,299.943,168.771,116.428,95.2236,98.4628,97.8735,117.992
2006-04-01,104.531,80.493,97.4096,94.2638,110.796,111.246,106.73,89.4908,111.966,100.665,138.484,89.0777,94.456,79.6302,77.704,107.01,147.22,89.0184,92.426,97.6403,66.9364,114.165,107.288,165.709,106.41,79.7108,113.966,120.83,110.715,90.6264,305.479,169.296,116.89,94.196,98.7618,98.2547,118.662
2006-05-01,104.275,81.1413,98.6417,94.0569,110.567,111.026,105.972,88.6915,111.926,99.4072,138.506,91.3594,94.5906,79.3396,78.9822,106.383,149.542,89.2479,92.1647,95.4488,67.1234,115.409,107.428,163.095,107.188,80.4605,113.632,119.963,110.61,89.2962,301.661,167.342,116.399,95.1924,98.7869,97.0932,118.742
2006-06-01,104.555,81.5528,99.1131,94.3964,110.896,111.53,106.536,89.6762,112.409,98.7942,140.038,93.3498,95.2842,79.3569,80.9291,107.076,149.828,89.4909,92.179,95.8258,67.2264,114.885,107.575,162.021,107.358,80.977,113.514,119.453,110.66,89.8483,300.397,165.974,117.015,95.5412,99.0997,96.647,119.618
2006-07-01,104.218,81.9024,100.605,93.9377,110.885,110.589,102.845,82.9336,112.383,99.012,139.869,93.4986,96.1705,78.9984,82.2382,109.445,148.832,89.6241,91.6319,91.4154,68.3531,113.298,107.811,160.834,108.476,81.7104,113.569,119.782,110.595,83.5472,300.334,164.095,116.608,96.0079,99.0489,96.732,120.136
2006-08-01,104.967,81.666,99.7834,95.0843,111.238,111.602,105.761,87.8659,112.76,99.2276,140.882,94.1738,97.0226,80.0506,82.8379,110.787,151.827,89.9064,92.5348,95.2372,69.2934,112.793,108.514,159.362,109.877,81.2198,113.147,118.847,110.396,88.3077,294.627,163.477,116.809,96.4591,99.4836,96.7743,121.163
2006-09-01,105.072,82.0051,96.7293,94.9862,111.664,111.148,104.159,85.4932,112.69,99.2108,141.59,93.5046,97.3223,79.4947,83.9488,111.551,151.541,89.734,92.6722,93.588,70.5515,113.023,108.835,156.749,110.415,80.5197,113.095,118.694,110.388,86.0322,292.48,164.511,118.205,96.0787,99.3183,96.8196,121.546
2006-10-01,104.582,82.382,98.6909,94.3163,111.424,111.032,102.838,84.2674,112.975,100.326,141.184,93.2951,97.5963,79.18,84.9752,111.421,150.632,89.5823,91.6383,91.8066,70.1661,110.422,108.74,153.88,109.959,81.1681,112.762,117.362,110.495,84.6712,286.367,164.624,118.573,97.365,99.2044,97.7714,121.109
2006-11-01,104.702,81.2635,99.1028,94.7787,111.068,111.183,103.375,85.8218,112.997,100.939,140.609,93.4624,98.0944,79.1504,85.4031,110.983,148.251,89.3791,91.5413,92.5806,70.7691,108.666,108.636,151.908,109.894,80.8138,112.443,117.099,110.151,86.1803,275.75,163.458,118.57,96.0317,99.1627,98.4067,120.644
2006-12-01,106.225,82.5498,95.8726,96.305,112.663,111.72,105.758,89.4906,112.916,100.953,143.798,91.3308,99.7152,78.9267,86.9755,113.009,150.169,90.3086,92.7238,94.976,71.3671,109.183,111.362,152.247,113.447,80.6866,114.022,120.228,111.041,89.0554,267.093,163.396,121.164,95.2608,100.174,98.4633,124.009
2007-01-01,105.873,80.681,98.0091,95.7266,112.61,111.107,103.249,85.803,112.94,100.9,141.666,93.2091,98.8457,76.5728,87.5786,111.371,152.769,90.3091,92.8916,93.7463,71.943,112.434,111.184,149.007,114.637,80.6151,113.49,118.354,111.107,84.8397,268.483,162.306,119.72,96.2535,99.8346,98.4869,123.601
2007-02-01,106.199,81.4542,104.116,96.408,112.478,112.288,104.285,89.1653,114.162,101.135,141.297,97.7886,99.6202,77.5297,89.0897,112.393,154.44,91.2465,93.5978,94.6993,72.9371,112.582,111.702,147.811,115.62,81.9921,114.166,118.547,111.999,87.7655,258.529,163.184,121.328,98.7498,100.775,98.6011,124.315
2007-03-01,107.067,81.4458,99.2551,97.7607,112.782,111.399,104.725,89.9614,112.832,100.262,140.89,94.9361,100.885,77.5671,91.4956,114.507,154.936,91.5699,94.6623,96.1136,73.9855,113.103,113.313,148.796,118.741,81.0272,114.796,119.937,112.287,88.4451,251.177,162.917,120.723,96.6738,100.955,97.976,125.529
2007-04-01,107.735,81.6597,100.857,98.8315,112.921,112.007,106.626,93.1516,113.001,100.778,141.082,94.8574,101.939,78.7077,93.5134,114.628,153.261,92.2432,95.6218,97.4995,75.0994,114.087,113.828,149.634,118.779,81.5252,115.288,119.462,113.217,90.9658,248.142,162.285,120.686,97.8202,101.633,98.5955,125.912
2007-05-01,107.715,82.2879,101.052,98.9766,112.767,111.6,106.042,92.202,112.657,100.189,140.015,95.6663,102.43,79.3897,92.3673,116.133,152.88,92.6638,95.9682,97.4193,75.9041,114.433,113.859,150.082,119.435,82.2074,114.868,119.276,112.694,90.2516,246.701,160.967,119.413,97.6201,101.731,98.1118,125.801
2007-06-01,108.118,81.8617,99.1977,99.6221,112.993,111.787,107.575,94.4765,112.391,100.75,139.809,94.4244,103.021,82.0379,89.7278,116.838,154.847,92.6053,96.4566,97.3078,77.1459,113.402,114.319,152.284,119.964,81.3958,114.608,120.007,111.984,91.7515,240.824,159.286,119.291,96.9536,101.789,98.6942,126.148
2007-07-01,108.102,81.8295,98.1024,99.6211,113.179,111.495,106.568,92.8558,112.343,100.689,140.559,94.1829,103.279,82.069,88.577,118.302,153.708,92.6802,96.453,94.8232,78.2387,114.272,114.766,148.642,119.982,81.3706,113.805,119.502,111.05,89.3447,234.584,158.57,120.079,95.5818,101.667,98.9258,126.757
2007-08-01,107.779,81.8202,102.767,99.8334,112.327,111.269,106.207,91.8417,112.168,99.1997,140.397,96.8834,103.584,83.1968,89.1567,116.052,151.603,93.1878,96.779,96.8189,78.6052,113.517,113.667,145.403,119.225,82.7739,113.627,118.867,111.082,89.5223,225.148,156.644,119.403,98.2536,101.863,97.3277,126.296
2007-09-01,108.059,81.9453,102.822,100.15,112.702,111.105,104.796,89.1337,112.425,99.8241,139.568,97.8243,105.095,83.7286,90.0372,118.733,149.466,93.2711,96.7928,94.24,79.4161,112.506,114.669,147.719,121.187,82.5185,113.892,118.97,111.423,85.3362,225.288,154.488,118.802,97.6591,102.089,97.8128,126.873
2007-10-01,107.891,81.6882,101.573,100.462,111.997,110.126,104.619,89.0036,111.188,98.5033,140.184,95.2929,104.799,84.1307,90.4969,117.406,144.3,93.3685,97.1641,93.6323,80.7897,113.282,113.861,147.243,119.677,82.7728,113.516,118.218,111.22,84.4206,216.058,154.325,119.177,98.0016,101.802,96.7169,126.1
2007-11-01,108.412,82.6395,101.638,101.459,111.987,110.112,105.129,89.749,111.001,98.6823,139.117,95.0922,105.829,85.826,91.9807,116.958,148.089,94.1719,98.5788,93.9951,82.6765,116.071,114.541,145.817,120.88,83.1466,113.711,117.953,111.623,85.0483,214.533,154.534,119.97,98.5788,102.345,96.8201,126.488
2007-12-01,108.564,83.3155,99.6324,101.801,111.884,109.806,105.25,90.6711,110.559,98.392,139.437,93.395,106.773,86.4888,93.3835,118.365,149.47,94.1918,98.6102,92.4773,83.2489,117.3,115.104,143.511,121.062,82.9532,113.599,118.143,111.378,85.1452,215.988,154.656,121.171,96.3377,102.38,96.7463,126.396
2008-01-01,108.325,82.9107,100.915,101.924,111.135,109.585,102.83,86.745,111.071,97.8981,139.879,95.8844,107.2,85.9584,94.353,119.154,147.712,93.9378,98.5539,91.8038,83.9551,117.778,113.85,138.901,119.05,82.9527,113.534,118.096,111.308,82.3522,211.272,155.034,120.022,97.8663,102.245,96.3814,125.494
2008-02-01,107.559,83.0038,102.344,101.422,109.924,109.373,102.175,87.1334,111.008,97.6462,138.943,97.053,107.05,86.0251,95.8027,117.69,147.781,93.4926,98.2967,91.1308,83.898,118.893,111.566,137.541,116.084,83.0842,112.751,115.627,111.271,82.4972,206.058,155.406,117.875,99.9611,101.844,95.9269,123.618
2008-03-01,107.12,83.4318,101.527,101.276,109.169,107.922,99.6412,82.6795,109.925,97.4534,136.623,95.0819,107.834,86.2225,96.5061,118.254,150.234,93.5902,97.9364,88.9388,84.659,118.334,111.453,136.874,115.201,83.6177,111.959,114.156,110.781,77.3119,203.597,154.533,118.536,97.1311,101.534,95.8673,122.231
2008-04-01,106.081,83.8205,101.561,99.9635,108.545,107.294,97.2155,78.8206,109.893,97.469,136.482,95.7125,106.447,84.958,96.7784,113.112,153.421,93.2514,97.4793,87.4815,84.5632,119.811,109.901,133.263,112.986,83.8357,110.733,112.126,109.909,73.5103,199.365,153.034,116.868,97.7501,100.879,95.9242,121.004
2008-05-01,105.432,83.6617,100.346,99.3178,108.09,106.736,96.2492,77.6473,109.473,97.3273,136.18,94.7195,106.725,87.5519,96.268,112.604,155.581,92.5057,96.3982,86.4359,83.9382,117.775,109.088,133.265,111.379,83.3945,109.767,111.009,109.012,72.6238,195.268,152.773,117.559,97.7513,100.267,95.7071,119.88
2008-06-01,104.718,84.2882,101.809,99.0259,106.872,106.51,97.0014,79.3975,108.932,95.9797,135.846,95.5255,106.452,86.3646,96.0753,112.876,157.848,92.4834,96.3558,87.3394,83.7375,119.061,107.432,129.989,109.695,83.9968,108.749,109.83,108.064,74.7803,195.253,152.192,114.429,97.457,100.034,94.47,118.537
2008-07-01,103.716,86.432,100.431,97.667,106.348,105.984,95.2845,77.67,108.799,96.4222,135.766,94.3285,105.129,82.1619,94.6752,111.6,160.964,92.4738,94.9476,85.0396,81.9477,119.108,106.228,127.544,107.942,85.3665,108.167,109.699,107.287,73.0298,194.253,151.377,113.24,97.8518,99.676,94.8492,117.528
2008-08-01,102.399,85.05,96.7916,96.1577,105.327,104.09,91.003,71.1643,107.701,95.6985,134.542,92.2552,103.746,74.2274,93.4985,111.759,164.98,90.913,93.8889,80.9056,82.1538,119.377,104.899,129.494,104.771,83.481,106.984,107.414,106.581,66.201,192.126,150.354,113.757,95.4246,98.1111,94.2347,115.401
2008-09-01,98.8605,75.4059,98.6981,92.6507,101.628,103.265,90.006,72.0862,106.94,96.2992,134.18,89.1339,97.2813,49.0655,91.7012,110.394,170.432,84.8714,91.8884,80.0309,80.7286,114.67,96.4751,125.793,88.6085,75.6353,104.98,104.618,104.919,66.3278,185.636,148.273,111.513,95.5792,93.7895,94.8117,107.659
2008-10-01,98.2129,82.0014,99.3924,90.1315,103.681,103.494,87.6877,69.8194,108.013,96.6855,132.985,95.3782,95.2739,43.7335,90.5376,107.716,170.139,87.3903,88.9117,76.4681,78.5692,107.81,101.011,122.963,100.326,81.3587,103.861,102.926,104.047,63.7218,177.965,145.342,111.91,97.2214,94.7219,95.319,112.415
2008-11-01,95.756,83.9075,100.751,87.4632,101.57,102.467,84.15,66.9554,107.834,96.5946,133.366,96.0266,95.963,54.3355,89.0605,105.415,166.635,86.1253,84.6695,72.5158,74.887,100.144,96.9123,115.503,93.6304,83.4373,100.625,97.7859,101.634,61.0688,168.948,141.47,106.281,97.5275,93.4715,95.1597,109.057
2008-12-01,92.5493,82.3413,100.295,84.5188,98.016,100.283,80.1084,62.8704,106.294,94.6723,129.888,97.2797,96.1614,65.6078,88.1245,100.823,157.661,82.96,79.807,67.7367,70.7476,93.5576,91.6861,107.824,86.928,82.45,96.6294,92.4525,98.2189,57.1386,163.399,139.492,99.8715,96.7505,90.8357,93.2594,103.809
2009-01-01,89.5471,81.8687,100.206,79.4577,97.7924,97.856,70.6781,47.6068,106.256,94.9908,129.984,97.1532,91.4502,55.9419,86.1537,96.7381,144.636,81.3919,75.2074,54.6812,68.9913,90.5397,92.3745,109.014,87.8691,82.3861,94.3213,88.4039,96.6606,39.7372,156.056,137.926,100.569,97.5804,88.57,93.6573,103.946
2009-02-01,89.4472,80.8072,97.3509,79.1344,98.2141,97.9627,72.2475,52.5261,105.874,96.1005,127.787,95.737,90.194,59.8127,86.1112,93.2148,126.472,80.8958,74.707,56.486,68.6746,88.9003,93.4775,102.034,89.5392,81.2675,93.1164,86.9166,95.5781,45.1239,149.766,137.675,102.211,95.9139,88.031,94.942,104.075
2009-03-01,87.8093,79.0277,98.6362,77.3226,97.0659,97.3291,72.1506,54.3263,105.071,95.2256,127.586,95.8426,87.7063,60.8215,85.7894,87.1845,107.304,79.4977,72.295,55.0461,67.1445,85.2825,92.0441,102.316,87.7512,80.8143,91.4318,84.0325,94.4102,46.0594,148.347,132.389,97.6292,96.0258,86.6528,94.3864,103.549
2009-04-01,87.1679,77.8015,98.1807,76.3905,96.9036,96.9993,72.1756,54.7476,104.63,95.054,125.666,96.7174,85.808,58.6357,85.3324,83.7654,98.1968,78.8903,71.1852,55.3216,65.7665,84.9606,93.0381,103.35,91.3269,79.9457,90.6544,82.4452,93.9808,46.5216,143.491,130.604,95.5647,96.1716,85.9344,94.1324,104.266
2009-05-01,86.2363,77.5861,96.8309,74.6711,97.007,95.7825,69.1881,50.9443,104.042,95.6133,123.559,95.1049,83.8687,55.3683,85.404,79.7698,93.6274,78.3611,69.6255,52.6759,64.7488,83.2623,94.0849,101.952,91.8924,79.635,90.1903,81.9891,93.5134,41.5599,141.065,130.354,98.0098,94.7724,85.0665,94.9863,103.761
2009-06-01,85.9699,77.3617,96.0069,74.0043,97.2313,95.3353,68.449,50.2965,103.708,95.0241,125.133,93.9997,83.2332,54.8498,84.6476,79.7365,89.9319,78.0592,68.804,49.0057,64.3773,83.5352,94.5343,104.603,92.1422,79.4959,90.2539,81.8414,93.6667,40.1785,131.975,129.962,100.319,94.4026,84.7459,94.4257,104.387
2009-07-01,87.2687,78.1707,94.6996,76.6779,96.9537,96.506,75.2198,61.8985,102.932,94.2392,123.814,93.3571,84.279,58.75,84.7194,78.5508,90.6443,79.1999,71.3639,58.1001,65.3819,86.5806,95.0658,99.1896,93.7724,79.6052,90.2248,82.0451,93.5372,52.5574,136.183,129.362,99.7549,93.7351,85.7027,93.7276,104.809
2009-08-01,88.2309,79.0506,95.7357,77.7237,97.8821,97.4647,76.2184,64.1289,103.875,95.4405,125.135,93.2647,85.1171,59.6831,84.1745,81.3386,90.7004,80.2962,72.9071,60.57,65.7668,92.8935,96.1084,103.007,95.0852,80.3388,90.76,82.6214,94.0532,54.7065,133.982,130.405,101.081,93.6798,86.6426,94.5633,105.874
2009-09-01,89.1568,78.7891,96.8079,79.2942,97.9974,98.3713,79.6947,69.5502,103.892,95.3703,123.34,94.8317,85.7984,62.8298,83.9735,80.1351,92.6178,81.1837,74.7004,64.8354,67.3299,93.5478,96.3505,101.008,95.8649,80.7268,90.9795,82.3784,94.4685,60.9913,132.826,131.664,101.133,94.089,87.4063,94.5126,105.654
2009-10-01,89.2636,78.4369,98.9619,79.2204,98.2607,98.7145,78.641,68.0059,104.72,95.6472,122.625,98.5854,85.9924,63.0088,82.7925,82.2329,93.8681,81.4304,75.0325,65.6019,67.5411,94.4794,97.195,108.395,96.9402,80.5923,91.0251,81.032,95.103,60.6397,131.282,132.191,101.436,94.5573,87.6419,94.9352,106.047
2009-11-01,90.1922,78.2579,95.9971,80.2571,99.1213,98.1769,79.9193,69.8275,103.571,95.4955,123.444,92.6978,86.0177,63.785,83.4109,80.365,96.8885,82.3009,76.5966,67.278,68.4698,98.6672,99.4287,114.276,99.6822,80.1093,91.7698,82.723,95.4463,62.6066,131.795,132.328,103.8,92.2425,88.0221,95.0571,107.84
2009-12-01,90.1418,77.5687,101.184,80.6799,98.4438,98.0961,79.5842,69.4172,103.585,95.2342,121.19,95.788,87.443,65.2069,83.7021,84.0531,100.194,82.664,76.9039,68.1558,69.1767,96.6961,98.1114,112.841,98.2295,81.4002,91.9451,81.0224,96.4092,63.3767,134.397,130.817,101.751,96.6984,88.3793,94.7672,106.641
2010-01-01,91.0661,79.0854,101.697,82.0983,98.9757,98.7627,80.5118,70.307,104.163,95.5834,122.027,96.9944,88.9406,65.1255,84.7763,86.6376,106.183,83.7181,78.906,68.8375,71.1749,101.632,98.7202,111.646,99.7421,81.8274,92.6848,82.5598,96.8127,64.4182,138.963,129.381,101.699,95.4016,89.3426,94.9423,108.254
2010-02-01,91.0289,80.5009,103.2,82.2174,98.9363,97.9436,79.4258,68.2148,103.448,94.9965,118.846,98.5898,89.0422,63.1303,85.6437,86.6139,111.507,84.8412,79.7242,69.5067,72.0711,102.465,99.4808,113.401,100.464,83.4126,92.6942,82.7271,96.7551,62.2667,136.899,127.888,102.242,96.4076,89.6779,94.5134,107.207
2010-03-01,92.1506,81.2689,99.7198,83.8157,99.5717,98.2602,80.5125,69.1007,103.506,95.2931,120.033,97.0451,90.9627,65.5723,86.6459,88.5177,115.928,85.2994,81.4491,71.3478,73.6433,104.445,99.7889,114.805,101.269,82.8302,93.2107,84.2205,96.8633,63.9419,137.76,127.819,102.985,95.4261,90.2928,94.6228,107.919
2010-04-01,92.8795,81.6761,96.6349,84.9704,99.907,97.4162,80.7942,68.8082,102.293,94.6322,120.346,93.1135,92.0382,64.1127,87.1116,92.0495,118.235,85.7443,82.7754,72.3928,75.0436,104.007,100.486,115.844,102.567,82.3935,94.3795,86.7198,97.4774,63.8429,138.922,126.289,103.566,95.7023,90.5991,93.9186,108.62
2010-05-01,94.0452,81.6164,100.688,86.7208,100.371,99.1477,83.9315,73.4734,103.542,96.278,119.299,96.1089,93.2779,67.1963,87.0339,94.1202,116.405,86.9162,84.3954,76.3822,76.0825,105.192,100.92,118.073,103.359,83.5345,94.9025,86.9288,98.1294,69.0966,137.618,126.056,103.382,95.5599,91.823,95.1248,108.799
2010-06-01,93.9877,81.7471,102.697,86.8847,100.029,98.8685,83.0789,72.5805,103.462,95.4354,118.379,98.1452,93.3865,67.5101,86.8432,94.1831,110.489,87.3901,84.7758,75.8072,76.9282,106.703,101.619,117.442,104.721,83.9804,94.8883,86.8379,98.1463,68.5732,137.784,126.987,103.37,96.4914,91.9928,94.5017,108.958
2010-07-01,94.472,82.2264,101.811,87.9583,99.8188,99.4666,86.304,77.6863,103.18,94.9634,117.57,98.6433,94.3538,69.916,87.6432,94.0295,110.158,87.6132,85.4338,77.7735,78.0055,104.399,101.503,119.599,104.866,83.9997,94.7035,86.3783,98.0741,73.178,136.22,126.678,102.995,96.2756,92.3421,94.0696,108.671
2010-08-01,94.5937,83.4939,102.102,87.886,100.33,99.2472,83.8895,74.3856,103.691,95.9976,118.236,98.6904,94.5306,69.6648,87.055,96.5316,112.879,88.3615,85.9711,75.6978,79.168,105.266,102.316,120.323,105.482,84.8941,94.761,86.9141,97.9346,70.1245,139.524,124.388,102.909,95.894,92.6805,95.24,109.107
2010-09-01,94.6764,84.6786,102.137,88.2328,100.154,98.8954,83.906,74.6659,103.222,95.6231,117.878,97.9161,94.6302,69.6648,86.6195,98.1087,113.76,89.0543,86.4099,76.5659,79.7226,105.968,102.485,118.62,105.708,86.0273,94.8386,86.9774,98.0173,71.1676,136.131,124.411,102.927,96.5157,92.9537,95.0763,109.028
2010-10-01,94.7236,84.8012,98.7561,88.4799,99.9215,98.8793,84.2741,75.6717,103.083,96.553,117.939,95.3469,94.5147,68.3894,86.291,100.035,114.151,88.6607,87.0895,77.7224,80.5766,105.997,101.498,116.589,103.924,85.0537,94.4647,87.0288,97.4706,71.8161,138.012,124.766,102.818,94.6011,92.6903,95.7159,107.839
2010-11-01,94.8557,84.1167,99.9673,88.7195,99.916,98.4249,83.1461,73.1241,102.843,95.2653,119.451,95.3528,94.4013,66.3639,86.2463,101.52,115.046,88.8183,87.4006,77.2608,82.225,104.849,101.615,116.298,104.498,85.118,95.3569,87.7041,98.4494,69.2953,137.202,125.425,102.481,96.4551,92.7709,94.5811,108.872
2010-12-01,95.3202,84.564,105.259,89.2666,100.322,99.5189,82.7599,72.3049,104.394,95.6499,119.199,101.02,94.9986,65.7001,86.0589,104.047,117.221,89.9667,88.1943,76.4268,84.1182,106.639,102.599,119.537,105.903,86.6274,95.3937,86.5478,98.9625,68.8274,139.27,125.526,102.843,98.0676,93.6787,94.8553,109.504
2011-01-01,95.3653,84.4308,103.095,89.7159,99.9831,99.5524,83.5049,73.6238,104.207,95.6032,119.808,100.166,95.5431,65.7479,85.6564,106.199,119.866,89.5475,89.0162,76.6269,84.6838,110.31,101.886,113.864,104.904,85.3994,94.9376,86.1196,98.4946,70.1725,138.327,124.348,103.862,96.8524,93.4814,94.6295,109.285
2011-02-01,95.5349,82.7357,101.27,90.4266,99.5682,99.3743,85.7415,76.8279,103.295,94.9299,120.044,97.8998,95.6265,66.3564,86.0321,105.667,121.55,88.9141,89.6909,79.6716,85.3091,109.312,101.017,117.557,103.406,83.8892,94.7523,85.68,98.4092,73.7902,138.064,122.921,102.735,95.8351,93.1102,94.1114,108.875
2011-03-01,96.1305,85.7479,100.996,91.0446,100.242,99.6455,87.3171,78.9291,103.174,95.0641,120.28,97.1519,95.4289,67.0714,86.0795,105.127,124.364,90.6635,90.8164,82.0678,86.3314,110.674,102.195,112.631,105.84,86.3673,95.1991,86.4799,98.7179,76.473,134.326,123.022,102.779,97.8431,94.0788,94.3265,110.105
2011-04-01,95.6164,86.284,100.569,90.1099,100.191,99.5166,83.8846,73.9275,104.015,96.182,121.432,97.3058,95.0558,65.1388,85.5344,104.762,129.782,90.2076,90.2322,77.9332,86.5858,110.508,101.035,115.453,103.6,86.3084,95.1738,86.5795,98.6438,70.135,136.691,123.286,102.723,96.5709,93.7749,95.2704,109.277
2011-05-01,95.5968,87.2078,100.032,90.6072,99.5964,99.652,84.9061,75.5001,103.891,95.5717,121.288,98.1977,95.7804,66.1201,85.5854,106.051,134.005,90.1347,90.9068,77.8194,87.2688,112.311,99.8108,115.615,101.635,86.1814,95.3839,87.6151,98.5343,71.2859,136.983,122.604,101.562,97.4276,93.888,94.6736,107.714
2011-06-01,95.7233,87.6654,101.182,90.8109,99.6774,99.6239,84.49,75.4426,103.972,95.3827,121.67,98.5619,95.8584,66.4204,84.9291,106.343,136.853,90.7057,91.1366,79.4525,88.1799,109.779,99.6391,114.452,101.381,87.3184,95.3736,88.0635,98.3473,71.313,136.043,122.307,102.054,97.7056,94.172,94.384,107.909
2011-07-01,96.2966,87.1626,102.901,91.5102,100.076,100.26,85.7103,77.3883,104.441,96.0153,121.819,99.2403,97.1313,67.7222,86.8171,106.473,140.822,90.8899,91.4417,80.1518,87.8973,109.541,99.9155,112.829,101.649,87.3849,95.8508,88.9001,98.6878,73.3508,135.727,122.392,103.155,97.1784,94.636,94.897,107.889
2011-08-01,96.7709,88.7672,102.795,92.3761,100.136,100.883,86.9717,79.2399,104.882,95.8226,123.039,100.327,98.3669,69.8602,87.1768,108.213,145.289,91.5104,91.889,81.4186,89.1742,108.666,99.2459,109.602,100.751,88.6761,96.0948,88.7681,99.0762,75.5292,134.139,122.311,102.024,98.4868,95.2749,94.7493,108.267
2011-09-01,97.0115,88.3472,100.993,92.7497,100.243,100.271,86.8987,78.7865,104.115,95.2365,121.783,99.2378,98.8939,70.6328,87.9043,108.891,148.231,91.4444,92.5161,82.3954,89.637,110.438,99.8443,109.309,101.983,87.8308,96.3739,88.9487,99.3939,75.632,132.093,123.648,102.96,98.9815,95.1961,94.1408,108.726
2011-10-01,97.5264,90.5053,99.6827,93.5131,100.501,100.523,88.6746,82.5779,103.933,96.0909,121.585,97.039,100.26,74.0782,87.6104,109.939,152.772,92.403,93.0014,83.8737,90.3777,110.058,100.175,107.919,102.332,89.4097,96.1375,89.1894,98.9763,79.4416,134.66,124.6,102.035,98.111,95.8568,95.1512,108.778
2011-11-01,97.3319,91.5408,98.9361,93.6894,99.863,99.6084,87.3555,80.6625,103.131,95.3898,119.999,96.559,101.26,74.9284,88.3327,111.003,153.614,92.7896,93.4117,83.3063,90.8964,110.806,99.5104,107.847,101.04,90.2352,95.4965,89.2741,98.0597,77.6546,133.065,124.8,102.908,95.7555,95.8485,94.4318,107.669
2011-12-01,97.984,92.3848,97.6784,94.7246,100.059,99.5378,88.0146,81.7161,102.851,95.1317,120.956,95.1767,102.47,75.7697,89.3545,113.714,154.332,93.3902,94.4499,86.848,92.0941,109.635,99.5985,109.114,100.863,90.7407,96.0968,89.9816,98.6214,79.7104,131.272,125.451,103.289,95.6142,96.3571,94.2345,108.157
2012-01-01,98.8072,93.6099,95.0395,95.9934,100.506,99.4121,90.1865,84.9509,102.068,95.4488,120.235,92.3568,103.762,77.3383,90.8901,114.515,156.413,94.1243,95.5055,89.0492,93.0279,110.53,100.713,110.758,102.705,91.0725,96.7289,91.155,99.0516,83.7854,135.515,123.958,103.643,94.7162,96.9318,94.5597,109.121
2012-02-01,99.2244,93.3539,95.7108,96.5931,100.734,99.3226,89.627,83.5739,102.112,95.2531,120.168,92.8241,104.564,79.8156,91.9488,114.363,156.42,94.4703,96.4424,89.503,94.2104,112.392,100.454,111.694,102.051,91.2438,97.2011,91.9458,99.4094,82.9372,133.158,124.589,105.095,95.4443,97.2435,94.3601,108.745
2012-03-01,98.696,93.3411,94.375,96.3899,99.8598,97.7186,88.5938,82.3628,100.343,94.0341,118.793,89.6977,105.357,80.8989,91.6382,116.145,158.448,94.2457,95.378,88.4562,94.3,108.017,100.165,108.543,102.079,91.6797,96.5559,91.6666,98.6295,82.4738,131.234,123.16,103.869,93.0256,96.74,93.3462,108.463
2012-04-01,99.1737,93.5687,97.746,97.1873,100.082,98.5214,89.0695,82.722,101.238,94.6959,118.211,92.386,105.809,81.9548,92.7784,116.552,157.933,94.8764,96.5735,91.0416,95.082,109.376,100.37,109.867,102.018,92.0768,97.4908,92.9687,99.4343,83.842,130.478,123.086,104.243,95.3651,97.4359,93.954,108.397
2012-05-01,98.8664,93.8743,101.961,96.9988,99.7446,99.073,88.3741,80.9162,102.147,95.2147,116.689,96.2693,106.271,83.6445,92.6214,116.749,158.837,94.9802,95.8401,89.6932,94.9337,106.517,99.2766,107.783,99.9934,93.3771,97.3763,91.9639,99.6412,82.6774,130.746,121.988,104.621,97.4447,97.6609,94.4296,106.906
2012-06-01,99.1338,93.9556,99.7729,97.4715,99.9499,98.7958,88.4605,81.6348,101.764,95.4584,114.736,96.4026,107.249,84.978,94.0021,118.298,160.763,94.927,96.2952,90.6277,95.9633,105.902,99.3946,110.684,100.514,92.8466,97.2519,91.3711,99.6849,83.8076,129.866,119.803,103.49,97.6674,97.6663,94.6562,107.062
2012-07-01,98.9193,95.0172,101.57,97.2112,99.8807,98.8419,88.3626,80.9593,101.851,96.2436,112.828,97.3491,106.69,85.4106,95.1574,115.935,159.447,95.5347,96.2281,92.824,94.4023,107.112,99.4937,109.669,100.228,94.2253,97.0282,90.8353,99.5724,83.2791,127.04,118.225,103.144,97.6909,97.8713,95.5205,105.962
2012-08-01,98.7669,93.9116,100.415,96.989,99.8265,98.3948,87.4573,79.183,101.535,96.2938,111.494,97.2202,107.057,84.956,94.873,115.97,157.333,94.8326,95.5604,90.0163,93.1536,108.082,99.8633,110.11,100.755,92.9851,96.939,91.2974,99.2831,81.5091,126.908,117.773,103.433,96.8613,97.4525,95.497,105.987
2012-09-01,98.5358,95.2797,98.7039,96.3844,100.086,98.1106,86.3489,78.392,101.488,97.3517,110.684,96.2034,106.532,85.7806,93.8284,114.039,154.955,95.0516,95.0555,89.1187,93.6032,105.698,100.327,111.295,101.755,93.6484,96.6401,91.063,98.9593,80.404,124.918,116.651,102.709,95.6172,97.381,96.5622,106.238
2012-10-01,98.3774,96.8185,100.513,96.4722,99.7067,98.1047,87.3309,79.829,101.197,95.2932,109.752,99.0637,105.922,86.5398,93.6003,112.931,153.814,95.9224,95.4825,89.4297,93.789,107.13,100.831,111.871,102.424,95.035,96.5812,90.8306,98.9633,81.5722,125.078,116.938,103.501,97.316,97.7193,94.6841,106.007
2012-11-01,98.9519,97.0365,99.5061,97.3587,99.9136,98.5722,88.2709,81.2376,101.529,96.6918,108.694,98.3311,106.683,88.0736,94.7993,111.806,152.935,96.0668,96.2282,91.3267,92.9821,110.62,100.822,107.86,102.51,94.7991,97.13,92.0397,99.2685,83.8754,124.288,118.23,103.821,96.2067,98.0777,95.8136,105.78
2012-12-01,99.6106,97.143,96.7081,98.1821,100.451,98.4593,89.9894,84.2087,100.89,97.0531,109.664,94.7945,107.221,89.4633,95.6402,112.361,152.652,96.4119,97.0577,94.2782,93.2256,111.028,101.02,106.749,103.244,94.8544,97.3227,92.457,99.3773,86.8321,122.99,117.405,104.495,94.8123,98.3101,96.0913,106.611
2013-01-01,99.4046,97.3723,98.0983,97.7629,100.512,98.4959,89.5829,82.1901,101.054,96.8491,108.011,97.0726,105.727,87.4484,94.9257,109.392,153.58,96.7196,97.2181,93.7973,93.2197,111.92,101.219,111.631,102.5,95.3233,97.6229,92.986,99.5916,84.5637,125.049,116.877,103.792,96.3127,98.3342,96.2382,105.405
2013-02-01,99.8001,98.0302,98.6773,98.666,100.458,98.9535,91.4494,84.5233,101.108,98.1505,105.295,97.2282,106.485,88.61,94.9167,110.38,156.638,97.1328,97.6094,94.3707,93.818,110.549,101.063,113.029,102.25,96.0082,97.9981,94.2514,99.6302,86.2965,124.592,116.696,104.37,96.7321,98.7941,97.1834,104.171
2013-03-01,99.6926,98.5789,102.692,98.8698,100.068,99.4887,92.3494,86.5081,101.539,97.1209,104.98,100.959,106.783,89.5772,94.1474,110.568,158.223,97.5626,97.6511,94.4924,93.5976,111.868,100.636,113.78,101.708,97.0979,98.1385,93.9658,99.9329,87.8411,120.332,116.004,103.432,97.9031,99.1921,96.1957,104.062
2013-04-01,99.4013,99.373,102.342,98.508,99.8262,99.1477,91.8436,85.8005,101.246,96.4361,104.29,101.896,106.25,89.9514,94.2947,109.138,158.493,97.6805,97.4407,93.7878,94.3218,109.939,100.526,112.308,101.509,97.5499,98.1743,93.6602,100.1,87.2297,115.96,115.312,103.182,97.9188,99.1065,95.8107,103.941
2013-05-01,99.6973,99.7214,100.159,98.553,100.346,99.0588,92.2866,86.9684,101.005,96.8908,104.369,100.086,105.658,89.4549,94.6808,108.172,158.949,97.9051,97.7017,94.1046,94.5769,110.621,101.501,114.275,102.668,97.4272,98.5869,93.5722,100.707,87.847,117.918,115.452,104.066,98.1681,99.1839,96.1723,104.488
2013-06-01,99.9426,100.393,99.0725,98.8667,100.56,99.3772,93.5335,88.9596,101.059,98.1709,103.27,99.2325,105.77,89.2939,93.6743,108.687,160.8,97.9991,97.8845,93.2957,95.3904,110.39,101.688,115.46,103.155,97.4169,99.0476,94.3111,101.06,89.5653,117.86,114.656,103.872,97.6359,99.3897,97.3567,104.079
2013-07-01,99.1551,101.69,98.988,97.6939,100.048,98.3929,91.0226,84.2943,100.51,96.7455,103.669,99.2558,104.201,86.4487,94.1362,108.271,160.185,98.2821,97.3243,89.5258,95.42,110.803,101.458,114.813,102.741,98.5028,98.9481,94.3469,100.908,84.0474,115.638,115.514,103.925,97.79,99.0814,96.2287,103.682
2013-08-01,99.9992,101.68,98.7398,99.2564,100.048,98.8897,93.7637,88.8508,100.367,97.2473,102.537,98.5883,105.307,88.5557,94.529,108.252,159.799,98.8204,98.8341,94.8632,96.7416,110.498,101.928,116.264,103.348,98.3944,99.3351,94.7492,101.291,89.7311,118.477,116.293,104.019,97.8334,99.6543,96.6535,103.546
2013-09-01,100.052,103.465,99.9909,99.7135,99.5865,99.1723,94.2227,90.3663,100.599,96.8057,102.305,100.453,105.641,89.4793,95.0315,109.191,158.208,99.5338,99.4364,95.6376,97.1147,111.72,100.787,115.947,101.847,99.9589,99.6784,95.8024,101.354,91.5528,118.676,116.266,101.924,98.2304,100.161,96.2278,102.46
2013-10-01,100.24,101.687,101.483,100.024,99.732,99.4982,94.4044,90.1298,100.967,97.2294,101.438,102.165,105.523,90.7628,94.573,109.774,155.138,99.2319,99.9029,95.3207,97.9073,112.139,100.902,116.156,101.502,98.9452,99.6897,95.6937,101.415,90.7073,119.289,115.501,103.035,98.219,100.082,96.7003,102.122
2013-11-01,100.192,102.477,102.664,100.436,99.2555,99.4719,95.4938,91.8583,100.621,96.5754,101.356,102.492,104.789,90.6223,93.8025,109.181,153.301,99.8623,100.505,97.2555,98.1952,110.713,100.482,117.508,101.085,100.031,99.8398,96.4164,101.338,92.8306,116.998,114.3,101.011,98.9077,100.316,96.2627,101.83
2013-12-01,100.008,102.915,105.283,99.6778,99.6989,100.211,95.4928,92.3136,101.572,97.5757,100.711,105.183,104.015,90.7063,92.5665,109.356,153.788,100.127,100.236,97.0293,98.043,111.531,101.054,115.683,101.569,100.534,99.7338,94.8976,101.802,93.1043,116.648,114.604,101.827,100.381,100.517,97.2825,102.071
2014-01-01,98.9908,104.282,106.211,98.7237,98.5295,98.6656,92.7521,87.7924,100.372,95.6402,100.548,104.415,103.99,88.8057,91.6551,110.175,154.055,100.325,99.2759,93.1419,98.5257,110.205,100.117,113.368,100.723,101.988,99.2535,94.6032,101.248,88.1996,116.329,114.875,101.544,100.801,100.16,95.337,101.339
2014-02-01,99.8996,105.341,105.248,100.296,98.7094,99.6748,95.6642,93.2068,100.832,96.0987,101.539,104.749,105.16,92.0327,91.3204,111.715,154.81,100.958,100.645,96.1391,100.075,111.036,99.936,109.481,99.9755,102.462,99.6692,95.1204,101.624,94.3343,114.208,113.918,100.611,99.8706,100.917,96.098,101.287
2014-03-01,100.754,107.491,104.752,101.413,99.3306,100.322,96.5338,93.9055,101.414,96.5832,103.268,104.609,106.448,94.1795,92.1629,111.093,159.328,102.117,102.19,98.8953,100.984,113.318,100.083,116.716,100.161,103.786,100.352,96.4485,102.046,95.0483,117.394,113.812,101.041,99.6118,101.894,96.2395,102.137
2014-04-01,100.756,109.361,101.871,101.082,99.7286,100.032,95.6341,92.2372,101.301,97.2068,103.448,102.382,106.474,95.5601,91.4655,111.042,161.779,102.534,101.783,97.4133,100.908,113.129,100.419,115.71,100.376,104.806,100.107,95.9296,101.915,94.376,115.636,116.048,102.184,99.2773,101.993,96.8496,102.345
2014-05-01,101.017,110.546,101.639,102.021,99.2156,99.8451,97.3224,95.1423,100.571,96.9364,102.755,100.814,107.018,96.9773,91.7216,111.387,164.182,103.123,102.839,99.4052,102.089,112.525,99.6422,113.606,99.4545,105.652,100.688,97.3247,102.164,97.2173,113.944,114.976,101.37,99.3645,102.384,96.6116,101.493
2014-06-01,101.35,112.002,99.9131,102.339,99.5664,99.9115,98.1282,96.2336,100.423,96.8467,105.222,97.6979,106.761,97.9379,91.4885,110.281,166.842,103.887,103.714,100.617,102.339,114.239,99.9947,113.882,99.8494,106.534,100.659,97.9311,101.874,97.7374,113.192,115.72,102.354,97.8068,102.735,96.394,102.554
2014-07-01,101.8,112.675,97.7201,103.412,99.3609,99.9815,100.398,100.483,99.8534,96.1576,105.696,96.2304,108.067,101.351,91.7012,110.721,168.831,103.993,104.331,103.261,102.639,114.727,99.8089,115.087,100.076,106.439,100.679,98.7303,101.57,103.359,113.561,115.278,101.788,97.3592,102.963,95.6858,102.866
2014-08-01,101.185,113.581,98.5406,102.157,99.5401,99.4457,97.5977,96.1865,99.975,96.2817,106.569,96.0785,107.342,99.1507,92.3624,109.521,172.76,104.122,103.409,100.147,102.499,114.152,100.135,112.215,100.557,107.244,100.454,98.6077,101.304,98.1264,109.584,114.524,101.733,97.5382,102.769,95.959,103.457
2014-09-01,101.162,114.246,100.656,102.186,99.5976,99.8492,97.367,95.0683,100.562,96.8547,106.464,97.9267,107.225,99.4866,93.1818,109.219,177.437,104.524,103.633,99.5525,102.813,113.828,100.072,113.198,100.361,108.013,100.597,99.0519,101.321,96.4387,111.938,112.774,102.308,99.2737,103.064,96.4002,103.308
2014-10-01,101.04,114.553,101.297,102.379,99.1928,99.4273,96.8343,93.8995,100.172,96.9959,105.334,97.3008,108.429,100.046,93.8977,109.474,180.349,104.569,103.016,100.037,102.67,109.826,99.7277,111.236,99.2031,108.763,100.267,98.5337,101.069,95.6328,111.443,111.708,101.199,98.9282,103.076,96.8931,102.366
2014-11-01,101.716,113.782,104.353,103.158,99.8282,101.334,99.8812,99.0445,101.75,97.8965,106.195,101.35,109.423,102.306,93.7553,110.234,182.38,104.525,103.228,102.299,102.664,108.402,99.8505,112.069,98.9699,108.491,100.633,98.497,101.605,100.415,111.539,112.064,102.066,100.537,103.713,97.7929,102.515
2014-12-01,101.492,116.588,101.402,102.677,99.9389,101.013,99.5008,98.3721,101.446,97.5456,107.468,99.5012,108.605,102.581,94.141,108.734,184.992,105.002,103.485,101.323,101.855,111.888,99.6404,111.442,98.5618,109.523,100.365,99.1976,100.926,99.5852,113.206,111.805,102.225,99.2523,103.704,97.5297,103.026
2015-01-01,100.899,113.771,102.351,101.995,99.428,101.056,98.865,98.018,101.684,97.4619,108.742,99.6234,107.2,101.757,94.2476,106.475,174.528,103.729,102.434,101.921,100.921,108.473,98.5444,108.979,97.128,108.021,100.002,98.1699,100.844,99.281,115.407,110.986,101.561,100.067,102.891,97.291,102.696
2015-02-01,100.148,109.747,107.623,100.968,99.0001,100.606,96.2775,93.6913,101.846,96.5341,108.442,103.422,105.623,102.082,93.9863,105.194,150.771,103.215,101.427,99.2484,101.084,107.926,98.3858,109.226,97.5331,107.786,99.3587,97.0709,100.393,95.2407,108.89,108.93,100.366,101.112,102.234,96.4592,102.553
2015-03-01,100.51,107.94,104.409,101.233,99.3888,101.741,99.2502,98.751,102.456,98.2053,107.915,103.024,104.325,104.217,93.8427,104.422,130.52,102.308,101.418,100.892,100.732,106.872,98.7701,109.368,96.6705,105.415,98.9578,96.5791,100.029,99.928,108.672,109.849,101.685,98.9919,101.891,98.2262,101.816
2015-04-01,100.498,106.269,101.552,101.031,99.5811,100.868,100.054,99.9152,101.103,97.9589,107.304,98.271,102.838,104.289,94.1427,102.149,115.979,101.872,101.046,101.659,99.5025,104.974,99.1716,108.387,97.2453,104.479,99.3767,97.2119,100.355,100.821,108.524,109.638,102.502,99.3256,101.335,98.0503,102.361
2015-05-01,100.533,103.737,100.328,101.397,99.2318,100.74,102.248,103.231,100.313,98.0746,105.122,96.6003,102.57,105.712,94.3975,101.476,109.455,101.075,101.064,104.051,98.9635,104.073,99.0315,107.575,97.4978,102.525,99.2278,97.7217,99.9224,104.454,107.388,110.743,101.929,97.826,100.888,98.0604,101.323
2015-06-01,100.151,102.94,101.153,100.721,99.1452,100.585,99.5278,97.958,100.887,97.9287,106.768,97.3101,101.93,102.743,95.2016,100.577,108.494,100.671,100.377,100.706,98.2699,104.593,98.8177,106.533,97.3778,102.327,99.148,98.0334,99.6725,99.3223,107.155,110.757,100.889,96.5062,100.571,97.8853,102.074
2015-07-01,100.917,104.13,100.508,101.71,99.6003,102.079,104.323,106.275,101.442,98.5385,107.142,97.8525,102.012,105.057,94.6258,99.756,112.839,101.188,101.752,106.384,97.7562,107.104,98.9202,105.174,97.3364,102.227,99.2065,98.0251,99.7584,108.373,107.999,112.555,100.647,97.8309,101.223,98.6535,102.084
2015-08-01,100.583,104.572,100.824,100.75,100.036,102.147,101.915,101.654,102.215,100.183,106.634,98.6969,101.824,102.628,94.1615,98.821,115.713,100.602,100.507,102.059,97.256,105.823,98.4565,103.4,96.1972,102.302,99.6405,98.6749,100.097,102.524,108.296,110.976,101.328,98.0081,101.037,100.179,101.169
2015-09-01,100.303,103.124,101.799,100.215,100.131,101.765,101.498,100.376,101.843,99.3616,106.51,99.2148,100.686,101.44,93.7309,97.9504,112.218,100.598,100.041,102.794,96.588,104.022,99.1872,103.097,97.7328,102.317,99.4928,97.9974,100.18,102.238,107.834,109.297,101.193,98.7093,100.755,99.4337,101.821
2015-10-01,100.159,101.177,100.375,99.9482,100.086,101.345,101.46,100.64,101.313,98.8304,106.264,98.3442,99.7089,100.991,93.2857,96.6236,108.467,99.8781,100.034,102.72,96.1354,105.525,99.0355,103.683,97.8253,100.422,99.88,98.8638,100.355,103.05,104.564,109.052,101.06,98.7182,100.267,98.9578,101.908
2015-11-01,99.8961,99.0039,97.6905,99.1235,100.415,101.037,100.535,98.9084,101.182,99.835,106.237,95.76,98.3241,97.6976,92.5115,96.0823,105.106,98.7446,99.2715,99.6239,95.804,105.346,99.3192,103.427,98.3531,97.8945,99.944,98.898,100.431,100.436,104.277,109.003,99.8022,97.4995,99.5298,99.9234,102.087
2015-12-01,99.634,98.2429,95.8513,98.8979,100.118,100.434,100.776,98.3644,100.336,99.2266,105.658,93.7885,97.441,96.805,93.0638,95.0624,98.6917,98.3552,99.0787,98.4524,95.9743,103.304,99.2258,104.345,98.6703,97.0767,99.701,99.1724,99.956,99.518,104.18,109.058,98.5812,95.9607,99.0417,99.4982,101.936
2016-01-01,100.033,96.2987,99.7571,99.1273,100.765,101.78,101.99,100.95,101.72,100.027,106.427,97.6632,96.9482,96.8399,92.9417,94.1258,94.6816,98.7176,99.2192,100.301,94.9061,104.371,99.9799,104.618,99.5009,97.4085,100.017,99.1319,100.431,102.679,101.224,108.599,100.248,97.0644,99.5607,100.227,102.908
2016-02-01,99.6927,94.2633,99.4946,98.715,100.524,101.585,101.59,100.604,101.584,99.2417,105.621,99.6465,95.8988,95.8212,92.7985,93.1237,81.7516,98.048,98.9412,99.5051,94.9621,104.553,99.7337,101.823,99.0378,95.9907,99.7589,98.874,100.171,101.747,102.48,108.051,99.8813,97.0425,99.0445,99.6083,102.215
2016-03-01,99.6262,91.945,95.4647,98.2896,100.894,100.722,101.288,99.494,100.559,98.9048,106.59,94.6113,95.1909,94.6272,93.2549,92.7567,76.9527,97.269,98.5207,99.0837,94.301,103.952,100.19,102.757,99.6942,93.9201,99.3184,98.7994,99.5641,100.681,102.988,107.298,99.5854,94.3629,98.3096,99.4972,103.088
2016-04-01,99.5238,89.8275,101.422,98.5013,100.432,101.786,102.517,101.475,101.575,98.7684,106.615,100.057,94.7483,94.1324,93.3205,93.3658,71.5713,97.3889,98.6882,99.7286,94.9309,102.981,99.3093,101.369,98.4902,94.69,99.5527,99.212,99.7165,102.42,99.8474,106.919,98.6857,96.1755,98.6421,99.2674,102.349
2016-05-01,99.4494,89.7985,99.8908,98.2594,100.534,101.422,101.116,99.0404,101.513,99.0014,105.98,99.6561,94.5386,92.9429,94.0013,93.832,66.4931,97.1925,98.8749,97.936,95.4902,105.496,99.5013,102.072,97.9619,93.7687,99.475,98.6378,99.866,99.7072,99.3756,107.696,100.111,97.098,98.4184,99.6692,101.899
2016-06-01,99.6709,89.6499,102.73,98.8366,100.435,102.381,103.379,103.103,102.091,99.3289,105.262,102.656,94.352,93.0608,93.0005,94.1721,66.5655,97.6595,99.3391,102.61,95.5621,103.751,98.8543,102.865,96.6027,95.0349,99.6015,98.417,100.153,103.736,100.666,107.418,99.7694,98.6992,98.8833,99.9895,100.875
2016-07-01,99.7169,90.1792,102.928,98.9912,100.329,102.171,103.455,103.286,101.799,98.9631,104.046,103.389,94.4297,92.14,92.5945,95.4762,68.0076,97.8212,99.4537,103.666,96.2453,101.734,98.979,103.964,96.8674,95.2728,100.167,99.133,100.648,104.683,101.242,107.635,99.8114,99.583,98.9992,99.5929,100.552
2016-08-01,99.2901,89.8027,105.009,98.3471,100.151,102.334,102.827,102.755,102.193,99.6842,103.099,105.361,94.1437,92.0216,94.2829,94.5555,69.1769,97.6007,98.8185,101.591,96.0933,101.853,98.771,102.236,97.0272,95.5153,99.7753,98.3658,100.431,103.321,102.314,106.631,99.1555,101.653,98.85,99.9742,100.086
2016-09-01,99.4657,90.0175,102.543,98.2556,100.666,102.086,103.177,103.053,101.771,99.5764,103.069,103.412,93.9636,92.3992,95.041,91.7161,71.4895,97.4916,98.5543,101.732,95.5762,99.4953,99.8174,103.53,98.4003,94.7651,99.9765,98.5298,100.65,103.479,105.049,106.122,100.611,100.346,98.7457,99.9963,100.886
2016-10-01,99.5431,92.5481,99.5807,98.5437,100.54,101.519,103.548,103.495,100.932,99.6481,103.181,99.5661,94.5254,93.0465,96.8055,91.529,74.8492,97.8385,99.0879,101.511,96.8693,100.658,99.8215,104.486,98.5841,95.145,99.7158,98.8626,100.112,103.843,105.905,105.315,100.626,98.9378,98.7611,100.015,100.675
2016-11-01,99.4371,92.0388,97.067,98.4103,100.449,100.39,101.837,100.878,99.9724,99.2728,102.685,96.5838,94.7827,92.8462,97.6058,92.6678,76.4874,97.5089,98.6792,100.477,97.3654,98.754,100.433,105.094,99.629,94.2581,99.7798,99.3579,99.9752,101.43,106.445,105.037,101.903,98.9194,98.3491,99.5802,100.935
2016-12-01,99.4441,91.908,103.285,98.8359,99.9968,101.798,102.007,101.769,101.74,99.0764,103.772,104.501,95.9837,94.4633,97.9266,94.4737,82.101,97.9319,98.6302,100.505,98.0215,99.3329,99.3386,102.972,98.2956,96.2459,99.437,98.0606,100.08,102.3,107.145,103.65,100.759,100.843,99.0214,99.2955,100.955
2017-01-01,99.5844,94.0411,97.7632,99.1403,99.9945,100.446,101.883,101.382,100.034,99.9271,100.727,98.4738,96.2201,94.1453,97.9911,95.3636,86.0736,98.1185,99.5904,102.484,98.369,100.216,99.794,103.507,98.9509,95.4119,99.5043,99.6174,99.4492,101.68,105.496,102.815,99.9328,98.3749,98.7611,100.036,100.201
2017-02-01,99.4561,96.1802,92.9049,98.9061,100.008,98.9642,101.344,101.642,98.2806,99.8881,99.6117,91.9198,96.2547,95.2743,96.8275,95.697,89.3044,98.1758,99.3261,100.844,98.0186,99.695,100.019,101.811,99.18,95.7158,99.4575,99.6834,99.3499,101.389,104.882,102.476,102.487,97.5942,98.3646,99.9924,99.4798
2017-03-01,99.1188,97.373,99.9196,98.7163,99.5319,99.4788,99.6797,98.9732,99.4227,98.9637,99.6887,99.4015,97.0249,94.3536,98.5119,97.4722,93.1169,99.1189,99.0623,99.8774,98.2469,100.635,100.084,100.622,100.219,98.547,99.506,99.1297,99.6818,98.5683,102.501,101.145,100.534,100.186,99.0137,98.9963,100.018
2017-04-01,100.284,98.5841,99.6453,100.37,100.256,100.347,102.219,103.232,99.8101,99.7604,99.5553,99.7211,99.9215,98.8578,99.9071,99.0309,97.6497,99.8411,100.231,101.463,99.6457,102.385,100.835,100.844,101.497,98.7844,99.997,99.8997,100.042,103.552,101.273,101.003,101.972,99.843,100.022,99.7021,100.328
2017-05-01,100.141,99.4915,100.784,99.8865,100.437,100.757,100.904,101.879,100.715,100.001,100.455,102.873,100.04,99.6696,99.6977,99.438,100.177,99.8701,99.5842,101.659,99.3441,98.3869,101.07,100.501,102.164,99.4076,99.8534,99.801,99.8778,102.067,101.005,100.206,99.9432,100.836,100.141,99.9117,100.997
2017-06-01,100.215,100.782,100.804,99.889,100.536,100.261,100.091,99.9625,100.311,99.5997,100.427,101.881,100.18,100.155,100.047,100.536,104.285,100.57,100.175,101.897,100.357,99.0466,101.574,99.7679,103.135,100.358,100.061,99.9439,100.117,100.479,99.3251,100.318,100.796,100.721,100.347,99.5713,101.368
2017-07-01,99.8212,100.787,101.395,99.0533,100.657,99.9093,97.2951,95.5002,100.658,100.545,100.587,101.653,99.8937,98.4682,100.103,101.394,105.124,100.329,99.2682,97.3352,100.013,98.396,101.352,98.633,103.243,100.812,100.05,99.8115,100.164,95.5606,99.4578,98.9955,99.9335,100.186,100.107,100.374,101.799
2017-08-01,99.6519,100.042,99.6731,99.4839,99.8184,99.7411,98.176,97.3021,100.19,100.815,99.563,99.9622,100.485,102.055,100.812,99.8952,103.887,99.4902,99.3067,98.4478,99.9243,98.632,99.1429,99.5731,97.5907,99.9393,99.51,99.0922,99.7083,97.8734,99.0874,99.5561,102.474,99.4288,99.6925,100.761,98.5193
2017-09-01,99.6802,101.138,99.2727,100.622,98.638,99.6104,99.2653,99.2012,99.712,100.783,100.038,97.6846,101.657,103.633,100.791,102.389,104.173,99.3491,100.38,98.7484,100.675,101.068,95.6855,99.1528,92.4598,100.642,99.7943,100.641,99.3945,99.0724,97.4065,98.9607,99.4602,99.1162,99.7954,100.496,96.6827
2017-10-01,100.733,102.7,101.419,101.221,100.215,100.306,100.062,100.9,100.377,100.661,100.316,100.661,102.488,104.201,102.026,102.716,104.727,101.296,100.795,99.4273,101.261,100.924,100.18,99.5212,100.829,102.57,100.423,100.871,100.212,100.571,97.1444,97.864,96.8929,100.159,101.025,100.64,100.602
2017-11-01,100.786,104.437,101.379,101.375,100.21,99.9146,99.2253,99.0984,100.109,100.144,99.1581,101.507,102.936,104.623,101.938,102.569,104.384,101.845,101.41,98.8693,101.936,101.305,100.409,97.2074,101.211,103.263,100.796,100.918,100.739,99.0519,95.6842,98.6423,97.6229,100.684,101.266,100.194,100.371
2017-12-01,100.529,104.444,105.039,101.337,99.6964,100.265,99.8554,100.928,100.38,98.9125,99.8727,104.262,102.898,104.565,101.348,103.499,107.098,101.996,100.872,98.9482,102.209,99.3101,99.8543,98.8596,99.5205,104.55,101.047,100.59,101.264,100.135,96.7381,98.0175,97.9519,102.87,101.464,99.3244,99.6338
2018-01-01,100.221,104.149,107.584,101.446,98.9085,100.726,100.111,101.165,100.897,98.8316,99.0453,107.405,103.411,106.274,102.747,104.672,109.807,101.827,100.966,99.3102,102.181,100.94,98.2382,100.272,97.0769,105.019,100.307,99.0979,100.881,101.56,96.9737,97.7195,96.8381,102.841,101.463,99.2011,98.0982
2018-02-01,101.072,106.963,100.599,102.567,99.5125,100.028,102.191,103.657,99.4311,100.252,98.7688,99.1001,104.023,107.633,101.942,104.088,114.494,102.249,101.909,102.033,101.647,100.869,98.7067,101.798,97.3509,104.904,101.417,101.397,101.428,104.568,96.7419,97.1283,96.3761,101.128,101.709,100.627,98.3595
2018-03-01,100.997,108.706,103.79,102.906,99.0308,100.181,103.478,105.94,99.2717,98.7793,97.5687,102.152,104.241,107.647,102.732,102.859,118.594,103.258,102.038,103.149,101.32,101.528,99.2944,99.4147,99.1776,107.04,101.402,100.868,101.656,106.931,95.7488,97.3512,97.5675,103.218,102.207,99.1617,98.5032
2018-04-01,101.698,109.982,107.84,103.706,99.7322,101.884,104.032,106.366,101.287,99.8471,97.8242,108.367,105.592,107.761,103.502,104.624,122.37,104.085,102.796,103.021,102.52,102.756,100.05,99.822,99.8174,107.985,102.166,101.844,102.319,106.852,96.5945,95.9255,96.7153,104.361,103.333,100.387,98.8499
2018-05-01,100.865,110.582,104.379,102.511,99.3116,99.2629,100.194,99.7643,98.9943,98.9903,97.4434,101.062,104.274,102.3,103.627,102.86,128.47,104.056,102.245,99.0147,102.864,102.264,99.6488,98.5931,99.3553,108.686,102.043,102.51,101.821,99.1038,95.7154,95.5038,97.2845,102.104,102.402,99.6358,98.4965
2018-06-01,101.512,112.993,104.301,103.732,99.4999,100.215,103.088,104.524,99.4217,99.2087,97.4443,102.621,105.706,104.925,104.496,103.007,131.505,104.786,103.064,101.546,103.263,103.732,99.933,98.7753,100.187,109.603,102.272,102.4,102.212,104.905,93.536,94.8171,97.3177,103.186,103.198,99.7563,98.7456
2018-07-01,101.593,114.428,103.54,102.922,100.49,100.22,101.013,99.9781,99.9838,100.385,98.2427,101.73,105.04,100.377,106.15,103.799,131.257,105.314,102.588,98.4798,103.531,102.37,100.864,98.0752,100.575,110.847,102.398,102.424,102.386,100.056,97.667,95.9446,99.0677,102.679,103.365,100.962,99.3937
2018-08-01,101.831,117.356,104.589,103.742,100.099,100.96,103.233,103.867,100.325,100.632,97.6535,103.071,105.579,98.8361,106.352,105.779,133.369,106.23,103.059,100.602,104.321,101.969,100.193,100.343,100.107,113.156,102.404,102.616,102.304,104.127,96.0198,96.7195,97.3676,104.454,104.033,100.89,98.416
2018-09-01,101.877,117.788,104.362,103.796,100.129,101.007,104.639,105.75,100.007,99.8027,97.9031,103.134,105.358,97.5441,105.96,105.345,134.267,106.505,103.419,101.782,104.022,102.943,100.122,97.3844,99.3064,113.558,102.189,101.879,102.335,106.539,95.4883,96.677,98.7698,103.587,104.1,100.543,98.3917
2018-10-01,101.479,117.833,106.114,103.611,99.5387,100.988,103.52,103.709,100.284,98.1587,98.6488,106.236,105.124,93.739,106.872,106.294,135.821,106.373,103.274,101.579,103.999,102.863,99.7238,100.091,98.6115,113.599,102.05,101.956,102.094,104.723,95.7839,96.8591,98.0364,104.887,103.986,99.0675,98.2513
2018-11-01,101.222,118.607,107.852,103.04,99.612,101.3,103.295,103.331,100.74,97.6389,99.9265,108.025,104.131,89.7658,106.777,105.891,135.673,106.879,103.315,102.56,103.694,102.995,99.7361,97.568,99.0438,114.868,101.471,101.49,101.46,103.737,96.9624,96.7498,98.6864,104.269,104.068,98.4627,99.1285
2018-12-01,101.554,120.466,103.467,103.544,99.8327,101.264,105.699,108.264,100.046,97.906,99.6437,105.109,104.151,90.0471,108.652,103.995,133.734,106.928,103.739,103.132,104.049,102.919,99.9468,93.7492,99.6758,114.441,101.547,102.249,101.213,109.25,96.6624,95.9022,98.8417,102.533,104.094,98.6335,99.0132
2019-01-01,100.659,119.872,104.159,101.822,99.8224,100.354,100.02,98.4213,100.424,98.8807,99.3776,105.727,103.169,84.6138,108.879,104.229,132.1,106.272,102.144,98.7851,104.073,98.9716,99.2348,95.4055,98.6315,114.763,101.355,102.064,101.017,100.485,95.7267,94.6474,98.1822,103.754,103.402,99.5043,98.1822
2019-02-01,100.09,118.153,104.952,101.284,99.1796,100.519,101.143,101.361,100.331,98.5635,100,105.206,102.157,84.4245,108.303,103.254,129.007,105.584,101.705,98.6657,104.283,98.0185,98.7142,96.2024,97.5933,113.718,100.211,100.146,100.24,102.492,94.5193,94.9936,97.3636,102.596,102.837,99.3772,98.33
2019-03-01,99.8288,118.538,106.833,100.979,99.0057,100.85,100.17,100.382,101.015,98.3056,101.209,107.326,101.995,83.19,108.275,103.127,128.422,105.596,101.172,97.7479,104.154,98.8243,97.8489,96.4939,96.8209,114.864,99.9786,100.263,99.8417,101.626,96.2932,94.5667,95.983,102.704,102.876,99.0277,98.3276
2019-04-01,99.2058,121.043,102.97,100.277,98.425,99.426,99.8073,100.092,99.305,97.6377,99.869,102.736,100.418,79.1337,107.917,101.172,126.523,105.735,100.65,96.484,103.527,98.9692,97.9494,94.6438,96.517,115.72,99.639,100.02,99.4558,100.937,99.0001,94.1964,96.2103,102.986,102.274,98.5634,97.5545
2019-05-01,99.1939,121.147,104.125,100.305,98.3877,99.8601,100.979,101.332,99.5403,98.5157,98.2876,103.947,99.9082,76.2815,107.146,102.978,124.267,105.751,100.728,97.4958,103.611,98.8537,97.5861,94.4315,96.0865,115.941,99.9512,100.607,99.6369,102.474,98.5606,93.5371,95.7747,103.259,102.392,99.2477,96.5471
2019-06-01,99.5968,122.037,100.706,100.55,98.8945,100.435,102.397,104.599,99.8884,100.559,99.1621,100.903,100.432,77.6568,107.304,102.63,125.187,105.391,100.619,97.9228,103.623,97.5531,97.0223,94.4605,95.1017,115.481,99.7618,101.319,99.0185,105.985,99.2096,93.2752,94.0501,101.418,102.438,101.184,96.2151
2019-07-01,98.8863,119.814,103.756,99.7027,98.3299,100.041,100.672,101.57,99.8578,98.0822,101.982,102.9,99.095,76.4294,106.785,100.091,125.63,104.94,100.168,98.4069,103.103,96.9178,97.0588,91.7106,94.6804,114.733,99.6112,100.483,99.1941,102.705,97.6577,92.5799,96.3372,104.826,101.941,99.1548,96.8965
2019-08-01,99.5107,122.584,102.972,100.322,99.0193,100.368,102.001,103.615,99.9132,98.8507,101.93,101.761,99.9528,77.7014,106.552,100.611,125.948,105.956,100.51,96.9036,103.482,98.7099,98.0755,94.8825,95.8505,116.512,100.046,100.723,99.7223,104.391,97.2454,92.4809,98.6943,104.419,102.639,99.7722,97.6338
2019-09-01,98.7161,123.136,105.17,99.134,98.6065,99.6119,100.067,100.311,99.4832,98.9263,100.387,101.514,98.582,75.4324,107.444,99.001,123.449,106.172,99.5261,94.0561,102.514,99.0536,98.4664,93.1289,96.4504,117.982,99.7855,100.083,99.6434,99.5115,97.1462,92.1576,98.6245,105.163,102.292,99.7448,97.3963
2019-10-01,97.8893,122.3,104.221,97.8024,98.3453,99.0864,96.632,95.0176,99.7656,99.7316,100.712,101.516,98.2869,75.1096,106.08,99.3343,121.121,104.863,97.6278,89.3499,101.792,95.5615,97.767,92.7304,95.2931,116.978,99.0221,99.1433,98.9648,93.4023,95.2744,90.1717,99.0665,104.551,101.428,100.505,97.1321
2019-11-01,98.6639,120.02,105.614,99.6267,98.0805,100.555,102.833,105.573,99.9201,99.5242,100.542,102.93,99.4505,79.8129,106.759,99.522,116.879,104.686,98.5596,95.284,101.669,95.7631,97.0968,94.2471,93.7201,115.926,99.0912,98.6948,99.2851,104.204,93.8457,89.3527,99.043,104.708,101.937,100.4,96.5895
2019-12-01,98.7599,120.342,102.673,99.4598,98.3657,99.9069,101.528,102.784,99.4598,100.988,99.425,98.6141,99.7557,78.6565,107.844,99.5239,116.846,104.35,98.2957,92.7092,101.257,97.4724,97.7646,94.4323,94.4153,114.823,99.3953,99.4291,99.3792,101.104,93.8922,90.0614,98.8266,104.204,101.7,101.865,96.1523
2020-01-01,98.4689,120.736,98.6077,98.7351,98.4241,98.9933,102.557,104.586,98.0036,99.8746,99.7899,93.3678,97.1398,69.6943,108.89,99.0496,118.626,103.848,98.1813,93.2953,99.5557,97.969,98.0172,96.5399,94.4748,113.345,100.194,101.438,99.5838,102.656,90.9265,91.232,100.54,102.249,101.034,100.922,96.3502
2020-02-01,98.644,119.237,101.879,99.085,98.5115,100.008,105.441,109.38,98.4931,100.303,99.8862,95.0986,97.2413,67.4729,110.364,98.2506,120.578,103.803,98.0158,95.108,98.9638,96.04,97.6494,95.9922,93.6507,113.776,100.49,101.31,100.089,107.828,92.0173,90.1566,100.998,103.055,101.374,101.336,96.2903
2020-03-01,94.1084,118.536,99.7348,91.7963,97.1518,94.9801,87.6242,79.9305,97.1097,98.6864,103.121,89.9959,91.8073,53.3392,109.143,95.2106,119.938,101.071,92.0867,75.5036,96.6597,95.3175,98.1369,92.9125,94.9664,112.816,96.5537,98.3041,95.6924,75.6491,86.135,85.5541,99.1872,97.3593,97.4078,100.031,97.9725
2020-04-01,79.7713,102.968,100.472,72.4491,88.0105,84.1471,53.609,30.3948,92.9119,92.3318,97.3447,95.9791,72.3741,19.7371,103.381,80.3949,89.1573,87.9338,74.9657,34.2859,87.8623,79.5593,90.0183,67.0598,88.3215,101.412,85.8783,87.7368,84.9626,20.5804,61.9596,79.905,92.5148,89.1121,84.5619,93.2845,91.9821
2020-05-01,83.193,89.5779,98.5173,77.8301,89.5503,87.5392,64.6781,46.6636,94.1008,95.7752,95.2448,96.1822,76.897,31.369,101.182,85.2738,62.6822,86.799,78.5525,47.0465,89.5055,77.2551,90.1228,75.2702,88.3021,92.7188,87.4313,91.0686,85.628,39.3778,71.9015,78.6683,88.1134,85.4602,85.9604,96.5053,91.8093
2020-06-01,89.6346,92.0042,100.543,87.7798,92.314,95.2679,92.3988,90.1137,96.0513,99.293,96.391,94.3417,83.2673,50.1778,105.946,88.1486,54.9915,91.8853,85.8464,77.9102,90.2258,78.7431,91.6634,79.7947,88.958,97.5534,90.2524,92.726,89.0337,85.2413,79.0907,80.8883,88.772,90.2598,91.5934,100.15,92.3713
2020-07-01,92.9127,96.6742,104.205,93.0104,93.4759,99.6641,107.356,114.805,97.3937,99.0659,98.9686,98.1177,86.2548,59.47,105.943,87.4298,55.7155,95.2149,90.1554,92.1933,90.711,83.2961,92.7247,83.2928,89.9398,101.373,92.6318,94.11,91.915,107.675,76.5897,80.9107,88.1738,94.8619,95.0256,99.9877,93.9842
2020-08-01,94.3667,96.9113,102,93.905,95.3148,100.477,106.938,112.554,98.572,101.664,99.5156,95.5015,87.895,61.9634,107.507,89.4141,55.7429,95.8452,91.5877,91.6612,91.967,87.5047,94.3412,88.0051,91.275,100.042,93.9412,95.4025,93.2338,104.713,83.6205,84.0659,88.7379,93.0067,95.9549,102.444,95.2989
2020-09-01,94.4269,98.2139,100.837,93.9252,95.2481,99.2072,105.45,109.504,97.3767,99.8621,98.8982,93.9105,87.5605,62.4449,100.278,90.6292,58.8997,96.6267,92.209,91.0298,93.5848,87.9744,95.6368,91.7457,92.6704,100.661,94.5984,95.5878,94.1314,102.082,82.9525,85.6976,91.0721,93.5348,95.9669,101.015,95.5095
2020-10-01,95.4115,96.7829,101.954,94.7215,96.4189,99.5442,106.096,108.991,97.637,100.389,98.769,93.5317,88.14,63.3798,99.3236,90.0065,63.5125,97.371,93.1807,90.4514,94.1724,89.6567,97.4595,91.0276,95.6103,100.255,96.3173,97.2607,95.875,101.127,86.3371,86.5632,93.8695,94.6006,96.7394,101.263,97.0645
2020-11-01,95.8869,100.645,98.4616,95.3641,96.8214,99.5598,107.189,111.046,97.3581,101.243,99.3824,89.5246,88.7233,63.5109,100.199,90.0118,66.8822,98.0128,93.6886,89.9449,95.1527,91.1403,97.8193,88.0115,96.4048,101.344,96.3577,97.2522,95.9408,101.478,84.9672,86.1152,94.0685,94.2008,97.0816,102.06,97.4373
2020-12-01,96.5885,101.115,104.844,96.1928,97.5177,101.638,108.708,112.983,99.6049,101.894,100.298,97.966,89.549,64.6232,100.326,91.2535,72.6011,98.8583,94.2339,91.1855,95.2016,89.9197,97.8777,91.0019,96.2299,103.23,97.688,98.6488,97.2382,103.23,86.7007,85.0563,93.9441,97.942,98.363,102.498,97.6797
2021-01-01,97.5015,103.514,100.773,97.2194,98.3819,101.837,109.642,112.257,99.609,102.919,100.756,94.8139,91.5614,67.627,100.642,92.3026,78.6737,99.4205,95.3475,91.7275,96.9152,91.2271,98.4283,89.4756,96.9091,103.144,97.6326,99.0603,96.9419,102.305,88.6108,86.1788,95.5406,96.968,98.8822,103.402,98.0178
2021-02-01,93.569,95.0115,107.877,93.8219,93.6248,99.4108,102.712,102.172,98.4536,98.8621,100.478,98.4615,89.1181,63.4318,98.8954,90.3469,80.4164,95.204,92.9838,86.2096,95.7236,90.2394,90.1123,88.0034,83.7826,99.8626,94.7307,95.4493,94.4072,92.7865,87.0699,86.0807,90.7565,96.758,95.6149,99.6285,90.9605
2021-03-01,96.4528,105.425,102.031,96.1015,97.2677,100.771,104.087,103.407,99.8189,101.085,101.464,98.5934,91.3336,62.1922,102.455,93.5563,82.4735,99.0677,94.8678,87.3871,97.8833,91.2239,95.9122,89.9489,92.4295,104.653,97.5578,99.3823,96.6598,94.0784,88.6894,86.8391,94.5174,97.1238,98.3856,101.888,96.1381
2021-04-01,96.6118,105.773,102.22,95.127,98.746,100.193,101.478,98.6002,99.8102,100.85,102.216,98.6304,90.4135,57.175,103.52,93.7946,84.4842,99.996,93.9504,82.4836,97.9921,91.6106,99.5938,90.2251,99.9396,105.784,97.8636,98.944,97.356,87.6949,89.4324,85.6447,94.1196,98.7584,98.5587,101.486,100.266
2021-05-01,97.6204,107.004,101.723,96.1336,99.869,100.912,103.2,100.923,100.261,101.145,102.342,99.7933,91.567,58.0753,106.899,94.3782,87.2501,100.975,94.9027,83.9751,100.323,91.176,101.283,89.5822,103.352,106.3,98.5651,99.0305,98.3818,90.4312,92.6398,85.1603,94.6613,98.4698,99.4333,101.739,102.746
2021-06-01,97.6096,107.317,105.15,95.9943,100.049,101.008,103.477,100.096,100.312,100.806,102.763,100.947,91.2432,56.2396,107.085,94.2413,89.2149,101.79,94.708,83.1388,100.087,91.3628,102.032,88.1,104.811,108.326,98.7157,98.9082,98.6771,88.6696,91.8429,82.646,93.5484,101.267,99.7987,101.435,103.218
2021-07-01,98.4822,107.673,102.474,97.52,100.258,101.658,105.939,104.575,100.475,102.011,101.646,100.098,93.044,58.1826,109.01,95.9364,92.6036,101.674,95.5054,85.5848,100.559,91.8696,101.6,87.2924,104.165,107.432,99.4102,100.112,99.1036,92.4829,91.8539,83.7641,94.6153,100.724,100.252,102.201,102.776
2021-08-01,97.9859,107.722,104.269,97.1147,99.4964,101.052,104.489,102.28,100.099,100.834,101.316,100.586,92.7209,57.5456,110.445,95.8303,93.1804,101.568,95.5804,84.3675,99.7124,93.1675,101.021,85.5474,102.201,107.468,99.6764,100.736,99.1817,91.6833,94.0926,85.6978,95.502,101.591,100.044,101.597,101.367
2021-09-01,96.83,105.912,103.687,95.9524,98.2499,100.012,100.533,95.6887,99.844,99.8312,102.467,100.665,91.7852,55.9882,109.407,96.5906,91.4161,99.9273,94.4147,80.426,100.091,92.224,99.0824,86.2188,98.1245,105.548,99.2554,101.282,98.2503,85.4193,94.9343,84.6309,95.6314,101.457,98.8579,100.851,99.0987
2021-10-01,98.1777,109.604,101.882,97.6726,99.2535,100.533,105.87,104.714,99.0714,100.575,100.682,97.8274,92.1351,59.7477,110.311,96.544,96.542,102.312,96.2874,86.2503,100.869,93.8694,101.03,85.3512,101.843,108.744,99.8208,102.109,98.6784,96.1387,94.8725,85.3374,94.1232,100.75,100.186,101.611,100.879
2021-11-01,98.7305,110.489,103.283,98.682,99.3922,101.421,108.534,109.117,99.4823,101.182,99.6898,99.3183,92.4781,61.7885,111.296,96.3542,96.965,102.878,96.8663,87.2678,101.266,93.4721,101.221,85.4992,102.229,109.541,100.679,103.297,99.3632,100.064,94.3535,84.6097,92.3332,101.814,100.865,102.195,100.764
2021-12-01,98.5829,110.866,101.016,98.9047,98.9217,100.55,107.635,107.782,98.6177,99.9718,99.6706,98.3523,93.1168,61.7993,112.9,95.7153,96.4036,102.675,97.0806,87.881,101.93,92.4846,101.603,85.6468,102.595,108.566,100.479,103.748,98.8218,99.9036,91.7073,84.0208,92.9183,100.862,100.573,101.264,100.896
2022-01-01,97.7075,108.99,106.376,98.0728,97.8592,100.815,107.533,109.026,98.9772,100.815,97.7919,99.8672,91.712,60.4661,111.006,93.9212,99.2807,102.169,95.7363,86.7586,101.229,90.8784,100.844,82.4807,101.444,109.034,100.006,102.201,98.9139,99.5854,88.7331,84.0675,92.2194,104.516,100.186,101.991,99.0378
2022-02-01,98.2595,109.908,107.124,98.7534,98.309,101.002,105.607,105.644,99.7199,101.096,96.6971,103.069,92.9397,61.3984,112.349,95.0102,99.7969,102.795,96.9145,84.8133,102.542,93.7366,101.453,82.0791,101.704,109.15,100.924,103.584,99.5882,96.4871,91.0825,83.4118,93.1227,104.146,100.806,102.525,98.6321
2022-03-01,98.7452,112.312,105.937,99.6522,98.2927,101.449,108.675,111.498,99.47,101.581,96.5467,101.514,93.5229,64.3525,112.764,94.8827,102.021,103.726,97.6269,88.7264,102.481,92.6717,101.292,79.6402,101.358,110.945,100.815,103.416,99.5097,103.547,91.5603,83.2786,92.3797,103.802,101.391,102.918,98.5817
2022-04-01,98.6657,112.774,106.394,100.252,97.5766,101.183,109.052,113.333,99.032,101.031,95.7307,101.689,94.2006,66.2185,113.961,95.1147,103.472,103.8,98.1928,90.3317,103.004,94.991,100.837,79.1826,100.379,110.887,100.897,103.142,99.7798,104.953,90.9003,82.1396,92.9384,106.595,101.44,102.516,97.4681
2022-05-01,98.216,113.7,107.397,99.7356,97.2076,100.705,107.87,112.41,98.7355,100.407,96.4058,101.233,93.9349,66.5441,114.803,94.0807,106.946,104.061,97.6988,88.94,102.185,96.8054,100.75,77.8561,100.322,112.029,100.507,102.747,99.392,104.466,90.0736,81.3702,92.4545,106.399,101.334,101.997,97.4075
2022-06-01,97.6698,115.061,106.383,99.4287,96.4231,99.9022,107.645,112.038,97.7796,99.8361,95.3913,99.5117,93.8652,66.8698,115.158,93.5058,110.445,104.26,97.2559,88.9458,102.346,94.9989,100.212,76.6856,99.2815,113.221,99.4284,101.333,98.4886,104.511,94.5098,80.6669,92.5325,104.83,101.018,101.638,96.6027
2022-07-01,97.7037,116.65,105.878,100.041,95.966,99.6504,108.322,113.633,97.2826,99.5517,94.8047,98.896,94.0132,68.1405,113.895,93.1436,110.684,104.805,98.4301,90.9694,102.576,97.4317,99.9457,75.6344,99.3692,113.692,99.4844,101.6,98.4346,106.936,94.1501,78.9863,90.7661,105.773,101.223,101.418,96.2495
2022-08-01,97.6569,116.665,105.022,100.096,95.8673,99.611,107.986,113.841,97.3199,99.8439,94.7968,98.7298,94.7225,68.9091,115.706,93.6564,112.251,104.504,98.1098,92.0036,103.396,94.1579,98.9775,74.4128,98.6348,113.796,99.1524,101.297,98.0866,107.804,91.6756,78.0712,88.2828,104.909,101.096,101.65,95.9939
2022-09-01,97.6859,118.151,104.715,100.294,95.6455,99.3147,106.848,111.823,97.2447,99.2807,95.1421,98.8287,95.3975,70.3553,116.122,94.6777,111.301,104.948,98.4689,93.2725,103.877,93.6892,98.0118,74.4658,97.1747,115.151,99.1716,101.344,98.0917,108.169,93.8843,79.4981,86.7663,106.141,101.292,101.402,95.4004
2022-10-01,97.9436,117.968,102.785,100.913,95.5067,99.7016,108.382,114.713,97.3289,99.8903,95.8838,97.5888,95.9446,72.3972,115.82,94.3781,110.543,104.562,99.1214,94.295,104.369,96.0574,97.0467,72.1611,96.0324,114.167,98.9869,101.018,97.9807,111.182,93.9828,79.5618,84.9101,105.051,101.253,101.841,95.2899
2022-11-01,97.1654,117.846,105.828,99.4472,95.4209,99.2281,104.622,109.174,97.7258,99.5561,96.2499,99.3861,95.1181,71.0059,115.249,93.0512,111.559,104.421,98.0016,93.2418,103.867,92.7226,96.8588,73.1715,95.1937,114.986,98.9104,100.32,98.2298,107.043,94.1978,79.476,86.6636,106.67,100.955,101.567,95.0073
2022-12-01,95.4905,115.16,110.11,98.5727,92.8683,99.2185,104.077,108.824,97.8593,98.0958,97.1007,102.154,94.2062,70.8342,113.181,91.716,110.364,102.566,96.5784,94.1987,102.189,90.3287,92.7672,72.4843,90.2824,114.119,97.3638,98.9423,96.5936,107.047,93.892,77.2539,81.4191,106.985,99.7664,99.8586,91.9286
2023-01-01,97.1426,120.283,99.0631,99.5756,95.2434,98.3112,104.785,109.43,96.5237,100.595,96.8618,92.8301,95.0696,71.1113,113.184,93.7715,109.701,104.315,98.1836,95.6479,102.856,92.9488,96.9395,74.9164,96.3056,114.482,98.1011,100.814,96.735,107.254,97.086,78.0672,83.6515,103.863,100.505,102.31,95.4317
2023-02-01,97.1576,119.663,101.014,99.4581,95.4638,98.6242,104.353,109.043,97.037,100.27,98.0612,94.8017,94.2676,70.526,113.23,92.3713,107.693,104.735,98.5829,96.6953,104.295,92.395,97.2538,70.855,98.1053,115,97.8648,99.8702,96.8703,107.263,94.5164,76.858,81.9975,104.725,100.642,102.071,97.4006
2023-03-01,96.5084,119.794,109.038,98.5799,95.0973,99.024,102.714,106.212,97.9835,98.5945,99.1394,100.548,93.8697,70.2819,112.49,91.5458,108.423,105.415,97.586,93.9977,103.861,91.5951,97.2095,71.7085,98.3479,117.902,97.9786,98.8273,97.5933,104.796,95.8499,75.9686,82.6065,109.372,101.02,100.303,97.3174
2023-04-01,97.3384,120.37,104.715,99.7386,95.7658,99.7415,106.509,112.944,97.8759,99.25,100.764,98.1109,94.8666,73.6033,112.651,91.8925,110.655,105.317,98.7743,97.5057,104.137,93.8469,97.1349,71.9628,98.6165,116.432,97.7443,99.4483,96.9077,112.638,95.9214,74.2099,80.6638,106.362,101.253,101.138,98.196
2023-05-01,97.1391,120.027,103.589,99.8394,95.2962,99.2209,106.894,112.933,97.1128,98.5919,100.463,96.6195,95.22,75.637,111.906,91.1143,110.409,104.926,98.8237,98.3935,103.718,91.8573,96.2322,70.938,96.4201,115.929,97.4518,99.322,96.5273,113.634,95.0306,74.1674,81.9599,106.462,100.929,100.619,97.1749
2023-06-01,96.4579,119.602,101.582,99.1397,94.6488,97.4118,103.786,107.956,95.6559,96.7549,100.203,94.3536,95.1493,74.7645,112.493,91.1483,108.501,104.365,98.4965,96.6996,103.322,92.1504,95.6068,68.4137,96.4727,115.171,97.1724,99.0364,96.251,109.085,92.9961,73.6689,80.0499,105.891,100.12,98.8423,97.4438
2023-07-01,96.7983,120.441,105.429,99.6723,94.8808,98.6925,106.542,112.785,96.5373,97.2729,99.6007,97.7648,95.7489,77.9058,112.172,90.7201,107.126,105.112,98.7262,98.915,102.921,91.9025,95.8939,71.694,97.2479,116.833,97.3845,99.1364,96.5226,114.382,93.8014,72.0262,77.8487,107.672,100.907,99.2776,97.2698
2023-08-01,96.7471,119.197,106.377,99.0946,95.4023,98.7668,104.115,108.685,97.2893,98.0038,100.303,98.9927,95.5933,77.1664,111.603,90.4258,105.56,104.916,98.1497,97.5634,102.784,90.9833,96.0344,70.1389,97.548,116.841,97.4509,98.392,97.0186,110.119,92.0869,71.5069,79.7712,108.623,100.839,99.7193,97.8117
2023-09-01,96.8122,120.099,106.691,98.8213,95.7689,98.7784,104.181,108.877,97.2859,97.7473,100.407,99.0845,94.8888,77.2778,109.934,89.201,105.902,105.477,98.1193,97.3257,101.866,91.8323,97.2845,69.9063,99.4781,117.576,97.5997,98.9517,96.9499,109.516,90.6337,72.5268,82.6789,108.827,101.021,99.481,98.4738
2023-10-01,96.3358,119.264,105.909,97.725,95.8613,98.287,100.577,102.611,97.638,99.0734,100.557,97.5357,94.3586,74.4264,110.978,89.1198,105.68,104.624,97.0404,94.0597,102.134,90.0694,96.8974,70.5419,98.6897,116.667,97.6462,98.9147,97.041,102.066,90.7641,73.7454,80.7514,108.594,100.469,100.763,97.9017
2023-11-01,96.7233,119.882,106.116,98.7652,95.7129,98.8778,104.122,109.811,97.4273,98.2608,101.108,98.3178,95.2379,78.9541,110.879,89.0958,104.752,105.083,97.8607,96.8775,102.805,90.9342,96.6983,69.1446,98.145,117.17,97.2496,98.5256,96.6405,109.541,88.0121,72.3076,81.9217,108.651,100.864,100.078,97.8122
2023-12-01,96.6742,120.139,103.879,98.5143,95.9704,98.9616,105.731,112.363,97.0969,98.0939,101.728,97.2132,94.9048,79.9435,109.833,88.7382,104.854,104.738,97.6078,98.5585,102.035,90.3888,96.7587,68.2228,98.3442,116.432,96.6841,97.8067,96.1565,112.138,86.5429,71.2644,81.4678,107.96,100.603,99.9932,98.4272
2024-01-01,95.2438,114.846,106.689,96.8103,94.6876,97.6232,100.443,103.76,96.8289,97.4122,101.247,97.6527,93.4403,75.9594,110.052,87.713,103.57,103.075,96.1981,95.5114,102.072,87.6018,94.8653,68.3104,95.0156,114.671,95.9658,96.4943,95.7539,103.841,85.6513,72.2127,80.9509,108.618,99.2223,99.2447,96.3842
2024-02-01,96.4671,120.116,102.465,98.1581,95.7511,98.148,103.688,108.816,96.615,97.7895,102.578,94.4594,94.7122,79.2366,109.642,88.4328,105.094,104.355,96.8992,96.3126,101.565,89.5005,97.1634,69.5357,97.9394,115.864,97.2251,98.3427,96.7008,109.709,84.4325,73.7535,82.533,109.169,100.285,99.7939,98.4144
2024-03-01,96.5844,118.871,104.385,98.268,95.9109,98.3377,104.96,110.586,96.5103,97.7649,102.018,94.9427,94.5769,80.4297,109.408,88.211,106.009,104.717,97.0314,96.8826,102.091,89.9334,97.3048,70.6456,98.0975,116.63,97.1236,98.0537,96.6993,111.356,81.9815,73.1199,82.8127,108.854,100.457,99.7893,98.3088
2024-04-01,96.0498,119.185,105.9,97.6895,95.4406,98.3345,103.335,108.595,96.9459,97.0814,102.507,97.7592,94.1309,79.1442,110.022,87.3658,103.796,104.603,96.7503,95.6763,103.436,88.1466,96.552,70.0951,97.6921,117.151,96.4878,96.5385,96.532,109.299,83.7317,72.5554,82.6485,109.337,100.243,98.9313,98.4741
2024-05-01,96.5942,118.596,108.198,98.0371,96.1867,99.0282,103.649,109.02,97.7418,97.8053,103.478,98.9452,94.1104,78.7456,110.942,88.0591,103.069,105.425,97.3258,95.7392,104.004,90.6509,97.2527,71.0857,98.9971,118.318,96.9298,97.1141,96.903,109.592,83.3089,72.736,82.5347,109.661,100.863,99.8453,99.533
2024-06-01,96.4141,119.42,108.918,97.7164,96.1598,99.1899,103.786,110.251,97.9098,97.6408,103.962,99.7568,94.2294,81.065,111.187,86.7805,103.496,105.221,96.3788,95.7953,103.474,87.4827,97.6046,71.1824,99.4462,118.569,97.2499,97.268,97.312,111.179,84.1393,72.2301,82.7325,111.408,100.894,99.6314,99.9406
2024-07-01,95.6284,118.488,107.126,96.3556,96.04,97.985,97.6896,99.4607,98.032,97.4322,106.259,99.1849,93.228,75.2896,113.565,87.3672,103.767,104.268,95.7053,90.8476,104.089,87.7316,96.9152,71.9725,97.5939,117.13,96.9346,97.2086,96.8595,99.5614,82.1396,70.6352,82.8858,110.574,99.9757,99.4515,99.9075
2024-08-01,96.0784,119.568,106.979,97.4213,95.8477,98.7118,101.848,107.868,97.8274,97.1285,106.517,98.8756,93.6735,79.8897,112.485,86.4732,103.362,104.829,96.5309,94.076,104.796,89.8573,96.9718,73.0795,98.2534,117.731,96.7038,97.3271,96.4414,108.004,80.512,70.7234,82.9362,111.138,100.431,98.99,99.9794
2024-09-01,95.5692,118.314,106.22,96.2866,95.9468,98.5314,101.322,107.115,97.7411,97.5914,106.312,97.6566,90.6452,68.6661,112.033,85.3476,103.752,104.352,96.0911,94.4306,104.167,89.0698,97.5483,69.7555,98.8474,116.478,96.6456,96.9378,96.5597,107.957,78.4674,71.2907,83.1479,110.8,99.8084,99.594,100.252
2024-10-01,94.9225,119.024,107.051,95.104,95.883,98.0825,99.5393,104.185,97.6545,96.7351,106.802,98.4439,88.1628,58.8514,113.387,84.4406,102.807,104.59,95.49,92.1343,103.615,88.0947,97.2161,70.4341,99.4021,118.086,96.5534,97.0756,96.3438,104.104,78.1092,71.7675,82.5611,111.38,99.4695,98.8113,100.93
2024-11-01,95.1212,118.105,104.985,95.5874,95.9436,97.3918,100.65,105.701,96.4756,96.5293,106.327,94.7621,89.268,62.6278,113.448,85.5269,101.376,104.447,95.4655,93.1901,103.424,87.3958,98.3221,70.0524,101.456,116.918,96.261,96.855,96.0121,107.17,77.0833,69.7476,82.3985,110.827,99.2925,98.5099,101.899
2024-12-01,95.4862,119.838,109.99,96.0089,96.3771,98.1705,98.1485,101.588,98.1452,97.1805,105.193,102.024,91.0014,68.9089,114.283,85.5698,100.425,105.419,96.146,90.8569,105.079,89.0604,99.009,70.4948,102.206,118.417,97.3798,98.4533,96.8742,103.502,77.3976,68.1845,82.3642,113.233,100.327,99.2148,102.1
2025-01-01,95.1428,117.156,112.6,96.1163,95.4621,97.5667,95.9431,96.7897,97.9772,95.8937,106.217,102.841,91.9496,72.9659,115.046,85.5862,100.119,104.882,95.6361,89.1554,106.35,88.5794,97.129,70.5289,98.9981,118.834,97.5033,98.2314,97.1819,97.1065,79.2457,68.7764,82.4781,113.82,100.065,98.011,100.908
2025-02-01,96.3589,119.181,111.411,97.6761,96.2508,99.0507,99.4338,103.861,98.9166,96.9637,107.627,103.133,93.9357,80.0533,115.127,86.127,100.196,105.535,96.9211,92.5439,107.191,88.5699,98.0155,71.2932,100.801,118.549,98.0758,99.449,97.4083,106.485,78.8143,70.0222,81.8829,113.288,101.099,98.8739,102.378
2025-03-01,96.7773,120.297,106.982,98.1631,96.6279,98.3942,98.7949,102.908,98.2562,97.1998,108.845,98.5129,95.2347,83.1502,116.873,86.5256,100.314,105.38,97.319,92.2192,107.624,88.4573,97.9455,71.1416,101.392,117.677,98.2923,100.273,97.2988,106.206,79.5486,70.5736,81.1254,111.676,101.04,99.058,103.332
2025-04-01,96.6636,120.016,108.794,98.1335,96.5384,98.2645,98.6394,102.859,98.1336,97.4287,108.592,98.5117,95.1708,84.5873,115.047,87.3445,99.5124,105.845,97.6467,91.5293,107.793,89.841,97.7804,70.6933,100.633,118.76,97.9401,99.4066,97.2217,105.922,76.0994,68.603,80.2404,113.639,101.128,99.3714,103.012
2025-05-01,96.5469,120.486,107.754,98.5999,95.8641,97.974,99.983,105.1,97.3993,96.7435,106.552,98.6692,95.9093,89.2958,114.662,86.8525,97.5036,105.544,97.7975,93.7994,107.85,89.2102,96.9491,71.0312,99.7448,118.31,97.707,99.1536,96.9992,110.478,77.3348,68.1223,79.3284,113.894,100.966,98.7125,101.605
2025-06-01,96.8561,121.359,109.32,98.5758,96.5779,98.3564,99.1389,103.713,98.1148,97.292,107.915,99.556,96.1093,89.8649,114.848,86.3476,95.7209,106.414,98.1155,93.2798,108.32,91.4652,97.8191,69.7634,101.507,119.832,97.7991,99.4706,96.9707,108.793,75.8947,67.9215,80.9011,113.964,101.478,99.0436,102.933
2025-07-01,97.3083,121.28,109.895,99.29,96.8267,98.9372,98.978,103.153,98.897,97.8399,109.68,100.384,97.2818,91.8871,116.1,86.426,95.4294,106.762,98.273,93.861,109.96,89.6048,98.6174,68.2113,102.906,120.065,97.5993,98.9177,96.9602,107.47,75.0692,67.1231,80.4417,114.513,101.894,99.5672,104.258
2025-08-01,97.3272,122.386,106.444,99.3948,96.7442,98.3473,100.121,105.881,97.8363,97.4041,109.037,97.4253,96.8335,92.6852,116.54,85.2883,94.5714,106.541,98.7454,94.063,109.521,91.3779,98.486,70.1706,102.876,118.923,97.8507,99.9684,96.7825,110.521,75.1625,66.8266,80.3425,113.039,101.625,99.1467,104.253
2025-09-01,97.3415,121.127,107.824,99.3701,96.6947,98.1823,98.7424,103.385,98.0011,97.5586,109.053,97.4873,97.4359,92.5799,117.51,86.5742,94.768,106.488,98.0512,93.5778,109.681,87.9135,98.0748,70.0653,101.871,119.944,98.0788,100.516,96.8388,108.436,74.7704,68.1039,79.8246,113.077,101.668,99.4628,104.075
2025-10-01,96.5933,120.16,109.929,98.6555,95.7303,97.5721,95.6499,98.2452,98.0659,96.7653,108.886,99.2583,97.2598,89.6769,118.918,86.7934,96.4886,106.068,97.5505,91.0207,110.722,87.6586,97.0243,69.5734,100.774,120.12,97.6443,99.1319,96.9152,102.034,74.6663,69.5879,77.9748,114.392,101.219,98.593,103.198
2025-11-01,96.5457,120.969,108.351,98.5896,95.7983,96.8681,95.5139,97.0624,97.2076,96.5307,107.786,97.166,97.2734,89.2403,120.001,86.8427,97.2233,106.139,97.7988,90.7211,110.786,87.9754,97.2566,70.663,100.271,119.842,97.8233,99.2481,97.1282,100.713,75.63,68.5921,78.0727,114.778,101.081,98.5715,102.425
2025-12-01,96.49,119.252,114.834,98.7418,95.6277,98.159,95.2976,96.7964,98.9079,97.2157,106.325,105.12,98.0286,90.9138,119.561,88.0686,95.1585,106.275,97.4196,90.1885,110.981,89.1139,96.7321,70.063,99.9833,121.135,97.8964,98.6182,97.5802,101.484,75.765,66.4849,76.3417,118.242,101.611,99.2798,101.593
2026-01-01,97.0737,119.007,110.858,99.8644,95.7076,97.22,96.3231,98.796,97.435,96.5852,106.685,99.6827,98.8183,92.0653,119.891,89.1975,94.3588,106.36,98.9984,91.1241,112.749,91.866,97.0572,70.5177,100.9,119.12,98.5849,99.7891,98.009,103.894,75.7432,65.9168,76.5573,116.547,101.595,98.5774,102.22
2026-02-01,97.4168,121.538,112.853,100.13,96.1067,98.0235,97.0938,99.934,98.2472,96.8406,107.432,101.975,99.1451,94.9591,120.69,88.291,95.1478,107.427,99.2521,92.9661,112.132,92.0213,97.6858,68.1207,101.451,121.535,98.7873,99.6617,98.3896,106.611,75.4732,66.7489,77.2425,117.474,102.344,98.9587,102.791
2026-03-01,97.2708,120.095,110.256,99.9081,96.0049,97.053,95.3884,97.1789,97.4769,96.5482,106.547,99.8751,98.9767,92.8762,121.749,88.6104,93.1046,106.79,99.092,89.8561,113.506,91.6757,97.9931,66.2032,102.14,119.567,98.8379,100.077,98.2431,102.631,74.6963,66.8992,77.0508,117.07,101.79,98.6972,102.639
