date,Manufacturing,Mining,Electric and gas utilities,Durable manufacturing,Nondurable manufacturing,Consumer goods,Durable consumer goods,Automotive products,Nondurable consumer goods,Foods and tobacco,Chemical products,Consumer energy products,"Equipment, total",Transit equipment,Information processing and related equipment,Industrial equipment,Oil and gas well drilling and manufactured homes,Materials,Durable goods materials,Consumer parts,Equipment parts,Basic metals,Nondurable goods materials,Textile materials,Chemical materials,Energy materials,Nonindustrial supplies,Construction supplies,Business supplies,Motor vehicles and parts,Clothing,Paper products,Paper materials,Commercial energy products,Total index,"Food, beverage, and tobacco",Chemical,ENS
1973-01-01,10.469931109575569,0.4517871914571092,9.000896209826559,14.197817358092092,5.48344223285131,6.736246629559628,12.969540739232354,17.638342315137635,3.8826194182027374,4.010074053013168,7.339995768320451,6.191068987995996,13.379414017344482,16.560944093541874,13.348187158193237,14.365181420475025,9.698243110203709,10.63924205711797,16.316285207479698,19.33558867452987,16.01960784313725,18.81108054002345,6.227569420587509,0.7679763767381331,10.370252532352708,3.925151787884995,9.187975892259237,10.07359948346882,8.654875986471255,21.62616242361981,0.4244291031212599,1.145169208127883,6.25148752653748,6.9725013731372965,9.745944276147966,1.0876429839937085,9.733946789357862,
1973-02-01,11.301024911475487,1.6399116493944765,4.937211827977972,14.819456476941074,6.743397769008208,7.427734964795163,14.574411690137602,19.52413742285146,4.160841202191512,4.873609346230645,7.978331960601803,-0.6014473949773835,14.048095627413959,18.582247736807233,13.424630147940842,15.22793430507965,5.56466792148429,11.024273060484703,16.7577164709096,20.144323874457836,16.808840635905398,17.88331670631571,7.325480178292576,2.484843120768243,11.040669308997053,3.210805565056929,9.211159996408425,11.627174196777057,7.919287296480149,22.166403785488953,4.196794113548985,2.3105304850758124,6.410597098477755,4.892424487587244,10.202757862077295,2.774405901302579,10.23410616796836,
1973-03-01,10.741108375336772,-0.10541028748682901,3.7755348620448714,14.362310731018834,6.106266749938749,7.743416057397812,15.508223653678366,18.70370182452865,4.213381610547473,3.1875526190270342,10.528723644985782,-0.7659716289778129,13.717999487525901,17.262431101271613,13.436101442068615,14.977021389311984,8.433886726952021,9.601967227105913,15.625174538752272,18.98467292096808,18.318660260504906,12.477145548229828,5.879521068199511,1.0103123434290984,9.454565308388085,1.145401878345309,8.451968265197852,11.490489888798239,6.867257850710784,19.880918524161984,6.397238563408281,2.6851078515257143,5.284228126815105,2.5503185587888,9.499268853655618,1.059203188828528,9.771860111104536,
1973-04-01,9.348797356019345,-1.4515584173842355,4.380716624219105,12.511670183144762,5.2567805853195315,5.449509933730146,10.504308702835875,13.387000741810805,3.1139459650911805,1.2530745565125123,10.535180376883435,-1.5377503196392972,12.425115365914085,15.140989095995504,14.1248518372185,15.53258293916462,-1.5009919773414926,8.75917616654247,14.254130949371469,15.863075867649389,18.717637986118763,11.693943080877855,5.34515361331005,-0.47624782404012134,10.461915683127687,1.0198684435627214,7.983678171568509,10.05270541842036,6.899760185267723,15.891185829792697,5.214142988480397,4.094060923292209,7.487108077507165,3.660582354323627,8.254920601045711,-0.8371497030259634,10.191964857331403,
1973-05-01,9.872187475339889,-0.11552789992989032,6.856427997099224,13.232056905360356,5.5451039413037195,6.581612949123605,11.238421502793393,14.054149146780514,4.430379746835444,3.3934191974098304,9.840936432784853,1.2058647809521927,13.850795771241664,20.22528774243737,15.708849643867694,15.35516906552543,-4.593116891196014,9.231916952025454,14.298343951366665,18.24510598404676,17.725131242428315,12.56521266574886,5.3051647899892584,-2.6184287247897897,9.916646303385734,2.962403384331558,8.025215638984484,9.981375665208713,7.017105131539458,17.878859710598995,4.80534076604926,6.626491563332659,7.480856835645278,3.8897551181691137,8.97758271601945,1.734958336067205,9.963988177324467,
1973-06-01,9.51307118251965,0.16497160751807183,8.918905804038157,13.729353739267204,4.176402963999659,5.8305020474978875,11.108003892359886,13.725052683773399,3.3956853885870997,1.0026439367033513,6.063980300715399,4.620357880220105,14.82383541121921,23.94869995358997,17.73193879527406,14.73948325093708,-3.499904893888761,9.33602149830104,15.09568037607103,21.286457544072345,19.12242541421627,12.103354895592489,3.8758000079786914,-2.374827593756157,8.260540059048749,3.575260173756911,7.190163271295269,9.33899813749617,6.100674054198718,20.7348167539267,5.312027932809293,5.49422667376549,5.918044797019717,4.1642470898484385,8.83633980415821,-0.17654120471718437,8.02424453002093,
1973-07-01,9.985790408525762,1.9888285006641304,8.759148481101487,14.267432066661767,4.652285469327233,4.789683293518765,8.6091919495344,9.895496647353074,3.006797085522228,1.7451550756048873,5.654659912965521,3.335628124158152,16.22890426186736,29.405827855701048,17.245337159253936,16.16553143717365,-6.617978720581608,10.640883450167937,16.918381863656172,23.882795739083164,20.445786055035974,16.529506222400634,4.683700566999183,-3.3978755094358215,11.628114983316173,4.38032624480742,7.353103840592867,8.706543672953625,6.673901492295364,22.207196303974897,2.4448732290735853,7.138836723636377,8.298197266582786,5.175003573152548,9.345697095887772,0.06518259377217284,9.32805511882766,
1973-08-01,8.256490246790872,0.980229121532572,7.4931808759028495,12.039019364808535,3.5404657919487548,2.7241210166194074,4.513307934433763,2.081052514595272,1.8700730940742982,-0.5626319647634381,6.881771221854049,3.16036450248256,14.652377399443806,18.508334422727945,20.147559591373444,16.101072388103322,-4.115563941643774,9.035759147400402,14.266456370229585,15.779871759571984,20.350005287088923,13.279546835352551,4.002216015984961,-4.616653821521222,10.836774323953623,3.829102638273585,6.201772995612442,8.028627806266808,5.290864204114909,8.434585830452823,1.191724453921461,6.459953686877595,6.5319834390808795,4.490983687303141,7.695742496239166,-1.3787647252893387,9.525992852808308,
1973-09-01,8.20988006924146,-0.08886537468320022,9.038647728424397,12.183573917371815,3.59075874899204,3.775098276258415,6.8846075775863325,8.667484456550634,2.3161768027004204,1.9172693379206907,4.078997516890914,4.662353298160782,15.164554694846188,21.63519621786596,20.496193966732434,15.825028367359506,-6.501340482573714,8.368475452196368,13.384707632858817,14.265156023320857,18.478232652319516,14.299183750437772,3.5337277604597483,-4.231378763866878,10.078194752455282,3.3858451384442434,5.798140542562558,6.898360979778584,5.260969894758372,13.13338100322261,-0.7725503739410722,5.459115576941609,8.209797676883323,7.016304906624238,7.6971184368870516,0.5536683829946654,8.569570373770997,
1973-10-01,7.7852552799655195,0.6765780014378109,7.1585891342957675,11.20463964122611,3.771334611215571,2.731089354278593,3.7459617017826297,3.3987240146920783,2.2429497076162708,1.9234100730877168,8.76531902627713,0.29330764692243605,15.075332673485086,19.026019266157988,21.711861280206612,16.13552727768348,-12.330080970913182,8.269425701618772,12.516391866137466,12.651514289291299,17.871081294798863,14.396696715403156,3.464116115998639,-6.51845467990253,11.082630907222878,4.929194846054474,4.9932225648272155,5.326772487984832,4.855813260535191,9.378893463008842,-0.9656357937131266,5.9765000205060925,7.05181105996191,5.233145755193713,7.2459496507553345,0.853784676321645,10.702153153204463,
1973-11-01,7.202567836254481,0.3182162397313393,3.8714851680548,9.865725902526389,4.071994358878284,2.3918308928768006,1.297780742810084,0.4901225857659286,2.924513948347407,4.42805822811525,8.436621569581494,-0.51321937289589,13.443766949372105,15.685761529169628,23.525107472788818,13.73871022713442,-11.690602321095023,7.286953100171023,11.41757619439867,9.749621546671005,16.722892770572507,14.194535519125683,3.840063176707731,-5.40748580775523,9.63733052767548,2.4733165932470547,4.751642565516345,5.260748472729504,4.523100094954313,6.4069887706855955,-2.3722868673184294,7.409290416221648,7.512108345344282,5.145090774942496,6.474425959662278,3.8749767307004745,9.209986345627241,
1973-12-01,5.861397958574588,1.7691739282301278,-2.0364573279732734,8.008541032860306,3.073743929532835,-0.24142608332732296,-2.807189542483668,-6.698519120111968,1.0312437704366628,2.040756095628793,5.425613144192365,-4.049924319305386,12.246307603097172,10.651383396062686,24.189004997728315,14.58452812199791,-12.817881381298834,5.972340203573734,9.390191861973163,2.447853697311908,15.113505005041915,13.30648516416768,4.436374357144546,-4.783459816041413,9.481531835418156,0.3302565183431083,4.487195397865795,6.428196406966924,3.5193807561618495,-1.532643804936229,-2.216683643614137,7.614246425148785,7.974128206417408,2.734073078022603,4.998776770995539,1.8795023985689774,8.300088795683159,
1974-01-01,4.232840587882669,1.4112294845954443,-2.437887164457486,4.796101373244288,3.575950083370416,-1.3552301302326542,-7.498376686556096,-15.797392720169444,1.6207030592594762,2.9136166029084976,6.673512234925227,-3.558390147349899,10.26198308270676,4.135447635364309,25.446747676912086,13.189619067562663,-16.639060382472515,4.207791057336685,5.309541719589439,-5.499822926882414,13.462420628214101,9.240691246534638,5.28256187599343,-3.13432835820896,8.604646485638545,0.42201414150175864,3.8252297068610996,5.405653114345421,3.038851384214314,-13.280205180544801,-2.065109871993076,6.806494921093287,7.734429700210033,-0.018835258571980873,3.5582220466756853,3.1886729359182464,8.430436050751066,
1974-02-01,2.195290341842049,1.2935229518644897,-2.810433618611452,2.201303933777732,2.2739329204689573,-2.8458990150521335,-9.356794554057101,-17.592974459925426,0.34028556257006404,1.6366713288874735,5.88876476761111,-2.642540551829753,8.084491026845297,-2.528772443995908,26.280074028377555,10.753795779489383,-12.128911473656057,2.451413213277309,2.712557629244805,-11.114515460278184,11.395376407824532,6.581442090958656,3.828659928268663,-5.459118682125352,7.8634161139440995,0.2151840393866955,1.7536352662872234,2.214888612148891,1.5386459316523604,-17.068305499428682,-5.220023700222054,5.155851403061207,7.289262086126924,-3.983461251533127,1.775183684065662,2.3015359256032486,7.474568695486727,
1974-03-01,1.9072186549824677,1.4469696265374976,-0.04386849431269324,1.736968174448994,2.353204139565035,-2.867762103542848,-9.390600359593005,-17.343896595720132,0.312020046883843,2.3265481495728935,4.31826779713822,-0.8979256219563303,8.259248637797544,-2.9805533116435523,27.39786077503068,10.424888323691972,-10.114506280417746,2.3784146822210195,1.680198693357693,-11.914062826193328,10.391286998568194,5.6721343776168665,4.2590203106332325,-5.510132888554564,7.947357919590292,1.7519244921012644,1.6550521024566667,1.8341784913139314,1.5795990906505297,-16.621541622412206,-6.972268859237563,5.013423486129076,7.696862123293213,-0.40268179898865775,1.7295797962173731,3.3281309180195118,7.9078412056355685,
1974-04-01,1.6462373716172651,1.5916322421249074,0.8234103950379712,1.491069666108591,2.0167196465552095,-2.195179689949267,-8.670686482891988,-15.909174057232145,0.9260931748931833,1.0124553408932924,6.157254683005942,6.125463864261871,6.881173777688909,-5.2191567256348765,26.302579193352948,7.30442176870747,-2.1098105171782455,2.090030201203663,1.6131822332717816,-12.253817878789409,8.370452858203414,6.847071157122242,3.393048734210047,-5.635065563671571,6.889693659463303,1.6358548813853568,1.4706622922934232,1.1306427050530088,1.6599586828114576,-15.892436534938492,-7.348005268300972,3.3073582773184285,7.156042079828873,3.5003048955276617,1.5824833608505617,2.087467612523808,7.555096320237964,
1974-05-01,1.7441146556138154,1.818101666129146,0.9921513630548384,1.580277899684801,1.9437636468963237,-1.9142504783639658,-8.025758006433371,-13.914535856270781,0.9786604566691448,1.0643231354831029,6.67688319373938,4.891214935905741,7.3646688488507195,-4.292975248389263,25.820052280968042,8.294132713796177,2.0329208566377988,2.07134720827864,1.6135462932691302,-10.803401805046263,8.234809851585911,5.542279189900312,2.965716679724917,-3.452675403744776,5.0507944820181505,2.0989887350615577,1.375174539244206,1.1267887823380507,1.5082828093997858,-13.748573776726658,-6.905618777586642,3.4356861094525515,6.632658753525256,2.1677284724131773,1.6943721922706434,2.1834293481152622,6.164981793407209,
1974-06-01,1.7550361453597008,-0.20122282451658924,-1.2081569834551775,1.0431262089061866,2.841125474920303,-0.9221595008021999,-6.667376041809492,-11.501384316888675,1.8329297606059836,3.5555270778602877,6.0653074269885865,6.086139443364091,6.155274606090444,-4.756529680365295,24.33166077157194,6.53012398403523,-0.04786979415987158,1.2895755498209205,0.9569680971057481,-11.550500852106616,7.191163210099183,5.614587011652916,3.8052535349780703,-3.581339806804995,5.6444241695351005,-0.7671797078508402,1.0664570133654072,0.19538037603881175,1.519667279988468,-13.738516544631807,-8.741362353820325,3.627402661409551,7.594640636999728,0.7994005774300872,1.3783372404368555,4.9107671654755825,6.081572481572484,
1974-07-01,1.3549303963050319,-1.1756690200521058,2.1214355948869112,0.36819299180959053,2.7088877939046574,-0.6526217168378867,-6.730915006166693,-11.679491214551607,2.2668761861518227,1.6831441113313694,9.117830666320103,5.7209506209314975,5.180059123891412,-2.1077892210778937,25.436449665524563,4.066108562531068,-2.7582238828234407,1.527614571092828,-0.22961797064814382,-9.032639498348605,7.216540983239739,-0.1769481917617277,3.9170194123236746,-2.780931081027649,5.630875545141012,2.665167015900405,-0.374238964642315,-2.3065829818553096,0.6329808564976114,-12.403926887554084,-4.307091126820639,3.078479123296285,6.030488982843352,1.0179200073844097,1.2366153273875247,3.0431161720688937,6.9165951470703035,
1974-08-01,0.6887396388395528,-4.0887646140881255,0.32581621529448324,-0.324703313123198,2.0081422922531456,0.04257123802988705,-3.981541125906851,-4.3443314061226035,1.9043540370645928,3.05480470546724,5.662858318054709,4.803804447711824,4.785681606638592,1.640076806150459,14.076523382144558,4.870436941453593,-5.444408002623813,-0.39758288764929484,-2.0975885989335086,-8.867654984217154,2.9060317181390793,-3.056307034632888,2.522652797690683,-3.100603163764659,2.9010780736333563,-0.14624547562600565,-1.3604366052360928,-3.6896458135432075,-0.1468878144317287,-6.7024731222250615,-4.9705323621566215,1.0407522287899207,4.047863357357806,0.8237677245104713,0.2986570410559164,4.244051254824477,4.036177319522349,
1974-09-01,-0.08285403460130958,-2.012711257314126,-3.5572606640694504,-0.7965327398383515,0.9420247630744116,-2.3034262948207207,-7.436033570888878,-9.078598346653388,0.14817932199497896,0.4416774746039298,7.796104610904964,0.6176222478681659,4.615916981924362,0.4184912045003042,20.909374512556546,3.6872413875406185,-10.371298326199685,-0.6557205056916482,-1.5520213099341928,-8.303152634911115,3.4619514012138586,0.42816626992543405,1.810743755385058,-5.838045729741459,3.4692015358350536,-1.5797881602955588,-1.7588411647281421,-4.207092900573228,-0.4861801907972252,-8.722369890648396,-5.413982001164053,-1.0449473152144395,4.094407010567402,-0.22527704525513448,-0.4968941366931823,1.8682679923543333,4.646922019803368,
1974-10-01,-1.7158722729400222,-1.471796283834348,-0.47593276454857003,-2.1233843241169725,-1.251259595424592,-2.7186333511084015,-7.950340708319537,-8.153704417597208,-0.27926487457129445,-0.509293925069787,3.440758638229857,4.2298099639700215,3.3223112062539473,0.03718378217776319,18.89208851167019,2.094324625651467,-12.72686470868749,-1.937707755086604,-2.835986729136075,-9.405698851945022,1.8611093077106178,-0.3842832805656893,-1.234872974848833,-9.410941207937585,-0.18386294609566978,-0.9210437190959708,-3.2833320837592495,-5.894789797139277,-1.9409300333274149,-9.114985988938408,-5.241321882724115,-2.106210272733433,0.7593222485681173,-0.36870004372325793,-1.6003228128339875,0.6871287706211593,0.7159728499801954,
1974-11-01,-5.311383825324512,-8.3063449397766,-1.0375083629278303,-5.8897602540872835,-4.7857301739680285,-5.77467082636931,-12.32501183395418,-14.732010627864566,-2.7609824813625394,-3.50537728464847,1.3208064766514482,1.6699098564436632,1.5382331445276787,-2.0160670526481184,14.735283228433914,0.5612103479311514,-12.901190046880629,-6.6563693129455315,-7.585261512277574,-16.69715984980218,-1.8625960735618396,-5.844881708904381,-5.457490440319024,-13.955288825597034,-5.689260920239181,-5.94345215474651,-6.215688777836547,-9.447420385692807,-4.539967755139552,-16.42858382656692,-6.525976603269901,-5.093475335680953,-2.615754188189856,-2.697860523447637,-5.27083744976149,-2.67752499821583,-3.5419648621781596,
1974-12-01,-9.660692778557166,-7.096172013583835,4.929471885133174,-10.724782712144322,-8.55244782854745,-7.286378388989812,-18.021208096567022,-19.323032901499225,-2.408375421495146,-3.552644998850696,2.5863930767737298,8.597283258490318,-2.2400079009944673,-11.47214257704996,12.167995902538964,-3.4129209923889903,-11.567566810073004,-10.66703230509246,-13.634781677509157,-24.342410638585765,-4.973933851807521,-15.677001483396246,-11.450865031362746,-18.34163211968276,-12.520050111559367,-3.3100757352248267,-8.735534728528904,-14.314823155953071,-5.789299930398872,-24.90193299440402,-10.602077801567155,-5.79938793742516,-8.097678394887787,3.991579858650862,-8.426496526794857,-3.686944141176174,-8.450807460615618,
1975-01-01,-10.826010065420688,-1.8096474401563478,2.5295282310370704,-11.529922436490425,-10.299780158303495,-8.28645435147255,-17.341538379776434,-15.708760962145519,-4.429453085726765,-5.658332805109589,-0.006016226622662657,5.388678916037737,-3.999710800094358,-9.975880115239445,6.3390313390313535,-5.812462289160935,-12.56647398843931,-10.696853991485023,-14.452216271916807,-27.855271644931946,-7.000744760080857,-13.321074986133375,-13.965264606733497,-21.620187721882633,-16.362323246508147,0.8245911755631052,-10.065270105197898,-15.06489962396611,-7.424680122601313,-24.175077172041025,-11.998030803853998,-6.541789204060322,-11.15684019427996,3.2825975876004554,-9.10294517365038,-5.723743386347935,-10.595891769753507,
1975-02-01,-12.943571578553358,-3.0587235859706685,3.5854566786543307,-13.646561301652149,-12.4541046472323,-9.401103050552672,-19.56031079182674,-17.542777982721127,-5.071832089459005,-5.566613699088396,-2.953694409101293,6.831052078553812,-7.050966849249285,-13.962955463266846,1.1864051922674257,-8.344853852482636,-9.152770832880408,-12.567300725924447,-16.601870832449762,-29.96373119117559,-8.731189204146371,-14.717626489742642,-16.61773056883633,-19.18140607693801,-21.255567545755515,0.22256642000297866,-11.570647074054419,-16.496933154823225,-8.985957531122345,-26.687528055194466,-13.333373358168753,-9.877281428273587,-13.5736405623605,5.17642349012204,-10.905556569523645,-6.581324130887456,-13.98429005443197,
1975-03-01,-14.055624854358284,-4.14015183191494,3.792442155533182,-14.62323912068192,-13.91500952863468,-9.494276598207573,-18.716965235899252,-12.14431800846526,-5.573251207276475,-6.248559925298025,-3.0867687056690185,7.1203335988672345,-8.806811731315046,-11.933466375120549,-1.754868900970341,-11.990786909734263,-8.51597058654564,-13.436727514736646,-17.182706049557193,-26.97250419964129,-10.20837763129917,-16.149632909917266,-18.365906331729896,-15.751097471633024,-23.360602079119918,-0.38740763943911904,-13.799849290178745,-19.897922662708545,-10.593654797220054,-20.66020350096842,-13.636158035353507,-12.658031284323744,-19.498368884194882,5.265593332506113,-11.90451583963129,-7.075753410372842,-16.28207781456954,
1975-04-01,-13.646510880912244,-4.286235659754589,5.290157826777109,-14.827781199462608,-12.627440878848105,-7.336654324702685,-14.869642709573384,-7.816114898757243,-4.153017649224777,-2.980785885729831,-4.754720460322148,3.8993373070230763,-8.362155187552013,-10.12250161186332,-2.1448639758788524,-12.579971999894335,-10.68565846629208,-13.740941274468977,-18.443150280893317,-22.823082039826048,-12.125363932180166,-22.684276690991588,-16.991905661548124,-12.583132726753432,-23.837867693570423,-0.8693485465507189,-13.510453313922909,-19.628949767582572,-10.323878122870056,-16.75560741605081,-10.219725629561694,-12.052359839542437,-20.014419224390156,4.647380215021291,-11.440706934156065,-3.1781730469613967,-17.49866200390262,
1975-05-01,-14.449244109657055,-5.2453655702029085,2.1566609212553933,-16.450290643700814,-12.258493172241359,-7.811297459586541,-13.219318490059273,-6.1833139857669135,-5.539471928430107,-5.0312951007606905,-7.241801870427944,0.4679553892370292,-9.858868308492397,-8.65262911239968,-5.864218215937267,-16.27021338668,-6.544584404334186,-14.904090544767602,-20.561404059467712,-23.824939031854097,-16.28776674413691,-27.0274988754965,-16.180936918323162,-9.27596040154871,-21.692150450995573,-2.4467621589238098,-14.268885828060718,-20.068148602492276,-11.249094873952037,-16.815424148889257,-7.184721006312489,-13.817815335989337,-20.39459228834928,1.8873002776994996,-12.425718311584877,-5.5723074544109075,-16.851760006434148,
1975-06-01,-13.76557570349597,-2.1231798709623773,0.7281016062511858,-16.775808044260188,-10.17374176815089,-6.796760725736917,-13.576330271206494,-5.750679883335952,-3.9053098103089656,-3.367953059635276,-5.513389540735725,-1.840839725766863,-10.130934562879135,-9.308132198566321,-7.628183923255039,-16.741877256317693,-4.9026650890241275,-13.93984765843167,-20.55501762116265,-22.221259572608687,-18.351209253417455,-26.917021276595744,-14.02299640334348,-4.359202470040291,-20.250890710699988,-0.5372439031567255,-14.05955998096423,-19.962720705712055,-11.01088497589352,-15.328872623440349,-2.654361947609263,-10.939788832873576,-17.579168977130188,3.1598121617884667,-11.71888356515679,-4.2927843587403425,-15.407329797072055,
1975-07-01,-12.542593557873738,-5.18851365583094,-0.006419051745576443,-15.892934809733983,-8.347307729323482,-4.390696052087639,-8.999850632177342,-1.5283966212579658,-2.4215031921067998,-1.1626339969372013,-7.119720016043296,0.41061085671176834,-10.144099798974205,-11.3764970907828,-8.175078043704486,-16.05186917075403,-0.21987494156147092,-14.121078987150415,-20.391760364457532,-24.29000417942434,-18.981925950661605,-25.334719008588568,-11.903225593624022,0.0807486972737026,-20.08300643679157,-4.409173722645255,-12.239112488434255,-17.480275997042106,-9.566705607721648,-14.75662058371736,-1.0038874984299895,-9.370873860399541,-16.020847259358284,3.3742743939428443,-10.985278453964275,-1.1502181365410036,-15.829068220792964,
1975-08-01,-10.857401426858571,-1.640881720812093,1.800839312524527,-14.004482818265673,-6.79557580771486,-3.639829075594092,-7.668383069420825,-1.884699859791683,-1.9147181872779862,-1.9163014785342658,-4.7321766894640955,0.6123179669289769,-10.447452217312424,-15.043458266268106,-2.3740510697032424,-18.333446413193798,4.663017086669985,-11.110630183497927,-16.61003060757237,-16.821861436102314,-17.392046788618753,-20.43258591512628,-9.685381702585206,2.7658537444726905,-16.43833232062383,-2.024445616529469,-10.587353357463735,-15.330606401760727,-8.182019930886518,-10.602671438614431,0.8159606359697591,-7.80150402069718,-12.724820995605391,4.064968738785635,-9.144807523111819,-1.9053518770126732,-12.96020152836952,
1975-09-01,-9.372336882242816,-3.2367717672930785,2.698479747048288,-12.993198009138496,-4.676824430734983,-1.4149019812542685,-5.55863179607099,-3.30854149898151,0.3730592178245562,0.0691961355194115,-3.627046480218721,4.162786071871394,-10.12379724159974,-15.204295536333913,-7.41791911242985,-17.511271453428947,9.050884045254426,-10.136666058621923,-15.985723266936702,-14.050502519557895,-16.976217200703104,-23.05220914950873,-6.892727048384417,8.41554758326466,-13.772977483606985,-2.135168899583373,-9.569672169559329,-13.797258687423087,-7.431475959548795,-10.585275279286888,3.336889301175039,-5.040127307197373,-11.421951823423305,3.831261308289946,-7.971660053275553,-0.11016586082380764,-11.532860233519383,
1975-10-01,-8.308636210220676,-3.820843600521817,-0.12554978008797457,-12.55325651212541,-2.5585821943596265,-1.2307371045049753,-4.739028330491868,-4.334794073568194,0.2559301695044036,1.0939844705918356,-3.304613731688677,-1.6728517280304112,-10.216585394730037,-16.844750498859995,-7.368219771814644,-17.177835253546515,14.317626639238878,-9.217219813972788,-15.768114319528514,-16.539285077023735,-15.547387877371522,-23.767931468018134,-3.5455834359879534,12.530781988139506,-10.62758407305221,-2.559416379535595,-8.265109718698127,-11.759147552826443,-6.521470457877321,-10.922663794685084,4.899391366501327,-3.9337246995572395,-7.717540810431222,0.3133590562246713,-7.314472672138828,1.564413377166507,-9.066399617138178,
1975-11-01,-5.349819734594041,5.0478751155746515,0.8447539878678967,-9.794534804198507,1.031136986448744,1.9728241625650123,0.11337921709655419,4.413115580863369,2.74145735121627,3.6971104553752188,-2.149000742988838,1.5204978147638215,-9.719769817616065,-16.226703594714674,-6.22781542433043,-16.177141987520926,15.376653157421183,-4.9257125874284435,-11.966150282080978,-8.853419814412577,-12.838412705338243,-20.04691972417383,-0.13830126531547693,17.495386272436498,-6.368449243654306,3.802014057351011,-5.446801890278296,-8.538933677388549,-3.9116423866269012,-1.74877461161419,7.930055105430034,-2.166824032651693,-4.169286577992725,3.9669387671597223,-4.029770009030942,3.9228435197225853,-5.20957839955094,
1975-12-01,0.6051814920320364,2.629217428624364,2.566735112936347,-3.4031629073664083,6.397064114557116,6.487914346062595,11.314762074437134,19.648252886030846,4.667805315235651,4.647393150994117,1.3624522865254063,0.42676348318537727,-4.6669852852607825,-1.4403852405721729,-2.3613829093281136,-13.025211921384116,12.73997892384855,0.5955816760245591,-4.996014524842796,6.956037462900455,-9.578199478370363,-13.45217981990141,6.917587819920734,25.5889027612038,2.4944123514366368,4.439435233673827,-1.797166099713099,-3.925004380585251,-0.7686899460979668,20.16157262397229,13.833238846254936,0.47509988296541295,2.3785766996143876,2.0737892366126554,0.9228764448925508,5.566042269836879,2.279747596713322,
1976-01-01,3.909292982849677,-0.850712898565642,7.044073580822374,0.8618401473533321,8.615814391632348,10.251410797600524,18.130942271062665,25.858045281820054,7.355512071842196,7.431379638013413,2.164897503115726,5.510157618543188,-1.8915265792780356,-0.5079447772857515,1.1319490957802936,-10.721153363250712,24.16782361496759,2.9657129107403923,0.217639275448267,23.387326370678927,-6.626244136826454,-12.193304639767177,9.660878667762596,31.98940023475021,5.837321810110363,1.285450887085049,0.7496710813062579,-1.1161983421611787,1.6583725378221281,32.55513666667782,17.466940764583573,-0.8139935014510602,4.890019364294829,5.5297362937199335,3.6983090412755937,8.181627639863498,3.4175722712921353,
1976-02-01,8.419761113266722,-0.03608391149600987,3.2951474598494235,5.8779341943623775,12.806682355134091,12.531439108266017,23.236327920232647,33.99251653432947,8.668478471270525,8.179998615197093,7.288459426814553,3.3489389077089537,2.1246755164056497,8.924586742453688,5.021035933512663,-8.24220983008901,22.55007538229592,6.851729992769706,6.367660215661353,38.4632256960048,-3.2836586674129475,-6.273835741526557,14.701086999163614,31.50886215446782,13.897580632638174,0.4823585383446405,4.18191257397984,3.6467950515771452,4.441078587359049,47.64552446141703,18.642095254918868,4.376102095729983,10.148343288050654,5.384675098976555,7.173373810669714,9.299593588407241,9.596874569175595,
1976-03-01,10.2755493176393,0.7408000497133083,1.6995821685153567,7.762284503596328,14.728444878893555,12.163566764242283,21.76373837689809,26.30198829858619,8.6496433608642,8.163248807131174,7.808850882116625,0.5187376474802274,3.767978819643303,6.576950099315626,9.07817315774726,-5.217212998169929,16.541990784712347,8.855017587022118,8.734954157385012,36.67224002118567,-1.1082431504416457,-1.0442146616262638,17.581349234997145,26.991810911481153,20.144868115347812,1.2322556876600332,6.543841140737472,6.277114304550224,6.671753136656489,38.48742868799062,19.610057908216262,7.857780919218249,17.389557004879453,2.247784263791086,8.61875308882334,9.081032002693256,12.860762622829247,
1976-04-01,10.851648351648358,0.6990600460204499,-0.20875440600681694,9.371048703234596,13.685550604710372,10.235561760174239,16.96475187259776,18.39434985272195,7.708272430486596,7.248610787873755,7.750033000396006,0.00017816260899916614,4.390353636132627,5.828767004891877,11.351540616246503,-2.6137194587636747,14.609173201777836,10.068728806778537,11.783866176056534,32.348391435937685,2.6822256870005834,7.38030794245661,16.966181515700484,22.5950991831972,21.756736499653595,1.1651844849733362,7.156306850060368,8.180646692778538,6.679052659235074,33.29356575045477,15.721229559132732,10.523203030885009,17.889963697893087,1.6401686123167725,8.903487037226121,7.475287478989356,15.232711346063187,
1976-05-01,11.622131664612724,1.198004408194464,1.2939446332399296,11.75917537051916,12.358348943180154,10.495401363509327,14.60147062591275,12.329795189343606,8.907655928507797,9.288889881104257,8.682185073854143,4.94041890432495,5.342525314180113,1.938810052964568,16.317812900469875,0.5919574915536963,13.955644027747205,11.063476274887908,14.670697132244715,34.22340117824183,7.306731278867273,13.800744484017002,15.892076420913925,16.91965654707146,19.577293646392803,1.0824675918818194,8.284864493498855,9.519500605229236,7.7048778302309495,32.885805854110295,11.439805001067317,10.271841952404337,17.156797600288563,4.978583155373961,9.72709761076118,9.708844937872207,14.829256693306881,
1976-06-01,10.811360150778837,-1.0121447908975623,4.643708943499747,12.37455185618277,9.600062325419835,8.615292941785802,13.045331276779804,10.193226992710525,6.916935441230887,6.157164252995817,10.19254705155408,5.9676484807776875,5.7921342422653455,3.0049479827454872,19.023062598481587,2.1138211382113914,8.23711515815826,10.799174838654446,15.226219671661978,32.05274118558699,11.168349474551809,13.694305926976448,12.420122762745777,10.187617032659713,17.78736441266986,2.421235873528982,7.941396341424456,10.93374917465848,6.548814596512287,31.79549900700296,6.631289903602888,7.949460103173167,13.331772445056277,3.728014086723852,9.152820950810892,6.7374160895132595,14.61811418740242,
1976-07-01,10.072509785958172,0.6194885789760018,3.549963489299568,12.05313620603421,8.139098282670453,6.469461587571823,8.099111711885687,6.278358182880006,5.8143286875605105,6.600785859487335,10.251621544012401,4.280140070035032,5.814634227935356,-0.7179334580880714,21.453360719597715,3.320442086515163,12.50045755701159,10.747104464803868,16.574995181687456,32.768251667643476,12.0044308199593,16.4195410449133,10.153871040700269,6.217857184318376,16.56797283449849,2.25713469333928,8.382611037925258,11.840416392945574,6.770321168154059,28.801674576310287,2.086621239409081,5.529761610691408,9.329021827000794,4.728254864649184,8.63575384403703,6.884956067423187,14.272568924478634,
1976-08-01,9.677577281734017,1.147324674824346,2.996736326160665,12.046546905183941,7.05282325768386,6.129576613411025,8.25428210686805,5.642267272825996,5.256884297545161,6.27855731410083,11.530010106608412,4.264860742946364,7.715456551434263,5.5358399463023344,23.264527074791452,5.826280122599314,9.04814051670726,10.011686477771331,15.019315434043335,27.641628673317385,14.250277770600238,11.937986398480959,9.71971628520556,4.5896880589253675,14.895196399050903,2.357914250003512,7.187816750716403,9.398443688551318,6.151838185363112,27.171366665933448,-2.044825904258707,7.3297908541213985,8.572564159259022,4.290366528001388,8.317315412727066,6.499600427729502,13.771529244031445,
1976-09-01,8.211525739906666,1.8834076380762843,4.317329616925081,9.213946143343566,7.148014552546456,4.659051048030016,5.538918658811753,3.0040718282215773,4.288654542047765,5.859699976693311,9.626678345207695,2.2383398236026864,5.689143981904565,-3.4369291647506905,25.820385982024675,5.536599473345083,8.924871296434755,8.937962569744373,12.831588070644063,18.721697838184514,14.799887763691544,9.68048237208976,7.53364572274744,1.4851623505475198,13.017969471693135,4.057104767534359,8.303466860133701,8.950611185753065,7.998275897645168,13.69221425710958,-2.4500922375344847,6.360705119783683,5.9066338150593145,5.7770640477765145,7.306439524962527,6.232525741779238,12.603933733621343,
1976-10-01,7.519797898813252,1.3954245410977562,5.669853394505697,8.549872543376358,6.271782345969212,5.244936589684546,7.389111720967323,5.160327595780134,4.369009887421593,4.94928011716651,10.330430174616879,6.988088797601244,5.539163974418138,-2.0976672861857226,26.979976604968,4.892208149432342,11.206472382719701,7.653493455000304,11.868855882925345,18.377309412246802,12.643707076551536,8.321510338504723,5.864201030781713,0.6498037748909891,10.778842687015345,2.7276738453575033,8.08641669964385,8.261002690192342,8.004723142257287,10.725806883048094,-4.7373730520888335,6.261387169418464,5.338371468612069,5.590892556946092,6.804022624272066,4.710148945844916,10.81803930529308,
1976-11-01,8.777265311876903,0.9006530389596312,11.805260194512979,11.07352407950688,5.75188255875867,6.66745659117951,10.789074461824178,11.69058720317011,5.001806046556823,4.367432880317246,10.66718145061829,12.99318311240032,9.116012922622051,7.460180800688776,29.87611837577426,7.396615729949074,10.905075739277459,8.901351587625372,13.2651467463071,24.77557514056288,13.485508334584772,5.7371055225069245,5.898097561113502,0.2073761053537737,12.06833168051389,4.874695613723712,8.369977910415848,8.309699977331553,8.399037377879282,21.302530334418467,-5.81322663511571,5.966608698512155,3.152682711558197,8.444842378684726,8.286421923252373,4.149372388217687,11.232577819539724,
1976-12-01,8.38708076383805,1.9512148759937897,10.735984493439776,10.66208989621118,5.5358672618242455,6.747332376079962,11.630665070007362,16.156666930480302,4.752987915717077,4.2618238198803615,9.405196973956365,13.642396732395179,8.379457917261067,8.290332755411068,30.164350614644576,6.015603690887539,15.715309794220156,8.414751832242251,12.934771462398253,21.437930078337498,12.977421921623232,6.408370346369563,5.161524045729737,0.6266820453671773,10.683682962486273,4.346176731977347,8.396927888565632,9.010806128032112,8.111950084459663,22.782427626179214,-5.4317097783553425,3.0737978589553405,1.174855205250691,9.492231400144192,7.9827715391104,4.0766411039333095,10.081901110643866,
1977-01-01,6.694273266083139,-2.966120478666945,7.327020611923163,7.835420678875749,5.287004319980637,5.2163301101721515,9.36823915202809,14.999368968797944,3.509836999918581,3.3085651319316067,7.837124438695575,10.441224200100564,7.394014811462912,10.065308140972506,28.28664149943705,4.186589562715071,10.843044731220019,5.687138069619024,9.254394551257228,14.506041654016633,10.808890195790166,4.116043885832954,4.684055866742209,0.7310619493166692,10.509836737184353,0.900073419886227,5.905054720401792,4.708873017794457,6.4762346353272715,19.21924801707975,-6.9559200736498905,5.318260527834751,3.3901373649491084,4.4879945258542,5.831232616764193,2.9413542598255793,9.621514487548977,
1977-02-01,7.121716253336952,0.9027750106064047,5.944633818820355,7.932109048860303,5.850989278817154,6.055465679869032,9.345497285498428,10.271287512462335,4.688896077338844,3.814077135929339,6.244959450441923,11.71152856685389,9.229410111231573,9.602103632435078,33.17134038221581,6.250132919001339,16.76951116318428,5.842653346207749,7.783773733581811,9.624798605986374,12.21576523353669,-0.2235085105163681,6.0053930333829,2.3544262999570353,11.068846044381718,2.5161401670604766,6.581979238092206,5.263256681129547,7.216556568942467,12.78381850956929,-1.6240865790249637,5.164272898623579,1.9732857398176984,4.446820644425431,6.459264581591739,3.9977447743065886,9.162421933826458,
1977-03-01,8.359648065565883,3.9308562189426466,3.638326968625716,9.714994577641157,6.349178271399647,6.414860402667322,12.333308692253064,14.581076011454952,3.9700957535684367,4.0594719517336175,4.780708112401255,6.512710684065248,9.908901134936698,14.37050088914027,31.6337015155407,6.234563964430362,21.180567248823003,7.406202230865877,9.830876566710778,11.083650731837057,11.793299968870464,4.085167741875084,7.180855781182416,4.185065967897605,10.74009515078924,3.6307545190285673,8.055609900223203,9.010819901002654,7.604837214230842,17.024567205239862,-1.0005400434954015,7.292151421371984,2.9205600231213547,4.244465046570944,7.587184719464668,4.07296737417524,9.616478426911513,
1977-04-01,8.908510877980147,4.04116660137388,4.194976282543017,9.991764392014947,7.175399304532326,6.798452764818341,13.473689877236627,14.806546921164943,4.057829325618201,4.086610276052416,6.172731114999563,4.264670773901358,11.10667709547144,16.94114140110743,33.689705049996846,5.794176781592064,23.424905078069493,7.649925300552485,9.828163472687246,10.41358463860751,13.200787681795534,2.9721070660252646,7.40428494503762,6.884511209494093,11.318061348590902,4.2672898022519945,8.969891453742406,10.140638885797726,8.410150409006967,13.886168982157688,1.0417739434402495,5.856625233248081,2.7376685103891463,2.72911266555409,8.08479695971207,4.113882316434592,9.460012308208743,
1977-05-01,9.230233617336836,3.773425729209756,6.147133319338183,10.044280950778539,7.896051456982223,6.162029238621969,13.567597657952923,16.123277338090737,3.136314418163977,0.6492985387135164,7.992911980846729,2.324775494559539,12.43387188309859,22.878293476781163,33.35781613416575,6.445255962056606,26.207287395406187,8.282278420845902,9.872070985527204,7.86760846141803,14.102925957286683,3.1130940905376825,8.564174188345476,7.578191593993844,13.259785047041884,5.374016382250457,9.492114534320105,10.601513549711218,8.956841383930625,11.443964282029828,3.2013102816422334,8.911038973970875,5.6304301758847375,3.0553523932261184,8.475907701975927,0.8416775062219495,11.322304332337119,
1977-06-01,10.104814311917876,3.6333557260376237,6.612409206265868,11.107553563328798,8.507868716022804,7.209326433133723,16.248064450977306,19.125394028087772,3.5309477182363214,1.2649028446337862,4.528809280712598,2.9658936165025684,14.509758824975627,27.896397478296397,34.94403658683356,7.4734607218683635,31.096513736357736,8.380024724836499,10.197675514101935,9.717507908128177,13.218257645968489,2.268902952043006,9.22977654196433,9.098382816250172,14.147757855779307,4.51774442674191,10.512337859648714,10.637244196454665,10.447616572780083,13.8245131936076,6.101473608489538,8.411825233496906,5.0411937475109525,5.3667407173831005,9.207368806538119,1.3104753600852392,10.767143326216155,
1977-07-01,9.280841756812674,5.070899695601239,7.463869192917194,10.47216274899947,7.5248899867733865,6.848113354209695,15.72215535701924,17.39010976108062,3.236731200807186,-0.148544352553015,3.5487276551835256,5.024299874052329,14.652845563797445,30.513511630999403,33.269185910893384,6.874290388348325,25.11420576560164,7.9510543870498385,8.538617084864741,9.991116483959296,13.843464661100757,-4.950146627565988,9.038546261496695,7.112410514235745,12.642287636222239,5.938725847682069,9.007789807235266,8.384202131745289,9.309726132137763,14.114405186153522,6.326974783038342,9.273370187758356,6.548409032881097,5.800268209653692,8.727758791878614,0.2349373500399876,9.37464975247737,
1977-08-01,9.170423656939608,1.2682138359689565,5.3150286284401105,9.971614389522387,7.9676592736591,6.757586305097596,14.150816757221873,16.40660226383355,3.705117442574579,1.3273097051091032,1.0991066835040364,3.8492346805509614,13.530017714860975,22.279714081721423,33.67551757756495,7.6811961786055205,29.236725444467204,6.715322364489862,7.500827096952523,6.223199871270957,14.65985163741632,-5.94301791309273,8.39068654012567,6.885097222905157,12.553935610193466,3.8690557857476326,9.956960123905034,10.358329378262932,9.758906034505177,9.69088035424328,9.337127216212671,7.852070082335039,6.447772009720332,3.9504016765630423,8.091746746274552,1.4691116711317065,8.549277643660314,
1977-09-01,8.914346478787461,4.428075804101539,4.845109241767398,10.723013604750564,6.249302581715699,6.863231783472723,15.227861269117572,17.24540822372318,3.436712636417849,0.5265022665405183,1.749172280608069,3.876460196764353,14.303153133766578,30.460776946735635,31.502298023146345,7.091287359333465,29.382963006543616,7.06529334317314,7.86866804345272,8.592891702135397,13.327408065770463,-5.386241032200645,6.989641254944612,8.4126459572593,10.49873746588239,5.712032464069394,8.278164074237825,9.093478211589767,7.890798314421876,18.212270433810996,8.744538018763626,8.556784251937867,6.658991416875404,3.1736546288519962,8.163484591053471,0.5192364901373869,7.725758556524354,
1977-10-01,9.236761329928566,4.541860335149028,3.7823666359157126,11.519042478647057,6.153413312749323,6.846460004771049,13.747619214034845,16.260059117201987,3.9946081101845277,0.7566526244937366,1.504041894713204,4.064005210922361,12.324980282218068,23.201073053724784,31.7221198656118,7.804825824984141,24.1610780676194,8.144491644587838,10.245127782987451,13.595283246041777,14.721843803738533,-0.7366848237252199,7.22456166190224,8.92204442718878,10.521867121351235,5.490496050898175,7.861095538291973,9.158033243091989,7.247887853070978,23.38166515277429,12.205049286823444,7.049085100203301,5.362136300168241,4.6980615608066545,8.349138461882966,0.7952815714376449,7.331121563404719,
1977-11-01,8.091475494824941,4.581107799451112,-2.071973827699014,9.222802156018272,6.529000517866379,5.179984201626731,10.243576204071525,6.44246701983775,3.047672730236761,1.798236999896008,2.4444371224175976,-4.134543088136711,9.399439055299098,9.100268397227884,30.602511790578134,7.0818994612857455,23.132782019451568,6.871361744465232,8.580084409343524,6.580930729098311,12.996780027347699,1.7554153360778812,7.3594055679959025,9.754954733841693,9.467460355559808,3.5429826970612366,7.803422680334093,9.160554761714756,7.160995322480024,8.390060710092428,12.21099596071169,7.495635305528614,7.152338319942597,0.4030611781997706,6.918736986978158,1.8295776704802869,7.060684739637035,
1977-12-01,8.108535083180302,-5.495038198183089,-1.3988803924916193,9.581286206643691,6.083986989535806,4.960760962501531,8.144282045199036,0.7800498835499825,3.5935889514409958,3.549631626989247,2.1664720331816545,-4.422544572280329,10.308789849158927,6.761662716430128,29.672021762562252,7.860073034240744,19.5755819956392,4.88196250417996,9.149441986396356,6.410736851278909,14.706723891273255,2.814237621515292,6.734646016702461,6.9711971442762755,8.187531796163295,-3.634924357921887,7.277179862393779,9.476256701586872,6.22607436503444,4.986682236724027,11.782326586888491,7.843309173096413,7.12807455441693,-4.228027976988802,5.964511863563571,3.404262379650147,6.224377917754675,
1978-01-01,6.899659707532435,-4.70143834727118,-0.4618711759783567,8.009303082293084,5.229296558776331,2.657589951260908,2.7934675325752556,-5.759299319368971,2.594834343501251,2.159765573763406,5.317358308774622,-5.381328837993371,8.549651633485333,1.0135983401831528,30.33040784718637,7.590017397564353,19.294484974031057,4.855777291271313,8.509255169310027,3.6023615088203176,14.758956214064579,4.782725424768919,6.93556626671854,4.548975004739075,9.078073705515543,-2.8938290532771194,7.328319982976383,9.201703681168238,6.460223680298793,-1.4830118306496165,7.39317529115624,8.942852423014491,7.603548544623173,-3.053224081358885,5.140555542127112,2.4492739657550278,7.735179616135501,
1978-02-01,5.371734792462379,-7.06872901327703,4.579272431366221,6.933695537695517,2.9920164576933583,2.965671860661634,4.101396546817382,-2.382263139395535,2.475066256310865,2.439024390243927,3.0677376037237414,-3.506062455612591,7.66614953642093,4.357003901905565,28.281881842390778,6.8209862007252875,12.523900040692793,3.102709303578477,7.022458065682047,4.134535406651341,11.083653866815668,4.807581849511777,5.094477691494603,1.0485822097899167,7.281632352444745,-4.991753661687071,5.827468772734323,6.389266970584906,5.579650346323817,2.555802575143784,5.950565038816724,8.863790939831983,6.599960321855458,-1.8327668500343508,4.059687157267189,2.436463618075302,2.997046125880476,
1978-03-01,5.674148555157599,-4.066044691793714,5.937066261051438,7.149155555555553,3.3324139001661868,4.846134110083167,4.524334650803841,-2.0328022207082963,4.9830021908287225,3.509071842093925,4.388771541477321,5.624720852785181,10.349808613136569,8.316091902902434,30.35418089569717,8.294144859433562,12.886981847285984,2.5927726462485756,6.120586481153101,4.337669577827508,12.830398834768463,-1.5931416645676655,3.8019173802846806,-0.45644849946437915,5.8458498680495685,-4.2211861580123795,6.300182903172158,6.0091658334752385,6.457655040548826,3.0883821773977305,7.579521580479898,7.842843358595553,6.4900943202937045,1.7512775732329455,4.716084453794966,3.5133754794608674,2.016394789892395,
1978-04-01,6.185256180304455,5.5733652266965805,2.0266577519518103,8.011248791633708,3.6412979221257746,4.831342261052574,5.7212607608448485,2.89478844127089,4.429031438708053,3.662562722939544,6.179627268513976,1.4493620380606975,10.96508871489117,13.595246866483123,27.49553109417633,8.778591924694945,13.879932442806675,4.756549074397487,6.737601271603633,5.609630536245769,11.67187139773227,0.6850420529741941,4.7468931360335365,-1.7295949521677234,5.586435206289164,1.4967136040419327,6.131742368537929,6.112711251771685,6.134610937797924,8.765205115156682,6.592873773091212,7.705723798953534,6.852834598525059,2.5971601985372628,5.822494520652288,3.787702670481652,3.578587571975067,
1978-05-01,5.811133257216716,5.121983894255799,2.3233333271722945,7.13325155761888,4.00490939401037,4.213631712137156,3.658937496678072,0.900551631695623,4.456355764801101,4.052449605323227,5.341613017305957,4.012999230308734,9.7189228493874,9.779081849327142,26.679823756196086,8.638023947572403,10.866808951249919,4.927455872839848,6.78025239239608,5.07930491026225,11.508492744063314,2.60421303798144,3.4383365506148733,-1.4785581137844672,4.92235561218306,3.201952154168941,5.348665622919246,4.373809560516717,5.8322013872702305,5.632229543336642,4.904302433662067,5.847771428571424,5.7985671448750775,3.375755625688881,5.484550104846431,4.135803960898521,4.506036897669907,
1978-06-01,5.619752103485642,5.671654874748833,2.028211456412321,6.686243970716377,4.221940168140614,4.0348684993454675,2.2039987413443374,-2.3126347709565676,4.858802399786,5.909776358570129,8.544245992451183,1.0421211782970952,9.16636943204523,6.957046529582378,25.409141583054627,7.718017513070485,10.062581227719459,4.908494657780604,6.490574249884373,3.389507568730288,11.763020566867887,2.9661357966180635,3.6399680607946294,-2.590893688900575,4.36226032683269,3.4274859236568256,5.297165465673492,4.399127013914961,5.739966821923059,1.6367165933498296,3.562969050667797,5.25672148502383,6.730945810975242,2.5367952315270115,5.349748810704069,5.775932604018297,5.0858011320950025,
1978-07-01,5.519325971058664,6.231304765196466,-0.4559163666584376,6.95516398326268,3.5865726557358313,3.180475898489643,2.2985400642942855,-0.08481916913222198,3.5739662367997527,4.5682020646648835,8.449976767316025,-0.7397982911888534,9.321972556278247,9.308587628549203,25.589638121909598,7.7348192520601655,9.23786688026298,4.9720935154808465,7.643486242115349,5.15468724500503,11.372176653602173,8.2106342380315,2.5236313754832373,-2.6131986428917564,5.503118674872987,2.799935073969295,4.814178207240505,4.161716212892452,5.1346608985606945,2.9318472049762567,2.2983754288785185,3.3927350622123154,5.27070022136229,1.5828591182258211,5.128450481559299,4.0855216728348465,5.478665962494977,
1978-08-01,5.477043588667585,7.607429599688764,2.616297713350657,7.2031477425761326,3.2683509702341462,2.7238830301198114,1.6735328874948552,-0.6155408510800542,3.1970652030711477,4.1594250925787835,7.833896188008893,0.8677426116118214,11.020528806662156,17.922470579155238,24.715775022523488,6.693376164240972,10.16389419980166,5.583488487842647,8.415725872425984,5.2027307094950626,9.755808907649222,14.989268406382617,1.9614646133030877,-2.911544457791293,4.849380300829398,4.216750763920074,4.140396202542851,3.466817739476591,4.4690220902458,3.712785416929476,1.3369936947869476,0.5146666425463797,1.5591695696673291,2.281733364694283,5.455678972579259,4.225292716061668,5.198200054419866,
1978-09-01,5.880215053763438,2.242752157650507,3.0596280616818072,7.847071546628759,3.6879678327477627,2.8175494347148167,0.7423969143948161,-1.6989511175075855,3.7586730518964995,4.453788338085851,8.020178766712704,3.2137125572406777,11.491250889972072,20.290871828530953,24.14098029307732,7.138880970391304,8.1138434021655,5.010946130382621,9.031760979368219,6.823534141120446,10.03274317197027,16.765123683565996,3.168030970404323,-2.767306461282093,5.82942200383354,0.19107943445060283,4.265601385807827,4.335503139731567,4.224506862118149,3.248066650485537,1.4651167382676356,0.15141062741337308,3.7536589159710143,3.237045667502292,5.288820730604393,4.152819154638632,5.676856580299505,
1978-10-01,6.403778040141672,4.817355856942029,2.324299461180157,8.92003790413245,3.353612125956862,1.9438895417156488,0.9868023111797353,-0.32196324590855196,2.3804310887900026,3.842676311030746,6.156555519091489,1.7596800521825884,14.925959399332589,30.53404117993348,23.56425868026988,8.24557410048181,9.448975228320977,5.589202086769274,9.071734829765443,6.7773733144755655,10.96186415931788,14.684894964988327,3.083744998826199,-2.2695678298817024,5.326195405178513,2.1431243345898077,5.1244336091845755,5.358978693217242,5.000314868896472,4.094914935651062,-2.85948061875384,1.656853967134242,5.211737147375195,3.591532387151841,5.928852938076479,3.5115003437643733,5.7978773659181915,
1978-11-01,7.121980673742545,3.838101096519675,4.064402992252991,10.100430318612386,3.4498823167199433,2.1308616296756844,1.2689527012758495,3.4210428127837256,2.527983311234472,3.2439694257974327,5.861029705293075,4.911896858842724,16.546074372978058,38.22017499733796,25.42806134869755,8.180532540524554,8.874435904044308,6.276375389798106,10.344708150690995,8.919788623188897,12.495364496925943,15.42788002533344,3.319196223253651,-0.8655170486021158,6.554645188168329,2.3171553516381005,5.303751850749894,5.620982647797179,5.138171034553052,9.914325851164518,-3.483503439110025,1.1693795791677175,4.213203259190923,6.166229529676737,6.550238158597743,3.105497309820815,6.379807993976283,
1978-12-01,6.715701950751507,12.57410604192357,2.381434073134403,9.565298857035787,3.074533577831895,1.5096348685215366,0.9612303137589873,0.9405743834331126,1.770198340322815,1.5732983525210908,4.749704856125581,5.443755622581126,15.275074065614124,35.02959149647915,23.891703609879666,8.100051113785888,7.047440065014232,7.508842432666762,9.645460870617416,8.432854767774224,11.554770996028175,13.406423604723884,3.7012393739572547,-1.5210502951786609,6.998364390443368,7.530683152712969,5.845337616068669,6.1053286540004414,5.703295454990576,6.342596504742937,-4.14850730380677,2.0560257996910414,4.374663388362032,9.21847259225994,6.890239256716546,1.6644007865424193,5.9868419004206475,
1979-01-01,7.619674444215008,13.935096293343374,4.314969284071402,11.481672937157029,2.637901016290334,3.8595291968406054,7.558800984386971,13.424673486572214,2.306052311230977,1.2245278040755592,3.6566169117374647,6.537242675103805,18.642605133465963,45.425797938945855,26.880570409982173,9.859051264122476,9.987970545452708,7.36718921987789,9.232163567516928,10.63894765577016,12.300073226191843,7.956625183016097,2.1756107341185604,-0.7092014878207986,6.080581736561164,9.158988306690329,6.045328456945409,5.831239239328467,6.147063045842405,17.825964577545438,0.3039240682366051,-0.20336806051091116,-0.05638432103306501,11.15980646518475,7.899373224851147,1.2215930384481544,4.4129194367376945,
1979-02-01,7.51990676969414,12.879982802192714,5.906651773788418,11.33496126584772,2.6137334002757973,1.507445462100243,3.5539314506215947,5.6833488420518385,0.6456969036834348,-0.5177322236871951,4.0411611866085995,5.37232426875307,18.130072695114173,39.13347222395487,25.552608311228987,9.60747399840396,6.3762013276528196,8.426286539725458,10.01097576887946,9.14970740837262,14.69581197407872,8.904660126778818,1.9564958437357838,-3.0185778613386116,5.879189562600651,12.030384097901514,6.685469605155969,6.760318273935151,6.6436819886970255,10.01154349119111,-4.9970659865917755,0.7074724578508107,2.141836894307958,11.44941575627234,7.8387839781807855,-0.5716651771199732,7.2052580656344345,
1979-03-01,6.1898336340116655,7.776350073169858,4.359304779818229,9.152599740507107,2.457273699163398,-0.05916222829998041,0.2524067354250814,0.020550547080455672,-0.1758441894878171,0.011657971762724095,3.1434390044034144,2.082904586731149,14.620764241742812,29.920950758876018,24.36751497005989,7.818471545281014,4.388884512368052,7.012652258612451,8.521424260712141,5.910090702576176,12.817981623509755,9.113014543892195,2.286192218214733,-1.4224144653728343,5.560233484137056,9.019558510613823,5.6619120532664935,6.2591380917536465,5.363316464770662,4.0315005287504535,-6.535148728560946,-0.1798139316707026,1.0683857415773934,10.218125250494193,6.156058458180791,-0.013022057919220842,7.841396609569773,
1979-04-01,2.769165084602432,-0.5027958397384347,7.82705377325843,4.197679527443743,1.0832192544013353,-2.524850240744514,-6.7941469033034885,-11.70120906671006,-0.6377539344723293,-1.2020095020187416,-0.05560254503895745,7.1291297866785674,10.26674305467894,14.583163625241479,21.724532339593395,4.965290097567343,4.735742213833083,3.1239649948763715,3.7592285950309057,-4.6873335463939565,10.671521339289058,6.457387122628888,1.2119300230371888,-3.7147694968439504,6.13662711281413,3.7220389761908113,3.381601917938837,2.044869654311343,4.054658385093157,-11.219087938541882,-8.303213098272566,-0.23034092188324307,1.9113210922670598,8.83423733000932,2.7962479458462974,-1.1152160147719137,5.521596323767519,
1979-05-01,3.7648961806357795,-0.616717823820423,3.0948170439827782,6.266805489333671,0.4682153553563717,-1.3203901361796166,-2.4264303728236847,-5.580921004226513,-0.8204251710473343,0.0008359351815867555,-1.4098260053425737,3.8757663062067627,12.54644717327733,21.47816739780948,22.926705554146597,5.725884958118943,1.6529910131419578,2.7547075091155726,4.835263277699053,1.604327605874567,9.886311119327097,4.150360542505838,1.607283639785373,-2.3013868123936687,5.777152291758236,0.4085646205046922,3.443045239933573,2.972590452045387,3.6767148984322873,-0.8634993339721064,-8.478137725676083,-0.05700909554205991,0.723339609340834,6.006542959695893,3.246706729812554,0.11820948170579992,2.818987740842571,
1979-06-01,3.1570063746456434,-0.2660044752496704,0.5953487706852334,5.770714892084472,-0.38381206172943827,-2.2022866490125526,-4.00373987118221,-10.2456861234423,-1.4082417282067383,-1.2840648932186505,-2.2649410647667567,3.9370263249511206,11.557116256348277,17.790496828324322,23.6639049887992,5.784646355220713,3.4623227580973914,2.371202721720711,4.945097051771885,-0.608635347407116,11.369087946093437,5.192538168933347,1.1515489637750065,0.028036218640981048,4.7372815356874876,-0.6657619204995302,2.5986798041918613,2.537629025213839,2.632353052096459,-5.077373581614131,-7.689059796616126,0.10317859434338938,0.22556774914026523,3.884632855892023,2.6026045816437637,-0.8664947715227078,0.8938739263139928,
1979-07-01,3.356264802075093,-2.196847193517981,-0.032779284940720466,4.978005724274381,1.109175231722137,-2.218084547656085,-5.394281661554945,-14.134180109437533,-0.811799679853642,-1.1883831613469953,-1.1800073296779345,3.1405517384480053,12.011060454147039,16.63658341002099,24.744782411762657,4.8513990648160865,4.160953033938974,1.9652492559360857,3.9872280981839925,-5.847121572999548,10.646325756888642,7.887672386567002,2.9794304355600154,2.031610986834864,5.157063853290533,-2.0428964552764883,2.9142514355437132,2.7859601376771126,2.9814805714220904,-10.69680043146246,-7.2580027115791035,5.333827042943917,5.304758212830407,1.3910975862482688,2.515512956484578,-0.7401685923439372,1.726732898200023,
1979-08-01,1.5571188404851055,1.048345344485968,0.14249720094783314,2.144128311439464,0.4926804590777989,-3.076958589169476,-8.983246240074028,-21.51944490442129,-0.5255275016846306,-1.5677099542079742,0.1494391562765207,3.4881555980384116,9.085758864721294,7.959876213851258,25.844513243894053,2.640647404871954,2.378234398782353,0.9903820762231952,0.8444094703216942,-12.430515667500552,9.492487959168994,1.2466110928117224,2.656000546396764,1.3462216816978234,4.557496972887964,-0.25503988959068025,2.7902527216900896,1.628767340457138,3.369322447713663,-20.117681939471343,-6.55364298305482,6.3378507280024365,7.315815993971864,4.3149270369534864,1.423960209514874,-1.3975271962173852,1.3328907807017343,
1979-09-01,1.1932737948950445,2.4679312295315947,-1.3984861984734365,2.5652749747729686,-1.131139281800897,-2.8010595881649447,-5.264301893699619,-13.274811232295313,-1.7394556942324613,-1.7857018877618147,-2.42176986537449,0.13757756036723023,10.56874875274396,11.604985356836629,25.945524235948582,3.21328345716827,5.839798111973082,0.16965932930046446,-0.33334285061672464,-13.428248871048664,9.360299358517455,-1.9506997348726407,0.9826444385383049,0.27535830542304573,0.9943514734291892,0.253193085760417,1.6788530295812398,1.3283783030215934,1.859183114811369,-13.550436429591207,-6.898986669632057,5.36113645715921,4.666506145609262,0.4011766693671648,1.1504803987860246,-1.468157778757151,-1.6793872730592962,
1979-10-01,1.0744792023918537,1.456459226303508,0.755800056368372,1.6651594998284835,-0.11322719872491893,-2.3642933919663878,-6.046638981426556,-16.727212815985816,-0.77603386997529,-0.7534058547704059,0.07333183554256717,-0.7106066541271883,8.742994201785127,7.5307845387922345,26.77786656012784,-0.5856103346153385,5.95037093885904,0.32837671722660833,-0.7255070786342466,-14.636264794700516,9.23859649122807,-2.190581413701731,1.5463224418448274,0.36055938809111954,3.0461604801746978,0.8909002811442024,1.9583639546675302,1.2932326871991862,2.2962869946416165,-17.769564276914107,-4.384373805969421,4.6351076038895656,4.49415013476393,3.7052298143844142,1.126699560440847,-0.25973611622720494,-0.0839435613502304,
1979-11-01,-0.16190447635894278,1.9590430330764574,1.082535800116613,0.05922781733154192,-1.0058804717430592,-2.9046203340657994,-7.872617115819159,-21.44529292686349,-0.7752890825331815,-1.9099309539349352,0.7570531402693037,-0.02805490328355864,7.30341606100855,2.092772126124176,26.9077734286546,-3.3343912546981325,3.660812090380805,-0.7755341569144814,-2.62134534027616,-19.409245960639833,7.923729548727376,-3.345344361641134,0.8597157139333733,-1.7974141024720836,1.3076611769224922,0.6788011956093909,1.4790876368202088,0.341634333728158,2.0521386386685103,-24.94811808050611,-3.495813251893398,6.144982340979621,5.253235452401572,1.9710691395643964,0.19689688953252737,-1.5439813121905122,-0.6261151662611542,
1979-12-01,-0.605294441015547,2.594482220781269,-0.6120410804536736,-0.5692298295975062,-0.9973574845440814,-3.059775389099617,-8.344433674751484,-22.501050341284802,-0.7932146665744377,-1.013364361427771,-0.04712442460719224,-2.2212795927840867,7.2925477484724555,1.0935622317596705,28.11821086261983,-4.565884094754658,6.753339185309959,-1.3641930266992564,-3.5983777296492048,-20.48828679673952,8.225115671064165,-5.3819951338199505,0.9930762379935398,-0.4808240329115754,1.1160366980490943,0.2972266392027967,0.6771676238340518,-0.9295124046439729,1.4961960489307202,-24.74442653972384,-1.781492085601044,4.4009736667404376,6.348882288011626,1.249793361280771,-0.23348552274172762,-0.6875751497255056,-1.3219780316628515,
1980-01-01,0.615164463559803,5.709173408862167,-4.138400216304861,0.503611261239123,0.47088990433612476,-3.1513386974160063,-10.912357561345198,-28.366654688616777,0.22193618282912997,0.9064147345708706,0.5911831703068637,-3.5997808703675305,7.872543664135967,-3.4754100888804373,28.83144453810371,0.4805525440658709,5.479514742155289,0.6036773164525222,-1.3043447689094934,-22.217287583060006,10.746949911628946,0.08476372112735664,2.7558740379514113,2.713067070148445,1.712904452815378,1.7386108910010023,1.067358429777876,1.2123661079770587,0.9954405746246842,-30.608069295646235,-0.034228670627767244,5.991026420220935,8.051912013769202,-1.7418913946275483,0.8524477122790364,0.9800576419087159,-1.1607811679770652,
1980-02-01,0.19007618986899288,4.501220720695787,-3.5914651281686583,-0.1607599338657284,0.37507072140448017,-2.290436289420894,-10.483342544741802,-24.444157107585085,1.233088422589157,2.404739695228919,1.4493638932857156,-3.1062511482929156,7.679411730700303,-0.4794439833174402,28.879363135333747,-1.1086909301539771,7.386450954915702,-0.3459162604203314,-2.1869113235191473,-20.100652099089288,8.628482763273304,-2.537091863693164,0.9912736601846328,5.401946135843927,-1.1109249963527579,1.285378348870414,-0.24101374855060032,-0.9013723361111392,0.07788390889051922,-24.592949545147146,2.667912812998452,2.884279323360839,4.153830332351149,-1.581611222244872,0.3986490654493968,2.578705808173387,-2.376784241788199,
1980-03-01,-1.1535541321978093,5.104479556139885,-0.05193777785421627,-1.256159956709313,-1.250032730224404,-3.4393458631780116,-11.893574790143047,-26.3329168724758,0.1595084466079255,0.44364513384982374,1.7247027014309912,-3.6691063325789086,6.580116965793392,-5.622738730629884,28.675032349312367,-1.7657727410660295,9.329396560669379,-0.589980597809936,-3.0509676343009717,-21.46413178888399,7.992865316012643,-1.5917963841088345,-0.28139496126773356,3.6469018474471593,-2.8278239707969943,2.775416812077136,-1.6790909748860106,-3.4210638515036917,-0.8228698936432854,-28.100432920100026,2.1312347965319445,1.5385686438317947,4.2439329194549735,-2.4626453252471037,-0.3354814908751447,0.4312309618042187,-3.8485875573809336,
1980-04-01,-1.4881426551820676,2.553377409555857,-3.6803217678109235,-1.2090716291389025,-2.329698305840977,-3.199815736620737,-11.055766302701553,-25.58646131434775,-0.018293373061106788,0.58670570601973,1.3062088411926798,-5.733525567150021,8.036856998602726,-3.4565645753438234,31.1691067260768,-0.5256355196455731,6.286578609817428,-2.2837447810126976,-3.675869430947132,-21.099335819353694,8.340116673450005,-4.811738232071006,-2.3904177887112854,2.938471715058588,-5.69046272685566,-0.4846475057317612,-3.304829599648329,-6.334708424944047,-1.8392333038242947,-26.58117024554545,4.148188314580636,0.7655253222236702,0.905885106608495,-3.65513156781454,-1.1272032096897422,0.5761663447995558,-4.7602137668293025,
1980-05-01,-5.740094167051069,3.103052966603248,-2.6924882958145213,-7.13431086476125,-4.485849235928208,-5.886346682829036,-19.208094994346027,-34.320811281751574,-0.31629075525798633,1.2296503730329533,1.191258611315038,-7.7053132831286675,3.952995117712299,-13.577044203276166,29.346576674820966,-3.811133090158514,9.753856682807482,-5.721920206394559,-10.140643823718943,-33.67595810456585,5.553219050182534,-11.93074833786012,-5.491929207294777,-1.9851614196911949,-11.362616317088337,0.2655542426154289,-6.372529592052423,-10.817757527310102,-4.208710430027585,-39.19573015255629,3.637785976974972,0.8780951557841199,1.0786017157962124,-5.188290269378781,-4.4262762693309865,1.3265842736672306,-7.714551048163121,
1980-06-01,-7.352917815073989,2.5745502143451837,-1.280510995866102,-9.201349831271099,-5.5034414584001485,-6.072998207502733,-19.736420106525955,-30.71046739243979,-0.41821009248673713,0.6026523931011107,-0.05818042092899933,-5.296644969709064,2.6120633765170043,-12.279769708134747,27.106216573696006,-6.680885462759312,9.669479445022478,-7.451407818860423,-13.15390500034772,-33.832006141515066,0.486666009009884,-16.708359133126937,-6.705521955785199,-6.462094237576698,-14.059391349200501,0.1201986037707492,-7.602873636353125,-12.946158421138765,-4.980488127521676,-36.30413468599113,2.461445400787543,1.1519839241942664,1.3574490236689662,-3.554114428754007,-5.68111529679266,0.819303779634728,-9.203040263670982,
1980-07-01,-8.339004033306018,1.8056630047965205,4.43933572102746,-9.916957148912953,-7.159486103526569,-5.49478040008593,-18.74426783848663,-28.181165300278877,-0.06240683692735338,2.1523342077161667,-3.373214228127319,-3.0593636938851643,1.8817151333808235,-12.113036231415276,24.96718152110158,-7.2780960374563275,12.365436568341082,-8.499177852529316,-15.415884491650223,-32.592080520205734,-1.4443570070168499,-26.77782385610551,-9.387904071662767,-9.742196846391217,-16.42328292794494,2.1816376314142127,-7.710674667520923,-13.737064596223314,-4.754239776815206,-33.55413382046019,2.90125079818202,-2.0623216183867976,-3.1249933116881845,-0.8027246596327031,-6.187644398635772,1.5893772379414584,-11.718433193264966,
1980-08-01,-6.549436685363464,-2.2552359869251637,3.3642470074481734,-7.750192551367729,-5.6948290841507765,-4.059843054133239,-14.340681546416246,-21.809891645288204,-0.020772278930702992,2.3178807947019875,-3.2593737561600666,-3.959147547198305,2.6418178567475747,-9.181055103727221,24.596123882677734,-6.625302269750099,12.460282566029512,-7.704459259419338,-12.828031968530318,-25.72571595843295,-1.421396448150214,-25.064274214403103,-7.243843962295083,-8.433421993184275,-13.555249231295308,-1.015708609944732,-7.009194391454276,-11.6079726815712,-4.781855404537616,-26.485563105502575,3.350106268417763,-1.5841718217129652,-2.221676585058019,-3.35416741024096,-5.269446883913231,2.198473774689047,-9.118245047671603,
1980-09-01,-5.090141263462988,-0.10270358790158696,5.477288895595733,-6.8168052758604825,-3.3191504081914958,-3.6520014211274487,-13.43581569276222,-20.86472003888513,0.3354154826189504,2.5071221043255543,-1.7550649586626665,-2.7658183804735836,1.978680453935855,-8.784517776943535,23.369243199569077,-7.125908093526279,10.34767480880976,-5.192622522553902,-10.72807224860165,-21.75722668985004,-1.943851530803442,-20.338088188733817,-4.498027876524158,-6.058963910918425,-8.259605653607382,1.9111551874517074,-4.570418660486519,-9.415353409881554,-2.18888948610213,-24.809649720112137,1.2902782713077876,-0.4882024809176544,0.28734104278322903,1.0054067582320192,-3.6900720369531848,2.668141937970936,-5.031807413022227,
1980-10-01,-3.9286797815603736,-1.7830480484977151,3.0986040171023355,-4.643131000214707,-3.446614276479565,-3.258439402324287,-11.468250113334634,-15.67248576571999,0.04561718062021658,1.9912715974876427,0.11925651465651832,-4.158189216683617,4.065642166747785,-4.1297163733381765,22.865621471152075,-4.532059750025407,11.72054717544382,-4.871630889550671,-7.973142052805937,-17.147399500340676,-1.5626505637105437,-12.800869698153594,-4.315305771873568,-4.216679818914326,-8.678003898467058,-0.8500853715231904,-4.805253070393912,-8.358411640835373,-3.057113385818111,-18.29340262687168,0.45591215112099626,-0.4463792267861644,-0.5665357487492306,-4.604865612092013,-3.168999139550932,2.280754047589628,-5.270990114938423,
1980-11-01,-1.922980670090202,-0.2849640676621634,2.8157521744176517,-1.7637592334537655,-2.4958167905916318,-2.5872499800309368,-7.7755806273059,-8.768335404265526,-0.5424225571876162,1.6669585011381605,-1.5211769255056184,-4.630844722008187,5.921213672170533,2.064053976345015,20.86105375850731,-2.0596789603424814,19.565577550810232,-2.501494766697665,-4.001332344819442,-10.045605841187044,-0.12860909266285692,-5.253124338063975,-2.5774407139730227,-2.4740018376211204,-5.895591813852219,-0.08128553632448243,-3.545386549277907,-6.279714764292699,-2.20176682059976,-9.077155455940744,-0.31009794358436427,-0.6663081654259106,-0.3010189812749031,-2.9736379173266103,-1.3950855117857652,1.9665417005298558,-3.949375578717451,
1980-12-01,-1.7752282678795694,1.949580585546773,5.198920272475371,-2.175395275126246,-1.7464491542034666,-2.6266968426125303,-8.866025285560264,-10.91937617033536,-0.17525255050352406,1.2753659434637132,-0.7658192222058879,-2.4850495945832995,5.239756990385458,0.9850678809871782,21.006957432482977,-0.7242238327924033,16.58755133607126,-1.290049058203624,-3.690838192680579,-12.482568897974389,-0.3877878609685137,-1.162312281423572,-1.6502702446425044,-2.6323187937982273,-3.015283609971653,2.6211301199347226,-2.8623891249944466,-6.489490955160015,-1.0827398740728467,-12.932090807519014,-1.5673830262178723,1.6626111728148985,-0.5741185703044827,-0.9157796686447561,-0.8052089488257752,1.7630571407931672,-1.8216785402754954,
1981-01-01,-2.7163549396939435,-1.1780602385029981,5.350829146505909,-3.3484270734032373,-2.290931554755171,-2.289541705864384,-7.4408558689419095,-8.808191615446104,-0.3130136815577611,0.11851729067817729,-1.372741255412635,1.9996178227528416,3.3031935203464036,0.5103311094276197,19.490621819415523,-5.4978026973783845,13.109498171342793,-3.266512773425101,-5.184095410438716,-11.412898020035566,-2.7967152153703045,-4.498835485919961,-3.0337107790092133,-6.649226627384253,-4.6865177500318485,-0.46606357457017467,-2.6598705410748824,-6.687040372448683,-0.6792825250305445,-10.553756885170074,-3.1423143325652103,-0.28417954750521446,-1.077881930700153,3.263063059207205,-1.9712721273567824,0.8901701690187336,-1.9130468512230547,
1981-02-01,-3.1167844600264893,1.1696234827422547,-0.9627895787642005,-3.93961337158677,-2.258832927561516,-2.687863239765642,-6.958695080242028,-9.096712329511336,-1.0734856603488274,0.6703258203900386,-3.034413873225472,-2.312017784752196,1.4401447392438982,-5.048053099737048,17.74684025468023,-5.7159359807035015,13.666996253122399,-3.3632735174450423,-5.57114885998481,-14.35326945392027,-3.1300459570239747,-3.0144742956473847,-2.476877664808119,-7.752926591334042,-4.066879763953768,-0.7520698504566603,-2.9052960174015485,-6.008580858085811,-1.3982497099980895,-16.05310229736886,-3.189289775664217,0.9358890521363294,0.516551543537136,-0.18445116797944916,-2.415421834798981,1.1029853221185881,-2.14782259120907,
1981-03-01,-1.9886808042966386,1.189672212588655,-1.2865581601031018,-2.6560388168974214,-1.403339909210466,-1.95402813203861,-4.018756790264777,-3.166589661817243,-1.1892392689737852,0.298003089174359,-0.7694511011601346,-4.473641614905821,3.2607551478149643,-0.8109194170595857,17.125818521983184,-3.866166120348691,20.31251348156584,-2.6706691197830867,-4.857779976625299,-11.51635411350439,-2.1237807348312376,-5.543069247927002,-1.2547612635142924,-7.935764878287066,-1.5539824190868967,-0.5992976018511453,-2.0262990597918806,-4.429312928082185,-0.864736669334587,-7.799360759926898,-3.1870662451509824,2.6902639698320074,1.0816239935977023,-1.4074301866603744,-1.5180258338153063,1.4283347141673453,0.021479397297241576,
1981-04-01,0.5793552983372807,-3.028136318193364,1.7155081654572912,0.8691335854210669,-0.09405100520372134,-0.1488280172531442,1.464435618285953,6.402769679740672,-0.7384503599451753,0.24659254566954392,0.016635839680589903,-3.1531246038788208,5.171350398182839,2.822408091810913,18.77339742108426,-2.2326380783778355,24.797889136405903,-1.5396968253127974,-0.9532952064669975,-2.1905518233135246,-0.7262937106721434,-2.5028781340902917,0.7349198892053543,-5.639174342122455,0.5540565765582262,-3.0544737036731995,0.3700323542429329,0.28664953971913043,0.42211461459589206,4.6573352088868925,-2.8584220034414187,2.937199066298013,3.297229932961243,-3.153788980587624,0.03599549171218186,1.1132478077204189,1.1771872405914596,
1981-05-01,4.1409758536240515,-2.407048941415091,4.811215606200547,5.19237216273245,2.7143762987200226,3.0072790208772515,10.154706726924069,19.7644910819041,0.5736977960156153,0.362239554302235,2.119637584669709,0.25917311597782877,6.45979129143579,6.452218974338808,18.354372692886088,-0.7946150471940694,22.288896766450694,1.9607887702965732,4.616349946217291,10.075354770258382,2.0782863700114618,4.3119595860215965,4.470227698361162,-1.9564561977775785,7.07155092105658,-2.1581846641508085,4.044425004144792,4.498118107403859,3.843800900825123,18.6761175851051,-1.50517389971484,3.44753728977647,3.9766160035321407,2.325055293091838,3.1468672487850124,1.0567236562552873,5.079033506773056,
1981-06-01,5.313277621434853,2.1816253519654216,7.4023198748427,6.650952240645003,3.565794635380004,2.810444799003764,11.117947863092814,18.11177168476872,0.027573553780357862,-0.9958714842352667,1.9631454577438534,-0.6888436574860601,6.969700328657513,2.811202400472901,18.717339667458432,1.7107855420853912,19.18442576703012,5.28781747381426,7.08582914250937,12.833376759368953,4.66474688307863,8.409408546195252,5.684415268660348,2.912125718598113,10.841900961081286,3.041517011227679,5.498289162789782,4.941980581133953,5.736345074017368,17.95716480055645,-0.4794158019636119,3.1297363486123775,3.4148303075205,3.8756379087544035,5.029602722878468,-0.3504266031837733,7.697521269766794,
1981-07-01,6.565733085147829,7.279098699680198,3.1996419786921804,7.8358752137041465,5.340226611355314,3.595063327800374,11.890769808339229,16.81125165580115,0.8188223065439537,-0.657553591720994,5.277620175994846,-0.8915287198772215,7.396683483171529,-1.8068689597838583,20.077332260515846,2.758058834371435,21.31937155735639,7.5442268435975235,9.939648451196925,11.922507816340321,6.444315062796324,21.268791387694776,7.850736035017869,8.355566680129932,12.245933746680727,4.474340989628223,6.238973995627184,6.15551048412335,6.258948581427037,13.82080137716628,1.085583711133986,2.4860485587071546,5.101495254423027,5.4430975510832535,6.466970757490653,0.2454897556620983,10.425355572494176,
1981-08-01,5.818985439637814,9.647207919740964,0.5632456751702763,7.166783936007959,4.3281680757534025,3.2289244107120085,10.112916993971123,17.1266754642595,0.9100677819860348,-0.2918966939526646,3.3107011070110604,-0.6206868867978277,7.601470913514707,-3.6566217679137925,19.626598802132488,4.020068533119225,21.051867913957878,7.035235885392632,9.16496695265463,7.105496195091576,7.812187812187799,22.5004369330307,5.166236936788082,6.891445688804154,6.84679200035847,5.629885319792316,4.9634421447275034,4.2801233273469075,5.254683447017006,10.887730994530553,1.3158256028880322,3.802333680146508,4.977047143669022,4.163344752751841,6.001891037671014,0.37040861103223577,5.584273055805378,
1981-09-01,3.728814993084595,6.990372631697794,-2.119621959590068,4.353262967569949,2.9342430651982054,1.535837750633795,2.86207185172096,1.2509100932714512,1.0698741223118757,-0.4893536614632543,5.8277278519524245,-2.732290692988515,6.399194042448908,-11.021749801398217,20.2436308861091,3.798735430458522,21.830971825970046,4.139685688830097,6.0325151725438175,-1.5740959365176388,8.336656696576949,15.777058562569767,2.940340015352283,3.3125145601988093,3.685564734251101,2.5657135118456686,3.168820912785364,1.1107687723393989,4.0791460833413895,-5.104615058923157,3.226025176144587,4.071533394764693,3.51460342501253,0.694002400919369,3.778994689351256,0.30424931533155064,3.970153098134488,
1981-10-01,0.8480756245779819,6.619616008258733,-0.09324497670591958,0.48087438724702114,1.191336527684217,1.2272231502032493,0.6590527745138797,-0.8582534845728795,1.4367485683397296,0.16642057424001155,1.8484268459602493,1.51406905420437,4.438689053888623,-15.441163875174102,18.69148890693795,2.5296781831412707,18.94839008825633,1.2642067640155075,-0.23715628753847584,-10.005482456140346,5.594439821839359,-0.65452420375961,0.3834942862343427,-0.9436621245135446,0.25971261623876085,3.0631153265595623,0.7090121824649298,-4.090679201499425,2.8847734836701333,-9.265397536394172,3.3264076305963286,2.571570101120524,1.2955160528051346,2.5563152962410296,1.6682340189835498,0.6800854655898858,1.0737013921321648,
1981-11-01,-2.162366293786233,3.7619475271024383,-1.3705167017291742,-3.8503905624790113,-0.0998024236572359,0.6415561342636433,-3.4409129954595663,-6.990577989579583,2.153565248270173,1.8296303950948944,1.4074258192572797,1.7973319816916078,1.7587075324784651,-22.395723124851806,16.849098386586526,0.5946805357191165,14.623989334411892,-2.750313265175097,-6.402148973081879,-18.557969686050647,2.676904256004131,-12.734451151352566,-3.033267502751791,-5.903764727294137,-5.416372872087827,1.0188460043657033,-1.5148616657500114,-7.508016281139895,1.2258788765173945,-18.808931140829177,4.039804127109514,2.195887363497162,0.5777314298317737,2.6090360266775248,-1.1681112106147085,2.274285518391972,-2.687516704285098,
1981-12-01,-4.165091290507494,1.5715386774235451,0.09977626959343233,-5.663191141334889,-2.538643316664313,-0.5211717483315836,-6.3487072767988595,-5.965761257831314,1.6020529474874756,2.062028223582568,1.6845448206343594,0.8264601551522421,0.8431270348068232,-24.33563756027899,15.676455435342596,-1.4528965091631152,16.062415176052582,-4.9478025349297905,-9.31121454015964,-20.90414735539613,0.6365971568518036,-18.448763312172623,-7.356009048432255,-9.313007304109766,-12.07885653844013,0.5544620865587602,-3.040912493944603,-9.31384389011507,-0.21020732828146427,-18.3379351385195,1.9497025940204527,0.08840110751575647,-3.3650923649958253,2.577953354740581,-2.8656357308042835,2.117404199314832,-6.597428588756149,
1982-01-01,-6.1454966442542,1.6000712273360307,1.397885122273923,-8.19052315785147,-3.778303453744669,-2.1937604023665624,-8.542348981077152,-6.4995632501443135,0.10699043666047015,1.8927901788486023,-0.6857492729220871,-1.7649291601029016,-2.4793106792807884,-28.819309219328293,12.17830416354011,-6.123387105395384,14.716125716302164,-5.525639945176064,-11.011342332560648,-22.240150748820597,-2.3320315613294063,-17.87048943359081,-6.998315094371732,-11.450959053190047,-12.932943884819249,0.5978260111503042,-4.89124256158171,-12.108386384667702,-1.6452696650173348,-21.76467823062098,-2.639857401758605,2.122621564482041,-0.5225531403609263,0.1311811066048607,-4.257320023902123,1.596035777196314,-7.554728816111478,
1982-02-01,-2.953498157783996,1.419703889733115,1.1872172025928718,-4.969513067872777,-0.65276801329196,0.7750687978143045,-4.846690960171118,-5.339987150562542,2.810490247759634,3.940584168333938,2.098363170794948,0.34671093143423537,1.8338330285765592,-25.458974261655996,17.458940317178495,-3.525740928685994,11.817692774324984,-4.249209876048954,-9.15322732938022,-18.60767552455157,0.5257084241569343,-21.236346858557443,-3.8039297694651086,-7.239599684947418,-9.230543594650642,0.2142973511510604,-1.578970770314747,-8.252701952990583,1.4227316895194964,-17.06058459762042,2.2330195003589015,4.46693759413046,2.6608824336487924,3.7115043086386468,-1.8896584290886143,3.9054281803888813,-4.781688147026597,
1982-03-01,-3.945112194243583,-0.31387593181917417,-0.4706407337812024,-6.351445379214371,-1.1488704253267867,0.19001688700919228,-6.445261075717923,-4.848188620838146,2.6318438136506916,4.0562002823788745,0.8105578703537564,1.1551265264905464,-0.23890553037551054,-26.487428866207697,17.217419084320017,-6.736839857803223,2.4196613621531693,-5.367628851391992,-10.171675760407561,-17.40768701438392,-1.7591339648173165,-22.687402547070324,-5.028760124489207,-7.436495478964467,-10.680149526898596,-1.0460372077390923,-2.6607334348767497,-10.492574292073186,0.8707913765424014,-15.232066064728366,1.7366739083689797,2.7850340930904105,1.2858879640886611,4.8563932969296175,-3.0348885922016455,3.5889524361520486,-6.277490770411697,
1982-04-01,-5.20879129825933,3.1074668825740615,-0.4100124589421217,-7.798057302979866,-2.00732405655365,-0.16802258514965196,-5.843439911797132,-4.158350061185601,1.939028417070121,2.466773228320318,-0.060630232487435265,3.877663137917442,-2.768161620336884,-27.79513386860959,14.893575625510724,-10.989091093489511,-5.62884296775893,-5.268440437677546,-11.498752006705859,-16.033214542773365,-4.46217400901896,-25.24314725845269,-6.222923941096104,-5.721499083696447,-12.214899882711306,1.677625328903809,-3.1780323682784717,-11.180815938217027,0.43785447580435566,-13.52696016748297,0.38018502730647885,0.993247257482821,-0.16142631376021566,7.832920115981001,-3.5058397892170245,2.256524774797275,-7.451982499109022,
1982-05-01,-5.845071278392866,0.7875019197401745,-4.481788867338155,-8.444565258145564,-2.5591311354273727,-1.0889821338398997,-7.348319668635639,-5.465892861565392,1.2543038547797813,2.212903323126114,-0.3661958855668779,1.4112458277660833,-3.170548382180871,-27.144268315040865,15.103675323925225,-13.413388895074196,-7.752701466160961,-6.862860926030379,-12.76258880241996,-15.47839154588948,-6.701224081938539,-27.919175796270757,-8.11957299841498,-7.706880456866738,-14.184034891749143,-0.0909471103167081,-4.240993102325952,-10.668748810603256,-1.3733886616272173,-11.626381224869808,0.3450103429696538,-0.05548884011761235,-0.8535832372731811,1.6986951771566838,-4.694474041779495,1.500812798786666,-8.723785375181937,
1982-06-01,-5.469139546195533,-4.714081053875807,-6.4811307155141495,-8.613371508941125,-1.3620043761442324,0.32415818798450236,-5.8690122419084005,-3.5539769968228385,2.63718700053277,4.8669115585138645,0.28955812150057714,1.399400036984022,-4.362029258081989,-25.592926554661986,14.710646163227192,-17.841369225557546,-10.09717044980345,-8.46293305204865,-12.927324461860012,-14.234550607693164,-8.125810939673894,-28.412741951705666,-7.62024574641722,-10.159603148927,-13.58472149555845,-4.619666277383072,-4.416579211051452,-9.979545393164834,-1.9896021344334658,-10.450910857950923,1.2737885639560798,1.0378784104684513,-0.31837240166699976,0.3795346483506101,-5.424420493249382,4.340003106679924,-8.236413586111336,
1982-07-01,-5.765961552132104,-8.995861203590326,-6.259370566839451,-8.728820742722053,-1.9887949943494077,-0.14294260350936616,-5.875399942544224,-0.7904654963478475,1.9899267519692732,4.50257099385849,0.31084998538211117,0.8909362936644794,-5.176503274867638,-20.894203901889785,14.401116798510948,-20.68155236350593,-16.76413386090806,-9.678715824376006,-13.381962267549197,-11.789924734251267,-8.978105611902054,-31.233058608058606,-8.106935403165172,-12.962856017850111,-12.888095751074424,-7.05027960073984,-5.12465980437068,-10.396224141963184,-2.8372357036507756,-3.3654348089854125,-1.3264097527155183,1.4709561214789613,-1.0543950996693363,-1.868737876858706,-6.349148068200938,4.149173770350512,-8.461441076466759,
1982-08-01,-6.600302700945681,-9.987100470091548,-5.509991577192208,-10.411372025445687,-1.7011782937451536,-0.28676162263795435,-6.594518188042486,-3.328894058677101,2.0420046292956906,4.860970838325529,1.475683282613982,-1.4775108343501486,-7.3972243706526335,-23.33109406725028,10.51038934839621,-23.704823024993516,-20.279480460673305,-10.552128450802812,-15.079885124180459,-14.71397258407059,-12.022794662713121,-31.21552484028971,-6.952501470665251,-12.31416758222802,-11.615352355059361,-8.166632907973813,-4.521097325109147,-10.119260940548724,-2.085440253524118,-6.546090265941295,-1.3734798150245475,3.6887316826680117,1.1767458403146636,-0.0502615267825024,-7.088265683228013,4.030740612154804,-7.1997158492463464,
1982-09-01,-6.4125670248119215,-10.325982177828019,-3.8399966590567436,-10.4740464845689,-1.1001586934462515,0.276917769041507,-5.740498804298189,-0.7750079897730799,2.45165981530191,5.318715436111376,-0.7020260363054365,1.4511090901901724,-8.01858908249673,-22.085457792038156,11.232752360203335,-26.122485934710106,-23.626050599568426,-10.22711236549656,-15.27060051903245,-14.302882919326231,-13.296624077794995,-30.368425447426773,-5.902429721919333,-11.653727625122146,-9.675249308518941,-7.749615452676839,-4.303846772622977,-9.27894340788724,-2.158176455594807,-5.0622321785445346,-0.0237039237133585,1.4322489670099081,-0.0589536973062077,1.5356287507716226,-6.868842801509523,4.464742408266242,-6.402839521465397,
1982-10-01,-6.623925901357008,-10.05352935228564,-4.742915877441156,-11.419169171572442,-0.3363360126126036,-0.06705947949787738,-6.6248191693029534,-4.9781899244170535,2.274237469218643,4.480146808461183,0.3846756764849246,0.3198796220426958,-9.809366114820506,-22.555194724244533,9.520808197223186,-29.39573157231825,-24.26207520803946,-10.115923498538104,-16.203680402033406,-16.07554066402681,-14.51592966842804,-30.754818721935727,-4.161709146097614,-9.66550480703463,-8.221308792611826,-7.624059698393049,-3.4512837364705673,-7.7097716684539686,-1.6594812146506044,-11.60800236960976,0.09789343069244172,3.781879949042044,2.407523845047166,2.491539047296709,-7.0372990567941995,3.910339228352555,-5.196193285508244,
1982-11-01,-5.948210571119173,-9.505454253204704,-2.6188878310676844,-10.33083747315372,-0.36563096045473253,-0.15600953559251618,-5.073791572025055,-1.8684731982043012,1.555473406359642,3.5397954682607757,-0.11633855051046416,0.16808856897478908,-9.447518374762575,-16.870125689055925,10.616561981084383,-30.232779922035224,-27.69858565001617,-8.80094520239214,-14.817339312406574,-12.033211124536546,-13.784940505118604,-30.787100846751592,-2.8299087464282113,-5.523255813953487,-6.062620761003512,-6.494204927018632,-2.903067480406596,-6.698627092992526,-1.328021493392173,-5.221210901146478,-1.3048268460666868,3.2197455656074903,1.9028224578824249,1.5881632892607689,-6.24962823436106,2.9354338626555565,-4.335815765534779,
1982-12-01,-4.661940881015414,-10.55064741718741,-7.399387650961042,-8.184374739995004,-0.1680097371465128,-0.38777612452788324,-0.7960910384205655,5.2412232021985306,-0.2677497733077905,0.09154160908910747,0.14319037391163913,-2.1548595062238274,-8.304156753555725,-9.285909665948644,10.906434832181278,-30.19446997782589,-28.4101024500642,-8.419535923829713,-11.752803650274835,-2.893574743590799,-12.971653243706005,-27.06957295733189,-0.9086533458216195,-0.44752094622082517,-2.171652174738925,-9.220788806784164,-2.7351863724584202,-5.53655781317447,-1.5967982659740088,5.634605422206884,-1.1700718646275754,2.6271934940923503,1.3306634434772757,-1.1701880085591365,-5.912378478798031,0.0898136575152142,-2.093674822983993,
1983-01-01,0.040682331902575086,-8.534104494895445,-7.464751064239339,-2.7821775359823664,3.577389694366917,3.6451686028277086,6.5562355609381395,14.320072151518204,2.6609911475573567,3.6755844781875213,2.236458221894222,-4.49093306136662,-5.046516441364557,-1.8959603835839722,14.800954550385082,-28.505266753971416,-25.639208107502654,-4.699483312714358,-5.979853247882727,8.074909557674426,-9.381120250685482,-20.856436065853444,2.5060455145549776,8.35796498515955,0.9069236310541129,-7.120880400767038,1.316650996497848,1.4291354626336572,1.2686775970239816,21.53082376975306,7.45882212352369,4.871646240476979,5.109659079267059,-0.7870903115246741,-2.13859643737786,3.5109942135718164,0.4661080390063299,
1983-02-01,-2.811360502203908,-11.317292490832841,-7.2769772070986,-5.3160760845190165,0.28671827324968646,-0.5389037158694321,2.3107229816522468,12.90632152158473,-1.5144989399148323,-1.3998014726736008,0.09606251039782077,-5.271574552100433,-8.908938302146163,-2.57513461220229,9.239886627157933,-31.298693894069363,-26.135688988064775,-6.0279948340100535,-6.4306649759910295,10.485543372665607,-12.028061224489806,-15.36403474185809,0.8235422742377985,6.183608153764841,2.2760536689972577,-9.057107127969989,-1.6114262877596541,-2.6519112039153248,-1.194826456504472,23.961779417146857,-1.5679675032641782,2.1746134020618646,1.0506609533120548,-3.6088881269172646,-4.693403605034529,-1.4396634072396886,0.9298342005752858,
1983-03-01,-1.1893248350112628,-11.7223405739608,-3.925490292231326,-3.1921863707286113,1.3684412420440717,0.4108971253904192,4.162056324747665,9.035260447879857,-0.8715164825522481,-1.6181683880003406,-0.35320166819317045,-2.2190675686193484,-7.4458162153098195,-2.621402918997362,10.787653732156844,-29.38243454850141,-25.339425130413474,-4.560937886950789,-3.9422794580309506,8.859319177620485,-8.818667963052995,-9.225090960385462,2.4867431818415,8.622079449715493,4.450819308982967,-8.51703267333348,0.6390712328478543,0.5981703026038065,0.6462107045245746,16.433390936437853,0.10932211542666881,1.9316963850725788,2.039904142761806,-1.73262485330552,-3.2461646238918895,-1.4809339524576082,2.0121325972956017,
1983-04-01,0.8116586824932881,-8.906067367973646,-2.20810033383958,-1.475037564335302,3.662384323908152,2.611546022474154,4.510793608823738,8.688207464724872,1.9366185731699126,1.1301501109233891,1.4674617207241392,1.5055332200439198,-6.1081662747598635,-4.3877197743073415,12.492168052427477,-26.658928225962462,-20.849218067094178,-2.208163844480182,-1.4333977446184143,7.909784653982843,-6.185635067335616,-4.601741101572299,4.8786679047889026,8.676732263349841,7.754441614200336,-6.335054297431853,2.6373160807435347,2.8446358475467948,2.545180667015412,13.348279534471686,2.464483479408841,5.683795383366208,3.8619292140553485,0.4645591610451305,-1.1083036169128868,0.9761607879660295,4.748655074829133,
1983-05-01,2.1671926529716723,-7.841910338335922,-1.337767378116228,0.4317037795410039,4.4211198981935595,2.964235899025458,6.525751782089406,9.120732616086812,1.7227036034701104,0.4926478480197449,1.2153595846261744,1.7482387713236847,-4.938620685975847,-5.278270210176816,12.417622854848954,-22.413831108237392,-18.063968984734668,-0.4269822122656808,1.7849974805059343,9.77267249132392,-2.8616373251221683,3.022425993215827,7.546379020391014,10.576825821805746,11.086164492876849,-6.192756887092821,3.6019338244015264,4.105863998345871,3.4025110038415463,12.213326597438945,2.4149620549855255,6.636669484081614,6.815720590845276,1.5890637630566529,0.15508233107617286,0.7330382966860505,6.743485661909143,
1983-06-01,3.0616770437733143,-6.300888291775242,-1.9667941058910565,2.215450785318729,4.195677543844822,2.595601407139214,7.664597961919584,10.386475514778027,0.843434010843791,0.8219097894804017,-0.19561454535136358,-0.7409546291934133,-3.083632423647309,-3.952209721330957,12.20950514128143,-17.52711771518385,-16.003120429058992,0.6376277176000533,3.6152442297369802,10.211841804465438,-0.07486685610250676,5.354061589589221,7.735036181593458,12.36841157618025,11.554743230640764,-5.3602311280441235,4.665707651838602,6.814600301278073,3.8207861363564355,15.60265958581919,0.9465715815002218,5.045690618631249,6.229521403743843,1.312845934903839,1.0316445022150678,0.5739877676093741,6.341259151674228,
1983-07-01,4.639564105990535,-4.342208265874358,1.4394629447668006,4.4354325535640005,5.120579632713929,3.671854185513368,9.582932403875933,9.459186875252135,1.6317199656507242,0.5845016724718377,0.4185665150299389,1.3594170005791106,-1.5610587201163373,-6.9695235476210815,14.133936415996873,-13.200016056948638,-18.433604860087183,2.9926869613163376,6.537315243194541,15.076290056386643,2.623446191882417,6.9321579098057695,8.891718170255803,11.992110215702368,12.940083407775504,-2.905544073389188,6.31653314919578,9.236522162781213,5.172909371897005,14.148392559932255,3.5439450651919113,5.126308696152382,7.672076259753946,2.8570111010497445,2.8744407943608996,0.6805741922404795,7.824658111636906,
1983-08-01,6.513596638143659,-2.7461495194322283,6.8804566274706325,7.606694648699253,5.359700790697541,4.740953767636902,13.263988725786913,17.446362035190944,1.8573304922465672,-0.6290793513410775,0.6911213695008911,6.423856671381434,1.6659960875175184,1.0103907381176391,14.947392877294297,-9.083144098285201,-13.894376344310565,5.669084523920165,9.830376945021314,25.463678104592557,5.187213650007916,9.120454470390072,9.255170012552805,14.90242603263765,14.052531942778712,0.374519168558618,7.2080445722374265,9.76125339987246,6.206863121627815,29.705530554054782,2.558006007778002,4.278912216789688,6.4672376194194525,4.177769060471448,5.050271558043451,-0.09723498316926982,9.04537433620256,
1983-09-01,8.638301487679634,-1.1394625176803452,6.274655278491559,10.986756136323494,6.107300535042737,6.1191291068334985,16.897710187256763,22.399966598372245,2.5392949520286923,0.08738405819987971,1.5767779451727026,7.006713729424163,4.1796384861712665,0.6707663421638088,19.909576117648985,-4.686845367876535,-11.543638592039906,7.546090023530105,14.164270533816726,33.06612071496986,9.36527030851968,13.560778670504048,9.893056464939365,16.682264572900962,13.974243000572173,0.8415240394334278,8.606022853360852,10.692084738118602,7.78610584920898,38.590101336466454,3.228068671979889,4.556953840433864,7.770057911201422,6.3617484466469865,6.8416393880686766,0.47295033200893677,9.12532432308788,
1983-10-01,11.154893282795065,0.20246270961645774,4.293576326236015,15.320817447554337,6.501185069610171,5.50754359906207,20.165970259608244,28.988051679713678,0.7536641761097584,-1.3039620132555774,1.0613491012132936,0.17020324171199697,7.416455979955683,3.3210257854864755,22.184221776447764,1.8094387889063146,-9.841056598506526,10.291239440052324,20.423221752489205,42.645141621056595,13.505160229182845,25.855636589658303,10.667582435383238,16.771559583012795,15.802612323316367,1.9376107385726815,10.199172091315866,14.161903832087862,8.662135077229415,50.9344391619718,3.2813699683873043,5.210965894047703,9.543666052338295,2.5391144985233316,8.710903491149335,-1.1600461463829426,11.120027569909418,
1983-11-01,12.333121847117656,0.48208190154781505,3.5533474014121547,16.979284588476375,7.255897242202014,5.880352884641549,20.337378138578188,27.96661324868166,1.1915238196199551,-1.1135432525499422,2.6975746723166827,-0.2932443703085985,8.608926128590966,1.2408663934653008,22.558169891981873,5.998031015347949,-11.515241891024775,11.33044274870134,23.003996219033972,44.970278450185155,17.034585591155405,29.525978217739677,10.727860314440662,16.6876411259973,17.575120537832746,2.389063398663893,10.783448660195983,14.50764945278291,9.341788580180532,51.00507324342865,4.46756116217899,5.548204992502437,9.715242006165447,1.9419438833513158,9.551635894507537,-1.3250514227410526,12.924713980835811,
1983-12-01,12.964400848096801,0.5730771314331529,11.804026091157404,17.705331607964258,7.954193620297478,7.447750538504194,23.236358944018786,27.51260349422038,2.2727479659991667,0.21622202375757293,2.0812747364256756,1.6024735643763055,9.719012009970541,-2.7742860750476273,22.15761236225786,8.733185010905743,1.7205860086533908,12.777537231525194,23.3434825390342,43.820516878829686,18.486537690822313,26.709312600429836,10.72078872573794,13.578375048862235,14.886442334453044,5.219776910475082,11.569726925922996,15.600592425509285,10.014791203462693,46.53360142546548,6.589846904775554,5.395113950977137,12.874043899373788,2.9842815197934414,10.886183797139415,-0.09917865075362853,11.679554603513576,
1984-01-01,12.392627096897657,4.306814941545478,11.65001896108009,17.639725154069552,6.685769505257078,7.175054491524779,20.828967175046962,27.08568972537664,2.602389952569739,-1.1059638197806643,3.5531923572843516,8.91056961387935,11.991677164574144,2.6917568503219913,22.667359569140633,12.257757262702862,-0.41052342861254143,12.644963592830871,22.405230401709943,38.72032083852619,20.691953029320654,21.740008349682526,9.00125222837993,9.161694984461132,16.158536097358756,6.3943212014450745,11.051201546770262,12.344412935338944,10.540740507232794,46.222753706484724,3.7068614004522438,3.814660107546408,7.373412786355105,8.47280487474158,11.03037425193525,-0.9768208330623085,12.220289798110805,
1984-02-01,13.696942790487121,5.2290039892595175,12.175768272817633,19.153734667185105,7.651800121968999,8.32496061534167,21.641829501960565,23.39351169689565,3.8286579262824416,-0.674481687788886,4.962040790066258,9.522862298112056,13.888453057114258,-1.5764756827785997,25.095134761141004,16.860447140646386,-0.6545548611207375,13.60525216471351,23.594307472885866,32.78628223603985,24.338480498767588,23.992519682419267,8.544661320421621,7.83494662439117,12.452988778659213,7.661386429055961,12.350041766668252,15.41757875402574,11.154495587352953,35.00907435763101,8.280716648096087,4.687844868358804,9.041655345041955,8.09168387062622,12.222425631216694,-0.33604210328669337,10.558876930515847,
1984-03-01,13.155744508378909,5.794904880807605,10.866394930838608,18.146424509673942,7.536872503197101,8.334177674608533,20.20899003544747,24.456396767264323,4.2821234104426065,1.1640235845629343,4.45994013910429,8.258536526278814,13.908154657094496,0.27466774823379225,23.996371407924478,17.125550303761194,-0.33668928455871105,13.054951726298892,22.123480296254883,30.399869220175766,23.34541835501529,19.60485912318486,8.34229870448302,5.445890158698763,12.534595720507479,7.619457728937529,11.309612002321835,13.354008783179827,10.513392775340735,36.3447256273091,7.414574342308344,5.775281793922016,8.651079765476698,7.094785118346625,11.828004106467693,1.3637192495020045,10.711765371191362,
1984-04-01,12.317755536291264,6.788990825688068,8.23814840261079,17.616269240191418,6.351204826454948,6.494791898179009,17.33895651820343,18.137910921286824,2.7912271343214057,1.348096612478611,2.809936012755121,2.7189606961793844,15.1877886443901,1.2622600110782978,23.44723769381303,18.412675807895027,0.7002092739446963,12.369438673963673,20.668694313009684,26.69396908739521,23.777355569629144,19.202724991942578,6.963264086381082,3.2670838331766427,9.164543110907598,7.9406079164254795,10.197015952186428,12.56235612334451,9.277503808038666,28.9209794195489,4.724233600467276,6.2647976543267925,9.473206797819312,5.4423629711896515,11.083408371126957,1.6987847846408277,7.892546727656136,
1984-05-01,11.400987545139651,8.866504057413582,11.318116606479101,16.22719086615245,5.805373049652851,5.685046225586765,14.114117441121032,13.164332073337626,2.759380346986262,1.2598927682662575,1.9038333157654241,5.285916326635509,15.113029228213515,0.7821220189652145,24.33715220949264,16.41412706530041,2.5959263640396246,12.532449426967162,18.852211416632404,23.18711234201498,22.2788822657892,17.04367536461273,5.817798882667913,2.0026687902201745,8.615047628300543,10.493081937852056,10.635673008246215,10.773288635843858,10.582001985738776,23.111258739914952,3.1234508817920226,5.16524590673495,7.260046364007211,7.945068871668082,11.016530838380367,1.6408278030231704,7.4527024509012385,
1984-06-01,11.04646911981282,8.999462013473035,11.058617032946948,15.756483980359025,5.444075895039213,5.314347915624729,12.494693923753598,11.421817253009037,2.791474868275312,0.5569762562644964,3.8325328158845373,5.661247216414522,15.931088261023895,0.7847385160337561,25.576988556455316,17.34452554058141,4.605125680877831,11.961593511450385,18.07836083781611,21.02200312058502,22.59437737326955,13.200392300912744,5.018540777544733,0.5805817568072857,7.615498863467263,10.20583151279093,10.43829873050468,9.589938192854252,10.77886065189302,19.0787998976796,2.492946916795047,5.688894451919757,7.445141847864067,8.06568321532608,10.74527207214544,0.584828985149688,7.727641973930632,
1984-07-01,9.935900076623305,10.16841380881639,4.45684913104345,14.444934820269918,4.358102676603437,4.030228894583643,11.058123663206775,11.018202852257964,1.5447522699967076,0.6966657773997742,3.2214523373669257,-0.0031374673042816603,15.2909530870186,6.772030670472184,22.72591198734122,16.063426192131523,12.1391422884491,10.439721707605143,17.02604346676968,17.74124117088942,21.868098775346322,16.41052016772293,3.5293819233319645,0.4061077747556263,4.466666762714722,8.195183451292287,9.020404687685236,6.975026716750321,9.845302553563794,19.041552833798914,-0.04170513199319714,7.05653356680529,7.160333057101131,6.263679381783649,9.422400340189284,0.2739508367828325,5.3441362313440655,
1984-08-01,9.201906504496705,8.03707932353046,1.4550210626443905,13.934292678476012,3.288904253247038,2.4600414156138672,9.715306874429807,8.856129653322364,-0.12100060815738445,0.47838123120431675,0.4048002740616674,-3.6226266089460557,15.811610064712633,4.948322876025468,25.962607377463364,15.535536205093292,11.709439435021118,8.875840984255333,15.398728180752496,14.666961021978997,22.292313340676206,8.479466317981487,2.85151195667801,-2.6834818888678114,4.538516274158755,6.198479679001023,8.185540912813627,6.850646027611318,8.722128405065433,14.427876269198991,-1.2470315487841388,3.773902917381733,4.2572463768115965,3.297794993921155,8.254649187321462,0.7431693989071064,4.242646176193943,
1984-09-01,6.8282901201146995,8.022616976467356,0.637328770038903,10.577899121425327,1.9515041411177547,0.9658345965593007,6.2592309964552895,2.747653031141062,-0.9307939109836072,-0.12070561504640143,0.059603945642594525,-4.398534877423465,13.80509325528234,2.952003495071831,19.9088001088954,14.458443785593289,10.655737704918034,6.8067263355265695,11.087776109129589,8.831736668969725,18.281517906246968,0.42180725930880403,1.4277033800525807,-4.449930469836405,1.1246196345687132,5.780784955267926,6.4486273691894525,5.84817898838228,6.691422859599228,6.868999427760003,-5.177511722733308,6.278553814519072,4.395337778165964,2.03990634305784,6.386728672476449,0.2016027486581473,2.4089115804130756,
1984-10-01,6.368620165378491,3.4514567012563946,2.1988079481656264,9.478549716398721,2.1866109434647285,2.3615486202027247,4.017430657879806,-1.1947186380398378,1.761706249107009,3.5784710904357864,0.17743548431901068,1.5362297091118249,13.650820486268866,2.8020019864067436,19.947517157852236,14.156934118323239,11.148900349295122,4.619033982651266,9.811692846016307,7.2545631079818484,17.944553257217464,-1.59612645713475,-0.07248387848470816,-7.4396841946912655,0.08073420966481226,2.2462324608302,5.864089727170407,3.9395082203937504,6.641099074134549,4.070305272895469,-5.275675466150198,6.371248169838961,1.921816368213558,3.5449901578369136,5.567847537197523,3.7263776117638203,0.7313316231515543,
1984-11-01,6.106763196299947,3.5207612848835446,2.885251990940807,9.33257408150756,1.7987730341120889,2.5147753757533975,5.51253732067869,3.6003333109848823,1.428542578596348,2.1278085989845374,1.0981304770166567,3.5776304827166205,13.460181008536098,7.0760259027514705,20.1182250269601,12.479026298630714,18.52156372085898,4.385406343469311,9.444879822872831,8.962979043708152,15.310276249961152,-0.976185196277235,0.006337180236459794,-8.331742255752383,0.12755576432212923,1.9438563136441545,5.772858455734142,3.983023455176604,6.4895816764752645,8.807958014739103,-6.3084548742558315,5.965386777688297,1.6272006246012882,5.4612502808244034,5.453162494473873,2.6342638553918496,1.0281219873497838,
1984-12-01,6.065398454748294,4.818415506395479,-3.3511319948739793,8.64474685045067,2.5002708679884966,2.8701871253643096,4.229845998834358,3.5936946675861448,2.3922836452247243,4.591304114765848,1.7301994178216207,1.635651371444946,12.475216340692707,8.711925908408947,19.77303808121187,10.853310489998158,3.319365445942468,3.5816804389266155,7.927494675366709,7.006052745352354,13.379047384766762,-3.789291981932741,0.4743899388071293,-7.941366651370418,0.780691030574121,1.0711311201870632,5.351511375764884,4.541637989400038,5.678566486549297,8.136860072066842,-5.869420303656369,6.894586016701076,1.4992561309209451,3.602777811502178,4.960103266653104,4.728037719740996,1.838202000317679,
1985-01-01,4.028574026813292,-2.1917748302369477,1.0903490996746923,6.078688761501061,0.9134680796383909,0.26934812721282064,0.6777611669312789,-0.2503137265372657,0.1401544319627135,2.660595167188551,-0.30041191028747916,-4.804759801866232,10.043604100049297,4.828070305067844,17.894601707426673,8.468350101945399,0.1936917006041039,1.8364392584266698,5.411344343602575,5.7884461440114165,10.326354587915777,-4.730877679007694,-0.8533089998713161,-8.073272480738957,-1.3157133211150862,-0.17609265139407748,3.433272232546636,2.3270408745432514,3.871348698171362,4.579583228552275,-5.893852367741648,6.850784185466341,1.0186043400571387,-0.8859870957816152,2.888405510513481,2.766403538544071,-0.7890516349435939,
1985-02-01,2.49903338552413,0.729103155537203,6.8624758888486515,3.7410182927191116,0.3709807804382903,1.106708624173014,-0.5678732770274197,-2.210374143494187,1.7526045877850338,4.347068303029178,-0.578226601488474,3.1094295468134137,8.707054615407728,5.145020159072722,14.822822520835155,5.265554440017861,4.239163791580247,1.5287272790569073,2.2741489017507277,3.1875533630585373,5.350921944464693,-8.133328753212353,-1.814261784337723,-9.25543720635974,-2.2679844290893314,2.6907974189007255,3.2396898951855935,0.1925212379674246,4.463157683643404,2.077491059713399,-8.800478033854386,7.19239196729089,0.2482443555085645,5.0665047307488775,2.7201407040452263,4.129495206959599,-1.5302915765174618,
1985-03-01,2.8251074085717143,1.7206971978745988,-0.49705515783103893,4.340610992671157,0.295993850515619,0.6767395892659511,0.2720215465654485,-3.035055225837857,0.8469466854239105,3.745033909734552,-0.0792772105356665,-2.385294705294705,9.004016144104021,4.887395565053976,14.266051633063004,5.645564189680119,3.899122497470997,0.8282196633422334,2.609305103109927,5.497411038889499,4.519912396979997,-7.90098720732213,-2.1866895750631055,-9.118254233046963,-3.7981124532050714,0.7369138410290743,3.6238726782143127,3.5430306454665494,3.6583222520302883,1.879617880347828,-8.438850022840672,8.53861505441127,1.006000037855137,2.01594870395001,2.3741950892748775,3.341252403185946,-1.5919607707714722,
1985-04-01,1.9559132525733824,-0.4862990804883949,0.9937912839942165,2.869346600993339,0.219217985584641,-0.274228376167307,-0.9877774333957645,-2.076666628214152,-0.009311333755435136,2.84004581780839,0.3516777602415422,-2.9968055487094247,6.984222913380789,7.390820283053512,11.006511718654721,2.928615259303191,-0.5723080325874541,0.21758265881275385,1.270210315259579,4.955966715539439,1.6699829448550307,-9.606563704107419,-2.1124549178246133,-8.77427997320831,-2.435935150683144,0.4694927713795538,3.5666515272828825,2.742872382548911,3.8961232456271144,4.258350586762494,-9.17014569543666,4.947434431369668,-1.9427078473453485,3.785611115198595,1.5505472083101601,2.726089776449503,-0.046397791465124794,
1985-05-01,1.8294711374891248,-1.7834484095780923,-0.15868337017931333,2.6531596719729933,0.28187614578121245,0.2750705129995312,-0.0743682100173726,-0.7423070213899319,0.3924587240614841,3.06630857688317,1.173505362404037,-3.7729995653625448,6.379166605724662,8.457495150902329,9.43913267198775,2.745275625781307,-4.844753506219767,-0.4782440603967375,0.33852355721541993,5.723315885407176,1.035532136718409,-13.558333420286528,-1.6743652293579214,-7.063732368362762,-2.9756846609120813,-0.6414600615735178,2.7974522843878358,2.935275876541832,2.7432011740718076,5.49807566236904,-6.972829873978171,4.943325402337928,-1.740162885182639,2.7378303680721805,1.1492068646153486,3.1527128469168497,-0.20144392228945707,
1985-06-01,1.3864198575956888,-2.0739515165951405,-0.5230283953218895,2.1772645845370198,-0.07833241201856689,0.6339845910596775,-0.6879176124324426,-1.9040891132418358,1.1045284795698995,3.8160886960789453,-0.23805082410764955,-1.3872184627571449,5.671772049056023,7.861204108490183,8.753212458444338,0.7619548783810659,-5.769674692804894,-1.0427342050483457,0.004211767678907741,4.724569896363784,-0.49308294905272554,-9.562373362005816,-1.7146206715993317,-6.319797358652868,-3.4215635235678277,-1.7395454833894708,1.836202623716554,2.6977153255428377,1.4988181740017703,4.46951376154916,-5.802935840711032,5.190969652109545,-2.2363801846313924,1.4088182081551492,0.7306797251541264,4.234740734886522,-1.918131516272259,
1985-07-01,0.6132314091394475,-5.3327030600261445,2.605127337338198,0.9125705076551194,-0.25220868964540566,0.26964297427924944,-1.6100223412137016,-0.6183185516314471,0.9654007468830939,3.3102368277126537,-1.9099821807267325,0.035999438540867956,4.275155142903597,4.041093712295374,6.026181598541092,0.07451258014086193,-8.837377283117586,-1.8156923443267026,-1.9585973982655158,3.870805275233624,-2.867811594799774,-13.980504211749246,-1.1407877712404368,-7.777640691131282,-1.3729140808164453,-2.0585279109324284,1.1833857359673017,2.790539644207879,0.5572214216012616,5.458546250016116,-4.264749975956505,3.8736482391512395,-3.3998637476754245,1.3359210490988538,-0.02291387499290254,4.4954088337263,-1.7746461723999962,
1985-08-01,0.8807804724798141,-4.491664507212578,1.313441132053983,0.8443042355356978,0.6465269625596459,1.2964851222328155,-1.194952278020489,-2.529780849322538,2.2510134550447924,4.228640745908918,1.7176429628340095,0.798258587150591,3.1513877465409568,1.9935284916863694,4.798963873097373,-0.22473625069407976,-10.570627160150758,-1.6656959318416598,-0.8411926985308793,3.8818541967492237,-2.71834061135372,-8.08038419771494,-1.169274567521006,-4.741411976138677,-2.4173450511327355,-2.806887827945015,1.6336630634929517,2.532432840814658,1.2814985961156156,1.9554207005679336,-2.8781303505307165,4.042700843090641,-1.1668208103285727,2.766908779263888,0.17799492018613083,4.3029020333474,-1.7354445527943407,
1985-09-01,1.2690946086473254,-4.007853591757327,4.348282174750184,1.0615796789073872,1.426427458384949,2.099242554414116,0.08223922347641022,1.3810765947355863,2.843839776427526,4.149761061597412,3.13859879096845,2.2464539917542714,2.4113575032265633,3.6502309224911045,2.801648295512571,-1.2060688790338836,-10.492069768463598,-0.63742208632247,-0.07709991656309478,4.852118774955594,-3.302609266451506,-2.802378838154884,-0.008624899618991932,-3.546296447707664,0.11010192054359269,-1.5577362541291717,2.098615005939175,2.193013152156942,2.0593551226600226,5.985465474994278,-0.41265334055136105,2.025704996254074,-0.8255089709026553,3.314294954348318,0.8154779178130456,4.27771453102459,0.1845072399354608,
1985-10-01,0.503638738570622,-1.4067319826135738,3.4656951705084094,0.5020652226805256,0.5000453457270071,1.0537691760996726,0.3185314474403622,2.0747838967819066,1.300176189778024,1.1799077684943038,3.0309910122251704,1.7767289400388853,1.7069859982520974,1.7759785404960926,2.0003814524362395,-2.209961155598361,-13.823901944312667,-0.3907529699812118,-1.0604064833287352,4.7119375537323815,-4.71998703893719,-5.441207068824783,-0.4403747990306628,0.07509737439403974,-1.282666127024712,0.3641136613572682,1.4625644597599852,2.598103284789177,1.019409728882792,6.423111111111113,0.4026341480524387,-0.5319339598970685,-1.6516292595630366,3.340816981077066,0.5130362266396737,1.4343520829384726,-0.4555230891708062,
1985-11-01,0.9142074387302301,-2.674098244377332,1.9796519061921813,0.9238361684990704,0.9591514471265716,1.3343004598491692,1.259738965062418,1.6555571991198725,1.3632505966943542,1.9028332222646327,3.1587565018865504,-1.2433636394471592,1.9968453820926824,0.0800169147373353,2.0105960852120353,-2.186341420683924,-18.629111136963928,-0.5883224754650751,-0.8064263840466546,3.4791270993929757,-4.326560310445182,-2.6074288867289908,0.3019357685339008,0.7835940622484383,-0.48412192883862115,-0.9054996849330199,1.4528188282637355,2.753570694893437,0.9474250564134756,3.5594247616948627,2.3392521307227243,-0.5283987438879256,-1.2432543846499722,2.86740208496461,0.5279730521382531,2.108196457758371,0.33092834492189915,
1985-12-01,0.9845027165738873,-0.8178322416147465,8.65735223870956,0.7358255787256907,1.345926653650542,1.8288845952336708,0.2583518930957762,-2.47026306142597,2.409798680392705,1.6118368790327908,3.126169110374266,5.7300395328564235,1.0661617031043624,-5.397193887102903,1.235110062029987,-0.9863311587449575,-19.877061704895706,1.1173413095197038,-0.31344464860378896,0.8861161666155581,-3.285691039270977,1.8928361683015593,1.2879395798914395,0.2747268308985529,1.291864357037542,2.6706160030242954,2.577655126888656,1.42826686546913,3.0231216022010843,-1.4292375748972574,1.5569445238629243,0.1109813926002845,1.4307734498378188,8.492462017120861,1.4633539281426744,1.9629502272295651,0.09796275374467367,
1986-01-01,2.350768338001763,1.3497438695266206,0.9790969408725259,2.0103084005517413,3.0484158698889763,3.5643291076422168,3.936935364120009,2.139809194956177,3.4337759321619643,3.3155162765567514,4.961768459967253,5.937884662083515,1.3263257514850357,-4.345083278707018,-0.30380904675828546,0.07116013253574138,-21.600162224275053,0.9701607915893584,0.7694583166576674,1.7175676411345098,-2.6618695305208773,0.5771126487188472,2.5099823479992844,1.0093417803070937,4.024341541202725,0.2667836129079504,4.0752471240403265,5.3599524587243375,3.578159595995478,0.7163352731975436,2.3093217243948416,-0.5922509093756356,2.3846233884164736,6.314006418589857,2.042568302210057,3.388422047915207,3.0524559973876375,
1986-02-01,2.1858158200404265,-1.8975021476389187,-3.2575539023963485,2.16423971356996,2.66218806385754,2.0744501737022913,4.161074605360238,5.345329758812523,1.3285565745317252,3.199384303859909,5.0907920132484685,-4.378365065360579,0.4255868236291649,-5.131701404670697,-0.172970605944478,0.10688495184225655,-24.781540081094455,0.3514607049787344,1.6661042686013205,3.303852165119059,-0.5949416127068452,0.3823345544201606,2.6989167419914972,2.6818675352877186,3.3200099367231672,-2.3926856839620814,2.497023365439377,4.285667661193604,1.8110847151233012,3.684380762752082,1.7502436490796747,-3.025449743254738,1.6627905881909877,0.8302352550740855,1.0483274768402273,3.217815854940209,3.0674088726459603,
1986-03-01,1.0263242250686977,-4.690068785921886,-0.028091790752515777,0.9132277947261125,1.7017941125239577,1.7908444533182521,2.9320085906472393,4.147612142843871,1.3811149427279235,1.6719102160752453,5.011080256624223,0.7399681022822957,-0.9281678773204183,-8.205477732139975,-0.3255526255819152,-0.7039753516929426,-34.13563865919156,-0.6182635791426749,0.314688970203858,-0.5831748912511037,-0.7733557574337246,-0.6568492919108659,1.8796628576824848,3.4124348230111456,2.150551175813753,-3.2604149414865558,1.414814904369277,1.7879162345548982,1.2708299343231255,-0.1918254450933521,1.405996470574289,-3.978546102981473,1.782083594899242,1.7447774336551758,0.17716115650512343,1.798331231537298,1.531886397398563,
1986-04-01,1.9263891317206072,-7.7581078203447955,-0.3767791439158952,1.7877716306393676,2.1065222818857032,3.0801941479380313,4.342060748408572,4.551708864040127,2.6280272412915195,2.5730347291835542,7.239516556404602,-0.7332113773161786,-0.8893736724266521,-9.801024127286961,0.5635380964935433,0.4130706110417881,-39.62293881561264,-0.7226271415747942,1.1872290383164064,-0.8192287447659763,1.41748794296499,0.9241968554551061,2.2829396932178225,2.449866923641686,2.508899032622791,-4.7308258353680905,2.10213016057208,2.915051497786325,1.7877714520623922,-1.3877838911268703,2.9564568270614267,1.500868183703452,3.9024436662606465,-0.9161732278176404,0.5395837861830843,2.2496419580197324,1.8817235496860762,
1986-05-01,1.823517510334316,-8.467525687832921,0.990025931593741,1.391547049441777,2.2824601705068615,3.4095940959409488,4.425384068306437,5.5150106039627556,3.0455199134912236,2.5854327475355765,9.131757954142717,1.362565931269466,-1.4784770677940706,-10.540234158905204,0.6615275271991683,-0.6975400036421053,-45.244868111531304,-0.7966827777443952,0.8513692268723005,-2.9060702968071284,1.0974300336061837,1.624516706883239,2.255787412114474,1.8321858522104995,4.387260071714816,-4.502923162583528,2.398004792704289,2.9769327300294135,2.1745451425466245,-1.5042599915878085,1.2803693086631318,1.5581873486171238,3.0189747946757217,0.9689076559066478,0.541901122652777,1.8164181074303842,3.4644734365271157,
1986-06-01,1.341670454861732,-9.856682663861683,2.495833657428159,0.5469962093873182,2.4000664858977894,3.137322394435982,5.898811820225935,8.464783325106517,2.164102147099811,0.6188506769943203,9.258960644185144,2.0730371291938,-2.9793505613517235,-10.0477677183323,-3.1392613630204513,-1.2146806161415835,-53.47171251301427,-1.097214118234724,-0.3211337601078168,-1.400761935935546,0.12283468963303346,-4.590431440162757,2.9464111020223394,1.8405777384758348,4.337584821541385,-4.554031211918719,2.8871205191995264,1.3849447677091398,3.4766597725914172,1.0355499968202064,0.11872300235964417,1.4080344514576515,5.423403568103646,6.196079915241404,0.18540518149086083,0.4090409956076124,4.281757012527043,
1986-07-01,2.3094843045569524,-8.624861652457605,3.97859304521353,1.8468505722213813,2.9489611500898683,4.006486320961522,7.074714511142277,6.982775619091819,2.9211008266099237,1.1744438181421124,9.697873927638945,5.418111766094458,-1.7386201078384622,-11.88505284203486,1.953351811479087,-2.47500179174841,-54.65866597095399,0.2516219002000941,1.6649478507713589,-1.3718458231344322,2.473358396698422,2.4263724674504106,3.044790281218246,4.655653792461623,4.65611868921687,-3.068534552026092,3.6248796701600305,2.2812601647964614,4.155279533043177,-2.38037019830305,-0.569952932347273,0.9588347767405248,5.034833077604861,4.447733173859403,1.3194082831557319,0.6555838356425703,5.218249781226358,
1986-08-01,2.0692800062284133,-9.319385406931758,1.6551787959962372,1.2564203647873473,3.2275035766710536,3.608265290135093,6.37748813705552,7.840896368996542,2.621142598756143,0.5121905145866412,8.680562092152044,4.873724647858224,-2.2072548567146466,-11.575661439112716,2.2004702794334863,-2.6706000574974964,-55.05935532110136,-0.4208837911102048,0.597128031687788,-4.002858420847232,2.6203568623050177,-1.8532121899424214,3.8741553645913696,4.056826253729229,6.293551893817417,-4.584839543389474,3.436009329621559,3.211205336877221,3.5262797111383914,-2.975423910710462,-0.17658492691060568,2.9872986589086548,6.340624231998038,2.8690132979124927,0.8247799581394988,-0.0911869214144212,6.627377277521229,
1986-09-01,2.3315903711378816,-11.099655940137776,0.6767865771202697,2.1541046157350863,2.452117003792198,3.169440064668949,7.479934494152496,10.255564599882106,1.6486979639285249,-0.30892442727638025,8.674606958892706,1.9480971829137772,-1.7854115016062377,-8.212850410238614,3.7853774887090186,-3.8719470271528333,-52.00570365534607,-0.44460321422730154,1.9402595938385225,-0.9524825092040112,3.983934152653834,-2.157363609590146,2.3446597358455,4.854961486948506,5.550014959609051,-5.135551755294399,3.2031580304588525,3.396857590643898,3.1292014408563995,0.7846496416683335,-1.1641145037385114,2.9564833033906446,4.662454772126501,1.0499465244627304,0.7412926803496367,-1.3007079373930086,5.749468074239017,
1986-10-01,2.891576107642213,-9.98062338481912,2.2453434035367703,2.1431968807585022,3.755228987628434,3.781755276080556,8.071254834567586,10.366555503295904,2.276401423808827,0.5587793909608507,10.40799333888427,1.2395380695670921,-2.0563285006490295,-8.975101116233875,3.8827049144265047,-4.460931208828944,-48.522882815538395,0.6549637249195772,2.320818148430659,-1.7402966950312182,4.627897749815801,-0.1238032254125554,4.649920080602055,5.22655108109471,8.066558833605741,-4.024086267179983,4.116540985506889,3.1666379631078323,4.489510645733175,-1.1121226801196094,-2.2065534302087797,5.368687341890754,6.96482050115621,2.9328006440424215,1.4862965758343893,0.12387153424302522,7.866373279368921,
1986-11-01,2.584616973559961,-7.764277978156642,2.469305772039121,1.508712461964934,3.844774353380531,3.912961642506896,6.972151908320345,9.124041952858741,2.812231062833548,1.683936507936501,7.9501985681839304,2.9012362841801753,-2.657953452935935,-9.834939980658309,3.2302577252379505,-5.733028491957082,-46.21494535287639,0.9241133740401253,1.9409956932953554,-2.1529658386490236,4.512358284627838,-0.7461129824844148,4.103933238255797,6.770743150780589,5.070614517725525,-2.542427253816415,3.989386477073631,3.4673793809171904,4.193567889724337,-1.9753616960320852,-1.7891866375446264,5.779113600161434,7.564818943353968,2.8915775039412006,1.5357187083427482,1.2300631366806813,5.082096747301512,
1986-12-01,3.27665082890809,-9.637726772149179,-0.8086784701286431,2.3573637368913936,4.312027810192731,3.9484233121402257,8.824474702139007,13.152318033505118,2.21385609753435,1.917014687487395,6.848153246499389,-0.5386458107663694,-1.6135992005813837,-5.531902061340766,4.98861294870403,-6.233822260569466,-42.47144849832177,0.41940784215943605,2.5930874318851105,0.34477987970931157,5.803339829783649,-4.368496675556899,5.153824824015452,8.934381778741862,7.948686463419508,-5.285868541428496,4.293007160722251,4.554161472454932,4.19394319786599,2.907666770629036,-1.44789651488465,5.998589075412486,6.831064702591827,1.6437769244755485,1.5210709724897686,1.4946848127835421,6.509895186318437,
1987-01-01,1.704183044305485,-8.49693173707915,0.9629812685444827,1.016646402368293,2.3622037705128607,1.675803948436383,5.379464120908728,6.63872776826584,0.33520737793608646,-1.0837759831058502,7.122164865776082,-2.2934974888194404,-1.628157928145224,-8.282089920675572,7.129048113156022,-7.183761929473464,-39.681344514630915,0.0640134066616449,1.1707579880921193,-1.8189765135094071,4.53692767317444,-4.9762573099415235,3.210178091274085,8.328624260768859,5.080796067450422,-3.4724169255442083,2.9342143832478795,3.3843330201245303,2.7550958358605104,-0.5174299041982189,-2.915877761880681,4.741888592113064,3.4830007390983075,1.8150493047329963,0.6100656345238598,-1.320789227594632,5.086654543689839,
1987-02-01,3.8024279837647113,-7.0786055100114265,2.819561430524531,3.5238431135445003,3.780019825704084,3.9178286386091887,8.045470518348296,11.962599143941844,2.4199627473580287,0.15139310289875585,7.163611415758009,2.4992256655200995,1.2601070127295833,-1.0523133783537086,9.617598999857414,-5.384791235277719,-40.00130465465198,1.6934891428766585,3.469139387904674,1.303803010939486,6.339949336079953,-1.5587841227750587,4.312589281599921,9.630849885631921,5.931059821186135,-2.4653550575669425,5.075150553639274,6.50733563445316,4.511043091311362,5.335048413888099,0.4044016264074024,7.673919972184384,4.478897502153312,3.6515799536618543,2.6567648418983847,0.0628964863032655,5.675559208461056,
1987-03-01,4.257637115943291,-5.007566662526852,5.422577931169004,3.631631934804469,4.61086004957072,4.45705178848721,7.639776870717907,11.99728688310615,3.299652282627785,1.765090845813666,8.886229299985349,3.2298962486651206,1.4169169341940346,0.1653047586667844,8.822985051877485,-5.878589191364181,-29.89212268723831,3.0828903582695855,4.122590349935562,1.2668222953479802,6.842178382884123,0.07909897582083492,4.868239473583591,10.377630600947407,7.584007627156941,0.35284422623815814,5.683426864995522,5.883317371752161,5.6001402562203095,5.967408384338158,-0.9060369860473871,7.108223919531165,3.0212370317864945,5.514438446817804,3.54296110984762,1.6278013325257357,7.270828983086242,
1987-04-01,4.335441016797592,-0.9900577732029792,5.761780681030326,4.131073686923736,4.671484009099425,3.7468989011316234,7.108543743594509,12.319015308065516,2.538348651823652,0.3186474271685391,6.62645320801698,6.6339378747421796,2.807215907247884,0.6808463087234928,11.416243377573876,-5.406273842943676,-21.619152888438563,4.125270118560143,4.903086588932415,1.567885704841565,7.200650594770441,1.3283310262748982,5.469902162570417,12.043760882832144,8.837423383895548,1.9808860079902457,5.659661645368197,5.155502823346536,5.855354506846244,6.637219005449579,-1.132018102934118,3.6873381075727574,4.542582128236372,7.046013823539932,4.0493229629387395,0.42317480783022887,7.229689324258914,
1987-05-01,4.961508523177849,-0.6071135447307308,5.3282595737977,4.951321045150925,5.1296913666148525,3.9773186325467558,7.727448659833702,11.245557528736816,2.6355204446667058,1.6670885618196962,4.178747921399628,4.163363627116845,3.8032948553645474,0.8391741666548436,12.030197697154033,-3.367219475894312,-10.265808013139132,4.614901994721121,5.973809424142229,2.9689641394093025,7.917241379310336,5.085824853395171,5.841853372649508,12.134707459408833,7.5264385473551965,1.7612393247732339,6.130970896008536,5.578642391531385,6.346851533063069,5.241563413346606,0.6673792828649994,3.8873520663907257,5.505461476431339,7.070536524364113,4.552760573702974,1.8273073368392234,5.7617810719124085,
1987-06-01,5.838304167444797,1.759081660188011,5.8967138576004885,5.976594403795987,5.633679977226902,4.16463124973927,5.461309742849996,6.030440202348419,3.694444645437023,2.445354504798769,7.115425678900689,4.660897661473484,5.379322670002695,-1.690334448498565,17.495383582340107,-1.118784660117833,8.530216414449754,6.047418869583954,7.631692915465149,0.746940311169797,10.584282507772302,12.200931105399103,6.044400174028541,13.911354287845313,8.764419234795074,3.849797162331914,6.391357899932171,6.960851123369882,6.178001575508563,0.501872580594398,1.1025780543053365,5.072373260058005,5.069610272583924,3.1374819618392724,5.519439713663821,2.1347786519531065,7.266418946773068,
1987-07-01,6.036530428372511,2.465800211023228,4.2055993236781,5.407320085011769,6.897227582619014,4.330323506227751,3.9747193818678195,3.6866619251652244,4.460603612247294,2.8860282353945,10.08207714685103,3.3538728948254493,5.374874015454112,-0.9265777429537381,14.661193612860245,1.5171351349880124,27.796531427280602,5.885745389510255,7.168428795024906,-0.8288389335799895,10.560796645702307,9.31445341194841,7.685973413472391,15.664947422244957,10.616038896749647,2.60606783338615,6.809195583619254,6.773668570486824,6.829344291628869,-1.059526344133166,2.9241946986806155,6.380726918256507,6.805066598918441,5.337321935257089,5.549483162984625,2.4607068736671733,9.63868264044141,
1987-08-01,6.369296037600836,5.688227928057699,8.252661558944464,6.502455051411826,6.12120279639583,4.8105270342064355,4.559904413628302,3.8938512446741624,4.902399853605788,3.552558056227917,9.250612954479953,6.467083226987569,6.9887298145933086,1.2610809500129383,16.594433208128677,1.4702395388886513,34.364219958492285,7.283170990619792,8.41340201511509,2.962759450293029,10.335447536770737,14.903369151860502,6.569516165085498,14.01203621787519,9.465633099550308,6.208583043647042,6.816277364617163,6.5008924018358005,6.940915600314113,1.4417626175500242,1.6702875869941458,5.178448394653445,3.9332634086505225,7.102165388269555,6.539368743960372,3.272106821428711,8.880374947309555,
1987-09-01,6.846808988519815,7.002197693043111,4.956902105290273,7.054953937924213,6.56505954406672,4.473331292059468,4.636893064491532,3.8265138352331363,4.414328230010245,3.6984206682490584,8.0677729387173,2.719237748969494,8.269292683268237,1.4817511386161497,17.984402098162523,4.805179442882523,30.514643842243117,7.260634043638592,8.057096445296974,1.9342324472967132,11.107635394282301,14.67870183353237,7.582497932853616,12.895054542318807,10.131730208973089,5.758554288253581,7.201142420496165,7.010477886386379,7.277012266458405,0.6795213232305919,1.926178715228577,6.821313575459609,5.2303503618255975,7.307741241939847,6.686739906867412,3.757665674935784,9.338102571745587,
1987-10-01,7.956540647054267,7.2726891238585,5.304057135633133,9.593571197537344,6.110588207260559,5.7527013425499485,8.00473823070158,10.097395505415863,4.92626256690456,4.403996426369372,6.483690601337666,5.594417854450473,9.784683301522712,8.06712825693101,19.277682485229654,7.290270519732833,26.091563806197126,8.061437262193948,10.669616356282008,7.74131548318433,12.605975243099765,17.912830848752257,6.457116763692317,12.126534044342275,8.624683790178288,5.6242441027121615,7.535812351519922,8.320632671369733,7.2322385762150665,9.413444036674012,3.3510954989283137,4.7018427064665635,4.355646125902646,7.563126560118705,7.649118005085254,3.944890552386471,7.601559854500972,
1987-11-01,8.133802690292736,6.602870580029818,5.292411831790633,9.668932678069897,6.325479597734929,5.065419967633766,6.346579636220762,6.048041803744919,4.591644217726087,3.775783286149048,8.510036189031922,3.8217137553085756,10.111951250192174,6.424116088164955,19.488680019787587,9.427735965832639,22.149805064387817,8.615090162899097,11.39054271453519,7.76821508698371,12.542953011090297,19.77631055718161,7.374758237349388,10.247597524547892,11.631315596617565,5.634303520616779,7.405095662878303,8.031800754594176,7.162402350311203,7.41121922604,2.4097377275206,5.132223577429662,4.185812687969115,5.512018045200051,7.742526773047431,3.630962333334642,10.070806911814213,
1987-12-01,7.799091278121595,6.816956323364698,3.83914122853779,9.471513985293111,5.920521730538031,4.353388391226187,3.5680160663222216,1.1734209357206593,4.64685514665224,3.7934622441568644,10.142444753822355,2.6421563480858,10.417460152580116,4.365296293488363,19.088937093275504,10.99093070107564,19.13696593137022,8.258471437878946,11.56111929307806,6.820020681022432,12.226345083487944,26.32908533396836,6.661459198936348,8.586392864550918,9.731202654359405,4.774093600714013,6.649860023995879,8.337200231128783,5.9997469986205365,1.9557470282408618,2.04121992701769,5.862179030078307,5.408990548666082,3.0866777655768507,7.328838312501662,2.9902484646559646,9.245542813466123,
1988-01-01,7.931088085678906,4.099764801190098,8.233492939315079,9.499794805974604,6.1572364037459915,5.756595713133961,3.843701612168693,0.694855448358922,6.471474067989558,5.229011573310638,9.653939588394378,10.30930503848313,10.829857350263872,7.459889611067827,18.15521706327361,10.879784806917737,18.204167976901743,8.139166657811137,11.407563168638601,6.0571756680882105,12.597368071248184,24.599207584931058,6.442485811185339,6.834556525960789,9.124796247374857,4.866200189960002,6.504800323980708,5.139220246767473,7.047662690602974,0.2186162639206346,2.303810612177659,5.0768778500181355,5.258459066154808,5.283187300130487,7.683256014634088,4.5209502675890745,9.06571950532098,8.69844387868403
1988-02-01,6.688262530589251,4.440266806456861,9.423595042632105,7.761984204022809,5.665677890120402,4.995388430054382,1.9054748199581972,-3.078802975861883,6.1579114810611735,4.593727429474304,9.593644788184964,10.729832161982067,9.35540006525759,5.290624057304361,15.930850265614227,10.489363990218026,28.534010714215107,7.233816469758136,9.10949978280482,1.9513549318888268,11.083624559887962,18.415326910069595,5.569121179491421,5.52876317339126,7.90722643299433,5.914979786469621,6.176459361529774,4.149240428220224,6.990565683142247,-3.297711332949993,1.3633209399493085,5.1814377783458765,7.176732352915116,6.245417488025251,6.815010338304517,3.7535131626063034,8.025795753908715,7.779958558821031
1988-03-01,6.903206285205643,5.728169208457512,7.8765120454064474,8.444846146144247,5.488663420293105,4.618829227200227,3.157632631464291,-0.4317042656445391,5.1619110204448315,3.868929241863839,7.454280898994026,7.694948133498758,10.326940357437842,6.854288099752637,17.827022159971982,12.531169186132086,27.410828993694047,7.470961980685331,9.318030161484048,4.874240830954779,10.314023795591964,18.340093647649837,6.134634465415489,3.496138016292183,9.297697443811215,5.918998161020572,5.921202909136025,5.042237804863059,6.272818782409972,0.309571306757217,2.4777718027859885,5.169808265756348,7.719389168371871,5.264069661995774,6.92376356971911,3.174427834879401,8.027987874784849,8.145132367101503
1988-04-01,7.226197326467898,4.527213398474816,5.662880435458018,9.035606472338653,5.52897327037265,5.53529845343006,6.184085539615647,3.927017228476437,5.298144516731917,4.4696622838885425,10.254332563897094,4.644316670202575,10.273191531558323,12.133710432798917,16.886936742617365,13.177730001146259,27.35107185177206,7.164373203038021,9.757589787684374,10.397708884400991,10.324919959368927,16.004000770790693,5.594664002020333,2.27965500354792,8.239202242130016,4.686684148013853,4.896774364784129,4.122596080302987,5.202433520352767,6.713991124667884,2.331801568432623,4.671030659274589,5.875653750799392,3.7054169759351163,6.867457888147577,3.812117876207033,8.621900713966092,7.612049061503494
1988-05-01,6.187432699989581,5.700281361432502,4.54694043705397,8.775188487098307,3.5746843835465114,4.052200737399536,5.366344056118,5.796210045846872,3.573666389874308,2.748047972172407,8.3830172447386,4.067480307393767,9.94387120626492,15.321234834989417,15.877248266834743,12.367759883715323,28.703676945158897,6.745307113417187,9.761910248096562,10.687882496940038,10.502300613496928,15.858827678347387,3.968260856358019,0.5422950363352719,6.855505112352289,4.782462965562484,3.1366905281319246,3.4426802537133483,3.019858950419163,10.025650854756618,-0.3108102976359217,2.4832492458823907,3.3360547526403606,0.9518660421399483,5.981899007846314,2.4290951677784056,7.265391567620205,6.580687489775213
1988-06-01,5.9800302383431925,4.540155332105389,4.766195825862085,8.636648488646514,3.441573408650722,3.9523899343443025,6.900823129987543,9.059091125860208,2.881771651666054,2.8118738550053424,6.400617972504907,2.001623061534219,10.032713429465279,19.405222347650696,14.849316112317613,11.039372536248116,23.40352088367277,6.337091383854876,9.040590405904059,12.789284262862877,9.728823388509976,11.253931082849466,3.901154486063141,-1.5797549010026612,6.796326670971342,4.586935060557185,2.841815601352904,2.4619581081948505,2.988913409377547,13.702513741970378,-1.0493125723001873,2.832443998309375,2.8627541787806132,2.7753354948257147,5.741687913317128,2.7509732487259297,6.810642777038134,6.478454300188776
1988-07-01,5.084367543814472,3.8624811018654226,5.582936570753616,7.7856114419904365,2.5546011908871513,3.1048929161493044,4.720925030060674,2.85521291234645,2.4979685230414272,3.354623431140946,3.9452140202458796,3.086104575143578,8.681713316595152,13.377009609879265,13.658088579836193,7.194277395120885,9.64188935673489,5.836826698489439,8.541373242299933,10.239052602588817,9.336210875612828,14.301391529972097,2.7104234046151143,-5.6571315993061315,5.029484308453447,4.71464652907112,2.4243385650071003,2.031969361890962,2.574113889414309,6.518482888402266,-2.4919123283399847,0.7284794219289958,1.6990621177110254,2.6668363827763386,5.040822414780433,3.4376984494168816,4.872935018152136,5.575583834411826
1988-08-01,4.676138003097163,1.8635798067916376,7.8324045333249215,6.929417148387573,2.7069089722852713,3.285095581738595,4.418873621807307,4.81687185401376,2.850847243660759,3.1489425974513097,4.41218015981919,5.114610000443931,7.40895214719639,11.43485063405192,11.040439084384236,10.159515231795169,2.3679534289091198,5.550170881888139,7.4024390636209025,8.866900929780552,8.789969894817705,11.264713830597017,3.1083537139152018,-4.705611863659875,5.71870244738466,5.13292381984769,2.4522021469877586,0.6829121144180217,3.1384407150622406,8.534966669951793,-2.852237908629296,1.2092547950948607,3.360216203272115,5.208104997807994,4.781020904097089,3.0787860344510642,4.655052353846845,4.945720732839965
1988-09-01,4.272040848847736,0.17231676114111139,5.12360171247066,6.874617577753761,1.8322834876693062,2.932853824445991,5.365308159617999,6.74572849535966,2.041872658224042,2.1981837900757695,3.812866333095055,3.840465589737696,6.868227176838437,12.584235557999591,9.452610695283603,8.757118127783103,-0.5226658308192578,4.597879513993153,7.674789778888003,10.112759813898876,8.183075661317375,11.590111685459469,2.2986497959978758,-4.42640950971499,3.4949244355154674,2.10147119791142,1.5234445403579988,0.4348188354044824,1.9473838075803274,10.493456572830095,-3.0795254392101734,1.4559267758287753,2.930312521277312,2.236404157666927,4.043725665351872,2.408703594863537,2.818207978675069,4.2289034333339375
1988-10-01,3.2462148943780855,-0.49013516685305625,4.798159393596779,4.850372224851274,1.7519295590253003,1.9736452826768058,3.127773069445139,3.1899601838506264,1.5492951307214176,1.5045033861269541,4.0775359944600575,3.7115300439225507,5.8990931175121775,8.83544471460873,7.860420938634571,7.358730886476006,-1.6987004902342173,3.5329854721886766,5.439355335663909,5.867539102090014,6.744762225482881,6.251899243587733,2.663432373011543,-4.428349027946532,4.285420384573069,1.3997054426171163,1.1192564823828688,-0.35292830496769234,1.69772250831699,5.060811567128165,-4.609320317878196,1.256924845824181,1.9493806301525751,1.5213498645990198,3.118549371874013,1.895453147265802,3.814869145026689,3.540113500489028
1988-11-01,3.0618623891039087,-1.0583759596643705,4.219145203065544,5.159830885016503,1.0810171205695829,2.1324950670478904,4.5340771412214265,6.3127597080464115,1.2508148677545128,1.1864076361378428,2.459289412625143,4.8481888756041425,5.5347532493907226,12.136252173186858,6.602950891874038,7.137549600894744,0.7624727976142553,2.9031812985374605,5.302366345311116,7.492551474176734,7.131482213202123,4.253155470479153,1.6213455357264372,-4.401981532271082,3.7120806745508883,0.400660334765357,1.3964782006268717,0.11061035736559255,1.9026842481739914,8.609805682211324,-4.776114261601194,0.6811803669689143,1.7040692801936874,2.029891579868126,2.8661985664013345,1.0694832686090283,2.492541803504711,3.4916140199699623
1988-12-01,2.8706482369981856,-1.2859973617638354,4.83395938107094,4.525023227782943,1.3113821932778436,2.3611949400635046,6.5654396865229,11.861579986303017,0.8341053381154317,0.49790206455919694,2.5188509141479187,4.304793485330083,4.6780043692314255,13.210897982435688,4.628328562754791,6.043427359789355,-1.8102173532825616,2.8532781823706443,4.4123579024569315,6.5360786924446135,5.618402097158914,1.9880483894475942,1.6277593741592433,-3.2068119084231905,2.951374936084017,1.596998332406896,1.2413667489423075,-0.7437794687456201,2.0260901191700764,13.206169462715689,-4.954311514359766,0.4663814063291971,0.5273833671399553,2.8052669195667734,2.755857936251749,1.134315343651715,3.457352271191194,2.9822326661418344
1989-01-01,3.921305700271005,-0.1722023487612967,-1.372410194709306,6.058426107122905,1.9924569361961186,2.210522231026424,9.590420543407108,16.799811265497368,-0.44202322341966305,0.7087710567806438,1.4298533083645593,-4.185654924381876,4.746903876704023,10.900775115557071,4.987531172069826,8.453943984158773,-5.4842116294630205,3.374730499144074,6.139157505116977,9.651791924944408,6.25686188862784,6.860546670486323,2.695866826483817,0.23301684296017644,3.0696219572439842,-0.30260098355707754,2.0557249251944576,2.881630850121475,1.7386916295875077,16.22763769545006,-4.11957773429693,2.0169554382974297,2.648854961832048,1.455212254634053,3.0792614276063945,1.2251244169419362,2.8670701636404283,3.4199289374511928
1989-02-01,2.5871287128712783,-2.3299767729250576,1.4706542630000152,4.270752832782998,0.9983529007248304,1.547833530752607,8.549312042797208,14.997658896093501,-0.944122021313476,-0.6740149469440682,1.69504225117596,-1.7609224590865558,3.96029141180565,8.900077374521874,4.686704464062252,7.09630446103986,-14.362172512169058,2.3196335586057604,3.6872343292541077,6.417762029749308,5.397730620132202,2.5284349067814293,2.0712374281045554,-2.0098230220464752,4.20576595611426,0.45145365610306243,0.6268674204698454,-0.6902826726353228,1.133890090371148,13.212117355309449,-5.416545961083075,-0.23665157213396126,-0.883338158057978,1.6293798819270622,2.111356945517584,-0.06356245197125521,3.682759913752709,2.317592668393041
1989-03-01,2.203436966727934,-2.314581577693897,4.548341571818715,3.1985347327234903,1.282201937382066,1.9817246077122652,6.136036769956443,10.60350502303935,0.48799895701743257,-0.34630888175513075,2.1100828056502596,4.651720417216176,2.640466308242262,9.207415588801759,2.1583711175641396,5.5663089401729815,-14.352240276484219,2.241328529882747,3.194281668131649,3.140246138000302,5.373834529745269,3.697097614871625,2.315267859001846,0.2228717928797641,3.5839475496003637,0.7048588030230896,1.438349964324126,-0.8271366331444208,2.3170288886199097,8.556631610358668,-5.984706134366913,1.746755704379388,0.6777158404671857,5.980869279004231,2.1147048238211674,0.09162799035913327,3.64113563665196,2.043994883388689
1989-04-01,1.4686764458812895,0.05898565372317588,2.8618474249841874,2.603533066671271,0.3780820348809,0.8649323518322705,4.513520244321234,7.446640102549851,-0.47644339265345836,0.20412611039721806,-1.8061555734543822,1.9857994400279466,3.454717127663498,8.575155450763038,1.5307834255997355,5.07228565958735,-15.661863090386186,1.473476073702873,1.985326242523766,-1.2923311748078259,4.819178816591507,3.330169277013151,1.5135624262967884,1.3049638460035151,2.167055257770567,0.6714205065525114,0.8223322808367906,-0.42510780484765753,1.3030607167255681,2.9245826567796396,-5.148277381649013,-0.1627282183493617,-0.8580459389686879,4.354042397301283,1.510544400528735,0.5833589955000162,0.8142534074934371,2.162254427653674
1989-05-01,0.9568110224629889,-0.43315420198352106,3.6716164315675925,1.1778455784656083,0.7973710648209842,0.7029570745634928,2.4306955851735257,2.9581068727983606,0.06456778033836486,-0.2647691148856879,1.1448507987958267,1.4147880275480862,2.2014616629370876,7.476410653388288,0.8735670655175332,-0.8648700247332997,-18.6743110339356,1.0622510500457372,0.4666380765874223,-4.284291368509352,3.4468001434238893,0.7112125735358577,1.8374442526780665,3.321748330226959,2.0999707674193013,1.29729522830484,1.0771670346138462,-1.4513890274051033,2.0633760334977325,-1.678462419454363,-5.515036613560631,3.4740989157685753,1.188464997436478,4.63068815764629,1.1373664245240223,-0.017523320930301622,1.0794326748588379,1.6479522042613044
1989-06-01,0.8871398187851653,-1.5412776527880423,2.0715841928549805,0.9254213490041296,0.9920681111462049,0.5455917060118276,0.749920030290574,-1.454237803718772,0.4749997739172729,0.4368843455143212,2.3963421858167466,1.9221894590480293,2.681030391771144,6.514300671422935,-0.1285474962265165,3.24091273488063,-15.460215460215466,0.29555870440654,0.20160564495805833,-7.6658145668492494,3.1813690571934172,2.1595824011931386,1.63298855089542,3.814933050010172,1.8452218934054354,-0.8319203913262463,1.1803271666659843,-0.5356241481259127,1.8413651753718119,-6.823735915085671,-4.899897429227651,0.9825769203599011,0.18175906085593496,3.6499895796217707,0.8371301845179868,0.4949960735273873,1.4820973107590563,1.9446227888100347
1989-07-01,-0.23554778745160654,-1.7686446389356347,1.621104196129819,0.14836868385641466,-0.7247432442275437,-1.562739104308264,-0.4110562961875064,-1.5119014458218394,-1.9602955097475783,-3.6262949156822377,1.0854432295306582,-0.9732624722218919,2.361094700473032,6.19608242066656,0.755277044854874,2.5394562417148103,-10.252549449045246,-0.26540587632125634,-0.5373218416983239,-7.0634242534771685,2.475897084830847,0.32553981303324875,0.4598527145910358,6.6549180995843615,0.9983473963730116,-0.5320718452646922,0.21122087535163647,-0.5964698721850237,0.521695552777679,-6.055606610365549,-4.893265172275429,1.0058675607711676,-0.8720930232558155,1.8930515508480017,-0.150328322933313,-3.6383800012254164,0.4278993289982491,1.3047748409057214
1989-08-01,0.5534306009770118,-1.0230527115185684,-0.547439664656657,1.176392462037179,-0.11094568513922987,-0.46555153517039427,2.7055663333830804,4.462645453046887,-1.5969720909265406,-1.7217232347613298,2.280523747402996,-5.032006115441623,3.3819567979669563,9.859195967454081,2.4325731714373022,1.262821554029303,-7.8412429112273525,-0.17847899852385662,-0.12879341536176092,-6.95248804707308,2.878877602150065,-0.0716062045808652,0.15251883251325982,4.453425015581947,0.0729402941391788,-0.6115886117431524,0.23090942687402638,-0.024016226408818397,0.32822314147660236,-0.5370942812983004,-4.493891081859358,1.2051623927198385,-0.8431521811080867,-0.04199574182711663,0.32497957712054326,-1.5950825157207915,0.4951848885589971,1.8373946081575891
1989-09-01,0.011868336254350353,0.22565361937747497,2.8806854673906646,-0.011450344484831287,0.2296101835219222,-0.2586192962322431,0.7754865510707587,0.5327131426821285,-0.6391516323558943,-2.0825880706120237,1.9470620556315321,1.9729422508793615,2.114716515476256,6.005034978746648,1.6297004251392577,0.6299106178554448,-9.68191700538803,-0.08573817680175289,-1.1397864794054136,-9.155878675950602,2.46215121410307,-2.3396472768118515,0.012728821259400114,2.746780687119754,0.5162645199396243,1.53515871491674,0.8206360329696016,-0.5739695392007138,1.3535339620493136,-4.810851908170466,-3.206936707645025,-1.0012011858515635,-1.2088738951041345,3.376774861507026,0.3240432253134973,-1.9725465838509426,1.837496516870618,1.4775999804240836
1989-10-01,-0.6581002999901275,-0.7624108555096099,3.497008488757558,-1.5318874270211946,0.6503932263763446,-0.7528450828030775,-2.0013148735400943,-4.670196583307096,-0.28982440580369584,-0.8277209947375463,3.0645041557491925,-1.2545115845849497,-0.3674721887173438,-5.2107257045198025,3.2590446719557464,0.4023425597815766,-9.004409192017537,-0.1685076981310374,-1.910353292616196,-11.978945155526088,1.6878112535772871,-0.5130583495173813,-0.07213915756694167,1.9140039134278197,1.4900122953828143,2.5518400536968855,0.5574230883792275,-0.4884118763067824,0.9574329537863857,-10.564108593062581,-2.170456964530798,-0.28194275981316963,-0.7586798470981093,2.638823114008737,-0.24121871415987428,-1.1650085881648398,2.8120878462702503,0.09337465542514128
1989-11-01,-0.7893463250951749,-0.01676279261187963,5.008461371398076,-2.09067039240719,1.0065079563161827,-0.5226699786348488,-2.4874386259862824,-4.8723379090620185,0.21818427832871468,-0.1732760107271636,3.950033200531222,-0.42664283774432876,-0.1581583869047165,-6.661938766356535,4.552928830533554,0.32866317030066927,-5.7640622000384,-0.20974239037367948,-2.911853141319831,-13.867413839632981,1.4451286980429634,-3.6263484048657313,-0.10515669480457568,1.8037514456318515,-0.6126547120772874,4.074344334996449,0.7185396768959462,-0.960189005254064,1.3612509805621453,-10.979265126150429,-3.4990300569304633,0.5162802075420636,-0.39869487772802303,5.121986138130263,-0.14564426549978915,0.06979368787867202,2.8256070640176656,0.2793998989104921
1989-12-01,-1.2495705253558698,-2.7306857952737795,11.894295467321946,-1.8404804804804886,-0.32524620929763604,0.43653401067000885,-2.5654344773741844,-5.200522915361172,1.5755814672665736,0.2098216456706492,4.970082571553314,7.176406703053684,0.9442365224615612,-1.9773291028734596,5.124102598113178,-0.3862833289307366,-4.533272878899519,-0.7713419863914384,-3.4810450744705013,-14.12236374360365,1.4467152631814306,-4.863616009756,-1.707172228962639,0.020228632889773834,-2.2540186086925096,4.467837153190035,0.2752842134226441,-2.254878790123538,1.2380783953857888,-11.25779380302342,-3.6752233575760296,-1.9858500204331886,-3.525720215446948,7.208343917536775,-0.05074563869427173,0.156057353232808,0.9346868508699036,0.612604906903998
1990-01-01,-2.0530596770031218,2.196786198192191,7.027074822183765,-4.132356847417739,0.543911330210789,-1.6790770587370774,-9.975081151715614,-22.180393522549192,1.5384859395073613,0.07126914912951587,4.474296594034266,5.835185627422534,-0.14451526839542872,-12.927201696166424,6.774116660776364,-0.41587029437668566,1.3160588175087806,-1.2316010814058198,-4.9442840646651165,-22.853741119265514,2.176497383536846,-5.733249519301875,-0.3298461262209895,-1.663017160716529,0.43863235748422547,4.015902473718147,1.1260422111134982,-1.8059162309707721,2.265168814847729,-28.623543466592793,-1.8159435979403948,-0.49873403190112686,-0.6255009378382526,5.486973974800469,-0.848734447631927,0.14496419076053257,2.2709388112861717,0.49189018054711525
1990-02-01,0.24192588446108054,3.1805100724421997,0.6321769353192508,-0.9319751954548927,1.879009780514962,-0.4186761159795327,-3.4141962863400988,-8.609339225062529,0.7592904709384563,1.8226527303294882,4.866654113897284,-4.59774316267183,1.514961263949277,-1.2309909426816756,7.277103666578744,-1.5507709594266728,8.071583786793092,0.3353199894351233,-1.773330340370738,-12.942275801311121,2.875349357182766,-2.670419681902736,0.9898524240520512,-0.3676957894168442,2.150971724837092,3.001758677758115,1.607157979421614,1.108791018875599,1.796467923689371,-13.465990732250576,-1.795948221346877,1.0674582312890202,0.6809249230204317,0.9278534467376476,0.49643524964546604,1.7244827607624913,3.5606301718650535,1.560909520046152
1990-03-01,0.8509411876466144,1.53359096348753,-0.5845758176067917,0.8661295470592023,1.1364830430556694,-0.07590016866704241,-0.1064468239679095,-2.50238335145343,-0.032882301492687116,2.4434798639159316,3.3434099483175883,-7.2040493002020085,3.3734770759858757,6.0381143430290996,9.239003956248549,-1.8291826787502963,11.675998238534756,0.22129887175730278,-0.4217512436633819,-8.108671139519274,3.2831446597163083,-2.9842901918813447,-0.3920351641195752,-2.632662651944939,0.22773894032228625,1.8339832446228055,1.2003732219791452,0.7846065642230782,1.3564241352985285,-5.929766563704886,-2.36457194412375,-1.4040551786750122,-0.8494755662483922,-1.017593175058662,0.7451289008624462,2.4117395371052286,2.0979767240531855,2.293564385252347
1990-04-01,0.250131415444832,-0.04941301929636266,2.864979361286135,-0.3989822225642592,1.3223075209806145,-0.219372960995734,-3.124510105158862,-5.3776288483824874,0.8949621366503235,1.5539743115864146,5.348832713302887,-2.0337595967305444,1.1441982117951888,2.6904230900714587,8.349787269197396,-3.2055878556768502,12.601777980396633,0.4015619268859183,-0.6901564078777178,-9.487299883360345,2.541750984011215,-0.27463063614791006,0.11769673406862857,-3.8446884750977905,1.9133596880876347,2.3860208848285547,1.4193858573904317,-0.4458078482010741,2.1226022379112974,-8.001366760813223,-2.1433913749480005,-1.0687257107792947,0.25955816690172995,2.499979684211384,0.4962367772133325,1.4268536876229865,3.650854663027392,1.2813665038427837
1990-05-01,1.3509791723369302,-0.49471607947529916,2.9544491013023144,1.5636893340823521,1.4618409780740471,0.5705026875175268,-0.27015910258523235,-1.3169381652023748,0.902800614297683,1.965905160186865,2.5580028164007507,-1.2628743719773738,3.2400354154535904,5.189911200656683,10.765300197421901,3.178322325782368,17.122846414371963,0.9928093687158634,1.0662527424963875,-4.89213780072022,3.96927446135269,0.4397946333430047,0.10717751198574543,-5.293982544786402,0.9708416698796185,1.7176509962051778,2.1612137913474605,-0.07429305514711215,2.996403648085977,-1.8303854157242339,-1.0603325828200783,-0.9188168659534313,1.157063235623923,3.712429066175371,1.3782408246781896,1.9035402069108587,2.520866870646765,2.7036288904274146
1990-06-01,1.532007287106163,0.5316272365828212,4.2666833965217865,1.8837315639957941,1.3876997246993428,1.5664611919838922,2.316924417691113,4.9398936200999,1.3095808666185205,1.6397102481890524,2.9160775091383817,0.954803048901498,2.1214108241131013,7.78370216123232,11.785954510351026,-3.147934205168512,7.957970042477092,1.647633547820826,1.852417394220307,-0.6988999708205768,3.419555268520269,2.1655133483216016,-0.23331878073045154,-6.326547204009514,1.2655579008661544,3.1708292990690667,1.8751182366956387,0.1284766543300675,2.527639117933833,5.408707372536359,-0.20141331223879622,-1.1199226674637353,-0.4444185523939437,2.394175497198825,1.7298125132548803,1.662599051671676,2.8391022134880872,1.9987769377657232
1990-07-01,2.5121654102837843,1.7324644563587732,3.3751922236660903,2.6026952267514503,2.7270392764358053,3.0595788781881073,2.650969877246623,7.200734937396125,3.1682381292722717,4.706398046816651,4.055896851038798,1.6956825029312617,3.3132721946248944,13.747814752600917,10.625552391240301,1.3348765620312175,1.3048967521628319,1.9858885189129039,2.2440561737154807,0.6157628846950036,3.7265490174247073,0.05036758652086082,0.8874596082190322,-6.332317742905991,0.58436515762601,2.638665685099184,2.597790186273996,-0.6753077524854545,3.8317728216087366,9.280689141924704,-1.0119752742420496,2.16089292032553,2.3848046651161248,5.9329196304956255,2.5412840137444492,4.763727508682414,2.5174687578568333,2.9578061631756354
1990-08-01,1.912152582898341,0.33083005642484675,3.0338631554921447,1.7697178904379385,2.3253811231429555,1.574083388911851,-1.268471295933038,-2.0770633271417593,2.6044241646293598,2.966911225767377,4.043108858641009,1.9757215133955786,2.133094727733953,10.91928682252783,9.157077610832264,-0.5496794334662769,-0.05625111863020171,1.9671633707766034,2.425338443728675,-0.5752465978221766,3.859862740757136,3.43665572437033,0.9472286319366585,-5.937211271943332,1.2475352040268506,2.2088872864329145,2.076712910156786,-0.7425412892914318,3.131505415845659,0.16102715512218424,0.09758885269861572,2.1155764754035467,1.288416766107292,3.5590874301812514,1.9009861881851498,3.3426295268941697,2.963879952960835,2.10512164413537
1990-09-01,1.9328461932358598,0.9157229738632422,5.654391577931817,1.6821751323640832,2.5621606441776468,2.5550024869388954,-0.9845127025560174,-0.955249684407744,3.8535388584445274,5.360520412302616,4.447191041590681,3.660621148502363,2.4389810461633132,11.887102501217983,9.477097689501402,-0.6938406948480136,2.667957473159066,2.157442385605224,2.208800949504952,-0.48014116114345473,3.5227599001700582,4.398175455153153,1.1086116589441142,-5.636445840240745,0.9440672782524473,3.041054026704648,1.6596873125801714,-0.9249877820557084,2.6198777852671107,1.730119984337164,-0.5970561149026832,1.8419439155829664,1.0085623174334701,5.211952518993868,2.229147315019908,5.246723886450888,2.0280613782379664,2.052912063920906
1990-10-01,1.561058762560652,2.7418343830901692,2.7189401093404397,1.7947574255839704,1.5195452327831482,1.0146834913968839,-2.569174509842609,-2.257695205215371,2.272393762684932,3.0886436045070687,2.929901643017785,1.4661753868828509,4.437412123971174,22.756085750759336,8.457136481015093,-1.5961107420558784,-1.1317767415964908,1.5127777756392735,1.4777805250176357,-1.381200751778866,4.035367637282272,0.6031117067770042,0.4310877499402732,-5.51868311794631,-0.4833516600874943,2.5339425990179576,1.2859946259309307,-2.252596411885721,2.606479927427463,3.042894230927229,-2.4729425454455667,3.62968186905972,2.183508718929894,4.852562827506834,1.7690408900654653,3.384501456751865,0.6781458465350276,2.878936240099737
1990-11-01,0.09431093665395185,1.2548764779746202,-0.3535437661364216,-0.829620298633793,1.4637757060028012,-0.5739694807768592,-8.659541675646377,-15.717696517345281,2.2918541854185515,4.631414418428426,3.9094584487792794,-1.7496627368174145,1.6812627741036534,10.922117510095951,7.0702041396969895,-3.0119430108740297,-5.826330532212887,-0.05950392917880576,-0.41655347278818367,-9.214025710731233,3.135535332613548,3.6516630943875583,0.5126243541933251,-7.263179963237986,0.8206506203190411,-0.13201005184974024,0.4992313944099047,-2.374196090438996,1.56493572782479,-13.296667289828578,-3.3061710924406573,1.8406086689209955,1.6596608809740676,1.8247947125976438,0.1366191065791167,4.633096727920272,1.0235867402342391,1.0913211848055702
1990-12-01,-0.7413778246739056,2.4682326997120363,-6.416835322894132,-2.4178330792067215,1.4627198891412174,-2.7716174074367883,-11.270383880942303,-20.807002148282795,0.2354777641236927,3.26821058013933,2.0464673390561794,-9.38215696744652,-0.37807893955880134,4.181029210874021,6.769342386461319,-3.065862168197886,-10.050886269188364,-0.7848289453212809,-1.3727125248267802,-11.341534269257247,3.057153563005577,0.8911824114901323,0.6374520221163582,-8.521438014245962,1.6018009988830517,-1.3128538433740622,-0.01121332089754068,-1.791552887680592,0.6354708261120834,-17.585496775935994,-2.579176225414481,3.71600932911178,3.664814198273869,-1.8221100561332637,-1.1405030076012013,3.2562337975374556,1.5081869753917454,-0.1951715235030123
1991-01-01,-1.3232323560887216,-2.190655970868449,2.9793419038830704,-1.9677208676377456,-0.3371271461822811,-0.3840261082946217,-6.023251837921018,-4.441306906412368,1.5265557323383971,3.0565747039392077,3.5765894528676734,-0.2756877005100078,-0.30455742756325677,21.626251364597127,3.060556842761586,-6.338900250611246,-12.116645760899758,-1.0134666913055534,-2.365514330054397,-2.1381568953888874,1.2189287345323319,-3.657500931610025,-1.5062630448111847,-7.793080446916401,-1.4638266883479578,1.347359367947032,-2.5045696222966374,-7.490981836731569,-0.6688038234488602,3.9219015691972725,-4.394829073860562,0.900554433868539,-0.7067666672210038,1.7829075058067412,-0.961460577686335,3.0007884492189385,-0.30091386902788564,-1.3962786048047997
1991-02-01,-3.3444483313060935,0.2088414110534842,1.6371073892520016,-4.893173603824197,-1.396147013676885,-2.5339382104938024,-13.645712702679635,-20.954708160399914,1.478455621122765,1.7288001344400339,2.396255923307322,3.546410142846401,-2.4469400977755074,1.4059846388500885,2.792377439680349,-3.2240081427425626,-15.423538698018369,-2.454991816693941,-4.0376704914483525,-13.885235624689575,1.3018625980743659,-1.8675848984101129,-2.774826230845817,-8.385726674287518,-3.9818961325574276,0.09179561765337851,-3.1698550573649897,-8.183703072371607,-1.3117322919553032,-18.487655949949865,-2.908440902510445,-0.1509740362718337,-1.8159515304219553,3.078325836001583,-2.577958439290029,2.077967753398857,-2.5986498615287346,-2.8058564008159967
1991-03-01,-4.581855221102171,-0.01766243961003333,1.5800145430137746,-6.641319825672531,-1.9021830299213005,-3.1357981503475574,-14.896301378959242,-23.30284251150364,1.1849353997073209,-0.10773822182854609,5.313995645195546,3.8048035795746227,-3.9098618851465927,-3.8083301803506164,1.4813743989287254,-3.484472990286469,-17.83314421831117,-3.4339796473889184,-6.387813049470125,-17.17087389121791,0.6552512157346868,-6.746909628170405,-3.244542461594724,-6.50634662367583,-4.352777880635228,0.7022270019325871,-4.803672389646751,-9.15774454342959,-3.199718801486351,-21.47195035440541,-2.2930951851422576,-0.7839626562649915,-3.39294320995861,-0.1528794973386205,-3.61869587651098,0.2521332954404709,-1.8275002319460776,-4.351039835483451
1991-04-01,-3.746137527279847,-1.4458728928724907,0.8361805805466416,-5.364494421090004,-1.6467981751812855,-2.7414354706376542,-11.084841923681266,-18.18185270633361,0.2568786454840266,-0.8016702829603539,4.6574089124017615,0.35325430903605515,-3.655287715967648,-1.609341536451936,2.3148712943759975,-4.005188042242713,-14.056325710954198,-2.9433478322088202,-5.056256656492264,-12.40481733360218,0.3318008327550359,-5.848086204745872,-2.9377368485391853,-4.62134928954403,-4.152544160470894,0.13825632190325177,-3.74703386409041,-7.342589771284336,-2.43964080008805,-15.21745143051314,-4.047246938102022,1.221765648420936,-2.7220511112960977,-0.6166487227015183,-3.1105501802648705,-0.27544085142016117,-1.3556070283802457,-3.7008113680471437
1991-05-01,-3.452872865032486,-1.610669650411467,4.630820826533544,-5.881423341322723,-0.24786311783766557,-1.1219979182207296,-10.426412508485406,-15.910819153741906,2.2564626353172024,1.6122443709370993,6.4061375209961025,4.706622559898133,-4.63586775965571,-1.1265516108685758,0.7481352784351358,-7.240762099842546,-14.819936979907434,-2.2791033160602048,-5.649527286259848,-11.612417916034568,-0.4721090044845,-8.848038270128455,-1.4477014770772123,-1.5586475890222773,-2.1021879338841254,1.9042375354896945,-3.495879869775853,-6.812996176543818,-2.306348297614935,-13.59284069941804,-2.698831133415047,-0.6510416666666741,-4.178709846942141,2.5983270481638066,-2.494978108064083,2.3500423876118504,0.5861793108702829,-4.069145949088128
1991-06-01,-2.864645994642634,-1.1362442642348092,3.9532864283125857,-4.795689632534961,-0.176149737020459,-0.9352630054497157,-9.472001013251429,-14.417505000588305,2.163749314250052,1.5965500965057,4.444238190355687,5.189737018376661,-3.750084613822513,-1.6555144064402505,1.091995008022817,-5.203284226375993,-14.720353865014413,-1.9456800222688142,-4.556077170228967,-10.08394138618347,-0.5857145933375052,-5.711999390313604,-1.3961153088967948,-0.1858337502680274,-2.5462027079234173,1.4129939853445572,-2.652735519879279,-5.611771925472331,-1.5834407674107487,-12.360962076997573,-1.751752297335385,0.05273922383297602,-1.9904199025271074,3.5703992272000384,-2.037136646180182,1.6148872226101174,-0.39654056598223963,-3.2045327657227727
1991-07-01,-2.1097572078180193,-2.7853188407293117,3.4881295457664274,-3.4217267415644126,-0.12985916773258221,-0.36496171335789196,-5.069186866576114,-8.325453757642865,1.2961665665629951,0.7326148679305255,3.4990269218293957,2.9715628397755545,-3.936722711091245,4.661700041505501,0.3136558662524047,-8.415265426281582,-19.35888321051884,-1.0795354416203828,-3.1501678223175733,-4.921425683462077,-0.9703527189197425,-2.338977471851922,-0.4448326769139421,2.8479366989222266,-0.3101828267391027,1.3935328198125152,-3.0027569316117275,-4.966376113514437,-2.3022642303397234,-3.667792032410544,0.13618364978473796,-1.72665675927558,-2.2922188019555922,-0.08335299449901967,-1.5908264836979713,0.9326077694250756,0.7538617197478059,-3.47326442891279
1991-08-01,-2.3448666647566507,-2.528269116925541,1.755492283961102,-4.096071850852145,0.07132021156530666,-0.6939001590773652,-6.398822663723336,-11.526857169483817,1.330935887857887,0.5572165080787617,4.477143387155547,2.171628263293379,-4.407565508888867,-2.9654260287381717,1.3387642858198934,-6.456276089185897,-24.210975141772916,-1.7438816292551729,-3.4486494400117307,-7.726086349429129,-0.413527023138327,-5.486902956430573,-0.511199925643635,2.4418069268941522,-0.7281274048063446,-0.36377608493528557,-2.2571650568189217,-3.939486157104999,-1.6567809416895174,-10.146824681129996,0.6323831986360107,-1.4385740768575572,-1.6856015356604415,1.0697449154488003,-1.934469200524247,0.42723618588886847,0.9179496921092989,-3.3327724410580344
1991-09-01,-1.2027844891514983,-2.9479774744285314,0.40635558396493465,-2.337027496555455,0.47636757595848067,0.1204589351721852,-2.8328219082436545,-4.422456582837675,1.1446453376988908,1.2923576481502774,2.8493351939195444,0.12444857863656011,-3.426993039613102,0.6442975606732126,1.6402547393364886,-6.215984823510512,-23.330728193278738,-1.0455579360659883,-1.8482696174696334,-2.7266139313913973,-0.3306878306878147,-3.336221021111496,0.07480954778600335,2.8855813665940255,0.4603567793407981,-0.8953951853988618,-1.6285542007061227,-3.1411143328079705,-1.0901237437763278,-3.2420652702614627,0.8274233522109542,-0.591892217314427,-1.0573242074211509,-0.34614695174340904,-1.1640559598299127,1.20803251922883,0.8312510706669718,-2.5290563689539507
1991-10-01,-0.6286896202027825,-4.043763686074476,1.8413945494721418,-1.5428153656954269,0.7487243176111713,1.2627254625006135,0.03476517474563234,-0.5415531266247053,1.6839491184018174,1.842586333851326,1.994469238703922,0.8495921260574413,-3.6497983478215534,0.9764282597911844,1.0229352067548936,-5.881160205096325,-22.424967664164853,-0.43038560274840654,-0.9903520162117041,0.4938607390958527,-0.3440049417428037,-1.688435807582045,0.8305835208127776,4.323652436728609,0.7920861789762812,-0.7648236078954596,-1.6895380762948942,-3.1745087734416644,-1.1658386562573897,-0.5900093085928093,2.6888245728690308,0.3808477295856205,-0.15931936140858305,-0.46959380136183393,-0.6375380485583504,1.6622953784932726,0.031057330888106804,-2.669719501098257
1991-11-01,0.3595059514236443,-4.172114570998231,5.003949166496002,1.0265977637138102,-0.12273587863911306,2.4784297506247555,6.175496422398297,12.372189081789763,1.310755964231114,-1.6771531435520126,1.357947057610609,7.845343776678004,-1.597782218255639,8.470303585149352,2.7524967337629214,-7.266363523918096,-21.557604600436242,0.46690379976337404,1.0848413203601082,9.460759832880616,0.058753151305390716,-2.8567052155931805,0.11242374725992654,6.54711207848333,-0.3691618834401167,-0.07790394589458627,-1.0482897463421792,-2.2712242704802876,-0.6155685044076042,13.534361038400977,5.542435305140048,-0.34964595203059723,-1.430344680186435,1.5747882816114167,0.4829362003084814,-1.6762278904087546,-0.5831346578366481,-1.321967921356142
1991-12-01,0.8966259412197308,-2.125891205074093,1.538621190632683,1.5808482355596842,0.5349216586365113,1.934478789149341,7.164016597752121,15.219044192600585,0.2890444744128917,-2.906663549109545,2.035548070132265,4.697072223118082,-1.488663241576127,9.420709223610801,4.478141087664622,-8.15500345946053,-21.452116274903588,1.1908149851801442,2.433760276457475,10.48343871697166,0.32295320386688253,0.6173942389772202,1.4907452279516509,11.639857858494773,1.0559304810641157,-0.855877908372904,-0.587511973211674,-1.6506675061275344,-0.21157946531079608,16.918873071102936,4.987002535109264,-0.9503649451640062,-0.8918424823360804,1.6560287066145873,0.7336733229858172,-2.2716066439104954,0.6771787799210172,-1.03502952585083
1992-01-01,0.9622199293910727,-2.37712813490083,-0.6805560843481606,0.7007848184318766,1.7515517109726986,0.6389680478463111,2.3494096457874702,3.040960594189701,0.10374219186151112,-0.320076477431086,-0.9024665811889765,-1.7084483998978772,-2.644104703355765,-1.3395080884517796,6.9633347524404865,-8.932849501519302,-20.69151483801751,1.5183601399349378,3.061116571897826,6.212100516157326,0.894861795954327,3.2222734550503285,2.0520553810722264,7.415543865061669,1.4281927193730448,-1.1026674590551622,0.598762415239884,2.1201929735175984,0.07941428195226141,3.6760912848929905,4.219399172892335,1.115487231609702,2.366517049641592,-2.6307192862624618,0.5334053046102349,-0.09891421613773543,0.5220738573623374,-0.9991743995636404
1992-02-01,2.590397449945203,-5.063447339736338,2.579943787452943,4.029360159979167,1.6341183981529284,2.5316455696202445,9.38100931274446,16.311214020636644,0.40971615756681956,-0.26846940095742733,-0.9795537687216194,1.715359796347271,-0.26687222133892075,6.903342167255588,8.13237250885821,-6.70283997646256,-19.481295190191762,2.601844464260572,5.714733345867007,15.703305913662602,2.2613173138811504,3.821040963688338,2.2673919147572663,10.2208860180818,2.103399916525328,-1.4544135960541604,1.4788534447628843,3.4262915694942553,0.8092568695548641,19.77457408897001,3.603499940069521,-0.643562783901408,1.7034998564940729,0.040019755784204136,1.996743776757559,-0.4553214346812329,1.0824668339906696,0.6144514944361686
1992-03-01,4.470914210851262,-3.7367854685183555,0.8499227030129841,5.738466832031475,3.6516385982138466,3.5090577102290466,11.171570503412687,19.78266286375061,1.1148889589172928,2.056018791468972,-1.856271977719215,-0.8658636518560914,0.8210528439293485,5.354798635774394,9.954340638331383,-6.102918651826417,-15.234811905624712,4.297079822904881,8.416751009737267,19.274865538843855,3.1150469140053483,10.58439802609341,4.817336075438883,8.947987461215456,5.276926921231495,-1.9086703674332406,3.541129739714144,5.245851366900367,2.953303732532908,21.884953130776008,3.7777254140077376,1.6821454121256352,5.274611844651855,1.0228948887321287,3.4616952793256273,1.9021139984251034,2.15364922900243,2.1960263521627534
1992-04-01,4.57962873188098,-1.6717023833133116,3.2865337685798357,5.903064817366288,3.741353171540518,4.458156322141016,10.896678745170263,17.198636288737323,2.3925782880421353,3.1732529824826328,-1.457372846223104,4.287004675766282,1.7365285241940143,2.0929164686263935,11.291620711240945,-4.082727350933391,-19.24644563158936,4.542932703900693,7.777102355691201,17.819519606242864,4.040851615692187,4.7346016145157765,4.38454159416124,7.867378329345565,4.310906995465302,0.1066024485374184,3.595092705222691,5.2179220440220275,3.035595406217695,18.99364796786236,3.8947976353477687,0.723828247173941,5.220776998117405,2.2055656069613017,3.972638518327498,2.896394488660836,1.6024059807977054,2.679166146057446
1992-05-01,4.544912697808257,-1.5649660998110604,-2.4103752715650795,6.860285849483794,2.51442017026422,3.4361301371991226,12.604114598170057,18.596124445717834,0.5064344778489493,1.162359513569533,-1.817350396832862,-1.6535241799500278,2.10846972897758,0.1243109864708547,12.818606863845506,-0.5569615028415575,-24.938515327349375,3.664171958129292,8.849299888245078,18.55613220320349,4.505769978821794,8.9207491270765,2.85121404825035,5.930929004377883,2.559877216365769,-2.822444677923097,3.406628438608461,6.198728570844048,2.449390278455388,18.663798754324645,4.023136619450618,0.7237157561615026,4.6874330519731,-0.6210279955966791,3.341941886534139,0.48028736200675937,0.48654342320164634,2.7679309645777144
1992-06-01,3.9219449776071613,-2.8145842285201894,-4.187988539465959,5.303303845459473,2.8210915393283686,1.8243041538853033,8.3745772137908,11.658725623719167,-0.30729663745519,0.41905624944658104,-0.46785528777856245,-6.942883247044495,1.3109220057669235,-4.23629286625059,12.819834516408735,0.012634727450899774,-26.717822695793224,3.449667643843979,7.327124219240844,13.1585267899329,5.8645785951004115,3.8999353378596835,3.856651104394726,7.091708863996726,3.625920769989577,-2.492028458696127,2.548939831520247,3.9640292202852034,2.057984242097688,11.243504748252997,2.85556689723383,3.0669049394461467,6.159055628529009,-4.004947891183097,2.563756841098086,0.7383870443486318,1.7740525470182344,1.9409069131529737
1992-07-01,4.317796900545279,-0.49704580419250854,-2.842525970736687,5.553596352239376,3.397957259789486,3.302472022962588,9.410087481706576,15.93469497503377,1.2943770769217489,2.4302867006957163,0.8039558367674005,-4.030863602605594,1.9660059838452204,-8.206807467552524,14.312999616530497,3.7850006110774492,-11.72809222078971,3.4660843246556716,7.225466063403507,10.203217612193072,7.377138025970642,1.9756733447664043,2.776874125780826,4.39453125,2.6554320300700596,-1.3790876080864933,3.5585378131459677,4.850061970355002,3.1082010121843195,9.747105167241422,3.3327470428976103,2.586792428650142,4.558051771920524,-1.7422414717163437,3.218992232364881,2.206248451597226,2.1451828926279726,2.776920676446574
1992-08-01,3.683251457946901,-1.9913506871004683,-2.44616827073334,5.321085836257788,2.465209004740876,3.27359185191205,10.139618250998407,17.977870823897035,1.031088619743814,4.1221381132697354,-2.3139272694764124,-3.973929225901174,1.9896629376432662,-1.9260683010371094,13.664514717146293,-0.14462823209999698,-3.2974773274523472,2.4449713715033905,6.335766511901553,12.347731615756974,5.801645993642901,1.2490466238101572,1.523205867376265,3.9417108213520624,1.320765225456455,-2.4678098878232357,2.6570388665711153,4.096431524712174,2.1509020287930225,14.827109147535111,1.083362655997866,0.15949166004765036,2.147735366824488,-1.83710904256561,2.6429698460063156,3.542947168352306,0.09294756003885851,2.330518834768248
1992-09-01,2.849703714106311,-1.4654219194926599,-0.8284137628495114,3.8788238642497586,2.2171224293610736,1.4748481809639058,5.512836871335791,6.654920441448886,0.13126406206944718,1.1308109048776993,-0.2135137344155713,-4.624070786992929,1.432295305121234,-8.791121761920206,15.285417653273093,0.6914338174228485,-5.478770553561141,2.7043679634356055,4.9684157558802955,6.216494006817652,6.757711325641624,-2.49866056207686,2.313271887421653,5.9422945960020845,1.7151796505257888,-0.37600003175228824,2.6182425723568103,3.628043554409466,2.2628954020632586,3.7093186190299,1.0259075693168196,1.3788926784177313,3.8440279382945475,-1.5622964750249713,2.1710235537090616,1.2510751799104547,1.1296224476285754,2.0390889786228596
1992-10-01,3.471433900171661,-0.8267861701222512,0.9617754205507145,5.226418295414614,2.184566966946355,2.9486554291767053,8.360480672387972,11.53440918391837,1.1578430925601513,0.8095720865839651,2.4507194358860396,2.163051259043325,2.0654837211536936,-8.099897752478135,17.61607902757674,0.37810816912309253,5.159882402047078,3.128927344600929,6.508430017946432,9.145376147945461,7.842173322931245,0.3387733459023323,1.4509039801976487,4.107381223117601,1.5970733279177418,-0.35313052384322585,3.0387459362981595,4.544018692526008,2.5151107712887644,7.989140351334489,0.8039251642291134,-1.8006082883958774,0.4647375261157771,0.5517982655536935,2.917078740220802,1.1546034683177941,2.2586898111639497,2.5637958801966594
1992-11-01,4.095309009679826,-0.10903462057738622,0.8568642668099535,5.6775625772008675,3.068391468059173,3.043321286473355,9.06444759445253,13.298736462093853,1.0546235046200891,2.0667157666546254,2.259247372424533,-2.2058029820341774,2.9488723011477536,-6.738487600640242,17.143657600965454,4.763458056609471,12.516675533473443,4.127166193521248,7.106681179888974,9.79795394522094,8.644453222586401,2.575094607379369,2.752210856995907,4.231245589882526,3.048133577393486,0.8977228202761367,2.8271733961711787,3.393028847648938,2.6275867912718187,10.23845552213325,0.3720703857379659,-0.7017455288965135,2.1549675170337457,-0.13601395459799104,3.4710914183461616,2.345112585838227,2.9323016217009945,2.886623983787513
1992-12-01,4.372996095684134,-0.3004174771099155,5.320197044334973,6.705463775236842,2.3125606469002857,4.44552817894428,11.256282090054338,17.132585448512305,2.1965520355412993,2.435670119156952,1.1477720384290846,4.255456968971139,4.3127309527601465,-5.058572145287943,15.364005259660374,5.137709034567517,19.74045429501208,4.112395922615408,6.881389304087371,14.203008957893925,8.259961199820932,-2.19299976323889,1.589598024023653,2.2928490351872943,1.5544380225753773,2.3443751856738526,3.554398272569337,4.015338993499973,3.390942511354722,14.005869526686986,0.5149802685440408,0.6550869115791391,1.9044295435850067,2.0932448262397374,4.152288897664813,2.032775457526803,1.623680114844528,3.9248019335894537
1993-01-01,5.924970615123426,-0.5287765978314041,2.245411220621474,9.198415224271827,2.7484302418451234,5.968537728757517,18.070190407121434,29.84665588016071,2.1314272163988512,1.6471180921854511,3.527576122087406,2.1204792253536775,6.276921060231477,1.6388471291140627,14.42357377278125,9.638110680471046,30.951417566397275,4.641152999634124,9.098619180562896,20.53285061242942,8.885221465076665,2.725569470466427,2.378835603813245,5.2218997910249865,2.335867014548132,0.04543522549063095,3.7214513076050837,4.12199000171698,3.5783446421449705,27.112385909772474,1.896691250850635,0.9235060561893826,0.779601119091633,2.307546600401955,5.1026982701394274,1.7108629621515048,2.805643651482659,4.96824930484444
1993-02-01,5.300327052818776,0.22108610202455914,4.374650535403557,7.40091523293267,3.2074063238147543,5.153123603308107,12.8111342449309,17.959115176052265,2.630681943131097,1.7520652732925246,3.5294027065940092,2.933866860676604,4.628678555356669,-3.424643598865018,13.690694282178729,5.489710775735013,29.236130090188574,4.877514185025733,7.98688711178559,16.84337677806966,7.650427995971798,3.1135818960436934,2.6906145412196603,4.016356246065866,2.1772657582270094,2.1519094436110775,4.53253285092341,5.089812976958075,4.332793677798197,16.444539625246392,2.991486611350469,3.1510563200163766,2.507470119521904,2.8880482457880996,4.8685284067500945,2.2724787191723994,2.5804102123896167,4.579114165114071
1993-03-01,4.026208230832307,-0.775792584631918,5.785067561388124,6.4766021515821,1.406365418716482,4.242348827818576,11.214847072545897,15.344487036042187,1.9239391215535084,-0.7795449960569911,4.026601574811184,6.56284061066692,3.6254314441498625,-5.089011816388633,13.204369408684279,6.226385317353489,15.745287575189671,3.6847685774064054,6.607669098560476,14.650266168143954,7.297221149732347,-0.3772827997249095,0.8486816527234264,3.2875775487274606,-0.26699651210734254,1.861999921849633,4.084792767381651,3.5088857656351724,4.284698788289787,13.81941543207892,1.6578417319526473,2.210193383998127,0.20508714160818453,5.959847643231231,3.8911814838072933,0.026630176983677423,1.509720317636165,3.863140948624593
1993-04-01,3.945794312130335,-1.715190774487474,2.209800285497021,6.082617787928735,1.722449040236107,3.443131508763786,9.77805275924204,13.72584353322548,1.320628170719651,-1.1226819955792666,3.749553564052266,2.163796983223465,3.750530538070218,-5.032075814125969,12.85121199946433,6.944261257221251,18.11773271076451,3.2402458828868275,6.408847488966796,12.500488446031156,7.511244533546635,1.507278530281786,1.6159617445790975,5.361095131772653,0.017322497149008242,-0.18831167970039253,3.3957522729558542,3.0637348792468044,3.5091442397372496,11.68023718046629,3.174323100465326,3.200233205112779,1.4606257268564793,1.8251582105581976,3.3914177146763924,-0.3948710649301246,1.6346773365205847,3.5670233518769976
1993-05-01,3.2178574539350135,-1.4972561595266498,0.8382345378612932,4.842872107418361,1.6293207603709448,2.006743214730289,6.594485370161185,8.817972659000016,0.4367564080490549,-1.3415323478529029,4.025321269023818,-1.7906692223581544,3.199949219749554,-7.148120280840153,10.806056293485122,6.192668880356944,26.064001061850316,2.842302698023369,5.3934510149028725,9.179415138796344,7.127938956554125,1.2152592261586603,1.3414035661704515,4.8566126773869955,1.1146016643638124,0.19412819159339012,2.8586331997414005,3.2301018669793846,2.7262094114123725,7.04603290820196,3.034324283730072,1.475750093622863,-0.1072320222649692,-1.0163301653495216,2.6622718052738525,-0.5702689206996459,2.3717067643757472,3.023104912133415
1993-06-01,2.770266323797066,0.5441370999619055,4.922577155112062,4.597602617404584,0.8015569127559186,2.6716244861912486,7.121971056402576,9.749955270139488,1.1607938233469284,-1.0292974140448607,2.0975142946605185,4.569891673336057,2.5538042281763262,-7.035066231968779,9.316624547325647,5.597766256132863,40.8275035720818,2.979385119128719,5.581191136211006,9.879243064000654,6.3161771475922945,3.979151269983272,0.12679344677026805,3.0266268656716333,-0.8460703546200321,1.655534287282312,3.027890622865881,3.600843329627934,2.822836978773835,8.737061708794002,2.3700772355468525,1.8586085383727857,-1.088676956203849,3.631437522996128,2.8411547715022856,-0.4627504291206397,0.27823660442229947,2.8007006392066094
1993-07-01,2.060546340395253,-1.83638745783411,5.778768961159142,3.5640675732906635,0.503543668920825,2.184007063171789,4.1946709587370234,1.8590358018405473,1.4905574225994256,-0.9990298700297884,2.599727466124424,7.253853106410113,2.0171884833228404,-11.900841193762579,8.532832730158123,4.964590194655805,29.9245165960087,2.0980367471173267,4.673897004574301,6.605210461720468,6.002180408624724,1.461067366579183,0.03195207189214955,3.5438025005579687,-0.9494532043354265,-0.0120652211382688,2.5523712502391716,3.4781135801757346,2.2238913680613814,0.6560111239048982,1.7808673027413624,0.8607174310895305,-2.256614353388553,3.1827869267157416,2.1777342523886745,-0.4571411089290267,-0.1920198927083061,2.295742442057552
1993-08-01,2.3408663610697156,-0.09825705250544603,6.769513435659857,3.6659800738304105,1.063524182626896,2.104910504045887,3.9918535543151945,2.473163681546686,1.4523683838380652,-2.3316102599767685,4.09495797892081,9.160721561654972,1.3236060859810772,-13.635449971419423,8.36879159526882,6.1959355240251535,29.623682563175315,3.2952372398669327,5.194516297388496,7.456544788310171,6.278575763706273,2.9084896984875375,1.7594278901527982,4.468232309643705,1.4460188487266823,1.7208410421668097,2.885708588107039,3.5560108553045477,2.6483679724498943,1.6040599595883664,1.9245219364830923,1.4153756359991387,0.01968859210159657,3.733788103800517,2.628418293185275,-1.360078915287033,1.3798363773133593,2.1412758069048747
1993-09-01,2.9071327788912305,0.08515143422080929,3.9982467970330227,5.016521761722914,0.7469070428211877,2.7870633361489094,6.518432241146654,7.347039610159389,1.512974856340521,-1.9025926022363304,4.181121442801938,9.111920219964787,2.581318010980138,-8.75776846946077,8.664328372357577,5.991941351658592,34.21477411663481,2.8931859592164377,6.547736241536062,11.713855086185298,6.108393150739855,6.00159856129483,0.5717141429285366,3.3544294823014464,0.14502812279639787,-0.7059676577570784,2.9771741808804153,4.209428602251064,2.5416515791456984,7.526192248239538,1.5988754892173107,0.14337097869558946,-1.1169715152101634,3.2871304597130724,2.833713227717971,-1.2748612633698753,1.0671847917767208,2.787324012762418
1993-10-01,3.167540860293916,0.8942147736101802,1.9529835332260603,5.3442035335160565,0.8816852829365285,1.9919579849602131,6.896669832323954,7.685784626607095,0.31117582614499373,-2.132396361011879,1.5779474282086037,4.251707633420976,3.7198300716664745,-6.816933973732475,7.831131562020666,8.4651705551686,23.803309101106642,3.0842177564088358,6.462365561100136,14.811745043955593,5.500995946843212,3.2784318330837836,1.0440213114671915,4.098718764543308,0.3540947683135842,-0.4041197728992474,3.263349186095965,5.174328119117222,2.590431614073063,10.773695575885078,0.9581782994322552,1.3946948392490777,0.5403679414437645,2.547306567063523,2.892835100274227,-1.7131921659861549,0.85198050834836,3.4835614731883258
1993-11-01,3.2843503141133157,0.9683060787242015,1.7287643340252012,5.5874814389652805,0.7165213386230551,2.0083618826505,6.948730020298055,7.836459951407981,0.3036094718420035,-1.4740336581607894,-0.5473906886743207,4.366487182571399,3.4582969500405403,-6.25638340508603,8.469930275769478,6.881820462300814,16.234587191003435,3.2558327397169684,6.8375565876888755,16.398288551095995,4.86616092134744,2.8611231205265097,0.7568505444537577,4.228485944497562,0.00220933687857805,-0.09859622148739033,3.5222071794131837,6.404552509053296,2.513037271414964,12.645647703906793,0.8116779149804243,2.3469971401334666,1.0367939392455172,1.7167614993701896,2.972500941748568,-1.3033015327916009,-0.09641237806077285,3.4913541472646825
1993-12-01,3.9651777354018147,1.0050831105829383,0.48351181996850734,6.241279493533813,1.614839153632075,2.253848285294846,6.374478872379097,6.176356637366309,0.8165231438026943,0.8338797650478069,0.10481854841213334,1.2521556157847114,3.025108419205469,-8.257397659934451,8.73047485400187,9.368286656206926,16.152710263322234,4.089984435382954,8.698094080050334,16.240236692281783,6.2591691856286324,11.188663069242022,1.3368263127987223,4.536268426967349,-0.13353876620392224,-0.6672358808938905,3.9629820921192715,7.491010715299207,2.7296850098496694,11.189908474141186,0.3735412596073795,1.3659102077846708,1.0974943535301707,1.333584231364715,3.407732938414032,1.020862770578801,0.033007299691290015,3.5112502087794617
1994-01-01,3.07819632767925,0.4262978061259304,7.045033367968889,5.719295105254596,0.3889718955284893,2.3106578462938288,6.430468321881722,7.34374289024462,0.8636933829370363,-0.842781565659434,-0.7854899660709846,9.794276978297711,2.915708671963979,-7.659004488119492,7.519558663786263,9.874745340677581,7.147271234746677,3.8497023482635173,7.363522938216338,14.772776873372283,6.221092260304117,3.5747883349012133,0.056698928688647676,3.874192288324241,-1.2114263475556553,1.8600005327224833,3.9948912078096033,6.6549324385685615,3.0634697801070976,11.576188030252021,-0.9957477659601643,-0.6100369757105595,0.4862210316977089,6.767284189847977,3.3086266095749384,-0.7913685154689376,-1.1195264531784321,3.474951226446625
1994-02-01,2.9357795345291926,1.6184020126450926,3.1583310414763144,5.201680557015975,0.7567396309161589,2.3762353051379526,6.723974527376408,10.273920226491473,0.8522742491040791,0.20217428425066686,1.407808266380428,6.251934866902364,1.8552378307276296,-6.583478507474783,6.8717050657618906,9.855726265069942,7.5374797024281515,3.4730602038294256,7.097528573467571,15.312539946312143,6.339832977655635,3.992112933645764,0.6719014014511471,3.4367259626210345,0.9952856639412033,0.24071043100444278,3.02822838813559,3.948311561856599,2.7026458366208983,14.983028210132353,-3.4034981562637623,-1.1343912720059413,0.49716196629985276,5.4018150567629375,2.8734118125557373,-0.29624111041649526,1.0269934449924634,2.466227003774712
1994-03-01,4.490988001964524,3.634407562314146,0.45278938390189705,6.273776399215447,2.998235591097975,3.2047336059338516,7.10002359011499,7.717480945302113,1.8300088405187598,3.3714134544626795,1.103928759797368,0.7430258946995671,3.2012342293982865,-6.733571318523179,8.172460110467949,10.614470737170123,17.607187422011485,4.8808497374191795,8.66374956078706,14.28140269279401,8.653621722555037,4.835044726320925,2.49485648083414,6.139803253878173,3.3833746371484175,0.8785969962088691,3.785196691950188,6.733390658246918,2.757385106777499,12.335642122909963,0.9823123008595447,-0.5147095301880289,3.0561489913403683,0.5955189297434327,4.013742016462052,2.325003714158358,2.2472817466039796,3.505106772490675
1994-04-01,4.922708179125146,2.621969694226256,0.6505389396632921,7.3327049952874646,2.64321179184408,3.3611333817964217,7.911319076414802,8.472879298906676,1.7547661706487583,3.832912182908421,0.7812193735544204,-0.7286620462658822,3.2223803515079474,-5.921042792167763,8.489188996748375,9.450439672927736,15.270945692328963,5.32512564913421,10.168958978814558,15.503268923205171,10.512077294685994,7.286444203725195,1.5158561321921393,5.334925019549064,2.5295347383590183,0.9123774827309861,4.386507872344714,8.15148261336418,3.073503697580615,13.52520458064257,1.9126778852484039,-0.9321404228405106,0.49776766033167164,4.0409692561943045,4.342604424720231,2.6548978184680605,1.5160511238025975,3.8282780281475413
1994-05-01,5.650971824157214,2.919364530819002,3.0265940885324527,8.019174262344952,3.55426599749058,4.7668576880716795,8.083802393287943,7.474325597045861,3.5817125646372627,4.122726909708363,3.739535226039137,5.937515626976353,3.1958713348005263,-6.557726346165149,10.105424641895144,8.672986418762353,11.856690226663403,6.310033961549122,11.149555764151152,15.09414967998075,12.204184843454424,8.533284705159705,2.8706942077940223,5.447664989395773,3.995419816748158,1.4112210391475477,4.8239928673955434,7.7088061654587925,3.8029724593772185,12.463724003295651,1.4362638204888256,0.5961018815051844,3.4539554550371054,5.473313657971568,5.220887873549018,2.9671848961533076,3.3259778091736303,4.0447631538995195
1994-06-01,6.0985275549670925,1.7967248845679684,4.777601411165522,8.666275104378673,4.030539048103399,5.290580644251541,10.107980753876799,9.898924738722382,3.591919178854419,4.14288342557354,5.513069846669616,5.341093056934665,4.132942666782702,-4.286120562345586,11.743011034581375,8.624301420231895,9.312087643177813,6.580910410937557,11.181959268651331,16.430960011146702,13.066404934422593,4.171030974113421,3.4841533986986972,6.777091677792613,5.273505845618254,1.838728112103949,5.33338383647084,7.9518547750592194,4.409651589714447,14.772544918785545,1.2929321515450898,-1.75917705048525,3.4571270754134575,7.1001287998254,5.692891278467149,2.9103732323364717,4.639342326720652,4.7601853137255
1994-07-01,6.252691492508267,2.877738683209574,1.4706679294265168,9.668126715254166,3.231662429799731,3.927179275500725,10.574310717017221,10.211879557207126,1.6190935123252315,2.743431619122627,1.6179620422830387,1.7280955285700283,4.591729527679722,-2.5583440678718983,13.237636709462674,9.31527538689998,2.2510219585428537,7.027940579121461,12.433751270755655,19.264113787302573,14.162460718026871,7.624577237408148,3.265057595176768,5.30414205525187,4.190254531159421,1.4486642453752197,5.206244114469549,8.385197361929064,4.079507635242474,17.97340120811306,0.7049298803067483,-2.2405667680226893,3.719822292557895,5.245262607890888,5.548865528406344,2.154233878117462,3.041204532452424,4.912263586547212
1994-08-01,7.433070721003721,2.7475073674759543,0.14720741884355348,10.627037409635376,4.434643360633372,5.483718040933772,13.712848483739194,15.85893807847787,2.6658778488683144,4.024014223212236,4.250242684363803,-1.7092566979706847,5.722488821665106,2.3786925009909643,15.259657580082543,9.257587450432215,-4.362539608448602,7.5775882213354295,12.727021333702048,21.188591042982054,14.065310706501567,5.719120457073323,4.112093809003281,7.314796077926378,4.457797884116266,2.139336813547632,5.254367627013901,8.015790922996114,4.273590386417037,24.177194348813003,2.6035867962567405,1.8078657800409292,5.07783664966126,3.785796464165725,6.384761951629092,3.717021005608734,4.723427837991356,5.477421103896949
1994-09-01,7.1133784773060205,1.371674320983507,1.1916016012511355,10.252125410462853,4.012418671764717,4.566760677483139,11.786445184709393,11.814618772475649,2.050842012804943,5.23891681044184,-1.5934741825492038,-3.015952885289086,5.1673866505021815,-0.3998660651346353,15.903922766000743,7.316181571407032,-4.30848508668501,7.781508357702438,12.732322096174652,18.12968447422496,15.523284927391101,6.514793066721958,3.841108306334595,6.888067755684402,3.6096963809891136,3.02771324594453,5.357375521167396,8.273406120167293,4.320116544375852,18.89189419431785,3.410265762004805,2.6002160044205525,5.2646173671204055,3.2346768830947115,6.156180732641192,4.677924789014343,1.9193578525385613,5.266862615980404
1994-10-01,7.225924928677108,-0.2522806835200231,1.902300847187477,10.074085575494095,4.566634050575402,5.081901329253413,10.422249667932814,9.268495076164896,3.1807275827433035,7.181100687525155,0.24771453128358267,-2.9821237557017044,5.080479853562969,-0.5548327121487784,17.532549469458015,6.96585439835824,-3.0805955585757494,7.581586960415554,12.869604802083433,12.817463135222141,17.25530715761787,8.85694522092615,3.655753968253972,7.400699788786036,2.211665224564574,2.118051451104974,5.554598669512356,7.8068211355790895,4.748187029850293,13.333836187028059,4.9621002201609254,0.8020688879727178,5.399881106523674,2.706449540617184,6.231501771426062,6.442022276731607,1.3943500263851494,5.328449588544517
1994-11-01,7.614110788752204,0.5812957460257451,0.5490065257558685,10.294201794965453,5.19510889617576,5.08615904149512,9.35034682231095,7.667563742468175,3.5562381979098667,7.031905840518005,3.852079357506355,-4.134446808250991,6.074239024564854,-1.273794213881585,18.377684684226292,9.067138742708325,-0.9646895509537012,7.762909437464671,13.036015638921207,11.87836765139103,19.41789422392144,6.116959173570691,4.158625535663041,7.369893625718782,3.6810053144424426,1.9305192281085626,5.678619690759379,7.180153410581336,5.1373417598191695,11.351022455372938,4.168954433730376,1.2152033928826356,5.5905238237599075,2.7072902543956,6.4711768991924545,6.3081598751005385,3.484559708410817,5.867642959159241
1994-12-01,8.12818383788516,1.3949281336417485,0.27065864562516584,10.919885700346722,5.536502629442075,5.605843961163259,9.896177279592067,8.099177980386019,4.067187152605567,6.201920714250608,6.247293885577121,-2.705157225843402,6.618407057733311,-1.0680194450323865,19.6078541880361,9.26892844240883,0.3745738575065882,8.382176399971764,13.864238196731883,12.99355183159674,20.530022238695334,5.1406955859141235,4.747070167630918,6.617763303506496,5.47418521906633,2.0545114217040084,5.447408939672815,6.559818563187081,5.043755013192275,11.107227225209204,5.952442460178764,1.1548262788240393,5.202074377565746,2.503287442498059,6.925835091579047,5.742864574712092,4.923271813106478,6.005886028918631
1995-01-01,8.2145308129008,1.960714311215206,-1.8151501429754413,10.915287350084114,5.716144642426579,4.733314156508106,8.786377691461155,5.870614321116485,3.273966208482637,5.949040000366845,5.553435352514935,-5.635880751959643,6.973303770730044,-0.6646065639136056,20.374259313914678,8.383979892457628,2.191653467392052,8.528554254670318,13.967450681288774,12.000146487538688,20.240824104504405,8.088194405827732,5.805861534179035,7.560881679994558,7.336426737577706,1.2695698106497177,5.485261144897824,7.312665464881385,4.828033327770154,9.881609275686266,5.118754434395267,1.6979194067616277,5.9542465709161885,0.11844911023557447,6.800469318244806,5.6951797422456485,5.743623231515738,6.193945385283407
1995-02-01,7.81876353950961,1.0071944146384126,0.08452946527846006,10.707255068118116,4.988559867269626,4.786385980643559,8.365755172741007,5.475181788420702,3.499904391611963,4.7445769609168575,4.808322251339603,-2.277020914267469,7.877340715815473,1.0543845953681963,20.595364080155655,9.199415189937232,0.8664887453032177,7.897958287596052,13.228954692938167,9.413833431254082,21.00854967148369,5.2622901266796696,4.477420373990482,6.62240242364871,4.837957501906542,1.5548934027194816,5.147114923150764,6.62023697875227,4.62091801196427,8.161699735542172,6.132954591265571,3.0710389366104485,5.513435120654231,0.18810062285459228,6.617845269116707,4.7000795544948515,3.9629613994895507,6.443989296124828
1995-03-01,6.713197277708782,-1.6645943316778045,1.680833107466717,10.121081275967448,3.184373254851769,3.8501139623754232,7.1919201555586065,6.3444923967197475,2.649481788039365,3.2470398909271836,3.4338262947820386,-0.17375661808295417,7.399999625799625,2.437794246088587,20.290218220492328,8.754156311159566,-5.872017519289052,6.884103940253983,12.319596613860329,9.021069223477207,21.131021643006754,4.135572139303489,2.813182101652645,4.560604575309024,2.2898057334305832,0.9619469722797591,4.2516940524267355,4.712090620366527,4.084563243251482,9.397434407095439,3.1371970761624235,2.794434817298952,4.192711218014655,2.6328523634328027,5.7165348260771465,3.4486843985099824,2.157496572850204,5.747277760888512
1995-04-01,5.428182908322365,-0.4064017389995067,3.62395897904082,8.306989813839149,2.6012677012648533,3.056220481166183,5.536306773708688,4.9197143329539506,2.160059718739915,2.4591295979898398,3.653492004643444,1.3393598479509716,6.582019875374234,2.0191190133854287,19.46958799818419,8.302486768372997,-5.424257485132566,6.173580428311776,10.055428110856223,5.241359513932076,19.587340444133574,1.737879518933494,2.534187159468604,0.9892248290160888,2.110442521572753,2.654716951321623,3.1638867946904403,2.2941980616928426,3.4792545866183966,5.814975388022825,0.8758707845562874,1.1157047845140156,4.567787012075475,1.552487058924057,4.913630863868201,3.1644093848786303,2.2396063125742494,4.784455856998357
1995-05-01,5.231667380680971,-0.46873387921250176,5.6420644018341015,8.284054765953952,1.941350554779775,2.8991031163250414,4.420982854933242,3.193144406429549,2.34619679185164,2.8616496921917367,0.3995407468893264,3.786145464844415,7.958583849265777,3.074738131061938,21.33853930399845,9.962021290107215,0.09848610300078331,5.895055433778529,9.576463425412207,4.579180350497403,20.226739035068864,-0.12734009532821,2.0437814800464915,-0.08018824519199219,0.9310273615683817,2.956289218200525,3.2385870089759683,1.0392856021370411,4.042812952689401,4.570320216391455,1.046426179766624,2.6469765272812085,5.011524843761128,3.9594676525832817,4.945992374531105,3.6705102198042905,0.36254435768072746,5.478970096422638
1995-06-01,5.403711151551471,-0.4400792588731828,0.6125882195725962,8.818982096393713,1.5595294856087571,2.512092283036438,4.063640256607748,3.1408309620120756,1.9501572153631797,4.027963419119085,-0.5442014876241408,0.2332236313473235,8.78639018637346,5.967995990549135,22.229331627076164,9.859082117622986,-3.4113119172055173,5.186548378757161,9.700438073259932,4.236758006391517,20.802199111504493,0.2136675404891042,1.3386260249760973,-2.0019016111595844,-0.0692500854972189,0.6830858984073096,2.9028901844961874,1.0939877719962965,3.5592595194604337,3.915489105801484,0.29321155072201677,2.269979182508308,3.442102949027981,0.5202226696535694,4.587732144288292,4.742085619028091,-0.37932548870375227,5.699404332508794
1995-07-01,4.2952811043689865,0.3065518261612832,3.7168434170036457,6.584093602141183,1.680243627750544,2.512641746316868,1.5391625602322545,0.4567713528502271,2.86010736680653,4.753505826144888,2.465254022285035,1.0076030444663653,7.458584920266298,3.224500661894214,22.286902068646942,6.942652737146338,3.197389020086505,4.306079849274491,7.378116410281144,0.13169382322542056,18.06109340851836,-1.0157481015926173,0.23005616076865465,-4.3088205833935795,-0.33303641962803,2.897912342432307,2.791058260779966,-0.1731975458860946,3.882357678765125,-0.14690831753096933,-1.5657596825778053,3.414439468132935,4.226135605073278,3.0065850487509094,4.012060921624383,4.582231140055493,0.6497947633594015,5.00265412823223
1995-08-01,4.599278824844788,-0.9392665569661562,8.60460947503201,8.43781188910977,0.36190343259923097,2.6097804777881928,2.9431371733703804,1.7464259135952398,2.4901099333890953,2.413290374811994,1.6394287474539526,8.211721166593033,9.28199408191297,1.7609511089640817,22.03119861887537,10.468693429051857,11.616905850220082,4.943582973693372,9.456778187432802,1.8190352933688203,21.87492177395802,0.4864801676153663,-1.2141111789859549,-4.290716162183239,-2.230855957188904,3.230113610534202,3.6529325458843687,0.7797989232776414,4.708042157675929,0.9212649217654745,-2.18500949462217,-0.17327508341168363,1.7148923216223189,6.134905200676588,4.689029105863818,2.2770195671775406,-1.1828258657204826,6.327926938698194
1995-09-01,5.102937260882134,0.8390416416319546,4.203701995038034,8.758004336978754,1.1691196945384341,3.362590512659258,3.63956105044283,3.094210492412164,3.2684687360449827,1.8405304903658326,8.984442699057116,6.499536265437467,8.955468895349906,0.32715762132169424,21.979918812189215,12.448665961415028,9.932275789050959,4.821902299158576,10.149733814470686,2.8900682095134522,22.531916807746732,1.1087612491040622,-0.7780872261620941,-5.061823471526972,-0.466729596499893,0.7363068602977085,3.507493124019745,1.546451988492703,4.230645763670915,2.557120977348637,-1.6048875325364143,-0.3182432970005422,0.006198379123856235,4.660171225540521,4.7816808149161005,1.7923249743044156,2.190276087489562,6.100491201422437
1995-10-01,3.992963220553958,-0.17287517465127689,3.9418358630323613,7.336669037797727,0.354013981563428,1.4639119580731608,1.0936889976891573,-0.9877174629005281,1.6069103364766635,-0.18322840029421084,9.327537975708712,2.1895093675819544,7.169400480479404,-8.775164111884514,21.603275456524074,11.23172833653092,9.673968736235583,4.375919870535494,8.946635339139242,1.6452320135111664,21.32420091324201,-1.276984679665738,-0.9484615016509546,-7.442913452716704,0.11406108268294801,1.3933688493033891,3.1150010523652183,1.0187873955462612,3.8876948844878356,-1.000230720083295,-4.475495421936337,0.9227241742579162,0.49679363362435947,5.145166025205095,3.7627368685886786,0.13820081149544805,3.0841813637277227,5.039169395386375
1995-11-01,3.238785965913693,0.04804388556394201,5.949773867957386,6.821415245122786,-0.65010769261169,1.5508568120714106,1.2232609645388859,-0.8353214514041585,1.6745463779013647,-0.4137868707125736,6.568979791067497,8.443620327035074,5.837230326033094,-8.797968880142626,19.841444195042747,9.471054808518907,8.244249075150133,3.791756176597749,8.629239218377261,0.37136193715252563,20.56372510554152,1.7031651586099983,-2.046653047650726,-7.358540052116814,-0.8950640960076472,0.8736164722854767,2.9514342703601315,0.9311898490073522,3.6949769071665584,-1.807655954631382,-5.088087912215567,-1.8503067484662572,-2.564239910622723,7.166986159596012,3.3298500978240275,-0.03682697032686422,1.4847491049996497,4.319121390160731
1995-12-01,2.4413866578115284,-1.3441434744227099,6.65843955383536,6.026916325336451,-1.3727571094471647,1.0561946202099604,0.8377465362779724,-0.24124443728728018,1.139909571419473,-0.47834120524764545,5.294015303578581,8.014974029505172,5.570657193980688,-7.963341622270004,19.648957474378605,7.753736119113563,7.748131970180316,2.8404352358613494,7.182012070608534,-1.7064419541899856,21.08152157200407,-2.2708252448125688,-3.27054713685504,-9.123453651923397,-3.546497658360981,1.192825505415951,2.284125688873506,0.5547703771226153,2.922169597061508,-0.9818626123983987,-6.700017354213839,-2.175141937228098,-2.470120132782372,6.370866779586137,2.6396897921781903,-0.3538875073796355,-0.23025310247912767,3.8463574464631387
1996-01-01,1.5967823943584092,-2.377034064674566,6.788274578400277,5.065377065478827,-2.112864375952417,0.0883045203817101,-2.369212845577917,-4.6323502236020335,0.9996254113509684,-1.425904986555715,7.400234894333013,9.224482395520251,3.918802057257298,-12.287774165586763,21.069854067944437,5.915499502087207,4.590023080681305,2.524326405051913,7.1640130772744115,-4.204342806550676,23.38187330607746,-4.7777063236870365,-4.317472845491787,-10.574002855903242,-4.225360924065702,1.159016495037024,1.4008595547301272,-1.0727362133821083,2.3141633508340753,-6.491360118578971,-8.92471300001879,-2.590884176946251,-3.7067815347081923,6.021721292826454,1.8788215519394358,-1.4182470493411703,0.00197790243448015,2.5948196582795036
1996-02-01,3.3255373742157257,-0.6241700644059267,7.192696964685408,7.936283630482732,-1.611133004926113,1.2952652472268067,0.7332144854951705,-1.2743868876521347,1.5001755131450079,0.12516418308679,3.94876633122756,9.381028555869442,6.725329429503746,-7.028675016479891,24.281454641529375,6.639623692750973,6.247443317811907,4.125050460328428,9.616816697185815,-1.3576339682044969,26.1561645702862,-1.4097008301571567,-3.663734041447342,-8.09669241501344,-4.317241018394968,2.157675062503883,2.7012476929792806,1.3429219534449421,3.1979693567712353,-2.8734402749681642,-4.809962366471099,-3.51850500036498,-3.7401304234945476,7.287085604079313,3.4865787366735512,0.07339416493874484,-1.2082622752204175,4.623398026719903
1996-03-01,2.8211058259866917,2.029286345493486,6.971353061265728,6.29256970469414,-0.8266340095206104,0.7216459949138665,-2.339116993805368,-8.816983733449913,1.8305900997253488,0.6726054531481562,5.245878950097005,8.68807251778132,5.791743899209778,-10.944552427386,23.357620308478545,4.536906733750956,11.252987059831376,3.9734754739193967,8.244417654785273,-8.059397785906341,24.098130495825032,1.524599090158607,-2.900171546094721,-7.540367429908345,-2.7140022525996788,3.2747325821215867,3.0356802827974594,2.5885679694874986,3.198804477349526,-13.52211372774268,-4.98937933288206,-3.6129016609160236,-3.9480578653605214,5.725854185042478,3.188414739319012,0.2883358708686501,0.022862141288038096,4.347552665888821
1996-04-01,4.427185434454639,2.236476439401014,5.251150409917615,9.097977771309008,-0.7499356065859497,2.1407207638174164,2.51090184012035,1.394560373065934,2.0049889930469966,0.6396229225027916,4.633989311861697,8.85998383385498,8.403279192212597,2.3844770062104947,23.249266378864398,4.345057629601579,20.238656132212252,4.82525956053379,10.497982067327527,2.903510708765733,23.978681717159912,-0.18267567164047538,-2.486762930501818,-5.44181292272895,-2.463538965824774,1.8343446469636815,3.629316998669796,4.000955630380099,3.494990627704997,1.6272124571959035,-4.24814326828945,-2.0694770524663952,-2.999885587887563,4.935075864530636,4.395391371041835,0.07162912977916047,0.045919931131166436,5.9258121095979455
1996-05-01,4.847644282520491,1.5778537419693706,4.792766398723547,9.51671895384234,-0.26148451892792357,1.8901920677274253,3.790760294553319,3.468579632357782,1.2011139164849194,-0.46718518494502925,6.136968554940547,5.738975727538431,8.346661007796463,5.097694932614272,21.857711907782008,2.9425292995700847,16.801915542011315,5.380604189122273,11.119326074293134,4.118221296404001,23.12909595627164,1.5698740027802804,-1.9022306597057392,-3.0425821163881928,-1.3477726183660832,2.2089088901923404,4.271470707845038,5.541320113126225,3.819327066892031,3.5548541407602663,-4.287513544185206,-3.016076858773209,-3.8476043929519643,4.2816568013505085,4.661591494286932,-1.1033010750285066,1.5998171637527037,6.2326063431045835
1996-06-01,5.343971738360054,3.2514564171371996,4.090088703410855,10.079510232370104,0.291190016342302,2.252064428682643,5.392027324969151,4.400218363909936,1.1177278038873473,-0.7343909873692489,5.75324586916055,5.499327690786271,8.396500860444167,4.855056062105811,22.239623094204642,3.2524633363886446,17.463741631827133,6.048625731277846,11.944422779083897,6.234532064370102,22.961710521680946,4.47745148979628,-1.3495353824160117,-2.1331738437001535,-0.2460614705904307,2.6719405150991804,4.584328297359308,7.025250504432368,3.7107120142948036,4.615168518559609,-2.723059096176128,-3.095975232198145,-3.934784588760354,3.549758581010276,5.110978907668273,-1.5643380889623915,2.1820144268353436,6.4219261925109254
1996-07-01,6.541289643603432,2.0213193061803025,-0.7310733770612421,11.898186030510761,0.743043897205653,2.2818511351796245,8.128280024399492,10.716328511108685,0.2164327757962381,-1.8190346629169851,7.268987141244487,0.7713470565927194,10.124814972994201,12.319160587165046,23.466111516504263,4.267491079296737,10.68600226267613,6.512384934383975,13.348452867472037,9.03780316504037,25.198185594980703,2.9445093983271775,0.26906867519842503,-0.15291633292070506,1.6442896720239686,0.0019053934065649258,4.660716138350374,6.940350794367811,3.84846946748445,11.11882300435527,-2.3775631784994977,-2.5819453717940144,-2.390319776750993,-0.1304575200350655,5.568536043472649,-1.985427950231522,3.721345605473547,7.3048918322843015
1996-08-01,5.7826737125845185,3.489990656997999,-3.311593228971399,10.268756168384785,0.7986807859654776,0.4699297802355451,3.730684988266697,2.1930270301899313,-0.7085772533252155,-1.910181924128307,4.349424386646228,-2.9184840727592087,8.804540186351439,7.554763571120637,24.015376712617154,1.5080226806611252,10.835856037672386,6.196970669405055,12.477862883911417,6.065736455107351,24.443212082623035,4.29806350001789,0.7420576640643217,-1.690779074817872,2.9050113584438986,-0.29668587533656643,4.4783557674116015,6.8061569595282645,3.649188909341916,3.107013957058613,-0.8429476032284611,-1.6428153756193664,-1.796485304274431,-0.5297177335460201,4.720645436557502,-2.2642352661285337,3.5691302576115413,6.562213236261728
1996-09-01,5.648097973339117,2.4041720075152373,0.4402691298781569,9.778011197914216,1.1682821302337665,1.317950424473091,3.8845078703608316,3.3404300390293518,0.38057623170792976,0.6588815488400401,2.8494318053656986,-0.5091624356507896,8.93639176086143,11.00172833409756,23.15473374606636,1.1707073231691956,10.423101192255313,6.161893912401606,11.348323815110684,4.012735751109386,23.571461944587213,3.5094782167299776,0.7784015278661904,-1.360078233791051,2.562867400778268,1.7329829910451178,4.406020669341082,5.492047583727122,4.009074164396731,2.628292461398729,-2.1752460963767706,-2.2532340354991853,-1.6626121449711095,1.6883837335851526,4.952801645891314,0.0015637356303832561,2.800650274781824,6.58890399691671
1996-10-01,5.74305671429598,3.2985007353987683,1.3699673478011931,9.622926659845476,1.3228692886233073,1.703279573571792,2.931920778644659,1.9024750646472244,1.2570351112761724,-0.5434553604902526,4.042410274176311,4.799291802670469,9.270319964401752,17.037097705035432,22.694602848463184,0.18622530274059468,9.57716234048307,6.248733871315082,11.259190385178307,1.2877092269487411,24.592437058019524,3.5154700078474432,1.3430730283881198,1.377180382636789,4.266315909969554,1.5999866592950607,4.567012744565169,5.753568632048811,4.134811317936005,-0.14924235973236,0.28436677424177326,-1.2728802215413393,-2.2664196259023828,1.3169986404903744,5.168722601692299,-1.1485169792693872,3.7523943239327284,6.823314509506538
1996-11-01,6.603796596939504,1.8760992539749166,1.9070020912453023,10.400621657516762,2.2136918731850974,2.728254968024957,4.47781044835478,5.365648090346298,2.094669584209452,0.693914768295345,4.234734658320383,3.409602239157339,10.47982319388765,21.941436404852332,23.480090541014455,0.018768212574715726,8.701460488140711,6.581576608871331,11.547391918596972,3.664987096298966,24.75007159407463,1.2150899633915246,2.0321851568032345,1.4315264592665633,3.34307685195836,1.6127916096390749,5.18066033204172,6.458922565257108,4.7152983567412265,4.4811093731199625,1.9420297837055678,1.8189318931893128,0.7052485254965379,1.8450112923115158,5.855898562613082,0.19528844237310938,3.5582189715388512,7.720363803701623
1996-12-01,7.170140061319041,2.3350852654035803,-0.008066681355245464,10.755663214661393,2.803654514840237,2.6939799547923915,5.520138771036853,6.585384782541204,1.6640871589261197,0.37272601448083975,3.016837466273503,1.6306188358728324,11.379374134422605,25.229980107768647,24.748252436743144,0.14699788875516262,6.505466443220809,6.948514155201968,11.879702113066637,5.389943484961246,23.12219837712226,4.773423498980356,3.975559047739896,4.400363627887449,7.294906883873908,0.3338219361417316,5.428153431170846,5.510962981290524,5.397146125393482,5.243059917095838,2.105847304164965,3.6405205768554216,1.2883498274601557,2.133743189260673,6.165643121709419,0.18256549972115454,5.27431833711729,8.290715255307044
1997-01-01,8.03005473770102,3.56879830132375,-0.0378186850550577,11.64218083194093,3.5324342972845146,3.6529315943106377,7.860393445854252,12.191439510275526,2.156934865900384,1.9168897714287425,2.653775871344344,-0.9432480575116919,12.924336962966954,31.04485560991006,23.800974409103826,2.496585142127894,8.778782729154422,7.368617827704904,12.040592430060325,7.811238468577142,22.677687181205552,4.521264621396992,4.613435723193859,5.862458784738567,7.444950802467387,1.0011320807695734,6.254515667352356,5.874481297147605,6.40123145722038,11.727826667325857,4.438791460432379,4.6677625339824225,0.8432103750504627,4.330664510564297,6.946049233947327,1.717977098193546,5.3966000529627856,9.45433462092759
1997-02-01,7.949369124278838,3.8948669649164103,-2.4341554359232243,11.04330622754317,3.958656061651422,2.7939227412316248,7.025510746898411,9.547239064278589,1.2597810500939444,0.817858121656112,4.342772647566662,-3.533719759381948,12.016229969523584,25.370025702384112,23.82982438824397,2.0032863341631124,14.237382549785792,7.410979761945691,12.147573954233648,7.261496824322844,22.03153793976935,4.872107186358088,5.554029663344573,4.047468076145155,8.890400874228966,-0.02161656511515675,6.616237701387284,6.856148516113136,6.5314612831189445,8.510827002984467,0.6759038141602058,5.758366749892807,2.961288275424412,1.9227705108912474,6.661807501031536,0.8059563152554627,6.902787775378361,9.205422573285313
1997-03-01,9.210715374378765,2.8394618229335533,-4.297839624635813,13.235170089729342,4.290110240297951,4.155103031985008,12.12661339065666,20.72792740841818,1.36869765580665,1.7657544909922107,5.026641063904003,-5.817489395855802,13.802591927808084,33.61381122450944,25.358835515428524,3.4320149313001425,22.110817514225033,7.910993503426567,14.076031848933667,17.100756317203935,23.564087601672014,2.0034255462708206,5.393798010756368,4.139415476371555,8.708424968097539,-1.4262358992416568,6.430915924512903,6.484117749003504,6.405869937628372,23.92931627678372,1.3513887012173376,5.166372026599397,2.077700298847307,0.8835301688710384,7.470272474009643,1.9910523558099191,6.985161776170057,9.979033604566903
1997-04-01,7.848160378046831,1.312346570397116,-1.4174404267184082,10.873341331948483,3.9427059939112663,2.2077850930195764,4.4721266803768644,2.782447044479941,1.3851228297381502,-0.0681571957688587,5.869635387946692,-2.045661823209377,12.274542643648555,14.50415242643417,27.714674135100402,5.047362648319864,15.762782110696637,7.428842372432265,12.707858340233047,4.254150968401538,25.214791576985895,4.636839558312422,5.554634873904507,3.96331085494539,9.660977513748104,-0.9966233448911122,6.570097414431286,5.663542929339549,6.901805835694397,1.2349083513585546,1.238876555129842,5.294916654669279,1.2023086843015784,3.599829093156681,6.536171976339267,0.30406544261412094,7.4822874661841565,9.318196523790212
1997-05-01,7.753897020981992,2.973445293175603,-3.7403719662721713,10.907334367383115,3.6773322210967407,2.826497028944863,5.1840553727043215,4.786692966346995,1.9640402941256685,0.6003218220076656,5.797323373379526,-0.14219622319745495,11.919745222929956,14.333684706007155,28.656371897325016,4.725308550038232,11.497089014290296,6.864660314652005,12.60560114523055,3.6809577242752134,26.320743753631604,4.014401283213598,4.678458769570182,2.5193132270728835,7.777468521203135,-2.1024050039719966,6.008566855995223,5.098982153156317,6.340985196403293,3.0314956671373183,0.6807754467397453,5.6782196461028,1.1931751323789097,2.914016034695699,6.331688761977006,1.0793378885791682,6.276773829322346,8.855430408175096
1997-06-01,7.417065535274925,0.783355410405151,-2.9148917901726246,10.817158867128619,2.8125894982174326,1.975892787746436,5.035951479224976,6.573739408662682,0.8076326432155057,-0.9959006251277769,5.867768228149295,-3.246981297132312,12.14298989173541,13.520575419039416,28.91126845005281,4.574321579661755,13.760131135597863,6.801759562091636,12.447421592730112,3.6578970960084334,26.550092243522894,3.1940252435176397,4.360973441922922,3.121703899866457,6.499306913021585,-1.7624963883270617,5.4578402086772115,3.2697574921529915,6.274690283679818,4.945240541644469,-0.2857625946512399,7.032527483585338,0.5499194083625758,3.280270671964658,6.012329789391524,-0.027181146617583085,5.5567630304044435,8.692170589838568
1997-07-01,7.771557335874002,1.2539983387103382,2.7037608359773646,10.777560080872073,3.537938174826194,3.472414682350733,4.693237240222414,2.8817548839490614,2.9987837954740915,1.870070103253596,5.139329655507385,1.7770348531815028,11.627544766553545,9.831878587717235,28.795469320919608,4.228808946508966,18.370191414235258,7.811272816557091,12.819689928009105,4.289393217644943,26.00988724477704,5.6227285434721885,5.026449937481958,5.395821178529747,7.1205242124486645,0.7095549847952576,6.137110130725887,3.73207930706152,7.039005396224751,1.9609744071996005,-0.7097790581231944,8.971666436108006,0.4686804302486358,7.606848130520394,6.901473595485519,2.4654537326675996,5.31564133494169,8.791383409552324
1997-08-01,8.593502668994324,1.1375418601427434,0.9502349066530913,12.01120256886492,4.002168128510908,4.734978841472648,8.13334924413236,10.43268883049253,3.436686506239073,2.879410489624279,7.361683377267925,0.27341223730079633,13.213632275870623,16.308180621794133,27.57869076760633,7.529118136439261,15.240580853678875,7.903309149037119,13.224277065951417,5.798042802941938,26.656140138532038,4.629732906624562,4.960484922888075,3.877423674465841,6.630989371519136,0.33997036932342795,5.587331172100662,3.616316213714943,6.32236536313624,8.382022182358062,-1.4708794888735444,8.237377656512068,0.82519985308942,2.7154034618500633,7.421174007233544,3.541521164954009,6.0926802052393425,9.301764567480287
1997-09-01,8.733836676702754,1.6650605907844396,2.547510220773619,12.133477997146592,3.956626836166488,4.46109219696833,7.615412780270447,9.156574624092295,3.2527986053381364,1.5002984550937404,8.486588378751513,0.39870004567477135,12.949402589419478,15.930677055363663,27.75074069001913,7.512154630617807,14.605482789214875,8.65383891819489,13.749803889666868,6.370768184238029,27.668308702791442,3.680499188311681,5.6670590825126155,6.203370781383488,7.4227759559175155,1.497749702008111,6.217285912187331,3.724823229568508,7.154765868850599,8.265433333191496,-1.0401904138958584,9.541665881525319,2.441541661414326,4.941490026235784,7.7307713474798145,2.309378022709563,6.921210641724063,9.490660096551512
1997-10-01,9.777083873219006,1.180403013472442,3.3140407132452365,13.918706928441281,4.134882447287103,6.5529016071442125,11.239625214847425,14.83565435648828,4.806107190216902,4.889253896400891,6.006770906941772,4.158716358155656,14.24909680165596,20.798350440300297,27.055102554793486,9.332723676232323,11.497898185408474,8.79992793712514,15.16071870744089,11.472609936611411,27.864161022608023,5.735093696763194,5.113267991304671,4.701914806934959,5.870094789871416,-0.056057633307315946,6.888039610257857,4.167367827128476,7.916132038442747,15.958389064935918,-2.2400219258616794,9.391986864528,2.102654867256648,8.076920946514822,8.653836077256006,5.44311737956773,4.919354838709666,10.470034330475208
1997-11-01,9.833408546313184,0.9664708600853,1.4003904133164546,14.576276348426953,3.590122784145078,5.401054512694037,12.179752788122645,15.809699198299887,2.867647791472794,2.6110439347625247,6.166302996883122,-0.025225166139242194,14.632942309415697,20.00659439005816,28.10983166374057,9.726035514646325,13.867798629279736,9.322242457055685,16.21493387106341,12.376943013255314,28.628744045786767,8.731007002932856,5.360028901184566,5.4359569985414025,6.208545201854165,-0.36221054370677574,6.239799052895401,3.6335967797358926,7.224573860403716,15.63164880217196,-3.3641984572440498,7.437965793706325,1.7960055837602962,3.788470381445519,8.512624010737335,3.342601885151919,4.992619605800108,10.3501633062573
1997-12-01,9.438080750922829,1.3110042672354716,2.1206246764036596,14.078661793082237,3.3997848482792747,4.803770039381727,9.98109339128086,11.463446956182356,2.829971930034869,3.0631669099546954,4.783608897424263,0.5634173246039875,13.719619399891968,15.828416321537597,27.489921614309566,9.558570007191335,13.524448906804952,9.29789641424823,15.834804441896399,9.798794572404933,29.42681071603537,5.209807886754292,4.848672599601955,6.123852391669349,5.202327442766053,0.6917193131335209,6.6741326001829915,5.3589902751914,7.161473805958929,11.732409950517031,-3.0610293863036486,6.209546435237945,2.0914819643633065,3.519993492540152,8.280957988374027,3.795415394471857,4.0154062621702735,10.12435062489801
1998-01-01,10.140337272713529,4.42219826242749,-2.8241076127858755,14.812101958651258,4.2955676493699135,5.487483954802386,11.001848437964966,9.571998324666398,3.393371678663337,5.246911585727054,7.185687140911234,-4.380876510458154,14.820505553027875,15.87036855850501,29.322868332887687,8.553418741062814,15.738581254673756,9.232246984111981,16.18416344976932,8.551026943960416,29.47799696509863,8.506642314385648,4.775135875942205,4.715100602457878,5.111117640919738,-0.2005416013253103,6.587660790852801,7.150973864157395,6.371504008837792,8.95607419514528,-2.8547985169877887,5.26719539966054,2.5210413918723695,-1.2432803279319504,8.58347433946034,5.722563477376963,4.905617888501279,10.64499315270643
1998-02-01,8.794143279594579,1.0548645129707879,-0.5756776494872717,13.249579154903746,3.10928740680807,4.695176728208894,8.756767634643502,7.089539578597348,3.1257489813853345,4.599046087162995,7.857410123304942,-3.9049597440132144,13.60944747317092,15.519216947674774,28.051318996305884,6.087644329548869,15.9064344259356,7.86181783252049,14.183184040212481,6.531944537541556,26.837222572013218,8.11240721102864,3.152240581380239,2.6000195724313446,2.6620094811296457,-0.19572910990036663,5.7232914136199575,5.79340410142124,5.685166734388303,6.549976228716536,-3.8885568984231234,4.214931708567571,1.0331836077446255,-1.6842057443374303,7.476143150007708,5.163635065182892,3.818960966627727,9.611262355723056
1998-03-01,7.574654669129144,-0.7063183157789976,4.687428658162629,11.955537924725345,1.7235617092384858,3.9808068612348535,7.454375298059057,5.620846605220242,2.628046415893559,1.396503142607508,7.148428007975349,2.7394026685870765,12.209425992889479,14.761652114739165,25.13253408767755,5.554542400537499,3.6985655778510873,7.340890843161874,12.522950150815259,3.984396833893067,25.266485475818733,5.855764175104716,2.3051205349287285,1.4795701589774612,1.433623721227617,1.8950561921031284,5.517051834081488,4.12694722157636,6.042236952997659,4.582483633508483,-5.037746740054283,4.611068238784899,1.2500580882011336,2.3469165691901717,6.835942439493192,2.1530659289995313,2.9307643560595897,8.818634224108685
1998-04-01,8.115129790411446,0.8252136581583525,1.3396421670675007,12.077202616490347,2.849186152590377,5.689416344538967,10.491634491634505,13.139381589803346,3.841125692330727,5.89361955100145,6.816909042596553,-1.209227006414182,11.375541467052974,19.10309993944854,22.19866447957748,3.196901814868247,0.1679436021949865,7.056335874779673,12.242342655318161,5.951766970544448,23.81147483081618,4.878705066218214,2.497252468160971,0.3318437237290306,1.7320695603894487,0.9861742241129345,5.565569286818173,4.691655181784649,5.894161169558787,11.288739068503094,-5.621379953408267,4.59468778237504,1.2043418466057165,0.6774910408616774,7.077008185695677,6.20245875744696,3.1112949597351003,8.42969210904496
1998-05-01,7.939833165782484,-0.14212127832571309,4.807022347611589,11.830942243021703,2.772004099577585,5.260029159809521,10.106787001423424,11.601617830756684,3.3920158690800895,5.861192507568536,5.75957963406768,-2.4153304118794128,11.145099422925897,19.269240247597217,20.10384493095929,2.626289441747587,-0.03877782977869115,7.486023885144366,11.96297158409283,7.750629805253673,21.90820522727901,4.579397738796653,2.396908884184845,0.00044118555382333113,1.1825469628684138,3.4932491325432746,6.045212493220675,5.560171587571494,6.220943103829968,10.137795275590555,-5.048012184489736,3.980046573755569,1.6946261899593695,1.6114767941481034,7.188999827918208,6.084474796515282,2.757348030421647,8.556176683096096
1998-06-01,6.466006430805726,-1.6473294205624267,7.000993719545079,9.069703947212693,2.825938697686037,4.295040922801596,2.9320456148768548,-2.445868973588461,4.758815337219979,5.264770897045512,7.890394530209854,4.975383112683307,9.77114567606474,13.621902210314808,18.437006893115203,3.8806252960682075,-2.7871170882698193,5.950711966810096,9.117785559257463,-2.2545283083692302,21.66354277021705,0.4761152980082839,2.6753561741480913,0.3784004460033241,1.8544257241231765,2.524446142093195,5.911291029509447,5.334481990920437,6.128547938942042,-4.730391265643963,-4.760980915441648,3.8657703923941966,3.592644978783577,1.947141762493021,6.058575229559682,5.383667329153186,3.544944184605181,7.812256363531269
1998-07-01,5.205890606801877,-2.814483616643726,5.0906768929951385,7.482442812724921,1.8475662600116127,2.4293993307052286,-1.2533455186369835,-11.754533452194227,3.710364317263326,3.4004056027199026,6.127621586358245,5.084628390296686,8.690708070790333,10.039864483666161,16.883330724007052,2.0708710761693228,-5.052071067849373,4.463610014442554,7.656567714021811,-10.170880658300907,22.643055798143187,2.3473945409429264,1.4478552327924055,-1.158586688578478,-0.5205400973913754,0.6462842439836525,5.9034518655016965,5.882694316555104,5.910360513028956,-17.00099701439014,-3.9961833069407593,3.7726050478355866,3.0602010589415363,1.8793007302034814,4.755871384932742,3.7549535574722848,1.4243534921604573,7.26720507536876
1998-08-01,6.487813410662402,-2.468463120882314,4.877002944778752,10.2759593297163,1.3910604466933707,4.444330531064167,8.190926462644699,10.685466815481481,3.0217994919359725,3.0514451057253256,4.899945894459212,3.7355342432711547,9.428892297578596,23.031386205472494,17.37290729144767,-0.6115869945657049,-7.839019316102025,5.456676342220557,10.220616525449323,4.157019489329206,21.725872449112572,0.90613135214479,0.9073796556891667,0.016661843501442064,-0.9384343638678017,0.1725534387435168,6.0351913395757295,5.505988110215787,6.2361143282189335,8.244455305602138,-5.52314519296867,4.242045802762506,1.9554349932183746,5.876020222534772,5.865515150473688,3.290317123249298,0.9739519529195606,7.708670312937089
1998-09-01,5.460025968114168,-6.178762695798934,5.477926032058744,9.702443171948483,-0.09978724606027889,3.031123221991683,7.746940206585062,10.157231599795736,1.2477404856123808,1.2371961945071952,1.6228236423824205,3.024852244778087,8.781480020136323,21.751065550180225,16.681570030120476,-3.8180848912663823,-8.151656902173565,4.553116927189738,9.649911456204885,5.029374317196278,21.223980368928764,-1.9922528032619735,-0.79527544790855,-3.5292245084079354,-3.1082808763968184,-0.4445415119653018,5.102426643876412,4.720201160689519,5.254040825455264,8.805031446540879,-5.945353786647822,2.3864952579731424,0.6983165034954331,4.050593395662361,4.848836473856544,1.6950114740245992,-1.201149177821148,6.911632184164377
1998-10-01,5.3971207097839535,-4.379523110776706,2.5387873548589956,9.850643054187923,-0.3596919609316407,1.9457522937343041,8.538351536283418,12.694843543293288,-0.5297567541582504,-0.8130199184701481,1.2615910126159147,-2.118420625142148,8.75074650153067,22.56145371066438,16.705581312732164,-4.830351298276236,-6.536701863604044,5.008831240513323,9.814412277548378,6.325615406148066,21.11558738684971,-2.284646306783855,-0.7728101444937296,-3.057108393104968,-2.9776555988182185,1.0876732887147078,4.419224045240777,4.968973610939531,4.207713094905108,10.577450341593075,-5.905132774988797,2.6704645596320464,0.6641088460531019,-0.7669727638823232,4.637794383238925,-0.21659688388281362,-0.8516405020705053,6.5518035998211355
1998-11-01,4.554229696415546,-3.528448918419458,0.02513563257813267,8.267778744216736,-0.4705462469005828,1.0925570800020878,5.96108125187047,8.530527194776383,-0.7448735458499223,-0.30343682459950116,1.46669750606645,-5.07179001310778,7.120634323315156,17.608932290848966,15.641532058968766,-6.205108818923155,-8.896599216018652,4.023122585996819,8.519619060161832,2.5312467760382207,21.04857550782011,-4.994416570988191,-1.3038691980076456,-4.943917133134368,-2.7249576383243435,0.14315785210059495,4.393011875798991,4.848611163742467,4.21612397605462,6.148546615492045,-5.90551975935012,2.5804239757728276,-0.9553213005240146,2.4598469247981036,3.741486019967022,0.1360454465329397,-0.7200890732030008,5.73032092782919
1998-12-01,4.676599498368184,-6.2339877534704495,0.6765536090326485,8.58495101516743,-0.6082987318517974,1.5703274175834059,7.3290773127460795,11.5425167068415,-0.6022925976296944,-1.04798947202277,2.6795290636750346,-4.308027864496388,6.517079537843928,17.24374830054394,16.177453781887152,-5.82390706206054,-11.127171445166063,4.09913144808336,9.274226480802096,4.919227283228778,21.443712197881904,-3.1570601379111496,-1.79695404202741,-6.15548393069032,-3.4545208157892304,-0.5883065401317555,4.099189511928669,4.813339318445364,3.801046998775992,8.687751188235037,-5.371422714163465,3.4174037089871545,-0.6704624062150666,1.0288391901820182,3.7695732652959,-0.882917880651779,-0.7531571102036949,5.279135075973334
1999-01-01,4.181048868244552,-8.793973737914207,7.262444272502844,7.7382301821204535,-0.7385290807452205,2.2677051983242213,7.240253889433945,12.636281479379786,0.38595846351774377,-2.095711563612246,1.020857080008808,7.485848096385261,5.064407792595871,13.31914744361693,16.77896754545145,-6.974389304084438,-15.035184237461607,4.003160816679396,8.66294108875909,4.728946004581336,20.508793724460705,-3.2878648331057247,-1.6332491175258368,-5.746506163344566,-3.788715694496647,0.12345366372488176,4.416797626170621,3.5852496837091685,4.7364068244023505,9.514913534244895,-5.110177497763302,3.3797547526008165,0.6777506337159789,5.975528149615306,3.763083805136991,-1.8095297594529325,-1.206869136587696,4.731078968204717
1999-02-01,4.958241045987921,-8.207967777239533,4.321031122593921,8.327356749972537,0.5184686957009133,2.917588634019852,8.68194155710249,14.448184818481845,0.7437104177560938,-0.4277367344087679,1.9528874622431802,2.809573361082185,5.355141962440602,10.611749496721522,17.787534983492815,-6.35297326786689,-19.075076561388315,4.654228583842368,9.279750252359943,6.076274776156443,22.722848112311176,-6.975096724974106,-0.4198273842772049,-2.972889777195853,-0.8924115661235743,0.12276063197020903,4.2011029727694105,3.059140927443571,4.64547471227803,11.84398097066972,-3.7586364415005957,3.069671123009954,0.18301889670109261,6.311470619812742,4.225398806274816,-0.46644582289064873,0.6707983521301086,4.760855739568614
1999-03-01,5.143670967823066,-7.570425541846603,4.335387531473067,8.708020762376666,0.5012672486623515,2.7070908483032285,8.29081533339786,13.881618299536601,0.6007053443398025,-0.9373518455807583,1.1992830050407521,4.126556382857216,5.071524642570213,6.6818174965703525,20.317254511702675,-7.27185101662241,-16.875020003200515,5.432795517450906,10.711932777462142,7.383297839629188,23.62587902195823,-1.1840766525399893,0.24170332953126206,-2.8148128764386993,0.4648826466793432,-0.34919987028646515,4.055865831546401,2.791113095902653,4.565261610533633,11.83919399699953,-4.237841114860286,3.7416152478112252,0.7565326479407553,5.3143293797136115,4.425125461604007,-0.9391850796373058,1.3306059421031025,4.546740864102759
1999-04-01,5.0358631737998705,-8.461789007737874,4.594452094657409,9.205736634742024,-0.2287538981531667,1.930152542709962,9.234829374138886,13.700080579549923,-0.8015069098737171,-4.330118730708299,1.4182358771060333,5.171271151546053,5.146634590618282,4.817975867341073,22.984889197763714,-4.634841795437827,-18.330398164815666,5.694207170842369,11.436456607107171,9.061521954496987,25.228124227382498,-2.497454440498059,-0.24418154131713443,-1.0041453519139099,-0.0925844711477497,-0.19299085434985042,3.9266151784312697,2.6838357993102857,4.426911340550954,12.346445490380065,-3.0339356686565733,2.529199465742149,0.6157342362054674,5.742061298323908,4.307254602909483,-3.9321232220689173,1.1296841474976338,4.514199564442964
1999-05-01,5.311902695276549,-8.694480282211137,1.7206691400386331,9.12635401763957,0.5573419078242159,2.500767866520026,9.510245306435007,15.536670953399545,-0.12566549954434736,-2.2725395859267805,1.6888642065908455,3.2976834036984704,5.310743865128842,2.095520537705653,23.921167269005593,-4.193381497015947,-15.987345497351392,5.436410311263229,11.481652065721848,8.03304897463466,25.663142484133637,-2.320064753448048,0.0686081571487751,-2.111063561322324,1.7777252212302086,-1.811897106109317,3.257997946304836,1.6126817928042492,3.91871405788895,12.76825473978942,-3.4120554056392693,2.561843481424231,-0.6914058331173312,3.1255693726971234,4.27940147673862,-2.134636926257716,2.252797248247651,4.245714891240235
1999-06-01,5.839129785422004,-6.404651393194561,1.5078480419786766,10.790819353326398,-0.201776756438643,2.610229488765814,14.164745573408833,26.82311739788934,-1.54349010350463,-3.2854703396042684,-0.8113412880407234,1.0905263899087636,4.8471208984669945,3.2670612435040214,23.850594862445362,-5.21131641829159,-13.690075895859355,6.791073334267583,14.040734743939588,16.834394078412295,26.596409752612303,0.6500057888556343,0.386789645938701,-3.083577141907534,2.6828643493339577,-1.663630255816062,3.4602421172294173,2.0979599338357025,4.008666266908167,25.466841199071567,-4.733040659430554,2.0654541340197508,-0.4900175981552124,3.890352554197807,4.826418688874012,-2.9176972281449887,0.776527203308941,4.123438967659141
1999-07-01,6.702850849576536,-4.394411585362312,3.399999084576022,13.137532932454544,-0.8069719383222873,3.0560940150230254,19.113685943857185,40.385027285020584,-2.474323062558348,-4.582414553472991,-2.2935294117647054,2.0046974800468798,5.717494977503046,6.188702127964119,24.531826989028048,-1.113498730220741,-13.992214681869864,8.689034711182476,17.133853747011084,28.469060569104098,28.87937015694955,-1.597730689036514,-0.1101311644113867,-3.2124121093322633,2.743412038048332,0.657548460832813,3.3720112169165484,2.1850735361286233,3.849078503420822,44.679945731600526,-3.9435133236426223,-0.38089412811388446,-1.8301836973331986,4.722414071324832,5.839978413843561,-4.331658462204979,0.1774761842620487,4.490067104146046
1999-08-01,4.773754796550267,-4.656527117197173,2.6486756046127935,8.820121185044538,-0.38411573939943766,1.4331288343558235,8.686479121549295,13.390884795171697,-1.3160535596524858,-3.8301133326260506,-0.25396887655543265,3.159988475127995,3.5748167097618744,-5.6121112465625345,23.42472865949743,-2.5911441439771754,-9.618750312529013,6.529321866688975,12.431555846359487,9.774254292622597,24.999107875673566,-0.39739297207684876,0.55148556991369,-2.8210816118963256,3.1637247479778363,0.17426502345296857,2.9162598498969405,1.8005388872706085,3.364902324476815,11.675247698741709,-3.2747187425391844,1.5579935217642005,-0.8863684738650512,1.6499826256880734,4.109544569149426,-3.5799827275937335,0.8942127545987777,3.230099375175728
1999-09-01,4.42230576721363,-1.7200033076986587,0.36008440079511317,7.582161613327543,0.2195627591405902,1.1989412973058444,6.383921594653086,8.744192777704196,-0.7903727007778305,-3.7320238439772724,1.0602956096202432,3.686213127688287,2.868049223734359,-9.170614860065662,22.374598052726526,0.765452390963639,-8.28368976699666,6.056840342547054,10.902210102616339,8.31442529680193,21.65500392635895,0.15975770082041763,1.6215623972827942,0.010702102517234913,4.5395804395845785,0.07910113035640709,2.9194346429064266,2.1628777503880148,3.2229987403856075,7.171916255404409,-4.939257687953036,3.9600134408602106,-0.33833581548097236,0.7139497336672518,3.7444563415508503,-3.3875178742426293,2.0887220361796466,2.895099343219772
1999-10-01,4.98303543708698,-1.7080911203473104,1.0727804552167486,7.570855743044436,1.636238536433643,2.5594383591276637,7.401489494382374,8.01063986364261,0.6949612890130297,-1.1016136813109978,3.1079504084421394,3.2416160589700427,2.2261470550767104,-11.711800838049014,21.373946456498395,2.236360683613703,-5.813152265973775,6.4772752658019295,11.276335695699856,7.985286895859556,21.594836731481305,1.3174274714131462,2.629004981946159,0.008027614995587129,6.0829267259763675,-0.10447283706235266,3.4860528410151526,2.472343430319923,3.8880985281601,6.844841165660287,-2.849654413714753,2.3828246134762754,0.053574161947023136,2.8476987933917286,4.29950432876991,-1.0415343852708592,3.8387659449679923,2.8920992536382117
1999-11-01,5.480766782641244,-0.9693942143978673,2.2319294970026826,7.730393721407958,2.5676836115540835,3.130569086372814,6.228502311985773,6.558332769341657,1.9352005465014255,0.44563307900049587,5.087931534377788,3.3053051536499733,2.0631270618591824,-13.156372438865404,21.480635927554093,3.0631045601105633,-3.090385789458372,7.397590140218857,11.809823163636967,8.682410245479954,21.83502100938888,2.552747680260903,3.7493485952513783,1.6053685969419806,8.04018329575924,1.4562014641643861,3.906073827148382,2.871496467101564,4.317543073601904,6.076218668343025,-3.283401771921257,4.17543976916992,1.8478555130138963,0.4371471447268016,4.884601547870515,0.2695612825328375,5.775677465755935,3.0431453411722633
1999-12-01,5.532489306648358,2.2288268713946513,3.7537769657789433,7.149616035139306,3.4684370343825988,3.93974736592404,4.893992105961087,3.72813182282441,3.580922595777958,2.5965945642747013,7.823008778722951,5.216017279259577,2.4610485304490393,-14.910844831353042,21.697522049200945,4.070194869052957,-0.5102002926039351,7.29555802577766,11.056998799663354,6.1421227365889175,21.339776966308733,2.2047452468967332,3.6077022665523817,0.844733196131453,7.445100915260472,2.853984575182955,4.429323154123277,2.6998813337021366,5.125807695477302,3.020183893585915,-3.912831546865847,3.2873719232615395,1.6492052437839133,3.362434942671766,5.216917187508963,2.331690832406119,6.716778153230818,3.5121523551279887
2000-01-01,5.185160805481059,1.0324523105938344,1.2233172231935763,8.401136283930711,1.0972947140568179,1.3208709339955549,6.056456949864231,4.523546019725,-0.49047004182003473,-1.3871540607521493,2.42589201761767,-1.9678891660740327,3.7337112303168496,-12.854992565690749,23.25485964722254,5.680515552301779,-1.1896067521476983,7.310854846607118,12.23558646035623,9.523115845938634,22.249056652705555,1.7010516636974948,2.522883555717459,0.9827832602256725,5.217385205602421,1.7274848402455856,4.144452659843556,3.6641221374045907,4.322485467009574,4.820179067670716,-4.584603262777732,2.3717411455182136,0.24873729690257917,2.036968473585965,4.620955049951481,-1.0476652647471218,3.134908499782707,3.9525005308922787
2000-02-01,4.44329683949598,2.3506158119898535,4.266697391636298,7.474315217057592,0.5343816507281662,1.4942942475508536,4.058248085644944,1.7672401363408197,0.5171386277563084,-1.3964255796775515,1.6377894242803448,5.847982238474603,3.1939518913833176,-16.528640799639472,24.328296019268493,7.753925024030761,-1.1131243167205596,6.663580899531207,11.345385970659327,6.7409244157657255,20.847724895480123,1.9866607529896108,1.6393442622950838,-0.009383629587933484,3.7202689493794683,1.9277245637787654,4.073930338604836,3.6523703650577444,4.228068480133995,1.8217878372199348,-4.21575849867577,2.2844710361707765,-0.37678688324935816,2.3159818986014935,4.313335681097841,-1.0510100740898642,2.072956124914249,3.6636482128830163
2000-03-01,5.064019080708171,4.197352942987886,-1.4970800668381634,8.022574216328238,1.4103713666592022,1.1900004873056869,3.489432684722593,1.087075723591635,0.31685800138685494,0.8535555347527923,2.9377226288801017,-3.9809715196106543,4.251253382752718,-14.500643559750959,23.71285701504111,9.831821524883555,-1.7102770633441566,6.626046244787975,11.530329968535424,6.8614371072050595,22.120156956463568,-0.5456240625886788,1.8016309501232675,0.22169068315733842,3.849886768036237,1.2306915242481953,4.587218271255167,4.757249918540252,4.505523485215379,1.3497863000642818,-2.9829635380396513,1.4982305665494522,-0.34240075312983453,2.5622615033616736,4.447293166354416,0.8820268719341717,2.3491925269157887,4.430607941662904
2000-04-01,5.306037116153717,3.2921876795309,1.3303186574602721,8.060759533759931,1.9175159325079294,2.0321356448103955,3.330682761022974,0.7215985410539805,1.5481495834140713,2.0134987207582666,4.564599192815466,-1.488858728075415,4.799185744153656,-15.007322722680572,22.02358259617563,9.20322913552145,0.8657319732005009,6.561443583873383,11.256140817849891,4.901970028906599,22.363021708162357,-0.26971022596453675,1.8986198424741474,-1.0570956375315688,3.4044130557777663,1.538329496344737,5.157274109070498,4.897844948222785,5.253572064742484,0.9436499371921148,-3.6343270579059506,1.762243964633159,0.5501590959382963,1.9282268336960673,4.828026846244748,1.8795807781627039,2.8627253619112336,4.990837461222382
2000-05-01,4.4364041968802725,2.952877718723812,6.019019620433141,7.6694886396379,0.45137311966485516,1.1918455723855415,1.5358524649291772,-1.895262738096426,1.0834277810861215,-0.6264664060649849,4.846889018919454,3.2866681999675684,4.566069064772682,-14.925428216324843,22.8421235339334,10.23499802320087,0.28103081785542106,6.5525374724187735,10.926312980833375,3.941354426548993,23.47045399951957,-1.3036772065700752,1.4785746504285102,-0.6918216317075121,3.293894386243479,2.6418573485198715,4.540671011344433,3.103016546419135,5.130763627655455,-0.6491297978975963,-3.8582584415993715,0.7215894920608479,-0.21032431395126006,6.423038693555494,4.451469064576807,-0.3587772286289481,1.9586943341612706,4.552497458170999
2000-06-01,4.842335670497544,3.238492158248052,2.9646794323738623,7.628362688426771,1.4021884623665049,2.1951433672523724,1.4766655313661392,-3.437731007659628,2.5053874080257943,2.5402044247551547,4.578716901284263,2.106403541394841,5.110295149502786,-14.217002399473655,21.597184214996123,11.612400415656388,-0.3363121740236674,6.108121407887346,10.902205365602446,3.7978465486995683,23.63962375073485,-2.3794656062050112,0.3969750857717669,-0.5947331371947251,0.8002379604486798,2.242397683344044,4.158955971933076,2.6002898211569425,4.802397713807749,-2.3122683281318723,-2.9371703154700946,2.297468073785036,-0.04573658774564837,4.219971413950696,4.574285752844154,2.1759613103866426,1.7295302741793916,4.601560374046404
2000-07-01,4.4930330467585655,2.2239918440218,-2.2534790427444995,6.613104747463416,1.867458521870291,2.0563311290717756,-0.1948521101746925,-5.6507422512792065,2.9747657799357174,4.629592702336516,6.297774647152421,-2.033925576315476,5.412891271034348,-14.059237292289584,21.105298392734937,10.089179883727484,2.8501393828703314,4.394626879059937,9.028893685163265,-0.7300398952812426,21.983617194295757,-2.847381345422584,-0.0009037097284392281,-3.3967876533052443,0.22227161591463762,-0.49551114215318215,3.6157282260692813,2.392233287443468,4.116918503839484,-6.088357193274563,-2.1654432333690576,1.0795121542798158,-1.0735500926004171,0.19279936292384559,3.7698485910728996,4.457862081978314,2.5754590874565775,4.453249433887553
2000-08-01,3.2046585291718,2.8064558962008546,1.76083636922586,5.600723601070001,0.5047472510977036,0.3745100885469643,-2.5153368172523116,-8.97879534051933,1.558293141185807,2.5044073198996486,4.089577475865602,-0.3015907626497727,4.302722794111435,-16.18673228119413,21.029968807750677,11.169251260584145,2.199617457833414,4.411229490624624,8.434689388243811,-2.163336855492992,23.574517892573187,-5.372747077013463,-1.2662331814333738,-4.6001019538140175,-0.5272102274921697,2.0494412665627237,3.180520152557653,1.659602625319656,3.8087504208837553,-8.505706933008417,-2.3908831105155737,-1.5149777450096935,-2.918347624672124,4.947934733934201,3.0734226950164922,2.449457735106453,1.7286136279999642,3.7017831614239656
2000-09-01,4.159094632842475,2.470779755263308,3.0351291754315612,6.805449937446828,1.300386448901314,2.1616082755928634,-0.480046525573985,-6.004098522434164,3.214886725095578,4.842824222015318,5.138577221369234,2.508753821550913,5.442669831141567,-12.867590105972049,22.1821411241222,10.670017544691547,-3.1222498267147514,4.976553150771856,9.755697976775423,-1.3195065369394743,25.32991749193856,-2.5645072856264606,-1.4573225516621768,-7.402387205222071,-0.6291732105176973,1.9570510957682252,3.1526527485156164,1.7694528101234175,3.7251835870232064,-6.504138108456969,-0.7146218544916372,-2.758160005602517,-2.479845507770584,4.2245520848848805,3.968806853188922,4.3768952378624215,2.2258845955283713,4.216360154138276
2000-10-01,2.3000123571403686,2.1250057354265772,2.3261709797352648,4.983518461740077,-0.5230309830942192,-0.7046642059345354,-4.525336252736933,-9.871854467291074,0.8331893489988307,1.0040796675450991,3.8906892382104097,1.4881817226306104,5.263960238395393,-13.67242456915334,21.609268514311665,8.516165202765835,-4.4443428362406,3.5387286789560823,7.451483904492351,-4.641211650794597,24.435019503436315,-7.944993693803648,-2.4289442509641934,-8.746722320329647,-2.2821675363806526,1.8168011889333036,1.8628056017089945,0.19877554265723685,2.556092577311486,-10.640644674435705,-3.2650365075433174,-3.820171239730208,-2.337642469211343,3.310568207497422,2.3142184859096693,1.086861955264018,0.8315987999960806,3.445134220755354
2000-11-01,1.3890667142422375,0.2880615168452172,7.482293861029499,4.119599814644603,-1.4260479152099492,-0.2572816466025363,-5.347467259698535,-11.500190540712207,1.7270925679492288,1.2543279692270204,2.59632765674056,9.122918510590129,5.6090567098769695,-10.922010163286366,20.59241247229455,7.555865921787697,-6.370372592548157,2.2362960918552055,5.499513599539774,-9.180006371202154,23.813950418314533,-9.651721215545416,-4.431617906238994,-11.265152385920551,-4.764212488350417,2.51579378812965,1.3125241793185527,-0.5981449601236699,2.112373589473271,-13.614738501715395,-2.0419725529946975,-5.699329490648153,-3.711438856570015,7.3167438566457355,1.8491278756576968,1.0350640048683468,-1.0583331732708534,3.307789336251514
2000-12-01,0.11467112841603289,-1.0302292188929085,8.049445091611807,2.785248976743193,-2.6512942034269016,-0.7074933434766062,-6.490967140619119,-12.000822059190508,1.4728638285024243,1.1816804016292481,2.013640792465088,9.466099910346259,4.447734418703342,-9.950109222485992,18.292648753542174,2.8302752293577926,-7.436961617126736,0.9527957287965183,3.9107716825403704,-11.821745244910776,22.504596582305858,-8.458009337551687,-5.915222766831807,-11.140307585599773,-7.365538220364288,1.9224148887208026,-0.4506020492109797,-3.2057686460188473,0.7132695229707497,-15.33197600811702,-3.184322808312068,-6.498501578550931,-5.8769499488044445,6.006591637048619,0.7397718173229428,0.9172974726975758,-2.829991447305913,1.8220583589811232
2001-01-01,-0.1936860637818505,0.4991938038064081,5.977849593969542,1.1099400607480492,-1.2522245291413325,0.03087849312952695,-9.000733532202077,-14.955036372562136,3.6080527554251507,3.273036008801866,5.357246390816139,10.368584884296661,3.8614581346557264,-12.08700136284947,15.850989577788033,2.87763882305756,-1.9712428659600434,-0.21954853366027427,1.6924060339225333,-17.124233503828822,19.646574332620006,-9.820873594394541,-5.096610847066129,-11.043799302675462,-5.032281410097694,0.8501936213723083,-0.22980345265675162,-2.7436541626960076,0.8324138064541131,-20.141447062933672,-0.6568218254187519,-4.834197228306836,-4.554939259888768,4.698305160567995,0.3976490637767949,2.5962717350436204,-0.8983087216900998,1.6671471312563646
2001-02-01,-1.0626039000311227,1.1855542134737496,2.528304034950457,0.26304840562609844,-1.9283390031060499,-1.2134921928168119,-8.630355717200377,-12.87990243305307,1.6419309184102726,0.7305952316184694,6.030958084408389,4.078087252214124,3.150134207604527,-6.978141095568846,10.514656958029335,-1.090296362374854,3.6622418765027254,-0.8436008301834885,0.5948996860509315,-14.516244269355195,17.028181131167642,-10.470087223375534,-5.496510717083247,-13.688425323877318,-5.96548343185691,0.8437765736240666,-1.8066729437209328,-4.141223684893358,-0.8218569524655828,-17.109539628420055,-0.8520434762410267,-4.714334550624288,-3.157114586755694,3.9054095757374396,-0.5668458865284554,0.38655836999064164,-0.9808505250033961,0.49904243077990285
2001-03-01,-1.8575944291826407,0.35145125845084113,4.838668978932681,-0.15715137273448754,-3.1803194134875756,-0.7849671565889116,-5.741509021974323,-7.801198146367538,1.129021418765186,-0.5998890330439544,4.758056849510406,7.855165716303647,2.008160728202535,-4.214195794756814,7.803510012535764,-2.9955089686699243,8.183107308780091,-1.7036378703625954,-0.38777931450371117,-12.40209602826462,14.390404867893668,-13.576040172166426,-7.059470584060746,-11.453160612017355,-8.148966298499015,1.0315394649796694,-2.7459020195367168,-4.161914636253661,-2.1550152558960645,-11.897786458333348,-1.8922033118280335,-5.423283296765369,-5.73339630978319,2.619440456021338,-1.122295725249156,-0.7525927837545909,-2.1879532050662287,-0.5350045118724805
2001-04-01,-2.8243903392416114,1.8551566417239318,2.118241039053226,-1.8528694870630136,-3.3561052650909917,-1.1588549136595794,-6.436426893630398,-8.257230005030747,0.8824820164475611,0.8778994003007856,2.4812620324853762,4.841300181555086,-0.5529233293674607,-4.755621437668333,5.001736603963902,-8.299550444697633,12.212650478850119,-2.374378862298221,-1.4337779731031675,-11.286205105668955,9.317946566647706,-8.845354704660146,-7.4148598578190565,-10.903606321192205,-9.509075129240408,0.839801311661259,-4.04721132777256,-4.764691706544566,-3.7517351537393773,-12.144675828344997,-3.404429719276636,-4.64880647586261,-5.594426821679543,2.0584154567505175,-2.0602186217959284,0.4987859068192879,-3.8162666206181917,-2.4360742702010323
2001-05-01,-3.297111477639758,2.26136260023706,-2.2737325703754974,-2.774145441319764,-3.5052592729285736,-1.2341669373173159,-4.977489288859427,-5.217846428217133,0.1985899165732219,1.1992071773961666,2.476048739652126,-0.5131293957314265,-2.1970587312160172,-2.585279231147053,1.1261845278114802,-11.826762423786485,13.647766786808702,-3.4587242874756563,-2.464746839371812,-10.68564201898602,6.544165211597086,-9.693508566298414,-8.137684573602765,-12.258161139677682,-10.885231149938123,-0.7989702107190411,-4.219693751269881,-3.8657767371970686,-4.367840092633902,-9.361971840533634,-5.676760948605963,-3.0808255886253133,-5.752263444127359,-0.08014055052140145,-2.791181055600911,0.6427643622390011,-4.253488706660913,-3.2921573961233417
2001-06-01,-3.9775564428133015,0.5807403097679131,-0.5563128048599708,-3.8619521387807776,-3.7173108343871997,-1.2353339888686254,-4.764010477357161,-4.361959321576414,0.08238714381765266,1.4929661628344082,2.2931010257130957,-0.43744031028903896,-3.0716505623077817,-2.182589754615505,-0.7595757922853608,-14.575305385298398,15.395722479717278,-4.413373542114574,-4.288595046411048,-12.5914746889211,2.770420948024599,-8.386358280308382,-8.381342589279328,-14.566443026137799,-10.311271453456827,-0.793120442892481,-4.418555155597903,-4.045897957751432,-4.572834720480379,-9.160749071272956,-7.357231818544507,-4.37687268707907,-7.812333175724118,2.444625850340132,-3.3422163718917375,1.1169900058788818,-4.401318979730384,-3.8029596172876534
2001-07-01,-4.555610317069158,0.28452166361070397,0.7163219973235657,-4.900712230555159,-3.8913206429701863,-1.285349511394407,-3.2183540816336786,0.12985053913314726,-0.5749198337855588,-1.7394663644792363,4.343147342288334,2.021406050531427,-4.580635425654089,-0.2145980884372345,-3.9147258926233497,-16.939167884334395,11.02387962054301,-4.848222298600369,-5.582311929511308,-10.001147955000178,-2.3499598158497337,-8.133125940453445,-7.451154047752439,-13.536114555792134,-8.683888262123096,-0.8317995673341017,-4.581197846318941,-4.503308945502804,-4.614579368100502,-4.4126645339089166,-10.468132602547186,-2.681554373816186,-5.376285616629895,2.8448392534173417,-3.773511714911293,-1.932349697280089,-2.9153234472383494,-4.580941722483978
2001-08-01,-4.3290003027851025,-0.40133612819057696,0.3935058849472206,-5.270025477196272,-2.8125758452663296,-0.5746129075798634,-3.5450665174988405,-1.966906100179877,0.5178184869782498,0.00041794793832483634,6.688577850815047,2.356378612958232,-5.737872997079386,-0.772640222015808,-7.267707476405727,-18.003337612323477,8.048412667723582,-4.531770020102455,-5.350757469733958,-8.060356186156337,-2.6879174242196657,-8.243804859542326,-6.150576474022196,-11.41285843988803,-7.139140732687499,-1.5721640621545685,-4.742135911509859,-4.9045650452986145,-4.668587346409215,-5.790191549282319,-14.338697608009433,-2.854750431151598,-3.126950393831418,1.704007307867994,-3.6215277665228585,-0.31439295242975396,-1.3736666634076689,-5.192791389281842
2001-09-01,-5.2069250200740935,0.11209921851851323,-2.096893904065056,-6.601495070425944,-3.1419395559515895,-1.977360653388749,-4.545385611637343,-2.8109307976122766,-1.0442190975232801,-1.408956258406291,6.474139948513913,-1.5460449122874365,-7.41881027826593,-2.1879413609527054,-10.338925897895102,-19.5923596352917,9.946781143481886,-5.211614366477746,-6.684374633210355,-11.390597120126811,-3.5958476875007195,-8.597713301559429,-5.787851711373293,-9.665490160200685,-6.840712083309086,-2.0336180292099937,-4.914958407605463,-5.238015788687999,-4.773677079556515,-8.103863645921594,-18.3274760465986,-3.3355307986770777,-3.6776262023008766,1.3421436997240965,-4.55015745457048,-1.452930399225827,-1.2654662704193576,-6.041302032054517
2001-10-01,-5.184503787949191,-1.0437640771590928,-0.12155627425041171,-7.410782558958228,-2.319402623311484,-0.4605580766631201,-4.259150811266821,-2.677806105963665,0.920549092778411,0.6356583312949748,8.656666387329249,1.742451933620881,-8.920455982180009,-2.1794969792506502,-11.996323721708713,-20.53352162157508,3.658157284015595,-5.4349108723248385,-7.458382588492974,-12.108695879031995,-5.236291261916348,-8.04112047095844,-5.790367340977143,-9.645213311831103,-5.946734626383665,-1.539756356778199,-5.003402089721964,-5.725722548449097,-4.690032376099151,-8.386169541901511,-19.810717639004782,-2.0222242217023623,-4.298447608753541,1.521065487112816,-4.440502321905382,0.23560496685393062,0.12308109784464616,-6.758240496616814
2001-11-01,-5.314013162116793,-1.0613723142538944,-5.677306696389928,-7.30484500931452,-2.674954732971202,-0.9644073995649483,-0.7364926742317479,4.1832548933695035,-1.0531070894152839,-1.0656497586459035,8.864140060645953,-4.807113056046431,-10.018786012740522,-3.124289966781235,-13.71864990497943,-21.221572955893176,-0.5759279729578126,-5.936337596127894,-7.6038380567426405,-5.745666197159949,-8.943557164752658,-8.163520551738912,-5.596075647066412,-10.17237943403747,-6.311504286217562,-3.3843207357546645,-5.716680637049465,-5.8751800372887075,-5.645744111349038,-0.05093937062999876,-22.859890320467702,-2.2890288779392587,-4.791500705908335,-2.169923966016163,-5.044913960783126,-0.8208473916774595,0.3406973132473956,-7.640887288323236
2001-12-01,-4.5674300916838995,-1.6118258821050668,-8.991635178009716,-6.215973075065762,-2.4164177846850987,-0.9366380631320781,3.0236163363292157,9.960811185365381,-2.3106606536798524,-2.3646589418563235,8.456815390912809,-9.169563724914243,-10.47950708029568,-2.5727746486287395,-14.455935151941379,-20.000802962037735,-5.583735877357809,-5.603816550804219,-6.49725454434763,-1.0216223797738677,-8.437750374665331,-12.410504357664355,-5.097412011186253,-9.833530974646864,-5.390911059738402,-4.521203507425375,-4.709539282159159,-3.712247004442859,-5.126748923739233,7.38581455926508,-24.37144838122928,-0.9215457744869537,-4.298581004335366,-3.3840114803689647,-4.774776238202749,-1.7824969928006418,1.099245002542748,-7.272610231101684
2002-01-01,-3.6044104415144163,-2.6623930858715172,-5.191515795810409,-5.422445164521816,-1.182687704741081,0.7688300663682535,4.807710909673246,12.00853798208177,-0.6037665311463214,-1.621036317823299,12.758873704485008,-4.939181803112036,-11.269257741259054,-1.08351164913435,-18.042916952342047,-19.056837815088823,-10.823163622230858,-3.747208667353219,-4.928947980564913,4.010323183618869,-7.5383756133670765,-7.504050558126629,-3.3305874864267837,-7.688910524387616,-2.397988958120667,-2.08839757212379,-5.0635755884721245,-4.4841131984714515,-5.311978036746224,11.299729900723655,-27.63848457340804,-0.5634685505925274,-4.23728813559322,-3.015146947466363,-3.682618441383212,-1.2845652469492541,4.741892623394506,-7.817478232794464
2002-02-01,-2.951967013554624,-4.3146187227888655,-2.7701328618645937,-4.451667486278222,-1.1056650014138913,0.7393679471380921,5.688833657494152,11.019591975863573,-0.9558844283039658,-0.7786833738583909,8.180300500834736,-2.6386731947885544,-11.286523289395134,-3.2709621393740007,-17.058724330849127,-17.06802466998879,-17.987231884490328,-2.7092262906127873,-3.2589879721237835,2.9850694291279734,-5.2703904472916285,-5.382592039299439,-2.4027729374864637,-3.8401797641113844,-0.9713091769736337,-2.0287021968579677,-3.6371058852569527,-3.0452043670486373,-3.8937630848629445,9.70940059810166,-29.96829440561989,-1.2562570828184239,-4.860864556952038,-0.998154238337734,-3.0399744149724905,-0.5097775330845544,3.2294238581925816,-7.023282011573789
2002-03-01,-2.1109906885732665,-5.688578314842596,0.35676034041565163,-4.037474712586963,0.42332169595038494,1.5600275698711696,3.9439102361607636,6.309111537184853,0.7129498656692324,0.9783945306434116,8.602023685285198,1.970062655359417,-11.089658069549401,-7.215338579823971,-16.85617382878014,-15.493069234026102,-24.446359515084815,-1.7327981721435126,-2.2221578817841037,1.9462892594380055,-4.71683402981351,-0.7262917617762987,-0.6194521332442471,-4.149199237417123,0.9108119608048693,-1.8573710073710226,-2.200558962961552,-1.6858541510777814,-2.440966501922015,5.016216105261018,-30.550761572364248,-1.0950581695818307,-2.572329077097135,-0.47766405014514346,-2.1374903694403535,1.2297044592225692,4.038866428776178,-6.117060870579274
2002-04-01,-1.4237595296618277,-5.827671162739345,3.2974621879419352,-2.438912107340996,0.08550987639071028,1.1173022229961083,5.076680672268896,8.676589732442807,-0.30829463888861763,-1.6405747817612504,7.349280027722815,4.80571477395666,-9.857645348529742,-7.3995159932659815,-16.728366252365657,-11.129293240614102,-28.464669614673475,-0.27165222633519504,-0.5358414901195152,3.6453067758866364,-0.807456942063367,-4.393248670357108,0.5648689791190042,-2.9167424655872853,3.3732955256244423,-0.5136631691057492,-1.140833988985046,-1.4730867946354254,-1.0095621937727284,7.787327311880787,-31.43825408596935,-1.267710237659958,-0.9123647529782564,2.046788206893968,-1.3053329089064758,-0.9781432543933821,4.593058049072396,-4.9634105699965545
2002-05-01,-0.44156593111357445,-5.002387452441603,3.353389632623327,-1.5398762644113217,1.4610684541168872,1.4101398533764131,4.615515981031448,6.35698233423001,0.2313870897383552,-2.1034908798934326,9.34901789928475,6.33302470759034,-8.415018405141328,-9.878502847095728,-15.709227589722497,-6.630356062184395,-26.359210075932737,0.7447083913756369,0.20326038676488078,3.1592791081158644,-0.06664901532926759,-2.4908869987849247,2.964145739584856,0.0837932479194059,6.379218943276177,-0.33299810864001467,-0.15331359862693628,-0.4634636181059748,-0.031758949572735506,5.352145682271736,-29.64603388912671,-2.2056569280904825,1.8119047036066593,1.3246347154222793,-0.43328851038398897,-1.2288929977258167,7.368418943785504,-3.7772527923273267
2002-06-01,1.0919425234839908,-4.031279189405746,3.251843948601385,0.38572952231892277,2.7228102469704085,2.3440143057367857,6.1809009491380795,9.6143693052565,0.9575535075601271,-2.8038428083765554,14.120491195296836,5.736301893625639,-6.994465225301627,-10.283735986878328,-13.781702905633752,-3.931236660325854,-26.448303514642024,2.551783337272817,2.6034546536500836,5.951523384169999,2.4495980567925457,-0.4106644127590764,4.741492945369319,3.4504928136872115,8.249036570520074,0.45905827686929523,0.6960848855671165,0.7652221612726384,0.6491502304881491,9.1744866490016,-26.91431995206711,-2.9124618235184196,2.7621978458331142,-0.8675593709751794,0.920910919642548,-1.6420432804727714,10.903929927220556,-2.682982735171813
2002-07-01,1.5315980171093146,-4.317574592509943,6.140476107505832,1.301763408697254,2.667154521645365,3.0446832304176663,7.284968842877193,11.47699045823838,1.4513358778625918,-2.153981642142344,13.00276827878195,6.01638648493068,-6.451893290967781,-10.275276290857738,-12.919573788570826,-1.4922286828882747,-25.81446249684317,3.388389223276733,3.5568294642639664,6.581692617461887,5.8872362339766005,-2.390658213171626,4.36680369889364,5.791014726496324,6.753663100361984,2.1978770677645088,0.6437726629307194,-0.3693545437922774,1.0894832935917975,11.336346647950002,-24.95729027988334,-1.5388718344464536,2.4521594929850288,2.1917903269800476,1.5386975548359105,-0.9624594234994843,9.650971959626364,-2.4687277569835357
2002-08-01,2.0397670319034944,-3.878797540640344,1.4145390008610148,2.4732208815562817,2.245636952157737,2.1042220196652694,6.938775510204076,11.349365120750132,0.3386903971311028,-1.860905417731995,8.015828051414609,2.7554036112904967,-4.389361997618146,-11.294129883938309,-9.819907261159845,2.0207048931722316,-24.691508245533655,3.1338739223127243,4.705976512848498,4.688970487008359,7.243345646538235,2.7692943796573832,3.8692182837815503,3.716297367845134,5.472939494101192,-0.21411806689817237,1.2645392767654418,1.0812660709991206,1.3457393260495998,10.360447161377184,-22.047264650716315,-0.755781097480912,1.9964279597778356,-0.5872432657296534,1.5424836015125454,-0.6492384328414702,6.722114278916691,-1.2141855497600536
2002-09-01,2.504766800939695,-5.907385152668176,5.163701907218643,3.4784589479460726,2.1159356402909335,2.7354675242410975,7.824850947906703,12.655463346823081,0.8914285714285874,-1.7992325171679369,8.063934728901634,4.423973781336832,-2.9366413830038907,-11.843570869771325,-8.099045912534175,4.044547464897552,-23.030014989215065,3.3642740931185466,5.440682276186237,7.52085308388053,7.578426996172438,0.5456936839454141,3.312687506048584,4.236583441717645,4.414184592038417,-0.12114143827240964,2.0230818801382444,2.132253461089384,1.9719867859551155,13.336148880558474,-16.220362769201547,-1.398934036334465,2.1570291084714865,3.153771140663686,2.146064440525741,-0.6477295437482211,6.056283997127765,-0.140924987951637
2002-10-01,2.646940648815699,-7.0884167286969335,5.440809560037607,4.480471802201169,1.283629665683672,2.164065455462527,8.475388256127658,13.262806835992059,-0.05942667408713742,-2.585156539704403,4.6163470272678975,5.268483822950021,-1.7037617535079042,-11.749346488583278,-7.327117023643148,5.9233309783762955,-19.52022649986922,3.2188089259965302,6.4522372419284935,9.08462711164091,8.102999334117778,3.3085337485821764,2.929235181829637,5.162986159562544,2.951524628616098,-1.8856623028515207,2.829698093584132,2.7243649695110506,2.8846743321973456,14.676668018441053,-16.10885068982071,-1.7247514750786341,2.4462704401486235,5.845753129836595,2.2135422551443185,-1.1948971355955407,3.6520796430196123,0.8602711125738361
2002-11-01,3.579053463887516,-3.9624263675289817,7.510157282085794,5.638601126329701,1.9112739268863477,3.1954594930803992,9.415796859647774,13.941771414552662,0.8940630409556949,-3.4281735621005893,4.810984854937916,10.822609468869926,-0.4958614444770415,-10.766791753752614,-5.454905813212008,8.336950513676221,-17.94026892679036,4.79282359051596,7.733678518487586,9.828849604657353,11.0283050396778,4.798684812109055,4.101306870348309,8.898958414216152,4.674822223893438,0.5130598188253455,3.3744270586375746,3.097951596853221,3.501343943036672,14.754463628296266,-9.441252721245142,-0.40968861344196084,3.428822320896008,5.039576043754468,3.4115039217915255,-2.0043961713539504,4.318258766626348,1.6940849282420887
2002-12-01,2.769336858334026,-2.3754049953584433,7.782903806793984,4.191290438091877,1.631008346925067,1.7073029254239147,5.35914803657096,6.327945489066189,0.3102988768322712,-3.4744753163943543,1.8828837895866979,11.486343385511312,0.178065111745207,-12.478069089310019,-4.7747782050793885,7.955649284966282,-11.394016006286344,4.6366029646150775,6.1473116074941325,4.257004155181643,9.597388885406977,6.160343513953981,5.041047828357992,7.752880069254853,7.1913392609028515,1.5649071288100336,2.7465975500389206,1.5986353340355475,3.264596283357757,6.513422731800889,-8.537197003804742,-0.6740899209429219,3.0799705793854937,4.563437884567101,2.880394484854265,-1.891055537010189,3.8577619563535004,1.6343135511406512
2003-01-01,2.956137117582003,-1.3529522861116416,7.316592645130049,4.935810520672579,1.195892740104676,2.0466968533711105,6.99438242575019,11.794793710286665,0.16549285841898076,-1.6849917737848163,1.401485265289848,5.637129669713259,0.7856813010695962,-10.065970903821043,-1.4556159936207735,5.173797157290405,-9.368408207381073,4.269508300841562,6.954667854300434,7.323601056050788,10.889892973141425,2.2152327494435298,2.6387140505471196,2.886810916603233,3.503363027145645,1.228122301089507,3.717182476280634,2.0209085228809487,4.48366438463792,13.171249881833159,-7.137020802091754,-1.3905839077298587,1.8230420561523575,10.912668789512715,3.071140654513904,-0.3274454840393126,2.319987220807529,2.4546766504770585
2003-02-01,2.8373992025099826,-0.7386669723899786,9.043525774742678,4.1423209806120465,1.7509078604992512,2.9945195187964124,4.8344212014350685,8.51404671809648,2.272187550464033,-0.5162873371423293,5.074979871175533,10.423830350967766,1.5254671036649903,-10.394708572480905,0.37025939559969245,5.944288702193479,-2.6499099721732033,3.7463475022679216,5.737459350811358,4.452252051187533,10.306379746715999,2.422557585385232,2.1714373950471932,3.841701440301537,2.9852378795948153,1.704064272449246,3.3389162561576313,1.0227537108557172,4.385878700619994,8.34296267764907,-4.629166150415065,-2.169036016032766,0.42791037102152263,9.724971882613854,3.1817124112425654,0.7609254942402055,4.1184654380515,2.5570659731302157
2003-03-01,2.2758481791383733,0.42792691517905546,2.490515850521091,3.094804415199448,1.6482579618437798,2.290236861725514,4.528504873134409,8.549824655427507,1.4101500640977482,0.10026838678036665,4.570750538964186,3.0086140849792553,1.640314589415115,-8.264912362266962,1.3553687592790409,4.691036384667169,3.5781038829088896,2.2631900261481652,3.873818580223487,1.2507876461521183,9.69914599449675,-2.1720127698388603,1.7738976767414982,0.2247499261385233,2.2997637089546163,-0.14107232491445965,2.075490100458399,-0.8555473026876759,3.4086934146037473,6.950030052335032,-3.1108232352763276,-1.6192616074176103,1.4889222525444445,6.922386531337543,2.1709435832793167,1.2591829919857522,3.506788405081096,1.8878374701036802
2003-04-01,1.2470576612487516,-0.005237351795428502,0.2432527955441799,1.6150650987033943,1.160991446825066,1.589989380937351,2.35122409604831,5.41348940280697,1.271142225637245,1.2533782501823465,5.700159706412045,-1.4627346558686805,1.4025636746698877,-7.384629466554305,2.734689583620531,2.4030328088270547,9.107258682705343,0.7434574272023431,1.6118079888806092,-3.5790127707830743,8.239191097864417,-3.5506485397212795,0.5674082959662652,-1.4371226316885255,1.5683775078207063,-0.8437982070837013,0.6231013364650151,-1.8381611050980573,1.73435784851812,3.025166191832862,-1.110264617400747,-3.7530161265123985,-2.6771155297038107,4.449630457222087,1.0688138922369639,2.3815196673020234,3.95270109188004,0.9589833624659994
2003-05-01,0.8095655919126754,-1.6089234242356198,0.7236127098000367,1.8441453816312237,-0.1441913504038217,1.0490977759127107,2.1529886029960643,4.3637704569414515,0.5941624485548136,1.2938543507839295,1.6476857693073832,-0.5469402403086243,1.0674304580412297,-7.491643807012993,4.473435900425171,-1.2022678927001151,8.401711266469981,0.20006583205971484,2.247339686505101,-2.819386799931367,9.220371656190608,-2.9727178325309134,-1.6532265644091049,-3.8522959249593036,-2.161742604018335,-1.5412282911826947,0.640270400772569,-1.048105102665009,1.4057799795486714,2.2672200819710886,0.38329619122163816,-3.212135637695712,-3.9392991991534565,4.390166216423452,0.636921435240767,2.1957187940614187,0.11102196182337654,0.8235258316891294
2003-06-01,0.28969768559385933,-1.4037467006085547,-2.0712723943023037,1.6295307177856655,-1.0929216755021343,0.23989421987156145,2.116532393089998,4.096938837794917,-0.512661905565237,0.6040670045811547,0.8040249392166743,-3.8966448932834297,0.6587199583776515,-6.636367725683745,4.77624339958389,-2.9354639125442894,8.633005620617684,-0.5027039748065731,1.7343109324158057,-2.688816079152534,9.578787167166446,-3.5322552374978056,-2.4582599211343203,-5.087853558569899,-3.0386399066602565,-2.265716307679333,-0.027881666362206126,-1.3037916110944736,0.5579131673442816,1.7712957288176678,-3.949930316445316,-2.0625295459983706,-4.025084325516614,2.5440017148164795,-0.05887145406980876,1.4821842875065716,-0.5918404683497913,0.26705343961256406
2003-07-01,0.7199702475871206,-1.1522504814512335,-0.09764735536648139,2.3348071819361715,-0.7802974884174696,1.1163958250759665,3.3525482482618996,5.981741676288843,0.24172082655355975,2.456630985674013,0.15531058113376073,-1.423600126542235,1.2574493290764543,-5.815744251862176,7.396772410662988,-5.370374431741642,11.30023640661939,-0.18681906573483342,2.2742323763645045,-2.506774488600916,10.824192240385866,-2.695262785764796,-2.4391613102422327,-10.457412684364275,-1.2378211025055097,-2.1125847682045507,0.4402443018707958,-0.6111437380707629,0.9079873276551353,3.064445483179834,-5.357083342947167,-3.880798289544196,-4.883091075177493,4.360270798969346,0.48700385655000566,2.8823989541225226,-0.1385664338872883,0.7908320302617388
2003-08-01,0.15772603516972517,-0.2569494554676588,2.6406071317184754,1.5028861220832024,-0.8417018158589307,0.9297599149065583,2.315619872871788,2.8084994638597705,0.3800951183306145,1.3332964244914258,2.3611076963423683,1.1616713862487194,0.9656333755390989,-5.786449698552854,7.77759829536071,-7.346453986324186,10.249489141282119,-0.19580314448939262,1.1445080714119094,-4.869796354362588,10.292447630158108,-4.667898028601735,-2.974642088518764,-10.618170963309126,-1.472264343551477,0.1548059236399002,0.40148655934684196,-0.264451012508804,0.70106146630462,-0.13267916569502658,-6.521027886906672,-6.057782455898176,-5.7697074368138646,5.793710799488361,0.37923869625795525,1.7198587150198286,0.8462060061120047,0.6431828684949046
2003-09-01,0.946570507123079,2.4352806819847084,-0.14258070003827505,2.7301483270524507,-0.5264689045505255,1.63912655802394,4.863409986149447,7.9748429327117565,0.389858027488299,2.0527265637817482,1.3863464401649983,0.7335558417783439,1.7384564846941952,-0.0034639175257700217,8.629645661987517,-6.6839705165342655,9.844397157730732,0.6521937148929569,2.3507933441299533,-1.2693863314854115,11.757707919032923,-4.9402530893977055,-1.9381188350678702,-9.238974799541799,0.830342902711334,0.4143391478927061,-0.19714805244519518,-1.3283128430794378,0.3134488213734743,5.973954655997504,-10.217282880849588,-4.967189579712771,-6.176329659798752,2.7849799459200186,0.9407289987876988,2.3884988458180434,1.148209979595638,0.6350676179507425
2003-10-01,1.3095503293765631,4.112624255751451,-0.8124855588463875,3.257871278570734,-0.38539095037973814,0.9959743268390886,4.372042586750791,7.155806820205535,-0.3095799905615926,1.4649636024946622,1.1353118011811825,-2.592843288378721,1.5612603059099506,0.843513184801048,10.797404591622639,-6.94016926144273,10.934363229642653,1.9233000164854408,3.775755891420718,-1.3049251700680164,13.903484757497608,-0.8225092113588128,-1.2643093839433628,-8.87784857976024,1.9957547392519759,2.1435875520825265,-0.009541711592220281,-0.446115607673192,0.1816903059430386,5.280735366479283,-7.621535959728831,-4.622042599417142,-6.434991012582381,1.3217772068070177,1.2759729528664998,1.677313951328463,1.4138433379403015,0.6619186781170985
2003-11-01,1.6548690405453703,0.9656844736944503,-0.23553489077925427,3.747879624777406,-0.13832820483866692,0.8391094703533497,2.9824055379290337,3.476569377594596,0.03393729142706636,2.7752443840507235,1.8724704582026241,-3.8649793933325682,2.7489034890964215,1.4645701775982678,10.771283625512474,-6.340249686573152,14.88194001276324,1.645760902363147,4.7009242679110885,-2.555050592754793,15.125841783207171,1.657817547246876,-1.4308366406770467,-8.984094485782833,1.5147584169876493,-0.015266927205526137,0.7960018347221043,0.7229881080293543,0.8242134732473261,1.9164330732560853,-12.100846622860061,-4.7954783824729175,-5.65554140535518,3.803648527213821,1.387033904173962,2.4782084595160514,1.530058698615533,1.6325845427836012
2003-12-01,2.162372781303823,0.356805030913554,1.9906193487646995,4.62400266916525,0.13499480789198604,1.8487890194289314,4.275833772932414,6.3325120314326355,0.9299147894407334,2.815970700084014,3.145451402323074,-0.34581175327697,2.6769119880556858,3.816645974662003,11.833194595400197,-4.756163953359838,13.498298614792903,2.241609627789365,5.92638126486198,1.2100146552187052,15.384158572635132,4.995342116770285,-1.4167495449513012,-8.723059096176133,1.3647605709347754,0.13045947953533865,1.0963187477220027,1.532194432721079,0.8965003138732053,5.288783037509637,-11.886604774535803,-4.4574746008708255,-4.380153897299088,6.029629959259086,1.9841883950955763,2.0779382756164866,2.211169479527575,1.7706306695242557
2004-01-01,1.2184001482592244,0.8724840558449465,2.2290177236701902,3.4266738422544574,-0.6401591950138896,0.791752267844914,3.193528599908002,2.01660387479623,-0.09950715794415643,0.21838555981197327,0.7909260091125025,3.86622215655128,2.108036721550488,1.387365687257347,12.840696040430167,-4.923654628129192,13.4288022466291,1.7228376604698559,4.35025678197436,-2.009414903794826,14.174390855482732,1.4807941752904341,-1.2019434879003699,-7.254425363276096,0.6828919680787804,0.45506724025785594,0.4602379163774373,0.9122819847160901,0.25712428320541214,0.4208441502772997,-13.862851760029393,-4.376423557848752,-3.7308200303292183,0.9943573640040837,1.2763588097255418,0.04242814205761558,1.0542555926973618,1.1599810975408311
2004-02-01,2.0956897042482936,-0.329856346070978,1.030218581311071,4.802024630682911,-0.35876875807933084,0.973515879250364,4.567183651215556,4.862611017037022,-0.3789532345702007,0.5395906771189507,0.522018150906356,0.0294416019759991,3.156844179440599,5.299322127949635,11.683227782871676,-2.9436496901339537,10.625677240967013,2.15511671133346,5.7876475921613935,1.055286251386689,14.767612184456148,3.024428072896468,-0.813276910870131,-11.070206367313084,1.1941039257531205,-0.4655162189408757,1.285168130118497,1.7429113620870629,1.0871147779665025,4.512171776792262,-12.682756990040767,-2.4328849169388156,-2.63662036960578,2.4673373898470574,1.7663898756903773,0.15416188925396757,1.1074095768048187,2.082230261915255
2004-03-01,1.9429877214043545,0.1236272278397399,0.4040775777894634,4.96518188335775,-0.9719866549866674,-0.07849440260151441,3.081843291176045,3.044132515611353,-1.2631989886972117,-1.3075810010982125,1.380809307677544,-1.4602555389892413,2.9771224385023665,3.619967598012641,11.092457192795614,-2.122234197943418,12.225389128463293,2.7225474640258263,6.924066690595176,1.6677862072598915,15.434631113914744,8.024319651910417,-1.045598671296999,-9.189872085066064,1.8607753728520082,0.08899986712695984,1.1055055514150869,2.288198298187183,0.5841870953945394,3.631449872810144,-13.760265117718816,-2.093242844496901,-3.6296913822414067,1.8234753294514183,1.626375894029275,-1.8764381392684326,1.8945513291232174,1.903201149990682
2004-04-01,2.990735486744911,0.1002631283592681,1.803879839046263,5.668935378730167,0.34439397920498216,1.298603459803549,3.774967036186938,2.4418221059826273,0.3699991569639405,0.3533182664710921,2.107276614212461,1.3132687924452657,3.7474510852655296,5.249795096283449,10.16806114395985,-0.4967816087088184,9.267616036605686,3.348126900266002,7.706052723288215,3.8560587967573445,15.141350715160385,8.076824985776799,-0.285890093245611,-10.119930924857023,2.0831057935759345,0.3770048297105477,2.424885459368209,3.044347679829551,2.159924667477542,3.614307902899472,-13.984954893603597,0.6432801274536271,-0.8277276250968968,4.105617606552703,2.615123170170186,-0.6650446924419517,2.179616548940455,2.9868184864799003
2004-05-01,3.662927161276519,0.3159258245827301,3.960951776528354,5.565259703801662,1.9187209785193948,1.9084113560857707,2.5022411037923353,0.9149930091152392,1.678846533675693,2.4518203748919776,3.8470646839298794,1.5272481659721393,4.4395820572777245,5.5324288653257,9.611843802961296,2.3912077890092975,5.55584724701601,4.4288076437414725,7.890936196976406,2.8415116140040775,15.455684211186703,10.104007550033556,1.501352268274725,-8.101440005160153,5.231243753139214,2.0753734701620896,2.7232686900866554,2.952492549569574,2.6178984365056834,2.387376234759997,-16.88845254162209,0.9482965451055536,0.3154495155596626,3.9180477000356095,3.38458309862264,1.2424487729222777,4.432225898140807,3.451327005812037
2004-06-01,2.4996965747244193,0.005637303414696149,4.3699814194410935,3.8955511758905548,1.0917875307861369,0.3401360544217802,-0.8757462650579195,-4.536775343584443,0.7979199442303964,0.9413605985937323,0.18467661691541348,5.581134937931198,3.8531462179240306,4.210236511773968,9.564732645224726,3.452903248148864,5.123768158575537,3.4778187705895247,6.633702521487472,0.038704626034569145,14.459338326962513,7.462800749722676,1.287344457824413,-6.453166516047693,5.342296483702724,0.9611043760113125,2.7427824046469595,1.850523993381148,3.1419999016280675,-2.452720229456873,-16.660443083554277,1.3259121977962973,0.7649659036579104,6.380421389775681,2.447031362551799,-0.39761177373824896,2.5664148408528265,3.212972362601044
2004-07-01,3.0809481329372224,2.173013479299346,-0.23492195417749162,4.068321000255182,1.9934967956594996,-0.2930498651410707,-2.719024693567995,-8.74386397300353,0.6624256413143348,1.3016146254380745,1.4563766436193726,1.284630645349516,5.47316879204125,3.728047184391814,9.78663363046599,7.675133648527543,4.7476635514018595,3.887883498402367,6.705466750448275,-2.0675051841070324,13.321779318313109,11.955510773523482,2.6967412777873623,-0.3153781109308196,5.790340285400641,1.0133801493521721,3.213987704171184,3.44658849598376,3.1082812515282443,-6.975947394603066,-19.000614897864644,2.679465425962446,2.1490429977085945,2.412674054555519,2.6848554355043186,0.016801146731437733,3.5424822186690186,4.174950261658164
2004-08-01,4.0196963323560375,0.008686318428030582,-3.0801596947905074,4.9860419923946075,2.7369617734830154,0.8976711362032486,-0.22468889230297107,-3.2212369413627817,1.3309471106296877,2.463610058690402,2.332265812650114,-1.0059449022578604,5.080037227209466,7.125410755617478,9.414316483642327,6.211679388217273,4.967284200725874,3.7869612593887547,7.787430158295061,3.8509563089195176,12.888522260624535,9.92240478040265,4.005169204656123,1.7493147845313972,7.796224858796852,-1.693740799976029,3.266175046269204,3.0662238288346133,3.3465705741040352,-0.21521430559741095,-17.898264353941727,4.906720872850179,2.388609345699222,1.4256273569428268,2.9784524146032165,1.159498665652059,4.878969862206173,4.034013100335827
2004-09-01,3.1890629552996597,-3.4187623096285646,1.9126279441938232,3.95777657379055,2.18683371384365,0.040130657956138904,-3.1886990407673843,-8.708100657885387,1.302315959717526,1.6054543063005244,3.477856151247405,-0.339771535723421,4.721262265721582,2.4553427830077412,9.551435637016326,6.815861746478125,7.034445780110876,3.376189298276322,7.049770763366214,0.5439487077652405,12.919280173162907,11.953583244683452,3.238317221351883,-0.5476519142462832,6.686900042509847,-1.4226963709863982,2.925664531471739,2.4845748544841006,3.121755313938679,-6.034871290189836,-15.635801499304215,3.769961407435951,2.4547605672165185,3.625543138282583,2.448803847620762,0.44750474159627185,5.020264446441347,3.6876433727718534
2004-10-01,3.9878119650065047,-2.1311469335273503,1.5881974239837948,4.67772832101363,3.443154837916329,1.7043798708318958,-0.4694214876033054,-4.965207418701178,2.5723807540095844,2.1723915433101704,5.271044084654197,3.3449616522412295,5.485644363486508,3.9278217810300164,8.749574139430871,7.830730638079886,6.483747544035023,3.598133360490263,7.0128345672338055,2.797980945364875,12.079609396048596,8.554112879015307,3.9139596304383018,-0.6129463756582298,7.850649542513266,-1.214161019840465,3.2110923439542693,3.504439993781272,3.0704576922326643,-2.6438347536984264,-15.378599519550162,2.664274473544026,2.541837431693983,2.6080638248477506,3.1957484615569243,1.077647913506108,6.980791543122344,4.172068713140465
2004-11-01,3.108949767802094,0.4808319186956789,1.6593973183868904,3.1830254601340924,3.12753246263735,0.9376605183282649,-2.8829636268578596,-8.358821817048723,2.417211678006659,2.27561524259996,3.8923015556442175,3.5326118544178,4.007489562140032,2.6868392749403114,8.014080056873162,5.848149548013848,8.017057933733863,3.6941220230998884,5.8918761506606465,1.055011876897538,11.008477455160337,7.033546996840712,4.018809016143776,-1.4991018818512947,8.121338418590017,0.41502344832418103,2.747414226258771,1.9870543140232844,3.0873786407767057,-5.613488401630107,-14.149171584203357,3.1048411775506546,2.4942694626029382,4.297739525205713,2.763005391785356,1.436367937099492,6.335796290038265,3.2773337987169984
2004-12-01,4.022971185212976,0.4593536016849198,2.2636780853030114,4.3125792753543335,3.925598408643105,1.5903088222941841,-1.494243182222721,-6.238504459908311,2.775322941541458,2.342826177819135,4.782997334354899,3.3711507663366724,5.661006495867071,4.338856284883219,8.941921391702312,6.1676827912495735,8.002242190552211,4.37921461626245,6.322855203190625,1.8096220035479949,12.15914571264638,4.3403076421645315,5.08889142683111,0.7425086184036145,10.237038343573325,1.0931850485001116,3.4164761245149444,2.0720378804308437,4.026597709641666,-3.0810838775579774,-12.704247774802823,2.4068492817733267,2.230193255149371,4.986404129787014,3.551152067738861,1.6667309736941416,7.616322513623364,4.360412120955037
2005-01-01,4.789656065638925,-0.3904420573141332,-1.059114842282094,5.2073442100921685,4.538326374062396,1.5850264791563928,-3.055689712820897,-8.065016370141842,3.345267292494758,4.887402745365432,4.448070035813778,0.1738233581250359,7.456893409386289,5.672278666657826,7.630558730219716,10.000514491698631,11.380266404388628,4.174087438173446,7.053098685741932,1.183680911041618,13.271007158422465,6.873291473461274,5.422981063969989,2.3980036576819908,8.841042627863871,-0.6231150552917231,4.047441006370267,3.386053589869009,4.345385568287385,-4.001567310628484,-9.81595092024541,2.5696959385557605,2.660106031606224,2.539204611253254,3.7656681883018184,4.263892560957849,6.329516539440183,5.481907018901578
2005-02-01,4.903221143172831,1.9960301192584184,-3.161588935505899,5.540919036159453,4.595237423733911,1.7569207116594043,-0.5176812349863114,-4.042899616997131,2.6357254071995184,3.2473798454804914,5.958534822967043,-0.8213663276183447,7.481903023026204,7.6032646528785275,8.111208519155522,7.826536575151777,9.872748613069637,4.440033245569119,6.82089059815949,2.4802257896068713,13.07832049263562,4.789006489989633,5.8329444703686395,3.9811089732377125,10.122807705889292,0.19834768188902174,3.787757560925109,4.1241873856907585,3.632435546593693,-0.3519395379212642,-10.78537271950889,1.0640033352063538,2.769084633064489,1.4031649801824253,3.8921878697906642,3.0097603158874664,7.486829480239687,5.346991113885954
2005-03-01,4.453082470190717,1.4517579600111352,3.9173062560582173,4.95458200836969,4.290298598759668,2.2725147292621317,-1.3998965825224419,-6.417750631213181,3.6272064015062444,2.698296670645828,5.098839775521791,7.023358861190099,7.775655732622311,7.2587863383585915,8.93929477410509,7.051939562396026,6.8234479232805345,4.596990970069492,5.708094849723522,1.025604485886067,12.1573970483438,2.3205423289937466,6.084302880030523,3.3968651456130594,9.879680581755611,1.8236263626162152,3.875631999243967,2.8898493589164076,4.322616182993655,-3.4673823787138014,-9.352283627018643,0.17118436676855087,2.548532367633216,4.850949409109018,4.168552298887196,2.9680680089793965,7.151736811761311,5.522942497193409
2005-04-01,4.589601078428052,2.0098568072017375,0.4302004020349859,5.57396519983373,3.881942561090801,1.6547364506832807,-2.2494117647058776,-6.963112321570641,3.03960728684487,1.6529028496858444,5.784427932749825,5.2449064563842684,8.962002852791272,9.51058008321597,10.494348494294004,7.550830259480024,7.008490643805132,4.087660667167037,6.145849869908915,0.7652698728816798,13.632205780788498,1.4757669268469664,5.080079367339763,3.3056006016592754,9.097098615933774,0.546639245485947,4.571094934503583,5.138924153941016,4.3130100816130446,-3.1451695409073332,-7.072309596955373,-0.2747827125832658,0.5085144653453666,3.1079343287991223,4.006456472613795,2.0366045728561266,7.225324547070544,6.422087393271069
2005-05-01,4.152839039775502,1.4058654468152243,-1.6698314727954577,5.466171056441649,2.965116817453617,1.7365291644284797,-1.2044184189512919,-5.020771755567777,2.7185777185777082,1.406765175286595,7.394155762455967,2.959336182777572,8.583607613534783,13.543960933048371,9.681719342282523,6.976788154490765,4.758549222797925,2.937675119162897,5.120085594646495,1.0860116913314677,13.419102664186443,-4.441263276955976,3.6625553149421064,4.898548859734797,6.232833298119589,-0.5323753622955785,3.6860935441985543,3.971931208158952,3.5566749668469955,-1.6537227689432332,-7.954170017267293,-1.0849608736727578,-1.3152312261349053,1.57800986541623,3.3534790649275337,2.0267735844893497,7.017606482183791,5.750778534359831
2005-06-01,5.086490939044475,1.4855336158507093,3.9005566841343375,6.449043069038107,4.2005040604872645,4.119442227334624,1.8117246412065136,-0.31147220593573666,4.8421465821790965,4.232158166844191,8.825889700215317,5.630055549029933,8.896220208983685,13.112612962189353,9.224801302005158,6.393706717994863,6.832865573122859,4.083428869018513,5.859545738605254,5.2500415719749505,13.28678882499721,-5.179041788282202,3.4902482520451805,4.67987134692367,5.2429998944104605,2.073852824401401,3.968773985809748,3.8675728611013316,4.002899407719673,3.498405662300308,-4.85381894992879,-2.180740322523733,-1.081301557440495,5.827661304848553,4.6347083589064475,4.798513534172999,7.081337137320354,6.040674187368351
2005-07-01,3.794274960683608,-0.6718795393107602,5.554917987495167,4.731850786559244,3.3743269417902955,3.3331773295268485,-0.6275725146482003,-4.025545462472135,4.591551396293947,4.016650097094598,6.992208119627796,6.708545145337985,6.37561307457426,8.046407978755488,8.527897035678045,4.185606972970923,7.471935630393878,3.019621514876425,4.60304180416069,3.2158605098820514,12.665994104347345,-8.467755893246565,2.980781801542687,3.7374767876384274,5.298834578280176,0.8592554118607598,3.1845298938799615,3.446890925805257,3.065802828658426,-0.16172748564521333,0.7808763874350699,-2.893913205960663,-2.8873036163457155,3.624117848728381,3.5298493345260917,4.5190682245872305,6.3153971085492255,4.519949693129716
2005-08-01,3.8824465377428785,-0.3614435407321981,7.783247370495117,6.0054660275932426,2.2527756261296217,3.417918660063979,1.5744394187277466,-0.984779087273091,4.007324917734101,3.451316725832698,5.421983679281439,6.788639367459082,7.922839820293981,12.033182299331324,9.534216889351299,5.2738271345688315,8.482190520774303,3.0922308562947753,5.301191933356297,3.6537133393050203,12.637945840422859,-5.24501762591183,0.7863209821594053,1.6105848131925393,0.9826060990631102,2.1270461770193316,3.4330977741045876,3.591012676256944,3.3624926469193017,2.8054340370837982,2.0428577182830088,-2.401643506224438,-2.7605124890192845,5.108845338689649,3.797594088074363,4.0052318406951,3.3311377508453033,5.316581753547601
2005-09-01,2.713447987591233,-7.353587153057983,4.755616199059287,5.97304919353705,-0.37852210199785796,3.536611532469469,4.190695514185094,2.6502008384853726,3.308147845619769,2.5155630169906296,5.075571341052032,5.074972101515685,4.174429990376893,-10.87594225858699,9.931408449843193,4.5178580970819615,8.333535329051035,-1.2410049899325815,6.17130982346894,4.780013115956194,12.11417377920807,-4.634254779402147,-6.46686529600089,1.3018871131304843,-13.923941547670903,-5.663450329857389,4.294964363907394,5.8975532287152355,3.572480218851215,6.031793109600603,1.6671045324092582,-1.337914856748812,-2.8836088726426845,2.3184329286001004,1.6574450087309733,3.140356070537509,-3.5570534256502473,4.2455183329751875
2005-10-01,3.276542613178668,-6.305743496933824,2.489047876648298,7.422752817127498,-0.8769443199795224,2.575194572310635,3.1818785704796015,1.1924300568842972,2.3924902389721225,3.7809205451272865,2.300442392767854,0.9603518653292342,8.567381563826038,13.160302617777674,11.099620872828941,3.996803046892028,16.365887608442307,-0.9232242418354852,6.010073310405084,4.0458862049580935,12.165190924183733,-4.0065681444991785,-5.5126346503220685,1.9001538977006183,-12.411601402688488,-5.234604937260123,4.395421512971764,6.4950211611694675,3.4482106199211104,4.805469396371209,-0.7641957560138635,0.011332458547053115,-1.8368485474241525,1.0251066278408327,2.0209103457029087,4.107780621007984,-4.049785245182003,6.1405624636635725
2005-11-01,4.216760712573975,-4.394278885190872,1.2649915106122567,7.904474883302237,0.7072303798393742,2.6406609979737095,3.41940321464278,2.0882384193366077,2.3776442550998755,3.6846888011541346,2.394243985594602,1.2672624795095677,10.123114749182927,17.405049143893603,13.568476172629019,5.367573557172367,15.24914157317594,0.5562338895672259,5.882757366993263,2.6984364230313806,12.435959151394304,-4.600711476612551,-2.9676604623071534,0.9714363623968936,-6.253068349182678,-2.8393121336346416,4.72323974201645,7.590369989540302,3.431908080617818,4.510532463931871,1.2008975337649108,-1.210354796008617,-3.4871777880856047,0.6449176329762496,2.9120723180627417,3.891229591831369,-1.126896054145976,6.986961274199199
2005-12-01,3.544597186700771,-3.240947338623257,2.4503662223801514,6.4620901286073895,0.7837658862269503,2.629233920976004,1.2097234374405685,-1.4513238486501656,3.0790903602334385,4.918756124715884,3.207379028265467,1.540331984664034,8.156502922061758,12.009701099130732,11.556948580089642,4.7310516319977625,10.878865087603407,0.5331852833109663,5.523526991870864,0.8466561920576599,11.609346213722915,-2.7627617204786237,-3.1706499787174214,-3.2068909511461574,-6.670340806058784,-2.4029757235813354,4.392579952661424,7.540037359349139,2.9792165071770293,-0.03475345490229209,0.8011008505064865,-1.4181198934333228,-3.3220800119445504,-0.28035810092892355,2.6259073757150198,5.062224916321845,-1.2142663595718695,5.957616225122765
2006-01-01,3.6920480492405483,-0.7078518225235753,-4.252249598619329,6.725545723386173,0.8350051510057854,1.5877815036739795,3.3694839908793073,2.2452141605218134,1.010192854999592,2.2657295782496423,3.1294051310966964,-2.9004979319404267,7.795890103308878,19.625996552297998,11.585508224904784,2.7227131597802767,7.298097637843215,0.9401221029629481,5.777098231953692,2.7128373587685717,10.336879580801806,-1.1209079004801281,-1.445652173913048,-3.00951427140711,-2.508967066410639,-2.618592894081473,4.088316366911382,7.6464094206707856,2.4828878294904433,3.629321883557979,1.3302284674888476,-0.8471513794349406,-2.0854816489164207,-0.9982228245582703,2.4194801632455576,2.4329910565041413,0.7119353873766165,5.630814762033236
2006-02-01,2.538560727609185,-2.522838832000507,0.504199740343414,5.231899879576396,-0.13751696491969279,0.39774278693001097,-0.8264230762031421,-5.555972928476827,0.8075651320809563,2.2842233093361752,1.1690559872902684,-1.844289626718365,6.938001135561067,15.94407285644106,11.36626867384949,2.655253041651795,9.622729962572718,0.6126454919842095,4.938171706005057,0.06835661730610898,9.639856516015065,-0.04117245125005997,-2.6733974012885575,-3.875225695028539,-4.218477215234973,-1.7931159213828485,3.394672640371499,5.829514525960633,2.287636201912391,-3.3512951667168056,0.13408402598962255,-0.4902312456656288,-3.5560433756416487,-0.434971587822075,1.7242361205308532,2.2426531628756408,-1.0248852583266688,4.873136106761461
2006-03-01,3.0034217448921208,-2.222328338910584,0.08869016854189393,6.172550271233201,-0.25446211041129096,1.4264813460131753,1.9146420534726705,-0.1607226732499245,1.2745507730881567,2.623817131620987,2.4441094637058347,-2.587273902861764,7.122268134478027,18.44214078341362,11.577754876809854,4.373727845901798,11.548615185105128,0.5465686690543814,5.796526578017858,3.516734114639841,9.91796073835336,0.049206976846360995,-3.3827759798633505,-5.107864463032319,-4.958236597016519,-2.4098889948033553,3.892972815604634,6.731698743299064,2.617830146731892,3.0507069560639977,-0.19465740297078815,1.5548749300486664,-3.71166760395647,0.4935840406771641,2.091541760329152,2.3886339813077084,-0.8028785929867888,5.239392820747981
2006-04-01,2.9243508827207387,-1.6971838984303211,1.1788143717923916,6.0478354783547905,-0.25746745647358127,1.7338820301783242,2.7633352590024973,1.2259210243532603,1.4102111240931414,2.726201227632452,3.0409904982998226,-2.6510461348473124,7.428410251510953,17.72405656890601,12.699916023304624,5.826855752685001,13.410162388685155,0.922970875569562,5.5204553913319465,5.108014192337174,8.199100932527914,2.1099046562796264,-3.0681941382674993,-5.75183992901912,-5.131679831678049,-1.3068569440471967,2.632313608241832,4.215002199356577,1.9081018390677773,4.052383035446727,0.48684370672271715,1.408248225463482,-2.2487226017946282,-0.7756053524458961,2.1816142662632876,2.542194224932892,-0.6463821022489324,4.646201380231165
2006-05-01,2.3889947173072024,0.11771107483535825,2.5794160436682922,5.4043059627228995,-0.5611964997167096,1.071470837240196,1.9657650896284906,0.2928787493285734,0.79155672823219,0.09626267223568075,1.4168454503518335,1.0825284075192787,7.105321262971942,14.085142973820975,14.545976644757852,4.452713848087342,18.341312863530245,1.3889188676437403,5.164865133166652,2.596161597704061,7.193686241192743,6.721842056593319,-2.4268846503178954,-9.06024177000624,-3.0990091849280366,-0.10565443674142028,2.3739380343613004,3.403008231694171,1.9024367773734285,2.5994498689015044,2.1478541775306725,0.520798918756582,-1.877328747492124,1.909565168983196,2.1156664964513183,-0.012048825548460762,-0.9864498644986397,4.360592498918501
2006-06-01,2.444640407603371,0.662833669481766,-0.16288121456804472,5.597673182873275,-0.6575293379915692,0.5844050431990766,1.814845609105764,0.4622264842556234,0.20502946184224324,-1.5012961116649959,2.243638885846755,0.7822925078704301,7.79340959690118,15.843400930753981,17.076286327253065,5.2799244882307805,15.427224332257339,1.3051008625959426,4.8496622889732555,0.9321598301257339,6.834738166978127,7.816547167686472,-1.9192195477753526,-10.464859249107539,-2.080464068442789,-0.35586750703243686,2.196733709058818,3.8017692347798837,1.480109311666622,1.6947176602415404,1.045447359303564,-0.21163257698736393,-1.5307067001026686,-1.4459026911718076,1.9803386251444621,-1.4064678956640875,0.22035105357964824,4.554066956258534
2006-07-01,2.470871638562522,1.5037985351163297,1.2782981259412685,5.731403693598791,-0.590798250017921,0.17482517482516613,0.23195298566374145,-3.4028263900455435,0.1541752072007796,-1.7299389608456117,2.994801254767987,0.9560192283605273,9.24059044362786,19.191053549551285,17.616890063558,7.669529459217506,12.32603773584906,1.7776778444378527,4.848108985764599,-0.8805399690981597,8.520066172805008,7.116317327055621,-2.237073577685489,-11.139963645806294,-2.470689779184354,1.1507684994454204,2.2766365576678993,3.3449808032440354,1.7873413527468074,-1.2133838772001582,-0.3397951937562649,-1.3259170174383716,-0.9732153472493454,1.4824735163109226,2.251836527383766,-1.6026244182793858,0.2863272478358381,5.225353149826947
2006-08-01,2.6662493520211994,1.698334541270352,0.7799117675576062,5.347927150571574,0.3165384580699371,0.6384475264667122,0.2037026509768225,-2.4130761695539515,0.7784500710525721,-1.6457854254222637,4.55608083536807,2.8731664474632934,8.923713904971041,15.296679682155156,16.39947784714524,9.400890714645449,14.942955128738955,2.0751919308436007,4.429414771938589,0.2459909371759883,9.376494599317176,3.86765261112596,-0.16376550252088506,-11.244653359472467,1.5339549239028916,1.0031947530937169,1.5828126122243713,2.1285554696227393,1.3346551375961635,-0.9816871338996558,-3.0838612903862472,-2.2418762632604894,-0.4482890868027445,1.6724569000046374,2.3669704568583194,-1.694293707373462,2.9789729555151245,4.717278048239362
2006-09-01,3.9102830356613216,13.026297654161034,-3.5273173358865484,4.974178126170781,3.4826608344299625,0.14776904779068012,-3.26897538052916,-7.40644870613234,1.2506963287749917,-0.5689602469469701,4.497549743165852,3.22840617661897,12.517443144309581,43.605774962876765,16.710645219591534,9.677704801982156,13.023665152633889,6.05689918247756,3.295640106781983,-2.5375762694390125,10.06062175519169,3.316422139951558,7.666815056635512,-12.338167114998521,18.865505373519653,8.265857403707288,1.0272901871454687,0.565976988121264,1.2381004787321848,-5.99690124409149,-4.328882550357516,-1.7240452337855539,1.1172037399806545,2.1368448132532913,4.2159275134967755,-0.7572899924558119,10.037208375958496,5.948763843108008
2006-10-01,1.965563637072698,10.968179926265464,0.3687646384611609,1.7552168856417083,2.791564420007764,0.05406769275133616,-5.419797481858901,-9.547357879133001,1.8425868332567097,-0.5698655117392315,6.181325912834201,4.429124383522387,7.725514695818414,11.539350091000799,16.316747655875695,9.221283353265243,4.757599571600446,4.566221238607504,1.0874493257218454,-5.338894359407941,8.183519790805803,-0.5869960566829313,5.5953698848297595,-14.242881902840555,14.644760657597322,7.961283594874358,-0.13284681876152282,-2.628391271882524,1.045248372229124,-8.311215500783465,-4.410188965181138,-1.821933575462642,0.5785004792562498,4.835245057028681,2.8481025781383007,-0.7367729608282914,8.643271076663606,3.247756619602987
2006-11-01,1.1603752620747532,5.047654627081366,1.690622973427791,1.8909972833711652,0.7739418409472343,0.22536125409031715,-3.9096122921333687,-5.971897340381826,1.5584695720949338,-0.03862227415872832,5.445941790966424,3.622940150585352,6.835813060416318,7.638412916000292,14.56952132069449,7.768272433314238,1.7732103138643929,2.1923907177549884,0.7459540959791289,-3.0648805647287447,8.210460324620206,-2.82755660478593,2.4529636440797864,-14.532626675218586,6.57317971992708,3.6703026322372434,-0.9295317979171491,-3.5245557230776714,0.29774912587412494,-4.3431690738035655,-9.956537498244844,-1.7821948757390849,1.7611012890712097,1.7960003137673874,1.6621660136106442,-0.05403214912873544,4.803933492016621,2.4297218506058655
2006-12-01,2.490255104009864,5.462201514417897,-4.444643782641622,3.9656013714542304,1.4059279394424973,0.0044756747079599535,-0.6220635218943893,-0.0359684907085156,0.2058854850732983,-1.2655628037986366,6.122418857286238,-0.6769740727086471,9.378938604660348,11.550235745056137,16.309593697721137,10.237626080340245,6.504347579398306,2.4071902732639483,1.8260287060322122,0.1845972088901915,8.676008381351474,-2.569982956015804,4.1564563497259455,-11.907861618844272,8.050936243975858,1.961473139367964,0.20388434836100533,-1.025733901904946,0.7668154923953674,1.1783926506109044,-12.14074953700809,-1.6533949669862769,3.9570320543619975,0.49614676576239525,2.171243467298778,-1.2001878397822963,6.297680478647716,4.182268685818183
2007-01-01,1.3633447902804408,0.5371969310865143,6.1654749434829625,2.215004025532785,0.9212955494613873,0.20562956015115486,-4.306038277955415,-6.256145579771266,1.6653164101179119,-0.3978164516351801,4.669513690836813,6.502168113027529,7.2591041277833,0.49543738262070036,16.723065502171774,7.892544369526466,8.385242993969499,2.039107660184114,1.0324953802547832,-2.687690415267463,8.983244184091287,-0.7345540585877552,2.1874195801624863,-14.521486223690772,6.506308415556417,3.1326759323699216,-0.8101942893101621,-3.6668050366680416,0.5538712158921211,-6.660733008485731,-11.731713170725289,-3.026211231336373,0.8669570565586149,3.5876060994469494,1.6646656462990128,-0.4865189292743932,4.890612535854322,2.706391145065158
2007-02-01,1.9458203739968427,2.0843176745276137,8.725868080755973,3.1082857317032753,1.2348568034129537,1.7958969059080454,-1.583571624057456,1.3258165470814376,2.873671974264025,0.2289304685641813,4.663669158006223,10.732949610634336,7.505514475768682,1.0742356826155097,17.730459902263163,8.474887078716753,8.272574312955694,2.6632718042650882,1.6528755081405722,-1.3886907507739576,9.613751707616913,-1.3364648969826587,3.2738232819593094,-13.776126281157575,7.521481977457878,3.4236527455949073,0.14210027718324358,-2.5947988989770354,1.4511263893040471,-0.6441424358546222,-13.885095298686934,-1.9609727963087575,3.818936379583282,5.6600745346399695,2.579057891131331,0.07297329116646711,5.774794091620716,3.356075106928691
2007-03-01,2.795833133310932,1.990705782025426,1.0936909574430276,4.211940155314764,2.0282250768952403,0.43184276956365064,-2.019946858276267,0.29163944624179816,1.211865699087733,0.055884877153067336,3.1405563689604676,5.90511654057333,8.368378368217243,-0.4553277063315875,19.8670525304955,8.92979452054794,7.215467548734011,3.058327002616701,2.5768196757194994,-0.7800208941541764,10.79538222164318,-0.6657239968031248,5.429998976525208,-12.090794689857676,11.13388553512098,2.122425110154369,0.5262927448662413,-1.2457801564429882,1.3621838271136832,-2.0015179803105743,-16.258422433595708,-3.4686053883664747,3.688975160614283,1.5229417917407062,2.531108195176257,0.10472702008204049,6.38772120143738,3.964677959762509
2007-04-01,3.0651194382527613,1.4494428086914368,3.5390762306795276,4.845656551083244,1.9179392757861402,0.6840695395789576,-0.09744214372716664,4.0906998261273975,0.9243877605701778,0.11225351413102214,1.8760289997400204,6.488380369048596,7.9222071652409465,-1.1584800741427204,20.345670750540524,7.118960844780853,4.103382692568935,3.6226218399791454,3.4576850669724823,-0.14420275234713342,12.195158389157456,-0.06832216528708246,6.09574230109613,-9.700740454652445,11.623907527488008,2.2762285662670356,1.1599950862537955,-1.1321691632872555,2.259856388023307,0.3745045593778418,-18.769538986313293,-4.141267366033452,3.247497647360764,3.847509448384212,2.9071969121664543,0.3468536365181629,6.109790834471007,4.1370058080741146
2007-05-01,3.2989690721649367,1.4130904976873637,2.4434899236327023,5.230557247793621,1.989743775267483,0.5169960189505218,0.06605518438833613,3.9581019601652834,0.6531100905955656,0.7864621476110223,1.0894834880799342,4.714238491058409,8.287715692679832,0.0631462724793197,16.94698299110431,9.164998167000359,2.2321488277540658,3.827428992726989,4.126851169699464,2.064457594018987,13.081429129036959,-0.8456879446143706,5.986335033696988,-7.978785370489594,11.425719296936233,2.171127447629595,1.0877217685159035,-0.5726765752773755,1.8840972787270704,1.0699223483194187,-18.219126768127136,-3.8095636480979023,2.5893693244787297,2.550308638084542,2.9802534546584436,1.0490950962580348,5.9448215458725695,4.2748170514819845
2007-06-01,3.4077758117736945,0.37877301576401123,0.08535703151248963,5.5359102677644545,1.8909609003029848,0.2304312740966541,0.9752571900578211,5.352925302365641,-0.016012952699517857,1.9796708713669453,-0.16352704265986118,1.1511540463932546,8.11970924875267,3.3784081787469056,10.872109043594946,9.116888938697754,3.3498411511867054,3.4801303819718132,4.640536347758162,1.5465563553865413,14.755363964156931,-1.2908560734647745,6.269114571229384,-6.009714790058074,11.74202201978427,0.5171838917223281,0.9637577743714543,0.46378073384512053,1.1964576179287922,2.118237072932927,-19.831423083452894,-4.029546796486194,1.9450497799427424,1.4783151143171747,2.713731726735813,2.1182240524796336,5.459044625390819,4.145481863186955
2007-07-01,3.7268034312690768,-0.08900838070680095,-2.4875503205606053,6.0501800661502125,2.068810028407797,0.8192496541247429,3.620010695707121,11.96402905456897,-0.035592571830256325,1.693734092837218,0.4933187482572876,0.7318826164242065,7.39155978184578,3.886914165350186,7.707853527922537,8.092649275892017,3.276177166200811,3.4099087187486443,5.26137731510532,3.7278182888222267,14.462548150705668,0.8596797825204394,6.4511042472474855,-7.580486713008449,10.606954533721735,-0.41585893594942025,0.20780318572850565,-0.23375799368853256,0.4114110041141039,6.9391912595514915,-21.892293246851835,-3.3669520704470046,2.9766396816684804,-0.44381764417303904,2.6432398542538094,2.267915477814997,5.511253912232816,3.4123445654243
2007-08-01,2.678937189783448,0.18881786790097,2.99007650571137,4.994620563016183,0.978982002553086,-0.29838174943100926,0.4217055436313899,4.5248497995240555,-0.5250088683930509,-0.02811717707572603,-0.344259735097463,2.877233370640231,6.762754244887281,3.9302641079517198,7.627909447245762,4.752362641826213,-0.14753634070355792,3.6497957876191034,4.586598771489214,1.6608006115257368,13.438220667480593,0.641883804846044,4.748696020789955,-8.759302719594386,8.507694968009694,1.913449676064194,0.42422689068202235,0.016828359150844463,0.6213993260625328,1.3754179986569692,-23.582020656626856,-4.179792876062072,2.2207192938900278,1.8603739823406906,2.3917510021752353,0.5718460376360257,4.236441818046766,3.2501102423845856
2007-09-01,2.842812547586404,-0.07292229385732485,6.298711972484039,5.436368651446211,0.9295744375985127,-0.038687155864247647,0.6115650111848225,4.258233403358402,-0.23515839914810543,0.6181786660323318,-1.4280669538809132,4.6197727170641745,7.98655601028746,5.326015445054844,7.25251581916595,6.438310727828522,-1.3692664031516144,3.941761205340244,4.446425141520316,0.6966705133136797,12.564722224190827,-0.4574290188722574,5.360407956999125,-5.760802301769075,9.755920844088205,2.482373878690569,0.7047172730889839,0.23253070921867014,0.937601913251429,-0.8089994211469609,-22.97319474835886,-6.092601710523915,0.5050547777166958,1.644901523438591,2.789717504226319,1.0258253494127345,4.382702845013409,3.963142069732415
2007-10-01,3.1640244019047303,-0.8421742613677896,2.920330040560981,6.516052898597602,0.5142518667432538,-0.8159809784566541,1.7318500943231063,5.620441594258296,-1.5817658774064935,-1.8167773059824976,-0.7082955575702599,2.1413771998743725,7.380095351975435,6.252462743116949,6.498013538067582,5.371518833972044,-4.2036220723352224,4.226504566192202,6.030011469003682,1.988636982526315,15.140644841312255,2.5900635742877265,4.709398565385325,-4.313101117754092,8.837839558380844,1.977008208889952,0.6686649757897234,0.7293672568633891,0.6561382868003118,-0.29596840484131803,-24.552060817063428,-6.256074448440085,0.5093908393985158,0.6538283777538068,2.618432246956792,-1.078536259069629,4.12108100966897,3.6637134381299066
2007-11-01,3.5433898110828865,1.6932571203553959,2.558151737387848,7.048313597886446,0.8274210393632631,-0.9632767599363268,1.6967351874244363,4.5759935121379325,-1.7664185774843522,-2.235706713955954,-1.061098507207947,1.743802855479859,7.8848537735079605,8.434069821504364,7.701828153778956,5.383707414649086,-0.10927413643079253,5.362327434489722,7.687786824089238,1.5278578881536609,16.825705004020143,6.814458984410954,5.435583047976733,-4.009663743844949,9.996906109523707,2.886635698358453,1.127682470229363,0.7292974320873835,1.3363473776906387,-1.313525248809766,-22.200181323662736,-5.459506417550686,1.1807371173146786,2.6523533374916752,3.209170383622073,-1.6122885941709297,4.8440038460263235,4.147644385602768
2007-12-01,2.2019298658507935,0.927561302389579,3.921662706550144,5.70686880224287,-0.6914426209136959,-1.7132116004296427,-0.480341912668536,1.3191329592158185,-2.087392397888699,-2.5368240666448827,-3.032726463511304,2.2601356825955765,7.077958024453634,9.581168349873991,7.367592023040981,4.739445530886921,-0.46547556419768155,4.299922709465109,6.348316182037417,-2.630875168463609,16.648847998587613,7.434307538719387,3.3602126398591947,-5.7380440993911375,6.712385519229236,2.809140551219147,-0.37098103874690924,-1.7342050104800832,0.3034915031384866,-4.39075002751097,-19.133784861452764,-5.348968150995114,0.005777293585551568,1.1304754946420692,2.2021682272845178,-1.74379692738309,1.924860292398134,2.9662600708681635
2008-01-01,2.315982356219237,2.7635998562238973,2.9649287668185975,6.474062590753249,-1.309830388065003,-1.3698506844753267,-0.4058150684268069,1.097863711059066,-1.6548609881352982,-2.9751238850346917,-1.2614177007891803,2.8702133160817933,8.451859817877772,12.257093902795768,7.7352229882642565,6.988354239433958,-3.3102265511982254,4.0180889854953605,6.095599602116875,-2.0720817781608503,16.696690435483653,4.753010655139911,2.3978270254712886,-6.782231707235232,3.84954246883642,2.899704893996269,0.038769935677152034,-0.21799009750409493,0.18090669354766664,-2.9319999952852283,-21.308984181493805,-4.4804258622601845,0.2522552622786556,1.6755754336205797,2.4143934066946926,-2.1378477746786695,1.5315410069497881,3.8065133411279835
2008-02-01,1.280614695053628,1.9024187825796623,-1.701947827423267,5.2008132105219484,-2.2706662636248764,-2.596003134796232,-2.023301529462529,-2.2788012825617265,-2.76274066677179,-3.4496465120878117,-1.665994324012532,-0.7522349230892011,7.4581259624052265,10.957607213751608,7.535102262102145,4.712926961643515,-4.311706811706806,2.4615738685867417,5.020310306438813,-3.7682432710695823,15.02788018717498,5.605691851272865,-0.12175252009811732,-6.948062052215331,0.4013146514443955,1.3319575910362147,-1.2394232959024531,-2.463158072325744,-0.6500058036232437,-6.002700377711056,-20.295982268913736,-4.766398666535931,-2.8460042199657143,1.226635395717257,1.0607789630364461,-2.712140128254148,-0.5606724852190048,2.656728417615838
2008-03-01,0.04950171388009572,2.438431447662115,2.288950391466038,3.595821224684359,-3.2035253852565115,-3.121212937279516,-4.854428264502264,-8.094471628943067,-2.5763967668746446,-2.8012606969739284,-3.0286038753637556,0.15357698494040672,6.8880408385785685,11.158596879347037,5.476219621490008,3.272289030364961,-3.0348014664119405,2.2062926791445614,3.4587158773873083,-7.46491651545671,14.426475458028953,4.624987842939632,-1.6414709697916363,-8.012312158929003,-2.9812785811135223,3.19707456261602,-2.4713404648245563,-4.820030516020902,-1.341206016724994,-12.587695643964448,-18.942817216544505,-5.146178729046092,-1.8115851991749699,0.47303405886600647,0.5735228567183448,-2.152261778394704,-2.6272813453464994,1.743207661300274
2008-04-01,-1.5352485264769955,2.6461032798308137,0.6980179858611768,1.1453838098177016,-3.8752756351785766,-4.207772728490189,-8.825708551385214,-15.384598868940525,-2.750418137892585,-3.2834547222608257,-3.260515161395494,0.9014583996609815,4.422252523568027,7.941154423264818,3.49147822664988,-1.322538995707856,0.10439707427198908,1.0929802955665036,1.9425486656808433,-10.274924486792237,12.601698548856577,5.017223697704387,-3.4499420177812157,-10.940695296523506,-4.877124744272976,2.8340930166377953,-3.9509749496911994,-6.1408648775342805,-2.9218226944716763,-19.189079851988332,-19.656890006528517,-5.700465230920915,-3.163581525611925,-0.07166209024311865,-0.741885017661581,-2.7093528609317907,-3.8979604803354717,-0.19462223176146387
2008-05-01,-2.119481966299963,1.669504264904087,-0.6986501998970884,0.34472794579729626,-4.1474899571683155,-4.358422939068096,-9.23483148186568,-15.785666254528097,-2.82627799426578,-2.856301589994914,-2.738992250830252,-0.98969020438755,4.193107488040604,10.281182571542647,4.223031310864345,-3.0387572869038038,1.7667451596022898,-0.1706167888646859,0.4480650882271453,-11.274357339870033,10.584540229052175,2.9204862233796147,-4.1902704221888465,-11.205207819725228,-6.7450914723489745,1.4440305860542901,-4.440749381899223,-6.930983601059726,-3.2672546896906685,-19.531842094766183,-20.848314356245,-5.090484384998173,-1.5525947761131476,0.13439855111807564,-1.439089363124313,-2.4509793928966794,-4.706639851829486,-0.5532869069188799
2008-06-01,-3.1447122588283083,2.9641456260986576,2.6324199048969987,-0.5984615863347642,-5.417149734939331,-4.7205846833710545,-9.829049500348596,-15.960582790429378,-3.0776485661663355,-4.734789081885859,-2.834581464712571,1.1661180796488813,3.3303889498257577,5.274025785642977,7.074173221677116,-3.391020044848414,1.9380420673309917,-0.1316339345588169,-0.10450295780691787,-10.244194196148715,8.54432964033085,4.990211812842804,-6.0243704021203826,-14.640408710041752,-8.560068020406131,3.195496573533285,-5.112208571827459,-8.480338646912266,-3.5005000714387835,-18.4969183065127,-18.922947878948946,-4.4536242984317465,-4.075747541725693,0.5192174400950655,-1.7241548693866626,-4.280089407482912,-6.033389352189489,-1.3033342370919527
2008-07-01,-4.057279236276856,5.624499721982912,2.3736422350523423,-1.9615322456788764,-6.035571970065123,-4.942822548096338,-10.588075219578108,-16.35417496806877,-3.154624676214801,-4.2376029159093775,-3.4099559615535124,0.15459281886627263,1.7912644390437604,0.11319743142965688,6.8846314506022965,-5.665162042907146,4.720639133942273,-0.22270128894844587,-1.5607601629809453,-10.317728150916661,4.740620690272213,4.23200784094091,-7.439485561926018,-14.193834851522446,-10.03483855911721,4.910741717524525,-4.9540881332103215,-8.203209988117354,-3.3885637100405153,-18.260624301161688,-17.192562152576485,-4.536166992495416,-5.695417183687401,2.374929118304947,-1.9583542349041472,-4.120866346291862,-7.280860228626429,-1.9227656768146897
2008-08-01,-4.991695970458066,3.9474359632462264,-5.8145124407640525,-3.681833935336265,-6.231805354011055,-6.4519318049052305,-14.315440601843566,-22.514173844778572,-3.9824192283004156,-3.529446157599281,-4.170317029566151,-4.7770825549061975,0.1563948100092638,-10.780943497826833,4.86985274241869,-3.699203805190787,8.823704016411282,-2.441092074284401,-2.9862883476787228,-16.436150379729575,4.5144596031814865,5.16222239840729,-7.713760370204192,-10.941314828442328,-12.123296288530083,0.8542547832106395,-5.84632173691112,-9.635138432029077,-4.051961613942845,-26.050827559166834,-14.666796951338668,-4.015474579300826,-4.728524408934454,-2.879283812501532,-3.6832804845724265,-3.1779236538004962,-8.626559827706348,-3.149838068810142
2008-09-01,-8.512479293719167,-7.980201427049504,-4.010717550718724,-7.488067898152773,-9.825912583627616,-7.056388101345579,-14.113134089087376,-19.125762758642352,-4.87880809428508,-3.5311112246441567,-3.8604837785165658,-8.883682275262894,-7.434892240353963,-41.39935458134975,1.848124997223377,-7.023321233355507,14.027270416014325,-9.005683432488743,-5.066905802910959,-15.077567911714763,1.6526875532794971,1.9234529713970883,-15.866450391997834,-14.843046595224706,-26.882833967339725,-8.341402231014861,-7.824956976785014,-12.063545431621424,-5.837214937669966,-22.274720458609597,-17.60058236568304,-4.022966185075861,-6.135418595646536,-2.1297554452170853,-8.129671169273866,-3.0682078419184355,-15.144278136404122,-7.6539773608994945
2008-10-01,-8.970257018657723,0.3834091092716152,-2.1468303584614046,-10.282992574306704,-7.425198889255968,-6.0221927610191965,-16.183771590246508,-21.554409035140154,-2.8555239774076258,-1.8454204072350766,-5.135393482851103,0.08951348946248938,-9.088922604223326,-48.017192297223254,0.0449739162335927,-8.253411239630015,17.906444906444907,-6.402801801464097,-8.493260370857147,-18.33149458039586,-2.7484939293003996,-4.830423191680932,-11.28569044712413,-16.48974823930509,-16.169355849494906,-1.7084114588367227,-8.505408929137747,-12.935424385457372,-6.449379607984174,-24.518660137454596,-17.630913921261882,-5.820832658350872,-6.0976530706428385,-0.7961094512742628,-6.954774955305398,-1.44535236344423,-10.852498017446466,-8.759933168902498
2008-11-01,-11.673984429767925,1.534375207981653,-0.8727050906157108,-13.794537695029518,-9.301972550385319,-6.942930834059869,-19.955483263419225,-25.39705177773568,-2.853127449302262,-2.115576957569898,-4.133930432657385,0.9826252836720561,-9.322586436610003,-36.69109593829375,-3.174796451864348,-9.869354811128773,12.523550027348417,-8.544587079585309,-14.109828888158516,-22.851510344688176,-9.421661536228553,-13.721773741933808,-15.390733449157935,-20.78907123312097,-22.542686962276637,0.3496234361958228,-11.508121465821253,-17.097572762032343,-8.948872544188923,-28.195154988400706,-21.248479254939788,-8.453803046578745,-11.410352588147033,-1.066456479486455,-8.670184180956564,-1.7149331595402106,-13.780753905508824,-10.533219207019819
2008-12-01,-14.75139088463947,-1.1692902281088102,0.6650447043331287,-16.97645406233731,-12.394980515533938,-8.672567983534595,-23.88750593824228,-30.661037530150182,-3.8576687560488043,-3.780490283762894,-6.848254050216229,4.159430376358486,-9.938467590121093,-24.143010424471147,-5.631615863616169,-14.820259367211596,5.480029437345291,-11.924392569204546,-19.068209982334483,-26.7531599646616,-15.016774996426374,-20.240750213128734,-20.344992354740064,-24.867083359463738,-28.1954700897061,-0.6066070989425243,-14.938159666898477,-21.745257865468115,-11.81481082439979,-32.89275261553206,-24.348111932144377,-9.804986550796613,-17.578050853752146,0.42849268770170923,-11.275932799374866,-3.60416884159912,-17.87002753251685,-12.65391487941286
2009-01-01,-17.33477959843065,-1.2567738542793694,-0.7025714710399922,-22.04220791962639,-12.005758761866204,-10.703107177077154,-31.267042691821455,-45.11868119199954,-4.335064958449997,-2.9697205563744444,-7.073971075000529,1.3232600923612114,-14.69197761194031,-34.9197984141166,-8.69002575434803,-18.81254510968997,-2.0824306759098743,-13.355539516573723,-23.689067606659897,-40.43688823338467,-17.823574744119185,-23.126814855066314,-18.86297760210803,-21.516763738202037,-26.191432171356567,-0.6830398528317905,-16.922419715679894,-25.142341823601143,-13.159341646602229,-51.747251439548656,-26.135029724715054,-11.034998774462379,-16.207861891986475,-0.2921332470932292,-13.374737150960936,-2.8263752134747966,-17.170542017945078,-15.917387507869114
2009-02-01,-16.83894420736526,-2.6463848643074273,-4.878742280934889,-21.975113880617613,-10.652723700010924,-10.432465050789508,-29.290433080499135,-39.717605418817584,-4.624891899682904,-1.582959705549214,-8.029191826864256,-1.3559601454875225,-15.745913124708078,-30.47064170805962,-10.11610319959667,-20.796329339790976,-14.419309654150403,-13.473579727165575,-23.99846586914922,-38.01656520078832,-18.14512860854848,-25.226632350096303,-16.213272860907445,-25.815574992184143,-22.866889493814835,-2.1865769905710097,-17.41412493015584,-24.83018672109455,-14.103315329241218,-45.302507236609245,-27.31852196954255,-11.409469389856241,-13.288653234358428,-4.0487749734646865,-13.56290012175483,-1.026719303970014,-15.809186364445305,-16.66230712189844
2009-03-01,-18.027165795369694,-5.278682708511617,-2.847321402188574,-23.65160551364588,-11.086572195403456,-9.815329589889,-27.58959145413744,-34.2929021099547,-4.415738003183989,-2.2860156751842386,-6.614552454564748,0.8000471172746826,-18.665448745293702,-29.45982777117342,-11.104686646750828,-26.27352985945507,-28.575422341147817,-15.057666294120542,-26.181685256962684,-38.10788991981002,-20.688290671989996,-27.930687714435408,-17.414425811777168,-25.248038341832636,-23.827744550828545,-3.352639453130135,-18.334568904688332,-26.388012894635416,-14.77762432186025,-40.423919215541204,-27.13694209639631,-14.329625387457678,-17.637510967132354,-1.1379465485307994,-14.656371264798008,-1.5447394471316156,-15.284175045610349,-18.483035078296744
2009-04-01,-17.82892318134256,-7.180820920896425,-3.328344541704009,-23.581607286659622,-10.724952784559406,-9.594851529442462,-25.75710663423014,-30.54150818440865,-4.789204043933648,-2.477710861915061,-7.924854559575623,1.0499151103565252,-19.388991704792048,-30.98272087384355,-11.827019252229832,-25.9447273498833,-35.995202742779675,-15.40041221901227,-26.97403448732193,-36.76194395386453,-22.227990426095513,-29.08781330595689,-15.34371843750284,-22.446590576529125,-19.169720142318525,-4.640028054874001,-18.132444709345908,-26.470934484419317,-14.492170795840199,-36.71417474830058,-28.025982494419775,-14.656873635924029,-18.2285142211726,-1.6148321075886374,-14.814381585860293,-1.8679332222734102,-13.832600575187593,-18.69275973759938
2009-05-01,-18.20671143485849,-7.262104403807235,-3.502979690271668,-24.81599471595224,-10.253492459987045,-10.262235796732133,-28.115662260049945,-34.3901204549289,-4.961040621888502,-1.7610680662054734,-9.267880746071377,0.4068855937795268,-21.41606933708128,-36.75945353556006,-11.285162255370428,-29.15899968029555,-39.82080074045031,-15.29051723299214,-27.773028956972222,-39.057845177756,-22.861343226326024,-29.3039269794099,-13.75320841889116,-23.4967921059543,-17.49575772811751,-4.508091061161091,-17.83477730101033,-26.141934437748294,-14.217333871500381,-42.7737188084347,-27.758260442059125,-14.674713463766498,-16.629267006354254,-3.0474275022429276,-15.160022739286095,-0.753131167907084,-13.445945945945947,-19.417855786590998
2009-06-01,-17.903416795584338,-8.217639005222566,-5.699004999557989,-25.267732987026626,-9.020791226888235,-10.491690921040275,-29.435039081910162,-36.65228754053969,-4.7956523335659025,-0.9956272003350586,-7.886135771388192,-1.5972698389435158,-21.811520685379328,-36.49041389643442,-11.894524399091132,-29.35920833480987,-43.026265774669305,-15.596528674335064,-28.593815836721813,-43.8905007362084,-23.12010747872816,-29.838318173037347,-12.005454613150645,-19.529344790713065,-16.00145858972605,-5.358418415939637,-17.007144893286373,-25.48356551033416,-13.32293825880958,-46.271277328387285,-32.40820883674003,-14.606549621530707,-12.330790271696856,-3.13410016725324,-15.282903812703685,-0.04689319360642319,-11.93720104271241,-19.122687768809023
2009-07-01,-15.858016120945662,-9.5581497593484,-5.706803676155758,-21.490472728762022,-8.833546470079368,-8.942859299516904,-21.057674648027735,-20.305780867773915,-5.392512798830873,-2.2640014436509537,-8.803382290116812,-1.0298054140583157,-19.83277687412608,-28.494837631554294,-10.515742242952763,-29.61397849462366,-43.686600730598144,-14.354227900226867,-24.838647843652705,-31.678770831471446,-20.215088403945437,-27.30916479161769,-10.50777572768008,-22.231073198268835,-13.1270497118823,-6.7489003297546475,-16.58749895994157,-25.20888978021677,-12.815905002470018,-28.03293997792681,-29.89400421100318,-14.543160453701699,-11.908424584952304,-4.20707641555903,-14.018720654921957,-1.1825086558452824,-10.8221019671908,-18.027086524396285
2009-08-01,-13.836170275100335,-7.053968253968246,-1.0909004500390562,-19.170591642686972,-7.068368034786909,-6.364972619848219,-16.24627759524411,-9.886136728668726,-3.552427554061699,-0.2695967021426604,-6.9918687101425565,1.09424726194296,-17.95625855454669,-19.594246868407083,-9.972352497633663,-27.219642265947265,-45.023396775366706,-11.677977846952581,-22.347476645269037,-25.134972115650832,-19.946734052472316,-22.184759208222683,-8.380060820408197,-20.45422953959256,-9.244733752660562,-3.7639702447263335,-15.164884468705598,-23.081348799970215,-11.7542526341468,-17.363030769927946,-30.263472929223532,-13.268020804235348,-11.143050537549337,-1.8284593280977868,-11.689299172061052,0.34870382141609646,-8.25556104366514,-16.40590365122508
2009-09-01,-9.815548171413246,4.486651575009382,-1.9151331180640718,-14.415973111913882,-3.5724406659581986,-4.738972546361298,-11.456236250916607,-3.518010382014869,-2.8501963717972756,-0.9645978367421537,-8.07870025339097,6.3924051342979515,-11.803810187569452,28.052908866718983,-8.42704348470903,-27.409913582259914,-45.657036237326324,-4.345044384798635,-18.705299036657507,-18.98704125531513,-16.597215856586146,-18.419987791052595,-0.1291524963436208,-19.7030041417249,8.189282066618887,6.731645144529064,-13.33634978091065,-21.257909728727363,-9.960540988762755,-8.045646018713114,-28.448145833782245,-11.201634822253547,-9.30833176400958,-1.5591258349096915,-6.805879122929537,-0.3154673948468356,-1.8623617161593664,-12.652859810564903
2009-10-01,-9.112143109510063,-4.346877004538962,-0.4331317082593822,-12.105756588983873,-5.2278623855865565,-4.61814211451872,-10.316954373304355,-2.597415618008758,-3.0487071000712906,-1.0738942240563598,-7.790352295371672,3.362613259633762,-9.741912527985097,44.074450935781506,-8.554567384158618,-23.65767388317427,-44.82858133643668,-6.8198644471983645,-15.610094059611946,-14.210108528915988,-14.036161752951537,-12.364901215100643,-3.7778063775232407,-11.847466311004117,-3.374798158004888,-0.9420012856645954,-12.358729455714856,-21.271593183452197,-8.596115217161483,-4.836806242133784,-26.231562385862382,-9.048313632673288,-9.359306585649174,-2.7402403174609735,-7.474512230012276,-0.4026479505660041,-5.664724458479753,-11.190260307115707
2009-11-01,-5.810393082417809,-6.733128742960992,-4.718464332860217,-8.239007948485765,-2.410849660332759,-4.1868113636585385,-5.02756981580511,4.289571864255914,-3.95329858857133,-1.1378482855149197,-7.439677279066636,-3.4665394796858373,-10.363681835707506,17.391024284307676,-6.343552978031797,-23.76322155290994,-41.85585261199628,-4.4405070287128146,-9.534602188509444,-7.222977613154635,-8.569177560858353,-1.4746764658891354,2.596574428632903,-1.0623100698683219,6.4634990345016075,-3.988623792955892,-8.800198757763965,-15.403959057491923,-6.0882185095539,2.5181434709704353,-21.99079006558232,-6.46214745175655,-2.3343777344962957,-5.418984389018478,-5.83001235670767,-0.10781875100488447,-1.1159302016376715,-9.49545648814015
2009-12-01,-2.6013162714358717,-5.796119322867133,0.8863851637668896,-4.542066380497589,0.43645935357492505,-2.180728538236787,-0.6543633376774549,10.413167404692825,-2.5485916420494137,0.5935210193477758,-6.696538556294662,-1.533413445970755,-9.066423741750851,-0.6110553928038942,-5.018354714069295,-16.633010325025033,-36.44972440869968,-0.35679845708774804,-3.637650832633743,0.6187192467303593,-2.220428678852726,3.3546179038367985,7.007932500128167,4.652952960379864,13.000989324498446,-1.2732565191024947,-4.847696456771966,-12.36321354208918,-1.842517071561589,10.917488352882287,-17.749190631521618,-6.218994637685304,1.8819182649704835,-0.053849850905163255,-2.704223119324234,1.6167807212999374,2.728087160072823,-6.7395428049473765
2010-01-01,1.6963140068187554,-3.3997119778376828,1.4879348542003568,3.3232776684952947,1.2100122299892435,0.9265655657292315,13.913362130560936,47.682683986321294,-1.9697711188074063,0.6238498886207866,-6.121522648941413,-0.16345318527850594,-2.74422581907966,16.416317643841218,-1.5987705693429222,-10.441077507207597,-26.586050499184154,2.8580239557007614,4.91786712477762,25.888788102675164,3.1650367510106303,12.251310750974454,6.869536506286922,2.4143687966683203,13.512144769890666,-0.6781483769713548,-1.7350269769394577,-6.610681202978597,0.15735470295032972,62.110566421388526,-10.953119393038403,-6.195351130316251,1.1236066780021536,-2.2328254444540008,0.87230439200634,1.3720233233287749,4.144459623265928,-2.1900351419754265
2010-02-01,1.7683057714495298,-0.3790503816491486,6.0082649467031235,3.895903677793733,0.735332299537439,-0.019497216797814687,9.935707117893333,29.868389238873625,-2.29140298845798,-1.1487973527713136,-6.99679936143739,2.9798301597083743,-1.277025079273575,5.546648119880904,-0.5429026653907987,-7.081386217639252,-11.832658612182922,4.877138244507129,6.715836534729003,23.05119852706865,4.945787816747393,15.258328712051593,6.422187157337311,11.140404178999152,12.201136485472297,2.6395545574799284,-0.4534109995661395,-4.8201379253215215,1.2314536489007377,37.99051057200287,-8.591402588037333,-7.108770655529328,0.03032941659899535,0.5147324840299561,1.8708182344855606,-0.45143350677254723,3.0093682440547553,-0.8251118495170193
2010-03-01,4.944009347529255,2.835967641725623,1.0985824676944311,8.397415503358662,2.5815451152258584,0.9566511968157609,11.589508611155019,27.195667660046794,-1.4894690257064247,0.07088430002015755,-5.9199285188029975,1.2546612884041242,3.712846169545392,7.811053657012734,0.9983750906289002,1.5291708962028805,8.036979050175198,7.297946984629755,12.66214814302511,29.614632099276793,9.678827007424285,22.46943980300764,8.414227527891516,12.206302044646012,15.404689622478095,2.4944842682545154,1.9456031708880328,0.22372296432928707,2.598342128286979,38.82486528265674,-7.136645837125133,-3.4519484247180765,5.48585873898384,-0.6245196603412828,4.200672107537207,0.2504598120068202,4.220224241663351,2.750513508355918
2010-04-01,6.55241206912176,4.980109637988983,-1.5744438570920782,11.231632205575304,3.0993688572973577,0.4297969160602211,11.941154628433992,25.68258699924746,-2.2335850138583524,-0.44374776442864805,-4.23344420925309,-3.7262167924282497,7.2606283796382565,9.340725871781185,2.08502280493692,9.889644172892375,20.40616394831605,8.68801360877065,16.281755196304857,30.858109671448396,14.10611785635545,22.41792077739564,8.00521506780556,12.08901790033865,12.307545750485339,3.061828215901552,4.109122116521635,5.184777282364528,3.720547175593314,37.232812285046094,-3.1841718295921084,-3.303880432452311,8.372652245023527,-0.4879818990221718,5.4282103558062955,-0.22712689785876483,4.175857901904734,5.544869524193452
2010-05-01,9.055235440296027,5.194616045915446,3.9833358979416644,16.13703293509805,3.467790984155772,3.513376660663492,21.30915576522552,44.22300434003412,-0.48057515234232184,0.6951961704072751,-3.447745611408304,1.0556764162519494,11.218964882011996,21.362404119324594,1.9084586202051446,17.989765550371196,24.327921100019868,10.91753433782836,21.2133485576405,45.00407207090908,17.504108184244327,26.33809058841756,7.264821453814574,15.812343063402379,12.478289825926847,4.896716267972612,5.224730375661246,6.024825251161436,4.9361909630063705,66.25785913825585,-2.4435543898203016,-3.297175383954476,5.481288605833301,0.8309381212251665,7.942609605426321,0.14581050109330196,4.855388826244944,7.969350386022407
2010-06-01,9.32628745642372,5.6686965255417165,6.968353316272058,17.404934578125864,2.877365621975625,3.70607739210973,21.3734313138249,44.30526975038025,-0.23720445867242423,0.43283756436525156,-5.3974571056395915,4.410120457831246,12.198617859219652,23.08176146494607,2.5938124648542837,18.117925918494016,22.858518501221493,11.953619816754468,23.21347596069996,54.69057681045266,19.495847138665322,27.734176730288553,7.494316877577756,12.274026557555718,13.651508212306629,5.641171431482617,5.13484735839671,6.105100841383471,4.7824894012493235,70.67137897134039,4.401591210456535,-2.2891306689647672,3.041298258555214,2.2126509227500035,8.551328146848402,0.08048656245067676,4.378897755467626,8.371140744823803
2010-07-01,8.254162145190659,5.188261074801681,7.509429818077384,14.711409676060505,2.955121877762279,3.067788531283022,14.735747768539653,25.505949255636253,0.2409357634166387,0.7684700209679152,-5.043048443633191,5.662343838872452,11.954104818519461,19.00595744680851,3.451157586101883,19.705337183071347,21.52777394717593,10.622866948064335,19.715710604381222,33.86121538517146,19.30748418140189,20.580129959829343,6.771309976879181,20.57614911240695,11.830346669169177,5.52036801615976,4.963934527979008,5.28148542691762,4.8503696924859785,39.234437015529686,0.02716932363071578,-2.0747978540838874,3.2480609975048758,2.710297423270469,7.747013804699288,0.3648871837110823,3.684798061235206,8.18138010137913
2010-08-01,7.211532467650206,5.620830202427296,6.649870424512505,13.074905080432364,2.5008658375739845,1.8288672719456445,10.06463006308187,15.993881073899585,-0.17713598074609038,0.5837144608421108,-5.5132456946497825,5.817527960739688,11.059469836260893,16.72449990030678,3.422057749080798,18.678708509858776,24.452593373347863,10.044435477644043,17.918693789768092,24.975730559683008,20.376846676438575,13.319015862250861,6.458956761323664,16.810508023726523,10.93419375465372,5.670112075360834,4.40832966064344,5.195627283004178,4.126813335431434,28.183122663668847,4.136376528190344,-4.6140868831716535,1.8084506484898233,2.3635831844218247,6.968742858593813,0.7156053141123442,3.0536297863498207,7.462977516908212
2010-09-01,6.19089065556413,7.475018752593954,5.504819338091216,11.27270342597566,2.200670630037127,0.532777344611679,5.284291176201195,7.355406598399417,-0.6449004735687103,0.2650720402473272,-4.4284092751743165,3.2524989006840643,10.293665149932863,10.878595825547755,3.150994063603396,22.429122818839687,22.82736147911093,9.694803267158303,15.675284201958739,18.092739460233133,18.40593852062755,13.276848840913424,6.366858500993766,17.436242673847623,10.267678785457445,6.565973134076919,4.241724784154677,5.58277412525614,3.7565961140485937,16.684838657316693,2.4882176682276214,-5.508719163932419,1.7739016938091545,2.5791537799317643,6.346682104150392,0.5964284127195629,3.1934427470801108,7.013417462477577
2010-10-01,6.116714987968219,8.113910672145375,-0.20795882051577452,11.68827726191739,1.6901976069781721,0.16694609201282073,7.163057438231957,11.272257260031848,-1.5632161955691393,0.9470219724152962,-3.8214067278287467,-3.284969173934482,9.910526976802592,8.539442109673567,4.225624301718134,21.64839133728713,21.60787317523205,8.879116398789645,16.06903675074134,18.475836827896753,19.30010023526416,12.190593928411907,4.42718246823397,7.559389270722816,7.204235188291341,5.5357645829688495,3.778737952498812,7.400533122716957,2.489511371881026,18.43082996782637,5.126369189987967,-5.616872555620278,1.3624354272644634,0.046321119575121195,5.760258506490601,0.8223504032224271,1.6898167793525598,6.583165089516807
2010-11-01,5.170624510766997,7.486528516609803,4.135749934112587,10.54411385410139,0.8017449327238468,0.25260524624426406,4.0375729016645545,4.721062618595817,-0.7028994602736205,-0.24105847919536627,-3.2346651113055347,2.8641456431544254,9.746366154872788,4.043113584698599,3.399315916744694,26.323648354383124,18.74061421118092,7.9189899502921435,14.105064715666238,14.838134308392048,20.089440892188936,6.265303971329894,2.1988620991725716,1.7694003990339269,4.831153405522759,6.252332750379774,3.9088022421319257,6.02142088657327,3.1463765489076145,10.683697884887522,4.102583557798112,-5.216583036092137,-1.2707129094412406,4.566875355719979,5.39500875348351,-0.5007516534798584,0.9569732937685371,6.555846275077416
2010-12-01,5.744726641802145,9.01819935102688,4.027316571790007,10.64292345429283,1.9078905934147183,1.4504144405333097,3.9903649216804338,4.159920019822194,0.7810011101993641,0.43650285296668034,-1.6428748246555047,5.4620620537019215,8.640600162391499,0.7563616733812006,2.8156999645170044,23.78722498039929,16.994031578737246,8.834196264395633,14.68118001817853,12.13543088042397,21.599035513402633,10.282627737830175,4.573984266863995,5.934013346212819,7.811808061732983,6.4216058437202905,3.7507164601485066,6.819595568632852,2.6483987005389675,8.60047935597783,3.6258249812124,-4.044581361749633,1.073208125718672,1.415948971234271,5.996200467756596,0.09296465443739965,2.6847085079847233,5.96899504259158
2011-01-01,4.720966418897921,6.759022525017255,1.3746718192277019,9.278633053303187,1.0178255874926823,0.7995933687515722,3.7175917070541464,4.717595687484888,0.04224148690032958,0.020714894008788676,-1.8184500151605776,3.2698794981978363,7.423493882433885,0.9556932384396255,1.0381439152215899,22.578418608087002,12.886243560645294,6.963129836916981,12.81296732821331,11.315634646813155,18.97986509289091,8.538649244332497,3.206841153077078,1.9866363326944025,5.175246961914781,4.3652859555601164,2.4306035078027977,4.311783701026428,1.7372720727755642,8.932723981731883,-0.45767578420155,-3.8900611372612692,2.126864570939735,1.5207292120886784,4.632504538708293,-0.32946326347688126,0.9523897500323342,4.702354812641369
2011-02-01,4.950076294451544,2.776118030978525,-1.870155038759691,9.984747754125035,0.6386937857995489,1.4607386291702662,7.951698314653433,12.626438837319775,-0.14790039440104596,-0.0701078460785376,1.0080271948571973,-0.6998695605427763,7.394583691777612,5.110224408881314,0.4535067961799921,21.99773939286882,9.006609450527758,4.800615738579839,12.501473831032484,14.624345566686392,18.3679727380323,6.682281754745523,1.5442175776632316,3.664870680152732,2.9284121675426045,0.5713765066668541,2.2203115189515676,3.569447013131133,1.7095739656100895,18.506681741605057,0.8509923374166339,-3.883867133742025,0.48218931554546707,-0.593832851351972,3.827364378514675,-0.4253365131293596,1.5558685533593852,4.571906132938862
2011-03-01,4.3189083956045815,5.511333363685256,1.2797859602606376,8.624756459708616,0.6731832438333418,1.4098281908646593,8.451606893339525,14.223300198116661,-0.3207543524046841,-0.24031120826166763,0.20577674472852525,0.11005192431148281,4.909924617453099,2.286178767558855,-0.6536950969405431,18.763817857897337,7.27693050859155,6.288555370846671,11.500802341585104,15.02499025898485,17.229130144901173,5.963904447316781,2.411190022136722,-1.893645747136452,4.513720882007322,4.270302377635193,2.1332314852264833,2.6827197653777946,1.914657047612467,19.597634727776313,-2.4927409988385607,-3.7529631744889214,-0.2000291304558921,2.5328500274033994,4.193025357503588,-0.3131380597488187,2.0255932690258494,3.3869702939010784
2011-04-01,2.946721289412624,5.641674859597856,4.071096467218371,6.048576916196691,0.28426436586026504,2.1561095587797396,3.825027044020479,7.439956284280069,1.6833996461145917,1.637708940508631,0.9023980855200842,4.502354653192064,3.278638652211807,1.6004629348007393,-1.8105510632338229,13.81050413092957,9.766143696874874,5.2053605895668875,9.00847353199139,7.653247284260312,15.38065871040304,6.250540828982665,0.546344764444795,-0.3375228755913007,1.0071465481100272,4.75146704533731,0.8416022547269364,-0.16178542847193889,1.1965850545870182,9.85559866484762,-1.6059371445847237,-2.37787930857003,-0.813973697931758,0.9076061912827615,3.505332834432129,1.4393315062192213,0.6048609832443264,1.9367959865685536
2011-05-01,1.649844968164249,6.850829000053915,-0.6515175591927602,4.481508473169082,-0.7717368562632609,0.5086350969311537,1.1611850139697122,2.758413248876468,0.33706128913870703,-0.7336047695215897,1.6672394571622506,2.1733679191001,2.682843417358227,-1.6015762772652709,-1.6642940279592122,12.676131159942283,15.11962544564236,3.7029920774263037,7.715349414778538,1.881590213426687,14.702855452962261,6.767624914442183,-1.0990883868410628,-2.081762977141255,-1.667972793854422,3.168630924947191,0.5072574484339176,0.7894966915452661,0.4126184405488953,3.1684627029405332,-0.46142219767761894,-2.738465443929683,-1.760461202143515,1.9544809067401747,2.248891889831528,-0.47432425613509466,-0.9972518129762298,1.4851864051423782
2011-06-01,1.8466246115182994,7.239767526921437,-1.4752134921175886,4.518862354361586,-0.3514980655609734,0.7640451711111274,1.6985058781471496,3.9433456644691,0.49293460400918754,-0.05522059948405156,2.7800538946941566,0.4245750174231455,2.6469564658703426,-1.6141288488685346,-2.2040873666562155,12.910915015538894,23.861198852374454,3.7940224350355267,7.503084606692001,4.808646144429551,14.626235892689543,2.8827680571305248,-1.9483561145061445,-2.5459375691830766,-3.189427144507795,3.974736962434089,0.5114434550940405,1.4113653139930848,0.20479630918333047,3.9954384511733387,-1.2635719677175805,-3.685416617449022,-1.2730966431266366,1.2583504851209515,2.3688810428642126,-0.12454802400380105,-0.9627562914150345,1.469854696233533
2011-07-01,1.9313659073588063,6.003181459969054,1.0706112306135829,4.038163538858752,0.2576668924090475,0.7976546901171,-0.6879171301445997,-0.3835940185077713,1.2221360728823294,1.1076899100074478,3.614017181253737,0.605210896229158,2.943707619618907,-3.1377653183820575,-0.9425716998010092,13.233612855540011,27.836380471686127,3.7399615583039836,7.032228462271362,3.057982474750398,12.680900705719477,4.925334533855685,-1.5639931824675157,-5.660582446341533,-3.067724524631432,4.030014392908532,1.2114652573558482,2.9194832498439904,0.6257513451563668,0.2361365437699936,-0.36191454999265904,-3.38338148691959,0.15534734695858976,0.937724615582769,2.484132372991299,0.8795615161540038,-0.7196032060071356,1.9919425030659115
2011-08-01,2.301633195445363,6.315790734412952,0.6787330316742057,5.109004847188392,-0.19336190571115353,1.6482077076229729,3.67411893025944,6.525859843840753,1.1486049898255413,-0.18229622407227586,4.0622145539429555,1.6583173236707882,4.058262615491692,0.28048598431347216,0.1399115501694359,12.101115075270673,28.71216080936223,3.5636561172003534,6.883592276939554,7.557419105971364,12.639197655618428,3.2299127923546056,-3.0006059658313378,-8.91018342295321,-4.485125424242997,4.454962123398465,1.407541077025365,2.133140652667409,1.1656758694067237,7.707292030602719,-3.859551044981502,-1.6697752194745452,-0.8599830918578633,2.7038187999249175,2.7992943499441703,-0.515224695506078,-0.7698864417498452,2.6086404561435907
2011-09-01,2.466401341833868,4.3323814989855824,-1.1200642274592054,5.119298038824582,0.08886315074785323,1.3909645949154337,3.5667294353204815,5.518717379687388,0.8651256515084027,-0.40429561476252873,3.3127470774868994,1.3498290883725783,4.505644075569948,1.389510915125003,1.4832687789700927,10.99015683624389,30.301511954992954,2.6838681568436273,7.066551402096288,7.613702705773706,12.43612225391546,4.2182545674165794,-2.576669756549732,-7.849435171134722,-3.523858175350958,2.0964275294005574,1.6188556136425447,2.266450825156885,1.4044459498476325,6.273079322613118,-2.9662604403111748,-0.6132898216395732,0.032061558191709416,2.554817506374607,2.4123837996766095,-0.9839465776434353,-0.2769930660013964,2.928810657812852
2011-10-01,2.9589247030306964,6.7264378334269015,0.9382711548957312,5.688523608186702,0.5799552648829476,1.662329729276002,5.221651729297605,9.126529468744593,0.8245782524761713,-0.4785972471078037,3.091428619879766,1.7746775196676445,6.078736958377906,8.318248149567031,1.5290122956044039,9.90053481281552,33.83325595045159,4.220923137308863,6.788303986129218,7.914449373668342,12.163705095524024,3.83124050680681,-1.3034739600780387,-7.436379075212929,-1.5318886878873172,5.121470318163701,1.7708202111476723,2.4826264409023135,1.5447735009325836,10.618092600405738,-2.4287743094803416,-0.1330490678550289,-0.761539808204792,3.71021055780536,3.4162150732061747,-0.5899751243001461,0.8707424957575816,3.7431215605612653
2011-11-01,2.6104915150064745,8.825952515968893,-1.0315373127012473,5.601812453857402,-0.05304455742823899,1.2024396265579274,5.062654772743391,10.30904995753794,0.2800385052944776,0.13068766906731977,0.4587655189157047,1.2649864503192276,7.265471979729088,12.905359691036832,2.4191182694214053,9.341016548463354,33.523981711663154,4.471263241921997,6.877641572254656,7.824796015573221,10.545941015506234,5.681503877004057,-2.0711509127589345,-7.266676984986853,-3.3091542421864517,6.011889377100044,0.14639737659256635,1.7901101544853804,-0.3958378618864056,12.063300108376772,-3.0152621681899694,-0.49830576041458574,0.41666260087236395,-0.7253115698392376,3.3174195787687877,-0.15785394756459015,-1.1049673010507743,3.4356038810601235
2011-12-01,2.7945807918992926,9.248379925263706,-7.201854473251701,6.114268942695245,-0.2621558581368033,0.018991367468901288,6.349331016591364,13.01599200054213,-1.4780542943081065,-0.5417674247437887,1.474005654409849,-5.784300138586418,7.864747480489198,15.326612897088431,3.8294702814003045,9.29099349332514,31.659003079652948,3.8052968487229055,7.09297539636915,13.635530991746347,9.481776833075362,2.8094787085400474,-2.924492441446802,-8.719475978149028,-4.759071980963714,4.748266714688443,0.7370507696000894,3.967518527334035,-0.34467601364154277,15.81201672589696,-5.742801751992543,-0.05974857798384248,0.43367074083797696,-2.5017436951653815,2.859134467066693,-0.6544705461898337,-1.2300920514319191,4.040871589157718
2012-01-01,3.6091744062043407,10.871743486973928,-7.813667006159363,6.9970874727890875,0.522988385037082,-0.1409308062889636,8.00144662169524,15.385106446556684,-2.052645215772453,-0.16150087026375326,0.35640357905981634,-7.796258211369123,8.602295717848808,17.628547831945962,6.110109694080057,7.830582208872028,30.48988036640916,5.1110304586951205,7.29002136689727,16.211408787253557,9.8532422966376,0.19943794760222122,-1.151286732230139,-2.72781563971054,-2.0962022420498716,6.643020911153941,1.8868182890656504,5.846984890779794,0.565513236258619,19.399194841283986,-2.032864155226388,-0.31363592498472315,-0.21085671371626757,-2.205624228207048,3.6910016324102957,-0.07376135348912127,-0.15006634030287902,5.020971718366822
2012-02-01,3.861939458773711,12.833879449862629,-5.489483558803188,6.819342980937049,1.1708557551507237,-0.052025523701815235,4.53164453619308,8.78066431595812,-1.1452635655162413,0.3404617512501318,0.10329545833194231,-5.1845866896561565,9.346258620779802,20.283198003508353,6.8773167224791765,8.229627035876863,28.68778280542985,6.248952640807248,7.52751951424282,12.339905311302912,10.434174079904723,2.817622950819665,-0.5573319342288996,-4.987367830073919,-1.3103688373982236,8.767040334155052,2.5844227527985986,7.313025210084034,1.0163683883214203,12.395955018417082,-3.5534244987831753,1.3569691102415238,2.2971723365941443,-0.4077837869423617,4.439148449901298,0.2642612903431374,-0.11940298507462366,5.746269358606993
2012-03-01,2.668767976864772,8.855260595303193,-6.555705176442627,5.871078570283128,-0.38127730891243106,-1.9337551620494664,1.4621420088390513,4.350360006638843,-2.743908349002655,-1.0834794628045707,-1.2362820086464832,-7.672726935860242,10.403661783799256,20.616089719314058,6.4576350931406346,10.480656729479577,27.406645009809914,3.9510938801171402,5.022881329803863,7.784295424027432,9.23024531051273,-2.4007445289770057,-1.9863985517882377,-3.6295513668528123,-3.5534769463341,6.150939070689954,1.4252235577857375,5.9975786280974,-0.08954809614062365,7.846952519189787,-2.301862632699536,0.11217505811966788,1.060527928857069,-4.923699269544823,2.8286925428470555,-1.039262561422294,-1.4913037555061126,5.657371403437246
2012-04-01,3.72038687923828,8.442700848361229,-2.8070280106195833,7.85418694283313,-0.10879220688485569,-1.000034165154351,6.180991504996158,11.896114436441119,-2.6698072393404826,-1.545091597180348,-2.652513340799789,-5.0560192712048035,11.312513281672443,25.81564290407561,8.469107166239542,11.25408067810849,21.69098950547841,5.175617132037669,7.027757275119062,16.82004588545063,9.812463475535239,-1.0243602273138475,-0.658187756717965,-4.838332481615892,-1.527027027027017,6.683474609655615,2.434493526579784,7.379575996627374,0.8013681549169815,19.543737078491464,-4.545288277940751,-0.16222442126437864,1.4797075630579304,-1.2486163015980933,3.9040297563633697,-1.38175130995567,-0.8052929710735013,6.609519570093415
2012-05-01,3.4201981656289737,7.644385020605959,1.9283829174664202,7.054185539339031,0.14880055905635015,-0.5810219564083119,4.084512184636924,7.173632882605463,-1.6786824652761045,-0.37354154001656426,-3.7918013323659405,-1.9637934493374032,10.95276277818844,26.50389215987272,8.22102835296672,10.087599362570842,18.53065184134919,5.37584304380001,5.426766754522228,15.258148996265719,8.78309315585868,-5.158889156004321,-0.5352126222813558,-6.774207499026941,-1.6151916170610625,8.349481442631479,2.088822117778788,4.963527976341964,1.1233651631969765,15.980018488929804,-4.553119730185495,-0.5024305895403036,3.011953289616187,0.017551494648326837,4.0185114178595605,-0.25772760304878517,-0.7501346157416822,6.271840448011915
2012-06-01,3.562873406997036,7.175236752470182,-1.3926390069379901,7.334582082106889,0.2733819301065088,-0.8312262418957772,4.699372706829208,8.207829528674782,-2.123648674643175,0.07936449691610115,-5.6990219446042545,-2.1908059808100178,11.882735368001129,27.939608915333224,10.68302854969616,11.241924715308006,17.47130132331771,4.653842040797884,5.660294546867006,14.06525911708254,8.826728086559399,-3.5316408420553946,-0.24538559661819725,-3.2922098346905293,-0.8551898284688497,6.331082566790047,1.969412919298441,3.7559261214918704,1.3600780092590137,17.52078863601305,-4.540476172974717,-2.0473071860155234,1.4070982029121826,-0.03909704254413393,3.7105509068513065,0.28839633836243994,-0.7849206275658216,6.674702737390657
2012-07-01,2.7235644872197096,9.0114338030302,-1.2934762538750921,6.229906611503422,-0.19515168471959665,-1.4144225014961154,3.094493893966055,4.614392614904328,-2.479869016956948,0.23777460467238054,-7.3806220704487835,-1.905677431446695,9.841009025926773,26.119056970978495,9.60674797937273,8.886760023667971,13.225916405107153,5.110358796741998,5.234373376697943,15.810250050529117,7.400682387286062,-2.2174345678786955,-0.42215672243044455,-2.800698402006574,-1.3979478401164869,7.827897039419862,1.228367421033516,2.176825447890396,0.8963620629905744,13.535367030761748,-6.400347756894353,-3.404634289822861,-0.010663564538793135,0.5273805701678569,3.418677881567289,0.6570281463059935,-1.7860949679763372,5.308271357833085
2012-08-01,2.0626035306068324,5.795383880532445,-2.315287708546132,4.993607653927823,-0.3090796516737271,-2.466421498171145,0.5583425413094201,-0.07180725871688276,-3.1912053545889774,0.4917420316292942,-9.383203699639953,-3.096673876424083,8.834374164480119,21.60858400061838,8.82826623597104,7.16826998604605,8.289684697396238,3.6304070357030316,3.9954727987027816,10.55987206854454,4.462501485855763,-0.537426609979208,0.6220911896612336,0.4634951916935748,0.003970183918755588,4.859257454939936,0.8785074738695497,2.849334389268199,0.20882916381532723,7.91733528224845,-5.390676835223173,-3.710214126284639,1.381047596643925,-1.6504749875110192,2.285596731143258,0.7891351176209094,-2.10590484635208,4.652747597028375
2012-09-01,1.5712570159207795,7.846881395222494,-2.266592734149886,3.918826691622712,-0.15661941482197905,-2.154561139312461,-0.6326907076860788,-0.5007203010668149,-2.5231714930605498,2.220997201703123,-9.11375150883128,-3.0577058338657204,7.723529964942211,21.445843857244796,6.739260764262944,4.727663443259766,4.536163150757955,3.944692075184464,2.744819550326927,8.15980018301994,4.4247353213516805,-4.292000941704854,0.4834527359097951,1.816867778499498,-0.2235666728768626,6.62364455293587,0.27621586342359006,2.3769880841428837,-0.4372501733003742,6.309498624920651,-5.431779125313218,-5.658805641821951,-0.24378399378398585,-3.398917979622451,2.2951570495009843,2.5721047622284887,-2.2883211007486692,3.8029569273118753
2012-10-01,0.8725842438560116,6.975503092084101,0.832942927910274,3.164369484061602,-0.7903403946229459,-2.4057180943664602,-1.5153155469548207,-3.3288567522303247,-2.6324651458150994,-0.8301514503454621,-9.73228605502323,2.0864806933294844,5.6473169758627595,16.822223002178795,6.836973692620973,2.721509200556671,0.6820621579870734,3.8087507981342528,2.667809301795465,6.6242457409176,3.7744930441912183,-2.6604154173254235,0.6548540054903906,3.6620057635819547,0.0899034515107866,6.291599233640199,0.4615264594981072,1.84012898393755,-0.013134457440810987,2.681970151658586,-7.115698796970138,-6.149277688603528,1.4367618954280514,-0.8103066934390668,1.9430024786973865,-0.4909028998057896,-2.5473900972623142,2.9088513115408343
2012-11-01,1.6644080717626908,6.003552514288701,0.5761294411241291,3.916451594310555,0.050669417101434355,-1.0402737118556327,1.0479019638145237,0.7129707112970785,-1.5533641679029597,1.364925809677775,-9.420911840932,1.8352509864435262,5.355520442425443,17.543681701464344,7.32073173354828,0.7234038719674318,-0.4420170036585236,3.5318613292869117,3.0151469248498985,9.627603194476308,2.2945903248093424,-0.16786094615814928,1.3180531884104507,0.012054113698112268,1.4548693586698302,5.05778232884726,1.710533893912336,3.0978749715762977,1.2327184358100096,8.010858339364301,-6.596024499304853,-5.264423076923075,0.8872002176701477,0.47120008772341127,2.3257536633332743,1.4632782600776384,-1.754451141925717,3.430761256953466
2012-12-01,1.660066949706085,5.150414353876398,-0.9933618896296403,3.6500550015518884,0.39176885637473013,-1.083507973855169,2.2437186557684674,3.050316889817295,-1.906641646653895,2.019726337277694,-9.335626178114353,-0.40156887137292596,4.636478969454472,18.072659651549362,7.034564571454149,-1.1898271101183577,-1.0885623201928318,3.2355643311611004,2.7610405093070556,8.555407148120864,1.2286346248022495,1.2705796506589984,1.4272303297740319,-2.1674578880803597,2.3606277822392663,4.533467341556752,1.2756928430499137,2.7510068725161485,0.7664665072692145,8.934467773339483,-6.309037723200683,-6.4136595164645875,1.1675977112761249,-0.8386829571339849,2.0268355938483085,1.9704036207546238,-1.4294035522434911,2.863191046941905
2013-01-01,0.6046118096656894,4.019233008474532,3.2184512755222716,1.8433558973846242,0.0059697928481927676,-0.921618193358742,-0.6692797702538611,-3.249877282053515,-0.9934553434964855,1.4670692559780818,-10.16675676799601,5.10606690573947,1.8937568666756555,13.072565598157704,4.440087534285908,-4.473649740208707,-1.8112305243170312,2.757311342554458,1.7931951562998982,5.331996244772563,0.2061747067277686,1.2575771283814374,0.5024177613614844,0.7882049152205806,-0.19960079840318778,4.6674901863899665,0.9242325716512845,2.008666556963412,0.5451703960360099,0.9289207904957131,-7.72313028078071,-5.712418722470513,0.14376272396592338,1.6855617096125153,1.4467904237824847,1.7750690833409966,-3.4053940121516413,1.377752355165915
2013-02-01,0.5802000314438782,5.009217611690575,3.0994412333822163,2.1460124998576413,-0.27398892131752506,-0.3716173358329189,2.0333158534816542,1.13600059348673,-0.9832340958946917,3.041790765864838,-12.376839091937953,4.744565258375788,1.8371523660150713,11.018397406020863,3.227774587596577,-3.4827697769383437,0.13936836721648582,2.8183460833722362,1.2100486922764109,5.438588650659759,-0.41651452493568497,-1.6397964267919285,0.6062476357337809,1.1952298243415038,0.1950005389462106,5.22161505768064,0.819949568471956,2.5075642389320585,0.22211179224500555,4.050414048219597,-6.432959341534106,-6.335230237019318,-0.6898520386317109,1.349268631023537,1.5945538776370727,2.992048545942616,-4.20617039863902,1.2962913540959695
2013-03-01,1.0097673664586138,5.611461617658242,8.812715231788083,2.5727799281874963,0.20849230621329262,1.8114258697934593,4.23912282800829,5.032976052295468,1.1919117427224624,3.2826389575696613,-11.627789516217291,12.554725483485086,1.353493360668967,10.72733992674808,2.7381594138689014,-4.80175642515821,-0.14200242350802528,3.51941786203509,2.3832539998741797,6.8239422448624465,-0.7448568398727429,3.5651795550700305,0.4702241301851817,4.824815971550445,-0.363443999255475,5.909923352716029,1.6390505396355781,2.50822000597819,1.3215113125383482,6.507884928304497,-8.307298413520902,-5.810328028580702,-0.4207222559185153,5.243180371854628,2.534732272069462,3.052614889518801,-4.05760489752266,1.5053220736657626
2013-04-01,0.2294963281595841,6.2032495909422725,4.701982689828754,1.3589224106441922,-0.2555904158589861,0.6356994520987369,3.114534155911941,3.7215009308285696,0.007902171121521029,1.837671958342435,-11.77639982742722,10.293767453943236,0.4167887419784799,9.7573296500022,1.6343243686030462,-6.361109204475257,0.3545807399340184,2.955529509972976,0.8979689045131467,3.016423261454104,-0.7995204139584766,0.5147381509654769,0.15542492776725592,2.2217772397535196,-0.49893156109706016,5.944059741433216,0.7010917953283791,0.7437987193539275,0.6694872895972592,4.0405763221297075,-11.126779993562142,-6.315909201696379,-1.0178141457939605,2.6778140011387785,1.7145631127746475,1.9761798326840774,-4.110814874950419,0.5684115449921355
2013-05-01,0.8404270813946901,6.228648309494722,-1.7673424152371942,1.602287863355012,0.6029399085263787,-0.014332865664701266,4.427202087489435,7.479589995575675,-1.117996612724803,1.760337426888925,-10.557978901181764,3.9646076163428967,-0.5768271682773274,6.946541613614765,2.223460237051067,-7.346529734730057,0.0705125380106697,3.0794839345463565,1.9424019799645365,4.9183215672983005,-0.3758412449952009,3.8529061088840244,2.240608562339963,6.023213308221154,2.674776535251344,4.337358945608716,1.2432183190365542,1.7488384028950588,1.0696378606439794,6.252736539852477,-9.811390023404154,-5.357904056136675,-0.5304862312537573,0.7423697748569102,1.5594777439077445,1.8455018341706486,-2.26180008605692,0.3987274362812733
2013-06-01,0.8158670403031199,6.851534128886416,-0.7019942288938208,1.431392766090589,0.6104058133124646,0.588486555096468,5.734762973304486,8.972644019462294,-0.6927793718800368,2.84155192209381,-9.9933760981732,2.935501739579638,-1.3790338371453381,5.078843936077582,-0.3487156138001102,-8.124397707484487,0.023015246045421378,3.236276296522589,1.6504457127665795,2.943912291716533,-0.5969990610994014,4.237880304432395,2.3073688107804635,4.314986809294918,2.6274946773583885,4.9224204225033485,1.8464420746535426,3.2176475931667614,1.3794466363511448,6.8701406555014,-9.244913988264836,-4.296219627221342,0.36911778915837967,-0.032252317559389176,1.7645800035426706,2.8529562775602813,-2.786236012777643,0.35267780534916426
2013-07-01,0.23837613084605191,7.022728516521215,-2.5420891995667994,0.4965477228961124,0.16749982729395985,-0.4542607942582988,3.0103233721053835,4.119353798760628,-1.3166291936259733,0.5214892211014677,-8.117665827631448,1.958621086378809,-2.3329271721810874,1.215422910036934,-1.0731692963447892,-6.610600767671537,0.4628497243598151,2.8758137095735936,1.1391682886807475,-3.553175902783756,1.0780457679526956,3.4459257599521953,1.9742958599388682,4.690477710200702,2.507283393861992,4.539651240165843,1.9787030986867737,3.8658979493654932,1.3413355508152813,0.9225604023098244,-8.975125944584384,-2.293085218862334,0.757193826107172,0.10144240661107418,1.2364196654177428,0.741411529462277,-2.151714765670709,-0.005394323598649553
2013-08-01,1.247685206278626,8.272034551642182,-1.6682766518946401,2.3377908835022554,0.22188497042368027,0.5029737343843488,7.2108331723023555,12.209438894712243,-1.1503422465159674,0.9901987459213224,-8.033616158717061,1.4072178415596825,-1.6346432274395917,4.237134516690988,-0.36258998872177317,-6.655169440372511,1.567376202068238,4.205094028846634,3.4257914366201847,5.384469257234525,3.851702993765138,2.2353398345700493,2.067526308463674,5.588956498047404,2.573569549898269,5.817383645336727,2.471760591712324,3.7808305603445502,2.0223985753869522,10.087217255496617,-6.643395215431647,-1.256654751088948,0.5665503272649808,1.0035999929796535,2.2593571227008002,1.211032807313317,-2.303112645890526,0.5718456274426705
2013-09-01,1.5387300859180275,8.590812103732492,1.303899845902734,3.4539821796888193,-0.4990707991127552,1.082146067805101,9.118587497929909,15.274900500051025,-0.875965631404696,-0.5608530719032001,-7.570199848216541,4.417307496408651,-0.8363684151240891,4.311814093163235,1.2822343767984856,-4.251177228842762,2.0993191571746506,4.715543978218162,4.608781185728339,7.314850867438594,3.751474308570635,5.697364188537168,0.45850070270216925,4.179882294802106,0.09041324750627133,6.738502740036134,3.1439330050362146,5.204528732855285,2.4198837299778786,13.8659768170738,-4.996877951936474,-0.33004432023727714,-0.7642952418970062,2.732981095451459,2.854766330187619,-0.34630528301965446,-3.556166343492917,1.2992879920541578
2013-10-01,1.8933210269838296,5.028481127057316,0.9650492971058355,3.68168239140394,0.025374423183199823,1.420421243834391,8.09965315827501,12.903581405253739,-0.2272794648062737,2.031834380627373,-7.575260587506372,3.1306119194013604,-0.37669228300070134,4.879835636319929,1.0392060709206952,-2.7955123039732244,0.860779902999731,3.450184732658901,4.62953944440081,6.587297061267128,4.391026666240183,4.675627741995703,0.07041485257510693,3.8303045472017017,-0.9001796453956268,4.114484137423058,3.2185352842996506,5.3540326718088505,2.477383029870661,11.198790764500654,-4.62831193335359,-1.2288563170226974,-0.4502371957758933,0.9279049693780905,2.4178437626957816,2.129396593514632,-3.664852321073142,1.5506535642628536
2013-11-01,1.2532351576877154,5.606653166591946,3.1735742833856495,3.1607858362940444,-0.6586690900938441,0.9127319873148965,8.182651360754223,13.073626005691953,-0.8943257591427112,-0.12038249365509124,-6.751062616151771,4.2315198345182825,-1.7753531490490526,2.8938297060640217,-1.0514845573754261,-2.34781675402036,0.23931735704709745,3.950896667735382,4.444435207143016,6.491858350296242,5.606562983628027,0.08407159645633655,-0.3372279859554461,8.944928611162606,-1.3901082821188293,5.51893425148553,2.7898692474003894,4.755230623307116,2.084749945853903,10.676789618887073,-5.86540937178166,-3.3240294341537746,-2.706581520116358,2.8074967751726243,2.2821701569265995,0.4687226030542613,-3.7341652486292287,0.6781534557094474
2013-12-01,0.39895352502643533,5.941755968005946,8.86678571908661,1.5233937754437932,-0.7487232581059433,1.7791107594711697,6.115609171746894,9.624777487361769,0.6759837446724148,0.5384681169380512,-8.164028304639626,10.95896913850487,-2.9900858973522015,1.3893965458461777,-3.2138159476872596,-2.6744155000400616,0.7441762964127685,3.8533624998573712,3.27465002776699,2.918065894342492,5.167464730717741,0.4530388730770607,0.03365670164323653,8.36916505072649,-1.622370307233345,5.987703258889421,2.4774281847914192,2.6397135965908536,2.439893215050115,7.223365552600947,-5.156516789982923,-2.3857586985222112,-2.553232212067569,5.873394063850368,2.244835474686724,1.239654370374832,-4.258472390278678,-0.047028465138039266
2014-01-01,-0.4162785223219112,7.096165952740163,8.269970019867824,0.9827859034459818,-1.9724013053167844,0.1722914354810534,3.537728740641355,6.816271059409829,-0.6748866942426823,-1.248230494656133,-6.909481441705001,7.563823365192657,-1.6429105148164647,1.5521153045681801,-3.445431532240484,0.7157744624835427,0.3092850631592592,3.7276829101857256,2.1166840331172665,-0.6987407953107372,5.691929924683303,-1.5323445318084383,-1.0887284007943032,1.5560193852961923,-1.7336585365853696,6.9916798935832025,1.6703048157758138,1.7391865442109466,1.6631924780804885,4.299599000516774,-6.97326647954003,-1.7129118646098007,-2.165870201942355,4.660133087329088,1.8567293983171584,-0.936426491767306,-3.8575020160333984,0.13407038955939976
2014-02-01,0.09969929889850349,7.457701810258466,6.658775625194457,1.6520381894472358,-1.740627924107585,0.7289282339684844,4.608887537807793,10.273498550103932,-0.27297543221110887,-2.0904631153177977,-3.5671209459138598,7.735204395432604,-1.2443067098652394,3.862656585035551,-3.7889012154868396,1.2094582351875438,-1.167022050843347,3.938113592936676,3.109946378115236,1.8738867042418894,6.669295870728442,0.4405286343612369,-1.115145998040823,-3.1390174203080656,-2.2244498777506116,6.722134151041259,1.705237142352778,0.9220022195956856,2.001200439224249,9.314166854970951,-8.334403493001153,-2.380544320285183,-3.601609657947691,3.2445279281644757,2.1488125303029237,-1.1168574056886316,-2.7685248293671028,0.3301161663431902
2014-03-01,1.0646728042001063,9.04057562013778,2.005998519845753,2.5722718160651636,-0.7368989087420452,0.8375825596273812,4.531052719346307,8.551106774972528,-0.12310540777434875,-0.5536398447707924,-1.6307868165364892,3.615328994938527,-0.3137203487446616,5.137802923065249,-2.107864901208123,0.4748209246798307,0.6983813984060339,4.668182274765131,4.6480787210794405,4.659528173694394,7.891655341589954,1.2961704866449875,-0.5495051472634072,2.5804183512040613,-1.5210209619695547,6.8879965478141125,2.2554858694600055,2.642131498907041,2.114518842143087,8.204815285783074,-2.441578300036551,-1.8895900141374544,-2.3116637017557506,1.7452971356371805,2.7239064401298085,0.04553218075236121,-1.8498587380599951,1.0521528916996925
2014-04-01,1.3628594394640592,10.05101989474002,-0.4602216098962386,2.6129857473504714,-0.09776992412813268,0.8919016780015943,4.1271248078254885,7.501937634396083,0.05432313375344222,0.7991820490459434,-0.8073640809281968,0.47695689722855317,0.2108235294117744,6.235255927089511,-3.000380721291862,1.7445802561893986,2.0732776841879463,4.9687501599603,4.456351401416447,3.865641373398243,6.982691170015842,2.901609074122935,-0.10644012494279709,3.0291697830964637,-1.116157188032585,7.438346938336182,1.968641487639844,2.423014257923839,1.813186813186829,8.192507827035978,-0.2794066919627469,0.6382683502150766,-0.9672229652458841,1.387374028276489,2.91252339654815,1.0843256546502644,-1.5354864779057342,1.142669988353744
2014-05-01,1.3237068606672286,10.85484158866603,1.4776505356483005,3.5189187543758216,-1.1265023020349707,0.7937709723921493,5.456696855231424,9.398701137424625,-0.4296816989257879,0.04706329187085245,-1.5464362023206113,0.7273744579661345,1.28717181850877,8.409153662907244,-3.125448876646597,2.972118477979513,3.2922509735827,5.329548716052579,5.25814801584823,5.632668328647039,7.942848623712551,1.7211921787002593,-1.831312006778263,-0.5854298840516359,-3.1299918182880804,8.441995664455092,2.131216216353282,4.010272281724703,1.4467713267200866,10.666613544002645,-3.370138570871284,-0.41229255448151925,-2.5906636173197772,1.218725838638024,3.226430902596089,0.4567843339506217,-2.8663578592757144,1.7340442828825948
2014-06-01,1.4082083115708466,11.563555227954136,0.8484695551237653,3.512102659439442,-0.9880668257756575,0.5376484747004362,4.912357604494644,8.17674539903508,-0.6293353387625045,-1.3488722218091165,1.8901907620799907,-1.5464691507318662,0.936938640446261,9.680392501615454,-2.333404146067808,1.4665967411005898,3.757462686567159,6.008116401068997,5.955488356174876,7.84741418950714,7.284380818195535,3.486728870368694,-1.6651915663598582,-1.3667070847046547,-3.2044980854054606,9.35884841336565,1.6268945436335613,3.8383604899105306,0.8054621017217434,9.124180904881696,-3.960631257424063,0.9279933017024788,-1.4614140480591509,0.1750380751342373,3.365841732090935,-0.9888379536282521,-1.4652331402107976,1.3023293076773246
2014-07-01,2.667437176705989,10.802438784541257,-1.280862326746679,5.85307782778659,-0.6867703502318911,1.6145473911227226,10.300079320959842,19.20497589991257,-0.6532683315093157,-0.6076768428505797,1.9552614571376248,-3.0480838399367993,3.710137138799041,17.23831590295748,-2.586677601177867,2.262840465129168,5.397509130068356,5.810722400111512,7.1993325407940345,15.342169519847904,7.565499895200167,3.5414203586545456,-1.6254016440300445,0.2386489334831321,-2.5939011689588454,8.056826811014517,1.749300896126349,4.646045604042093,0.6560431283941792,22.97703438773835,-1.7961223819159766,-0.20430424017866544,-2.0562905941784893,-0.44053584211064534,3.9175869537572128,-0.5641767996450109,-0.7870218552882835,2.676434566215657
2014-08-01,1.1858094864758861,11.70436664044059,-0.2017423571852528,2.9223304492203894,-0.5076563249640231,0.5622425793586183,4.089002460440461,8.256200281820746,-0.3905666205027636,-0.9929324515950522,3.932239094180634,-2.545738185971358,1.9324451366006024,11.964221388346541,-2.2919950491383623,1.1722647156634514,8.110814210351736,5.3648841737131026,4.628867971681827,5.569915415039772,5.951317737147188,3.3068471827544466,-1.75908484420374,-3.4825913438381595,-2.700584433177222,8.994007789061165,1.1263893628737476,4.072329898299931,0.012834309069909011,9.356064954068334,-7.506098230036207,-1.5211577652997188,-2.197675424682033,-0.3017374434497788,3.1255048703367594,-0.7185461468027454,-0.08595213721439565,1.505720083228431
2014-09-01,1.109423099988005,10.41994877494805,0.6651605296082108,2.479604065648089,0.011146089078328814,0.6825494618960981,3.3370939274718348,5.20326714715551,-0.036779689658950065,0.05061685417282469,4.06529495137089,-2.5149074691646955,1.4994178396645186,11.183927455847332,-1.9464072439138613,0.025643139086550804,12.154252629449847,5.01357327862495,4.220386096037254,4.093473696537742,5.8675977993033035,1.8868600071607622,-0.7094168890829256,-2.3709108471974383,-1.4590513220811507,8.05741159616602,0.9215637490168405,3.391877447746605,-0.032559149120903186,5.3367018813187395,-5.677643331423365,-3.003457588632963,0.376751304893852,1.0620948301137023,2.8983336827707262,0.17915820584071263,0.8276400546554985,1.1925105018888562
2014-10-01,0.7980845969672856,12.652551456921724,-0.18328192899303986,2.354434935615446,-0.5406489391569291,-0.07125757048870307,2.5739266390125914,4.182523427323703,-0.7873859775966441,-0.24015369836695166,3.840769731264415,-4.761121714873006,2.753901992930463,10.227978863587284,-0.7140515792033564,-0.273288756900536,16.25069293145456,5.378411579340914,3.1161257581111323,4.947823505282689,4.864499378493736,-2.062618714274256,-1.163802501437039,-4.235683046936877,-2.2648814801678685,9.922462130553079,0.5790969377979849,2.967802478115056,-0.34117241039294255,5.4301032000732,-6.577303858696116,-3.2839542514783493,-1.781918765468038,0.7220598865800065,2.9915469315161536,0.19937890575314476,0.23892990736569253,1.6043061857000884
2014-11-01,1.5210795273075783,11.0317437083443,1.645172601885747,2.710183599506144,0.5769957332339315,1.8719859578433695,4.5944344030712125,7.823136287085641,1.1220321801612032,1.367946702783529,4.774261020561199,-1.114233306014134,4.422219889492207,12.892742735507712,-0.05031848831319463,0.9644535221329686,18.96856511046896,4.669129391171634,2.7093179443808735,5.185824966197283,4.550935279932222,-2.087379079240914,-0.6284707708843373,-4.628621030057523,-2.092397487263198,8.45737821275403,0.7944727453380374,2.157931638186028,0.2634747084016009,8.170150790795283,-4.665891724644866,-1.9562554680664923,1.0444407044777337,1.6472933856514826,3.3862992942302217,1.589608436081691,0.6726897770794382,2.5055951275507047
2014-12-01,1.4838812894968578,13.285721226254665,-3.6862551409059363,3.008894658589978,0.24072482244037463,0.800311343066129,4.197175074979476,6.562954970881885,-0.12404993502146411,-0.030847844289105808,6.709296899047779,-5.401823488586565,4.4128250733067365,13.091372925585109,1.7009393247017002,-0.5687845202823838,20.29026972195489,4.868816602914294,3.2413504130252457,4.425158173871169,3.8880899197290875,0.32009037845979194,-1.3988560571575603,-3.6660529204809778,-2.960745896877981,8.941253705214148,0.6328847391756875,4.531199946047115,-0.8604938999233869,6.9609029872949035,-2.950757835539397,-2.442323130082713,0.39085900596109724,-1.1244159751347294,3.170607956863014,0.25410531184950624,0.935623242644823,2.4071566669422007
2015-01-01,1.9276538829871237,9.099365182869533,-3.6342751692385877,3.3135913666120898,0.9119096311257069,2.4227288943664327,6.5905785421569885,11.64747745818544,1.307137448690865,1.9047429846445363,8.149341607988237,-4.588995833931908,3.086835272622368,14.583861171073487,2.8285387283413677,-3.3582936237803507,13.289409626432104,3.3929728382755986,3.1811345956067827,9.425510967674056,2.4311423313917224,-1.571616532825193,-1.570762208216392,-3.8714628466586687,-3.569194722158786,5.915401811977872,0.7541295772945045,3.7701684509614974,-0.39902022756006517,12.56400255783474,-0.7925796662912932,-3.3854189336234963,0.01674151106909605,-0.7281673792918775,2.7266373801916988,2.0495715199764897,1.339069854646291,1.8411922252498591
2015-02-01,0.24864964424280434,4.182606962151492,2.2565749467923446,0.670016750418756,0.29450082768207597,0.9342381424392032,0.6410966693914943,0.5198118592205647,1.0056331323389456,0.45307584806038026,6.798373038930849,-1.2668378695739335,0.44028147584633803,10.919271085168635,2.919282000516854,-5.837174954124336,-2.6090045862670497,2.235583113770079,0.7769884246609404,3.2341679920032673,1.0082438171371555,-2.8008934039410627,-1.5511927633685585,-0.23291712717274926,-2.4429985346409833,5.196072690363263,-0.3115305430363646,2.0505590809121843,-1.2113280327481601,0.9608382104918434,-4.656416363126925,-4.378588107235027,-0.2435121408196017,1.2430084529380991,1.3050328487767215,0.37586630314887515,1.2499136118159226,0.03652828410876241
2015-03-01,-0.24217400797983402,0.41770938962331083,-0.3274400488773366,-0.17749203750997422,0.05859221629589406,1.4144454855365751,2.813936672958084,5.159974655371635,1.0274715522511801,1.6794846308674671,4.499941898748894,-1.5151659991014088,-1.9944010220952824,10.657839551070026,1.822642299667221,-6.004878795243629,-18.08093994778067,0.18704035567045363,-0.7554555240238736,2.019003936486352,-0.24954448229421722,-5.688416668137453,-1.3118111967067358,-6.29562356489256,-3.4848893281816284,1.5695758580155372,-1.3893096301020424,0.1354090524995133,-1.9765595907727973,5.133916124749205,-7.4296812443566225,-3.482058130952792,0.6373650300373068,-0.6223158300522669,-0.0029442361670017902,2.064329095641604,-0.31428375613147264,-1.667631223146821
2015-04-01,-0.25606415498828916,-2.8273333272373136,-0.3131411294676534,-0.050454086781015484,-0.14790140441156563,0.835732565579006,4.621677832488613,8.32419023994657,-0.19545710308882525,0.7737113041474508,3.7274766066042853,-4.015354261491277,-3.414918195991523,9.13446093086967,2.9270052642799804,-8.008681399830698,-28.310225678240066,-0.6456394951918409,-0.724089484491508,4.358439761305699,-1.3928528957069863,-7.20858488981605,-1.2421952021031912,-6.328752916774693,-3.118972662787922,-0.3120050378795036,-0.7295194142267758,1.3367094202415108,-1.5306873374871244,6.829066711875886,-6.150333806081143,-5.5235764511236685,0.3112033195020736,0.04865160515041822,-0.6451423136881962,1.2397573144339313,0.015633396844005887,-1.949874203994433
2015-05-01,-0.4791272756070719,-6.159426844933346,-1.2898592075876292,-0.6116387802511225,0.016328077439453637,0.8962883506551611,5.061116454177039,8.501686421286836,-0.25653518409879394,1.1741719312869048,2.3035375407522762,-4.179677425754347,-4.156310153432141,9.006953173577736,2.9174153089348565,-8.897806745850056,-33.33313030661095,-1.9859779098746144,-1.7259988914711366,4.67359856426024,-3.0615443387632335,-7.511219728949136,-0.6128929309067943,-5.308698484234986,-1.9674323434334284,-2.9597168061181955,-1.450222469410456,0.40791289364363603,-2.194119259230265,7.443839728114243,-5.75370357368532,-3.6816379070414684,0.5514452007497228,-1.5483396987857945,-1.4611658071573608,1.4996128829250388,-0.16749923640053677,-2.6767931249254953
2015-06-01,-1.183029107054756,-8.09092694773308,1.2409784102385135,-1.5810199435210337,-0.4230342766234352,0.6740965754692851,1.4262974353957292,1.7918897349782137,0.4620455473347773,1.117229601008618,1.469274486324168,-0.3969379075701718,-4.5250606494881,4.906272239858112,4.058542876973603,-8.799339868154988,-34.97200944606275,-3.0956712581939883,-3.2175019765894652,0.0884542373555064,-3.976099043375436,-8.4437013629321,-1.17706238430636,-6.453170825942644,-2.4753278437326665,-3.948974036457853,-1.501107700255322,0.1044611977196297,-2.1610028073895116,1.6215900975470987,-5.333415789101692,-4.288800553059103,-1.4313070324559862,-1.3297643926598046,-2.106390227283794,1.5470879930286063,-0.4680461025411087,-2.864922463913845
2015-07-01,-0.8673870333988143,-7.583758597736856,2.852944276561309,-1.6458438092291194,0.24093984655937373,2.0978881093002277,3.9094404271001304,5.764159111491507,1.5909323067617054,2.4760393354243515,1.368074477747494,1.685641959297679,-5.603005542857664,3.65659934287772,3.1892712418158053,-9.903270382312302,-33.164525472217775,-2.697296933447435,-2.4719402670347335,3.0243751271051167,-4.757256013795919,-6.644469043904233,-0.8904015573761415,-8.61348371232198,-2.737519485191253,-3.957196140512398,-1.462569155434601,-0.7142690744381452,-1.78359751895244,4.851053125513993,-4.897808226415767,-2.362115928451225,-1.1209572837662551,0.48449453159022937,-1.689927449666384,3.1015051345131495,-0.7602123150506457,-3.326258423758543
2015-08-01,-0.5949498443445167,-7.931784365342798,2.317217471783195,-1.377291815538828,0.4981911812425466,2.716356765551464,4.42356735865701,5.684269622036364,2.2405601400350195,4.051964184263479,0.06099334703337789,2.725271522765227,-5.14057871103576,3.507085678668931,1.947870562046905,-9.769815834406192,-33.02095392451957,-3.3806496225581517,-2.8063321374348416,1.9091934855761883,-5.1151718553351655,-7.296411801808123,-1.6762370799420778,-7.855456044200859,-4.335650427120941,-4.608183208384609,-0.8098234017560157,0.0681488362470617,-1.1914633183290002,4.481566632425116,-1.1753540662870487,-3.09804058537948,-0.3981009112087541,0.48175996686425915,-1.6853331257480342,4.397711522629466,-2.2115468262176474,-2.7482877388087306
2015-09-01,-0.8491330736838054,-9.735132958703153,1.1355507868383352,-1.9288356526334316,0.5355550736162229,1.918693389631576,4.2427105692893985,5.583038720583011,1.2738410135041178,2.588310118146042,0.0432070934776041,1.3153715993697412,-6.098391233387723,1.9634805089328689,0.5892781637615974,-10.317435611020054,-36.756144434362625,-3.756075159771921,-3.466077407775514,3.2560709173551583,-6.054681800939576,-8.614752082088762,-0.884163402350302,-8.923302531846854,-2.6187463257639987,-5.273439308231431,-1.097647047128636,-1.0645934101213617,-1.1261239032382186,6.013457253156673,-3.666315281673782,-3.083157465373232,-1.0898463463267838,-0.568529227781378,-2.2403555072576187,3.146777703780712,-1.4393851395826163,-3.319050986784573
2015-10-01,-0.871931908155188,-11.676691138599594,-0.9101947737840232,-2.374315045077613,0.9004685823970959,1.928745927929243,4.7769230530917195,7.178419480401921,1.1390408497384596,1.8913170556693615,0.88290580439363,1.0723447289231025,-8.042221176991394,0.9445654998700537,-0.6517731531230253,-11.738312293329933,-39.857165828477,-4.485937514942284,-2.8946959695581254,2.6820076571668405,-6.364663484951782,-3.9161947079926374,-0.6940900070892986,-6.790067963608903,-1.388867888201084,-7.668968307236845,-0.38596946153769407,0.3350122851369708,-0.7064480701303055,7.755916380154093,-6.172662257835848,-2.3776273856841,-0.1373531359005531,-0.21227516522084322,-2.7251736582715624,2.1309050902489357,-0.4474141804896137,-3.7539353084925664
2015-11-01,-1.7891973730779664,-12.988082473501962,-6.384579264611457,-3.9109909071521343,0.5878098573349089,-0.2930901770383021,0.6545776382342217,-0.13741298103377986,-0.5582309582309541,1.9801525080058946,0.039549884646161715,-5.5155402072027515,-10.143114336108495,-4.504525638769962,-1.3266450003359909,-12.837872162853559,-42.36977738787148,-5.53016024874432,-3.832777928469011,-2.6149815736224213,-6.68199174004519,-2.8191361782992863,-0.5320954827467084,-7.711320704209013,-0.6232197870261524,-9.76716962697367,-0.6846660638160418,0.4071189985481727,-1.1554549480832677,0.020913210177764263,-6.510727189592879,-2.731474871501993,-2.2179766033742943,-3.0212757492266595,-4.033438431054925,2.1785835167992706,-0.41749987806661837,-4.802518499967003
2015-12-01,-1.8306861624561632,-15.734981301677697,-5.473955148813636,-3.6805711113491846,0.17920949700265254,-0.5731935493451412,1.2815977358975994,-0.007827422612716184,-1.094178183467065,1.7232965915428444,-1.6842222801205953,-5.741337792911039,-10.279453063855259,-5.6306723467308695,-1.1442410851807416,-12.573436091746826,-46.65082814391973,-6.330165139711619,-4.2579117746533335,-2.8331178508334665,-5.77359972509941,-7.671957671957674,-0.41609628223089334,-6.368335098077916,0.11008321682435263,-11.364097038978105,-0.6615852139690181,-0.025403840415494372,-0.9611002120365364,-0.0674799066528009,-7.973075632033632,-2.4569563078574275,-3.564490095377837,-3.3163966981117787,-4.495776440638732,2.0183595356081163,-1.0579853629180902,-4.824339530597665
2016-01-01,-0.8582840266008529,-15.357428518691062,-2.534318179597661,-2.811608412177069,1.3446916361588235,0.716434452184922,3.1608759419410326,2.9912873145748753,0.035403800007860475,2.6319002605120545,-2.128892240348712,-1.9676100193328105,-9.563246268656723,-4.832198276285671,-1.385605575102189,-11.598215543554824,-45.749908324165744,-4.83124295038031,-3.138411074447933,-1.589466351389801,-5.960008323342036,-3.7815862011744916,1.456703780224955,-4.001688398682324,2.44306482167862,-9.824478573610683,0.014999700006002037,0.9799337678860764,-0.4095434532545239,3.4226085555141506,-12.289549160796131,-2.15072171264844,-1.2928190939435424,-3.000589604964665,-3.236726244277932,3.017750871098057,0.2064345252005939,-4.102440272948408
2016-02-01,-0.4546271518153122,-14.108540552361337,-7.55266067662117,-2.231400047539811,1.5392913744531445,0.9731029958451876,5.517903975487526,7.378166382577689,-0.2572511438839076,2.804811978357913,-2.601390605116094,-3.6505772466206343,-9.20651751985837,-6.133108677337818,-1.2638012135811283,-11.474323630625328,-45.77763628283954,-5.006055321416458,-2.4508267029489272,0.25864396806396517,-6.056250247319062,-3.125289550247401,1.3700147785554284,-6.777690293519867,1.5427583046165871,-10.943257937023354,0.402783047684796,1.8575082748794935,-0.22113095534548322,6.831428160439801,-5.886674625769118,-0.8069402368493628,-0.4829324671701607,-4.0247448374080115,-3.1198035878474806,3.264696369034792,-0.329585677649602,-3.699915361216112
2016-03-01,-0.8793154909959244,-14.818417639429315,-8.566598664866065,-2.9075499096144597,1.5144563572555558,-1.0015627917948522,2.053194855022955,0.7523974440765135,-1.8515265089404265,0.7122833492693381,-1.2278181902423246,-8.165767199875763,-8.755427749820278,-9.201761708742328,-0.6263673146659099,-11.171304897435409,-41.04144958627032,-4.925323532861558,-2.856790707763912,-1.7923125718590227,-6.3842671643569044,-2.732240437158473,1.4375808063371354,-6.044729719844922,3.127841482148108,-10.904425366408955,0.3643977533857701,2.298944595673391,-0.4647652180867601,0.7535425506364657,-5.230418138987036,-2.3222787644857967,-2.0648079854452384,-4.676140169044141,-3.5149326240786705,1.2939521227534057,1.2493124852675397,-3.5146425011232845
2016-04-01,-0.9693725248263729,-15.471586257516313,-0.1280132345990337,-2.5038849462046375,0.8544794142663514,0.9101003291430487,2.4616706978231706,1.5611238330103916,0.4668506374687187,0.8263669763543646,-0.6421009468426275,1.8174232479571728,-7.866450144888071,-9.738898637440185,-0.8733550238096077,-8.59841995516354,-38.28943170746428,-4.400718548767069,-2.333392712230087,-1.8988972938942972,-4.594457425692822,-1.8985653590412932,0.13885023534963015,-6.474946257392489,1.2801646969056613,-9.369346950104806,0.17710388853724446,2.057464158194633,-0.6362413432315361,1.5859791114946287,-7.995097858538214,-2.4799795691274995,-3.7231468654270183,-3.171488518569221,-2.6574233976414785,1.2413016584345016,-0.011723214896297574,-3.223414120054711
2016-05-01,-1.0778550326758451,-13.436382390082603,-0.4357706721952015,-3.094371628351933,1.3122809421979742,0.6769902719872878,-1.107112119552467,-4.059439509449669,1.196255719597672,0.9449949324289886,0.8161945168470908,3.163344213216712,-7.830164765525971,-12.079139548963225,-0.4197145051510809,-7.532815641136825,-39.25074231419304,-3.84120702448677,-2.1660531940156713,-5.876925738339844,-3.5096778105058846,1.367309484688639,0.4743945108374614,-5.115500813386009,0.4760107407551839,-8.54064862228726,0.24912373346983596,0.9374581080763056,-0.056443800389094356,-4.544392747046544,-7.461168845681076,-2.7514154393505685,-1.7835944628123435,-0.7441784392697159,-2.447862976766313,1.640621494507477,0.5684790225319203,-3.15691271416007
2016-06-01,-0.4793761420255338,-12.910530406061781,1.5590244481132443,-1.8709107336106645,1.3009202664375108,1.7855545061390865,3.8694716451082023,5.2522509646991455,1.1934144141465097,1.4298157741295503,-1.410534991757828,5.4936743462394855,-7.434513882075933,-9.423707697848027,-2.3120409741012704,-6.368155741372283,-38.64591590318358,-2.9914275213318797,-1.0340018131643647,1.8906519969018598,-2.7554724284852283,-0.8050251928905405,0.03703789908082733,-3.4430645903147483,-0.795971977185761,-7.126271658506555,0.4573970226328328,0.3912952116319479,0.48207880809651993,4.443815739265,-6.055713685782282,-3.0147078739944155,-1.1097344606448623,2.272392861805761,-1.678117946525337,2.149658835392043,-1.174638007719886,-2.859297217254101
2016-07-01,-1.1891950811062646,-13.39748391433785,2.407768535837951,-2.6730901582931788,0.73162430233642,0.09012627474800361,-0.8320312874438018,-2.8125147024229635,0.35192523806708564,0.43089756795566814,-2.8896231169849296,5.658005671801947,-7.432753009449877,-12.295230208363083,-2.1466661312242508,-4.290268254541074,-39.730412357429614,-3.327272008538562,-2.2587271011871968,-2.55489547300346,-1.5455797177058916,-5.01381834478638,0.059441853130093314,-1.150474451860739,-0.481834133993031,-6.802703786670838,0.9681825283625489,1.1302207291805866,0.8917544788208387,-3.40490712631375,-6.256539412401962,-4.371196304029146,-0.8302284221089584,1.7909474409414594,-2.1969315274196544,0.9522216647154025,-1.5007248932251804,-2.5533967971392766
2016-08-01,-1.285406082538798,-14.123570363003479,4.150797429183539,-2.385012406947895,0.11495861489863035,0.18306949788049476,0.8948633665309291,1.0830857615047096,-0.021523259795530603,-0.4978888633800138,-3.3150777425586586,6.752086438378524,-7.542720773098688,-10.334801418716133,0.1289274278765573,-4.316390240940693,-40.216829569711265,-2.983340291445502,-1.6799824887818837,-0.45855828491363493,-1.1955046475281783,-3.751547395178745,0.3194304083529165,-1.1257253384913013,0.8628109757872426,-6.6339856503294214,0.13528635444421955,-0.31325088751039676,0.33367633395606777,0.7773789551714705,-5.523749722981474,-3.915260957324107,-2.144027317227226,3.718978329342182,-2.1645535793818227,-0.20443406302719236,-1.0704860184443832,-3.0881880027858335
2016-09-01,-0.8347706449458148,-12.709456576548616,0.7308519730056195,-1.9551963278950257,0.5343000669123521,0.3154326143566033,1.654219787582023,2.6669721845859584,-0.07069705330754461,0.21618009371831004,-3.230682565017373,4.230417236138173,-6.676598534056377,-8.912460567823343,1.3977247631250744,-6.3647519560920625,-36.29408829243081,-3.0879341537605076,-1.4860907028118486,-1.0331342296242996,-1.0475421377396765,-4.351675607083116,0.635364240547176,0.41999282229356893,0.6829846274740925,-7.380884896937934,0.48616583310550077,0.5432797196660344,0.4691555200638797,1.2138343864316559,-2.5826733683253833,-2.9049287720614436,-0.5751385965432343,1.658101111040211,-1.9942434618629323,0.5658041488951993,-0.9182781548010777,-2.517254993971505
2016-10-01,-0.6149222735850057,-8.528519327515149,-0.7913325031133289,-1.4052279080563723,0.4536098954898815,0.17169075928757938,2.057953873447671,2.836844197138322,-0.3760623019750664,0.8273770014084691,-2.9012647745238263,1.2424728657104422,-5.198633221307225,-7.866542563198708,3.773139934630909,-5.272624907372525,-30.993574082439824,-2.0420893068650803,-0.9457784353319898,-1.1769859813084094,0.763402451126205,-4.6121772091921365,0.7936548005513133,0.774476047182282,0.7756684620440879,-5.254824640019118,-0.1643972767320756,-0.0012137910944121089,-0.24214040157441996,0.7695293546821969,1.2824681534753912,-3.4268055606499703,-0.4294478527607337,0.22245138181207214,-1.5018899538232877,1.0683341788115586,-1.2099148251364045,-2.288098513167951
2016-11-01,-0.4594773970155064,-7.035177402102343,-0.6382401564123508,-0.7195064742467783,0.03385948314493792,-0.6403594722725447,1.295071368180234,1.9913374394894712,-1.1954695499199586,-0.563129163119136,-3.3434679066615125,0.8602756892230445,-3.6017619281539237,-4.965730990321148,5.506666738729793,-3.5537242551437753,-27.22832188457367,-1.251410203697223,-0.5966465702643808,0.8563206218588082,1.6297858127009235,-6.257475366886256,1.121434727625692,1.611764819631234,1.2972646515463149,-3.714611137500057,-0.16429200352198192,0.4650245707698897,-0.45384393265027745,0.9896849735154811,2.0790778407510757,-3.63843196976229,2.104963618036493,1.456315160590571,-1.1862778785850958,-0.34346309272902387,-1.1284492638631738,-1.6177922744707898
2016-12-01,-0.19059758716902797,-6.448201345847893,7.755450369478556,-0.06269091659176773,-0.12105715255997795,1.3581058207380092,1.2215209970628083,3.461211576545997,1.39929835751873,-0.15137070100154082,-1.7850044483143646,11.421976041838832,-1.4955716792725893,-2.418986622591812,5.225232582378969,-0.6192774430268999,-16.810633518320184,-0.43037887168141387,-0.4526704528823977,2.084865376567757,2.133071040893242,-3.8440912258963955,0.11368011142263157,-1.3158273036561474,-0.37974952949367813,-0.8558181314362701,-0.26479172726451283,-1.121078041874557,0.12405458401696379,2.7954741855744647,2.8460357074294285,-4.958829246822793,2.2091433255022386,5.087811989699942,-0.02049641716570516,-0.2037222783929704,-0.9623685449694053,-0.790639201272137
2017-01-01,-0.44845201083641983,-2.3443722500926745,-1.9987549758363032,0.013114449803430794,-0.7646504242544538,-1.310670072705844,-0.1049122462986607,0.42793462109955716,-1.6574911521824554,-0.09987303428075078,-5.355783776673217,0.8299953308922747,-0.7510196166612637,-2.782530754368806,5.432868131312429,1.3150485839164228,-9.091523590644856,-0.6068826632738333,0.37412113784429657,2.176448888844562,3.648764410296068,-3.980990888273561,-0.18593737341205951,-1.0619587451490053,-0.552758819266963,-2.0497184537283664,-0.5126128558145093,0.48975153305848007,-0.9775866017464607,-0.9729350694884009,4.220343001659677,-5.326015893332359,-0.3144202378102312,1.35013454984525,-0.8031281419274894,-0.19056741197481797,-2.6305049170132655,-0.6149406924051475
2017-02-01,-0.23732931297878457,2.0335591900559447,-6.623173518964853,0.1935876006685877,-0.5133102542676404,-2.5799084510508274,-0.24214981789547618,1.031768120551857,-3.2518900614269874,0.6513391044288941,-5.689493566620274,-7.754110781613011,0.3711203894105175,-0.5707505228488174,4.341665005361084,2.7633137429032617,9.238718263618084,0.1303443211488231,0.3890189324568638,1.3455591723439353,3.218652493994978,-4.646447256415409,0.28606178252688075,-0.011785156595256474,0.14358154159321845,-0.28638190991419066,-0.3021284316487072,0.8186176345652107,-0.8196983158798465,-0.35185312589068873,2.343871975019507,-5.159600558995292,2.6087966416135977,0.568513795501957,-0.6864591168616152,0.38561043607812096,-2.6759281905786914,-0.012768454628446169
2017-03-01,-0.5093037775203757,5.903529283810993,4.66654166409155,0.4341252787680494,-1.3500307253156874,-1.2342884374813679,-1.5878485111760487,-0.5234486501698554,-1.1299833928340441,0.059552215868197145,-6.474622384839113,5.063031582908173,1.926654753763235,-0.2891346251394977,5.637237292624819,5.083729800650527,21.005370831692737,1.9018392293536301,0.5497321882609318,0.8010399288682191,4.184367079882501,-3.1908957980606334,-0.10579898193432413,-2.077717333125728,0.5264097610492957,4.9264215008288925,0.18888745690628372,0.33431377113626315,0.11821530049485052,-2.098409829064074,-0.4728706257039583,-5.734496449141647,0.9525492692703974,6.170963376496497,0.7162067590550603,-0.5034312523367501,-2.9780381809715872,0.9396188776530446
2017-04-01,0.7638373936686538,9.748239681611981,-1.7517895525625549,1.8971323221114833,-0.17524295045403537,-1.4137504175426918,-0.2906834963957161,1.7314609509731405,-1.737533841988681,1.0043698186869454,-6.621676124372733,-0.3357086460717307,5.459939650632251,5.019950622739877,7.0580419093339675,6.067639328319374,36.43695168314673,2.5179460903655304,1.5633074673567782,1.7391199716029204,4.966559887244304,-0.5787475359532279,1.5363113021640507,-0.5179098146376182,3.0528925720528566,4.324004646742008,0.44629628327508275,0.6931621174857794,0.326425416054521,1.1052528802968142,1.4277787904342087,-5.533160616915611,3.3300670715209924,3.8133412355537466,1.3988956033985644,0.4379081148493835,-1.9746162639595943,2.6443589856338354
2017-05-01,0.6954290322515932,10.79416694042774,0.8941764406732222,1.6559229956625066,-0.09648477132114808,-0.655676283252149,-0.2096601922544461,2.866103125593189,-0.7861062129973506,1.0096826913558843,-5.213247782600494,3.2280010957683514,5.819210354289162,7.237454394041953,6.059916192648407,5.974507630659054,50.657737419371344,2.7549450832111466,0.7173711427268081,3.801462179382442,4.035911538566261,-6.738738909532116,1.576562316271235,-1.5391096480915412,4.289524805051759,6.0136271485047965,0.3803970846946392,1.1792639332994126,0.011815833216499705,2.366729784809918,1.6396378990416016,-6.954761551032529,-0.1676139485171424,3.84971884075882,1.7502824675060813,0.2433048524518977,-0.8851902373919307,2.7705444493093028
2017-06-01,0.5458965455313436,12.417303309875404,-1.8748174827217023,1.064787740573836,0.10056255289490057,-2.0706967113038544,-3.180529894852935,-3.0459831430705075,-1.7435425257858017,0.272629617362119,-4.593300526305788,-0.7549485660847899,6.176869594709178,7.623188281209714,7.5768409847258855,6.757733978535052,56.66523950094267,2.9802528171862352,0.8414612171843583,-0.6948640483383617,5.017574959110349,-4.534317741515748,2.7512207359720264,-3.0108394497642466,6.7620263201753295,5.601205451891889,0.46133843365814275,1.5514596055559382,-0.03594500414366708,-3.1397007789002895,-1.332028688931708,-6.609692975106595,1.028972811302875,2.048446188013675,1.4802297253428964,-0.4182439156111495,0.48872366790582156,2.972852483479664
2017-07-01,0.10459611159192583,11.763022958731085,-1.4893906420021752,0.0627328489805068,0.3269244186625997,-2.213641835745961,-5.954182978106415,-7.538098096547441,-1.120836157526106,1.5984745829506153,-3.324491090479209,-1.679095455029056,5.7863151106060995,6.8680269155632745,8.109012954333128,6.198193895442006,54.5768414118422,2.5636569577964563,-0.18651895304045985,-6.106920301738272,3.914684665121304,-3.28110562840348,2.397478252962748,-5.127736524181447,6.581780867453846,5.814041363327194,-0.11680493575728645,0.6844340431541474,-0.48088387250615483,-8.714308913577195,-1.7623120839177386,-8.026664189157795,0.12233071572984588,0.6055250394143563,1.1189989414055912,0.784292856217661,1.2401543479990451,2.4699924830950453
2017-08-01,0.36438678176373696,11.401995708369572,-5.081373977468595,1.1559059697744178,-0.3320985312178615,-2.533761995035866,-4.5231310842483,-5.306700403873288,-1.9600168308984034,1.1343823795546326,-3.4297131882947474,-5.124097151697504,6.735766705578827,10.90330965773254,6.925009731351062,5.647159604676633,50.17585350022911,1.9359492298723247,0.4940370477187983,-3.093974859977744,3.986750376977377,-3.1624007147555644,0.37652752326087224,-2.6046598067217097,0.5807649813660554,4.6317186880007855,-0.2658974716187257,0.7384680447879433,-0.7195985303342645,-5.272500266160796,-3.15362511484254,-6.634937307162081,3.3467634170570415,-2.188031833787507,0.8523014668689877,0.7870030467860722,-1.565353795735669,2.815549372792993
2017-09-01,0.21565222986417165,12.35370900102759,-3.1891986776279246,2.408412344945221,-2.0145828780323005,-2.425014203710596,-3.791251926301409,-3.737688373943504,-2.0231696652287967,1.2117329005667976,-2.940748430662965,-5.5384288090357,8.187638617507197,12.157897470973777,6.050020517460886,11.636888179937866,45.71790262905739,1.905292353392496,1.8524813224790826,-2.932803837533904,5.334800923242389,1.5806776802522293,-4.139458651497641,-4.227953250265626,-6.037075090218225,6.201544661484015,-0.18224282706434947,2.142702004875696,-1.2473919523099952,-4.258448574106821,-7.275176346276513,-6.748176626901115,-1.1438113128783178,-1.2255595639088734,1.0630336308315114,0.49971848958410003,-4.166385821620445,3.5119049373387945
2017-10-01,1.1953616071832318,10.969322979077912,1.846040447596775,2.7168657154135634,-0.3232544260990733,-1.1948502250810233,-3.3665546413257696,-2.5073675056766054,-0.5498751634764099,1.0164769825014242,-2.7766740000581436,1.0996714745279634,8.423767579930885,11.988091975517623,5.392772104890731,12.222355756099157,39.91732710570055,3.5338849226020486,1.7228137845286762,-2.0526839455822454,4.533634495139327,0.26426116155695567,0.3591410668042583,-4.751641368221593,2.277142054347503,7.803878291029487,0.7092155907088005,2.0315063532619915,0.09988812529966307,-3.150910509133986,-8.272130683159428,-7.074965579452108,-3.7098761751436116,1.2343108498470867,2.292299295977873,0.6249062640603986,-0.07251055376209514,4.110531955799006
2017-11-01,1.3565359408108213,13.470623258886484,4.442292437182571,3.0125911616974976,-0.23793168672660014,-0.4735531427433104,-2.5645885090880505,-1.7641111045024749,0.13663771200851382,0.8775817746653702,-3.4346788722792954,5.0973351638680775,8.60209721816323,12.68420247678419,4.438465746912579,10.684617526260464,36.47215096865628,4.446876131306987,2.767351174310284,-1.6000676771798616,4.694275379138801,2.58318650383782,-0.02389652803361786,-7.504329457438086,1.5878910758915454,9.553449517866387,1.0184426106286226,1.5701821395178506,0.7639894693884042,-2.3445726116533616,-10.109258302409685,-6.088045165037082,-4.200170750615784,1.7838765702177684,2.9658634395230754,0.6163875951243236,-0.5587754495467445,4.356228199927375
2017-12-01,1.0909646726150468,13.639726683204945,1.6982136805925307,2.5305582283360772,-0.3004096131076106,-1.50592349555001,-2.109267011087479,-0.8263813145456989,-1.3367407116178454,-0.1654278920106278,-3.7575646609875557,-0.22870594539765587,7.203618947800505,10.693782664802098,3.4938413056309514,9.553240743190972,30.446644986053762,4.149924590455201,2.2729346589584143,-1.5489776628028418,4.272021954367156,-0.022953120265278848,0.5191335492950255,-3.993707027153004,1.2461391964645463,8.628003894191849,1.6191156209459212,2.5794253757370544,1.1830535571542677,-2.1163245356793703,-9.712912408418495,-5.434153400868313,-2.785954604551455,2.0100552343742306,2.466739512872973,0.029105045042321365,-1.3087018968847564,4.067890155074643
2018-01-01,0.6392567510574043,10.74838554631965,10.045497692383233,2.3256939912427166,-1.0860597332853272,0.2787567449176631,-1.73924992393234,-0.21404194038389113,0.8627066797288974,-1.0962992021183449,-1.6695622822083478,9.069620548816037,7.473386537740034,12.882958575733472,4.853399951628257,9.76095701085109,27.57337906164028,3.7796134266218973,1.3812576312576264,-3.0968736583271483,3.8752045868108764,0.7224395306138831,-1.5590115638214663,-3.1253924855323745,-1.893868575222668,10.069079433487849,0.8066988059812541,-0.5214952407912699,1.439730033021891,-0.1180173092053538,-8.078315765526655,-4.955988912123721,-3.096781036856766,4.539877550066129,2.7357937487533013,-0.8345995441641052,-2.0985818504805187,3.744219784178565
2018-02-01,1.6247369442397241,11.211039278354583,8.28169450696359,3.7013894997376173,-0.4954603631709409,1.0749341681133284,0.8357672876539324,1.9824482005470268,1.1706277739452098,0.36430766027184536,-0.8461857392254135,7.811483488867466,8.07056694374404,12.97170380679784,5.282073791020103,8.768299946706781,28.20644895436284,4.1488839408489575,2.600424259081957,1.1790488278925926,3.7017464032336633,1.1775916545463838,-1.3120507103650425,-0.012768757796310926,-1.844222625529357,9.599460068243681,1.9701882713722085,1.7190424885186406,2.0916981295401316,3.1354486186864428,-7.761198299040828,-5.218490183067259,-5.962609891986304,3.620911898452972,3.4000036598532457,0.6346482332657111,-1.1261582753483657,4.645008827129864
2018-03-01,1.8948978397639982,11.638749961488305,3.873514305501624,4.244182571672561,-0.5034566807224583,0.7058790415646277,3.810505047667667,7.039077245153225,-0.15187678467795118,-0.1863309476100805,-2.126620168584792,2.767060859242565,7.437369170182073,14.088916586118616,4.2838479412131925,5.5264988376172886,27.360339530203426,4.175893800274211,3.0038672633282415,3.2756159050996603,3.127935843268337,0.8873652307845203,-0.7889372926741633,-1.1998370137743297,-1.0391243177441334,8.61822277694908,1.9054127389303233,1.7535612435021886,1.9805019572279203,8.484167830834055,-6.587447927337298,-3.75085273617084,-2.950743032208014,3.0263709500329306,3.225109252557967,0.16707695136080059,-1.5145273850706853,4.328954313914896
2018-04-01,1.4099956124606017,11.56160070437322,8.223870067128104,3.32370230148451,-0.522462496010212,1.5316850528665604,1.773642864829439,3.035880347179165,1.4797099692315685,0.08690823212416099,-1.7388325885211553,8.670080855506,5.674954839549051,9.006067300708697,3.5982427675310236,5.647833151066983,25.315285146805365,4.250654289666267,2.559088505552176,1.5355351211771895,2.884519853842149,0.3623577672510647,-0.7784995289334073,-1.0134465114434055,-1.6548272362729821,9.31381878110309,2.1690650719521587,1.9462520908471115,2.2760440614941757,3.1868046971569752,-4.619691329377029,-5.027078403611773,-5.155042560702938,4.525104413929881,3.310271740217141,0.6869464133654191,-1.4732676820030322,3.706433965746913
2018-05-01,0.7229805973577141,11.14718342773,3.567034449912687,2.627482192288255,-1.1205034001413816,-1.4828746389829006,-0.703639102513276,-2.075697641319607,-1.7084843369905234,-1.0106898931010688,-2.9979592852521053,-1.760423045891546,4.2323070771691285,2.6391196513279924,3.9412142908010983,3.441340332669607,28.243009872525615,4.191344556578991,2.6719098009523767,-2.6011469717388547,3.5431394516634684,3.9406668977272297,-1.406154150588701,-1.8983890707555129,-2.749207157119926,9.333692796124238,2.192814666300813,2.7144016593020126,1.9455774956997463,-2.903191041178821,-5.236968466907577,-4.692533381234664,-2.660210999847923,1.2574874052917684,2.257816478764929,-0.2761438350063039,-2.4758161133499046,3.0795334796812606
2018-06-01,1.2942174325200728,12.116250917822624,3.4691083687155233,3.847270470221953,-1.0305761120394719,-0.04588025254086414,2.994275209559305,4.563211204201578,-0.8865428517311202,-0.39257146356866945,-2.9700180230416207,0.7263375899333457,5.516071072070261,4.762617942189595,4.446909952322398,2.4578260523593576,26.10154864074412,4.192105001491497,2.8839530821063164,-0.34446548966112767,2.895662484928807,4.730500592650322,-1.615570913816522,-0.9949091842165636,-2.858389489504054,9.212020964945488,2.2096521122115576,2.4574786455201503,2.092551714494051,4.404900526478173,-5.82843611534245,-5.483462588967081,-3.4508313821977055,2.447354573524896,2.84114123989756,0.18579650963681527,-2.5870097072054343,3.6539006384692154
2018-07-01,1.774973652891365,13.534483613958148,2.115488929434406,3.905675025466082,-0.16590997148733244,0.3109820607290814,3.821261296817613,4.6888907038938,-0.6697927636154066,-0.15913272663981015,-2.330619264914957,0.07574788742092942,5.151776338247571,1.9384938487755354,6.040777998661384,2.371935222991506,24.859213880750364,4.968653131198364,3.34427339268768,1.175936351905582,3.517542719446465,4.0387820643115635,-0.48149025179572424,-0.5655308061196518,-2.5841945700919133,9.954172122366378,2.3468265867066407,2.617433862831442,2.218361886506126,4.704240031979712,-1.8005626506920613,-3.081857256137921,-0.8663761401331849,2.4883716287704916,3.2545176660972785,0.585809074063004,-2.3627933476753293,3.565603078030822
2018-08-01,2.1867119442780414,17.306731172907377,4.932022782475909,4.280190060904321,0.28111049666195154,1.2220639234979291,5.150953389830515,6.746925297604078,0.13474398642578933,-0.18152060705250994,-1.9178811405843654,3.109975570765755,5.0694133452753976,-3.15408358238205,5.495377534420509,5.889972691380563,28.37891170213791,6.774335562698641,3.7784963149515516,2.1881646923547438,4.4000308233332674,3.3832833157595887,1.0591782164935726,0.7732007941904095,2.578421919301732,13.224727409537596,2.908250427092751,3.5560821134256626,2.603293808038054,6.389478653035452,-3.0958527522167323,-2.8492478110331843,-4.983117668872117,5.05406884122106,4.353888206234169,0.1280257242385563,-0.10485255173352526,3.849417550208904
2018-09-01,2.2038479056021076,16.462654986256386,5.126585657486893,3.154379757905823,1.5115878261927396,1.4020624352477418,5.413472784548068,6.60153304597122,0.2958520539152687,-0.9726838851790487,-2.1340890461624573,5.57856611994112,3.6406740313013497,-5.875445080235053,5.128434086376754,2.8870288800554755,28.88848358019831,7.202782913987127,3.0274955170352724,3.0720497749836984,3.3245592252297174,1.8551866070368517,4.63654367694164,-1.7835098958375317,7.40494788005166,12.833608235130466,2.399636051357623,1.2301149630866037,2.9584131918768186,7.536508654277063,-1.9692730977912132,-2.3076837572895026,-0.6941470055358834,4.510665259564028,4.313425268098525,0.0467680305684004,1.7676378504117185,2.939775111118049
2018-10-01,0.7405716100979731,14.735150925024332,4.629310089825389,2.3611701129212292,-0.6748490744898472,0.6799194464937264,3.4558573684315697,2.7839444995044538,-0.09265070683521781,-2.485868409811154,-1.661948243550393,5.53839123394364,2.572008430255246,-10.040210746537937,4.749769666555581,3.483391097784194,29.69052870797406,5.012043910914543,2.459447393223879,2.164093764992092,2.7039037734172044,1.9212476715152027,-0.45538031543223,0.5725413278778735,-2.199268067718596,10.752656722238484,1.6201467791242985,1.0756312517968603,1.8780186005667998,4.128426683636444,-1.400492462766767,-1.0268331562167998,1.1801690319930502,4.720494413881915,2.930957683741653,-1.5625,-2.336633466531479,2.0339663783079587
2018-11-01,0.4325997658404912,13.567988356616901,6.384951518559068,1.6424167694204739,-0.5967468316535274,1.386584142857994,4.101474120007698,4.271108312545913,0.6303129588748346,-2.5014978431059265,0.7749240858790252,6.421232033258795,1.1609155203232913,-14.200701566577145,4.747003080303713,3.238795347522161,29.974900367872472,4.9428052432618275,1.878512967162993,3.7329079906502916,1.7246115209543111,1.6682296036720778,-0.6701590494876064,0.3709594125550053,-2.1412692296291835,11.238294452030239,0.6696694313266471,0.5667968053270966,0.7157108964750414,4.729944604798075,1.3358527322170133,-1.918548127932962,1.0893960331028962,3.560645186921474,2.7669701578022066,-1.7279477813042732,-1.2379073636807347,0.882645597210511
2018-12-01,1.019606282764185,15.340278043736344,-1.4965869819781208,2.1778817213850665,0.1367150669432382,0.9963596469356073,5.852062081770226,7.268547875713383,-0.3327356047021168,-1.017566030582573,-0.22929188857415683,0.8123765130152893,1.217710742677225,-13.884091235116912,7.2068516398942295,0.4792316833979182,24.870679191021328,4.835483744460567,2.8422158775477824,4.228272975152669,1.8002328562064074,3.6339707643029184,0.09263496915006275,-5.169351282020152,0.15604825136530387,9.460545193687242,0.4948192425306974,1.649269311064705,-0.05036340654132054,9.102711339691405,-0.07825251891446783,-2.1580840156094627,0.9084050437000224,-0.3275979391464956,2.5920523535441164,-0.6955994700194479,-0.6228809901860588,0.8079050657107105
2019-01-01,0.437034154518523,15.096640390210169,-3.183558893515759,0.3706405378230748,0.9239852995445164,-0.36931874590473424,-0.09089910199678863,-2.7121039885335874,-0.46879490966034165,0.049680466571433435,0.33550304759539795,-1.5623108793817786,-0.23401765769599514,-20.38146677456386,5.968057461531728,-0.42322684194435745,20.301984390794757,4.365246938434808,1.1667293940534451,-0.5287472988675823,1.8516162495963107,-1.9500693481276032,1.0144729850506184,-4.853299026647518,1.6014108402719884,9.278321065711914,1.0447924870647052,2.993100761973766,0.13481230360523622,-1.058487593540769,-1.2859156657939241,-3.1437942273548236,1.387986753147774,0.8877782207485474,1.9110414633906059,0.3056417721174487,0.08562848247979371,0.493703105650187
2019-02-01,-0.9715846129491834,10.46156147452859,4.327080786091297,-1.2508896623670274,-0.3345308378344569,0.49086255848362903,-1.0255306240275597,-2.2149975399635258,0.905048822752641,-1.6842556756972327,1.2465474927304987,6.161345952224062,-1.7938340559299437,-21.562624845539936,6.239822644248694,-0.8012451002997412,12.675773402973078,3.261645590665929,-0.20017859070348143,-3.3002067958405656,2.593288537782712,-2.8259425591608878,0.007598268405284436,-5.496768109393113,0.24899615720039847,8.401967513154895,-1.189149748069851,-1.2337643125536313,-1.1712742043617164,-1.9853109938030689,-2.2974533268418362,-2.1978146431060774,1.0246316254756138,1.451625662526701,1.1090463970740094,-1.2420125811163918,-0.02999201907288862,-1.4497682466093798
2019-03-01,-1.1566680198421775,9.04457895608337,2.931881684169957,-1.8725827454181498,-0.025345650040187184,0.6677912977510747,-3.1968147818859927,-5.2463658674721465,1.756089600560884,-0.4795539146359662,3.7310120971172145,5.0650011747200185,-2.1546224614115372,-22.71962990143711,5.395592415216299,0.2605508511651866,8.287097154999422,2.264231342849965,-0.8487034242145031,-5.2362116937633925,2.7970785629688244,-2.6630092191316845,-1.4557719267148994,-2.937996091121331,-2.376242215984259,7.3094170403587455,-1.4037198477347634,-0.5997937899036243,-1.784744628944679,-4.961143167089055,0.5685710943635902,-2.860262636721489,-1.624003894739534,-0.4979751593714332,0.6545539933664246,-0.13513281841678326,-0.1782683202170121,-1.727249864003059
2019-04-01,-2.4505889988003626,10.057100252768647,-4.515949554896148,-3.306462499758933,-1.3107100815985318,-2.412547603156534,-4.060962011688707,-5.898501400823575,-1.9568157808998232,-2.212783345735636,2.090280319184812,-5.196231325034373,-4.899992423668453,-26.56554783270385,4.265618055689746,-3.2994341642452962,3.3938056713246567,1.585242830379019,-2.087629868866492,-6.345308238126213,0.9822473663675391,-3.6852349254544725,-2.0995502248875586,-5.1874336318647245,-3.3064375549753944,7.163031902579053,-2.4734256014721123,-1.7909744314834386,-2.798307254762078,-5.535694231273169,2.490410944722532,-1.8025446831134606,-0.5221510970859766,-1.3175419936566346,-1.0248420156193982,-1.8165698745853498,-1.310471735429175,-3.510895376015191
2019-05-01,-1.6567689485946557,9.55399612956902,-0.2433439676563287,-2.1519641794539024,-0.930304214210631,0.601634648997762,0.7834800487054983,1.5714037987536456,0.551546907246192,-0.47944091491793905,0.8663490805944862,2.8546832637390995,-4.186853865776707,-25.433528836754647,3.3958331322917923,0.11471903558233354,-3.2715809138320284,1.62893057584379,-1.4836911340407988,-1.5340146463101,0.7262015865608928,-3.3348001251662263,-2.0699697337047684,-4.220985038506764,-3.290010698976298,6.675192757116832,-2.049920131709182,-1.8564042532435931,-2.1450388426748956,3.4006768660737485,2.9725624089749214,-2.0592897874220695,-1.5519430125045641,1.1311995612316883,-0.009765434268871331,-0.3895186268389583,-1.979156619778366,-2.958549827812145
2019-06-01,-1.8866734967294518,8.004035648226004,-3.446755064668605,-3.067520148073888,-0.6084428225555993,0.21952801476825545,-0.6703011019711158,0.07175385557385283,0.46941462477507745,1.3610701480817777,1.7628532402613528,-1.6741212812192319,-4.989309972943823,-25.988277340957822,2.6871841984382305,-0.365994544060122,-4.804380061594616,0.5773672055427337,-2.372312349608008,-3.568038130502438,0.3486243862758087,-5.956599699224929,-2.9126514764892586,-4.368298552370886,-5.0758082385938375,5.362991888908142,-2.4544352315394313,-1.0556640625000058,-3.1243885258091075,1.0295028835613174,6.06568593910366,-1.626183462687636,-3.357662583476595,-1.713410734014309,-0.7364483807825617,1.431187804680012,-2.562645829282506,-3.5357069809340573
2019-07-01,-2.664258364257377,4.706889922047042,0.2086150280084853,-3.127902683585637,-2.149567121106577,-0.17860706445819163,-0.3375803114450737,1.5922487024658372,-0.12602041530728192,-2.2939682223439783,3.8061861084843995,1.1501032143910406,-5.659748667174414,-23.857656634487977,0.5982100800753454,-3.5722887503733314,-4.287009454733848,-0.35512847294756344,-2.358950364565049,-0.07402533311400283,-0.41340274893511,-5.325974406564427,-3.7726046954314696,-6.489510090216488,-5.860899826000498,3.505733127644417,-2.7215375300298827,-1.895063656955398,-3.117516066649728,2.6475173902614557,-0.00952215180152205,-3.506919618196336,-2.7561960154520615,2.090982576768363,-1.3776423354133316,-1.7899803886610943,-2.5124328805547935,-3.964871012921285
2019-08-01,-2.2785792145810224,4.454821227717387,-1.546051688036032,-3.2966397408956905,-1.0786321541673805,-0.5863708399366119,-1.1934168337643936,-0.2426179633569947,-0.41046598554697056,-1.7701128865569626,4.379259319942452,-1.270968555655816,-5.328900633648736,-21.38358352869042,0.1880547615465744,-4.885657833785528,-5.564261560032701,-0.25793090464087953,-2.4733405136863285,-3.6762688614540573,-0.8042484255327276,-3.1961674626602155,-2.113421097282242,-5.441834507638809,-4.251950413058026,2.9658171020537916,-2.3026444279520275,-1.8447415607702466,-2.5235572411635876,0.25353654671700365,1.2764034084636666,-4.382363432399872,1.362568246521434,-0.03350757271143312,-1.3399594359482125,-1.1079393398751192,-0.794789465127621,-3.584792395578921
2019-09-01,-3.1026630152046097,4.540360647943764,0.7742281673406071,-4.491502562719186,-1.5205385053281395,-1.381191402576054,-4.3693078106633365,-5.143262411347516,-0.5237633365664518,-0.878132555532074,2.5371004595360125,-1.5707720053522611,-6.431405303821269,-22.668413568837064,1.4005285013212632,-6.022117803407845,-8.057080295232632,-0.31266137740012523,-3.764201935814504,-7.590634886325676,-1.4496933341024087,-3.778207357469665,-1.653582629192396,-4.369796394494396,-2.875947572361892,3.895806548195635,-2.352014404681513,-1.7628755680758612,-2.6301851761371897,-6.5961760482077025,1.7362336537565248,-4.674741665546101,-0.14710974407157185,1.5214264338189176,-1.736791546589811,-0.7938891817431459,-1.011670699865952,-4.066817383806596
2019-10-01,-3.5373821184678578,3.7909583902641764,-1.7839304898505381,-5.606161507947993,-1.1989306671676525,-1.8829959995246948,-6.653786707882525,-8.380564849723749,-0.5169319133660366,1.602405084826919,2.0914598048835886,-4.442938363643211,-6.503843080552485,-19.87369184650999,-0.7410734336402491,-6.54759440796282,-10.82306859763954,-1.4195331522096843,-5.467203749249572,-12.039004124868313,-2.122135789767199,-7.0982763481524,-1.9622196506751677,-7.353907943771154,-3.3651247572544896,2.9744980149473133,-2.9670749632533133,-2.758739063909932,-3.0650185123513585,-10.810137219140014,-0.5319265555067232,-6.904255769463063,1.0507321770281353,-0.32034475197116885,-2.4599465312638347,1.451030862795566,-1.1391197877280046,-4.455549715921589
2019-11-01,-2.5272174033312833,1.1913293481834897,-2.0750658309535264,-3.3125970496894475,-1.5374653656185955,-0.7354392892398698,-0.4472626942252811,2.1697264131770533,-0.8138773079213735,1.930890249685313,0.615952725253055,-4.716500809997681,-4.494819026034513,-11.08763025562074,-0.016857562958316752,-6.014675468170094,-13.852424579687927,-2.051853030062034,-4.602816628756711,-7.09438377535101,-1.952861303450537,-7.021602990436437,-2.6462835422680353,-3.4036774352246613,-5.375096674400625,0.921057213497245,-2.3453006277655675,-2.754162971721341,-2.143603390498716,0.4501768896343572,-3.2143387539912416,-7.6455972002009265,0.36134664958900053,0.42102638368066714,-2.047699581043161,1.9675471015927926,-2.561321920537485,-3.2543360023755175
2019-12-01,-2.7513441124918714,-0.10293360782295258,-0.7673944349406048,-3.944410105848717,-1.4694584039097403,-1.3401603728867117,-3.9461111268791482,-5.061701027118881,-0.5859304719828984,3.1479173901497237,-0.21948201441737147,-6.179204444909569,-4.220122706455043,-12.64960226370423,-0.7436586533151823,-4.299341314486282,-12.628052701631598,-2.4109681280861883,-5.247110537020805,-10.106271574293146,-2.68335111341772,-5.292122931625842,-2.1833615483437097,0.7286462177810593,-5.277610011657785,0.33379645406803604,-2.118920302913918,-2.7578753826443148,-1.811822591959522,-7.4562929061784855,-2.8658506306485254,-6.090371232359615,-0.015276952945975086,1.6297192123511328,-2.2998443714335015,3.2762702327302495,-2.8894127247680146,-3.00614820998584
2020-01-01,-2.1757617301980003,0.7207688200747464,-5.329640261523261,-3.031663098348103,-1.4007877991312645,-1.3559001135978632,2.536492701459725,6.263583187785571,-2.4101808332669505,1.0051506512393171,0.4148822269807395,-11.689729208243872,-5.84400352819161,-17.63246657164671,0.010102958329882838,-4.96925040056031,-10.199848599545792,-2.2809394760614388,-3.879523026315801,-5.557315830018905,-4.34051098747994,-1.0130178758350872,-1.2269889192097927,1.1890299825481732,-4.214373704141172,-1.235589867814546,-1.1454787627645402,-0.6133406490045346,-1.418771097934013,2.1605214708662945,-5.01448394230658,-3.6085513178386375,2.401453623976657,-1.4505464849548066,-2.2900911007524005,1.4247625479501869,-1.8659186695755392,-3.087704539344517
2020-02-01,-1.4446997702068143,0.9174544869787304,-2.928005183321891,-2.1711227834603775,-0.6736264312419027,-0.508361603278995,4.2494290262302,7.911326841684652,-1.83183662078521,1.7648521004225648,-0.11379999999999724,-9.607246734977092,-4.811907162504769,-20.07900550195737,1.9029943768870794,-4.845720262653264,-6.53375398234205,-1.6868086073647537,-3.6273536207659385,-3.6058123542426546,-5.100735498595165,-2.0184965083122064,-1.078669532853438,-0.2184976674178607,-4.039826504483401,0.05100335918675203,0.27841254952050143,1.1623030375651489,-0.15063846767756628,5.206260000780549,-2.6470784273687986,-5.0919219821124795,3.7328118516570807,0.44738586299661876,-1.4226397113879297,1.9710758604589262,-2.0743415031017953,-1.8214551521705096
2020-03-01,-5.7302101197249655,-0.0016872226627717701,-6.644201697977204,-9.093672941898811,-1.872518450957883,-5.8204263758056545,-12.524508335829088,-20.373672570779632,-3.866059496114438,0.38736348692243183,1.8891600549358234,-16.14715912267297,-9.988430805431648,-35.88267820651521,0.8016624336181,-7.676360216044287,-6.606344707293143,-4.2852001969771685,-8.980053769817742,-22.75680602856941,-7.1954029610000525,-3.5485199490408736,0.2943313619264032,-3.7115299516342515,-1.9153922345278795,-1.7829781306588632,-3.425633085480284,-1.9537616069736585,-4.155878756070852,-25.561273689803787,-10.549239198614224,-9.530416097844164,3.3382994905347907,-5.203984265461903,-5.315331078191232,1.0131508658688615,-0.36113970034863385,-6.101953985608313
2020-04-01,-19.590084450707522,-14.932709863436965,-2.4259493056229986,-27.75102964787538,-10.581153162306334,-15.367107195301033,-46.287496004801255,-69.63313751348758,-6.437843008911937,-5.434273851186577,-2.527611170633526,-6.576954524217415,-27.927164452588183,-75.05854016683158,-4.203230260292634,-20.53641323686395,-29.53273317894769,-16.835674090887586,-25.51843020367611,-64.46467808133991,-15.131028620553089,-19.61206112608772,-8.097139951852695,-29.145068139698537,-8.491250246070637,-12.364327687521593,-13.810556107548255,-12.280743851229747,-14.572503564397454,-79.61064822612124,-37.41460867211245,-15.171917398117118,-3.8410648340146625,-13.471636921523322,-17.318282261376304,-5.35584202655347,-5.712089139916666,-19.154005708912386
2020-05-01,-16.130931438324335,-26.05850743311845,-5.3855462184873915,-22.406559992024334,-8.982220338517932,-12.338161087361232,-35.94895968468691,-53.94978881301069,-5.464620862103087,-2.7817901106118037,-3.095812696616862,-7.46996065302511,-23.032343691508792,-58.877316256235126,-5.566236723722772,-17.192215813086285,-49.558450755228655,-17.921343533394484,-22.01522913191962,-51.7451008145992,-13.61390199882252,-21.849055725784673,-7.64791297121209,-20.291216384363263,-8.101450255759135,-20.029325260261686,-12.526012694194776,-9.480851233015585,-14.059951684566663,-61.57288678103714,-27.048435175922226,-15.896152435771471,-7.999294176854632,-17.237044712809535,-16.047738104539413,-2.763187459255967,-4.907242164705106,-16.60237805300024
2020-06-01,-10.002530201773553,-24.60958561747667,-0.1618572875498936,-12.700348085529589,-6.6540606403794005,-5.144720465973018,-9.764153246677154,-13.848411552691719,-3.841386987878481,-1.2589624001829725,-2.7945152432229503,-6.502581687363119,-17.09086745260474,-35.385181980200066,-1.2655632595243493,-14.11029913280717,-56.07251551678689,-12.814851363019619,-14.681720152257526,-20.43711985359895,-12.92878994045723,-19.281806523831634,-5.52336936972222,-15.525854722344246,-6.460136885039902,-15.524285380279002,-9.532105475242025,-8.481133844589861,-10.083772224382315,-19.57229796669341,-20.279186691610484,-13.27995008319467,-5.612008918650801,-11.002188960539561,-10.586501103106272,-1.021900695762168,-3.9950070207275146,-12.544543817723666
2020-07-01,-6.0408772499325085,-19.313101974727488,0.4327460580592968,-6.712255535707645,-4.936443543622026,-0.3767455343309134,6.639383343928795,13.030422368809713,-2.467608939912558,1.0029342734971358,-2.954835166990255,-4.647521865889215,-12.95746505878197,-22.18962859841893,-0.788500257526803,-12.64968878320728,-55.65111836344823,-9.26729559748427,-9.995807044165804,-6.314191382921319,-12.019048912252794,-14.054900131864322,-4.465437446166664,-9.178655466216556,-5.006949696030016,-11.644426625295246,-7.00664182340941,-6.342366370430819,-7.338238867029389,4.839102283238406,-21.573311679468198,-12.604463819900424,-8.47377752311671,-9.505370804952962,-6.783727842575615,0.8399996772723073,-3.005578116856644,-9.382239622782881
2020-08-01,-5.169293352373172,-20.942945245709065,-0.9439459270481287,-6.3964035804708885,-3.741189848847648,0.1086003507094091,4.8401486259938675,8.627129276649148,-1.3423651729701391,2.846009183546494,-2.3686843912488986,-6.151177759652526,-12.063493969153438,-20.254461309577444,0.8962759966964384,-11.128902406297525,-55.74133769492171,-9.542451583676236,-8.87702716147648,-5.409912531629379,-11.127539088923676,-11.351647605761938,-3.807576815820468,-7.248333465075218,-4.773579689203489,-14.135882999176053,-6.101993083181744,-5.2823089066052376,-6.506568741394858,0.3084557097833951,-14.01084267224979,-9.099176154211309,-10.088120590550819,-10.929332784263401,-6.512241935326724,2.6779002567849597,-2.391487374249479,-8.477555130987346
2020-09-01,-4.344985265827961,-20.23949129417879,-4.119996196634023,-5.25430225755038,-3.405860668414362,-0.40627676010597247,5.379395804810794,9.164498409945065,-2.1174429451404797,0.9459567374904276,-1.483060555649629,-7.490099887700219,-11.180032866040445,-17.217402601534626,-6.669520866684042,-8.456278219411928,-52.28823238746365,-8.99041178465132,-7.351940847677141,-3.217547825180933,-8.710224944885569,-11.185055363964558,-2.8736706125135014,-1.4852532350323022,-3.919112828977378,-14.681053041989456,-5.198250246779345,-4.491472078175107,-5.531726135398829,2.583118534038764,-14.610658986146651,-7.009731156193311,-7.657732105105719,-11.057311031446416,-6.183376999178824,1.273449844001906,-1.9372399156846742,-7.555473112964588
2020-10-01,-2.531226599842884,-20.86434995911692,-2.1751854232832213,-3.150127195242647,-1.9588124699400966,0.4620210240759537,9.793857107376436,14.706117603475555,-2.1336011611216787,0.659169210160071,-1.9292636428628107,-7.865065605421806,-10.32375626863804,-15.616911819527724,-6.3691553544494734,-9.390311302339672,-47.562767810701686,-7.144560045011117,-4.555157444908097,1.2327937692151902,-7.4854605469978015,-6.179057465611148,-0.31452330540978624,-1.836291011361968,0.332867752229693,-14.295850501803752,-2.7315114504741778,-1.8988675987182124,-3.1221201881881155,8.270353085523595,-9.380589119427663,-4.0018098804835756,-5.245971140597483,-9.517269083987722,-4.622589423038992,0.754191333764509,-0.06959594202122776,-5.689141535480778
2020-11-01,-2.8146059500992804,-16.143142809531742,-6.772208229969512,-4.278571908936069,-1.2837414164895145,-0.9897071254537426,4.235994281991173,5.184090629232863,-2.5640486748912505,1.7270171475882279,-1.1533488492371347,-13.023802584280574,-10.786471661781494,-20.42526959927531,-6.144681010500285,-9.555877092502174,-42.776546685033246,-6.37449133599527,-4.942187265370402,-5.60335418328366,-6.409328310497797,-4.827329106931577,0.7441027922650445,-6.616224796306735,2.864593614390065,-12.5787140072115,-2.7585698830975947,-1.461677818892182,-3.368380552570327,-2.6160224175655444,-9.46074247408244,-3.6232816691605274,-5.022565956200853,-10.034763341864995,-4.763138016618107,1.65338645418327,0.8777351575481651,-5.882967154209032
2020-12-01,-2.198665652759879,-15.976965647903473,2.114479950912118,-3.2847441881041384,-0.8620891225294969,1.7327131559482067,7.071940745410132,9.92275062266501,0.1458880874483981,0.8971362934210081,0.8780487804878057,-0.657208249124619,-10.231696033409621,-17.841246432271962,-6.9711805941916065,-8.309963737353531,-37.86599455693819,-5.26276952563488,-4.132225519529332,-1.6435262088336344,-5.980228527410459,-7.748552410733689,0.11568604586935649,-3.6326553520352634,1.921934262773095,-10.096409255985295,-1.7176868523964495,-0.7847803107943307,-2.1543743560020534,2.10278525083083,-7.659315683304902,-5.557430819418762,-4.940471492492904,-6.009366243138459,-3.2812192723697176,0.621410690619939,1.5885215434264133,-5.006880229600165
2021-01-01,-0.9824421720969867,-14.264179697853175,2.1958731417526245,-1.535117703835831,-0.042875677806542,2.872618651969372,6.9083534034731775,7.334633698582982,1.638103090090559,3.048222470978601,0.9681340496382917,1.5488208997106012,-5.742651312850122,-2.966239706833995,-7.574616585545046,-6.811738765224695,-33.67921029116721,-4.263442723981203,-2.8862930109908924,-1.6804705060169067,-2.652284098248525,-6.881666649654483,0.41941618409828685,-7.317492560071015,2.5766659468980047,-8.999955886893996,-2.5564405054194883,-2.3439933752637088,-2.6529415427007152,-0.3419186408977537,-2.5467822911912408,-5.538846018940724,-4.9725482395066685,-5.164842687948045,-2.1297780945028544,2.4573432948217455,1.7307696299540654,-3.7989496137925
2021-02-01,-5.144762986091401,-20.3170995580231,5.887376201179828,-5.311702073976887,-4.9605376022088805,-0.5971522278217734,-2.5881772744947407,-6.589870177363322,-0.04010433218164522,-1.43654726179675,0.5924742356802071,3.5362245080369226,-8.35365220333335,-5.989219375482591,-10.391613207205253,-8.0444292452158,-33.30756854484235,-8.283960964519332,-5.133866172596657,-9.356100433191749,-3.274126498780361,-6.0397750937109524,-7.718531808695184,-8.322342857023802,-10.537134265947824,-12.2287652932077,-5.731217036521041,-5.784917579705862,-5.6767476945518425,-13.949530734132132,-5.376597661526694,-4.520911391955784,-10.140299807916985,-6.110329435738205,-5.681042476374598,-1.684988552932809,-5.535136976414035,-6.7517574504170526
2021-03-01,2.4911697574286684,-11.060774785719108,2.302305714755537,4.689949377044611,0.11929784111051056,6.096961363485631,18.7879604036328,29.371141178899162,2.789834589129603,2.4305274080318906,-1.6068502050988642,9.553212979702398,-0.5159720414389612,16.597549269580348,-6.1277406704965065,-1.7375166210485071,-31.23655555370275,-1.9820720087858956,3.0200886773008584,15.738984631196384,1.2658843344227177,-4.294699294463234,-2.2669352710346424,-3.189667698103049,-2.6713658725612266,-7.235675790667983,1.0399394326680245,1.0968006420891907,1.010947577864063,24.361558828855866,2.9655772914610745,1.50197360500548,-4.7080671699574195,-0.24188752384209922,1.0038210492383515,1.856424508402399,-1.8723621424379333,0.43879396889193645
2021-04-01,21.110976002647575,2.72414730790147,1.739788199697423,31.301838118071856,12.197976377818565,19.06886868353159,89.29284261970936,224.39825233263585,7.424560255467805,9.225640570204408,5.004175882200057,2.7623722247864357,24.92521495949518,189.68288147701534,0.13445410665402502,16.667350789664503,-5.241410406102476,13.717364653864594,25.324515078229126,140.5758635474058,11.529176905225548,15.14756917167448,10.637281530533249,34.54424260137967,13.15432822132776,4.3111268883366805,13.956144916701895,12.77365939947661,14.586888819315803,326.10882198596727,44.33986016694749,7.183154996558416,1.734641376298729,10.824904810906698,16.55213518144698,8.791921487492571,9.005991383106071,18.14074713760415
2021-05-01,17.34208406957316,19.453570579350487,3.253946261215024,23.51725103783755,11.52279780190575,15.2763561924258,59.559418102881814,116.2777839686608,6.546384302790198,5.6066706203693695,7.451535411906995,3.754436891649404,19.077467261401605,85.13596225573016,5.650214465023429,10.676667393736427,39.19438054184441,16.33198539153675,20.81435982304829,78.49383057188099,12.085849472937404,18.019392894449695,12.383325862046002,19.01416496834072,17.043649018539764,14.64773055734112,12.73434113412475,8.742749970901054,14.894427056570269,129.65020900101072,28.842652795838752,8.252371031279448,7.431219315109838,15.222992691334692,15.673379835366053,5.423225460156078,11.912409744982266,15.151380555039593
2021-06-01,8.897233880666612,16.643588010112587,4.582119093323245,9.358075548132948,8.379010767597572,6.025219407586402,11.989549647830945,11.077449932696148,4.43585875464465,1.5237730756447965,6.61057567615233,7.001463827766519,9.578670138217515,12.080641239751454,1.075075982104079,6.911851124124491,62.233981615340554,10.779417382323398,10.322622730830865,6.711059655860208,10.929468067891879,16.026420092681136,11.311603104401534,10.408335390696365,17.820769351828968,11.042772471282403,9.377368358071369,6.667169941548212,10.831179654445444,4.021876719383677,16.123513889749375,2.1729965891235103,5.380525390889024,12.195019266605955,8.958396565691418,1.2830753869196077,11.742500105552267,9.453523905738306
2021-07-01,5.994336619213536,11.37718232992877,-1.661148697279391,4.84849006132646,7.255453009813229,2.0006200828583065,-1.3199075971534024,-8.910761726405648,3.1637569986559644,2.9728695746972456,2.7053024898806344,2.018290277900925,7.871098188158787,-2.164788969228182,2.8949529463957013,9.729634518207764,66.20796726225197,6.7837071718817255,5.934198062456586,-7.168091390589115,10.85645621809923,10.292798822513905,9.571667527638272,4.801855622574824,15.816357163347039,5.976936659662835,7.317573446699743,6.377643183508663,7.820921503563061,-14.109217552820985,19.92983390717029,3.5266040214705807,7.305458083920624,6.17961478739093,5.499991581216013,2.213572269389119,9.354551084118379,7.528023783201657
2021-08-01,3.8352512061988087,11.155252277082228,2.2245098039215705,3.4180288589531926,4.387146592134683,0.5722702708082394,-2.290112027529967,-9.128062974216821,1.549121454368385,-0.816414856783132,1.8091635884223134,5.324000146594554,5.490528471471645,-7.129692689555444,2.7328453030965205,7.175825736656738,67.16101960967227,5.9708780408408435,4.359428176490954,-7.957238177113091,8.42193395457067,6.471423820663347,7.080469614548046,-2.7926790606453533,11.97041906327032,7.422882389396457,6.10509552784082,5.590524357328164,6.379553337952548,-12.443249644265752,12.523364485981304,1.9412151657211885,7.62256037161122,9.229765167455684,4.261481175010351,-0.8267931748077051,6.36743970811835,5.872808505778515
2021-09-01,2.5449315819962237,7.838096236887049,2.8263435048642815,2.1583132109380676,3.1515589287345325,0.8112314428791567,-4.662873399715506,-12.616251461133842,2.533768344994236,-0.030942669941846912,3.608559104210185,7.192486463175052,4.824892502897993,-10.339835599064129,9.103691736971209,6.577791705101665,55.206393241391716,3.4158260604988167,2.3920658504050563,-11.648712839092246,6.952197365384105,4.8304961443329075,3.602797249594314,-6.0241515406171615,5.885482311503987,4.854909051171763,4.922916243826525,5.957036358196333,4.37569185202813,-16.32285809447306,14.444169856243017,-1.244725639924571,5.006253287230655,8.46978878449518,3.0124970172007215,-0.16235212592189407,3.757950779765351,4.886071534757491
2021-10-01,2.899231224747534,13.247278186539146,-0.0706200835670856,3.11555454675021,2.9398800442651973,0.9933275871421898,-0.21301462826119888,-3.924177225642489,1.4691151919866474,0.18527926366436187,1.936842531563543,4.592774428348889,4.532675289312449,-5.730690219912338,11.06222488915023,7.263364312577414,52.00472347962999,5.074406137350951,3.3340595209093715,-4.6445936712975255,7.111000675357104,4.698700710599435,3.663573073943538,-6.235910866594308,6.518858323841692,8.467408109321228,3.6374566147514553,4.984849995938734,2.9240156453715693,-4.9327083765957624,9.886132381096878,-1.4160751913052994,0.27026883066383345,6.500381604345007,3.562767600377925,0.34365957951076886,3.9298610717615645,3.97293902759592
2021-11-01,2.965577153917809,9.780913110437695,4.896731314542935,3.4791918552159684,2.6551981276866643,1.869429227459296,1.2547929358423193,-1.7371179511193602,2.181842086071928,-0.060251079086937054,0.30931030041536633,10.93967468159589,4.2320337498718,-2.7119754246908823,11.074960827952385,7.046187277668059,44.978783592645,4.963841457442286,3.391768048620647,-2.9763777601620633,6.4247257303261085,2.558473035528741,3.4775345969558114,-2.8545133306442816,6.041400428194454,8.088293337543417,4.484644195533938,6.215592038020734,3.5671997731934857,-1.3934054671948637,11.046968712632621,-1.7482395674631168,-1.8447195394845184,8.081884654907379,3.8971339574131347,0.132275132275117,3.414195590395064,4.3904323763553155
2021-12-01,2.0648420878261797,9.643475250951884,-3.6511388348403284,2.819233871973781,1.439738632063703,-1.070465770676332,-0.9870478713618125,-4.603347406246961,-0.9911158989166169,-1.8864702534005962,-0.6255359030090446,0.39432047853338315,3.984187428111974,-4.3697928917168944,12.533141957219485,4.889456294827044,32.78531592496532,3.860778508228435,3.020887387659843,-3.62393143646742,7.0675282768356995,2.8524338937963467,3.806076358557653,-5.8846024094002525,6.614472217055201,5.169040007749692,2.857055114241258,5.16904412420629,1.6285780691127405,-3.2223190932868406,5.774578521280693,-1.2174289264875182,-1.0919259431938833,2.9813563129198917,2.246779785081787,-1.203925930262062,3.2927005304070445,3.279061861802357
2022-01-01,0.21127880083895434,5.290105686187374,5.560021037381047,0.8778083386649316,-0.531296915387891,-1.0035645197717935,-1.9235329527006018,-2.8782169486090026,-0.6342800349365962,-2.0443261205413954,-2.941859541863512,5.329703767063676,0.16447979170262084,-10.588818075620686,10.297887561852903,1.75358007250066,26.192997151525855,2.7645203956930375,0.40777157240621253,-5.417023248208008,4.451107772568186,-0.38223291105383694,2.454273821654951,-7.817662021824945,4.679539898729845,5.710463041960745,2.4309503178241654,3.170493123885154,2.034208118470948,-2.658325595034461,0.13801929335925944,-2.449906473517849,-3.4762184872190516,7.784011220196363,1.318538624747445,-1.3645770874837981,1.0406273146306155,1.589268259715094
2022-02-01,5.012878196838688,15.678628376564951,-0.6980171862398854,5.256235484465788,5.003161555485303,1.600630917365109,2.818560635563516,3.398191285283647,1.2861896365394365,2.2596121263861457,-3.7629132745476523,4.6794940154273545,4.288242231376116,-3.2056476404579426,13.603868329568414,5.161549538501031,24.10018354465009,7.973404478803414,4.22729550738945,-1.6196572075499627,7.1230083281447865,3.875469030157541,12.585074401607766,-6.731898994811569,21.390360289606658,9.300178445183693,6.537796089335357,8.522535000256681,5.487928886779825,3.9882957111217587,4.608481231745976,-3.1004627053450973,2.6071961787860864,7.635544347754197,5.429174741593612,2.9073006218100383,8.433990578327943,5.701502130177041
2022-03-01,2.3767065341804505,6.532606118093431,3.828248277484292,3.6947394161381375,1.053792780131535,0.6728126147403479,4.407851124540052,7.824421944355797,-0.3495330042707301,0.49067616362468147,-4.846349444137821,2.9622672511547377,2.397036796972851,3.4735867198780745,10.06197842955443,1.4177559394717543,23.701552619932453,4.702138032880532,2.9083630062044286,1.5326060711478018,4.697124024220667,1.587084086516799,5.609088312018695,-11.460618195442084,9.659794762494656,6.01225000716652,3.3387386759438975,4.058771028643937,2.948381850572823,10.064584431708013,3.2370271982897547,-4.100111585679733,-2.2616999621233758,6.875966549908474,3.0547153241937908,1.0109139447236126,2.5417602386566873,2.9875503297686583
2022-04-01,2.125930786922514,6.618891399506488,4.083349638035605,5.387534559063156,-1.1842505012861215,0.9880929805475613,7.463686710420014,14.941957521384342,-0.7796798323217446,0.1794744670302606,-6.344701416607967,3.1010722860294493,4.188644394918906,15.81722780935726,10.08597372488409,1.4074371019227039,22.47497165150405,3.8041521660866495,4.515574175309522,9.514739899810397,5.1145959725324985,3.6899660083003383,1.2482704746681117,-12.238833761336931,0.43966555799703766,4.823980942297501,3.0996202878291745,4.242804010349288,2.489625703603271,19.67970771390355,1.6413514565191134,-4.092605847180264,-1.2549989587716137,7.9351224807206355,2.923435475508507,1.0149183138560947,-2.7904773303013997,3.506761142846547
2022-05-01,0.6101183768966179,6.257709992149829,5.577892905242665,3.7468689407241573,-2.664891007219461,-0.2051292214999334,4.525193798449623,11.381944650872434,-1.521528809806394,-0.7296455583568173,-5.800355670203827,1.4426820237430693,2.585975296777221,14.582447271042941,7.393895172078313,-0.3152210997878879,22.574071548342054,3.0562020302055126,2.946280769672538,5.912347826915365,1.8560051035156455,6.174212512064581,-0.5262482351431119,-13.08976560075551,-2.931728461955263,5.389463781749759,1.9701699688835062,3.7528842124396,1.0268159354677397,15.519864825414231,-2.770083700526116,-4.450547966599472,-2.3312589199599,8.052418101793645,1.9115326555590562,0.2535900687052228,-5.195822708426601,2.200204730462349
2022-06-01,0.06167426154803923,7.2160049200033605,1.1726105563480749,3.57771242667535,-3.6241241791522216,-1.0947647711072372,4.027948239705426,11.930546675191799,-2.5245234867214195,-0.9621451104100953,-7.1734962973054595,-1.4218352204622198,2.873638802672418,18.901628034338792,7.5388709903347895,-0.7804433937138033,23.79658554792976,2.4265644955300036,2.6902690374625227,6.984705095575117,2.2570363783508407,3.9798473777073573,-1.7837541163556514,-12.95618615209989,-5.2756867122725755,4.518767424256431,0.7219722901220305,2.451566199769073,-0.1910270974724515,17.86564955745824,2.9037628384992242,-2.3946712484572807,-1.0859619191776693,3.5184215983489198,1.2217594016755706,0.20012816089121088,-6.409056559902348,1.5303379631117824
2022-07-01,-0.7904981813972589,8.337280469569897,3.321818217303907,2.5851107465135303,-4.280955135749764,-1.9748568730449167,2.24940767800339,8.661726033946927,-3.1773077880069556,-2.410818441148499,-6.730515711390517,-1.2008231932705948,1.0416577103306013,17.114910643388235,4.481240253187768,-2.9110952672812385,19.52451092614109,3.079450006884743,3.0623399305170107,6.291537749693865,2.00578764705297,6.054342241612032,-1.6282480314960601,-13.355114534598655,-4.604041664666636,5.826941693350207,0.07464022806511483,1.4863353044590077,-0.6750511585855601,15.627862015572624,2.4998394189032824,-5.703875526627755,-4.06826380088634,5.012707994122545,0.9685592307385527,-0.7661373176387598,-6.350217949715886,0.43862147470728235
2022-08-01,-0.33576259441410183,8.301925326302895,0.7221705396618372,3.069875106446296,-3.6474686521321353,-1.4259984958239325,3.346763774177175,11.303285099726224,-2.7763514121020183,-0.981910863399249,-6.434521694500372,-1.8453860378183862,2.158736595524835,19.7469485069232,4.763456924260945,-2.268489193918821,20.46632124352332,2.8906742281033404,2.6463584584287325,9.050997125670435,3.694224589920614,1.0630316365685344,-2.0228467348373025,-13.015708250630631,-3.489398342481964,5.888264413592892,-0.5257011689828284,0.5569012071156232,-1.1041351378328845,17.583027661526152,-2.5687461075578732,-8.899411653508016,-7.559213419614252,3.266037345827888,1.0515373235776337,0.05216689469178526,-5.3006402478124155,0.4937677989321269
2022-09-01,0.8839202726427908,11.555819925976273,0.9914454078139068,4.524743518661345,-2.650791502077865,-0.6972163340399185,6.281519501059352,16.861238578849957,-2.6033612435399256,-0.5514308152160807,-7.148545385343574,-1.8241692743257376,3.935601818158041,25.660942841527334,6.1376328754101594,-1.9804204549925042,21.75207649418429,5.024352704416102,4.294034721288109,15.973068410712955,3.7825578723361675,1.5887404580152698,-1.0805148038400492,-13.631597748982816,-0.967953976835545,9.09823018910827,-0.08442865577086289,0.06121522086846021,-0.16142444348770102,26.63297404684888,-1.1060280636187358,-6.064924277066652,-9.270072382083704,4.616734182954363,2.46222102634186,0.5463505567619542,-3.7319359386147277,1.4520594354385807
2022-10-01,-0.2384451866360715,7.631108353709726,0.8863194676193897,3.3176141517682556,-3.7749802273975286,-0.8269921319367768,2.3727212619250038,9.548866436197635,-1.7588325187692821,-0.6807854834700588,-4.765697940048874,-0.24389894855632033,4.134689168405958,21.171526267956754,4.99406224220611,-2.243433046072252,14.50249632284395,2.199155524278673,2.9432719130436436,9.327155963515498,3.469847029315254,2.330898034929385,-3.9426902900128624,-15.453912774512835,-5.7054485826222745,4.986941808283674,-0.8353970314804116,-1.0684660509847288,-0.7070442974349,15.647496793694948,-0.9377849218688339,-6.767958714467515,-9.788341237866959,4.268982630272955,1.0650190645399515,0.22635344598516127,-5.5403998850107605,1.0771871793567112
2022-11-01,-1.5852244240634916,6.658581397243157,2.4641034826641484,0.7754200360754693,-3.9955851666428566,-2.162175486339124,-3.6044004643706162,0.05223750652969539,-1.7656407220178805,-1.6069063667450756,-3.45060377290356,0.0682653649931586,2.8547299306538543,14.917662671856412,3.5517898217366284,-3.427977192483578,15.05079152271438,1.4998347557301006,1.172027836306322,6.84559482420779,2.5684830051547314,-0.8018435447582739,-4.309580027859827,-14.41849748301739,-6.881902395602024,4.970741548826463,-1.7566721957905873,-2.881981083671359,-1.1406637467392455,6.974536296770073,-0.1650177258925134,-6.0675076261941685,-6.140369877790441,4.769481603708736,0.0892281762752134,-0.6145114731640478,-5.713052280576392,0.012986846065527358
2022-12-01,-3.1368523344312282,3.873144156008146,9.002534251999684,-0.3356766665284949,-6.119385332035332,-1.3242168075584204,-3.3056162029079794,0.9667662503943131,-0.7690303059187054,-1.876529181229114,-2.5783932272906873,3.8653900315498424,1.1699285198804033,14.619744883841722,0.2488928255092837,-4.178328856515112,14.48120194681528,-0.10616021426831379,-0.5173021180338799,7.188925933933388,0.2540959481997396,-2.331090797819313,-8.696396759938185,-15.368350014244548,-12.00116964764365,5.114861006208193,-3.1003493267249937,-4.632089293287578,-2.2547656488750456,7.150292882338571,2.382253103079024,-8.053839049378242,-12.37560308356912,6.0706708175527035,-0.8020045141340026,-1.3878574814346623,-8.887765620044396,-1.4520886818419494
2023-01-01,-0.5781541846838767,10.361501055142686,-6.87457697224938,1.5323310846636407,-2.6730240999313426,-2.483558994197288,-2.555494592357699,0.3705538128519814,-2.4788537158052515,-0.21822149481723896,-0.9511012670783581,-7.046457695820041,3.6610258199581303,17.605236653265234,1.9620561050754048,-0.15938893455363923,10.495796262516288,2.100441425481314,2.556292649705494,10.24601595691954,1.6072469351668062,2.2782091234000656,-3.8718218238070645,-9.170993941613014,-5.0652576791136,4.9966065630904,-1.9047857128572265,-1.3571295779884696,-2.2028248810328943,7.700526382381345,9.413510854461315,-7.137478811669185,-9.290778296106883,-0.6247847219564506,0.3184077615634884,0.31277269563001475,-3.641135000979423,0.24998164950384227
2023-02-01,-1.1214182852548604,8.875605051497605,-5.703670512676895,0.7135956837941881,-2.8941399058071915,-2.354210807706769,-1.1874212883615676,3.2174094127446873,-2.690435910986666,-0.8170451847748783,1.4106938057087515,-8.021131475031297,1.4287758621988278,14.866185438057,0.7841636329651402,-2.7774912588332534,7.912169616491105,1.887251325453576,1.721517419993912,14.009595193206724,1.7095434066041193,-1.4312445725575662,-4.139059465959615,-13.674735712258046,-3.5384055691024874,5.359596885020612,-3.0311917878799943,-3.5853027494593848,-2.7291385927248446,11.168228706220829,3.7700985370406004,-7.857161696546521,-11.946818552297122,0.5559503005396316,-0.1626887288455059,-0.442818824676916,-1.2485793164699888,-1.3074712989558106
2023-03-01,-2.2652240311427874,6.661799273452518,2.927211455865275,-1.0760424757305875,-3.2509026611335257,-2.3903636309869913,-5.485162180814351,-4.740892213313241,-1.494420428269827,-2.940018310510828,2.6854361671605487,-0.951592883740171,0.3708182701776641,9.213938852414415,-0.24298534993437704,-3.5168687231708184,6.275178639691825,1.6283284808052079,-0.04189419104776437,5.941072781043744,1.346591075418857,-1.1617354596926588,-4.030426884650318,-9.959417480116816,-2.969770516387471,6.270674658614639,-2.8134702177255333,-4.4371277171811,-1.9258424053132495,1.206215534974464,4.684999939930301,-8.777765236207147,-10.579380534901073,5.365985241132143,-0.36591018926730445,-2.540857770263716,-1.282489549277388,-1.5843219620116937
2023-04-01,-1.34524966629741,6.735595083973256,-1.578096509201643,-0.512109484100054,-1.8557727979863992,-1.4246464327011488,-2.331915049701061,-0.3432363036361852,-1.167400436222632,-1.7628252714513404,5.257769973477688,-3.5186696692857566,0.7070018662301614,11.1521704659574,-1.1495160625126122,-3.3876992725624944,6.941974640482451,1.4614643545279415,0.5922022795968651,7.941841014837547,1.099957283212305,-1.2044298933583164,-3.6713706278449387,-9.117912268604456,-1.7558453461381407,5.000586182329769,-3.1246716948967856,-3.5811793449807006,-2.87843832118323,7.3223252312940135,5.523744146058918,-9.653930625423058,-13.207242646742367,-0.2185843613678018,-0.1843454258675048,-1.3441804206172692,0.7468084429674837,-1.6307316602817679
2023-05-01,-1.0964608617740401,5.564643799472302,-3.5457228786651473,0.10407517476205275,-1.966307161168468,-1.4737103420882747,-0.9047928061555521,0.4652610977671223,-1.6434818277114238,-1.8077424880735382,4.208460486817178,-4.557308387581127,1.3680751243680511,13.664472132014716,-2.5234532198635806,-3.1530377643873786,3.2380827707441107,0.8312432131153846,1.1513959229795923,10.62907578142569,1.5002201888731248,-5.111388414282681,-4.484168734491312,-8.885752047687978,-3.889376208608275,3.481241464263718,-3.039788273453592,-3.333430659775949,-2.882223921442373,8.776061110792032,5.503277319880651,-8.851889266586532,-11.351097026104728,0.05921108281092824,-0.3996684232340564,-1.351020128042979,-0.23879064753741241,-1.3106222548905975
2023-06-01,-1.2408134346543198,3.946602237074237,-4.512939097412183,-0.2906605436860832,-1.84011922454268,-2.492837995559649,-3.5849319522504475,-3.643406701297769,-2.1719254322987602,-3.0862583774806884,5.0441706948118,-5.1834105939301605,1.368025636764214,11.806076883735251,-2.3142117785998395,-2.52123397692976,-1.7601521119108954,0.10070976405140986,1.2756038451137597,8.717443656698798,0.9536278897074535,-2.998455771593145,-4.595457629824773,-10.786770919181688,-2.8291272795032185,1.7222953339044889,-2.268969429257639,-2.266389034174454,-2.2719380720205185,4.3765728009491855,-1.6016328465407792,-8.675181518069996,-13.489962985977911,1.0121148526185397,-0.8889504840721374,-2.7506444440071776,0.8706795979822379,-0.8378844379793847
2023-07-01,-0.9266793376299987,3.249892841834545,-0.42407298966734563,-0.368548894953058,-1.130817164412401,-0.9612605669420349,-1.6432488321855176,-0.7462620893578409,-0.766118504234059,-2.2890618643378158,5.058820923435237,-1.1438278595696572,1.84623010385776,14.33112466154489,-1.5127968743140596,-2.60189642659292,-3.2145567561707167,0.29292495587041056,0.3008226142206638,8.734365621846486,0.3363359850257597,-5.674949734018808,-4.054001322718237,-5.209798715928193,-2.1347661045877486,2.7627273686803067,-2.1107831981697522,-2.4248031496063027,-1.9424064302592803,6.963043315628026,-0.3703660431587319,-8.811781283589681,-14.23152476530335,1.795354201922983,-0.31218201396916445,-2.1104734859689556,1.0600574548439212,-0.5482824722947628
2023-08-01,-0.9316289990773718,2.1703167188102723,1.290205861628979,-1.000439578005119,-0.4850454743171029,-0.8474967624057639,-3.5847239456966773,-4.52912395358438,-0.03144269568712277,-1.8429768869204888,5.808423913043481,0.26628231800327473,0.9193169521497069,11.982887601202163,-3.546056384284313,-3.449417231497265,-5.960748679299077,0.3942432825537745,0.0406687201482292,6.043024403392905,-0.5918991063484036,-3.3715705214326097,-2.973504079209921,-5.743501118087202,-1.101842351786586,2.675840978593258,-1.7160451991076298,-2.867804574666577,-1.088833744874429,2.1474156803086952,0.4486471863832886,-8.408094149955424,-9.641289129932451,3.5402110400442277,-0.2542138165703922,-1.8993605509099898,1.8936619931058107,-0.6761711187914208
2023-09-01,-0.8943972466855521,1.6487376323518266,1.8870266914959632,-1.4683829541149107,0.1290180928533058,-0.5400006242781807,-2.4960691823899372,-2.6345206263469922,0.04236734752640636,-1.5445096579697726,5.533722715811407,0.2588316956511738,-0.533242485390073,9.839344015305173,-5.3288782487384,-5.784572291046364,-4.850809965768499,0.5040591531044081,-0.355035955514893,4.345546650942134,-1.9359434716058388,-1.981978712594401,-0.7420535078429324,-6.12294502979891,2.370370065459415,2.1059304738994866,-1.5850303917653852,-2.3605738869592607,-1.1640128573569442,1.2452735996450137,-3.4623467395506924,-8.769140394550313,-4.710815143667535,2.530596093875115,-0.2675433400465943,-1.8944399518747268,3.2215797837325644,-1.171978725494544
2023-10-01,-1.6415569776891958,1.0986030109860323,3.039353991341165,-3.1591568975255946,0.3712828524072176,-1.4188338000593714,-7.201380303002347,-10.549806909417402,0.3175829584018741,-0.8177971234444081,4.873816014801258,-0.05441198170281769,-1.6530372735933052,2.8028708292585858,-4.180625107926095,-5.5715255975697815,-4.399193074188323,0.05929496375356447,-2.099445730185401,-0.249536030542441,-2.1414404660387687,-6.233772723392472,-0.15384345887082818,-2.243868233715962,2.767086941490593,2.189774628395247,-1.3544216456925273,-2.0821041794531703,-0.9590664283884553,-8.199168930222523,-3.42477559723694,-7.310543502032385,-4.897768345579612,3.372647571179699,-0.7742980454900183,-1.0585127797252514,2.7408990879411066,-1.4713358809438726
2023-11-01,-0.45499735502556593,1.7276784956638425,0.27213969837849294,-0.6857910529406541,0.30601262406873,-0.35302499997480474,-0.4779109556307448,0.5834722552988891,-0.305446463472292,-1.3010754740292119,5.047381867409739,-1.0748988037562524,0.12594868905075884,11.193717705148455,-3.7917899504550934,-4.250778066268889,-6.101704031050836,0.6339720937359239,-0.1437731628871397,3.8992168748350986,-1.0224614170044388,-1.9287638612377034,-0.16570512952875927,-5.50337221459174,3.1003102096041957,1.8993616614196407,-1.6790954237370315,-1.7886762360446506,-1.6179407878260887,2.333641620657101,-6.566713872298502,-9.019578237455338,-5.471616687975112,1.8571294647042214,-0.09013917091772461,-1.4660273514034983,2.952299454884,-0.9661746064031363
2023-12-01,1.239599750760556,4.323549843695718,-5.658886567977472,-0.05924561262904415,3.340321724420492,-0.2589234870513102,1.589207990237984,3.2520399911784237,-0.779077716680987,-0.0019368821091103605,4.765465130529423,-4.836619221959005,0.7415647802373915,12.860030889033848,-2.958093672966311,-3.2467617427711537,-4.992570040955391,2.1176608232747585,1.0658698011149381,4.6283016644603325,-0.1507011517873691,0.06653477798308494,4.302706128890388,-5.8792041862858575,8.929536653877168,2.026831640655802,-0.6981034018803678,-1.1477396421955,-0.45251445230325427,4.755854904854884,-7.827184424658107,-7.753006644324756,0.05981397485357309,0.9113427115950756,0.8385588735285499,0.13479059389978065,7.069181952080195,-0.12831742356738352
2024-01-01,-1.9546522329029759,-4.520173258066396,7.69802277538254,-2.777085952783609,-0.5835574958474754,-0.6998185354262776,-4.143722861096533,-5.181394498766334,0.31619177466259973,-3.163974352602017,4.52727494223728,5.195082198554135,-1.7137970497404065,6.817622515690203,-2.767175572519076,-6.460918296070773,-5.5888278137847465,-1.1887072808320909,-2.022231818755882,-0.14271092203802516,-0.7622306914521149,-5.752629404575426,-2.139685061301111,-8.817828939991767,-1.3394859696632344,0.16509145542531467,-2.176632066307105,-4.284821552562146,-1.0142140900398,-3.1821657001137593,-11.777908246297086,-7.499308288243977,-3.228393991739531,4.578146211836742,-1.2762549126908995,-2.996090313752331,0.9980960205047129,-1.9942278607029658
2024-02-01,-0.710700964206612,0.37856313146085174,1.4364345536262313,-1.3070830832280111,0.3009517743898682,-0.48284295335222494,-0.637260069188228,-0.20817475674733688,-0.4348856621701147,-2.4738206841527832,4.606103127434702,-0.3610694744925369,0.47163606583808804,12.350906048833043,-3.168771526980485,-4.263770240323572,-2.4133416285181064,-0.362820451615975,-1.7079026890059024,-0.3957793191602943,-2.617575147418383,-3.132745278424154,-0.09295266611690778,-1.861971632206616,-0.16910401374848893,0.7513043478260872,-0.6536568817388955,-1.5294852718829022,-0.17497623110488414,2.280376271407669,-10.668942109517499,-4.039267220068177,0.6530686911186301,4.243494867510145,-0.3547226803918835,-2.230898100341927,1.0408560111539344,-0.2097556602414047
2024-03-01,0.07874962179459377,-0.7704893400337309,-4.267319650030254,-0.316393098390233,0.8555447946471562,-0.6930643076425991,2.1866542048795568,4.118178736865885,-1.5035184495348797,-0.8414262458859234,2.903588280744085,-5.57475036798345,0.7533847450242215,14.438710393429899,-2.739799093252726,-3.6427667899565086,-2.2264648644660268,-0.6621448560451659,-0.5683192261184966,3.0691176486233207,-1.7042008068476222,-1.8141800161799004,0.09803568581259192,-1.48225105810329,-0.2546063515336816,-1.0788621058167025,-0.8726395355720618,-0.7827796570380685,-0.916046490896405,6.259780907668211,-14.468872685313194,-3.7498387491674112,0.24961716087719132,-0.47361299052773864,-0.5573153830924604,-0.5121481909813319,1.0187284082805226,-0.2309271691930298
2024-04-01,-1.3238351976198381,-0.9844645675832875,1.1316430310843728,-2.0544703855879365,-0.3395784298778848,-1.4106465212574415,-2.9800298566318384,-3.8505808188128654,-0.9501828335678253,-2.184987405541561,1.7297844468262547,-0.3584718925216168,-0.7755100319817632,7.52805920386721,-2.3337564690948054,-4.926082106809593,-6.19854502733721,-0.6779532269244215,-2.0491160149958,-1.8761980068857542,-0.6731517136080334,-6.074041870322833,-0.6000932723459806,-2.5953687182822205,-0.9373684931020754,0.6175278274013873,-1.2854969548096395,-2.925942424355177,-0.3876884912138112,-2.9643637138443535,-12.708008848911712,-2.229486901343347,2.460459338637655,2.797051578571308,-0.9975013086032103,-2.1818703158061337,0.2832090920200425,-1.083869335022336
2024-05-01,-0.5609481660834859,-1.1922317478567312,4.449314116363712,-1.8051991498346354,0.9344548890721782,-0.19421311437408662,-3.0357176268078656,-3.4648862599948704,0.647700406125673,-0.7978343048465342,3.001104884385297,2.407071036385,-1.1653014072673828,4.109893306186119,-0.8614372777152379,-3.353150932400295,-6.6480087674012145,0.47557326115548193,-1.5157295264192738,-2.697637547195708,0.2757477004955655,-1.313341454625816,1.0604558557322896,0.208209986185115,2.6726792442654634,2.0607440761155393,-0.535649418481754,-2.2229717484545275,0.38921631496997566,-3.5570339863069123,-12.334658520518671,-1.9299584453546959,0.7013185716429504,3.0048280137513927,-0.06539250364117066,-0.7689402597918948,2.426655442917891,-0.784039774233511
2024-06-01,-0.04540841133798823,-0.15217136837176737,7.2217518851765305,-1.435650904733432,1.596428058253263,1.8253435415421793,0.0,2.125866093593687,2.356258213032336,0.9156125426205808,3.751384689081161,5.72654355530684,-0.9667963926166534,8.427127848109727,-1.1609611264700836,-4.791970887005026,-4.612860710961197,0.8201983423561598,-2.150025635428665,-0.9351641578662195,0.1471129091577872,-5.06530628190438,2.089600321316065,4.046996434924588,3.082219114837681,2.950395498866909,0.07975515681406531,-1.7856061003832968,1.102326209597826,1.919603978548845,-9.523840247064118,-1.9530629614396333,3.3511597141283156,5.2100745105816415,0.7730723132241213,0.7983424100815206,2.562297447349149,-0.3327801991031397
2024-07-01,-1.2085956055013392,-1.621540837422475,1.609614053059416,-3.3276045601436044,1.2217434928879278,-0.7168731159915898,-8.308835952018923,-11.813893691536991,1.5483134498271545,0.16376606434063135,6.684993177758791,1.4525677953619365,-2.6328239802232867,-3.3581581859117082,1.241842884142219,-3.6958733511096242,-3.135559994772519,-0.8029530405662455,-3.059876709525955,-8.155891421927919,1.1348510022249902,-4.538396670384381,1.0650312480773083,0.38845649566210394,0.3557917446032288,0.25420899916974715,-0.4619831698062793,-1.9445935095484534,0.34903742750402866,-12.95710863597419,-12.432437042517485,-1.931241687052776,6.470371374216932,2.695222527676644,-0.9229290336646545,0.17516539481210458,2.711735811115057,-1.3138171050989946
2024-08-01,-0.6911835083428852,0.3112494441974256,0.565911804243413,-1.6885884800988071,0.4668650546160835,-0.055686728738812974,-2.1773999903952346,-0.7517136679394687,0.5530926833680505,-0.8931286337876654,6.195228457772939,-0.11829155079111642,-2.00829974485659,3.529126666528448,0.7903013359855882,-4.371097629216425,-2.0822281167108825,-0.08292348164246066,-1.649317318341259,-3.574496173770092,1.957503113325032,-1.2375897554826043,0.9761085610989317,4.1925379496969395,0.7231311764464676,0.7617189171609251,-0.76664248354813,-1.0823034393039999,-0.5949374655993878,-1.9206494791997653,-12.569540292918969,-1.0956984570719808,3.967597328359118,2.3153475783213473,-0.4046053610210376,-0.7313529076116709,2.2161970398224318,-1.2558514726126548
2024-09-01,-1.2839290915814372,-1.48627382409513,-0.4414617915288077,-2.5649328636639934,0.18575967772418434,-0.2500546678221194,-2.7442623894952,-1.6183399616080507,0.46789925364312257,-0.15949289647898546,5.881064069238207,-1.4410932083221972,-4.472182175346296,-11.143821382078677,1.9093274146305905,-4.319906727503053,-2.0301788445921787,-1.0665832361557492,-2.0670754887162857,-2.9746510942125215,2.258849861582868,-3.008200818230622,0.2711634433028909,-0.21571732447577263,-0.6340088924094878,-0.9338640538885445,-0.9775644802186845,-2.0352353724089722,-0.4024759179741211,-1.4235362869352564,-13.42359409358771,-1.704335500807963,0.5672547651214721,1.812969208009041,-1.2003444828302956,0.11358952965891955,1.805759501512072,-2.327307164935607
2024-10-01,-1.4670558608533946,-0.20123423665145967,1.0782841873683946,-2.682015860833964,0.022636872231029947,-0.2080641386958737,-1.0317468208437375,1.5339486020017334,0.016899158114669355,-2.360169329002537,6.210408027288006,0.9311462367112666,-6.5662271377489585,-20.92671417669,2.1707004991980527,-5.250460615934949,-2.7185844057532216,-0.03249732374980274,-1.5976850878603233,-2.0469978109647458,1.450055809035189,-2.192420511294624,0.3289045939313118,-0.15281697827815854,0.7218585120838394,1.216282239193589,-1.1191423731799044,-1.8592787522986987,-0.7184592079636398,1.99674720279035,-13.94262709595534,-2.6820655932437876,2.2410756965204115,2.5655192736246946,-0.9948342274731514,-1.9369212905530842,3.0932047145248776,-3.1881160077643624
2024-11-01,-1.656374420641138,-1.4822909194040834,-1.0658147687436448,-3.2175300611956392,0.2410333403334297,-1.5028651527440817,-3.3345498549778085,-3.742794437715724,-0.976830929318584,-1.7621472652370018,5.161807176484534,-3.6165373920083677,-6.268407850236091,-20.67821683737766,2.3169400878434887,-4.005688259154749,-3.2228501603787874,-0.6052358611764008,-2.447560665313031,-3.806250161286162,0.6021107922766333,-3.8911652601551605,1.6792435854611654,1.3129007905172685,3.3735799072800443,-0.21507211743619914,-1.0165594511442722,-1.6955999252985965,-0.6502449801066845,-2.1644863567066186,-12.417383518857072,-3.5404300516128195,0.5820191719654311,2.0027427267121256,-1.55803854695431,-1.5668778352884716,4.178210898027035,-3.0302549675172292
2024-12-01,-1.2288697501505075,-0.25054312088497177,5.882805956930648,-2.543184085965189,0.4237764977534697,-0.7994009797739676,-7.171501262638202,-9.58945560371297,1.0796431193992762,-0.9311486239205635,3.4061418685121136,4.948710668921508,-4.112963727862018,-13.802998367597109,4.051605619440424,-3.570502895032812,-4.223968565815328,0.650193816952771,-1.497626214298442,-7.814242302794783,2.983290047532705,-1.4696511072168295,2.3256823417429073,3.3302649554107777,3.926820290367905,1.7048577710595092,0.7195598862687946,0.6610999041987808,0.7463873997077819,-7.701225275999224,-10.567360234057332,-4.3217932095127365,1.1003120251191323,4.884216376435724,-0.27434569545639054,-0.7784529347995672,3.731488856738774,-1.141728240548577
2025-01-01,-0.1060436479854876,2.0113891646204474,5.540402478231132,-0.7168658706769859,0.8179529315348599,-0.05787558695063977,-4.480053363599257,-6.717713955281424,1.1859062738500459,-1.5588396525281212,4.908787420861849,5.313012338624534,-1.595350186161637,-3.9409210709931863,4.537854832261123,-2.424726095333629,-3.3320459592546037,1.7530924084404598,-0.5842111226728952,-6.654702998804329,4.191159181754056,1.1159588044994617,2.3862255218715323,3.2476753173747985,4.191416988368202,3.630386060991886,1.6021332599738702,1.8002099605883393,1.4913230688254009,-6.485395941872674,-7.478695594812934,-4.7585812467890065,1.886575689708203,4.789261448378723,0.8493050453375783,-1.2430890516067827,4.693507857096901,0.3640194924309511
2025-02-01,-0.11216259222055491,-0.778414199607047,8.73078612209046,-0.4910445495583171,0.5218739001431771,0.9197334637486287,-4.102885579816373,-4.553558300249961,2.3822387827977076,-0.8444669417473238,4.92210805435862,9.182357711355337,-0.819852141540367,1.0307105554756335,5.0026449718173716,-2.607403587809054,-4.66058956743487,1.1307555938862457,0.022600805785799594,-3.912987501116172,5.539309801604886,-1.0397707275378365,0.8769763100097361,2.5274786908019875,2.9218067498882005,2.3173720914175355,0.8749798148832033,1.12494369180427,0.7316382077500849,-2.938683243854201,-6.654072780031384,-5.059149735266811,-0.787684926029586,3.773049125667538,0.8116866929251731,-0.9219000359741325,4.027459396185917,0.21262083410792798
2025-03-01,0.19972169418662755,1.1996197558698185,2.4879053503855886,-0.10674889078845506,0.7475688373271394,0.057455075723766846,-5.873761432926827,-6.943012677915828,1.8090297097822727,-0.5780193095886177,6.691956321433468,3.7603733620383606,0.695518673164397,3.38245697795716,6.8230842351564736,-1.9106460645497703,-5.372185380486572,0.6331350210567521,0.2963988976764309,-4.813454634784775,5.419674604029745,-1.6413256921232855,0.6584464486849573,0.702096096572169,3.3583934351028244,0.8977107090800018,1.2033120683335508,2.2633516124327624,0.619963122794065,-4.624806925536107,-2.96762074370438,-3.4823625305833272,-2.03748941889349,2.592463299465342,0.5803478105059989,-0.7328441025240107,5.109613788389233,1.0035112747579638
2025-04-01,0.6390434961863534,0.6972353903595296,2.732766761095373,0.45450125141393016,1.1502442356816633,-0.07118559610310715,-4.544055741036434,-5.2820111423177885,1.2251162761911516,0.35774102969261534,5.936179968197286,0.7697485249470004,1.1047381890537666,6.87744648376003,4.567268364508914,-0.0243802494797718,-4.126941307950216,1.187346443218651,0.9265087550116125,-4.334406744407959,4.212266522293984,1.9222522479596327,1.2722677935205873,0.8534120074013662,3.0103764787531517,1.3734411144591174,1.505164383476476,2.970939055402755,0.7144781005262502,-3.0896897501349607,-9.115185765964384,-5.4474236238791445,-2.9136644948184243,3.934624143702492,0.8828546631685086,0.4448541563691233,4.608216779843621,1.3473726139629447
2025-05-01,-0.04896774340489296,1.5936456541536081,-0.41035878666887404,0.5740683883958209,-0.3353894041484007,-1.0645452507467512,-3.536937162924869,-3.5956705191707905,-0.3504130269751493,-1.0856262390688487,2.9706797580162148,-0.2789422832032207,1.9114784338394086,13.397827942132645,3.3531034234104418,-1.370216138933955,-5.399683707031211,0.11287645245434685,0.48466079908924264,-2.0261293179805073,3.697934694819427,-1.5892837247065361,-0.3121764228653845,-0.07666802183843302,0.7552746494594142,-0.006761439510472034,0.8018173977455856,2.100106987553829,0.09927453226421523,0.8084531717643673,-7.171022543809835,-6.343076330840313,-3.8847902760899333,3.8600778763644428,0.10211871548535534,-1.134555156827599,2.0817216400590866,1.241665073038013
2025-06-01,0.4584391702043611,1.6236811254396244,0.3690849997245449,0.8794838942081551,0.43479707736495676,-0.8403073296777253,-4.477578864201337,-5.930104942358804,0.2093763852035302,-0.3572277162825377,3.8023508589676958,-0.20128953615192735,1.995024907300702,10.855362980324434,3.292651119285539,-0.49884478655919384,-7.5124642498260785,1.133804088537449,1.8019522965631474,-2.6259117096559037,4.683302085548058,4.5523286318323475,0.21976423242346943,-1.9934702960282324,2.072276265960893,1.0652025402929866,0.5647306578207223,2.264465188962461,-0.3507275567247614,-2.1460887397799944,-9.798750405577428,-5.965103191051924,-2.213640346901158,2.2942697113313093,0.5788253018018885,-0.5899746465471756,2.9941785420539935,1.1319326471504
2025-07-01,1.7566957096427416,2.356356761866185,2.584806676250384,3.045386049176191,0.8191378592253162,0.9717813951114929,1.318871200209637,3.712320544697567,0.8823649420597546,0.41844482624842083,3.2194919959721124,1.2089541855665464,4.3482644699017525,22.044877380142825,2.232201822744684,-1.0772921645651912,-8.034924397929977,2.3919131468907118,2.6829235162525,3.316983607712265,5.640365456484342,2.1351485667649994,1.7563808360298472,-5.225884886588627,5.443065601436148,2.5057628276274224,0.6857200628052285,1.7581777743944427,0.10396502150020748,7.943439927522111,-8.607784795640605,-4.972166851654702,-2.948755999218211,3.56232025611809,1.9187662602012212,0.11633811455835641,4.354527938342967,2.15028858330825
2025-08-01,1.2997718529867308,2.356817877693018,-0.5000981501042223,2.0257376980188146,0.9353380414970802,-0.3692567656551571,-1.6956641269342598,-1.8420662290948187,0.009097655667011928,0.28374781861142395,2.365819540542824,-1.4667926161763045,3.373419376878206,16.01645769104152,3.604925101124601,-1.3702511298298137,-8.504672897196263,1.6331358688912445,2.294084070489344,-0.013818614737015622,4.508759876331148,1.6922386940181777,1.561484885296549,-3.98045963642335,4.704773575265597,1.0124775972343736,1.185992691083504,2.7138381807328082,0.35368627995859825,2.3304692418799178,-6.6443511526232175,-5.509916095662826,-3.1273436689889356,1.7104860623728957,1.188875944678447,0.15829881806244117,4.274480542991865,2.0567650491643215
2025-09-01,1.85446775739464,2.3775715469006142,1.510073432498582,3.2024186127664667,0.7794944698520379,-0.3543032982379346,-2.5459426383213857,-3.482238715399333,0.26600887446528443,-0.03360951887153574,2.5782602152155887,-0.17336257866851223,7.4915163737296675,34.826209730856995,4.888738139655291,1.4371815962018974,-8.659110185827734,2.0469181232750655,2.039835114802502,-0.9030970892909718,5.29342306104621,-1.2981953479181518,0.5397326247612799,0.4441226856663594,3.0588563786199785,2.9756692250897165,1.4829438691466468,3.6912329349335415,0.28904398004550025,0.4436951749307694,-4.711510767528937,-4.4701482802104735,-3.9968537990737074,2.055054151624547,1.8631698334008018,-0.1317348434644594,3.813390256553495,3.8800063432768424
2025-10-01,1.7601727725249594,0.9544293587847807,2.688438221034839,3.734332940780627,-0.1592565939738999,-0.5203782530012857,-3.9074013982416944,-5.701204587992514,0.42128114935819916,0.031219278214411617,1.9512743207055872,0.8272731982377879,10.318410939761424,52.378533051040435,4.877984248635214,2.786337377991166,-6.1458850078301985,1.4131370111865271,2.1578175725206927,-1.208670386598687,6.859045504994454,-0.495035456162507,-0.1972924237857776,-1.2219933242562875,1.3801519283797692,1.7224734515522533,1.1298411034722733,2.1182459856029734,0.5930843500048688,-1.9883962191654447,-4.407803434166524,-3.037029295990512,-5.555037420770792,2.7042557012030954,1.758830596313432,-0.22092614913475916,2.2471019518478075,4.800630102518277
2025-11-01,1.4152470742589518,2.558740104144608,3.2061723103300466,3.0066724275375156,-0.1838580165847481,-0.6173004298103191,-5.229806259314462,-8.426788772102434,0.6926103595105815,-0.1323950344610525,1.3580746188644577,2.52231641130789,8.824662813102124,41.89816662887726,5.740956209012071,1.3505692361116761,-4.096334438131322,1.5816634273842167,2.4008673290350835,-2.69502876378499,6.948097153465338,0.7191421098039052,-1.3717160231524805,1.4974504799264432,-1.2133338590127773,2.626627208813015,1.6686924091792177,2.448815239275204,1.244947251440176,-6.242418587291221,-1.732930479105066,-1.61783344516514,-5.210531745116731,3.8862371082858838,1.7539089055064627,-0.06364842518367109,0.5142346833629352,4.521018373288146
2025-12-01,0.7970785307196193,0.14936831389043004,4.404036730611871,2.5587211185629677,-0.9487731006639577,-0.3032479207093819,-3.2320412436257384,-5.334291451746265,0.4953884652535212,-0.47149376675360566,1.0171779491030764,3.008115737473549,7.476258607010444,31.177540201628528,4.525607483177718,2.5417846015767243,-5.244212098581025,0.7579278877621665,1.3188276163334844,-1.0192951773613124,5.357873599862972,0.25533233625718577,-2.698138553060836,0.9122658692556129,-2.4513237970373636,2.4126603443762384,0.6175818804310618,0.34371625938389716,0.7670773023157773,-2.352611543738292,-1.4686501907035798,-3.1719819020451956,-6.537913316707988,4.716822834332746,1.1631963479422414,-0.5316747098215169,-0.6023506366307441,3.360126749408597
2026-01-01,1.2144902189130447,2.868824473351772,-1.5772646536412083,3.4628881885798712,-0.8160306550976881,-1.7022201222343214,-0.44661888139949646,0.5522281813044261,-2.0345549780969363,-2.0622835493885328,0.3323385145503899,-3.147382853142222,7.134343161906087,25.317991006757957,4.074891782417467,3.665894735366204,-5.753353509323899,1.291928071547055,3.619553704092926,1.8782934067930857,5.855195110484246,4.498337085146198,-1.1523849725622703,2.434037678171652,0.9836552418682976,0.5006984533046044,1.072271400044933,1.910387106363154,0.616678620195743,6.102063198653029,-3.329392004865883,-7.5559348846406476,-6.184065830808416,2.5988402741170313,1.0583120971368487,-2.059870830825117,0.8582074761168679,3.4978971613462484
2026-02-01,0.5922649594380935,3.459444038898818,-0.1238656865121035,2.184771914521577,-0.6868514339621101,-1.4473395947731893,-2.800456182907629,-4.584974148140308,-1.0768667746364202,-1.0759696669990992,-0.3372759623514576,-0.332580260440396,5.35387504431224,17.867970464677917,4.572341848567252,1.8154585669998946,-4.453970218371994,1.3047804046051104,2.481502995735707,0.36415149999082796,4.54609062327993,3.44394653262563,-1.4509949956894586,-2.3223813771860335,-0.3204333290344419,1.8346843921078992,0.48013883139368385,0.4786372914760362,0.4810678350818165,-0.2432267455510173,-2.446129699813371,-7.450208648114442,-5.6084970121967,2.820245745356975,0.840760047082556,-0.9701245728144681,-0.09767723534352957,2.4353586943265775
2026-03-01,0.35411196633923225,0.555292318179168,2.001271241891156,1.7151047593240154,-0.8327822502610549,-1.7032508013683723,-2.8729215779357054,-4.854141563338132,-1.383627699829637,-1.5747974790071506,-1.0436859754696992,-0.3854317556380993,3.824866356485601,11.485480491929078,3.8443438604296887,2.1317390460164454,-6.128257272165394,1.0409944961093265,1.5128597704456626,-1.2756562624702927,5.125250873411136,0.419976644098341,-1.1032666125549317,-5.134126868105304,-0.12722897270001088,1.8763224759298813,0.9787134902734085,0.3350852173566121,1.3348571616504934,-2.11852437715383,-4.571042105077883,-6.069408390673003,-4.617912515685596,5.605501629714538,0.5809580364211975,-1.4490500514849902,-0.3629079084891407,2.1148315639790507
2026-04-01,1.217314480321452,1.0223636848420092,2.5479346287479165,2.8445943536101304,-0.414550065051833,-0.3492614321550458,-2.167693639661228,-3.419341039675672,0.14765584876126336,-0.46752137717119835,-1.3527700014734023,3.5288194194192046,5.707843161978254,14.369533015003434,8.118421167001323,1.841901894223441,-5.884291806850195,1.295290282960937,2.3917858975265105,2.4379078611985294,6.117280342879394,0.42764439398492726,-0.9261569803355352,-5.802388628059518,0.5346158814703017,1.529134388683051,1.4692653979319958,0.9168405317151906,1.7751181063486943,1.3443854912105202,-0.5124876148826396,-2.945206477850826,-3.6349519693321453,4.432457166993742,1.3655960762597896,-0.5502589276190073,-0.5766318487166466,3.177257333456081
2026-05-01,1.3835762722573142,1.9819730093122878,3.1209978283868844,3.226271020558835,-0.5761280813150971,-0.5629044440361719,-3.03731634377844,-5.022740247383439,0.1270029661404104,-0.323742680386796,-0.5049177866206289,2.1980516716462617,5.696736395740554,10.355134284031276,8.672445971638364,2.5843815664488456,-0.5831579551934474,1.8598878192981116,3.105907615225334,0.25980976424155866,6.866017617060738,1.987328803208599,-0.9322417639771818,-8.649579339783086,0.23670406878353312,2.2728425323303103,2.1050692376185953,2.3200367914024245,1.9864081353248242,-1.7035065804956506,0.5477482323611005,-2.83607570501877,-3.4420207643164447,4.4637996733805085,1.6649169027197486,-0.3654045840192577,-0.0118104423994847,3.55540366248802
