name,Total,IE,RY
2-year,-0.16749999999999954,-0.12304635522648022,-0.04445364477351932
5-year,-0.5350000000000001,-0.10398071173993984,-0.4310192882600603
10-year,-0.4520000000000004,-0.1005148016830506,-0.3514851983169498
