name,Total,IE,RY
2-year,2.950368421052632,1.2155889666931197,1.7347794543595123
5-year,2.571526315789474,0.9474295282375598,1.6240967875519143
10-year,2.233894736842106,0.7700502604767501,1.4638444763653558
