name,Total,IE,RY
2-year,0.030184210526315702,-0.46896930161747985,0.49915351214379555
5-year,-0.1133947368421051,-0.40514458901213013,0.291749852170025
10-year,-0.14415789473684182,-0.36077411942497983,0.21661622468813801
