name,Total,IE,RY
2-year,3.5255113636363635,0.99609468752816,2.5294166761082035
5-year,3.235,0.8627021421439403,2.3722978578560596
10-year,3.0650568181818176,0.7188394006056602,2.3462174175761574
