name,Total,IE,RY
2-year,1.671238095238095,0.5425215503480301,1.128716544890065
5-year,1.2036666666666664,0.4394923378448601,0.7641743288218064
10-year,0.9276190476190478,0.3538551262169498,0.573763921402098
