name,Total,IE,RY
2-year,3.737965367965368,1.8692956666813703,1.8686697012839977
5-year,3.1073593073593075,1.2522439959539502,1.8551153114053573
10-year,2.7596536796536797,0.94288123810035,1.8167724415533297
