name,Total,IE,RY
2-year,0.027427536231884098,0.22280946853598005,-0.19538193230409595
5-year,0.25847826086956616,0.2549834489808802,0.0034948118886859447
10-year,0.41800724637681164,0.24275269303283986,0.17525455334397178
