name,Total,IE,RY
2-year,0.05603864734299524,0.22280946853598005,-0.1667708211929848
5-year,0.2945893719806776,0.2549834489808802,0.03960592299979737
10-year,0.4555072463768113,0.24275269303283986,0.21275455334397142
