name,Total,IE,RY
2-year,2.70264705882353,0.8553168396314499,1.84733021919208
5-year,2.3671122994652407,0.79953063006449,1.5675816694007507
10-year,2.2109090909090914,0.6872642724032298,1.5236448185058615
