name,Total,IE,RY
2-year,3.330375494071146,0.7624981259861503,2.5678773680849956
5-year,2.8197035573122524,0.5963811744582899,2.2233223828539623
10-year,2.5414624505928853,0.47001972750376986,2.0714427230891155
