name,Total,IE,RY
2-year,0.8585714285714285,-0.004414142153230216,0.8629855707246588
5-year,0.5066666666666664,-0.032645423486780345,0.5393120901534467
10-year,0.3757142857142859,-0.052491881858879985,0.4282061675731659
