name,Total,IE,RY
2-year,-0.5925730994152048,0.04402268596118031,-0.6365957853763851
5-year,-0.5087719298245621,0.05322019428995972,-0.5619921241145218
10-year,-0.2923976608187133,0.05315970481863985,-0.3455573656373532
