name,Total,IE,RY
2-year,2.778095238095238,0.7890062681510299,1.9890889699442083
5-year,2.211904761904762,0.6556103339093602,1.5562944279954019
10-year,1.8738095238095234,0.53561684138533,1.3381926824241934
