name,Total,IE,RY
2-year,2.8167613636363633,0.9874263233739402,1.829335040262423
5-year,2.6506250000000002,0.8359887446340704,1.8146362553659299
10-year,2.265056818181818,0.70704016353318,1.5580166546486378
