name,Total,IE,RY
2-year,0.2391190476190479,0.31636487309443995,-0.07724582547539205
5-year,0.6308809523809522,0.32537754821536025,0.30550340416559196
10-year,0.8985952380952389,0.2968134479214304,0.6017817901738085
