name,Total,IE,RY
2-year,-0.18550000000000022,-0.11511887072514959,-0.07038112927485063
5-year,-0.10033333333333294,-0.1797176969499099,0.07938436361657697
10-year,-0.07283333333333308,-0.18437829366530023,0.11154496033196715
