name,Total,IE,RY
2-year,3.516255411255411,0.99609468752816,2.520160723727251
5-year,3.247380952380952,0.8627021421439403,2.384678810237012
10-year,3.0912770562770566,0.7188394006056602,2.3724376556713964
