name,Total,IE,RY
2-year,1.6772380952380952,0.5425215503480301,1.1347165448900651
5-year,1.2093333333333334,0.4394923378448601,0.7698409954884733
10-year,0.9262857142857146,0.3538551262169498,0.5724305880687648
