name,Total,IE,RY
2-year,1.339,-0.08091661970081976,1.4199166197008197
5-year,1.2145000000000001,0.09690317309551011,1.11759682690449
10-year,1.0875000000000004,0.12645422266390005,0.9610457773361003
