name,Total,IE,RY
2-year,2.981,0.63099705646751,2.35000294353249
5-year,2.304484848484849,0.49047814576972004,1.814006702715129
10-year,1.8262424242424244,0.38386212057908,1.4423803036633445
