name,Total,IE,RY
2-year,3.312753036437247,1.0159281712478099,2.296824865189437
5-year,2.9166801619433205,0.8550753698256,2.0616047921177207
10-year,2.76251012145749,0.70216542672604,2.06034469473145
