name,Total,IE,RY
2-year,3.5056363636363637,0.99609468752816,2.5095416761082037
5-year,3.169,0.8627021421439403,2.30629785785606
10-year,2.9941818181818176,0.7188394006056602,2.2753424175761574
