name,Total,IE,RY
2-year,0.2409736842105259,0.31636487309443995,-0.07539118888391405
5-year,0.6269210526315785,0.32537754821536025,0.30154350441621824
10-year,0.8899736842105268,0.2968134479214304,0.5931602362890964
