name,Total,IE,RY
2-year,0.24837500000000023,0.31636487309443995,-0.06798987309443971
5-year,0.6185,0.32537754821536025,0.2931224517846398
10-year,0.8723749999999999,0.2968134479214304,0.5755615520785695
