name,Total,IE,RY
2-year,2.9948684210526313,1.2155889666931197,1.7792794543595116
5-year,2.6330263157894738,0.9474295282375598,1.685596787551914
10-year,2.2853947368421057,0.7700502604767501,1.5153444763653556
