name,Total,IE,RY
2-year,1.2746666666666666,0.16582560390263978,1.1088410627640268
5-year,1.089942028985507,0.33917990805529996,0.7507621209302071
10-year,1.056173913043478,0.34981154940737014,0.7063623636361078
