name,Total,IE,RY
2-year,3.525695187165775,0.99609468752816,2.529600499637615
5-year,3.2426470588235294,0.8627021421439403,2.379944916679589
10-year,3.0755347593582885,0.7188394006056602,2.3566953587526283
