name,Total,IE,RY
2-year,3.2697493734335836,1.0159281712478099,2.2538212021857738
5-year,2.8467167919799508,0.8550753698256,1.9916414221543508
10-year,2.6907518796992482,0.70216542672604,1.9885864529732082
