name,Total,IE,RY
2-year,2.65,0.79589949072396,1.8541005092760399
5-year,2.311363636363636,0.7503639501855299,1.5609996861781061
10-year,2.0872727272727274,0.6483010037360002,1.4389717235367272
