name,Total,IE,RY
2-year,1.293636363636364,0.16582560390263978,1.1278107597337241
5-year,1.14897233201581,0.33917990805529996,0.8097924239605101
10-year,1.11399209486166,0.34981154940737014,0.7641805454542898
