name,Total,IE,RY
2-year,-0.19150000000000045,-0.11511887072514959,-0.07638112927485086
5-year,-0.10599999999999987,-0.1797176969499099,0.07371769694991004
10-year,-0.0714999999999999,-0.18437829366530023,0.11287829366530033
