name,Total,IE,RY
2-year,-0.33553475935828825,-0.052249422081730224,-0.283285337276558
5-year,-0.3615240641711228,0.005724726751130227,-0.36724879092225304
10-year,-0.2690909090909086,0.020401374275829998,-0.2894922833667386
