name,Total,IE,RY
2-year,0.0110386473429962,0.22280946853598005,-0.21177082119298385
5-year,0.21514492753623227,0.2549834489808802,-0.039838521444647945
10-year,0.36439613526570014,0.24275269303283986,0.12164344223286028
