name,Total,IE,RY
2-year,0.24855882352941183,0.31636487309443995,-0.06780604956502811
5-year,0.6261470588235296,0.32537754821536025,0.30076951060816937
10-year,0.8828529411764707,0.2968134479214304,0.5860394932550403
