name,Total,IE,RY
2-year,3.518110047846889,0.99609468752816,2.522015360318729
5-year,3.2434210526315783,0.8627021421439403,2.380718910487638
10-year,3.0826555023923445,0.7188394006056602,2.3638161017866843
