name,Total,IE,RY
2-year,1.751969696969697,0.4788324176266605,1.2731372793430364
5-year,1.2564393939393934,0.4258859045739998,0.8305534893653936
10-year,1.0708333333333337,0.35624233890991985,0.7145909944234139
