name,Total,IE,RY
2-year,1.3344444444444443,0.16582560390263978,1.1686188405418045
5-year,1.2148309178743961,0.33917990805529996,0.8756510098190962
10-year,1.1755072463768115,0.34981154940737014,0.8256956969694413
