name,Total,IE,RY
2-year,0.22850000000000037,0.31636487309443995,-0.08786487309443958
5-year,0.5525000000000002,0.32537754821536025,0.22712245178463997
10-year,0.8014999999999999,0.2968134479214304,0.5046865520785695
