name,Total,IE,RY
2-year,0.001418764302060005,0.22280946853598005,-0.22139070423392004
5-year,0.20295194508009207,0.2549834489808802,-0.052031503900788145
10-year,0.3542791762013726,0.24275269303283986,0.11152648316853275
