name,Total,IE,RY
2-year,1.0964705882352939,0.2826687937763004,0.8138017944589935
5-year,0.7528074866310162,0.2122760662606502,0.540531420370366
10-year,0.5691176470588237,0.17380996473221022,0.3953076823266135
