name,Total,IE,RY
2-year,1.3286666666666664,-0.08091661970081976,1.4095832863674862
5-year,1.2071666666666667,0.09690317309551011,1.1102634935711566
10-year,1.0673333333333335,0.12645422266390005,0.9408791106694334
