name,Total,IE,RY
2-year,3.3001461988304097,1.0159281712478099,2.2842180275826
5-year,2.8821929824561403,0.8550753698256,2.0271176126305406
10-year,2.7201169590643275,0.70216542672604,2.0179515323382873
