name,Total,IE,RY
2-year,2.7982251082251084,0.6508516892263199,2.1473734189987885
5-year,2.3885281385281387,0.5367936328248002,1.8517345057033385
10-year,2.249653679653679,0.42207831416824027,1.8275753654854388
