name,Total,IE,RY
2-year,0.023645484949833318,0.22280946853598005,-0.19916398358614673
5-year,0.24963210702341243,0.2549834489808802,-0.005351341957467781
10-year,0.40678929765886274,0.24275269303283986,0.16403660462602287
