name,Total,IE,RY
2-year,-0.5753508771929821,0.04402268596118031,-0.6193735631541624
5-year,-0.49793859649122885,0.05322019428995972,-0.5511587907811886
10-year,-0.281008771929824,0.05315970481863985,-0.33416847674846384
