name,Total,IE,RY
2-year,1.332125,-0.08091661970081976,1.4130416197008198
5-year,1.2121250000000003,0.09690317309551011,1.1152218269044902
10-year,1.075875,0.12645422266390005,0.9494207773360999
