name,Total,IE,RY
2-year,0.23899999999999988,0.31636487309443995,-0.07736487309444007
5-year,0.6285000000000007,0.32537754821536025,0.3031224517846405
10-year,0.8944999999999999,0.2968134479214304,0.5976865520785695
