name,Total,IE,RY
2-year,3.2026315789473685,0.8091140225475202,2.393517556399848
5-year,2.6184210526315796,0.6122332596418201,2.00618779298976
10-year,2.242631578947368,0.4748921936295698,1.7677393853177983
