name,Total,IE,RY
2-year,3.3042434210526315,1.0159281712478099,2.2883152498048216
5-year,2.8930263157894736,0.8550753698256,2.037950945963874
10-year,2.7328947368421055,0.70216542672604,2.0307293101160653
