name,Total,IE,RY
2-year,-0.6330532212885154,0.8349439367733702,-1.4679971580618856
5-year,-0.3905042016806721,0.3830678680409101,-0.7735720697215822
10-year,-0.5368347338935573,0.24070731918892996,-0.7775420530824873
