name,Total,IE,RY
2-year,2.9718128654970757,1.2155889666931197,1.756223898803956
5-year,2.6027485380116957,0.9474295282375598,1.655319009774136
10-year,2.261228070175439,0.7700502604767501,1.4911778096986887
