name,Total,IE,RY
2-year,3.142947368421053,0.8091140225475202,2.3338333458735327
5-year,2.5609824561403514,0.6122332596418201,1.9487491964985313
10-year,2.1971228070175437,0.4748921936295698,1.722230613387974
