name,Total,IE,RY
2-year,-0.281944444444445,-0.11511887072514959,-0.1668255737192954
5-year,-0.1807777777777777,-0.1797176969499099,-0.0010600808278677931
10-year,-0.14594444444444443,-0.18437829366530023,0.0384338492208558
