name,Total,IE,RY
2-year,3.3451461988304088,1.0159281712478099,2.329218027582599
5-year,2.9616374269005856,0.8550753698256,2.106562057074986
10-year,2.8112280701754386,0.70216542672604,2.1090626434493984
