name,Total,IE,RY
2-year,3.2905263157894735,1.0159281712478099,2.2745981445416636
5-year,2.87,0.8550753698256,2.0149246301744004
10-year,2.71,0.70216542672604,2.0078345732739598
