name,Total,IE,RY
2-year,0.01531969309462955,0.22280946853598005,-0.2074897754413505
5-year,0.22347826086956601,0.2549834489808802,-0.0315051881113142
10-year,0.37276214833759536,0.24275269303283986,0.1300094553047555
