name,Total,IE,RY
2-year,-0.07785714285714285,-0.12304635522648022,0.04518921236933737
5-year,-0.40371428571428547,-0.10398071173993984,-0.29973357397434564
10-year,-0.35207142857142903,-0.1005148016830506,-0.25155662688837843
