name,Total,IE,RY
2-year,3.374,1.0064370002637197,2.3675629997362804
5-year,2.922,0.8083944411930002,2.113605558807
10-year,2.6794999999999995,0.6532340311694698,2.02626596883053
