name,Total,IE,RY
2-year,2.983235294117647,0.63099705646751,2.352238237650137
5-year,2.3029946524064178,0.49047814576972004,1.8125165066366977
10-year,1.8262032085561497,0.38386212057908,1.4423410879770697
