name,Total,IE,RY
2-year,-0.7503463203463205,-0.27000358343738995,-0.4803427369089306
5-year,-0.8214718614718608,-0.2349870425707996,-0.5864848189010612
10-year,-0.7908225108225118,-0.2059075146563103,-0.5849149961662015
