name,Total,IE,RY
2-year,0.7999999999999998,-0.09961366225316981,0.8996136622531696
5-year,0.5956666666666672,-0.05739974280613991,0.6530664094728071
10-year,0.42533333333333356,-0.04352755535231001,0.4688608886856436
