name,Total,IE,RY
2-year,2.912035087719298,1.2155889666931197,1.6964461210261783
5-year,2.4778596491228067,0.9474295282375598,1.5304301208852469
10-year,2.1418947368421053,0.7700502604767501,1.3718444763653552
