name,Total,IE,RY
2-year,1.3575,0.16582560390263978,1.1916743960973601
5-year,1.2451086956521742,0.33917990805529996,0.9059287875968742
10-year,1.1996739130434784,0.34981154940737014,0.8498623636361082
