name,Total,IE,RY
2-year,0.38247619047619086,0.9332959108100098,-0.550819720333819
5-year,0.5374761904761907,0.6051418744278101,-0.06766568395161943
10-year,0.6309047619047612,0.45878569458370966,0.17211906732105153
