name,Total,IE,RY
2-year,2.921535087719298,1.2155889666931197,1.7059461210261784
5-year,2.5163596491228066,0.9474295282375598,1.5689301208852469
10-year,2.179561403508772,0.7700502604767501,1.4095111430320217
