name,Total,IE,RY
2-year,1.2841666666666667,0.16582560390263978,1.118341062764027
5-year,1.128442028985507,0.33917990805529996,0.7892621209302071
10-year,1.093840579710145,0.34981154940737014,0.7440290303027748
