name,Total,IE,RY
2-year,2.981428571428572,0.63099705646751,2.350431514961062
5-year,2.3046753246753244,0.49047814576972004,1.8141971789056044
10-year,1.8280519480519484,0.38386212057908,1.4441898274728684
