name,Total,IE,RY
2-year,-0.2665000000000006,-0.11511887072514959,-0.15138112927485103
5-year,-0.16699999999999982,-0.1797176969499099,0.012717696949910096
10-year,-0.13249999999999984,-0.18437829366530023,0.05187829366530039
