name,Total,IE,RY
2-year,0.8097894736842104,-0.09961366225316981,0.9094031359373802
5-year,0.6024736842105263,-0.05739974280613991,0.6598734270166662
10-year,0.4357894736842103,-0.04352755535231001,0.4793170290365203
