name,Total,IE,RY
2-year,3.306035087719298,1.0159281712478099,2.2901069164714882
5-year,2.8991929824561407,0.8550753698256,2.044117612630541
10-year,2.7412280701754383,0.70216542672604,2.039062643449398
