name,Total,IE,RY
2-year,-0.24477272727272759,-0.11511887072514959,-0.129653856547578
5-year,-0.1475454545454542,-0.1797176969499099,0.03217224240445571
10-year,-0.1142272727272724,-0.18437829366530023,0.07015102093802783
