name,Total,IE,RY
2-year,0.31236363636363684,0.4065302524860499,-0.09416661612241306
5-year,0.3110909090909084,0.35030847566018997,-0.03921756656928155
10-year,0.27477272727272695,0.3047568162045602,-0.02998408893183324
