name,Total,IE,RY
2-year,2.91593984962406,1.2155889666931197,1.7003508829309402
5-year,2.491240601503759,0.9474295282375598,1.5438110732661994
10-year,2.155751879699248,0.7700502604767501,1.385701619222498
