name,Total,IE,RY
2-year,3.7007936507936505,1.8692956666813703,1.8314979841122803
5-year,3.074126984126984,1.2522439959539502,1.8218829881730338
10-year,2.7279365079365077,0.94288123810035,1.7850552698361577
