name,Total,IE,RY
2-year,0.016927536231884588,0.22280946853598005,-0.20588193230409546
5-year,0.23214492753623261,0.2549834489808802,-0.022838521444647597
10-year,0.385507246376811,0.24275269303283986,0.14275455334397114
