name,Total,IE,RY
2-year,3.3165350877192976,1.0159281712478099,2.3006069164714877
5-year,2.925526315789474,0.8550753698256,2.0704509459638745
10-year,2.773728070175439,0.70216542672604,2.0715626434493988
