name,Total,IE,RY
2-year,0.8004285714285722,-0.09961366225316981,0.900042233681742
5-year,0.5958571428571426,-0.05739974280613991,0.6532568856632825
10-year,0.4271428571428575,-0.04352755535231001,0.4706704124951675
