name,Total,IE,RY
2-year,0.8022352941176472,-0.09961366225316981,0.901848956370817
5-year,0.594176470588236,-0.05739974280613991,0.6515762133943759
10-year,0.4252941176470588,-0.04352755535231001,0.46882167299936883
