name,Total,IE,RY
2-year,2.8236363636363633,0.9874263233739402,1.836210040262423
5-year,2.653,0.8359887446340704,1.8170112553659297
10-year,2.2766818181818183,0.70704016353318,1.5696416546486383
