name,Total,IE,RY
2-year,3.516136363636363,0.99609468752816,2.520041676108203
5-year,3.2450000000000006,0.8627021421439403,2.3822978578560603
10-year,3.0871818181818176,0.7188394006056602,2.3683424175761574
