name,Total,IE,RY
2-year,-0.17937500000000028,-0.11511887072514959,-0.06425612927485069
5-year,-0.09674999999999967,-0.1797176969499099,0.08296769694991024
10-year,-0.06899999999999995,-0.18437829366530023,0.11537829366530028
