name,Total,IE,RY
2-year,1.2785714285714285,0.16582560390263978,1.1127458246687887
5-year,1.1033229813664596,0.33917990805529996,0.7641430733111596
10-year,1.0700310559006208,0.34981154940737014,0.7202195064932506
