name,Total,IE,RY
2-year,1.7347474747474743,0.4788324176266605,1.2559150571208137
5-year,1.2456060606060602,0.4258859045739998,0.8197201560320604
10-year,1.0594444444444444,0.35624233890991985,0.7032021055345246
