name,Total,IE,RY
2-year,2.6884523809523815,0.7890062681510299,1.8994461128013516
5-year,2.0806190476190474,0.6556103339093602,1.4250087137096872
10-year,1.773880952380952,0.53561684138533,1.238264110995622
