name,Total,IE,RY
2-year,1.3130000000000006,0.16582560390263978,1.1471743960973608
5-year,1.1836086956521745,0.33917990805529996,0.8444287875968746
10-year,1.1481739130434785,0.34981154940737014,0.7983623636361084
