name,Total,IE,RY
2-year,-0.01935817805382989,0.22280946853598005,-0.24216764658980994
5-year,0.17966873706004272,0.2549834489808802,-0.0753147119208375
10-year,0.3350310559006209,0.24275269303283986,0.09227836286778102
