name,Total,IE,RY
2-year,0.7699209486166003,-0.023361431381759612,0.7932823799983599
5-year,0.7151581027667975,-0.027033623359070003,0.7421917261258675
10-year,0.5941897233201581,-0.03369904907126031,0.6278887723914184
