name,Total,IE,RY
2-year,2.9907894736842104,0.63099705646751,2.3597924172167004
5-year,2.311291866028708,0.49047814576972004,1.820813720258988
10-year,1.8366985645933012,0.38386212057908,1.4528364440142212
