name,Total,IE,RY
2-year,3.304427244582043,1.0159281712478099,2.288499073334233
5-year,2.890526315789474,0.8550753698256,2.0354509459638743
10-year,2.7284829721362227,0.70216542672604,2.0263175454101825
