name,Total,IE,RY
2-year,2.9310047846889953,1.2155889666931197,1.7154158179958756
5-year,2.5368899521531096,0.9474295282375598,1.5894604239155499
10-year,2.1997129186602873,0.7700502604767501,1.4296626581835372
