name,Total,IE,RY
2-year,3.716238095238095,1.8692956666813703,1.8469424285567246
5-year,3.087904761904762,1.2522439959539502,1.8356607659508117
10-year,2.7413809523809523,0.94288123810035,1.7984997142806023
