name,Total,IE,RY
2-year,2.8133030303030298,0.9874263233739402,1.8258767069290895
5-year,2.6456666666666666,0.8359887446340704,1.8096779220325963
10-year,2.256515151515152,0.70704016353318,1.5494749879819718
