name,Total,IE,RY
2-year,0.015135869565217952,0.22280946853598005,-0.2076735989707621
5-year,0.22597826086956552,0.2549834489808802,-0.029005188111314695
10-year,0.37717391304347814,0.24275269303283986,0.13442122001063828
