name,Total,IE,RY
2-year,2.2086666666666663,1.64465831088116,0.5640083557855062
5-year,2.1316666666666664,1.0538882095656197,1.0777784571010467
10-year,1.8195476190476194,0.7883234848612102,1.0312241341864092
