date,DPCERC,DGDSRC,DDURRC,DMOTRC,DFDHRC,DREQRC,DODGRC,DNDGRC,DFXARC,DCLORC,DGOERC,DONGRC,DSERRC,DHCERC,DHUTRC,DHLCRC,DTRSRC,DRCARC,DFSARC,DIFSRC,DOTSRC,DNPIRC,DNPERC,DNPSRC,DPCCRC,LA001176,DNRGRC,LA001260,DHSGRC,DPCMRC,DPCXRC
1988-01-01,3213729.0,1302472.0,470251.0,208962.0,111488.0,94540.0,55261.0,832221.0,329083.0,172389.0,99689.0,231060.0,1911257.0,1851531.0,599703.0,388647.0,108345.0,92816.0,212376.0,194684.0,254960.0,59726.0,261481.0,201755.0,2689803.0,2207240.0,194843.0,1333540.0,482563.0,2907628.0,2384428.0
1988-02-01,3221419.0,1301340.0,468671.0,206010.0,111490.0,95750.0,55420.0,832669.0,331341.0,170756.0,97310.0,233261.0,1920080.0,1859331.0,598325.0,392157.0,109357.0,93789.0,213583.0,195824.0,256297.0,60749.0,263895.0,203146.0,2701498.0,2216538.0,188580.0,1343850.0,484960.0,2912626.0,2393434.0
1988-03-01,3260540.0,1322667.0,472395.0,202722.0,113882.0,98522.0,57269.0,850272.0,338530.0,175097.0,98259.0,238387.0,1937873.0,1877322.0,601504.0,397235.0,110435.0,94828.0,218725.0,196426.0,258167.0,60551.0,266605.0,206054.0,2731484.0,2244443.0,190526.0,1358566.0,487040.0,2952823.0,2424497.0
1988-04-01,3262972.0,1316911.0,467753.0,198495.0,114043.0,98270.0,56945.0,849158.0,337834.0,173345.0,99681.0,238297.0,1946061.0,1884640.0,601519.0,400412.0,111191.0,96263.0,219684.0,197191.0,258380.0,61421.0,268711.0,207289.0,2735430.0,2246268.0,189708.0,1366872.0,489163.0,2953318.0,2426511.0
1988-05-01,3293642.0,1329043.0,474662.0,203820.0,114333.0,99577.0,56931.0,854381.0,340981.0,175931.0,98559.0,238910.0,1964598.0,1901783.0,606528.0,404999.0,112726.0,97724.0,222266.0,198009.0,259532.0,62815.0,272655.0,209839.0,2762176.0,2270116.0,190485.0,1380613.0,492060.0,2980654.0,2449925.0
1988-06-01,3318535.0,1334334.0,477253.0,204640.0,115246.0,99963.0,57404.0,857081.0,340837.0,175801.0,100613.0,239829.0,1984201.0,1921296.0,613124.0,407846.0,113935.0,98871.0,225369.0,202207.0,259943.0,62906.0,273505.0,210599.0,2781518.0,2286744.0,196180.0,1393861.0,494774.0,3004138.0,2467858.0
1988-07-01,3342733.0,1337030.0,472352.0,198742.0,115432.0,100227.0,57951.0,864678.0,344793.0,178085.0,100041.0,241759.0,2005703.0,1941708.0,618052.0,413538.0,114706.0,99751.0,227542.0,205514.0,262605.0,63995.0,278212.0,214217.0,2800627.0,2302853.0,197313.0,1410656.0,497774.0,3021368.0,2479999.0
1988-08-01,3367972.0,1341772.0,470143.0,198053.0,114408.0,100134.0,57548.0,871629.0,348840.0,178373.0,101207.0,243209.0,2026200.0,1962031.0,623298.0,417727.0,116236.0,100892.0,231077.0,207375.0,265425.0,64169.0,280614.0,216446.0,2819478.0,2317918.0,199653.0,1426194.0,501560.0,3045147.0,2497390.0
1988-09-01,3374992.0,1344697.0,468671.0,193702.0,115883.0,100229.0,58857.0,876026.0,347627.0,181428.0,101370.0,245602.0,2030295.0,1964955.0,619078.0,418939.0,116767.0,102181.0,232363.0,208600.0,267027.0,65339.0,282037.0,216698.0,2835668.0,2330306.0,191697.0,1434606.0,505362.0,3049241.0,2510651.0
1988-10-01,3413661.0,1361730.0,477859.0,198149.0,117339.0,103044.0,59327.0,883871.0,349824.0,185630.0,101003.0,247415.0,2051931.0,1985677.0,631079.0,422243.0,117845.0,103572.0,233527.0,208951.0,268460.0,66254.0,284118.0,217864.0,2863318.0,2355286.0,200519.0,1444383.0,508032.0,3086745.0,2537136.0
1988-11-01,3430226.0,1369811.0,481776.0,201817.0,118390.0,101862.0,59706.0,888035.0,352322.0,185368.0,101020.0,249325.0,2060415.0,1994614.0,629314.0,426350.0,119383.0,104683.0,236263.0,208840.0,269781.0,65801.0,286017.0,220215.0,2882560.0,2371201.0,195344.0,1454733.0,511358.0,3102992.0,2556055.0
1988-12-01,3459729.0,1385908.0,498851.0,211450.0,119921.0,106400.0,61080.0,887056.0,351664.0,186366.0,99451.0,249575.0,2073822.0,2008025.0,631729.0,430527.0,118870.0,105435.0,237389.0,211539.0,272536.0,65797.0,288382.0,222586.0,2913993.0,2400678.0,194072.0,1465885.0,513316.0,3130224.0,2585208.0
1989-01-01,3483745.0,1398761.0,496183.0,211086.0,122580.0,102128.0,60390.0,902578.0,356902.0,191133.0,99665.0,254878.0,2084984.0,2018811.0,628037.0,435038.0,120060.0,108050.0,238763.0,216452.0,272411.0,66173.0,291341.0,225168.0,2938891.0,2423319.0,187952.0,1481124.0,515572.0,3148846.0,2604694.0
1989-02-01,3488011.0,1381753.0,481276.0,202851.0,119017.0,100120.0,59288.0,900478.0,357786.0,183352.0,104743.0,254596.0,2106258.0,2041149.0,648863.0,436822.0,121179.0,107430.0,235630.0,218371.0,272854.0,65109.0,290583.0,225474.0,2918744.0,2401019.0,211481.0,1481795.0,517725.0,3154036.0,2585462.0
1989-03-01,3498760.0,1386415.0,481895.0,204353.0,118722.0,100060.0,58760.0,904520.0,358628.0,184120.0,106099.0,255674.0,2112345.0,2046611.0,642352.0,439473.0,122084.0,107852.0,238096.0,219469.0,277285.0,65734.0,292569.0,226836.0,2936736.0,2416309.0,203396.0,1494621.0,520427.0,3164221.0,2602883.0
1989-04-01,3542964.0,1420999.0,500427.0,216902.0,120977.0,102260.0,60288.0,920572.0,359130.0,189743.0,114333.0,257366.0,2121964.0,2054379.0,644916.0,443017.0,121512.0,108327.0,238271.0,221802.0,276535.0,67585.0,296883.0,229298.0,2972380.0,2449386.0,211454.0,1501850.0,522994.0,3203403.0,2633502.0
1989-05-01,3551782.0,1417817.0,487630.0,201947.0,121141.0,103561.0,60981.0,930187.0,363305.0,188978.0,117596.0,260308.0,2133965.0,2066842.0,647772.0,444250.0,122158.0,109770.0,240070.0,222535.0,280287.0,67123.0,297038.0,229915.0,2974392.0,2448115.0,214085.0,1511198.0,526277.0,3213521.0,2636809.0
1989-06-01,3566555.0,1424462.0,491975.0,204180.0,121703.0,105103.0,60989.0,932487.0,363551.0,190025.0,116725.0,262186.0,2142093.0,2074411.0,647479.0,447179.0,121782.0,111104.0,241045.0,224175.0,281646.0,67681.0,299227.0,231546.0,2992645.0,2463966.0,210359.0,1519780.0,528679.0,3226613.0,2653376.0
1989-07-01,3585694.0,1429987.0,497396.0,211727.0,121276.0,103191.0,61202.0,932591.0,365517.0,189936.0,112703.0,264435.0,2155707.0,2086719.0,652627.0,451570.0,121253.0,111799.0,243175.0,223666.0,282628.0,68988.0,302777.0,233790.0,3011915.0,2480192.0,208262.0,1528424.0,531723.0,3245275.0,2672165.0
1989-08-01,3620641.0,1453728.0,518683.0,228880.0,122214.0,106050.0,61539.0,935045.0,367050.0,191066.0,110993.0,265936.0,2166913.0,2098232.0,658584.0,454046.0,122147.0,111563.0,244112.0,223506.0,284274.0,68681.0,303830.0,235149.0,3044424.0,2509552.0,209168.0,1533866.0,534872.0,3280146.0,2704593.0
1989-09-01,3621864.0,1442062.0,500834.0,209892.0,121884.0,106448.0,62610.0,941227.0,370915.0,193445.0,108323.0,268545.0,2179802.0,2110410.0,662311.0,457864.0,122580.0,112720.0,247120.0,223043.0,284772.0,69392.0,306117.0,236725.0,3043880.0,2506071.0,207068.0,1543247.0,537809.0,3280506.0,2703182.0
1989-10-01,3633599.0,1436891.0,493929.0,205256.0,121632.0,105073.0,61968.0,942962.0,370266.0,193396.0,110703.0,268597.0,2196708.0,2126431.0,666857.0,464380.0,123146.0,112851.0,247989.0,224688.0,286521.0,70277.0,309874.0,239597.0,3053595.0,2511668.0,209738.0,1555747.0,541926.0,3291609.0,2712258.0
1989-11-01,3643294.0,1438704.0,490096.0,196751.0,123377.0,106565.0,63404.0,948608.0,373509.0,194541.0,108594.0,271964.0,2204590.0,2134863.0,672618.0,468418.0,122967.0,112529.0,248608.0,224104.0,285620.0,69727.0,311231.0,241504.0,3060090.0,2514676.0,209696.0,1558075.0,545414.0,3302168.0,2719614.0
1989-12-01,3684184.0,1454074.0,491631.0,199429.0,122139.0,106307.0,63756.0,962443.0,378098.0,195026.0,114786.0,274532.0,2230110.0,2160135.0,689600.0,472443.0,121300.0,113990.0,248280.0,226016.0,288506.0,69975.0,313388.0,243413.0,3077029.0,2528001.0,229057.0,1566812.0,549028.0,3340663.0,2734159.0
1990-01-01,3730696.0,1501718.0,536412.0,240164.0,124736.0,107039.0,64472.0,965306.0,378323.0,195005.0,114499.0,277480.0,2228979.0,2158745.0,667111.0,479374.0,123296.0,115466.0,254133.0,227112.0,292252.0,70234.0,317123.0,246889.0,3149367.0,2597192.0,203007.0,1588296.0,552175.0,3382961.0,2802323.0
1990-02-01,3728233.0,1481661.0,505922.0,207778.0,124699.0,106880.0,66565.0,975739.0,382686.0,194658.0,118976.0,279419.0,2246572.0,2175151.0,675887.0,482234.0,124734.0,117019.0,257156.0,227490.0,290630.0,71421.0,319146.0,247725.0,3130960.0,2577262.0,214587.0,1597262.0,553698.0,3379719.0,2783125.0
1990-03-01,3754915.0,1485322.0,503848.0,207267.0,124257.0,106191.0,66132.0,981473.0,387970.0,197347.0,115773.0,280384.0,2269594.0,2196974.0,682673.0,487647.0,125936.0,119161.0,259712.0,227245.0,294600.0,72620.0,323087.0,250467.0,3154612.0,2595266.0,212333.0,1613687.0,559346.0,3405490.0,2805854.0
1990-04-01,3769991.0,1482177.0,505671.0,211177.0,121927.0,107114.0,65454.0,976505.0,387660.0,193804.0,114618.0,280425.0,2287815.0,2214105.0,688670.0,493001.0,126429.0,120225.0,260915.0,228140.0,296724.0,73710.0,326203.0,252493.0,3168288.0,2605951.0,214044.0,1626052.0,562337.0,3418655.0,2817609.0
1990-05-01,3775774.0,1472724.0,495280.0,202821.0,121509.0,105879.0,65072.0,977443.0,388585.0,195477.0,112696.0,280686.0,2303050.0,2228455.0,691675.0,499400.0,127167.0,120550.0,261198.0,229194.0,299270.0,74595.0,329761.0,255165.0,3174681.0,2609822.0,212508.0,1638380.0,564859.0,3423000.0,2822556.0
1990-06-01,3804496.0,1482881.0,494270.0,204654.0,120297.0,104253.0,65066.0,988611.0,393762.0,197766.0,114086.0,282997.0,2321616.0,2245876.0,696896.0,505729.0,126619.0,121880.0,264077.0,230055.0,300619.0,75740.0,334368.0,258628.0,3197328.0,2626875.0,213407.0,1651842.0,570453.0,3448541.0,2842012.0
1990-07-01,3821712.0,1487404.0,496322.0,204198.0,120067.0,105637.0,66419.0,991082.0,392527.0,197596.0,115941.0,285018.0,2334307.0,2257279.0,699237.0,511756.0,126198.0,122478.0,266488.0,230280.0,300842.0,77028.0,338612.0,261583.0,3215444.0,2641219.0,213741.0,1662282.0,574225.0,3465074.0,2859438.0
1990-08-01,3848288.0,1493482.0,489313.0,200129.0,119398.0,104243.0,65543.0,1004169.0,394865.0,195124.0,128398.0,285782.0,2354806.0,2276680.0,707160.0,515759.0,126991.0,123869.0,266904.0,232693.0,303303.0,78127.0,341153.0,263026.0,3223902.0,2645160.0,229521.0,1674942.0,578742.0,3489095.0,2865333.0
1990-09-01,3870100.0,1509143.0,495076.0,204472.0,119965.0,105790.0,64849.0,1014067.0,399873.0,195064.0,132021.0,287109.0,2360957.0,2281739.0,712681.0,518201.0,127397.0,124040.0,266633.0,232486.0,300300.0,79218.0,342993.0,263775.0,3233828.0,2652968.0,236399.0,1675719.0,580861.0,3509018.0,2873365.0
1990-10-01,3870551.0,1502454.0,486124.0,195984.0,119004.0,105717.0,65418.0,1016331.0,394162.0,193804.0,141456.0,286909.0,2368096.0,2288968.0,711983.0,523363.0,128732.0,124520.0,265889.0,233839.0,300642.0,79128.0,345142.0,266013.0,3232842.0,2650500.0,243547.0,1683664.0,582341.0,3510304.0,2873207.0
1990-11-01,3871877.0,1506188.0,482735.0,192817.0,118162.0,105996.0,65760.0,1023452.0,398679.0,193822.0,141921.0,289030.0,2365689.0,2286268.0,708735.0,527351.0,127806.0,125985.0,265746.0,234678.0,295968.0,79422.0,347193.0,267771.0,3233344.0,2650192.0,239854.0,1684605.0,583152.0,3512106.0,2874180.0
1990-12-01,3861300.0,1490465.0,473982.0,189963.0,117263.0,101957.0,64799.0,1016483.0,395018.0,193468.0,140006.0,287990.0,2370835.0,2291756.0,715767.0,530592.0,125159.0,126013.0,263967.0,235872.0,294385.0,79079.0,348460.0,269381.0,3223604.0,2638339.0,242678.0,1682899.0,585265.0,3502131.0,2865038.0
1991-01-01,3840994.0,1465662.0,452701.0,167099.0,116711.0,104232.0,64659.0,1012961.0,398126.0,192682.0,132867.0,289286.0,2375331.0,2296805.0,719860.0,532756.0,123376.0,123204.0,264079.0,238942.0,294588.0,78526.0,348436.0,269910.0,3205905.0,2618053.0,236963.0,1683383.0,587852.0,3479560.0,2845077.0
1991-02-01,3866693.0,1477844.0,466975.0,176429.0,118511.0,106565.0,65470.0,1010869.0,397861.0,196968.0,123722.0,292318.0,2388849.0,2310320.0,715858.0,537525.0,122871.0,125531.0,267713.0,242608.0,298214.0,78529.0,351745.0,273216.0,3247593.0,2657338.0,221239.0,1701077.0,590255.0,3498647.0,2880154.0
1991-03-01,3912999.0,1514016.0,495396.0,201566.0,119965.0,107680.0,66185.0,1018620.0,405704.0,199029.0,117597.0,296290.0,2398983.0,2320250.0,723308.0,538687.0,122411.0,125830.0,267535.0,244084.0,298396.0,78733.0,352444.0,273712.0,3286529.0,2694595.0,220766.0,1703880.0,591934.0,3544244.0,2918384.0
1991-04-01,3907079.0,1491650.0,474416.0,180654.0,120350.0,107247.0,66164.0,1017234.0,402920.0,202047.0,117634.0,294633.0,2415429.0,2336377.0,727204.0,545232.0,122265.0,124937.0,271476.0,246417.0,298847.0,79052.0,356963.0,277911.0,3282329.0,2687702.0,221830.0,1716606.0,594627.0,3539418.0,2915280.0
1991-05-01,3933221.0,1500287.0,473542.0,178067.0,120609.0,108345.0,66521.0,1026746.0,408986.0,200303.0,120703.0,296754.0,2432933.0,2353499.0,739051.0,546584.0,123013.0,125966.0,274040.0,246520.0,298324.0,79435.0,357879.0,278444.0,3289992.0,2693054.0,234243.0,1722456.0,596938.0,3566510.0,2923892.0
1991-06-01,3940495.0,1499103.0,477787.0,185609.0,118677.0,108564.0,64937.0,1021315.0,406983.0,198531.0,120410.0,295390.0,2441393.0,2361420.0,734659.0,552460.0,123024.0,127085.0,276756.0,248621.0,298815.0,79973.0,361601.0,281628.0,3306501.0,2707228.0,227011.0,1735519.0,599274.0,3571178.0,2937796.0
1991-07-01,3965995.0,1510538.0,485355.0,192130.0,119436.0,108927.0,64862.0,1025183.0,406233.0,201894.0,119828.0,297229.0,2455457.0,2375197.0,738900.0,556275.0,123800.0,127735.0,276435.0,251818.0,300234.0,80259.0,363547.0,283288.0,3332079.0,2730056.0,227683.0,1745578.0,602023.0,3594055.0,2960749.0
1991-08-01,3969105.0,1506149.0,479764.0,187295.0,118999.0,108736.0,64734.0,1026385.0,405834.0,203170.0,119195.0,298186.0,2462956.0,2382302.0,737626.0,561852.0,123555.0,127058.0,276206.0,254760.0,301245.0,80654.0,366550.0,285897.0,3339904.0,2735611.0,223367.0,1754491.0,604293.0,3593951.0,2965359.0
1991-09-01,3984708.0,1509497.0,487889.0,195631.0,118402.0,109865.0,63991.0,1021608.0,403140.0,198939.0,120302.0,299227.0,2475211.0,2394285.0,743389.0,565857.0,124271.0,128327.0,274762.0,254894.0,302784.0,80926.0,368805.0,287879.0,3355094.0,2747111.0,226474.0,1761056.0,607983.0,3609128.0,2980121.0
1991-10-01,3976045.0,1492584.0,474135.0,182819.0,118282.0,108963.0,64072.0,1018449.0,401428.0,198100.0,119463.0,299458.0,2483461.0,2402317.0,742395.0,571859.0,125051.0,128810.0,275298.0,255749.0,303155.0,81144.0,372206.0,291062.0,3353021.0,2742130.0,221596.0,1770437.0,610891.0,3601401.0,2978982.0
1991-11-01,4003572.0,1499959.0,477336.0,188196.0,117685.0,107358.0,64096.0,1022624.0,402479.0,199593.0,118650.0,301902.0,2503613.0,2421725.0,753878.0,576313.0,123796.0,129676.0,277272.0,255953.0,304835.0,81888.0,375032.0,293144.0,3372437.0,2758062.0,228656.0,1779231.0,614375.0,3627099.0,2996566.0
1991-12-01,4020479.0,1501920.0,480896.0,193483.0,117786.0,106102.0,63526.0,1021024.0,395746.0,197920.0,123171.0,304187.0,2518558.0,2436153.0,746845.0,583715.0,126651.0,132023.0,279168.0,260627.0,307123.0,82406.0,379491.0,297085.0,3401824.0,2784322.0,222909.0,1801318.0,617502.0,3639838.0,3021780.0
1992-01-01,4084653.0,1535562.0,495581.0,197700.0,121693.0,110084.0,66105.0,1039980.0,405225.0,204232.0,120816.0,309708.0,2549092.0,2465873.0,749955.0,588594.0,128583.0,133807.0,284955.0,269101.0,310878.0,83219.0,381525.0,298306.0,3458533.0,2838122.0,220896.0,1828601.0,620411.0,3701580.0,3076053.0
1992-02-01,4099539.0,1539879.0,501260.0,202486.0,122474.0,109968.0,66333.0,1038618.0,402571.0,208585.0,117271.0,310191.0,2559660.0,2474896.0,749150.0,591765.0,129697.0,134996.0,285438.0,270103.0,313748.0,84764.0,383406.0,298642.0,3482480.0,2860072.0,214489.0,1840034.0,622408.0,3711156.0,3094687.0
1992-03-01,4117009.0,1526104.0,491699.0,195039.0,121773.0,108325.0,66562.0,1034405.0,400380.0,204446.0,122232.0,307347.0,2590905.0,2505342.0,764922.0,598945.0,130199.0,136412.0,284833.0,270497.0,319533.0,85563.0,387686.0,302123.0,3485857.0,2859079.0,230772.0,1855587.0,626778.0,3723605.0,3093040.0
1992-04-01,4131544.0,1533312.0,490006.0,192394.0,122105.0,109104.0,66403.0,1043306.0,403001.0,206699.0,122862.0,310744.0,2598231.0,2511603.0,767111.0,604082.0,131179.0,137024.0,281367.0,272975.0,317864.0,86629.0,390757.0,304128.0,3496678.0,2868370.0,231865.0,1860921.0,628308.0,3737938.0,3103655.0
1992-05-01,4158382.0,1550356.0,501940.0,204165.0,122748.0,108253.0,66775.0,1048416.0,402169.0,208847.0,124918.0,312483.0,2608025.0,2521050.0,765103.0,607614.0,130482.0,138989.0,282989.0,273086.0,322786.0,86975.0,392540.0,305565.0,3526641.0,2896126.0,229572.0,1872856.0,630515.0,3758372.0,3127211.0
1992-06-01,4177056.0,1560953.0,511021.0,210291.0,124051.0,109336.0,67344.0,1049932.0,401578.0,211077.0,124520.0,312756.0,2616103.0,2528473.0,767702.0,611634.0,131378.0,139022.0,277513.0,274313.0,326912.0,87630.0,395075.0,307445.0,3546651.0,2913327.0,228827.0,1878473.0,633324.0,3773923.0,3144095.0
1992-07-01,4204795.0,1563463.0,507248.0,203428.0,124312.0,111305.0,68203.0,1056215.0,404164.0,210522.0,126837.0,314692.0,2641332.0,2552882.0,771903.0,616187.0,137919.0,140151.0,280546.0,276261.0,329916.0,88450.0,398239.0,309789.0,3568273.0,2932179.0,232359.0,1899716.0,636094.0,3798261.0,3162312.0
1992-08-01,4220850.0,1573180.0,511889.0,206257.0,125346.0,111101.0,69185.0,1061291.0,405515.0,213985.0,125924.0,315866.0,2647670.0,2557858.0,770587.0,620517.0,133026.0,140956.0,285499.0,277230.0,330043.0,89812.0,401917.0,312105.0,3587341.0,2949303.0,227994.0,1907563.0,638038.0,3814014.0,3181075.0
1992-09-01,4255267.0,1582781.0,517140.0,209964.0,125724.0,111629.0,69822.0,1065641.0,404871.0,215851.0,127785.0,317134.0,2672486.0,2582130.0,780899.0,624699.0,135140.0,142046.0,286712.0,279242.0,333392.0,90356.0,404573.0,314217.0,3611042.0,2972417.0,239354.0,1922292.0,638625.0,3842991.0,3199333.0
1992-10-01,4284729.0,1596604.0,522696.0,213320.0,126357.0,113093.0,69926.0,1073908.0,408835.0,216180.0,127611.0,321283.0,2688125.0,2597331.0,781545.0,627014.0,136898.0,143482.0,292144.0,283405.0,332843.0,90794.0,405894.0,315100.0,3640974.0,2997689.0,234920.0,1937530.0,643286.0,3870605.0,3227415.0
1992-11-01,4300488.0,1585588.0,514089.0,205335.0,126636.0,112395.0,69722.0,1071499.0,407705.0,215821.0,128674.0,319299.0,2714899.0,2624202.0,794133.0,628614.0,138713.0,144994.0,296843.0,286080.0,334825.0,90697.0,406252.0,315555.0,3647795.0,3001193.0,244988.0,1951983.0,646602.0,3882155.0,3230023.0
1992-12-01,4336398.0,1611430.0,532408.0,217206.0,128238.0,117346.0,69618.0,1079021.0,407558.0,218556.0,130644.0,322264.0,2724968.0,2634643.0,790333.0,633757.0,140251.0,145723.0,296909.0,291644.0,336025.0,90325.0,408821.0,318496.0,3688449.0,3039354.0,240391.0,1966127.0,649095.0,3912920.0,3265529.0
1993-01-01,4340707.0,1616634.0,538135.0,216499.0,129926.0,120444.0,71266.0,1078499.0,405741.0,220839.0,126126.0,325793.0,2724073.0,2634831.0,785352.0,635669.0,140294.0,147247.0,295499.0,296765.0,334006.0,89243.0,409489.0,320247.0,3707476.0,3055428.0,227491.0,1970661.0,652048.0,3912895.0,3280219.0
1993-02-01,4355340.0,1605619.0,524197.0,208907.0,128418.0,117045.0,69828.0,1081422.0,410302.0,214002.0,130112.0,327006.0,2749721.0,2661138.0,804549.0,641249.0,141201.0,147711.0,293272.0,300263.0,332892.0,88583.0,412787.0,324204.0,3696750.0,3042679.0,248288.0,1977474.0,654071.0,3928792.0,3270757.0
1993-03-01,4352498.0,1598690.0,521225.0,207249.0,126650.0,118241.0,69085.0,1077465.0,408823.0,211461.0,129698.0,327484.0,2753808.0,2665140.0,804036.0,639433.0,142348.0,148729.0,291386.0,301543.0,337664.0,88668.0,412080.0,323411.0,3698524.0,3042545.0,245151.0,1982375.0,655979.0,3920629.0,3267207.0
1993-04-01,4393413.0,1625424.0,542978.0,222617.0,129855.0,120335.0,70171.0,1082446.0,409474.0,216428.0,127222.0,329322.0,2767989.0,2679063.0,803246.0,641928.0,142986.0,151375.0,296230.0,305782.0,337516.0,88926.0,414135.0,325209.0,3745771.0,3086267.0,238167.0,1997539.0,659504.0,3955667.0,3308575.0
1993-05-01,4422366.0,1643649.0,551989.0,224199.0,131429.0,125472.0,70889.0,1091661.0,413203.0,218756.0,128386.0,331316.0,2778716.0,2689509.0,801705.0,645193.0,143248.0,150640.0,297136.0,311727.0,339860.0,89207.0,415834.0,326627.0,3773882.0,3112117.0,235280.0,2010056.0,661765.0,3981346.0,3333410.0
1993-06-01,4439965.0,1633433.0,548560.0,224124.0,131179.0,120854.0,72403.0,1084873.0,411576.0,218570.0,123721.0,331005.0,2806532.0,2717046.0,815577.0,647807.0,145074.0,152531.0,299387.0,313934.0,342737.0,89486.0,418103.0,328617.0,3787170.0,3122364.0,241218.0,2024229.0,664806.0,3993856.0,3341605.0
1993-07-01,4468940.0,1650457.0,558589.0,228866.0,132752.0,123315.0,73657.0,1091868.0,413823.0,220064.0,124009.0,333972.0,2818483.0,2728536.0,815885.0,652532.0,145646.0,154937.0,298674.0,316138.0,344723.0,89947.0,421557.0,331610.0,3815705.0,3148797.0,239412.0,2036172.0,666909.0,4018450.0,3365757.0
1993-08-01,4481096.0,1641929.0,551506.0,222550.0,131992.0,123955.0,73009.0,1090423.0,412602.0,219533.0,126165.0,332124.0,2839167.0,2748601.0,823073.0,652166.0,147077.0,156388.0,301341.0,320824.0,347732.0,90565.0,421739.0,331173.0,3823402.0,3153178.0,245092.0,2050016.0,670224.0,4024958.0,3367803.0
1993-09-01,4511530.0,1655111.0,559819.0,226467.0,132955.0,127003.0,73394.0,1095292.0,416877.0,220959.0,124993.0,332463.0,2856419.0,2765486.0,828120.0,653720.0,148299.0,157047.0,304517.0,322662.0,351121.0,90933.0,422658.0,331725.0,3848660.0,3175759.0,245993.0,2062518.0,672901.0,4052569.0,3390236.0
1993-10-01,4532758.0,1669024.0,568851.0,236055.0,133180.0,126445.0,73170.0,1100173.0,417638.0,222026.0,127759.0,332751.0,2863734.0,2772407.0,830193.0,656376.0,149393.0,157989.0,301144.0,327589.0,349724.0,91327.0,424127.0,332800.0,3867488.0,3191681.0,247632.0,2068053.0,675807.0,4072283.0,3407548.0
1993-11-01,4554053.0,1681375.0,574189.0,238271.0,133913.0,128753.0,73252.0,1107186.0,419869.0,223422.0,128587.0,335308.0,2872678.0,2781032.0,826904.0,659310.0,151732.0,157333.0,301069.0,325997.0,358686.0,91647.0,425791.0,334145.0,3892614.0,3213484.0,241570.0,2080564.0,679131.0,4083256.0,3422349.0
1993-12-01,4571141.0,1686816.0,578349.0,240782.0,134153.0,129818.0,73596.0,1108467.0,421738.0,222577.0,125809.0,338343.0,2884325.0,2792076.0,840632.0,660319.0,151517.0,158577.0,301215.0,324771.0,355046.0,92249.0,426656.0,334406.0,3901440.0,3217965.0,247964.0,2078696.0,683475.0,4102940.0,3433767.0
1994-01-01,4585136.0,1689568.0,579642.0,245688.0,131766.0,128096.0,74093.0,1109926.0,421278.0,221578.0,129009.0,338060.0,2895567.0,2802513.0,843362.0,663814.0,152556.0,159500.0,293170.0,327229.0,362883.0,93054.0,427703.0,334650.0,3914507.0,3226733.0,249350.0,2087453.0,687774.0,4107395.0,3437292.0
1994-02-01,4632580.0,1711062.0,593267.0,251140.0,135564.0,131441.0,75122.0,1117796.0,424414.0,224352.0,128872.0,340158.0,2921518.0,2827759.0,848897.0,667319.0,153988.0,160563.0,304637.0,326742.0,365612.0,93759.0,430156.0,336397.0,3959373.0,3265900.0,248792.0,2108123.0,693474.0,4151103.0,3478420.0
1994-03-01,4645953.0,1716375.0,593563.0,244475.0,138261.0,135829.0,74998.0,1122812.0,426134.0,228713.0,124233.0,343733.0,2929578.0,2835032.0,849206.0,670213.0,158220.0,161622.0,307644.0,329465.0,358662.0,94546.0,432137.0,337592.0,3979818.0,3282121.0,240001.0,2116112.0,697697.0,4169268.0,3503654.0
1994-04-01,4671080.0,1733097.0,606989.0,256903.0,138155.0,136536.0,75394.0,1126108.0,428760.0,226759.0,124997.0,345593.0,2937983.0,2842718.0,851010.0,672118.0,158148.0,161949.0,306181.0,328679.0,364634.0,95265.0,433510.0,338246.0,4002530.0,3302326.0,239789.0,2122986.0,700204.0,4187711.0,3519680.0
1994-05-01,4669499.0,1712820.0,588862.0,236924.0,138907.0,138175.0,74856.0,1123958.0,428646.0,223617.0,124143.0,347552.0,2956679.0,2860369.0,858686.0,677405.0,159374.0,162708.0,306404.0,328376.0,367416.0,96310.0,437332.0,341022.0,3998073.0,3294347.0,242780.0,2134316.0,703726.0,4184481.0,3513570.0
1994-06-01,4708909.0,1734527.0,600311.0,243184.0,140723.0,140607.0,75797.0,1134216.0,433047.0,225978.0,125328.0,349864.0,2974382.0,2876933.0,871865.0,676875.0,160242.0,164680.0,310069.0,325940.0,367262.0,97449.0,437499.0,340050.0,4021916.0,3315272.0,253947.0,2139119.0,706644.0,4225339.0,3538859.0
1994-07-01,4720620.0,1741363.0,602087.0,244548.0,140791.0,140294.0,76454.0,1139276.0,431396.0,226458.0,130103.0,351319.0,2979257.0,2880691.0,862520.0,681793.0,161711.0,166944.0,311988.0,325105.0,370631.0,98565.0,441459.0,342894.0,4043197.0,3333429.0,246026.0,2153566.0,709768.0,4233606.0,3556694.0
1994-08-01,4762623.0,1766968.0,612008.0,249744.0,142983.0,141970.0,77312.0,1154960.0,436039.0,229238.0,134400.0,355283.0,2995654.0,2896138.0,870217.0,684258.0,163355.0,166286.0,309309.0,325931.0,376782.0,99516.0,443749.0,344232.0,4074264.0,3359095.0,252319.0,2162566.0,715169.0,4271294.0,3583443.0
1994-09-01,4775041.0,1768343.0,613836.0,248908.0,143670.0,143753.0,77505.0,1154507.0,438287.0,227345.0,132198.0,356678.0,3006698.0,2906405.0,871582.0,688002.0,164400.0,166023.0,311215.0,326515.0,378668.0,100293.0,446646.0,346353.0,4089981.0,3370383.0,246772.0,2172525.0,719598.0,4281973.0,3597418.0
1994-10-01,4812888.0,1790736.0,629639.0,256923.0,144958.0,148935.0,78823.0,1161097.0,438384.0,231657.0,132331.0,358724.0,3022152.0,2921046.0,876211.0,691102.0,166086.0,166846.0,312059.0,328053.0,380688.0,101106.0,448116.0,347010.0,4126736.0,3403691.0,247768.0,2183670.0,723045.0,4313650.0,3627999.0
1994-11-01,4825640.0,1794237.0,635145.0,262575.0,144751.0,149366.0,78453.0,1159092.0,438845.0,231584.0,129936.0,358727.0,3031403.0,2929617.0,877113.0,695107.0,167090.0,169005.0,312666.0,330068.0,378569.0,101786.0,451219.0,349433.0,4144648.0,3417730.0,242148.0,2192274.0,726918.0,4326959.0,3646464.0
1994-12-01,4841610.0,1799548.0,630706.0,257108.0,145604.0,149077.0,78918.0,1168841.0,440084.0,231937.0,135217.0,361604.0,3042062.0,2940568.0,879446.0,697525.0,166466.0,169791.0,314237.0,332839.0,380263.0,101495.0,451387.0,349892.0,4154650.0,3425148.0,246877.0,2200900.0,729502.0,4340691.0,3654226.0
1995-01-01,4851170.0,1796513.0,623560.0,248553.0,145799.0,150255.0,78954.0,1172952.0,443278.0,231571.0,133839.0,364265.0,3054657.0,2954182.0,885214.0,703014.0,167865.0,171560.0,313924.0,333148.0,379458.0,100475.0,449167.0,348692.0,4162062.0,3427258.0,245830.0,2207862.0,734803.0,4349916.0,3661300.0
1995-02-01,4850763.0,1774037.0,613010.0,245395.0,143384.0,147020.0,77211.0,1161027.0,439065.0,224899.0,136054.0,361009.0,3076726.0,2976516.0,894184.0,707401.0,168736.0,173236.0,309768.0,336624.0,386567.0,100210.0,450755.0,350544.0,4158405.0,3420015.0,253292.0,2221098.0,738390.0,4344493.0,3652626.0
1995-03-01,4885374.0,1793769.0,627186.0,256385.0,143359.0,149264.0,78178.0,1166583.0,440100.0,229023.0,133692.0,363768.0,3091605.0,2990930.0,889719.0,713005.0,170679.0,176260.0,312869.0,339293.0,389106.0,100674.0,454557.0,353882.0,4203247.0,3460589.0,242026.0,2240612.0,742658.0,4373427.0,3691787.0
1995-04-01,4890197.0,1781527.0,613173.0,242423.0,143674.0,148631.0,78445.0,1168354.0,440237.0,228121.0,133800.0,366195.0,3108670.0,3007377.0,902406.0,712106.0,171924.0,176590.0,315517.0,342588.0,386247.0,101293.0,453590.0,352297.0,4199482.0,3452712.0,250478.0,2245223.0,746770.0,4381312.0,3691081.0
1995-05-01,4933127.0,1803279.0,624811.0,248196.0,145277.0,151731.0,79606.0,1178468.0,443528.0,229854.0,135913.0,369174.0,3129848.0,3028104.0,908724.0,716547.0,174076.0,180438.0,316032.0,344997.0,387290.0,101744.0,456756.0,355012.0,4235232.0,3484100.0,254367.0,2260261.0,751132.0,4421450.0,3724037.0
1995-06-01,4977503.0,1826889.0,642759.0,264298.0,146054.0,153418.0,78988.0,1184130.0,443618.0,231065.0,137554.0,371893.0,3150614.0,3048438.0,912173.0,718083.0,175967.0,181758.0,315350.0,346262.0,398846.0,102175.0,457354.0,355179.0,4278488.0,3523447.0,255397.0,2277729.0,755041.0,4454062.0,3755526.0
1995-07-01,4970175.0,1813899.0,630976.0,249199.0,147830.0,154396.0,79551.0,1182923.0,442790.0,233868.0,134539.0,371726.0,3156275.0,3053956.0,921055.0,719227.0,176737.0,181241.0,316573.0,349409.0,389714.0,102319.0,457290.0,354971.0,4269593.0,3511207.0,257791.0,2274637.0,758386.0,4457114.0,3757010.0
1995-08-01,5005318.0,1823930.0,645330.0,261238.0,147535.0,156699.0,79858.0,1178600.0,443625.0,229532.0,132631.0,372813.0,3181388.0,3078690.0,929769.0,725189.0,179950.0,183912.0,318199.0,349134.0,392538.0,102697.0,461405.0,358708.0,4300692.0,3538874.0,261001.0,2291199.0,761818.0,4489247.0,3785094.0
1995-09-01,5020492.0,1840873.0,651324.0,262301.0,148954.0,159423.0,80647.0,1189549.0,445041.0,236890.0,130675.0,376943.0,3179619.0,3076449.0,921498.0,726288.0,180811.0,184729.0,318931.0,353523.0,390671.0,103169.0,461907.0,358738.0,4328256.0,3562991.0,247195.0,2297833.0,765265.0,4505921.0,3814157.0
1995-10-01,5013903.0,1819607.0,638070.0,252332.0,148320.0,157472.0,79946.0,1181537.0,445291.0,230008.0,130087.0,376151.0,3194296.0,3090566.0,924014.0,730713.0,183189.0,186003.0,318496.0,353142.0,395009.0,103730.0,465086.0,361356.0,4323827.0,3554421.0,244784.0,2310192.0,769406.0,4494633.0,3805028.0
1995-11-01,5055565.0,1842121.0,650609.0,262024.0,150469.0,156622.0,81493.0,1191512.0,446255.0,234728.0,130273.0,380256.0,3213444.0,3109078.0,936139.0,731375.0,183593.0,188600.0,318577.0,355466.0,395328.0,104366.0,465812.0,361446.0,4355940.0,3583002.0,253369.0,2317409.0,772939.0,4532884.0,3833728.0
1995-12-01,5097498.0,1869952.0,668047.0,276158.0,150249.0,159737.0,81903.0,1201905.0,452144.0,235385.0,131797.0,382579.0,3227547.0,3122468.0,939273.0,735679.0,182786.0,188775.0,319402.0,360409.0,396144.0,105078.0,468850.0,363771.0,4390788.0,3614524.0,254566.0,2328514.0,776264.0,4574492.0,3868248.0
1996-01-01,5085738.0,1845969.0,645840.0,260525.0,145573.0,159130.0,80612.0,1200129.0,451812.0,231366.0,137485.0,379466.0,3239769.0,3133089.0,943958.0,736799.0,182173.0,187848.0,317822.0,362339.0,402149.0,106681.0,470792.0,364111.0,4372286.0,3593036.0,261641.0,2336364.0,779250.0,4553375.0,3840383.0
1996-02-01,5132843.0,1872548.0,663218.0,272936.0,149376.0,159162.0,81744.0,1209330.0,452557.0,237017.0,135494.0,384262.0,3260295.0,3152141.0,952490.0,731589.0,185842.0,189602.0,319499.0,364767.0,408351.0,108154.0,468294.0,360140.0,4414878.0,3633106.0,265408.0,2348609.0,781772.0,4591611.0,3874103.0
1996-03-01,5173265.0,1894477.0,670418.0,273828.0,151391.0,160704.0,84497.0,1224059.0,455754.0,236588.0,144308.0,387409.0,3278788.0,3169421.0,954183.0,740629.0,187825.0,191968.0,323589.0,366072.0,405155.0,109367.0,475120.0,365753.0,4445846.0,3660835.0,271666.0,2366419.0,785011.0,4633722.0,3906757.0
1996-04-01,5207961.0,1917020.0,679506.0,279049.0,153504.0,163143.0,83811.0,1237514.0,459443.0,239707.0,148121.0,390243.0,3290941.0,3181207.0,956087.0,745494.0,188913.0,191878.0,323679.0,366008.0,409147.0,109734.0,478293.0,368559.0,4474170.0,3686325.0,274348.0,2376868.0,787846.0,4666374.0,3933036.0
1996-05-01,5223759.0,1918106.0,680094.0,275603.0,154103.0,165285.0,85104.0,1238011.0,458783.0,239266.0,148926.0,391037.0,3305653.0,3195141.0,961233.0,746118.0,191374.0,193149.0,325581.0,370200.0,407486.0,110512.0,479144.0,368632.0,4487858.0,3697079.0,277118.0,2386683.0,790778.0,4685113.0,3949663.0
1996-06-01,5229777.0,1912492.0,669396.0,265619.0,153973.0,165641.0,84164.0,1243096.0,462097.0,240351.0,146458.0,394190.0,3317285.0,3205712.0,959884.0,752419.0,189532.0,195819.0,325141.0,371263.0,411654.0,111573.0,484198.0,372625.0,4497396.0,3703856.0,270284.0,2399919.0,793540.0,4683849.0,3951917.0
1996-07-01,5251905.0,1917190.0,672857.0,269467.0,154005.0,164738.0,84647.0,1244333.0,463603.0,238821.0,145081.0,396829.0,3334715.0,3222328.0,957517.0,751156.0,192012.0,200075.0,327007.0,371258.0,423303.0,112387.0,483941.0,371554.0,4524811.0,3727660.0,263491.0,2419153.0,797151.0,4693719.0,3967072.0
1996-08-01,5275019.0,1927880.0,681653.0,275522.0,153563.0,167684.0,84883.0,1246227.0,464203.0,240031.0,143991.0,398002.0,3347139.0,3235282.0,967153.0,754124.0,193512.0,197100.0,327131.0,372035.0,424227.0,111857.0,485659.0,373801.0,4541912.0,3741821.0,268904.0,2422136.0,800090.0,4716046.0,3983383.0
1996-09-01,5296591.0,1932590.0,683636.0,276312.0,155588.0,166565.0,85171.0,1248954.0,465043.0,242418.0,141309.0,400184.0,3364000.0,3252660.0,964823.0,759073.0,198205.0,197876.0,328806.0,377233.0,426644.0,111341.0,488542.0,377201.0,4570574.0,3767801.0,260974.0,2441563.0,802773.0,4732203.0,4006627.0
1996-10-01,5328454.0,1952011.0,688842.0,278223.0,156538.0,168084.0,85997.0,1263169.0,468604.0,243502.0,146438.0,404626.0,3376443.0,3265444.0,973079.0,764375.0,201313.0,199468.0,331340.0,377621.0,418248.0,110999.0,492022.0,381023.0,4589075.0,3782931.0,270776.0,2445961.0,806144.0,4773993.0,4035049.0
1996-11-01,5351191.0,1958719.0,692234.0,280890.0,157216.0,168658.0,85470.0,1266485.0,469618.0,241895.0,148561.0,406412.0,3392472.0,3282366.0,979021.0,767731.0,197735.0,200060.0,334641.0,382102.0,421076.0,110106.0,494022.0,383916.0,4605848.0,3796803.0,275726.0,2456262.0,809045.0,4796327.0,4051416.0
1996-12-01,5378645.0,1963047.0,687847.0,273848.0,157590.0,170363.0,86046.0,1275200.0,471029.0,243537.0,150771.0,409863.0,3415599.0,3307777.0,979847.0,775286.0,203800.0,202153.0,334455.0,384093.0,428143.0,107822.0,497598.0,389777.0,4631690.0,3819962.0,275926.0,2478715.0,811729.0,4818999.0,4072476.0
1997-01-01,5411132.0,1975398.0,703285.0,293646.0,155815.0,168584.0,85240.0,1272113.0,471751.0,243011.0,150412.0,406939.0,3435734.0,3330066.0,989103.0,774632.0,203921.0,202041.0,338446.0,388416.0,433509.0,105668.0,494705.0,389037.0,4658729.0,3842913.0,280652.0,2489678.0,815816.0,4844426.0,4092457.0
1997-02-01,5433958.0,1985085.0,701986.0,286152.0,158918.0,170696.0,86220.0,1283099.0,473426.0,243945.0,153855.0,411874.0,3448873.0,3344644.0,989458.0,776111.0,205277.0,205439.0,339094.0,392622.0,436643.0,104229.0,493468.0,389239.0,4680415.0,3860374.0,280117.0,2502570.0,820041.0,4861711.0,4108602.0
1997-03-01,5454224.0,1999342.0,711501.0,293246.0,158830.0,172437.0,86988.0,1287841.0,475339.0,244109.0,152219.0,416174.0,3454882.0,3351322.0,985827.0,778292.0,208825.0,204992.0,339354.0,396077.0,437955.0,103561.0,493667.0,390107.0,4708107.0,3884140.0,270778.0,2512357.0,823967.0,4881959.0,4136271.0
1997-04-01,5459332.0,1976046.0,697484.0,280612.0,158300.0,172389.0,86184.0,1278561.0,472913.0,242669.0,147662.0,415317.0,3483286.0,3379889.0,1001641.0,781591.0,210199.0,206589.0,340677.0,396994.0,442199.0,103398.0,495316.0,391919.0,4708952.0,3880575.0,277467.0,2525105.0,828377.0,4881472.0,4131514.0
1997-05-01,5460234.0,1963243.0,690225.0,276654.0,158536.0,171131.0,83904.0,1273018.0,470716.0,243709.0,141925.0,416668.0,3496991.0,3393636.0,1001122.0,785436.0,209107.0,208002.0,339982.0,403682.0,446306.0,103355.0,497605.0,394250.0,4722550.0,3890092.0,266968.0,2539490.0,832458.0,4878694.0,4141428.0
1997-06-01,5494236.0,1983635.0,702052.0,281178.0,159843.0,173727.0,87304.0,1281582.0,471741.0,246834.0,143390.0,419618.0,3510601.0,3406803.0,1000673.0,789122.0,211158.0,207390.0,342213.0,406300.0,449947.0,103798.0,500097.0,396299.0,4758727.0,3922204.0,263768.0,2553700.0,836523.0,4911499.0,4176403.0
1997-07-01,5548827.0,2006838.0,715724.0,291415.0,161212.0,175272.0,87825.0,1291114.0,476067.0,249017.0,143161.0,422869.0,3541990.0,3437795.0,1011292.0,793376.0,212902.0,208754.0,345207.0,411619.0,454646.0,104194.0,502780.0,398585.0,4803655.0,3962452.0,269105.0,2574842.0,841203.0,4961364.0,4216602.0
1997-08-01,5587042.0,2030343.0,732611.0,307890.0,161558.0,175991.0,87171.0,1297733.0,475996.0,250750.0,146867.0,424120.0,3556699.0,3451610.0,1011663.0,796611.0,212206.0,210064.0,347277.0,417707.0,456081.0,105089.0,505213.0,400124.0,4842681.0,3997008.0,268365.0,2589528.0,845673.0,4994181.0,4250227.0
1997-09-01,5601667.0,2023191.0,720003.0,291342.0,162372.0,177631.0,88658.0,1303188.0,477114.0,249882.0,149410.0,426781.0,3578476.0,3472257.0,1020295.0,799482.0,216934.0,209696.0,347265.0,419691.0,458894.0,106219.0,507526.0,401308.0,4849531.0,3999520.0,275022.0,2602854.0,850011.0,5006887.0,4255154.0
1997-10-01,5637666.0,2028587.0,724657.0,296317.0,162556.0,177202.0,88583.0,1303930.0,477337.0,250623.0,147764.0,428206.0,3609079.0,3501487.0,1036748.0,801214.0,218116.0,212088.0,346074.0,424991.0,462256.0,107592.0,509832.0,402240.0,4874707.0,4020679.0,285622.0,2617192.0,854029.0,5036360.0,4273805.0
1997-11-01,5661056.0,2053472.0,740758.0,307366.0,163763.0,179832.0,89797.0,1312714.0,479134.0,252661.0,148992.0,431927.0,3607585.0,3498429.0,1030058.0,805214.0,215929.0,211491.0,345064.0,422272.0,468401.0,109156.0,513349.0,404193.0,4906851.0,4047873.0,275072.0,2622527.0,858977.0,5052269.0,4298465.0
1997-12-01,5692107.0,2052889.0,746068.0,311173.0,164181.0,180692.0,90023.0,1306821.0,475794.0,252743.0,146278.0,432005.0,3639218.0,3528420.0,1039987.0,810293.0,217064.0,213259.0,350476.0,426239.0,471102.0,110798.0,517934.0,407136.0,4938499.0,4075218.0,277814.0,2644401.0,863281.0,5079188.0,4325979.0
1998-01-01,5689906.0,2042462.0,733022.0,292652.0,167181.0,182193.0,90996.0,1309440.0,477694.0,253444.0,140870.0,437432.0,3647444.0,3534449.0,1030185.0,816160.0,218880.0,216575.0,351843.0,426844.0,473962.0,112995.0,523515.0,410520.0,4954424.0,4086382.0,257788.0,2662484.0,868042.0,5073205.0,4338114.0
1998-02-01,5723833.0,2045893.0,739406.0,294658.0,168370.0,184656.0,91722.0,1306487.0,478485.0,255414.0,135432.0,437157.0,3677940.0,3562943.0,1042436.0,820231.0,220370.0,215670.0,352930.0,432703.0,478602.0,114998.0,527839.0,412841.0,4985150.0,4112924.0,260199.0,2680948.0,872226.0,5102407.0,4364113.0
1998-03-01,5750287.0,2044790.0,740680.0,295361.0,168859.0,184806.0,91653.0,1304111.0,480590.0,255006.0,132184.0,436331.0,3705497.0,3588506.0,1051417.0,824104.0,221165.0,216742.0,354249.0,436676.0,484154.0,116991.0,531352.0,414360.0,5008898.0,4131692.0,260799.0,2699676.0,877207.0,5120504.0,4379503.0
1998-04-01,5788053.0,2071702.0,758094.0,306594.0,170636.0,187068.0,93795.0,1313608.0,482140.0,258716.0,130205.0,442547.0,3716351.0,3597184.0,1049921.0,826374.0,222717.0,217461.0,357531.0,440399.0,482780.0,119167.0,534436.0,415269.0,5053280.0,4171530.0,252633.0,2712174.0,881750.0,5155228.0,4420843.0
1998-05-01,5837943.0,2096016.0,778296.0,324543.0,171228.0,189274.0,93251.0,1317720.0,484072.0,257142.0,131498.0,445008.0,3741928.0,3620594.0,1062716.0,829615.0,222224.0,217252.0,359497.0,441203.0,488087.0,121334.0,538068.0,416734.0,5092163.0,4205573.0,261708.0,2725127.0,886590.0,5199973.0,4454579.0
1998-06-01,5871702.0,2099770.0,771324.0,313977.0,172963.0,189643.0,94742.0,1328445.0,487129.0,257147.0,133585.0,450584.0,3771932.0,3648790.0,1072688.0,831948.0,223973.0,218392.0,361960.0,445205.0,494623.0,123142.0,541117.0,417974.0,5116030.0,4224387.0,268543.0,2745332.0,891643.0,5227314.0,4472027.0
1998-07-01,5889962.0,2103515.0,769397.0,306216.0,174414.0,193852.0,94916.0,1334117.0,488597.0,259091.0,133613.0,452816.0,3786447.0,3661282.0,1071878.0,834230.0,226384.0,220139.0,360620.0,448178.0,499853.0,125165.0,545019.0,419854.0,5138786.0,4242186.0,262579.0,2760881.0,896600.0,5237189.0,4486396.0
1998-08-01,5924994.0,2118051.0,784874.0,320407.0,174686.0,194267.0,95515.0,1333177.0,489503.0,257579.0,131833.0,454262.0,3806942.0,3679660.0,1076592.0,836477.0,226576.0,222159.0,361936.0,454198.0,501724.0,127282.0,548485.0,421203.0,5175053.0,4273535.0,260438.0,2776820.0,901518.0,5269792.0,4520232.0
1998-09-01,5965584.0,2138028.0,800861.0,335406.0,175688.0,195842.0,93926.0,1337167.0,491705.0,255674.0,130722.0,459065.0,3827556.0,3698629.0,1081383.0,839531.0,228872.0,222450.0,366794.0,454425.0,505175.0,128927.0,551615.0,422687.0,5214820.0,4308436.0,259059.0,2792836.0,906384.0,5305973.0,4555588.0
1998-10-01,5998823.0,2164285.0,819438.0,348473.0,177659.0,198114.0,95192.0,1344847.0,493059.0,260392.0,131253.0,460143.0,3834538.0,3703992.0,1078411.0,840670.0,229443.0,224178.0,369354.0,455411.0,506525.0,130546.0,553868.0,423321.0,5254590.0,4342946.0,251174.0,2802974.0,911643.0,5335377.0,4591519.0
1998-11-01,6015365.0,2171890.0,817882.0,344666.0,179955.0,197029.0,96232.0,1354008.0,495635.0,262087.0,129816.0,466470.0,3843474.0,3711364.0,1079505.0,841806.0,229959.0,225067.0,370532.0,456651.0,507843.0,132110.0,556281.0,424171.0,5273541.0,4357434.0,246188.0,2810995.0,916107.0,5349007.0,4607556.0
1998-12-01,6070526.0,2204871.0,838247.0,359505.0,181310.0,199573.0,97858.0,1366625.0,500634.0,261972.0,127245.0,476773.0,3865655.0,3732633.0,1088535.0,843395.0,231595.0,226366.0,374789.0,460820.0,507132.0,133022.0,558660.0,425638.0,5321658.0,4401360.0,248234.0,2824368.0,920298.0,5403850.0,4655351.0
1999-01-01,6073864.0,2188342.0,808365.0,330166.0,181840.0,198386.0,97973.0,1379977.0,502284.0,265498.0,125931.0,486264.0,3885521.0,3752530.0,1097265.0,845915.0,232596.0,226967.0,369804.0,465712.0,514271.0,132991.0,560705.0,427714.0,5320855.0,4396027.0,250724.0,2835901.0,924828.0,5405258.0,4652617.0
1999-02-01,6099229.0,2208886.0,824121.0,334825.0,185055.0,205011.0,99230.0,1384765.0,505295.0,267118.0,125023.0,487329.0,3890342.0,3757439.0,1094451.0,849347.0,233960.0,228882.0,373221.0,463037.0,514542.0,132903.0,563069.0,430166.0,5351008.0,4422356.0,242925.0,2843788.0,928652.0,5432425.0,4684568.0
1999-03-01,6133027.0,2217449.0,827357.0,335913.0,186865.0,204663.0,99916.0,1390091.0,506013.0,269901.0,128007.0,486171.0,3915579.0,3781796.0,1106917.0,851372.0,235333.0,231135.0,372713.0,465668.0,518659.0,133783.0,565785.0,432003.0,5373334.0,4440243.0,253681.0,2856814.0,933090.0,5461621.0,4702288.0
1999-04-01,6199523.0,2255620.0,841321.0,349552.0,185887.0,206344.0,99538.0,1414299.0,509988.0,269635.0,144582.0,490093.0,3943903.0,3808655.0,1110867.0,853307.0,236497.0,234057.0,376148.0,474569.0,523210.0,135247.0,568394.0,433147.0,5420049.0,4482445.0,269485.0,2881396.0,937604.0,5518628.0,4739512.0
1999-05-01,6232102.0,2276124.0,855368.0,357119.0,188066.0,209279.0,100904.0,1420755.0,512428.0,271710.0,143906.0,492712.0,3955978.0,3819805.0,1114280.0,855956.0,238283.0,233970.0,376716.0,476057.0,524544.0,136173.0,570499.0,434327.0,5452070.0,4510010.0,267604.0,2890220.0,942059.0,5547888.0,4768211.0
1999-06-01,6260300.0,2287475.0,867725.0,365354.0,190437.0,210033.0,101901.0,1419749.0,510930.0,273019.0,143978.0,491822.0,3972825.0,3835687.0,1122779.0,859134.0,240639.0,236276.0,377012.0,476022.0,523825.0,137138.0,572914.0,435776.0,5477521.0,4531332.0,271849.0,2898765.0,946189.0,5573347.0,4790919.0
1999-07-01,6287552.0,2287084.0,865238.0,360236.0,190221.0,211500.0,103282.0,1421846.0,513638.0,271164.0,149634.0,487410.0,4000468.0,3862281.0,1130931.0,863937.0,243256.0,238640.0,378150.0,482727.0,524640.0,138187.0,576447.0,438261.0,5492838.0,4542255.0,281076.0,2918443.0,950583.0,5595246.0,4800880.0
1999-08-01,6331887.0,2311216.0,871930.0,362568.0,193540.0,213419.0,102403.0,1439287.0,516887.0,272294.0,153082.0,497023.0,4020670.0,3881180.0,1134165.0,867549.0,243770.0,241122.0,379233.0,488043.0,527298.0,139491.0,579506.0,440016.0,5531770.0,4576809.0,283230.0,2935563.0,954961.0,5633443.0,4833672.0
1999-09-01,6386490.0,2335487.0,876406.0,360286.0,196975.0,215703.0,103442.0,1459081.0,522427.0,273041.0,157491.0,506123.0,4051003.0,3909987.0,1138921.0,871932.0,245808.0,245305.0,384831.0,493294.0,529896.0,141016.0,583512.0,442495.0,5576446.0,4616870.0,287618.0,2961300.0,959576.0,5680296.0,4870593.0
1999-10-01,6411379.0,2330189.0,867977.0,346955.0,197100.0,217658.0,106263.0,1462213.0,519047.0,272947.0,162065.0,508153.0,4081190.0,3938581.0,1141799.0,877100.0,247655.0,245374.0,390197.0,497561.0,538894.0,142609.0,588155.0,445545.0,5601322.0,4637843.0,291010.0,2988766.0,963480.0,5697350.0,4887632.0
1999-11-01,6448690.0,2339011.0,871201.0,350006.0,197718.0,216593.0,106884.0,1467810.0,523337.0,272302.0,154843.0,517328.0,4109679.0,3965848.0,1138506.0,881699.0,249725.0,247376.0,392617.0,512084.0,543840.0,143831.0,591760.0,447930.0,5650411.0,4681480.0,274942.0,3020649.0,968931.0,5726142.0,4928199.0
1999-12-01,6541049.0,2407858.0,889811.0,355783.0,200515.0,222469.0,111044.0,1518047.0,544090.0,274534.0,169997.0,529427.0,4133191.0,3987811.0,1146716.0,885826.0,248604.0,247560.0,393326.0,520282.0,545498.0,145379.0,595080.0,449700.0,5702796.0,4729800.0,294163.0,3036028.0,972996.0,5814212.0,4976293.0
2000-01-01,6542870.0,2372287.0,908629.0,373268.0,201493.0,226987.0,106881.0,1463658.0,518693.0,271548.0,164788.0,508630.0,4170583.0,4023338.0,1156023.0,889325.0,250043.0,246052.0,397202.0,530397.0,554296.0,147245.0,597389.0,450143.0,5733312.0,4753090.0,290865.0,3064284.0,980221.0,5801926.0,4992701.0
2000-02-01,6625259.0,2416110.0,930674.0,389330.0,203999.0,227596.0,109750.0,1485436.0,526549.0,275408.0,172637.0,510841.0,4209149.0,4059943.0,1161271.0,893647.0,254725.0,249103.0,400160.0,544998.0,556040.0,149206.0,601036.0,451830.0,5799886.0,4814653.0,298824.0,3097729.0,985233.0,5875651.0,5050608.0
2000-03-01,6686521.0,2450861.0,923323.0,375152.0,207016.0,231652.0,109503.0,1527538.0,535107.0,280861.0,187245.0,524324.0,4235660.0,4083980.0,1159055.0,898533.0,257596.0,252564.0,407475.0,551299.0,557458.0,151680.0,606091.0,454411.0,5845352.0,4855070.0,306061.0,3126562.0,990283.0,5928677.0,5087835.0
2000-04-01,6679067.0,2428819.0,900602.0,352523.0,207133.0,230361.0,110585.0,1528217.0,536031.0,278826.0,180173.0,533186.0,4250249.0,4097751.0,1172654.0,904299.0,256922.0,252812.0,406270.0,541270.0,563526.0,152497.0,609967.0,457470.0,5835391.0,4840248.0,307645.0,3127634.0,995142.0,5921942.0,5078589.0
2000-05-01,6709732.0,2438992.0,906968.0,357508.0,208677.0,229272.0,111511.0,1532024.0,536633.0,282061.0,179631.0,533699.0,4270740.0,4116776.0,1183520.0,910152.0,260600.0,252812.0,407252.0,532821.0,569618.0,153965.0,614282.0,460317.0,5860755.0,4860121.0,312344.0,3137393.0,1000634.0,5948048.0,5099392.0
2000-06-01,6746933.0,2443339.0,898224.0,350632.0,207314.0,229562.0,110716.0,1545115.0,542913.0,279363.0,190955.0,531883.0,4303594.0,4147307.0,1196817.0,915616.0,261822.0,253832.0,409451.0,538220.0,571549.0,156287.0,619765.0,463479.0,5873295.0,4866559.0,330725.0,3157089.0,1006735.0,5978850.0,5105530.0
2000-07-01,6768501.0,2445116.0,897288.0,348680.0,208690.0,229438.0,110480.0,1547828.0,542897.0,278435.0,190402.0,536094.0,4323385.0,4165168.0,1198458.0,921343.0,260375.0,258232.0,410880.0,539248.0,576632.0,158218.0,623965.0,465747.0,5899358.0,4887222.0,326246.0,3175405.0,1012136.0,5994821.0,5125993.0
2000-08-01,6802846.0,2455239.0,906436.0,355999.0,209976.0,230668.0,109793.0,1548803.0,544258.0,281861.0,183267.0,539416.0,4347607.0,4187468.0,1208760.0,926664.0,264378.0,256093.0,409878.0,541910.0,579785.0,160139.0,627634.0,467495.0,5935256.0,4917145.0,323331.0,3189431.0,1018111.0,6023753.0,5156477.0
2000-09-01,6888604.0,2507094.0,931250.0,371744.0,211701.0,235610.0,112195.0,1575844.0,546726.0,287271.0,194393.0,547454.0,4381510.0,4218412.0,1218273.0,932063.0,266805.0,256724.0,416389.0,545290.0,582869.0,163098.0,632550.0,469452.0,6004481.0,4979973.0,337397.0,3213998.0,1024507.0,6101963.0,5218150.0
2000-10-01,6893798.0,2493180.0,920566.0,364766.0,212220.0,232752.0,110828.0,1572614.0,550874.0,284137.0,190548.0,547055.0,4400618.0,4234911.0,1224283.0,937052.0,267184.0,257506.0,415873.0,546993.0,586020.0,165706.0,637025.0,471319.0,6010097.0,4978969.0,332826.0,3227211.0,1031128.0,6105225.0,5221834.0
2000-11-01,6909824.0,2485867.0,913394.0,358908.0,211163.0,232868.0,110454.0,1572473.0,550617.0,285667.0,186953.0,549236.0,4423957.0,4255443.0,1238389.0,943167.0,269181.0,259192.0,415694.0,542263.0,587558.0,168514.0,643039.0,474525.0,6022409.0,4985016.0,336799.0,3236719.0,1037393.0,6119153.0,5232045.0
2000-12-01,6952196.0,2501158.0,913508.0,360220.0,207886.0,233538.0,111864.0,1587650.0,555641.0,284539.0,193195.0,554276.0,4451038.0,4281107.0,1265168.0,949234.0,265721.0,257759.0,408851.0,548394.0,585981.0,169931.0,646943.0,477011.0,6033889.0,4989563.0,362666.0,3237241.0,1044326.0,6166106.0,5248104.0
2001-01-01,6987401.0,2498539.0,916450.0,358318.0,214929.0,233694.0,109509.0,1582089.0,556803.0,285368.0,190304.0,549614.0,4488862.0,4317246.0,1263049.0,959627.0,268353.0,263733.0,421949.0,546542.0,593992.0,171616.0,652409.0,480793.0,6079984.0,5028665.0,350614.0,3277233.0,1051319.0,6188038.0,5280932.0
2001-02-01,7001834.0,2513841.0,938897.0,384815.0,212193.0,230688.0,111201.0,1574944.0,555929.0,282005.0,186229.0,550782.0,4487992.0,4315773.0,1270205.0,966260.0,266643.0,261147.0,418640.0,538671.0,594207.0,172219.0,656024.0,483805.0,6099211.0,5041072.0,346694.0,3269388.0,1058139.0,6206612.0,5304292.0
2001-03-01,6996658.0,2485357.0,925087.0,374297.0,210853.0,229911.0,110026.0,1560270.0,554841.0,274549.0,181036.0,549844.0,4511302.0,4337564.0,1281072.0,972710.0,265570.0,261768.0,418522.0,538278.0,599646.0,173738.0,660719.0,486981.0,6097014.0,5031437.0,344803.0,3281958.0,1065577.0,6197090.0,5297742.0
2001-04-01,7004240.0,2490435.0,908345.0,353344.0,212855.0,233718.0,108428.0,1582090.0,561994.0,280939.0,185296.0,553861.0,4513805.0,4338164.0,1272968.0,978959.0,266089.0,261630.0,416312.0,536597.0,605609.0,175641.0,664905.0,489264.0,6108104.0,5035879.0,334142.0,3292734.0,1072225.0,6199806.0,5303961.0
2001-05-01,7052781.0,2518978.0,915982.0,362935.0,212999.0,232757.0,107290.0,1602997.0,564908.0,278525.0,197473.0,562090.0,4533803.0,4355832.0,1283147.0,984140.0,263784.0,262965.0,419132.0,533486.0,609178.0,177971.0,669700.0,491730.0,6138457.0,5059312.0,349416.0,3302715.0,1079145.0,6242974.0,5328935.0
2001-06-01,7069728.0,2520904.0,934110.0,380797.0,213756.0,233197.0,106361.0,1586793.0,563463.0,275730.0,188221.0,559380.0,4548825.0,4369256.0,1287777.0,991991.0,263050.0,261272.0,420837.0,531160.0,613168.0,179568.0,674267.0,494698.0,6168263.0,5082473.0,338002.0,3313253.0,1085790.0,6259719.0,5358536.0
2001-07-01,7082297.0,2517014.0,924998.0,365563.0,215378.0,236862.0,107195.0,1592016.0,564113.0,277835.0,180519.0,569549.0,4565283.0,4384496.0,1293331.0,998713.0,262572.0,262741.0,420815.0,526636.0,619688.0,180787.0,679524.0,498737.0,6187098.0,5096780.0,331086.0,3324398.0,1090318.0,6266408.0,5371487.0
2001-08-01,7121688.0,2532694.0,942543.0,381041.0,216568.0,236471.0,108463.0,1590151.0,566296.0,279984.0,171689.0,572181.0,4588994.0,4407190.0,1295213.0,1006427.0,265752.0,264041.0,426326.0,526672.0,622760.0,181805.0,684347.0,502543.0,6236952.0,5141158.0,318440.0,3346450.0,1095794.0,6303569.0,5419109.0
2001-09-01,7007024.0,2496035.0,904124.0,360289.0,211355.0,228617.0,103863.0,1591911.0,569032.0,268050.0,187244.0,567584.0,4510990.0,4328079.0,1297445.0,1013217.0,242436.0,258323.0,411328.0,491618.0,613712.0,182911.0,687807.0,504896.0,6106403.0,5006186.0,331589.0,3266428.0,1100217.0,6243034.0,5342689.0
2001-10-01,7212903.0,2627072.0,1035051.0,475753.0,215788.0,236241.0,107269.0,1592020.0,569561.0,275960.0,168594.0,577906.0,4585832.0,4402349.0,1304830.0,1019874.0,249893.0,260791.0,415826.0,526235.0,624899.0,183483.0,690985.0,507503.0,6327935.0,5222982.0,315408.0,3334065.0,1104953.0,6398363.0,5513669.0
2001-11-01,7182323.0,2577571.0,996981.0,425058.0,219886.0,242998.0,109039.0,1580590.0,568595.0,277138.0,154663.0,580194.0,4604752.0,4420662.0,1295227.0,1028502.0,252542.0,264097.0,418440.0,527895.0,633958.0,184090.0,695393.0,511303.0,6326420.0,5217046.0,287308.0,3362733.0,1109374.0,6357770.0,5502142.0
2001-12-01,7166733.0,2528679.0,955613.0,377264.0,222721.0,244043.0,111585.0,1573066.0,572498.0,278338.0,144562.0,577668.0,4638054.0,4452892.0,1305654.0,1038348.0,250921.0,264974.0,427840.0,527832.0,637324.0,185162.0,701216.0,516054.0,6310655.0,5197392.0,283580.0,3385773.0,1113264.0,6336079.0,5480277.0
2002-01-01,7184624.0,2549333.0,970698.0,390106.0,223811.0,245064.0,111717.0,1578635.0,569189.0,278525.0,144595.0,586325.0,4635292.0,4448224.0,1298768.0,1045310.0,251288.0,266147.0,428968.0,525618.0,632125.0,187067.0,707516.0,520449.0,6340910.0,5225724.0,274525.0,3390176.0,1115186.0,6358581.0,5515145.0
2002-02-01,7225161.0,2567633.0,983174.0,400477.0,225010.0,246315.0,111372.0,1584459.0,571125.0,279217.0,146631.0,587486.0,4657528.0,4468120.0,1302524.0,1052210.0,252447.0,266508.0,432426.0,528257.0,633747.0,189409.0,713843.0,524435.0,6375728.0,5258672.0,278308.0,3408795.0,1117056.0,6395561.0,5546407.0
2002-03-01,7243358.0,2568684.0,974875.0,394557.0,225517.0,242632.0,112168.0,1593809.0,573726.0,279812.0,155574.0,584697.0,4674674.0,4482884.0,1315437.0,1058907.0,251893.0,267060.0,429849.0,528108.0,631630.0,191790.0,719635.0,527845.0,6372096.0,5252699.0,297536.0,3413315.0,1119397.0,6413528.0,5542546.0
2002-04-01,7312466.0,2608831.0,1001520.0,415660.0,226782.0,245657.0,113421.0,1607311.0,571386.0,280829.0,165593.0,589504.0,4703635.0,4509721.0,1317659.0,1067512.0,251917.0,270641.0,435473.0,529537.0,636982.0,193915.0,726240.0,532325.0,6433869.0,5312090.0,307212.0,3440237.0,1121779.0,6471565.0,5593248.0
2002-05-01,7288903.0,2565248.0,962679.0,377938.0,226990.0,244369.0,113382.0,1602569.0,573368.0,276012.0,169409.0,583780.0,4723654.0,4527718.0,1326649.0,1074914.0,252483.0,270467.0,433766.0,532530.0,636908.0,195936.0,731449.0,535513.0,6397470.0,5273860.0,318065.0,3451389.0,1123609.0,6448249.0,5557097.0
2002-06-01,7322496.0,2586719.0,967993.0,385294.0,225745.0,243766.0,113189.0,1618726.0,573975.0,279166.0,171264.0,594321.0,4735777.0,4537495.0,1325031.0,1081495.0,251943.0,267913.0,436910.0,537919.0,636284.0,198283.0,737492.0,539210.0,6432971.0,5306647.0,315551.0,3465166.0,1126323.0,6482577.0,5593334.0
2002-07-01,7387293.0,2619139.0,1001637.0,421605.0,224779.0,242928.0,112324.0,1617502.0,576641.0,276826.0,170951.0,593084.0,4768154.0,4567725.0,1334968.0,1088147.0,248757.0,270435.0,437799.0,546992.0,640627.0,200429.0,742549.0,542120.0,6488844.0,5359372.0,321807.0,3487826.0,1129471.0,6539908.0,5641742.0
2002-08-01,7412576.0,2635944.0,1019664.0,436366.0,225123.0,244106.0,114069.0,1616280.0,574204.0,277233.0,175062.0,589781.0,4776632.0,4574021.0,1332833.0,1094616.0,251885.0,271715.0,438144.0,541591.0,643236.0,202611.0,747865.0,545254.0,6517281.0,5385411.0,321091.0,3498733.0,1131870.0,6562703.0,5667691.0
2002-09-01,7391538.0,2600244.0,983861.0,400761.0,224621.0,245009.0,113470.0,1616383.0,573535.0,272460.0,174134.0,596254.0,4791293.0,4587461.0,1339225.0,1100116.0,252507.0,274227.0,439844.0,541411.0,640130.0,203832.0,750753.0,546921.0,6495635.0,5359640.0,322367.0,3507065.0,1135995.0,6540517.0,5644898.0
2002-10-01,7435169.0,2604754.0,969940.0,385221.0,226237.0,243914.0,114568.0,1634814.0,577113.0,283003.0,178962.0,595736.0,4830415.0,4625693.0,1354418.0,1106033.0,252216.0,276003.0,437652.0,550124.0,649248.0,204722.0,753550.0,548828.0,6519356.0,5379837.0,338700.0,3531158.0,1139519.0,6570527.0,5654996.0
2002-11-01,7463805.0,2623503.0,978527.0,389978.0,228114.0,246084.0,114351.0,1644976.0,583064.0,280118.0,181078.0,600716.0,4840302.0,4634222.0,1352317.0,1110128.0,249238.0,275769.0,440897.0,554689.0,651184.0,206080.0,755933.0,549852.0,6546271.0,5402708.0,334470.0,3543347.0,1143563.0,6595992.0,5678740.0
2002-12-01,7519901.0,2655625.0,1009850.0,418196.0,227690.0,247436.0,116528.0,1645775.0,583300.0,282817.0,181544.0,598114.0,4864276.0,4658239.0,1354582.0,1115075.0,255907.0,279951.0,443999.0,551778.0,656946.0,206037.0,757901.0,551864.0,6603773.0,5456098.0,332828.0,3565317.0,1147675.0,6643036.0,5727190.0
2003-01-01,7541283.0,2649689.0,982593.0,395087.0,226834.0,246413.0,114260.0,1667096.0,586785.0,280663.0,195716.0,603932.0,4891593.0,4685880.0,1367811.0,1120424.0,255153.0,278643.0,444567.0,553864.0,665417.0,205714.0,761082.0,555368.0,6599694.0,5446834.0,354804.0,3579646.0,1152860.0,6657397.0,5716083.0
2003-02-01,7548649.0,2643361.0,956375.0,378875.0,220469.0,243087.0,113943.0,1686986.0,589388.0,274101.0,212958.0,610540.0,4905287.0,4700978.0,1369810.0,1125346.0,255562.0,278193.0,444501.0,555798.0,671767.0,204310.0,762772.0,558463.0,6588645.0,5432443.0,370616.0,3591427.0,1156202.0,6665232.0,5705500.0
2003-03-01,7611549.0,2678951.0,984631.0,392877.0,228174.0,248359.0,115221.0,1694320.0,590530.0,279229.0,211442.0,613119.0,4932598.0,4727775.0,1372518.0,1133416.0,255298.0,281207.0,450041.0,560717.0,674578.0,204822.0,766492.0,561669.0,6653185.0,5493387.0,367834.0,3616408.0,1159798.0,6721227.0,5763131.0
2003-04-01,7634487.0,2680090.0,1003853.0,406818.0,228998.0,250549.0,117487.0,1676238.0,591759.0,278784.0,192260.0,613435.0,4954397.0,4749968.0,1389910.0,1138431.0,251908.0,281357.0,450465.0,563330.0,674567.0,204428.0,767153.0,562724.0,6679571.0,5517001.0,363157.0,3620930.0,1162570.0,6742975.0,5788325.0
2003-05-01,7650333.0,2658680.0,1005726.0,401396.0,233164.0,252444.0,118722.0,1652954.0,588220.0,282657.0,172609.0,609469.0,4991653.0,4786627.0,1386863.0,1145581.0,256211.0,285655.0,459169.0,572541.0,680608.0,205026.0,769849.0,564823.0,6725319.0,5559114.0,336795.0,3661262.0,1166205.0,6750510.0,5825762.0
2003-06-01,7699554.0,2694923.0,1013877.0,399430.0,235522.0,256728.0,122197.0,1681046.0,595665.0,285908.0,175143.0,624330.0,5004631.0,4799062.0,1378371.0,1150056.0,257463.0,287467.0,463287.0,578978.0,683439.0,205570.0,772056.0,566486.0,6775179.0,5606819.0,328711.0,3682704.0,1168359.0,6794736.0,5870628.0
2003-07-01,7757004.0,2721697.0,1024929.0,402592.0,237689.0,260460.0,124188.0,1696768.0,600958.0,289635.0,179219.0,626956.0,5035306.0,4829266.0,1391388.0,1156768.0,260322.0,289346.0,466313.0,578719.0,686409.0,206040.0,775257.0,569217.0,6815797.0,5641879.0,340248.0,3700359.0,1173918.0,6847495.0,5906557.0
2003-08-01,7852102.0,2792383.0,1059302.0,426249.0,239906.0,267475.0,125672.0,1733081.0,607596.0,289995.0,201539.0,633951.0,5059719.0,4854004.0,1396513.0,1163615.0,263219.0,292807.0,472320.0,578351.0,687180.0,205715.0,778351.0,572636.0,6881891.0,5703081.0,362615.0,3719834.0,1178810.0,6942697.0,5972758.0
2003-09-01,7853674.0,2784659.0,1041098.0,407176.0,240997.0,267726.0,125198.0,1743561.0,608836.0,290752.0,211303.0,632671.0,5069015.0,4863284.0,1397312.0,1169107.0,263623.0,294451.0,468155.0,584858.0,685778.0,205731.0,780702.0,574971.0,6877472.0,5693019.0,367365.0,3728499.0,1184454.0,6943845.0,5967919.0
2003-10-01,7867359.0,2766156.0,1036166.0,396877.0,241851.0,271067.0,126370.0,1729990.0,609890.0,287828.0,200100.0,632172.0,5101203.0,4894882.0,1407253.0,1175933.0,264461.0,297113.0,476289.0,584906.0,688927.0,206321.0,784190.0,577870.0,6897344.0,5707164.0,360125.0,3750998.0,1190179.0,6951692.0,5981958.0
2003-11-01,7922591.0,2799610.0,1053543.0,406615.0,244532.0,274229.0,128167.0,1746066.0,613084.0,291065.0,200711.0,641207.0,5122981.0,4916597.0,1413400.0,1182070.0,263541.0,298399.0,479688.0,587844.0,691654.0,206384.0,787044.0,580660.0,6948631.0,5752744.0,360876.0,3766929.0,1195887.0,7001203.0,6027530.0
2003-12-01,7950409.0,2800969.0,1051514.0,404225.0,243794.0,275058.0,128437.0,1749454.0,612253.0,292929.0,203940.0,640333.0,5149440.0,4943365.0,1421862.0,1187846.0,268659.0,301740.0,477797.0,590485.0,694976.0,206076.0,790766.0,584690.0,6969953.0,5769885.0,368203.0,3785109.0,1200068.0,7025315.0,6045156.0
2004-01-01,8007115.0,2823418.0,1048091.0,400554.0,245286.0,272559.0,129692.0,1775327.0,620909.0,293335.0,218250.0,642834.0,5183697.0,4977005.0,1430419.0,1196307.0,266897.0,303886.0,482180.0,598695.0,698622.0,206692.0,794649.0,587957.0,7000510.0,5795264.0,385697.0,3811004.0,1205246.0,7073266.0,6066963.0
2004-02-01,8040409.0,2829981.0,1065168.0,406526.0,246944.0,279927.0,131771.0,1764814.0,617078.0,295405.0,217497.0,634834.0,5210428.0,5003578.0,1439398.0,1202486.0,268841.0,306730.0,484055.0,600362.0,701707.0,206850.0,797947.0,591098.0,7034719.0,5824515.0,388613.0,3829108.0,1210204.0,7100231.0,6094852.0
2004-03-01,8098806.0,2876302.0,1079429.0,410282.0,253547.0,282943.0,132658.0,1796873.0,623435.0,300962.0,220964.0,651512.0,5222504.0,5015085.0,1428869.0,1207169.0,268906.0,310617.0,491304.0,602819.0,705400.0,207419.0,800890.0,593471.0,7098958.0,5883629.0,376413.0,3851725.0,1215330.0,7151836.0,6152307.0
2004-04-01,8107245.0,2850905.0,1062792.0,397799.0,251385.0,281776.0,131832.0,1788113.0,625413.0,293035.0,214656.0,655009.0,5256340.0,5049046.0,1445604.0,1216523.0,268453.0,309655.0,490893.0,608624.0,709293.0,207294.0,806022.0,598728.0,7100747.0,5879571.0,381085.0,3868735.0,1221176.0,7157680.0,6151508.0
2004-05-01,8176470.0,2901546.0,1091514.0,423786.0,251276.0,284979.0,131473.0,1810033.0,628642.0,296799.0,226756.0,657836.0,5274924.0,5067183.0,1450216.0,1225689.0,268426.0,307590.0,493665.0,609321.0,712274.0,207741.0,811741.0,604000.0,7154564.0,5929257.0,393265.0,3883109.0,1225306.0,7220686.0,6199112.0
2004-06-01,8157607.0,2854483.0,1043611.0,375720.0,253434.0,283693.0,130764.0,1810872.0,629233.0,293711.0,232498.0,655431.0,5303124.0,5095020.0,1455246.0,1235738.0,269810.0,310750.0,494751.0,612205.0,716520.0,208103.0,818227.0,610124.0,7128671.0,5899174.0,399704.0,3906421.0,1229497.0,7197400.0,6168804.0
2004-07-01,8236938.0,2891956.0,1076890.0,400146.0,257322.0,287895.0,131527.0,1815066.0,631523.0,295715.0,228333.0,659495.0,5344982.0,5137126.0,1466104.0,1244301.0,272080.0,311233.0,501213.0,619842.0,722352.0,207856.0,823051.0,615195.0,7209361.0,5969869.0,396054.0,3937770.0,1239492.0,7267524.0,6240294.0
2004-08-01,8271607.0,2904117.0,1078970.0,405336.0,255561.0,286669.0,131404.0,1825147.0,634725.0,296155.0,231167.0,663100.0,5367490.0,5160959.0,1472901.0,1252014.0,272720.0,313175.0,499980.0,623545.0,726624.0,206530.0,826071.0,619541.0,7241702.0,5992011.0,395181.0,3953786.0,1249690.0,7294720.0,6265166.0
2004-09-01,8341461.0,2937944.0,1099277.0,423273.0,255778.0,287828.0,132398.0,1838667.0,640365.0,297633.0,232967.0,667703.0,5403517.0,5198587.0,1488715.0,1261141.0,271257.0,315161.0,506588.0,627733.0,727992.0,204930.0,830648.0,625718.0,7297302.0,6038865.0,403794.0,3974253.0,1258437.0,7359804.0,6316003.0
2004-10-01,8397056.0,2966644.0,1098623.0,418449.0,258547.0,288753.0,132873.0,1868021.0,643069.0,301370.0,252877.0,670705.0,5430412.0,5225887.0,1495940.0,1269321.0,274100.0,315113.0,508658.0,634341.0,728414.0,204524.0,835518.0,630994.0,7331282.0,6064715.0,422704.0,3994017.0,1266567.0,7409652.0,6344239.0
2004-11-01,8444456.0,2980563.0,1099920.0,419697.0,258993.0,287790.0,133440.0,1880644.0,646605.0,301355.0,261547.0,671137.0,5463893.0,5259198.0,1508143.0,1275420.0,275921.0,316892.0,509163.0,642175.0,731484.0,204695.0,839938.0,635243.0,7361923.0,6087691.0,435928.0,4015279.0,1274233.0,7450307.0,6368139.0
2004-12-01,8504351.0,3006392.0,1122607.0,430164.0,263653.0,293294.0,135497.0,1883785.0,650258.0,303081.0,255277.0,675168.0,5497959.0,5294134.0,1518036.0,1280368.0,276384.0,316941.0,516301.0,652135.0,733969.0,203825.0,843222.0,639397.0,7422543.0,6140143.0,431550.0,4039287.0,1282400.0,7506245.0,6424806.0
2005-01-01,8497691.0,2982504.0,1096441.0,404812.0,263465.0,292378.0,135786.0,1886064.0,653299.0,303660.0,251221.0,677884.0,5515187.0,5312843.0,1521797.0,1286485.0,277334.0,317501.0,515964.0,650885.0,742877.0,202344.0,844123.0,641779.0,7421889.0,6130892.0,422504.0,4052908.0,1290997.0,7494610.0,6419177.0
2005-02-01,8559081.0,3010399.0,1113238.0,408077.0,265202.0,300756.0,139204.0,1897160.0,655408.0,310098.0,255855.0,675799.0,5548682.0,5347746.0,1527870.0,1292164.0,276853.0,322850.0,523076.0,656885.0,748049.0,200936.0,845515.0,644580.0,7479423.0,6179522.0,424250.0,4080386.0,1299901.0,7545163.0,6465875.0
2005-03-01,8598432.0,3012938.0,1120213.0,414708.0,264765.0,303165.0,137575.0,1892725.0,656803.0,304393.0,258088.0,673442.0,5585494.0,5382838.0,1552492.0,1297024.0,278942.0,324623.0,521829.0,660194.0,747735.0,202656.0,848639.0,645983.0,7498787.0,6190823.0,442841.0,4092776.0,1307964.0,7581898.0,6482625.0
2005-04-01,8678413.0,3065185.0,1142769.0,425105.0,269860.0,308235.0,139569.0,1922417.0,664153.0,311550.0,268541.0,678173.0,5613227.0,5407377.0,1552546.0,1302476.0,280467.0,324063.0,528354.0,667067.0,752403.0,205850.0,853665.0,647815.0,7569348.0,6253246.0,444912.0,4120755.0,1316101.0,7655382.0,6546690.0
2005-05-01,8671645.0,3029735.0,1116405.0,407264.0,267276.0,303498.0,138367.0,1913330.0,661961.0,308746.0,254694.0,687929.0,5641910.0,5434352.0,1571373.0,1309511.0,281914.0,325763.0,529066.0,668077.0,748648.0,207558.0,859207.0,651649.0,7569487.0,6244038.0,440197.0,4130958.0,1325449.0,7646109.0,6544327.0
2005-06-01,8753379.0,3077321.0,1154581.0,433882.0,272022.0,308465.0,140211.0,1922740.0,666686.0,312969.0,252080.0,691005.0,5676058.0,5468067.0,1582992.0,1316394.0,283506.0,327196.0,533154.0,675022.0,749802.0,207990.0,863644.0,655653.0,7646540.0,6312446.0,440153.0,4153892.0,1334093.0,7720282.0,6613823.0
2005-07-01,8853777.0,3149503.0,1202173.0,485010.0,270220.0,307972.0,138971.0,1947330.0,666327.0,308286.0,279504.0,693212.0,5704275.0,5496716.0,1590322.0,1326788.0,285489.0,327198.0,534885.0,680431.0,751602.0,207559.0,869923.0,662364.0,7715993.0,6378909.0,471457.0,4175237.0,1337085.0,7815332.0,6677932.0
2005-08-01,8850108.0,3123898.0,1139504.0,415389.0,272632.0,309756.0,141728.0,1984394.0,670770.0,310921.0,306700.0,696003.0,5726210.0,5517208.0,1595446.0,1332798.0,284359.0,329623.0,536289.0,688159.0,750532.0,209002.0,874599.0,665597.0,7678442.0,6338860.0,500896.0,4192432.0,1339582.0,7806709.0,6635430.0
2005-09-01,8900382.0,3140132.0,1113763.0,389970.0,274798.0,307729.0,141267.0,2026369.0,675462.0,305487.0,349571.0,695849.0,5760250.0,5547815.0,1605612.0,1339929.0,288646.0,330359.0,538153.0,690456.0,754660.0,212435.0,881735.0,669300.0,7675037.0,6331899.0,549883.0,4216801.0,1343138.0,7853561.0,6628608.0
2005-10-01,8938497.0,3151371.0,1099645.0,363015.0,278578.0,312453.0,145598.0,2051727.0,680981.0,317208.0,341429.0,712108.0,5787125.0,5568584.0,1612425.0,1343031.0,287835.0,334822.0,541910.0,691907.0,756653.0,218541.0,887770.0,669229.0,7713073.0,6366491.0,544443.0,4237530.0,1346582.0,7880197.0,6655168.0
2005-11-01,8946242.0,3119738.0,1116398.0,380288.0,278560.0,312020.0,145531.0,2003340.0,682274.0,316849.0,294260.0,709958.0,5826504.0,5603922.0,1620607.0,1348129.0,290520.0,337623.0,550292.0,694371.0,762379.0,222583.0,894087.0,671504.0,7763711.0,6412459.0,500257.0,4269256.0,1351251.0,7876726.0,6694594.0
2005-12-01,8981147.0,3132349.0,1128192.0,391931.0,277904.0,310386.0,147971.0,2004156.0,684469.0,315946.0,293296.0,710445.0,5848799.0,5623042.0,1627774.0,1351667.0,290747.0,335865.0,550618.0,698682.0,767688.0,225756.0,898559.0,672803.0,7794823.0,6439303.0,501855.0,4284720.0,1355520.0,7905879.0,6719961.0
2006-01-01,9071617.0,3209683.0,1167871.0,401708.0,286742.0,329399.0,150022.0,2041813.0,684928.0,318377.0,309280.0,729228.0,5861934.0,5632814.0,1603161.0,1356297.0,292010.0,342915.0,565088.0,703219.0,770124.0,229120.0,904621.0,675501.0,7899466.0,6538200.0,487224.0,4322724.0,1361266.0,7982473.0,6810749.0
2006-02-01,9095989.0,3191420.0,1143512.0,383328.0,285237.0,322791.0,152156.0,2047908.0,691877.0,317025.0,305014.0,733992.0,5904569.0,5672716.0,1635667.0,1361982.0,292851.0,341461.0,557894.0,706285.0,776576.0,231853.0,910270.0,678417.0,7895076.0,6527767.0,509035.0,4333238.0,1367309.0,8002945.0,6802472.0
2006-03-01,9132854.0,3189425.0,1151003.0,391719.0,285641.0,322335.0,151307.0,2038422.0,689719.0,316818.0,298772.0,733113.0,5943429.0,5708743.0,1645544.0,1368383.0,292869.0,343244.0,562352.0,710369.0,785982.0,234686.0,915868.0,681182.0,7937461.0,6563459.0,505673.0,4362525.0,1374002.0,8027586.0,6832642.0
2006-04-01,9191586.0,3223117.0,1151044.0,392827.0,283519.0,324250.0,150449.0,2072072.0,692835.0,320545.0,324935.0,733758.0,5968469.0,5731038.0,1642390.0,1375716.0,295057.0,346313.0,563501.0,714994.0,793066.0,237431.0,921593.0,684162.0,7977515.0,6596551.0,521236.0,4391204.0,1380964.0,8076147.0,6862533.0
2006-05-01,9231759.0,3223309.0,1147192.0,390882.0,280729.0,322833.0,152748.0,2076117.0,697154.0,316072.0,328504.0,734387.0,6008450.0,5768766.0,1661832.0,1381654.0,296130.0,347768.0,564286.0,720136.0,796959.0,239684.0,926177.0,686492.0,7998520.0,6609703.0,536085.0,4412053.0,1388817.0,8109930.0,6877155.0
2006-06-01,9259602.0,3231852.0,1149511.0,393359.0,282240.0,321582.0,152330.0,2082341.0,696835.0,318466.0,329241.0,737800.0,6027750.0,5786091.0,1664085.0,1389746.0,297287.0,347855.0,564675.0,719035.0,803407.0,241658.0,932330.0,690672.0,8032124.0,6635143.0,530643.0,4429366.0,1396982.0,8133852.0,6906845.0
2006-07-01,9343801.0,3285521.0,1168697.0,412021.0,282543.0,322215.0,151917.0,2116824.0,699727.0,318943.0,361021.0,737133.0,6058280.0,5814913.0,1687021.0,1395007.0,298541.0,349985.0,564909.0,713650.0,805800.0,243367.0,936962.0,693595.0,8065941.0,6661796.0,578133.0,4437024.0,1404145.0,8216209.0,6938825.0
2006-08-01,9342154.0,3268978.0,1145990.0,387399.0,283817.0,321793.0,152981.0,2122987.0,703380.0,317491.0,362134.0,739983.0,6073176.0,5829156.0,1681229.0,1401864.0,296475.0,352542.0,571554.0,717709.0,807781.0,244020.0,941788.0,697768.0,8072165.0,6661269.0,566608.0,4457806.0,1410896.0,8210426.0,6940917.0
2006-09-01,9375362.0,3265813.0,1166911.0,396336.0,283992.0,330681.0,155901.0,2098902.0,702119.0,325439.0,324445.0,746899.0,6109549.0,5866257.0,1688079.0,1407567.0,299421.0,354564.0,577745.0,724684.0,814196.0,243293.0,944143.0,700850.0,8144130.0,6726776.0,529114.0,4487526.0,1417354.0,8239008.0,7008256.0
2006-10-01,9393623.0,3251407.0,1168329.0,400519.0,283498.0,329579.0,154733.0,2083079.0,712468.0,324725.0,294350.0,751536.0,6142216.0,5901207.0,1696934.0,1415266.0,299879.0,357338.0,578728.0,730822.0,822240.0,241009.0,946495.0,705486.0,8180589.0,6756069.0,500566.0,4511480.0,1424520.0,8253199.0,7040650.0
2006-11-01,9400206.0,3236410.0,1164389.0,393624.0,281663.0,331965.0,157136.0,2072021.0,712369.0,318760.0,287633.0,753260.0,6163797.0,5922470.0,1693334.0,1421644.0,301351.0,365162.0,582005.0,734213.0,824760.0,241326.0,950824.0,709498.0,8203909.0,6773193.0,483928.0,4536785.0,1430716.0,8251452.0,7055635.0
2006-12-01,9488275.0,3298930.0,1175549.0,395668.0,283550.0,336414.0,159918.0,2123381.0,719713.0,327614.0,310469.0,765585.0,6189344.0,5946580.0,1689307.0,1427572.0,302805.0,366190.0,594462.0,739246.0,826997.0,242765.0,955638.0,712873.0,8272483.0,6835291.0,496078.0,4566543.0,1437192.0,8337206.0,7121889.0
2007-01-01,9538721.0,3299695.0,1183471.0,400746.0,287247.0,336689.0,158789.0,2116224.0,722608.0,327258.0,301957.0,764401.0,6239026.0,5993314.0,1717463.0,1443833.0,303085.0,365970.0,588296.0,741339.0,833329.0,245711.0,963416.0,717704.0,8306605.0,6863573.0,509508.0,4588443.0,1443032.0,8384097.0,7152437.0
2007-02-01,9565960.0,3296018.0,1175128.0,402150.0,284304.0,328982.0,159692.0,2120890.0,725603.0,321267.0,310856.0,763164.0,6269942.0,6024044.0,1736802.0,1449082.0,304954.0,366387.0,584693.0,744677.0,837449.0,245899.0,967112.0,721214.0,8309360.0,6859750.0,530997.0,4600192.0,1449610.0,8411795.0,7155635.0
2007-03-01,9611732.0,3328661.0,1178468.0,397455.0,286130.0,333523.0,161360.0,2150193.0,728465.0,329146.0,323001.0,769581.0,6283071.0,6037367.0,1725796.0,1455022.0,306458.0,371341.0,592822.0,745764.0,840165.0,245704.0,971946.0,726242.0,8357664.0,6901720.0,525603.0,4624525.0,1455945.0,8453315.0,7199673.0
2007-04-01,9643571.0,3332243.0,1181229.0,401138.0,284057.0,333837.0,162197.0,2151015.0,727452.0,320677.0,336754.0,766130.0,6311327.0,6068440.0,1753807.0,1458886.0,304199.0,369989.0,592674.0,746639.0,842245.0,242887.0,971521.0,728634.0,8354388.0,6892925.0,561730.0,4624889.0,1461463.0,8485708.0,7196940.0
2007-05-01,9685806.0,3368001.0,1197690.0,409330.0,285232.0,339065.0,164064.0,2170311.0,731660.0,325448.0,343974.0,769229.0,6317805.0,6075908.0,1737442.0,1463863.0,306226.0,374938.0,596983.0,752571.0,843886.0,241896.0,972999.0,731103.0,8407053.0,6940215.0,547094.0,4647848.0,1466837.0,8520797.0,7242447.0
2007-06-01,9706762.0,3355156.0,1178158.0,392002.0,282584.0,337619.0,165953.0,2176997.0,736229.0,322558.0,344089.0,774121.0,6351607.0,6108681.0,1751105.0,1470829.0,305890.0,373743.0,601054.0,760547.0,845514.0,242925.0,976048.0,733123.0,8416530.0,6943000.0,554002.0,4668163.0,1473530.0,8535882.0,7246045.0
2007-07-01,9751141.0,3375468.0,1180663.0,388888.0,284026.0,341322.0,166428.0,2194806.0,741176.0,323834.0,353508.0,776287.0,6375673.0,6129922.0,1754231.0,1478407.0,306533.0,377768.0,601220.0,766645.0,845119.0,245750.0,980915.0,735164.0,8451192.0,6970288.0,558773.0,4689504.0,1480904.0,8569554.0,7269994.0
2007-08-01,9798937.0,3366928.0,1192359.0,398511.0,283679.0,343686.0,166483.0,2174569.0,738243.0,322184.0,337468.0,776674.0,6432009.0,6183417.0,1777874.0,1488335.0,308759.0,377460.0,605920.0,776799.0,848270.0,248592.0,987236.0,738645.0,8503055.0,7013607.0,557638.0,4722391.0,1489448.0,8611294.0,7315797.0
2007-09-01,9845072.0,3397634.0,1202554.0,410353.0,281790.0,341711.0,168701.0,2195079.0,742185.0,321113.0,356547.0,775234.0,6447439.0,6195439.0,1779182.0,1497152.0,309780.0,378825.0,606980.0,773181.0,850339.0,252000.0,992607.0,740607.0,8534287.0,7035686.0,568600.0,4736785.0,1498602.0,8651259.0,7340856.0
2007-10-01,9882702.0,3405960.0,1209026.0,415406.0,280894.0,344912.0,167814.0,2196934.0,745143.0,321227.0,354592.0,775973.0,6476742.0,6221266.0,1776618.0,1505176.0,312794.0,382376.0,612485.0,778571.0,853245.0,255476.0,999358.0,743883.0,8583223.0,7075053.0,554337.0,4768827.0,1508170.0,8683096.0,7383998.0
2007-11-01,9955924.0,3442720.0,1197743.0,399808.0,282331.0,346152.0,169453.0,2244977.0,752038.0,324283.0,385797.0,782859.0,6513205.0,6254788.0,1801253.0,1508081.0,313252.0,381276.0,612963.0,784444.0,853518.0,258417.0,1004651.0,746234.0,8605161.0,7085995.0,598725.0,4781110.0,1519167.0,8757180.0,7406799.0
2007-12-01,9972793.0,3435882.0,1180027.0,391090.0,279218.0,342780.0,166939.0,2255855.0,757181.0,322695.0,398015.0,777965.0,6536911.0,6276806.0,1803104.0,1519842.0,308711.0,387054.0,621888.0,781165.0,855042.0,260104.0,1009885.0,749781.0,8613904.0,7084123.0,601708.0,4803436.0,1529782.0,8769696.0,7411193.0
2008-01-01,9996400.0,3421004.0,1168423.0,385773.0,278528.0,337288.0,166835.0,2252581.0,756998.0,322216.0,391639.0,781728.0,6575396.0,6311425.0,1817590.0,1528838.0,316863.0,386138.0,616072.0,786800.0,859124.0,263971.0,1017508.0,753537.0,8640462.0,7100429.0,598940.0,4828062.0,1540033.0,8787570.0,7432022.0
2008-02-01,9981672.0,3386785.0,1148417.0,376844.0,272571.0,334906.0,164096.0,2238367.0,755801.0,318991.0,384808.0,778767.0,6594887.0,6326472.0,1840756.0,1535937.0,311016.0,385546.0,608551.0,784303.0,860363.0,268415.0,1024508.0,756093.0,8619986.0,7071049.0,605885.0,4824873.0,1548937.0,8770467.0,7409175.0
2008-03-01,10035263.0,3411314.0,1143685.0,371516.0,271896.0,333844.0,166430.0,2267629.0,759185.0,317686.0,410462.0,780296.0,6623949.0,6349552.0,1846900.0,1541257.0,311219.0,386225.0,615426.0,784127.0,864397.0,274397.0,1031777.0,757380.0,8647274.0,7089887.0,628804.0,4848220.0,1557387.0,8817167.0,7429574.0
2008-04-01,10070270.0,3415266.0,1139073.0,363934.0,272797.0,336843.0,165499.0,2276193.0,767732.0,323087.0,398837.0,786537.0,6655003.0,6376777.0,1857134.0,1544249.0,312108.0,388824.0,617960.0,784013.0,872488.0,278226.0,1034920.0,756694.0,8683522.0,7118134.0,619015.0,4869437.0,1565388.0,8842438.0,7456089.0
2008-05-01,10132271.0,3444367.0,1143721.0,361934.0,272313.0,342977.0,166497.0,2300646.0,771155.0,325500.0,413023.0,790968.0,6687904.0,6404804.0,1867845.0,1548487.0,316678.0,391644.0,622243.0,785561.0,872346.0,283100.0,1040799.0,757699.0,8723267.0,7152098.0,637849.0,4891909.0,1571169.0,8903782.0,7495175.0
2008-06-01,10187065.0,3470964.0,1130393.0,355676.0,270627.0,337949.0,166142.0,2340571.0,773222.0,326114.0,451600.0,789635.0,6716101.0,6428618.0,1881865.0,1551508.0,318409.0,393916.0,623640.0,786788.0,872492.0,287483.0,1046202.0,758719.0,8730705.0,7152443.0,683138.0,4906301.0,1578262.0,8954546.0,7498584.0
2008-07-01,10185092.0,3456241.0,1099969.0,326982.0,268430.0,337345.0,167212.0,2356272.0,776085.0,324814.0,460497.0,794876.0,6728851.0,6438576.0,1887181.0,1557602.0,316704.0,394312.0,623508.0,785228.0,874040.0,290275.0,1051871.0,761595.0,8717037.0,7133365.0,691970.0,4913706.0,1583672.0,8952321.0,7484662.0
2008-08-01,10175729.0,3451170.0,1114325.0,352394.0,263507.0,332440.0,165984.0,2336845.0,776924.0,322679.0,444013.0,793229.0,6724559.0,6430890.0,1880062.0,1561988.0,315674.0,391936.0,625755.0,778800.0,876675.0,293669.0,1056936.0,763267.0,8735616.0,7147403.0,663189.0,4917170.0,1588213.0,8940252.0,7500532.0
2008-09-01,10116413.0,3376310.0,1073161.0,338050.0,255229.0,320506.0,159377.0,2303149.0,772809.0,309882.0,432058.0,788400.0,6740103.0,6442290.0,1888196.0,1566932.0,312825.0,389213.0,623350.0,786801.0,874973.0,297814.0,1061978.0,764164.0,8689402.0,7096405.0,654203.0,4924962.0,1592997.0,8882751.0,7456128.0
2008-10-01,10034123.0,3289512.0,1026614.0,302565.0,252653.0,312668.0,158729.0,2262898.0,773111.0,305500.0,396982.0,787305.0,6744611.0,6442028.0,1896401.0,1570161.0,309879.0,388741.0,623196.0,776399.0,877251.0,302583.0,1064911.0,762328.0,8637704.0,7041774.0,623308.0,4922355.0,1595930.0,8799400.0,7403364.0
2008-11-01,9885231.0,3155439.0,1002393.0,289159.0,248468.0,308113.0,156653.0,2153046.0,775055.0,308576.0,282406.0,787008.0,6729792.0,6425021.0,1905617.0,1575211.0,303835.0,387136.0,621590.0,751553.0,880079.0,304771.0,1067263.0,762493.0,8596138.0,6996657.0,514037.0,4898680.0,1599481.0,8660220.0,7371504.0
2008-12-01,9801472.0,3080279.0,994952.0,295220.0,245167.0,301855.0,152709.0,2085327.0,770948.0,303426.0,226741.0,784212.0,6721193.0,6418390.0,1903022.0,1581984.0,307059.0,385201.0,620534.0,739097.0,881491.0,302804.0,1069560.0,766756.0,8574585.0,6975119.0,455938.0,4892530.0,1599466.0,8585788.0,7359270.0
2009-01-01,9847249.0,3133282.0,1023016.0,309372.0,245590.0,311335.0,156719.0,2110266.0,779308.0,307146.0,235365.0,788448.0,6713967.0,6417213.0,1904655.0,1592330.0,304171.0,389763.0,618998.0,728187.0,879110.0,296754.0,1069480.0,772726.0,8602322.0,7001665.0,465619.0,4883056.0,1600657.0,8644071.0,7399504.0
2009-02-01,9824478.0,3136380.0,1006177.0,298049.0,243881.0,306834.0,157413.0,2130203.0,770696.0,308858.0,256556.0,794093.0,6688098.0,6396156.0,1888186.0,1600415.0,299926.0,388656.0,616884.0,724454.0,877634.0,291943.0,1071268.0,779325.0,8583336.0,6982331.0,470446.0,4873203.0,1601005.0,8635905.0,7395116.0
2009-03-01,9773181.0,3090420.0,984245.0,298807.0,237895.0,294809.0,152734.0,2106174.0,769841.0,297520.0,241945.0,796868.0,6682761.0,6394161.0,1904711.0,1607494.0,294986.0,383869.0,608560.0,720344.0,874197.0,288600.0,1072970.0,784369.0,8533050.0,6930011.0,470290.0,4851378.0,1603039.0,8597559.0,7357774.0
2009-04-01,9772523.0,3098385.0,978767.0,291723.0,237980.0,293367.0,155698.0,2119618.0,770502.0,300632.0,243206.0,805277.0,6674138.0,6388890.0,1894782.0,1617922.0,295466.0,383732.0,612653.0,716512.0,867823.0,285248.0,1076860.0,791612.0,8542388.0,6937751.0,459633.0,4853074.0,1604637.0,8606127.0,7376333.0
2009-05-01,9791553.0,3130579.0,998925.0,309580.0,238946.0,293144.0,157256.0,2131654.0,772486.0,303557.0,253141.0,802470.0,6660975.0,6377688.0,1889765.0,1627945.0,292331.0,382434.0,611585.0,716516.0,857111.0,283287.0,1080886.0,797599.0,8557189.0,6950310.0,461878.0,4845358.0,1606879.0,8637661.0,7403635.0
2009-06-01,9852431.0,3174460.0,1006408.0,316963.0,237652.0,294212.0,157581.0,2168052.0,770292.0,299518.0,299027.0,799215.0,6677970.0,6395376.0,1891734.0,1636692.0,290912.0,385406.0,609479.0,717491.0,863662.0,282595.0,1085771.0,803176.0,8573414.0,6965899.0,508725.0,4860758.0,1607515.0,8693660.0,7414980.0
2009-07-01,9886264.0,3195838.0,1020810.0,333747.0,236865.0,293645.0,156552.0,2175028.0,769849.0,302646.0,297472.0,805061.0,6690426.0,6406528.0,1885482.0,1643500.0,295192.0,387569.0,611341.0,715392.0,868051.0,283898.0,1091100.0,807202.0,8617593.0,7008472.0,498822.0,4879955.0,1609121.0,8726322.0,7457988.0
2009-08-01,10004129.0,3286931.0,1089064.0,397643.0,236778.0,295812.0,158831.0,2197867.0,770040.0,306377.0,314761.0,806690.0,6717198.0,6431610.0,1899037.0,1648461.0,296163.0,390587.0,611971.0,714977.0,870415.0,285588.0,1095746.0,810158.0,8708421.0,7095918.0,525668.0,4893787.0,1612503.0,8844115.0,7548744.0
2009-09-01,9927825.0,3202661.0,995438.0,301929.0,236528.0,297262.0,159719.0,2207223.0,774053.0,304975.0,314406.0,813789.0,6725164.0,6436686.0,1900325.0,1651426.0,296921.0,392278.0,609049.0,714585.0,872100.0,288478.0,1099362.0,810884.0,8628867.0,7015131.0,524904.0,4900929.0,1613737.0,8763430.0,7464813.0
2009-10-01,9976733.0,3222420.0,1003587.0,315241.0,235711.0,293546.0,159089.0,2218833.0,775265.0,308042.0,322373.0,813153.0,6754313.0,6461312.0,1913372.0,1654892.0,298478.0,390620.0,610648.0,724074.0,869229.0,293000.0,1103886.0,810886.0,8659049.0,7042551.0,542419.0,4917769.0,1616497.0,8805195.0,7487855.0
2009-11-01,9985676.0,3237118.0,1017432.0,323120.0,235569.0,298199.0,160543.0,2219686.0,772497.0,304401.0,333469.0,809319.0,6748558.0,6453566.0,1896350.0,1656026.0,300120.0,393590.0,614412.0,724510.0,868558.0,294992.0,1105767.0,810774.0,8679150.0,7060380.0,534029.0,4929228.0,1618770.0,8804117.0,7497940.0
2009-12-01,10052579.0,3251794.0,1021585.0,326822.0,235907.0,298033.0,160824.0,2230209.0,780326.0,304841.0,332608.0,812434.0,6800785.0,6505003.0,1931714.0,1655739.0,303676.0,392288.0,616678.0,729103.0,875804.0,295782.0,1106375.0,810593.0,8707875.0,7084906.0,564378.0,4946046.0,1622969.0,8865092.0,7520744.0
2010-01-01,10056058.0,3247580.0,1006105.0,310798.0,237111.0,296485.0,161711.0,2241474.0,777271.0,310154.0,339262.0,814788.0,6808478.0,6512801.0,1927556.0,1658552.0,304417.0,392529.0,615955.0,740141.0,873652.0,295677.0,1107564.0,811887.0,8716104.0,7088910.0,562684.0,4957864.0,1627194.0,8865516.0,7525927.0
2010-02-01,10093426.0,3251760.0,1005196.0,306995.0,238472.0,297442.0,162287.0,2246564.0,791624.0,311131.0,326808.0,817002.0,6841666.0,6545950.0,1933045.0,1662126.0,301159.0,395220.0,625227.0,748211.0,880962.0,295716.0,1109160.0,813445.0,8750750.0,7119119.0,551052.0,4985790.0,1631631.0,8885191.0,7542888.0
2010-03-01,10155982.0,3299120.0,1051952.0,347553.0,243194.0,297918.0,163287.0,2247168.0,784553.0,316785.0,323227.0,822603.0,6856862.0,6560386.0,1923922.0,1669276.0,303829.0,397796.0,627574.0,755144.0,882844.0,296477.0,1113230.0,816753.0,8837144.0,7201842.0,534286.0,5010501.0,1635302.0,8940272.0,7621812.0
2010-04-01,10182287.0,3302988.0,1045963.0,339178.0,244304.0,299060.0,163421.0,2257025.0,785699.0,317013.0,328899.0,825414.0,6879299.0,6581845.0,1922462.0,1677178.0,302388.0,402843.0,632226.0,762363.0,882385.0,297454.0,1117117.0,819663.0,8863091.0,7223540.0,533497.0,5035150.0,1639551.0,8960354.0,7641541.0
2010-05-01,10210816.0,3282913.0,1041659.0,339928.0,242220.0,296895.0,162616.0,2241254.0,783664.0,314348.0,321684.0,821558.0,6927903.0,6630095.0,1944986.0,1685929.0,301822.0,402968.0,633131.0,772358.0,888900.0,297808.0,1122466.0,824658.0,8883674.0,7239256.0,543478.0,5061691.0,1644418.0,8979987.0,7653232.0
2010-06-01,10231332.0,3287802.0,1044083.0,341152.0,240420.0,300000.0,162510.0,2243719.0,780703.0,314565.0,317691.0,830761.0,6943530.0,6646618.0,1952229.0,1698184.0,302396.0,404336.0,635076.0,766535.0,887860.0,296912.0,1127914.0,831001.0,8909032.0,7259580.0,541597.0,5070172.0,1649451.0,9001915.0,7680006.0
2010-07-01,10268126.0,3293662.0,1047471.0,345840.0,239654.0,297106.0,164872.0,2246191.0,780927.0,313486.0,324339.0,827439.0,6974464.0,6678927.0,1957487.0,1711212.0,303143.0,409041.0,637019.0,766583.0,894443.0,295538.0,1135079.0,839541.0,8936501.0,7284220.0,550698.0,5095824.0,1652281.0,9028281.0,7697048.0
2010-08-01,10307070.0,3315914.0,1053708.0,350646.0,240393.0,297491.0,165178.0,2262206.0,785464.0,316681.0,328263.0,831799.0,6991156.0,6696928.0,1959074.0,1720682.0,304024.0,409412.0,641796.0,769753.0,892185.0,294229.0,1140117.0,845888.0,8967204.0,7313078.0,554402.0,5110891.0,1654126.0,9067482.0,7728010.0
2010-09-01,10327066.0,3335781.0,1056089.0,350061.0,240340.0,300191.0,165498.0,2279692.0,789636.0,316879.0,337061.0,836116.0,6991284.0,6699559.0,1952637.0,1725084.0,306087.0,408116.0,642521.0,772978.0,892136.0,291725.0,1140949.0,849224.0,8983466.0,7326629.0,553964.0,5117545.0,1656837.0,9085135.0,7741929.0
2010-10-01,10386366.0,3377069.0,1079167.0,368799.0,240194.0,300843.0,169332.0,2297902.0,789018.0,319291.0,352100.0,837492.0,7009297.0,6719619.0,1953878.0,1725713.0,310151.0,409833.0,645360.0,782284.0,892400.0,289678.0,1140762.0,851084.0,9029178.0,7370217.0,568170.0,5134266.0,1658961.0,9133908.0,7777112.0
2010-11-01,10433573.0,3400851.0,1077451.0,364107.0,242459.0,300531.0,170355.0,2323400.0,797616.0,325949.0,358359.0,841476.0,7032722.0,6742685.0,1965001.0,1727965.0,310838.0,409298.0,647829.0,789395.0,892359.0,290037.0,1142461.0,852424.0,9053961.0,7391755.0,581996.0,5146879.0,1662206.0,9178183.0,7798961.0
2010-12-01,10470972.0,3418457.0,1078706.0,368539.0,242330.0,299385.0,168452.0,2339751.0,796220.0,323053.0,382918.0,837560.0,7052515.0,6760506.0,1983091.0,1732807.0,311586.0,403523.0,644335.0,790099.0,895067.0,292008.0,1146352.0,854343.0,9053130.0,7388286.0,621622.0,5148967.0,1664844.0,9214576.0,7797121.0
2011-01-01,10514256.0,3450412.0,1084970.0,369103.0,241406.0,302717.0,171744.0,2365443.0,803303.0,325090.0,384081.0,852969.0,7063843.0,6767648.0,1970859.0,1735928.0,313034.0,402110.0,645917.0,793518.0,906282.0,296196.0,1150560.0,854364.0,9103633.0,7436054.0,607320.0,5173025.0,1667579.0,9245631.0,7835391.0
2011-02-01,10540610.0,3457232.0,1083768.0,365053.0,242916.0,303548.0,172250.0,2373464.0,807850.0,327666.0,389417.0,848531.0,7083378.0,6785152.0,1958399.0,1742280.0,315523.0,404029.0,657272.0,798491.0,909158.0,298225.0,1153708.0,855483.0,9136093.0,7465496.0,596666.0,5205531.0,1670598.0,9266888.0,7862750.0
2011-03-01,10619719.0,3499460.0,1095045.0,369956.0,246866.0,303885.0,174338.0,2404416.0,809253.0,328685.0,411617.0,854861.0,7120259.0,6818686.0,1970695.0,1746222.0,321105.0,406233.0,660694.0,802169.0,911567.0,301573.0,1159123.0,857550.0,9181695.0,7508839.0,628771.0,5230248.0,1672856.0,9336965.0,7899316.0
2011-04-01,10652081.0,3521256.0,1090891.0,361525.0,246841.0,305045.0,177479.0,2430365.0,818626.0,330016.0,425155.0,856569.0,7130824.0,6827194.0,1968095.0,1750637.0,323732.0,407180.0,659495.0,806855.0,911200.0,303630.0,1165335.0,861705.0,9195707.0,7520802.0,637748.0,5243326.0,1674905.0,9367364.0,7911362.0
2011-05-01,10672199.0,3506317.0,1081244.0,356434.0,245386.0,304149.0,175275.0,2425073.0,813520.0,330274.0,425693.0,855585.0,7165882.0,6857501.0,1978490.0,1755194.0,329303.0,409564.0,666103.0,807944.0,910903.0,308381.0,1172963.0,864582.0,9212670.0,7535256.0,646009.0,5268153.0,1677414.0,9381302.0,7922142.0
2011-06-01,10694775.0,3515798.0,1076574.0,348436.0,246656.0,305474.0,176009.0,2439224.0,820457.0,334890.0,419583.0,864294.0,7178977.0,6864294.0,1980078.0,1754510.0,329303.0,412210.0,670018.0,809067.0,909108.0,314682.0,1175869.0,861186.0,9236282.0,7555797.0,638036.0,5280039.0,1680485.0,9393999.0,7935873.0
2011-07-01,10731621.0,3516223.0,1085711.0,355429.0,246901.0,306502.0,176880.0,2430512.0,822161.0,332681.0,418559.0,857110.0,7215397.0,6892285.0,1998800.0,1753240.0,331676.0,412638.0,672051.0,815741.0,908139.0,323112.0,1178389.0,855276.0,9257956.0,7573856.0,651504.0,5298353.0,1684100.0,9419403.0,7946103.0
2011-08-01,10750276.0,3519064.0,1085234.0,351707.0,247207.0,307341.0,178979.0,2433830.0,825738.0,330130.0,417327.0,860635.0,7231211.0,6905005.0,1994039.0,1753411.0,331492.0,411759.0,675568.0,831093.0,907644.0,326206.0,1178508.0,852301.0,9283062.0,7595151.0,641476.0,5319153.0,1687911.0,9435176.0,7968325.0
2011-09-01,10783189.0,3548037.0,1101321.0,370752.0,248331.0,303274.0,178963.0,2446716.0,826003.0,337027.0,424827.0,858859.0,7235152.0,6910531.0,1992685.0,1759635.0,336707.0,413193.0,681210.0,818539.0,908560.0,324621.0,1181080.0,856459.0,9312406.0,7622095.0,644780.0,5324889.0,1690311.0,9469131.0,7998710.0
2011-10-01,10802881.0,3561288.0,1114375.0,376737.0,248690.0,311108.0,177841.0,2446913.0,829846.0,335750.0,417183.0,864133.0,7241593.0,6924038.0,2001946.0,1767583.0,336144.0,409298.0,682051.0,814252.0,912765.0,317555.0,1182098.0,864543.0,9329852.0,7636042.0,643182.0,5321783.0,1693810.0,9497300.0,8024632.0
2011-11-01,10806828.0,3562599.0,1107908.0,375015.0,249914.0,306390.0,176590.0,2454691.0,831103.0,338916.0,419913.0,864760.0,7244229.0,6929797.0,1993278.0,1777801.0,337041.0,410006.0,683544.0,813834.0,914293.0,314432.0,1188256.0,873824.0,9341174.0,7644706.0,634551.0,5333122.0,1696468.0,9499824.0,8034531.0
2011-12-01,10817849.0,3559763.0,1114944.0,381994.0,251227.0,304800.0,176922.0,2444818.0,826647.0,339901.0,412256.0,866013.0,7258087.0,6944430.0,1991962.0,1789314.0,335288.0,409959.0,679653.0,821268.0,916987.0,313656.0,1196341.0,882685.0,9369217.0,7669488.0,621985.0,5348629.0,1699729.0,9504625.0,8056353.0
2012-01-01,10896780.0,3600401.0,1130410.0,387583.0,254302.0,308392.0,180133.0,2469991.0,836689.0,341095.0,414541.0,877666.0,7296379.0,6977245.0,1980638.0,1803368.0,333248.0,418276.0,689435.0,829512.0,922768.0,319134.0,1211847.0,892713.0,9450658.0,7747919.0,609433.0,5398748.0,1702739.0,9562042.0,8116282.0
2012-02-01,10987216.0,3647226.0,1145883.0,397356.0,255523.0,310393.0,182612.0,2501343.0,837895.0,347128.0,433508.0,882811.0,7339990.0,7015179.0,1990676.0,1812793.0,333229.0,420350.0,691936.0,839509.0,926686.0,324811.0,1221594.0,896782.0,9514028.0,7808673.0,635292.0,5432850.0,1705356.0,9641233.0,8168408.0
2012-03-01,10993908.0,3638523.0,1137986.0,387600.0,255654.0,314335.0,180397.0,2500537.0,842812.0,346986.0,429283.0,881456.0,7355385.0,7023439.0,1981521.0,1817351.0,336680.0,421984.0,694621.0,839007.0,932274.0,331946.0,1226331.0,894384.0,9533198.0,7824183.0,617898.0,5457755.0,1709015.0,9640941.0,8180595.0
2012-04-01,11018538.0,3638043.0,1137353.0,396948.0,251796.0,309395.0,179214.0,2500691.0,845099.0,341268.0,431433.0,882891.0,7380495.0,7042466.0,2007244.0,1814551.0,341407.0,424188.0,701185.0,830525.0,923365.0,338029.0,1222136.0,884107.0,9532277.0,7819061.0,641163.0,5457549.0,1713216.0,9676017.0,8190123.0
2012-05-01,11006796.0,3620008.0,1133433.0,388694.0,253256.0,310310.0,181174.0,2486575.0,845548.0,342226.0,419568.0,879233.0,7386788.0,7045382.0,2011942.0,1813234.0,344739.0,427614.0,699884.0,826135.0,921833.0,341406.0,1222327.0,880921.0,9530037.0,7814046.0,631211.0,5459154.0,1715991.0,9666914.0,8190526.0
2012-06-01,10989830.0,3591077.0,1129884.0,387451.0,251615.0,310088.0,180730.0,2461193.0,845551.0,343981.0,399899.0,871762.0,7398753.0,7056297.0,2013059.0,1814677.0,344890.0,433430.0,704063.0,824317.0,921860.0,342457.0,1228775.0,886318.0,9534406.0,7815904.0,609873.0,5470277.0,1718502.0,9642369.0,8187321.0
2012-07-01,11016846.0,3595005.0,1134694.0,388204.0,253106.0,311648.0,181736.0,2460311.0,848081.0,344790.0,386644.0,880796.0,7421841.0,7081900.0,2034210.0,1818811.0,341966.0,434370.0,706487.0,826156.0,919901.0,339941.0,1239321.0,899380.0,9554869.0,7832572.0,613896.0,5472292.0,1722298.0,9664266.0,8202671.0
2012-08-01,11056012.0,3636924.0,1138425.0,392218.0,252567.0,312172.0,181467.0,2498499.0,845816.0,345901.0,431326.0,875456.0,7419088.0,7078232.0,2022689.0,1823261.0,342300.0,430283.0,707355.0,827956.0,924389.0,340855.0,1246886.0,906031.0,9568155.0,7841386.0,642040.0,5481605.0,1726769.0,9695329.0,8207861.0
2012-09-01,11105323.0,3663490.0,1151901.0,403705.0,253274.0,311419.0,183504.0,2511589.0,848204.0,347868.0,436250.0,879267.0,7441833.0,7095816.0,2026846.0,1828105.0,341860.0,435518.0,712129.0,827890.0,923466.0,346017.0,1251700.0,905683.0,9611034.0,7879314.0,646084.0,5500278.0,1731721.0,9743221.0,8249329.0
2012-10-01,11137427.0,3665563.0,1141196.0,399700.0,250881.0,310234.0,180381.0,2524368.0,853122.0,345851.0,449346.0,876050.0,7471864.0,7116117.0,2034601.0,1834145.0,342014.0,439217.0,711563.0,828772.0,925805.0,355747.0,1254894.0,899147.0,9622784.0,7885914.0,661522.0,5522818.0,1736870.0,9770266.0,8256027.0
2012-11-01,11178433.0,3679302.0,1169377.0,416625.0,255781.0,314598.0,182372.0,2509925.0,852252.0,347452.0,425454.0,884768.0,7499131.0,7138543.0,2038821.0,1836672.0,343905.0,440982.0,717977.0,833199.0,926989.0,360588.0,1257060.0,896472.0,9688932.0,7947805.0,637250.0,5546209.0,1741126.0,9806023.0,8316935.0
2012-12-01,11181248.0,3677308.0,1180110.0,413211.0,259500.0,318873.0,188526.0,2497198.0,853307.0,348089.0,405964.0,889838.0,7503940.0,7146317.0,2034627.0,1838550.0,346365.0,443021.0,722498.0,838106.0,923150.0,357624.0,1255285.0,897661.0,9718968.0,7973501.0,608974.0,5555464.0,1745467.0,9807735.0,8345878.0
2013-01-01,11252374.0,3736540.0,1193119.0,422092.0,260220.0,324681.0,186126.0,2543421.0,856964.0,356727.0,426748.0,902981.0,7515834.0,7168493.0,2048002.0,1836440.0,350021.0,442864.0,729883.0,844340.0,916942.0,347341.0,1252794.0,905452.0,9758391.0,8007029.0,637018.0,5554202.0,1751362.0,9887554.0,8394006.0
2013-02-01,11290497.0,3755888.0,1194236.0,423433.0,260229.0,324629.0,185946.0,2561651.0,865667.0,351837.0,444778.0,899370.0,7534609.0,7193314.0,2065445.0,1837976.0,351206.0,446391.0,726724.0,851549.0,914023.0,341295.0,1253043.0,911749.0,9758551.0,8001112.0,666279.0,5555669.0,1757438.0,9921273.0,8389773.0
2013-03-01,11290121.0,3717718.0,1181870.0,415765.0,260777.0,320805.0,184523.0,2535848.0,862750.0,351752.0,427162.0,894185.0,7572403.0,7230671.0,2091463.0,1844072.0,351466.0,442973.0,728432.0,856453.0,915812.0,341732.0,1258445.0,916713.0,9758165.0,7995491.0,669207.0,5567684.0,1762674.0,9921579.0,8390079.0
2013-04-01,11281071.0,3696234.0,1184074.0,420985.0,260754.0,318273.0,184062.0,2512160.0,858947.0,352412.0,411233.0,889568.0,7584837.0,7238824.0,2080517.0,1849046.0,354779.0,440371.0,723647.0,861923.0,928541.0,346013.0,1265818.0,919805.0,9785186.0,8017385.0,636938.0,5591331.0,1767802.0,9895602.0,8400184.0
2013-05-01,11321560.0,3716185.0,1189327.0,423730.0,261567.0,320873.0,183158.0,2526858.0,865474.0,353204.0,409881.0,898299.0,7605375.0,7256279.0,2079695.0,1854104.0,356414.0,444317.0,725870.0,864845.0,931034.0,349096.0,1269850.0,920754.0,9826476.0,8053812.0,629610.0,5612982.0,1772664.0,9933121.0,8438512.0
2013-06-01,11344413.0,3719105.0,1189451.0,421837.0,263595.0,321713.0,182306.0,2529654.0,866187.0,353012.0,413437.0,897019.0,7625308.0,7275111.0,2080903.0,1858884.0,360165.0,443929.0,726144.0,870081.0,935005.0,350196.0,1271828.0,921632.0,9848526.0,8071396.0,629700.0,5631914.0,1777131.0,9958419.0,8463018.0
2013-07-01,11372550.0,3742861.0,1193576.0,425173.0,264640.0,321266.0,182497.0,2549285.0,872152.0,356068.0,417332.0,903731.0,7629689.0,7279869.0,2074481.0,1859948.0,362889.0,448949.0,730926.0,866255.0,936421.0,349820.0,1271151.0,921330.0,9877153.0,8096270.0,623245.0,5642894.0,1780884.0,9985852.0,8490951.0
2013-08-01,11406597.0,3741086.0,1190847.0,420040.0,265304.0,324109.0,181394.0,2550239.0,873403.0,353186.0,422012.0,901638.0,7665511.0,7316124.0,2081746.0,1864133.0,366004.0,454128.0,731942.0,871123.0,947048.0,349387.0,1274333.0,924945.0,9903566.0,8117178.0,629628.0,5671508.0,1786388.0,10008521.0,8505995.0
2013-09-01,11445929.0,3751882.0,1191376.0,420500.0,266026.0,322393.0,182457.0,2560506.0,877305.0,353460.0,418420.0,911321.0,7694047.0,7344620.0,2092958.0,1875163.0,365880.0,451126.0,732986.0,877833.0,948673.0,349428.0,1280733.0,931305.0,9935209.0,8145166.0,633415.0,5689009.0,1790043.0,10046255.0,8536049.0
2013-10-01,11498041.0,3760594.0,1194597.0,419964.0,265484.0,323187.0,185961.0,2565997.0,877797.0,358648.0,415896.0,913657.0,7737447.0,7388385.0,2100157.0,1890258.0,365245.0,451372.0,739267.0,888475.0,953611.0,349062.0,1289540.0,940478.0,9986400.0,8192651.0,633844.0,5725750.0,1793749.0,10083292.0,8572174.0
2013-11-01,11562480.0,3783176.0,1205278.0,428746.0,267129.0,325221.0,184183.0,2577898.0,880886.0,354223.0,426728.0,916062.0,7779304.0,7431049.0,2110725.0,1899141.0,359494.0,458129.0,748738.0,896841.0,957980.0,348255.0,1293919.0,945665.0,10030480.0,8232792.0,651114.0,5757230.0,1797688.0,10134533.0,8603064.0
2013-12-01,11593168.0,3784934.0,1193679.0,423278.0,263923.0,320586.0,185892.0,2591256.0,888896.0,357688.0,425853.0,918819.0,7808234.0,7461249.0,2122242.0,1896088.0,377508.0,459336.0,747224.0,899983.0,958868.0,346985.0,1289164.0,942180.0,10046851.0,8245008.0,657421.0,5774823.0,1801843.0,10168019.0,8622242.0
2014-01-01,11578798.0,3766866.0,1177470.0,414233.0,260976.0,318494.0,183766.0,2589396.0,891285.0,353271.0,432859.0,911981.0,7811933.0,7465723.0,2145082.0,1884726.0,371695.0,460654.0,743179.0,899065.0,961322.0,346210.0,1279102.0,932892.0,10003046.0,8198522.0,684468.0,5755800.0,1804524.0,10162600.0,8587395.0
2014-02-01,11636889.0,3819681.0,1208867.0,428630.0,266557.0,328365.0,185314.0,2610814.0,893862.0,359315.0,433914.0,923723.0,7817207.0,7470716.0,2133653.0,1882402.0,376295.0,466516.0,750866.0,898489.0,962496.0,346491.0,1275743.0,929252.0,10071968.0,8264681.0,671059.0,5772776.0,1807286.0,10211047.0,8646682.0
2014-03-01,11722315.0,3844415.0,1236279.0,452000.0,269632.0,328731.0,185916.0,2608136.0,895567.0,362140.0,420046.0,930383.0,7877900.0,7529324.0,2148204.0,1890447.0,378912.0,467667.0,759522.0,901674.0,982898.0,348576.0,1281760.0,933184.0,10159170.0,8348108.0,667579.0,5819305.0,1811063.0,10271875.0,8709293.0
2014-04-01,11762305.0,3873726.0,1234684.0,443363.0,273780.0,329341.0,188200.0,2639042.0,899780.0,370701.0,431287.0,937274.0,7888579.0,7536955.0,2139722.0,1909319.0,378029.0,463363.0,763768.0,910962.0,971791.0,351624.0,1295910.0,944287.0,10196125.0,8381596.0,666399.0,5838937.0,1814530.0,10316252.0,8750643.0
2014-05-01,11807312.0,3879805.0,1243500.0,450426.0,274436.0,331200.0,187438.0,2636306.0,903958.0,366193.0,421854.0,944300.0,7927506.0,7573973.0,2140474.0,1926974.0,380297.0,464939.0,769701.0,915846.0,975743.0,353533.0,1307337.0,953804.0,10249261.0,8431307.0,654093.0,5877314.0,1817954.0,10347828.0,8790356.0
2014-06-01,11861735.0,3904030.0,1254514.0,458457.0,276412.0,331797.0,187849.0,2649516.0,911096.0,368178.0,418833.0,951410.0,7957705.0,7603429.0,2134394.0,1942703.0,383331.0,465718.0,772839.0,923050.0,981394.0,354276.0,1315909.0,961633.0,10309091.0,8487840.0,641548.0,5913739.0,1821251.0,10391705.0,8839646.0
2014-07-01,11904353.0,3914302.0,1253817.0,455415.0,276227.0,333352.0,188823.0,2660485.0,913133.0,370058.0,423562.0,953732.0,7990052.0,7636083.0,2128232.0,1955900.0,385449.0,468618.0,778170.0,933330.0,986385.0,353968.0,1321357.0,967388.0,10354990.0,8530167.0,636230.0,5952560.0,1824823.0,10426780.0,8878010.0
2014-08-01,11983661.0,3934139.0,1264003.0,459672.0,280600.0,333274.0,190457.0,2670136.0,917160.0,372588.0,420044.0,960344.0,8049523.0,7694978.0,2139477.0,1967437.0,387730.0,479757.0,784920.0,939410.0,996246.0,354545.0,1326538.0,971993.0,10425916.0,8597937.0,640585.0,6001002.0,1827979.0,10491861.0,8934715.0
2014-09-01,11991354.0,3917296.0,1265962.0,458630.0,279758.0,338091.0,189482.0,2651335.0,919027.0,370391.0,399556.0,962360.0,8074057.0,7718175.0,2149947.0,1979325.0,386325.0,473180.0,789274.0,941115.0,999008.0,355883.0,1333335.0,977452.0,10445668.0,8613929.0,626658.0,6015216.0,1831739.0,10500420.0,8955341.0
2014-10-01,12064692.0,3936003.0,1269821.0,460239.0,280732.0,337573.0,191278.0,2666181.0,924193.0,374685.0,400434.0,966870.0,8128690.0,7771081.0,2155930.0,1988657.0,387553.0,480444.0,798888.0,948249.0,1011359.0,357609.0,1340747.0,983138.0,10511354.0,8675879.0,629146.0,6064504.0,1835474.0,10557998.0,9005272.0
2014-11-01,12083888.0,3934755.0,1279004.0,468326.0,283127.0,335910.0,191640.0,2655751.0,926284.0,378530.0,380519.0,970418.0,8149134.0,7790370.0,2172649.0,2002585.0,384593.0,479096.0,798355.0,943971.0,1009120.0,358764.0,1349674.0,990910.0,10536250.0,8696304.0,621355.0,6068353.0,1839946.0,10577399.0,9030381.0
2014-12-01,12096102.0,3913908.0,1279203.0,469706.0,283313.0,335473.0,190711.0,2634705.0,929703.0,377200.0,347978.0,979824.0,8182194.0,7824591.0,2164378.0,2015048.0,392642.0,482959.0,812248.0,951666.0,1005650.0,357603.0,1355549.0,997946.0,10589060.0,8745719.0,577339.0,6109492.0,1843342.0,10580120.0,9073704.0
2015-01-01,12066664.0,3867185.0,1280196.0,467497.0,284499.0,336484.0,191717.0,2586988.0,933258.0,373321.0,301242.0,979168.0,8199480.0,7845379.0,2176708.0,2017238.0,388419.0,489482.0,815091.0,955799.0,1002642.0,354101.0,1358910.0,1004809.0,10594491.0,8746204.0,538915.0,6113520.0,1848287.0,10550649.0,9079108.0
2015-02-01,12116561.0,3888310.0,1283757.0,475815.0,281545.0,333768.0,192629.0,2604553.0,935592.0,376790.0,315271.0,976901.0,8228251.0,7877323.0,2203062.0,2024936.0,387337.0,487624.0,813630.0,960776.0,999958.0,350928.0,1359792.0,1008863.0,10606737.0,8753124.0,574232.0,6115677.0,1853613.0,10598559.0,9089371.0
2015-03-01,12176065.0,3934877.0,1309179.0,493036.0,288134.0,336191.0,191819.0,2625698.0,937865.0,379675.0,323428.0,984730.0,8241188.0,7889292.0,2189197.0,2029854.0,390890.0,486574.0,820524.0,969325.0,1002929.0,351895.0,1363036.0,1011140.0,10674718.0,8816012.0,563482.0,6142427.0,1858707.0,10651920.0,9151213.0
2015-04-01,12209081.0,3933311.0,1315916.0,497455.0,289760.0,336209.0,192493.0,2617395.0,934765.0,378395.0,318413.0,985822.0,8275769.0,7922048.0,2179842.0,2034920.0,392156.0,494350.0,827958.0,976405.0,1016417.0,353721.0,1365731.0,1012009.0,10731052.0,8866858.0,543264.0,6186724.0,1864194.0,10664995.0,9187606.0
2015-05-01,12275406.0,3968933.0,1319573.0,497748.0,293010.0,336003.0,192813.0,2649359.0,936165.0,382899.0,338074.0,992221.0,8306473.0,7950217.0,2181729.0,2044539.0,394540.0,499097.0,831707.0,980326.0,1018278.0,356255.0,1369749.0,1013494.0,10779722.0,8910581.0,559518.0,6215888.0,1869141.0,10726510.0,9231465.0
2015-06-01,12307934.0,3974546.0,1317809.0,495697.0,290908.0,336762.0,194442.0,2656736.0,940156.0,378328.0,343543.0,994709.0,8333389.0,7973970.0,2193125.0,2058322.0,392886.0,498070.0,831045.0,982480.0,1018042.0,359419.0,1373683.0,1014264.0,10798251.0,8922400.0,569527.0,6231554.0,1875851.0,10762504.0,9253457.0
2015-07-01,12364885.0,4001221.0,1324701.0,498192.0,294710.0,337041.0,194757.0,2676520.0,944955.0,381341.0,347082.0,1003142.0,8363664.0,8000431.0,2193005.0,2075718.0,395284.0,497588.0,833679.0,981312.0,1023846.0,363233.0,1376793.0,1013560.0,10853275.0,8971223.0,566654.0,6262040.0,1882052.0,10806988.0,9296009.0
2015-08-01,12396189.0,4003390.0,1330889.0,500675.0,295296.0,340580.0,194338.0,2672501.0,944877.0,382680.0,339515.0,1005429.0,8392799.0,8025457.0,2203961.0,2085029.0,392693.0,498712.0,836512.0,984522.0,1024028.0,367343.0,1380540.0,1013198.0,10887196.0,8999733.0,564116.0,6280735.0,1887464.0,10836152.0,9327784.0
2015-09-01,12386409.0,3976178.0,1325112.0,494248.0,296970.0,342913.0,190982.0,2651066.0,949881.0,385101.0,307696.0,1008387.0,8410230.0,8038737.0,2209430.0,2087275.0,394278.0,503398.0,840176.0,978149.0,1026031.0,371493.0,1385344.0,1013852.0,10905439.0,9011454.0,531089.0,6292853.0,1893985.0,10820107.0,9339753.0
2015-10-01,12394909.0,3954742.0,1317501.0,485348.0,296414.0,344261.0,191478.0,2637242.0,943102.0,381708.0,303045.0,1009387.0,8440167.0,8062996.0,2212205.0,2082224.0,396753.0,508768.0,846143.0,983159.0,1033744.0,377171.0,1393608.0,1016438.0,10928362.0,9028744.0,523445.0,6320148.0,1899619.0,10812439.0,9346497.0
2015-11-01,12423153.0,3981473.0,1332064.0,498410.0,297999.0,343054.0,192601.0,2649409.0,950183.0,384176.0,299756.0,1015293.0,8441680.0,8061856.0,2206368.0,2083244.0,397417.0,513346.0,845381.0,984090.0,1032011.0,379823.0,1398494.0,1018671.0,10964283.0,9059260.0,508686.0,6327727.0,1905023.0,10833122.0,9374845.0
2015-12-01,12451998.0,3977392.0,1332825.0,484675.0,303042.0,350822.0,194286.0,2644567.0,953273.0,385223.0,288491.0,1017580.0,8474606.0,8094543.0,2205008.0,2093879.0,399245.0,519255.0,858394.0,985632.0,1033131.0,380063.0,1404440.0,1024377.0,11008951.0,9097899.0,489775.0,6362271.0,1911052.0,10861885.0,9419416.0
2016-01-01,12477959.0,3959910.0,1329671.0,488573.0,302268.0,347826.0,191004.0,2630239.0,953502.0,385491.0,276379.0,1014867.0,8518049.0,8137180.0,2225600.0,2109213.0,404299.0,518628.0,849831.0,984534.0,1045076.0,380869.0,1411113.0,1030244.0,11033408.0,9115369.0,491050.0,6385339.0,1918039.0,10885338.0,9441349.0
2016-02-01,12554520.0,3984051.0,1353071.0,503082.0,304328.0,351490.0,194171.0,2630980.0,961818.0,393678.0,251725.0,1023760.0,8570469.0,8189721.0,2232478.0,2130023.0,407699.0,522765.0,865406.0,978655.0,1052696.0,380748.0,1420619.0,1039871.0,11126029.0,9201631.0,466673.0,6431123.0,1924398.0,10953504.0,9525561.0
2016-03-01,12536989.0,3970624.0,1333222.0,484233.0,304489.0,352456.0,192044.0,2637402.0,954854.0,388706.0,272088.0,1021754.0,8566365.0,8186319.0,2226138.0,2144039.0,405611.0,516634.0,862883.0,976334.0,1054680.0,380046.0,1429208.0,1049163.0,11107474.0,9177391.0,474661.0,6433708.0,1930083.0,10949174.0,9520193.0
2016-04-01,12611453.0,3999180.0,1339226.0,493833.0,303137.0,351100.0,191156.0,2659954.0,964822.0,387168.0,282137.0,1025827.0,8612273.0,8235934.0,2245860.0,2160818.0,406903.0,520715.0,865192.0,978517.0,1057930.0,376339.0,1438581.0,1062242.0,11149098.0,9212551.0,497533.0,6460330.0,1936548.0,11016649.0,9554815.0
2016-05-01,12652685.0,4012524.0,1340240.0,490090.0,304082.0,353731.0,192338.0,2672285.0,968159.0,389905.0,288403.0,1025818.0,8640160.0,8263021.0,2258259.0,2168330.0,407629.0,521322.0,863857.0,984533.0,1059091.0,377139.0,1445890.0,1068751.0,11175983.0,9232372.0,508542.0,6476410.0,1943611.0,11058307.0,9582114.0
2016-06-01,12731235.0,4059767.0,1358238.0,499560.0,308686.0,358138.0,191854.0,2701529.0,973255.0,395675.0,299105.0,1033494.0,8671467.0,8289019.0,2271227.0,2167016.0,409058.0,524389.0,864833.0,990354.0,1062142.0,382448.0,1452468.0,1070020.0,11232362.0,9282371.0,525618.0,6494964.0,1949990.0,11123688.0,9625313.0
2016-07-01,12756654.0,4041943.0,1365579.0,510577.0,306854.0,358071.0,190076.0,2676364.0,969445.0,391949.0,285267.0,1029702.0,8714711.0,8324585.0,2280973.0,2160065.0,412027.0,532635.0,867087.0,1000567.0,1071231.0,390126.0,1457165.0,1067039.0,11272224.0,9315813.0,514984.0,6528583.0,1956411.0,11123073.0,9639132.0
2016-08-01,12788079.0,4045612.0,1363435.0,508216.0,306538.0,357102.0,191579.0,2682177.0,972264.0,395258.0,281641.0,1033014.0,8742467.0,8346980.0,2292772.0,2163492.0,409935.0,530092.0,872938.0,1003348.0,1074404.0,395487.0,1464218.0,1068732.0,11299261.0,9336851.0,516554.0,6545144.0,1962410.0,11148541.0,9660202.0
2016-09-01,12846646.0,4064753.0,1369947.0,514914.0,308025.0,356503.0,190504.0,2694806.0,973530.0,396431.0,292881.0,1031965.0,8781893.0,8383940.0,2292042.0,2173168.0,417956.0,535061.0,882103.0,1008606.0,1075003.0,397953.0,1472231.0,1074278.0,11353923.0,9384252.0,519193.0,6585910.0,1969671.0,11197947.0,9705694.0
2016-10-01,12867030.0,4076978.0,1375519.0,521378.0,307923.0,356597.0,189621.0,2701459.0,980701.0,394236.0,295575.0,1030948.0,8790052.0,8392011.0,2291801.0,2186979.0,414324.0,538101.0,879833.0,1007673.0,1073301.0,398040.0,1479682.0,1081642.0,11371628.0,9395605.0,514701.0,6594903.0,1976023.0,11219875.0,9724936.0
2016-11-01,12893010.0,4058356.0,1357703.0,506882.0,307491.0,353602.0,189728.0,2700653.0,979596.0,390735.0,301715.0,1028606.0,8834654.0,8434735.0,2291496.0,2200508.0,418140.0,539777.0,892736.0,1017957.0,1074121.0,399919.0,1488234.0,1088315.0,11400188.0,9417550.0,513226.0,6640506.0,1982637.0,11245892.0,9753527.0
2016-12-01,13005926.0,4122734.0,1392092.0,534147.0,308741.0,357672.0,191533.0,2730642.0,983221.0,396578.0,317262.0,1033581.0,8883192.0,8482906.0,2319904.0,2211960.0,419022.0,542209.0,879565.0,1022601.0,1087645.0,400286.0,1493201.0,1092915.0,11471512.0,9483372.0,551193.0,6661120.0,1988140.0,11334320.0,9800358.0
2017-01-01,13063650.0,4136398.0,1384923.0,521449.0,313207.0,359951.0,190316.0,2751475.0,989612.0,400695.0,320697.0,1040471.0,8927253.0,8526322.0,2295464.0,2220979.0,418789.0,550726.0,905257.0,1033364.0,1101742.0,400931.0,1497616.0,1096685.0,11548981.0,9556426.0,525057.0,6730338.0,1992554.0,11368479.0,9854257.0
2017-02-01,13088383.0,4147990.0,1390273.0,521175.0,313452.0,366423.0,189223.0,2757717.0,992676.0,396398.0,326138.0,1042505.0,8940393.0,8539348.0,2295233.0,2224496.0,417923.0,552178.0,903331.0,1041993.0,1104195.0,401045.0,1496956.0,1095911.0,11571071.0,9573481.0,524637.0,6744305.0,1997590.0,11388678.0,9871809.0
2017-03-01,13139886.0,4150232.0,1380073.0,507920.0,314207.0,368002.0,189944.0,2770159.0,999171.0,398856.0,323209.0,1048924.0,8989654.0,8588424.0,2321779.0,2224528.0,418325.0,558795.0,905411.0,1051079.0,1108506.0,401230.0,1493825.0,1092595.0,11597394.0,9595348.0,543321.0,6767495.0,2002046.0,11425985.0,9883934.0
2017-04-01,13169177.0,4169439.0,1390811.0,509705.0,314938.0,375874.0,190293.0,2778629.0,1003263.0,400821.0,320047.0,1054498.0,8999738.0,8597996.0,2332772.0,2218960.0,422127.0,556277.0,905525.0,1056984.0,1105352.0,401742.0,1489006.0,1087264.0,11619821.0,9613342.0,546093.0,6767213.0,2006479.0,11459289.0,9910370.0
2017-05-01,13171862.0,4144642.0,1388837.0,514397.0,313567.0,371938.0,188936.0,2755805.0,1001162.0,397306.0,306410.0,1050927.0,9027219.0,8626527.0,2344310.0,2219474.0,422268.0,555519.0,906391.0,1064599.0,1113965.0,400692.0,1487062.0,1086369.0,11632623.0,9620781.0,538076.0,6783710.0,2011843.0,11447045.0,9908241.0
2017-06-01,13225151.0,4174973.0,1403528.0,523731.0,315715.0,374015.0,190067.0,2771444.0,1007666.0,401094.0,303173.0,1059511.0,9050178.0,8652420.0,2349428.0,2228737.0,425951.0,556361.0,905527.0,1074013.0,1112404.0,397758.0,1490030.0,1092272.0,11684543.0,9666073.0,532941.0,6801940.0,2018470.0,11495368.0,9955192.0
2017-07-01,13263299.0,4175658.0,1412614.0,529729.0,316450.0,374506.0,191929.0,2763044.0,1007447.0,398150.0,296322.0,1061125.0,9087641.0,8693545.0,2353249.0,2242470.0,430145.0,560042.0,904683.0,1079388.0,1123569.0,394095.0,1496958.0,1102862.0,11731771.0,9707770.0,524081.0,6835881.0,2024001.0,11509809.0,9978711.0
2017-08-01,13294640.0,4192265.0,1403496.0,516774.0,318336.0,375847.0,192539.0,2788769.0,1013721.0,401880.0,312289.0,1060878.0,9102375.0,8710750.0,2354782.0,2255567.0,432844.0,555938.0,913075.0,1083015.0,1115529.0,391625.0,1503426.0,1111801.0,11746917.0,9715592.0,534001.0,6849338.0,2031325.0,11548298.0,10001004.0
2017-09-01,13417255.0,4280162.0,1437306.0,543809.0,321638.0,378945.0,192915.0,2842855.0,1022694.0,403167.0,346861.0,1070134.0,9137093.0,8746485.0,2368949.0,2266390.0,437044.0,551008.0,921578.0,1086341.0,1115175.0,390608.0,1509879.0,1119271.0,11818146.0,9780680.0,576415.0,6870073.0,2037466.0,11665507.0,10066826.0
2017-10-01,13447486.0,4272863.0,1447073.0,552844.0,323206.0,378275.0,192749.0,2825790.0,1022797.0,399841.0,333501.0,1069650.0,9174623.0,8783503.0,2379689.0,2274242.0,439515.0,550481.0,922435.0,1093118.0,1124023.0,391120.0,1513666.0,1122546.0,11858514.0,9813612.0,566175.0,6897047.0,2044902.0,11691295.0,10102749.0
2017-11-01,13540626.0,4323884.0,1466971.0,551954.0,330619.0,388366.0,196032.0,2856912.0,1025899.0,406047.0,344363.0,1080604.0,9216743.0,8824456.0,2387500.0,2280021.0,441782.0,555366.0,929895.0,1102421.0,1127472.0,392287.0,1517436.0,1125150.0,11937161.0,9885343.0,577567.0,6931721.0,2051818.0,11776270.0,10173230.0
2017-12-01,13666091.0,4378065.0,1485020.0,559475.0,334879.0,396083.0,194584.0,2893044.0,1039219.0,408758.0,354783.0,1090284.0,9288026.0,8894176.0,2418895.0,2287808.0,446148.0,559961.0,935676.0,1112232.0,1133457.0,393850.0,1518208.0,1124358.0,12016583.0,9956033.0,610289.0,6971971.0,2060550.0,11883482.0,10234400.0
2018-01-01,13703270.0,4385101.0,1478180.0,542747.0,335449.0,404595.0,195389.0,2906921.0,1041563.0,412885.0,362083.0,1090390.0,9318169.0,8919653.0,2421801.0,2299055.0,452058.0,564984.0,935511.0,1114969.0,1131274.0,398516.0,1523412.0,1124896.0,12049567.0,9981298.0,612141.0,6999843.0,2068269.0,11913286.0,10260009.0
2018-02-01,13738737.0,4397571.0,1490707.0,545565.0,337091.0,409120.0,198930.0,2906865.0,1041503.0,416328.0,355165.0,1093869.0,9341166.0,8937380.0,2403265.0,2308866.0,456086.0,574796.0,939212.0,1118080.0,1137074.0,403786.0,1532299.0,1128512.0,12116918.0,10042789.0,580317.0,7041885.0,2074129.0,11934351.0,10312959.0
2018-03-01,13793215.0,4381096.0,1481113.0,545516.0,335416.0,403364.0,196816.0,2899983.0,1042630.0,402500.0,360021.0,1094832.0,9412119.0,9003841.0,2435452.0,2320543.0,456769.0,571841.0,949005.0,1123512.0,1146719.0,408278.0,1545349.0,1137070.0,12141319.0,10059232.0,609266.0,7080787.0,2082088.0,11975167.0,10323699.0
2018-04-01,13838421.0,4387470.0,1478400.0,537408.0,335931.0,405979.0,199082.0,2909070.0,1037570.0,410241.0,362521.0,1098738.0,9450951.0,9038074.0,2454522.0,2323592.0,456269.0,572536.0,939211.0,1126169.0,1165775.0,412877.0,1558888.0,1146011.0,12178614.0,10088071.0,622237.0,7100692.0,2090543.0,12006515.0,10347138.0
2018-05-01,13905023.0,4438100.0,1498824.0,555496.0,337501.0,405385.0,200443.0,2939276.0,1045419.0,418716.0,369468.0,1105673.0,9466922.0,9051514.0,2437889.0,2332046.0,455047.0,572212.0,957402.0,1129269.0,1167648.0,415409.0,1571628.0,1156220.0,12254635.0,10156941.0,604968.0,7133728.0,2097694.0,12066756.0,10416799.0
2018-06-01,13930438.0,4404098.0,1487157.0,547486.0,336244.0,403979.0,199448.0,2916941.0,1036126.0,406037.0,374784.0,1099994.0,9526340.0,9110220.0,2451213.0,2346384.0,454592.0,576562.0,968475.0,1134266.0,1178729.0,416120.0,1583536.0,1167415.0,12277792.0,10173515.0,616521.0,7180326.0,2104277.0,12079924.0,10427711.0
2018-07-01,13974828.0,4418943.0,1492646.0,554151.0,336631.0,403499.0,198365.0,2926298.0,1041576.0,410849.0,369963.0,1103911.0,9555884.0,9141565.0,2456613.0,2364718.0,454248.0,577186.0,975278.0,1135128.0,1178394.0,414319.0,1593828.0,1179509.0,12324608.0,10212536.0,608644.0,7205131.0,2112072.0,12123278.0,10473493.0
2018-08-01,14013992.0,4426130.0,1496993.0,555949.0,334804.0,408350.0,197889.0,2929137.0,1040974.0,405422.0,376823.0,1105918.0,9587862.0,9169218.0,2469562.0,2372123.0,454932.0,580860.0,978615.0,1135592.0,1177534.0,418644.0,1600664.0,1182020.0,12353156.0,10233202.0,619862.0,7224870.0,2119954.0,12157917.0,10497519.0
2018-09-01,14017778.0,4422281.0,1485207.0,549782.0,334778.0,405278.0,195369.0,2937074.0,1045463.0,404716.0,376831.0,1110064.0,9595497.0,9168022.0,2475519.0,2370342.0,456547.0,581342.0,965303.0,1136165.0,1182805.0,427475.0,1600372.0,1172897.0,12352851.0,10226817.0,619464.0,7226830.0,2126035.0,12147874.0,10483388.0
2018-10-01,14083061.0,4441929.0,1483894.0,544666.0,336392.0,405584.0,197252.0,2958035.0,1050207.0,409507.0,381243.0,1117078.0,9641132.0,9197879.0,2492772.0,2361543.0,458288.0,577830.0,974598.0,1140086.0,1192763.0,443253.0,1599824.0,1156571.0,12399337.0,10265992.0,633517.0,7255513.0,2133345.0,12191468.0,10508189.0
2018-11-01,14162941.0,4495839.0,1519585.0,560969.0,339677.0,418093.0,200846.0,2976254.0,1061223.0,416278.0,363429.0,1135324.0,9667102.0,9217192.0,2508496.0,2362222.0,460269.0,577269.0,973616.0,1137344.0,1197975.0,449909.0,1603173.0,1153263.0,12479849.0,10338260.0,621869.0,7267073.0,2141589.0,12261246.0,10578603.0
2018-12-01,14051596.0,4371936.0,1473264.0,560239.0,331522.0,389200.0,192301.0,2898672.0,1048319.0,399083.0,347773.0,1103497.0,9679660.0,9237085.0,2504589.0,2375442.0,462223.0,583403.0,972162.0,1139817.0,1199450.0,442575.0,1607584.0,1165009.0,12407594.0,10259787.0,595684.0,7283943.0,2147807.0,12153960.0,10510411.0
2019-01-01,14084585.0,4399278.0,1469889.0,523730.0,337298.0,411724.0,197137.0,2929389.0,1068127.0,407073.0,324018.0,1130170.0,9685307.0,9267757.0,2509306.0,2399873.0,465216.0,580802.0,974744.0,1131790.0,1206026.0,417550.0,1608486.0,1190936.0,12447684.0,10291649.0,568774.0,7284516.0,2156035.0,12219231.0,10582785.0
2019-02-01,14117418.0,4409173.0,1472771.0,527329.0,335107.0,412430.0,197906.0,2936402.0,1055474.0,409059.0,339668.0,1132201.0,9708244.0,9307022.0,2519429.0,2423022.0,467261.0,582413.0,978666.0,1129060.0,1207172.0,401222.0,1610449.0,1209227.0,12477128.0,10311622.0,584816.0,7297590.0,2165507.0,12271389.0,10631560.0
2019-03-01,14248569.0,4481698.0,1505144.0,552907.0,337646.0,415223.0,199368.0,2976554.0,1069647.0,412712.0,353614.0,1140581.0,9766871.0,9367658.0,2535797.0,2440831.0,472042.0,592690.0,985728.0,1133082.0,1207488.0,399213.0,1618110.0,1218897.0,12574500.0,10398705.0,604421.0,7340269.0,2175795.0,12394332.0,10720728.0
2019-04-01,14289984.0,4498833.0,1496618.0,538303.0,340477.0,417078.0,200760.0,3002215.0,1072920.0,413082.0,376346.0,1139867.0,9791151.0,9382807.0,2534615.0,2450500.0,477178.0,592518.0,989756.0,1133074.0,1205165.0,408345.0,1623265.0,1214920.0,12602343.0,10415634.0,614721.0,7366067.0,2186710.0,12433605.0,10746434.0
2019-05-01,14353322.0,4536777.0,1525452.0,548892.0,345442.0,428902.0,202216.0,3011326.0,1077344.0,414513.0,366618.0,1152851.0,9816545.0,9401174.0,2542097.0,2454063.0,481094.0,592545.0,996894.0,1131239.0,1203242.0,415371.0,1625814.0,1210443.0,12672803.0,10477065.0,603176.0,7384249.0,2195738.0,12498855.0,10818810.0
2019-06-01,14408679.0,4548444.0,1531512.0,545446.0,347615.0,435925.0,202526.0,3016932.0,1085577.0,416280.0,354295.0,1160780.0,9860234.0,9439062.0,2546116.0,2458511.0,484894.0,597821.0,1005168.0,1130886.0,1215666.0,421173.0,1630639.0,1209466.0,12739134.0,10532782.0,583967.0,7424210.0,2206353.0,12543966.0,10874903.0
2019-07-01,14495969.0,4574310.0,1538097.0,545246.0,350976.0,436177.0,205699.0,3036213.0,1097058.0,420647.0,353303.0,1165205.0,9921659.0,9497456.0,2568238.0,2469383.0,488949.0,596595.0,1011506.0,1130315.0,1232470.0,424203.0,1638971.0,1214768.0,12803631.0,10587767.0,595280.0,7463817.0,2215865.0,12625085.0,10933235.0
2019-08-01,14558244.0,4581402.0,1541040.0,545516.0,350876.0,437911.0,206737.0,3040362.0,1097567.0,418104.0,352892.0,1171800.0,9976841.0,9551016.0,2575730.0,2485402.0,494856.0,603270.0,1013799.0,1138113.0,1239845.0,425825.0,1648211.0,1222386.0,12867971.0,10642452.0,592706.0,7511508.0,2225519.0,12683004.0,10993226.0
2019-09-01,14590632.0,4572872.0,1553545.0,554459.0,353123.0,439660.0,206303.0,3019328.0,1090400.0,412408.0,344001.0,1172518.0,10017759.0,9592498.0,2592404.0,2499307.0,497855.0,601056.0,1021464.0,1137446.0,1242964.0,425262.0,1652527.0,1227265.0,12910303.0,10674221.0,589928.0,7535750.0,2236082.0,12722211.0,11042385.0
2019-10-01,14617397.0,4565828.0,1531846.0,535457.0,352974.0,438667.0,204749.0,3033983.0,1091801.0,414743.0,348967.0,1178471.0,10051569.0,9627209.0,2599537.0,2517607.0,500673.0,606395.0,1027443.0,1136428.0,1239126.0,424360.0,1657738.0,1233379.0,12932260.0,10687481.0,593336.0,7562421.0,2244780.0,12761953.0,11077326.0
2019-11-01,14710955.0,4603402.0,1557435.0,559445.0,353561.0,439009.0,205420.0,3045967.0,1094715.0,413453.0,356285.0,1181514.0,10107553.0,9683095.0,2615021.0,2530190.0,502997.0,610593.0,1029990.0,1139989.0,1254315.0,424457.0,1662211.0,1237754.0,13010431.0,10755129.0,605809.0,7602726.0,2255302.0,12841966.0,11141961.0
2019-12-01,14774762.0,4621781.0,1560375.0,562728.0,355471.0,437204.0,204972.0,3061406.0,1098238.0,417652.0,360133.0,1185383.0,10152981.0,9727666.0,2605657.0,2539996.0,502397.0,609811.0,1041549.0,1148154.0,1280101.0,425315.0,1665796.0,1240480.0,13086589.0,10820734.0,589936.0,7657323.0,2265855.0,12873582.0,11185936.0
2020-01-01,14868334.0,4610422.0,1551305.0,532632.0,363112.0,446603.0,208958.0,3059117.0,1098812.0,409094.0,356800.0,1194411.0,10257912.0,9821554.0,2605569.0,2557780.0,503722.0,612052.0,1050263.0,1146826.0,1345342.0,436357.0,1680607.0,1244250.0,13196235.0,10917980.0,573287.0,7763171.0,2278254.0,12907619.0,11236057.0
2020-02-01,14828146.0,4605974.0,1551872.0,535668.0,362189.0,447130.0,206885.0,3054101.0,1103919.0,411376.0,336155.0,1202652.0,10222173.0,9775633.0,2633913.0,2565543.0,500105.0,602829.0,1047194.0,1145187.0,1280862.0,446539.0,1690040.0,1243501.0,13154176.0,10865777.0,570052.0,7699877.0,2288399.0,12927871.0,11254446.0
2020-03-01,13812814.0,4479586.0,1350877.0,420207.0,338195.0,427196.0,165279.0,3128709.0,1323573.0,285141.0,262133.0,1257862.0,9333228.0,8745883.0,2642072.0,2206540.0,367242.0,474888.0,755934.0,1154681.0,1144527.0,587345.0,1646354.0,1059009.0,11996519.0,9697257.0,492722.0,6803377.0,2299262.0,11898645.0,10082904.0
2020-04-01,12249167.0,3916551.0,1185969.0,371862.0,289703.0,406845.0,117559.0,2730582.0,1191202.0,192276.0,165539.0,1181565.0,8332616.0,7685986.0,2671440.0,1749527.0,272416.0,338028.0,496610.0,1117485.0,1040480.0,646630.0,1586600.0,939970.0,10642181.0,8333598.0,415784.0,5773788.0,2308582.0,10328714.0,8722289.0
2020-05-01,13281510.0,4501657.0,1541430.0,532066.0,360997.0,493232.0,155135.0,2960227.0,1234589.0,276874.0,191076.0,1257688.0,8779853.0,8271137.0,2679680.0,2099491.0,299783.0,359266.0,633298.0,1110169.0,1089451.0,508716.0,1593386.0,1084670.0,11607918.0,9288819.0,439004.0,6212827.0,2319098.0,11452442.0,9779416.0
2020-06-01,14049214.0,4779766.0,1674080.0,556651.0,399424.0,522672.0,195332.0,3105686.0,1217776.0,375330.0,235011.0,1277570.0,9269447.0,8838654.0,2686910.0,2323979.0,328900.0,448066.0,780006.0,1135649.0,1135143.0,430793.0,1606170.0,1175377.0,12349923.0,10022897.0,481515.0,6695917.0,2327026.0,12196611.0,10497893.0
2020-07-01,14307240.0,4881174.0,1737000.0,589255.0,404353.0,531231.0,212160.0,3144174.0,1223211.0,378230.0,247134.0,1295599.0,9426067.0,8987381.0,2703721.0,2373474.0,338080.0,449657.0,815539.0,1144190.0,1162720.0,438686.0,1629443.0,1190757.0,12585011.0,10247127.0,499019.0,6836299.0,2337883.0,12431986.0,10710333.0
2020-08-01,14462235.0,4895520.0,1760401.0,603703.0,410196.0,529983.0,216520.0,3135118.0,1203064.0,378835.0,255669.0,1297551.0,9566715.0,9106452.0,2704230.0,2396511.0,344409.0,459224.0,867013.0,1154962.0,1180103.0,460263.0,1656942.0,1196679.0,12761248.0,10414031.0,497923.0,6977244.0,2347218.0,12551978.0,10851573.0
2020-09-01,14668142.0,4957593.0,1765822.0,603520.0,413126.0,526501.0,222675.0,3191771.0,1206459.0,410866.0,269257.0,1305189.0,9710548.0,9234868.0,2713895.0,2454410.0,353297.0,476459.0,886616.0,1163486.0,1186705.0,475681.0,1676662.0,1200982.0,12948606.0,10593471.0,513078.0,7111594.0,2355135.0,12732294.0,11013343.0
2020-10-01,14725760.0,4943426.0,1773358.0,601358.0,412198.0,536515.0,223287.0,3170068.0,1201429.0,405767.0,257940.0,1304932.0,9782334.0,9323837.0,2726300.0,2489409.0,362165.0,480035.0,883146.0,1173692.0,1209089.0,458497.0,1690283.0,1231786.0,13021463.0,10655393.0,502868.0,7171336.0,2366070.0,12781122.0,11077414.0
2020-11-01,14701645.0,4927990.0,1764632.0,597110.0,407413.0,538041.0,222068.0,3163358.0,1208715.0,395233.0,253623.0,1305787.0,9773655.0,9331484.0,2723572.0,2517921.0,361829.0,473620.0,851030.0,1182997.0,1220515.0,442171.0,1697600.0,1255429.0,13004727.0,10631460.0,488203.0,7165808.0,2373267.0,12763530.0,11067202.0
2020-12-01,14822032.0,5003840.0,1803654.0,617721.0,410964.0,548512.0,226457.0,3200186.0,1207918.0,406203.0,271163.0,1314902.0,9818193.0,9365481.0,2761032.0,2515395.0,365517.0,468361.0,820831.0,1205423.0,1228922.0,452712.0,1709107.0,1256396.0,13080778.0,10697936.0,533336.0,7173177.0,2382842.0,12863969.0,11123305.0
2021-01-01,15073011.0,5147324.0,1863181.0,635104.0,439974.0,559502.0,228600.0,3284144.0,1250363.0,421548.0,297365.0,1314869.0,9925687.0,9483876.0,2757799.0,2520492.0,368676.0,495763.0,880851.0,1210048.0,1250247.0,441811.0,1696807.0,1254996.0,13276355.0,10883899.0,546294.0,7284302.0,2392456.0,13094915.0,11298850.0
2021-02-01,14983501.0,5039368.0,1804004.0,619473.0,420388.0,538508.0,225634.0,3235365.0,1235404.0,402264.0,312310.0,1285386.0,9944132.0,9509324.0,2791434.0,2523458.0,362941.0,496435.0,860916.0,1221519.0,1252621.0,434809.0,1685702.0,1250893.0,13165232.0,10761061.0,582865.0,7269407.0,2404171.0,13010903.0,11193229.0
2021-03-01,15709722.0,5516639.0,2066400.0,752919.0,462157.0,599950.0,251375.0,3450239.0,1269708.0,472058.0,350501.0,1357972.0,10193083.0,9763911.0,2786859.0,2560358.0,397110.0,527096.0,967740.0,1248153.0,1276594.0,429172.0,1695241.0,1266068.0,13835425.0,11419399.0,604589.0,7522968.0,2416026.0,13688617.0,11814919.0
2021-04-01,15917545.0,5570649.0,2107673.0,791495.0,463730.0,601768.0,250681.0,3462976.0,1278048.0,471240.0,350465.0,1363223.0,10346896.0,9922797.0,2794833.0,2601396.0,426765.0,548657.0,1006029.0,1245733.0,1299385.0,424099.0,1720221.0,1296122.0,14039329.0,11611251.0,600168.0,7669115.0,2428078.0,13876801.0,11999192.0
2021-05-01,15973499.0,5500054.0,2034099.0,737393.0,451607.0,591353.0,253746.0,3465955.0,1277012.0,475248.0,364521.0,1349173.0,10473445.0,10058142.0,2815460.0,2628048.0,449245.0,560885.0,1035589.0,1256194.0,1312721.0,415304.0,1734616.0,1319312.0,14074610.0,11633552.0,621877.0,7775032.0,2441058.0,13936612.0,12038340.0
2021-06-01,16191662.0,5562562.0,2018677.0,702585.0,454013.0,602418.0,259661.0,3543885.0,1291480.0,492234.0,390380.0,1369791.0,10629100.0,10209693.0,2834880.0,2644938.0,475786.0,571077.0,1079801.0,1262638.0,1340574.0,419407.0,1751939.0,1332532.0,14247123.0,11792258.0,653059.0,7911556.0,2454865.0,14133031.0,12189121.0
2021-07-01,16239708.0,5461247.0,1958670.0,683621.0,443245.0,576458.0,255346.0,3502577.0,1280657.0,473630.0,396363.0,1351926.0,10778462.0,10349931.0,2837961.0,2660272.0,508175.0,595637.0,1108708.0,1274403.0,1364773.0,428531.0,1754539.0,1326008.0,14310985.0,11842981.0,648067.0,8058754.0,2468004.0,14143449.0,12215370.0
2021-08-01,16412912.0,5529473.0,1968042.0,667207.0,448983.0,593652.0,258201.0,3561431.0,1310988.0,476750.0,399503.0,1374190.0,10883439.0,10446556.0,2870826.0,2680789.0,518605.0,596519.0,1115078.0,1276657.0,1388082.0,436883.0,1766359.0,1329477.0,14431849.0,11950523.0,670075.0,8131541.0,2481326.0,14302217.0,12321815.0
2021-09-01,16489569.0,5543868.0,1962860.0,658834.0,452405.0,591877.0,259745.0,3581007.0,1312622.0,480116.0,410632.0,1377638.0,10945701.0,10499202.0,2883701.0,2701557.0,516398.0,617196.0,1119337.0,1279359.0,1381654.0,446499.0,1784276.0,1337777.0,14498776.0,12001983.0,678172.0,8181369.0,2496792.0,14366958.0,12376843.0
2021-10-01,16704232.0,5672344.0,2036680.0,696921.0,461034.0,611275.0,267450.0,3635664.0,1325621.0,484284.0,430269.0,1395490.0,11031888.0,10576499.0,2897132.0,2713364.0,521467.0,633932.0,1123327.0,1289133.0,1398144.0,455389.0,1803217.0,1347828.0,14684986.0,12171219.0,693626.0,8254764.0,2513767.0,14547980.0,12529435.0
2021-11-01,16849832.0,5733640.0,2048958.0,706659.0,461553.0,610058.0,270689.0,3684682.0,1329535.0,492839.0,461969.0,1400338.0,11116192.0,10646573.0,2918477.0,2726018.0,527885.0,640043.0,1142298.0,1300631.0,1391221.0,469619.0,1823383.0,1353764.0,14790554.0,12259985.0,729744.0,8317849.0,2530569.0,14680081.0,12621527.0
2021-12-01,16890989.0,5716174.0,2033124.0,711345.0,455642.0,604634.0,261503.0,3683051.0,1336006.0,481277.0,464633.0,1401135.0,11174815.0,10692258.0,2924287.0,2744637.0,538007.0,638077.0,1140078.0,1307943.0,1399229.0,482557.0,1836189.0,1353632.0,14832375.0,12286139.0,722608.0,8370604.0,2546235.0,14701740.0,12643876.0
2022-01-01,16993756.0,5802255.0,2099769.0,756619.0,466960.0,616661.0,259528.0,3702486.0,1351309.0,473427.0,456656.0,1421095.0,11191501.0,10701505.0,2981082.0,2754545.0,512788.0,626402.0,1108181.0,1306313.0,1412195.0,489996.0,1837908.0,1347912.0,14888459.0,12325137.0,753989.0,8330846.0,2563322.0,14809220.0,12704702.0
2022-02-01,17106023.0,5806917.0,2066888.0,719461.0,468711.0,611639.0,267077.0,3740029.0,1352015.0,481045.0,487462.0,1419507.0,11299106.0,10795937.0,2994091.0,2755429.0,533642.0,636935.0,1154887.0,1302049.0,1418904.0,503170.0,1843532.0,1340362.0,14974505.0,12393182.0,779504.0,8425742.0,2581322.0,14906128.0,12775414.0
2022-03-01,17347210.0,5920741.0,2084452.0,724205.0,476022.0,611969.0,272256.0,3836290.0,1360955.0,493267.0,556676.0,1425392.0,11426469.0,10915440.0,3013977.0,2755298.0,572046.0,656260.0,1190727.0,1304015.0,1423117.0,511028.0,1845954.0,1334925.0,15135651.0,12536657.0,850604.0,8533546.0,2598995.0,15120343.0,12909609.0
2022-04-01,17490045.0,5952833.0,2118030.0,746511.0,482420.0,613682.0,275417.0,3834803.0,1372044.0,496281.0,523517.0,1442962.0,11537212.0,11006160.0,3054599.0,2753160.0,572455.0,666415.0,1225071.0,1305271.0,1429189.0,531052.0,1862577.0,1331525.0,15280135.0,12662192.0,837866.0,8604919.0,2617944.0,15237859.0,13028793.0
2022-05-01,17574491.0,5955413.0,2062637.0,714497.0,480457.0,600991.0,266691.0,3892777.0,1385847.0,497037.0,560130.0,1449763.0,11619077.0,11083127.0,3075168.0,2768412.0,573965.0,675820.0,1236499.0,1306082.0,1447182.0,535950.0,1873384.0,1337434.0,15315396.0,12676341.0,873248.0,8666905.0,2639055.0,15303212.0,13044977.0
2022-06-01,17755188.0,6034130.0,2068508.0,718382.0,479151.0,599881.0,271094.0,3965622.0,1404100.0,496913.0,603642.0,1460967.0,11721057.0,11181451.0,3098433.0,2796720.0,574640.0,681457.0,1248847.0,1309728.0,1471626.0,539607.0,1894088.0,1354481.0,15436207.0,12772599.0,914880.0,8746212.0,2663608.0,15457560.0,13139450.0
2022-07-01,17770089.0,5965654.0,2072335.0,716248.0,477174.0,607107.0,271806.0,3893318.0,1398840.0,491629.0,540500.0,1462350.0,11804435.0,11253242.0,3124337.0,2819079.0,571944.0,683325.0,1245590.0,1315887.0,1493079.0,551193.0,1921161.0,1369968.0,15516845.0,12830233.0,854404.0,8803919.0,2686612.0,15441871.0,13189507.0
2022-08-01,17916450.0,5986619.0,2101807.0,736687.0,481374.0,610662.0,273084.0,3884812.0,1411041.0,499320.0,500030.0,1474421.0,11929830.0,11372922.0,3151651.0,2840809.0,577790.0,683887.0,1275316.0,1340410.0,1503060.0,556908.0,1942896.0,1385988.0,15689388.0,12978166.0,816021.0,8902618.0,2711222.0,15551098.0,13324921.0
2022-09-01,17992828.0,5980970.0,2091964.0,730930.0,478897.0,610209.0,271927.0,3889006.0,1419163.0,503546.0,483907.0,1482390.0,12011858.0,11456295.0,3175466.0,2862431.0,591949.0,691896.0,1280072.0,1340573.0,1513907.0,555563.0,1955751.0,1400188.0,15776251.0,13039351.0,797414.0,8961452.0,2736900.0,15622439.0,13406748.0
2022-10-01,18109562.0,6029199.0,2108233.0,743637.0,482859.0,611427.0,270311.0,3920966.0,1425593.0,503678.0,505405.0,1486290.0,12080362.0,11530377.0,3203815.0,2884508.0,595400.0,703831.0,1295289.0,1340415.0,1507119.0,549985.0,1964422.0,1414437.0,15859475.0,13099727.0,824493.0,9001526.0,2759748.0,15746082.0,13496881.0
2022-11-01,18108024.0,5944263.0,2036436.0,711518.0,471711.0,586161.0,267047.0,3907827.0,1426578.0,497909.0,500098.0,1483242.0,12163761.0,11609335.0,3232551.0,2906389.0,591031.0,710919.0,1288594.0,1360365.0,1519487.0,554426.0,1980873.0,1426447.0,15858069.0,13074332.0,823377.0,9056745.0,2783737.0,15713120.0,13464046.0
2022-12-01,18116497.0,5885015.0,2024096.0,698133.0,467899.0,593762.0,264302.0,3860919.0,1420604.0,495170.0,457200.0,1487945.0,12231482.0,11676732.0,3268179.0,2931984.0,592588.0,710430.0,1281227.0,1364356.0,1527968.0,554749.0,1990199.0,1435450.0,15906277.0,13096754.0,789616.0,9089542.0,2809524.0,15718414.0,13509067.0
2023-01-01,18449085.0,6094355.0,2165641.0,772011.0,494556.0,622232.0,276843.0,3928713.0,1429548.0,509379.0,471806.0,1517980.0,12354730.0,11800542.0,3250730.0,2956657.0,602652.0,722935.0,1347846.0,1371286.0,1548436.0,554188.0,1996462.0,1442274.0,16257521.0,13425302.0,762016.0,9232302.0,2832218.0,16016522.0,13825819.0
2023-02-01,18491570.0,6089095.0,2138534.0,758748.0,483846.0,621592.0,274349.0,3950561.0,1437699.0,509791.0,475822.0,1527249.0,12402475.0,11861530.0,3290212.0,2982428.0,603543.0,724882.0,1326928.0,1379104.0,1554434.0,540944.0,1987783.0,1446839.0,16274205.0,13417558.0,779666.0,9241983.0,2856648.0,16069611.0,13853097.0
2023-03-01,18520420.0,6021711.0,2120374.0,760875.0,473770.0,614720.0,271009.0,3901337.0,1418531.0,501924.0,462228.0,1518654.0,12498708.0,11953982.0,3331250.0,3007199.0,610027.0,726050.0,1331011.0,1386326.0,1562120.0,544726.0,2002063.0,1457337.0,16313978.0,13438474.0,787911.0,9297522.0,2875504.0,16085775.0,13880174.0
2023-04-01,18641787.0,6087040.0,2146578.0,770098.0,476579.0,624892.0,275010.0,3940461.0,1427865.0,506409.0,466911.0,1539277.0,12554748.0,12008174.0,3329410.0,3019785.0,604724.0,733374.0,1333223.0,1413691.0,1573968.0,546573.0,2013850.0,1467277.0,16444267.0,13547883.0,769656.0,9355619.0,2896384.0,16173666.0,13976977.0
2023-05-01,18664600.0,6064484.0,2139084.0,756232.0,477395.0,629489.0,275967.0,3925400.0,1430990.0,506237.0,443233.0,1544941.0,12600116.0,12051663.0,3338629.0,3036825.0,608327.0,729104.0,1345202.0,1418064.0,1575512.0,548453.0,2024772.0,1476319.0,16498157.0,13582429.0,735452.0,9392167.0,2915729.0,16196837.0,14031216.0
2023-06-01,18772996.0,6086664.0,2136739.0,750507.0,479854.0,629212.0,277166.0,3949925.0,1433934.0,508730.0,455943.0,1551318.0,12686332.0,12131507.0,3348890.0,3042302.0,613314.0,745012.0,1354047.0,1450222.0,1577720.0,554826.0,2032800.0,1477974.0,16599577.0,13665249.0,739485.0,9468462.0,2934329.0,16266876.0,14094270.0
2023-07-01,18884215.0,6110483.0,2151134.0,751005.0,480666.0,640836.0,278627.0,3959348.0,1438736.0,517349.0,441693.0,1561571.0,12773732.0,12220530.0,3394401.0,3062989.0,620614.0,750269.0,1363967.0,1452804.0,1575487.0,553202.0,2034059.0,1480857.0,16693459.0,13740944.0,752019.0,9510890.0,2952515.0,16376048.0,14186097.0
2023-08-01,18953262.0,6159304.0,2150315.0,752923.0,480677.0,636680.0,280035.0,4008989.0,1444383.0,520385.0,477243.0,1566978.0,12793958.0,12240776.0,3409658.0,3072803.0,618666.0,745574.0,1368625.0,1446409.0,1579041.0,553182.0,2037006.0,1483824.0,16723228.0,13754425.0,785651.0,9516747.0,2968803.0,16455389.0,14226152.0
2023-09-01,19048067.0,6179983.0,2145711.0,743483.0,477991.0,646214.0,278023.0,4034272.0,1443727.0,519173.0,492161.0,1579210.0,12868085.0,12306728.0,3428873.0,3089669.0,627875.0,743903.0,1385172.0,1435794.0,1595442.0,561356.0,2053512.0,1492156.0,16803829.0,13816033.0,800511.0,9571939.0,2987796.0,16547542.0,14304094.0
2023-10-01,19109352.0,6174180.0,2134086.0,736152.0,476492.0,642855.0,278587.0,4040094.0,1449316.0,518218.0,481288.0,1591272.0,12935172.0,12372668.0,3447485.0,3125348.0,629638.0,745086.0,1386750.0,1429513.0,1608849.0,562504.0,2075693.0,1513190.0,16869192.0,13864460.0,790843.0,9620885.0,3004732.0,16603772.0,14364396.0
2023-11-01,19178922.0,6150142.0,2124956.0,723190.0,479442.0,640151.0,282174.0,4025186.0,1453358.0,518031.0,458072.0,1595725.0,13028780.0,12465004.0,3465874.0,3151462.0,634800.0,749095.0,1400958.0,1445623.0,1617193.0,563775.0,2093213.0,1529438.0,16959108.0,13935432.0,766455.0,9696720.0,3023677.0,16651556.0,14432521.0
2023-12-01,19283525.0,6170557.0,2139365.0,729821.0,477064.0,647235.0,285245.0,4031192.0,1451359.0,524411.0,452366.0,1603055.0,13112968.0,12547726.0,3470928.0,3177875.0,628614.0,756610.0,1406041.0,1480763.0,1626894.0,565242.0,2109996.0,1544754.0,17083234.0,14042798.0,748931.0,9775966.0,3040437.0,16715307.0,14515790.0
2024-01-01,19303276.0,6095038.0,2105971.0,704083.0,479131.0,638601.0,284157.0,3989066.0,1450436.0,518403.0,439932.0,1580296.0,13208238.0,12637231.0,3503213.0,3214691.0,622292.0,751043.0,1403602.0,1502443.0,1639948.0,571007.0,2137568.0,1566561.0,17104167.0,14045408.0,748673.0,9840738.0,3058759.0,16715429.0,14517089.0
2024-02-01,19446475.0,6128827.0,2130912.0,720618.0,478446.0,645619.0,286230.0,3997915.0,1454771.0,521757.0,436456.0,1584930.0,13317648.0,12734224.0,3518507.0,3237621.0,634963.0,767321.0,1415025.0,1514974.0,1645814.0,583423.0,2160267.0,1576844.0,17249424.0,14173245.0,742280.0,9935645.0,3076179.0,16815823.0,14619537.0
2024-03-01,19581752.0,6185067.0,2142098.0,713556.0,481293.0,659052.0,288198.0,4042969.0,1465735.0,516403.0,455630.0,1605202.0,13396684.0,12802447.0,3541204.0,3250660.0,648207.0,770989.0,1411026.0,1528964.0,1651397.0,594238.0,2166701.0,1572463.0,17349420.0,14256088.0,766597.0,9992386.0,3093332.0,16937100.0,14705532.0
2024-04-01,19665702.0,6200150.0,2140606.0,721705.0,480681.0,651473.0,286747.0,4059544.0,1470499.0,524103.0,464471.0,1600472.0,13465551.0,12864898.0,3565216.0,3256062.0,657345.0,767713.0,1413310.0,1540287.0,1664965.0,600654.0,2160479.0,1559826.0,17413116.0,14303243.0,782086.0,10038062.0,3109873.0,16993443.0,14741620.0
2024-05-01,19758028.0,6236330.0,2158797.0,725590.0,483118.0,660697.0,289393.0,4077533.0,1470574.0,529019.0,460596.0,1617343.0,13521698.0,12910338.0,3585407.0,3273334.0,669255.0,768000.0,1419202.0,1538297.0,1656842.0,611361.0,2173020.0,1561659.0,17505857.0,14379457.0,781597.0,10074297.0,3126400.0,17080578.0,14829169.0
2024-06-01,19844548.0,6236662.0,2156175.0,702455.0,491349.0,669084.0,293287.0,4080487.0,1475041.0,533662.0,438423.0,1633361.0,13607886.0,12986041.0,3605872.0,3296205.0,671296.0,771715.0,1422055.0,1544227.0,1674670.0,621845.0,2196284.0,1574440.0,17603454.0,14463887.0,766054.0,10140688.0,3139567.0,17143354.0,14903022.0
2024-07-01,19949519.0,6284969.0,2181197.0,735122.0,491665.0,664137.0,290273.0,4103772.0,1484814.0,532151.0,445023.0,1641785.0,13664551.0,13033385.0,3613334.0,3321849.0,662394.0,773003.0,1426866.0,1560632.0,1675307.0,631166.0,2226839.0,1595673.0,17701362.0,14546038.0,763343.0,10190906.0,3155325.0,17222020.0,14974629.0
2024-08-01,20001295.0,6259481.0,2170859.0,723403.0,491193.0,665662.0,290602.0,4088621.0,1479222.0,530821.0,433492.0,1645086.0,13741814.0,13109217.0,3628765.0,3345177.0,661835.0,780757.0,1432837.0,1578977.0,1680869.0,632597.0,2242897.0,1610300.0,17773479.0,14600398.0,748594.0,10253632.0,3173081.0,17253773.0,15026726.0
2024-09-01,20147639.0,6330202.0,2199746.0,736269.0,497873.0,669715.0,295889.0,4130456.0,1494708.0,533644.0,430833.0,1671272.0,13817437.0,13184286.0,3648464.0,3373330.0,662789.0,780947.0,1440868.0,1587234.0,1690653.0,633151.0,2252153.0,1619002.0,17902478.0,14715400.0,750453.0,10310739.0,3187078.0,17383226.0,15138839.0
2024-10-01,20226006.0,6334652.0,2210082.0,737600.0,497885.0,675743.0,298854.0,4124570.0,1499549.0,535866.0,422138.0,1667017.0,13891354.0,13260594.0,3662824.0,3387940.0,667608.0,786558.0,1450209.0,1598671.0,1706783.0,630760.0,2250435.0,1619675.0,17987013.0,14784183.0,739444.0,10371218.0,3202830.0,17434825.0,15196612.0
2024-11-01,20313595.0,6370740.0,2246464.0,769753.0,501154.0,679748.0,295808.0,4124276.0,1497770.0,540614.0,416151.0,1669742.0,13942855.0,13314755.0,3666523.0,3401504.0,670225.0,801069.0,1457275.0,1612146.0,1706013.0,628100.0,2250982.0,1622882.0,18090910.0,14876745.0,724915.0,10419925.0,3214165.0,17509808.0,15287910.0
2024-12-01,20514276.0,6476238.0,2294108.0,803197.0,506431.0,685260.0,299221.0,4182130.0,1511744.0,546029.0,443170.0,1681187.0,14038038.0,13418986.0,3704351.0,3421515.0,697868.0,805469.0,1455308.0,1618222.0,1716253.0,619052.0,2250868.0,1631816.0,18225774.0,14998591.0,776758.0,10477266.0,3227183.0,17693622.0,15405915.0
2025-01-01,20462229.0,6383097.0,2198046.0,729350.0,499241.0,675600.0,293856.0,4185052.0,1513846.0,543535.0,452192.0,1675479.0,14079132.0,13463811.0,3741847.0,3432232.0,686133.0,804061.0,1461226.0,1618272.0,1720040.0,615321.0,2257831.0,1642511.0,18139279.0,14898513.0,809104.0,10481454.0,3240766.0,17653523.0,15331378.0
2025-02-01,20519769.0,6418395.0,2209198.0,729868.0,502829.0,681525.0,294975.0,4209198.0,1518755.0,546057.0,447523.0,1696863.0,14101374.0,13491014.0,3738579.0,3449137.0,678528.0,795342.0,1454147.0,1644638.0,1730643.0,610360.0,2265533.0,1655173.0,18213053.0,14960257.0,787961.0,10508140.0,3252796.0,17703318.0,15397416.0
2025-03-01,20682955.0,6495412.0,2300213.0,808391.0,507315.0,688004.0,296502.0,4195199.0,1520785.0,552408.0,416376.0,1705630.0,14187543.0,13575934.0,3745944.0,3463592.0,685885.0,799833.0,1476145.0,1649943.0,1754592.0,611609.0,2273038.0,1661429.0,18413745.0,15145392.0,748425.0,10587140.0,3268353.0,17830447.0,15562059.0
2025-04-01,20746410.0,6487770.0,2296633.0,810139.0,506927.0,682661.0,296906.0,4191137.0,1519518.0,550161.0,418412.0,1703046.0,14258640.0,13658655.0,3771063.0,3493991.0,692656.0,807377.0,1488372.0,1652634.0,1752563.0,599985.0,2278371.0,1678386.0,18466666.0,15183470.0,760226.0,10633630.0,3283195.0,17909396.0,15630484.0
2025-05-01,20755004.0,6437232.0,2246980.0,753715.0,505418.0,690045.0,297802.0,4190252.0,1518337.0,555661.0,401624.0,1714630.0,14317772.0,13715453.0,3782936.0,3512091.0,700010.0,813927.0,1491350.0,1650636.0,1764503.0,602319.0,2290422.0,1688103.0,18493693.0,15198586.0,742974.0,10681315.0,3295107.0,17899363.0,15638893.0
2025-06-01,20868365.0,6488324.0,2253573.0,747674.0,509464.0,696867.0,299569.0,4234751.0,1527657.0,562048.0,413058.0,1731988.0,14380041.0,13789837.0,3802693.0,3537740.0,698383.0,813187.0,1499185.0,1668994.0,1769655.0,590204.0,2293728.0,1703524.0,18579584.0,15272109.0,761124.0,10724500.0,3307475.0,18008124.0,15720192.0
2025-07-01,21007264.0,6521612.0,2280276.0,764255.0,509497.0,702040.0,304484.0,4241336.0,1533810.0,565776.0,401720.0,1740030.0,14485652.0,13884300.0,3809516.0,3567179.0,700596.0,819409.0,1501097.0,1699354.0,1787149.0,601352.0,2317682.0,1716330.0,18729470.0,15409659.0,743984.0,10823577.0,3319811.0,18100837.0,15823901.0
2025-08-01,21123787.0,6555592.0,2281761.0,757798.0,509366.0,708989.0,305608.0,4273831.0,1541550.0,571493.0,411210.0,1749578.0,14568195.0,13960440.0,3815460.0,3598302.0,712192.0,828082.0,1509061.0,1706519.0,1790825.0,607754.0,2341921.0,1734166.0,18838666.0,15503333.0,743570.0,10900501.0,3335333.0,18202694.0,15918440.0
2025-09-01,21202446.0,6559703.0,2269838.0,759992.0,505128.0,699770.0,304948.0,4289865.0,1538736.0,567059.0,430337.0,1753734.0,14642743.0,14030434.0,3828605.0,3619165.0,719088.0,827739.0,1512346.0,1717299.0,1806192.0,612309.0,2354927.0,1742618.0,18896284.0,15552725.0,767426.0,10962095.0,3343559.0,18259299.0,15954010.0
2025-10-01,21288128.0,6561157.0,2271419.0,741827.0,510314.0,710549.0,308729.0,4289737.0,1542054.0,574337.0,413889.0,1759457.0,14726971.0,14107960.0,3844581.0,3631548.0,725107.0,833611.0,1512198.0,1744043.0,1816872.0,619011.0,2364009.0,1744998.0,18987096.0,15635397.0,758977.0,11030184.0,3351699.0,18301804.0,16001655.0
2025-11-01,21355995.0,6592968.0,2288951.0,751597.0,512197.0,716762.0,308394.0,4304018.0,1540620.0,577790.0,427766.0,1757843.0,14763027.0,14150098.0,3853486.0,3649432.0,721197.0,833602.0,1518359.0,1754668.0,1819354.0,612928.0,2364339.0,1751410.0,19041839.0,15681928.0,773537.0,11057345.0,3359910.0,18368862.0,16055596.0
2025-12-01,21445932.0,6595224.0,2288072.0,751405.0,510380.0,718533.0,307754.0,4307152.0,1543399.0,574839.0,434130.0,1754785.0,14850708.0,14235007.0,3879856.0,3664430.0,724596.0,854407.0,1518365.0,1771096.0,1822258.0,615701.0,2369554.0,1753853.0,19110233.0,15736821.0,792300.0,11119126.0,3373412.0,18422738.0,16087937.0
2026-01-01,21509050.0,6560043.0,2262291.0,708476.0,516734.0,725116.0,311965.0,4297752.0,1550035.0,574395.0,415728.0,1757594.0,14949007.0,14305348.0,3896559.0,3682717.0,729247.0,857054.0,1513143.0,1797499.0,1829129.0,643659.0,2398242.0,1754583.0,19180884.0,15796569.0,778131.0,11202290.0,3384314.0,18437037.0,16109776.0
2026-02-01,21655752.0,6663095.0,2332521.0,758794.0,521326.0,736474.0,315926.0,4330574.0,1543722.0,588233.0,422329.0,1776291.0,14992657.0,14337363.0,3900237.0,3682522.0,745914.0,847988.0,1522378.0,1808634.0,1829690.0,655294.0,2407344.0,1752050.0,19335000.0,15940719.0,777030.0,11243675.0,3394281.0,18560805.0,16240965.0
2026-03-01,21868331.0,6809188.0,2372059.0,784932.0,527346.0,742967.0,316815.0,4437129.0,1553307.0,593384.0,502559.0,1787879.0,15059142.0,14393786.0,3908032.0,3693680.0,751539.0,852107.0,1525439.0,1822691.0,1840299.0,665356.0,2424722.0,1759365.0,19462967.0,16056641.0,852056.0,11303320.0,3406325.0,18743079.0,16338633.0
2026-04-01,21979442.0,6853148.0,2372487.0,775734.0,527541.0,751110.0,318102.0,4480661.0,1562791.0,590368.0,531404.0,1796097.0,15126295.0,14451052.0,3930735.0,3700141.0,752864.0,864176.0,1536753.0,1818829.0,1847556.0,675243.0,2439238.0,1763995.0,19534736.0,16107140.0,881915.0,11348188.0,3427596.0,18834758.0,16390975.0
