date,TOTAL,LABOR,A034RC,A132RC,B202RC,A038RC,B040RC,B039RC,A041RC,B042RC,A045RC,A048RC,W210RC,A064RC,B703RC,A577RC,A063RC,W823RC,W824RC,W729RC,W825RC,W826RC,W827RC,B931RC,A061RC,W055RC,A067RC,A068RC,DPCERC,B069RC,W211RC,W062RC,B070RC,A071RC,A072RC,W875RX,A067RX,A229RC,A229RX,B230RC,A067RCM,PF000969,A067RM,CAPITAL,TRANSFER
1988-01-01,4128213.0,2837948.0,2349396.0,1910333.0,439063.0,488553.0,310331.0,178222.0,316535.0,33649.0,282885.0,21079.0,815029.0,700488.0,114541.0,486757.0,467289.0,212100.0,83184.0,50496.0,13598.0,16632.0,91279.0,19468.0,-349135.0,505947.0,3622266.0,3336976.0,3213729.0,98450.0,24797.0,14075.0,10722.0,285291.0,7.9,6765863.0,6730208.0,14842.0,27576.0,244056.0,0.7,1.2,0.3,1152643.0,137622.0
1988-02-01,4152982.0,2858650.0,2367271.0,1925714.0,441557.0,491378.0,312077.0,179301.0,320167.0,33466.0,286701.0,21116.0,816950.0,700507.0,116443.0,487292.0,467685.0,211728.0,83388.0,50712.0,14001.0,16260.0,91596.0,19607.0,-351192.0,502078.0,3650904.0,3344988.0,3221419.0,98694.0,24875.0,14153.0,10722.0,305916.0,8.4,6800912.0,6773479.0,14950.0,27737.0,244205.0,0.8,0.2,0.6,1158233.0,136100.0
1988-03-01,4178303.0,2876081.0,2381881.0,1937299.0,444583.0,494200.0,314022.0,180178.0,320779.0,32793.0,287986.0,20956.0,817653.0,698920.0,118732.0,495738.0,476013.0,216624.0,83736.0,51396.0,14101.0,17892.0,92264.0,19725.0,-352904.0,498184.0,3680119.0,3384581.0,3260540.0,99088.0,24953.0,14231.0,10722.0,295538.0,8.0,6808795.0,6804273.0,15060.0,27845.0,244362.0,0.8,1.2,0.5,1159388.0,142834.0
1988-04-01,4209491.0,2905624.0,2407459.0,1960983.0,446476.0,498166.0,316154.0,182012.0,323878.0,30787.0,293091.0,20593.0,823501.0,702030.0,121471.0,492265.0,472333.0,214224.0,84360.0,51696.0,12969.0,16416.0,92668.0,19932.0,-356370.0,497433.0,3712059.0,3388011.0,3262972.0,99655.0,25384.0,14672.0,10712.0,324048.0,8.7,6839639.0,6830130.0,15181.0,27932.0,244528.0,0.9,0.1,0.4,1167972.0,135895.0
1988-05-01,4225876.0,2920595.0,2419249.0,1970756.0,448493.0,501346.0,318502.0,182844.0,319839.0,26339.0,293501.0,20268.0,829864.0,705738.0,124125.0,493272.0,473173.0,213036.0,84936.0,52224.0,13273.0,16872.0,92832.0,20099.0,-357963.0,496761.0,3729114.0,3419349.0,3293642.0,100237.0,25470.0,14758.0,10712.0,309765.0,8.3,6848080.0,6841678.0,15239.0,27959.0,244708.0,0.5,0.9,0.2,1169971.0,135309.0
1988-06-01,4258949.0,2943156.0,2437892.0,1987347.0,450545.0,505264.0,321025.0,184239.0,323781.0,25106.0,298674.0,19982.0,837579.0,710679.0,126900.0,495044.0,474745.0,213348.0,85572.0,52692.0,13274.0,16776.0,93083.0,20299.0,-360594.0,499222.0,3759727.0,3444949.0,3318535.0,100855.0,25559.0,14847.0,10712.0,314778.0,8.4,6876146.0,6868514.0,15351.0,28045.0,244914.0,0.8,0.7,0.4,1181342.0,134450.0
1988-07-01,4298819.0,2965983.0,2456478.0,2004542.0,451936.0,509504.0,323753.0,185751.0,331047.0,30483.0,300564.0,19738.0,848358.0,718838.0,129520.0,497163.0,476657.0,213996.0,86268.0,53196.0,12861.0,16620.0,93716.0,20506.0,-363469.0,504444.0,3794375.0,3469738.0,3342733.0,101507.0,25498.0,14971.0,10527.0,324637.0,8.6,6911475.0,6898238.0,15479.0,28141.0,245131.0,0.9,0.7,0.4,1199143.0,133694.0
1988-08-01,4322950.0,2970262.0,2457760.0,2003664.0,454096.0,512502.0,326690.0,185812.0,336260.0,30380.0,305880.0,20778.0,859483.0,726962.0,132521.0,499918.0,479165.0,214344.0,87024.0,53616.0,13772.0,16644.0,93765.0,20753.0,-363751.0,506185.0,3816766.0,3495704.0,3367972.0,102136.0,25596.0,15069.0,10527.0,321062.0,8.4,6929765.0,6918406.0,15556.0,28198.0,245352.0,0.6,0.7,0.3,1216521.0,136167.0
1988-09-01,4352522.0,2991277.0,2474325.0,2016800.0,457524.0,516953.0,329849.0,187104.0,333482.0,25430.0,308051.0,23095.0,869203.0,734342.0,134861.0,501752.0,480725.0,214128.0,87852.0,54216.0,13063.0,16908.0,94558.0,21027.0,-366288.0,509374.0,3843148.0,3503429.0,3374992.0,102737.0,25700.0,15173.0,10527.0,339719.0,8.8,6946179.0,6932430.0,15649.0,28229.0,245579.0,0.7,0.2,0.2,1225780.0,135464.0
1988-10-01,4391062.0,3027856.0,2505083.0,2044573.0,460510.0,522773.0,333206.0,189567.0,325734.0,17312.0,308423.0,26685.0,877884.0,740637.0,137247.0,503900.0,482497.0,214404.0,88608.0,54816.0,12773.0,16752.0,95144.0,21403.0,-370998.0,514595.0,3876467.0,3543166.0,3413661.0,103041.0,26464.0,15267.0,11197.0,333301.0,8.6,6989091.0,6969862.0,15772.0,28357.0,245789.0,0.9,1.1,0.5,1230303.0,132902.0
1988-11-01,4402503.0,3029237.0,2502915.0,2038748.0,464168.0,526322.0,336754.0,189568.0,323032.0,14486.0,308546.0,28135.0,886360.0,747186.0,139174.0,506913.0,485173.0,214512.0,89664.0,55308.0,13276.0,16764.0,95649.0,21740.0,-371175.0,515899.0,3886604.0,3560847.0,3430226.0,104030.0,26591.0,15394.0,11197.0,325757.0,8.4,6988013.0,6971893.0,15801.0,28344.0,245970.0,0.3,0.5,0.0,1237527.0,135738.0
1988-12-01,4438560.0,3049160.0,2517677.0,2052184.0,465493.0,531483.0,340485.0,190998.0,331757.0,21242.0,310515.0,27466.0,894619.0,754503.0,140116.0,509503.0,486913.0,214548.0,90876.0,55956.0,12975.0,16284.0,96274.0,22590.0,-373945.0,521145.0,3917415.0,3591912.0,3459729.0,105444.0,26739.0,15542.0,11197.0,325502.0,8.3,7026029.0,7005211.0,15915.0,28460.0,246140.0,0.8,0.9,0.5,1253842.0,135558.0
1989-01-01,4501466.0,3070521.0,2536534.0,2069188.0,467346.0,533987.0,344389.0,189598.0,343217.0,31148.0,312069.0,24688.0,913946.0,768872.0,145074.0,525977.0,503127.0,223296.0,92616.0,56688.0,13534.0,17568.0,99425.0,22850.0,-376884.0,548097.0,3953369.0,3618233.0,3483745.0,107557.0,26931.0,15784.0,11147.0,335135.0,8.5,7072734.0,7033381.0,16051.0,28556.0,246301.0,0.9,0.7,0.4,1281851.0,149093.0
1989-02-01,4529623.0,3073275.0,2535371.0,2065714.0,469658.0,537904.0,348202.0,189702.0,350622.0,39904.0,310718.0,22786.0,930819.0,783327.0,147492.0,529430.0,506031.0,224088.0,93864.0,57444.0,13433.0,17364.0,99838.0,23399.0,-377309.0,552129.0,3977494.0,3624246.0,3488011.0,109159.0,27076.0,15929.0,11147.0,353248.0,8.9,7092963.0,7052714.0,16139.0,28617.0,246454.0,0.6,0.2,0.3,1304227.0,152121.0
1989-03-01,4570183.0,3093383.0,2550513.0,2079131.0,471382.0,542870.0,351850.0,191020.0,350458.0,39103.0,311355.0,21761.0,945559.0,795273.0,150287.0,538931.0,515367.0,230328.0,94992.0,58128.0,13737.0,17376.0,100806.0,23564.0,-379909.0,558412.0,4011771.0,3636453.0,3498760.0,110496.0,27197.0,16050.0,11147.0,375318.0,9.4,7121463.0,7087050.0,16267.0,28736.0,246626.0,0.9,0.3,0.5,1317778.0,159022.0
1989-04-01,4582500.0,3114187.0,2566288.0,2092248.0,474040.0,547898.0,355402.0,192497.0,342157.0,33893.0,308263.0,21607.0,950407.0,797442.0,152965.0,536884.0,513575.0,227244.0,95892.0,58920.0,13562.0,16884.0,101073.0,23309.0,-382742.0,565101.0,4017399.0,3682233.0,3542964.0,111644.0,27625.0,16196.0,11429.0,335166.0,8.3,7099535.0,7050018.0,16277.0,28564.0,246814.0,0.1,1.3,-0.5,1314171.0,154142.0
1989-05-01,4579362.0,3106403.0,2555875.0,2078946.0,476928.0,550529.0,358826.0,191703.0,339143.0,32412.0,306731.0,21243.0,956357.0,801254.0,155103.0,537727.0,514631.0,225600.0,96876.0,59424.0,13763.0,17436.0,101532.0,23096.0,-381511.0,566077.0,4013285.0,3692011.0,3551782.0,112507.0,27722.0,16293.0,11429.0,321274.0,8.0,7066744.0,7017174.0,16247.0,28408.0,247010.0,-0.1,0.3,-0.5,1316743.0,156216.0
1989-06-01,4602221.0,3123065.0,2568237.0,2088545.0,479692.0,554828.0,362098.0,192730.0,337258.0,31408.0,305850.0,20662.0,963016.0,805919.0,157096.0,541795.0,518807.0,227460.0,97848.0,60372.0,13763.0,17208.0,102156.0,22988.0,-383574.0,568903.0,4033318.0,3707541.0,3566555.0,113168.0,27819.0,16390.0,11429.0,325776.0,8.1,7084031.0,7036736.0,16314.0,28463.0,247228.0,0.5,0.4,0.3,1320936.0,158221.0
1989-07-01,4628472.0,3149080.0,2589447.0,2107606.0,481842.0,559633.0,365242.0,194391.0,334970.0,30348.0,304622.0,19868.0,967113.0,808360.0,158753.0,544175.0,521039.0,226728.0,98808.0,61080.0,14385.0,17280.0,102758.0,23136.0,-386734.0,571393.0,4057079.0,3727342.0,3585694.0,113672.0,27976.0,16579.0,11397.0,329738.0,8.1,7108633.0,7061261.0,16395.0,28535.0,247458.0,0.6,0.5,0.3,1321951.0,157441.0
1989-08-01,4639139.0,3148845.0,2586434.0,2101162.0,485272.0,562412.0,368257.0,194155.0,338842.0,30172.0,308670.0,19779.0,970396.0,810148.0,160249.0,547675.0,524447.0,227952.0,99720.0,61872.0,14788.0,17184.0,102931.0,23228.0,-386399.0,570750.0,4068389.0,3762934.0,3620641.0,114220.0,28073.0,16676.0,11397.0,305455.0,7.5,7120192.0,7080035.0,16425.0,28584.0,247695.0,0.3,1.0,0.3,1329017.0,161276.0
1989-09-01,4662347.0,3167210.0,2600872.0,2112628.0,488244.0,566338.0,371125.0,195213.0,337659.0,30401.0,307258.0,20380.0,973756.0,811416.0,162340.0,551778.0,528563.0,228732.0,100608.0,62808.0,14687.0,16992.0,104736.0,23215.0,-388436.0,572601.0,4089746.0,3764905.0,3621864.0,114868.0,28173.0,16776.0,11397.0,324841.0,7.9,7137549.0,7101393.0,16495.0,28641.0,247942.0,0.5,0.1,0.3,1331795.0,163342.0
1989-10-01,4703049.0,3202702.0,2631416.0,2141022.0,490394.0,571286.0,373785.0,197501.0,338496.0,31925.0,306571.0,20851.0,977682.0,812403.0,165279.0,555996.0,532827.0,227376.0,101520.0,63708.0,15622.0,17124.0,107477.0,23169.0,-392679.0,576867.0,4126182.0,3778689.0,3633599.0,115856.0,29235.0,17001.0,12234.0,347493.0,8.4,7172849.0,7136750.0,16626.0,28757.0,248174.0,0.9,0.4,0.5,1337029.0,163317.0
1989-11-01,4718073.0,3205627.0,2631817.0,2138757.0,493060.0,573810.0,376410.0,197400.0,340044.0,32497.0,307547.0,21992.0,982364.0,814723.0,167641.0,560619.0,537531.0,231144.0,102312.0,64440.0,15823.0,17040.0,106772.0,23088.0,-392574.0,578675.0,4139398.0,3789116.0,3643294.0,116501.0,29321.0,17087.0,12234.0,350282.0,8.5,7175142.0,7143981.0,16666.0,28762.0,248380.0,0.3,0.3,0.1,1344400.0,168045.0
1989-12-01,4735679.0,3220917.0,2643807.0,2148392.0,495415.0,577110.0,378944.0,198166.0,340684.0,33082.0,307602.0,22655.0,985542.0,817989.0,167552.0,559902.0,536895.0,228612.0,103044.0,65172.0,15823.0,17112.0,107132.0,23007.0,-394021.0,583813.0,4151866.0,3830615.0,3684184.0,117042.0,29389.0,17155.0,12234.0,321251.0,7.7,7185883.0,7144736.0,16703.0,28743.0,248569.0,0.3,1.1,0.0,1348881.0,165881.0
1990-01-01,4783793.0,3244042.0,2658744.0,2159011.0,499733.0,585298.0,384998.0,200301.0,347403.0,34282.0,313120.0,22722.0,993166.0,823387.0,169779.0,576861.0,553500.0,240696.0,103584.0,65568.0,16817.0,17580.0,109255.0,23361.0,-400401.0,575378.0,4208415.0,3876926.0,3730696.0,117009.0,29221.0,17171.0,12050.0,331489.0,7.9,7184915.0,7187448.0,16919.0,28895.0,248743.0,1.4,1.2,0.6,1363291.0,176460.0
1990-02-01,4819795.0,3275751.0,2687158.0,2184554.0,502604.0,588593.0,386270.0,202322.0,345471.0,34627.0,310845.0,22959.0,996726.0,826345.0,170380.0,579219.0,555936.0,240264.0,104280.0,66480.0,16414.0,18504.0,109994.0,23283.0,-400331.0,583478.0,4236317.0,3874803.0,3728233.0,117259.0,29312.0,17262.0,12050.0,361514.0,8.5,7210543.0,7203302.0,17019.0,28938.0,248920.0,0.7,-0.1,0.2,1365156.0,178888.0
1990-03-01,4842676.0,3298495.0,2707397.0,2199236.0,508161.0,591098.0,387573.0,203525.0,343941.0,34504.0,309437.0,23730.0,998297.0,827163.0,171134.0,582396.0,559200.0,242112.0,104988.0,67668.0,16113.0,17628.0,110691.0,23196.0,-404182.0,588712.0,4253964.0,3901669.0,3754915.0,117312.0,29442.0,17392.0,12050.0,352295.0,8.3,7216775.0,7206076.0,17074.0,28923.0,249146.0,0.4,0.7,0.0,1365968.0,178214.0
1990-04-01,4883793.0,3326026.0,2731940.0,2219144.0,512796.0,594086.0,388861.0,205225.0,349304.0,33173.0,316132.0,24943.0,1000357.0,828294.0,172064.0,587406.0,564276.0,243588.0,105780.0,68964.0,16660.0,17676.0,111608.0,23130.0,-404243.0,592947.0,4290847.0,3916791.0,3769991.0,117315.0,29485.0,17683.0,11802.0,374055.0,8.7,7262748.0,7253381.0,17202.0,29079.0,249436.0,0.9,0.4,0.7,1374604.0,183163.0
1990-05-01,4889498.0,3328096.0,2732932.0,2211482.0,521450.0,595164.0,390227.0,204938.0,351490.0,32667.0,318823.0,26551.0,999584.0,830300.0,169285.0,589236.0,566280.0,242376.0,106524.0,70224.0,17468.0,17712.0,111976.0,22956.0,-405460.0,593488.0,4296010.0,3922883.0,3775774.0,117438.0,29671.0,17869.0,11802.0,373127.0,8.7,7252923.0,7245752.0,17204.0,29017.0,249707.0,0.1,0.2,-0.1,1377625.0,183776.0
1990-06-01,4919257.0,3350012.0,2751625.0,2229663.0,521962.0,598387.0,391677.0,206711.0,352556.0,32260.0,320296.0,28468.0,1004343.0,833935.0,170408.0,594747.0,572004.0,245412.0,107268.0,71844.0,17064.0,17496.0,112920.0,22743.0,-410871.0,597398.0,4321859.0,3952207.0,3804496.0,117832.0,29878.0,18076.0,11802.0,369652.0,8.6,7261723.0,7257272.0,17288.0,29030.0,249990.0,0.6,0.7,0.2,1385367.0,183876.0
1990-07-01,4948170.0,3370671.0,2769271.0,2245368.0,523903.0,601400.0,393167.0,208233.0,356408.0,32245.0,324163.0,30696.0,1008097.0,837022.0,171075.0,596138.0,573840.0,243552.0,108000.0,73332.0,18063.0,17592.0,113301.0,22298.0,-413840.0,599842.0,4348328.0,3971338.0,3821712.0,118680.0,30947.0,18407.0,12540.0,376989.0,8.7,7289861.0,7283657.0,17374.0,29101.0,250285.0,0.6,0.5,0.4,1395201.0,182298.0
1990-08-01,4949922.0,3362710.0,2760209.0,2237187.0,523022.0,602501.0,394678.0,207824.0,359690.0,31823.0,327867.0,31935.0,1011200.0,840023.0,171177.0,597711.0,575844.0,242880.0,108744.0,74952.0,17458.0,17568.0,114242.0,21867.0,-413323.0,599491.0,4350431.0,3998710.0,3848288.0,119230.0,31192.0,18652.0,12540.0,351721.0,8.1,7242017.0,7239055.0,17360.0,28887.0,250595.0,0.0,0.7,-0.6,1402825.0,184388.0
1990-09-01,4978632.0,3384183.0,2778451.0,2253821.0,524630.0,605732.0,396286.0,209447.0,360714.0,31283.0,329430.0,32169.0,1011965.0,841684.0,170281.0,606163.0,584712.0,247704.0,109488.0,76500.0,18971.0,17520.0,114529.0,21451.0,-416562.0,602846.0,4375786.0,4021214.0,3870100.0,119659.0,31455.0,18915.0,12540.0,354572.0,8.1,7231308.0,7236794.0,17440.0,28843.0,250904.0,0.6,0.6,0.0,1404848.0,189601.0
1990-10-01,4966504.0,3369637.0,2763106.0,2236156.0,526950.0,606531.0,397961.0,208570.0,356985.0,30596.0,326390.0,31366.0,1010973.0,842765.0,168208.0,612694.0,591600.0,245148.0,110292.0,78336.0,20065.0,17628.0,120131.0,21094.0,-415152.0,600989.0,4365515.0,4022011.0,3870551.0,119706.0,31755.0,19268.0,12487.0,343503.0,7.9,7159475.0,7178723.0,17379.0,28578.0,251201.0,-0.2,0.0,-0.8,1399324.0,197542.0
1990-11-01,4973461.0,3375062.0,2766254.0,2236412.0,529843.0,608807.0,399637.0,209171.0,357687.0,29732.0,327955.0,31104.0,1010387.0,843669.0,166717.0,615733.0,595020.0,246084.0,111012.0,80316.0,20670.0,17688.0,119250.0,20713.0,-416511.0,600482.0,4372979.0,4023823.0,3871877.0,119873.0,32073.0,19586.0,12487.0,349156.0,8.0,7156865.0,7181913.0,17389.0,28558.0,251486.0,0.2,0.0,0.0,1399178.0,199222.0
1990-12-01,5004087.0,3399789.0,2787297.0,2253764.0,533533.0,612492.0,401345.0,211147.0,356178.0,28674.0,327504.0,31350.0,1013090.0,846982.0,166108.0,624100.0,603876.0,249804.0,111696.0,83544.0,22181.0,17652.0,118999.0,20224.0,-420420.0,600971.0,4403116.0,4013625.0,3861300.0,119895.0,32430.0,19943.0,12487.0,389491.0,8.8,7186759.0,7224709.0,17489.0,28697.0,251758.0,0.7,-0.3,0.6,1400618.0,203680.0
1991-01-01,4990442.0,3384425.0,2771279.0,2233911.0,537368.0,613146.0,403025.0,210121.0,346374.0,26583.0,319792.0,32186.0,1010976.0,838618.0,172358.0,636422.0,616796.0,259776.0,112152.0,82308.0,23535.0,18220.0,120805.0,19626.0,-419941.0,582263.0,4408179.0,3995296.0,3840994.0,119986.0,34316.0,20560.0,13756.0,412884.0,9.4,7117177.0,7205706.0,17492.0,28593.0,252012.0,0.1,-0.5,-0.3,1389536.0,216481.0
1991-02-01,4997080.0,3385233.0,2769724.0,2230056.0,539667.0,615509.0,405098.0,210411.0,347789.0,25970.0,321819.0,32962.0,1010260.0,833132.0,177128.0,641538.0,622400.0,260928.0,112896.0,83352.0,24239.0,18136.0,122849.0,19138.0,-420702.0,579916.0,4417164.0,4021354.0,3866693.0,119972.0,34690.0,20934.0,13756.0,395810.0,9.0,7116108.0,7216786.0,17511.0,28609.0,252253.0,0.2,0.7,0.2,1391011.0,220836.0
1991-03-01,5005784.0,3392939.0,2774183.0,2232295.0,541888.0,618756.0,407566.0,211190.0,348207.0,25961.0,322246.0,33760.0,1006270.0,827897.0,178374.0,646954.0,628256.0,263172.0,113724.0,85332.0,25246.0,17512.0,123270.0,18698.0,-422346.0,580138.0,4425647.0,4068119.0,3912999.0,120077.0,35043.0,21287.0,13756.0,357527.0,8.1,7120000.0,7229142.0,17527.0,28629.0,252507.0,0.2,1.2,0.2,1388237.0,224608.0
1991-04-01,5034280.0,3405213.0,2782601.0,2239071.0,543530.0,622612.0,410350.0,212262.0,352047.0,28015.0,324033.0,34563.0,1009759.0,830429.0,179331.0,657170.0,638888.0,262752.0,114696.0,90348.0,27333.0,19369.0,124390.0,18282.0,-424473.0,582924.0,4451356.0,4062920.0,3907079.0,120269.0,35572.0,21737.0,13835.0,388436.0,8.7,7136940.0,7257999.0,17610.0,28713.0,252778.0,0.6,-0.1,0.4,1396369.0,232697.0
1991-05-01,5055868.0,3420878.0,2794009.0,2248359.0,545650.0,626869.0,413472.0,213398.0,353114.0,28036.0,325078.0,35465.0,1011264.0,830300.0,180964.0,661961.0,644048.0,264552.0,115668.0,93132.0,27634.0,18084.0,124978.0,17913.0,-426815.0,585204.0,4470663.0,4089543.0,3933221.0,120419.0,35903.0,22068.0,13835.0,381120.0,8.5,7134813.0,7259450.0,17666.0,28687.0,253060.0,0.4,0.7,0.0,1399843.0,235146.0
1991-06-01,5090841.0,3456748.0,2823826.0,2274881.0,548945.0,632922.0,417001.0,215921.0,353874.0,27490.0,326384.0,36447.0,1010399.0,828443.0,181956.0,665069.0,647468.0,263556.0,116688.0,95688.0,27533.0,18155.0,125848.0,17601.0,-431697.0,589646.0,4501195.0,4097220.0,3940495.0,120492.0,36232.0,22397.0,13835.0,403975.0,9.0,7174475.0,7296741.0,17767.0,28801.0,253350.0,0.7,0.2,0.5,1400720.0,233372.0
1991-07-01,5086957.0,3449435.0,2813207.0,2262001.0,551206.0,636228.0,420801.0,215427.0,352971.0,24491.0,328480.0,37452.0,1012715.0,829807.0,182907.0,665242.0,647964.0,263712.0,117756.0,95232.0,26910.0,18312.0,126042.0,17278.0,-430858.0,587783.0,4499174.0,4123169.0,3965995.0,120327.0,36847.0,22793.0,14054.0,376005.0,8.4,7156612.0,7281980.0,17738.0,28709.0,253650.0,0.0,0.6,-0.2,1403138.0,234384.0
1991-08-01,5108425.0,3466700.0,2825232.0,2273748.0,551485.0,641468.0,424972.0,216496.0,352629.0,24203.0,328427.0,39204.0,1012479.0,829055.0,183424.0,670465.0,653460.0,266004.0,118860.0,98232.0,24693.0,18192.0,127479.0,17005.0,-433053.0,588704.0,4519721.0,4126391.0,3969105.0,120119.0,37167.0,23113.0,14054.0,393330.0,8.7,7166315.0,7298341.0,17797.0,28737.0,253966.0,0.5,0.1,0.2,1404312.0,237412.0
1991-09-01,5141537.0,3493636.0,2845808.0,2293623.0,552185.0,647828.0,429454.0,218374.0,355249.0,24742.0,330507.0,41654.0,1010941.0,826609.0,184332.0,676627.0,659832.0,265512.0,120012.0,101820.0,26205.0,17904.0,128379.0,16795.0,-436570.0,594225.0,4547312.0,4141899.0,3984708.0,119710.0,37481.0,23427.0,14054.0,405413.0,8.9,7185078.0,7317683.0,17883.0,28778.0,254280.0,0.6,0.4,0.3,1407844.0,240057.0
1991-10-01,5157652.0,3491698.0,2839515.0,2284213.0,555303.0,652183.0,434303.0,217881.0,358173.0,27229.0,330944.0,44756.0,1004770.0,820661.0,184109.0,694034.0,677508.0,265104.0,121092.0,110796.0,26849.0,18024.0,135643.0,16526.0,-435779.0,595474.0,4562178.0,4134248.0,3976045.0,119643.0,38560.0,23877.0,14683.0,427929.0,9.4,7169663.0,7327974.0,17921.0,28785.0,254576.0,0.3,-0.2,0.1,1407699.0,258255.0
1991-11-01,5177034.0,3511522.0,2853013.0,2295137.0,557875.0,658510.0,439593.0,218917.0,361993.0,28616.0,333378.0,46383.0,1001698.0,817721.0,183977.0,693286.0,676884.0,266028.0,122424.0,113064.0,26142.0,17796.0,131430.0,16402.0,-437848.0,598415.0,4578620.0,4161689.0,4003572.0,119254.0,38863.0,24180.0,14683.0,416931.0,9.1,7186315.0,7338370.0,17967.0,28796.0,254841.0,0.4,0.7,0.1,1410074.0,255438.0
1991-12-01,5233011.0,3547745.0,2881336.0,2321259.0,560077.0,666409.0,445221.0,221188.0,367486.0,30055.0,337431.0,48098.0,1002841.0,819593.0,183248.0,708942.0,692580.0,269352.0,123876.0,113628.0,35125.0,17868.0,132731.0,16362.0,-442101.0,602125.0,4630886.0,4178719.0,4020479.0,119080.0,39160.0,24477.0,14683.0,452168.0,9.8,7232831.0,7403605.0,18154.0,29024.0,255089.0,1.1,0.4,0.9,1418425.0,266841.0
1992-01-01,5264821.0,3562751.0,2887452.0,2324595.0,562857.0,675299.0,451349.0,223950.0,377560.0,32274.0,345286.0,48570.0,999552.0,815333.0,184219.0,722907.0,706415.0,277824.0,125796.0,108108.0,39227.0,18764.0,136696.0,16492.0,-446519.0,583041.0,4681780.0,4239303.0,4084653.0,118391.0,36259.0,24724.0,11535.0,442477.0,9.5,7251540.0,7474848.0,18336.0,29275.0,255331.0,1.1,1.4,1.0,1425682.0,276388.0
1992-02-01,5303203.0,3604863.0,2921178.0,2357227.0,563951.0,683685.0,456961.0,226725.0,378580.0,33486.0,345094.0,49721.0,996106.0,810927.0,185179.0,725631.0,709127.0,278052.0,127272.0,107760.0,38720.0,18956.0,138367.0,16504.0,-451698.0,589269.0,4713934.0,4254313.0,4099539.0,118245.0,36529.0,24994.0,11535.0,459621.0,9.8,7290070.0,7507235.0,18444.0,29374.0,255576.0,0.7,0.4,0.4,1424407.0,273933.0
1992-03-01,5323841.0,3619397.0,2929938.0,2364161.0,565778.0,689458.0,462092.0,227366.0,379980.0,32924.0,347055.0,51714.0,993199.0,807071.0,186128.0,732462.0,715955.0,279828.0,128628.0,108924.0,41153.0,18476.0,138946.0,16507.0,-452911.0,594381.0,4729460.0,4271717.0,4117009.0,117929.0,36778.0,25243.0,11535.0,457744.0,9.7,7294385.0,7513757.0,18485.0,29368.0,255848.0,0.3,0.4,0.1,1424893.0,279551.0
1992-04-01,5357404.0,3630807.0,2936161.0,2368168.0,567993.0,694646.0,466786.0,227860.0,389579.0,33635.0,355945.0,54574.0,994509.0,807444.0,187065.0,741772.0,725271.0,280908.0,129768.0,113268.0,42116.0,19200.0,140011.0,16501.0,-453838.0,601762.0,4755642.0,4287453.0,4131544.0,117739.0,38170.0,25567.0,12603.0,468190.0,9.8,7313181.0,7535019.0,18567.0,29418.0,256139.0,0.6,0.4,0.3,1438662.0,287934.0
1992-05-01,5392437.0,3654324.0,2954021.0,2384102.0,569919.0,700303.0,471115.0,229188.0,394012.0,34328.0,359685.0,57303.0,997203.0,809215.0,187989.0,745931.0,729459.0,282612.0,130980.0,115500.0,40386.0,18504.0,141477.0,16472.0,-456336.0,608309.0,4784128.0,4313959.0,4158382.0,117193.0,38385.0,25782.0,12603.0,470169.0,9.8,7352405.0,7570172.0,18656.0,29521.0,256437.0,0.6,0.6,0.5,1448518.0,289595.0
1992-06-01,5424018.0,3670570.0,2965766.0,2394208.0,571557.0,704804.0,474958.0,229847.0,402010.0,38099.0,363911.0,59922.0,1000182.0,811284.0,188898.0,749070.0,732663.0,281712.0,132168.0,117432.0,41098.0,18588.0,141665.0,16407.0,-457736.0,611436.0,4812582.0,4332223.0,4177056.0,116582.0,38585.0,25982.0,12603.0,480359.0,10.0,7384239.0,7601637.0,18745.0,29608.0,256742.0,0.6,0.4,0.4,1462114.0,291334.0
1992-07-01,5437094.0,3677800.0,2969332.0,2395551.0,573781.0,708468.0,478465.0,230003.0,405463.0,36855.0,368608.0,62506.0,995842.0,806048.0,189794.0,753563.0,737203.0,283080.0,133344.0,119496.0,40122.0,18468.0,142693.0,16360.0,-458080.0,612320.0,4824774.0,4366183.0,4204795.0,115868.0,45520.0,26218.0,19302.0,458591.0,9.5,7373498.0,7595863.0,18769.0,29549.0,257063.0,0.3,0.8,-0.1,1463811.0,295483.0
1992-08-01,5465079.0,3702063.0,2989024.0,2412812.0,576212.0,713038.0,481558.0,231480.0,408999.0,37005.0,371994.0,64665.0,992380.0,801703.0,190677.0,757786.0,741511.0,282636.0,134472.0,120876.0,38285.0,18276.0,146966.0,16275.0,-460814.0,616873.0,4848206.0,4381814.0,4220850.0,115273.0,45691.0,26389.0,19302.0,466392.0,9.6,7401018.0,7622568.0,18836.0,29615.0,257390.0,0.5,0.4,0.4,1466044.0,296972.0
1992-09-01,5452793.0,3685679.0,2971304.0,2395733.0,575571.0,714375.0,484158.0,230217.0,409090.0,36343.0,372747.0,65781.0,989165.0,797617.0,191548.0,761445.0,745267.0,282828.0,135588.0,121308.0,40429.0,18660.0,146454.0,16178.0,-458367.0,619410.0,4833383.0,4415866.0,4255267.0,114755.0,45844.0,26542.0,19302.0,417516.0,8.6,7363915.0,7586864.0,18756.0,29440.0,257704.0,-0.3,0.8,-0.5,1464036.0,303078.0
1992-10-01,5444917.0,3655022.0,2940462.0,2363693.0,576769.0,714559.0,486387.0,228172.0,419290.0,35494.0,383796.0,67960.0,992598.0,800192.0,192407.0,764460.0,748367.0,284664.0,136788.0,120216.0,38093.0,18096.0,150510.0,16093.0,-454414.0,625751.0,4819166.0,4440018.0,4284729.0,114060.0,41229.0,26703.0,14526.0,379147.0,7.9,7320953.0,7537915.0,18679.0,29216.0,258004.0,-0.3,0.5,-0.6,1479848.0,310046.0
1992-11-01,5467433.0,3679913.0,2962191.0,2383708.0,578483.0,717722.0,488214.0,229508.0,421388.0,34060.0,387329.0,70331.0,995955.0,802709.0,193246.0,756815.0,740879.0,282120.0,137760.0,120588.0,37273.0,18684.0,144454.0,15936.0,-456970.0,631473.0,4835960.0,4455707.0,4300488.0,113857.0,41362.0,26836.0,14526.0,380253.0,7.9,7353637.0,7549306.0,18724.0,29229.0,258280.0,0.3,0.4,0.2,1487674.0,299845.0
1992-12-01,5676824.0,3875781.0,3159659.0,2578519.0,581140.0,716122.0,489661.0,226461.0,415836.0,32585.0,383251.0,73825.0,998511.0,804445.0,194066.0,764602.0,748883.0,285048.0,138588.0,121500.0,38502.0,18768.0,146477.0,15719.0,-451731.0,659603.0,5017221.0,4491783.0,4336398.0,113900.0,41486.0,26960.0,14526.0,525438.0,10.5,7655000.0,7818625.0,19406.0,30241.0,258546.0,3.7,0.8,3.6,1488172.0,312871.0
1993-01-01,5534066.0,3728226.0,3000350.0,2418144.0,582206.0,727876.0,490580.0,237296.0,418785.0,28512.0,390273.0,77796.0,1001714.0,806847.0,194867.0,779858.0,764486.0,296388.0,143172.0,123684.0,34848.0,19332.0,147062.0,15372.0,-472313.0,614250.0,4919816.0,4499333.0,4340707.0,114426.0,44199.0,27930.0,16269.0,420483.0,8.5,7390676.0,7648123.0,19010.0,29552.0,258799.0,-1.9,0.2,-2.2,1498295.0,307545.0
1993-02-01,5568046.0,3759799.0,3029337.0,2446608.0,582729.0,730463.0,491612.0,238851.0,420032.0,28149.0,391883.0,81032.0,1002903.0,806984.0,195919.0,779717.0,764594.0,294492.0,143328.0,124452.0,33684.0,19212.0,149426.0,15123.0,-475437.0,617314.0,4950732.0,4514208.0,4355340.0,114556.0,44312.0,28043.0,16269.0,436524.0,8.8,7432459.0,7684541.0,19112.0,29666.0,259036.0,0.6,0.3,0.5,1503967.0,304280.0
1993-03-01,5564981.0,3748682.0,3018125.0,2434571.0,583554.0,730557.0,492768.0,237788.0,417945.0,29105.0,388840.0,83328.0,1003389.0,806167.0,197222.0,785291.0,770426.0,295824.0,143628.0,125064.0,36732.0,19632.0,149546.0,14865.0,-473654.0,619450.0,4945531.0,4511450.0,4352498.0,114530.0,44422.0,28153.0,16269.0,434081.0,8.8,7403862.0,7660754.0,19074.0,29546.0,259283.0,-0.1,-0.1,-0.3,1504662.0,311637.0
1993-04-01,5621831.0,3795940.0,3063848.0,2478585.0,585263.0,732092.0,494197.0,237895.0,427243.0,34052.0,393191.0,85261.0,1002378.0,803604.0,198774.0,784630.0,770018.0,297852.0,144084.0,123192.0,35364.0,19692.0,149834.0,14612.0,-473620.0,637389.0,4984442.0,4552953.0,4393413.0,114623.0,44917.0,28220.0,16697.0,431489.0,8.7,7473110.0,7700586.0,19204.0,29669.0,259547.0,0.8,0.9,0.5,1514882.0,311010.0
1993-05-01,5637926.0,3808502.0,3074140.0,2487595.0,586546.0,734362.0,495531.0,238831.0,431924.0,35307.0,396617.0,86800.0,1002374.0,801805.0,200569.0,783683.0,769322.0,296736.0,144684.0,124368.0,33684.0,19236.0,150614.0,14361.0,-475358.0,645313.0,4992613.0,4581781.0,4422366.0,114389.0,45026.0,28329.0,16697.0,410832.0,8.2,7476327.0,7689440.0,19216.0,29595.0,259822.0,0.2,0.6,-0.1,1521098.0,308325.0
1993-06-01,5632865.0,3796219.0,3061362.0,2473316.0,588046.0,734857.0,496990.0,237867.0,429469.0,35417.0,394052.0,88488.0,1002577.0,799972.0,202605.0,789816.0,775706.0,296604.0,145440.0,126876.0,37560.0,19548.0,149678.0,14110.0,-473704.0,647820.0,4985045.0,4599206.0,4439965.0,114100.0,45141.0,28444.0,16697.0,385839.0,7.7,7456512.0,7675133.0,19165.0,29507.0,260109.0,-0.2,0.4,-0.2,1520534.0,316112.0
1993-07-01,5660092.0,3822534.0,3084471.0,2493116.0,591355.0,738064.0,498577.0,239486.0,427172.0,32235.0,394937.0,90437.0,1001069.0,796190.0,204879.0,795942.0,782054.0,298476.0,146340.0,132840.0,34572.0,19164.0,150662.0,13888.0,-477062.0,654590.0,5005502.0,4627893.0,4468940.0,113084.0,45869.0,28555.0,17314.0,377609.0,7.5,7477057.0,7694340.0,19222.0,29547.0,260411.0,0.4,0.6,0.3,1518678.0,318880.0
1993-08-01,5682001.0,3846174.0,3104866.0,2513494.0,591372.0,741308.0,500166.0,241141.0,421440.0,22092.0,399347.0,92369.0,1001228.0,793842.0,207386.0,801151.0,787490.0,297972.0,147396.0,135660.0,36492.0,19284.0,150686.0,13661.0,-480361.0,660724.0,5021277.0,4639979.0,4481096.0,112889.0,45994.0,28680.0,17314.0,381298.0,7.6,7489946.0,7705440.0,19259.0,29555.0,260717.0,0.3,0.3,0.1,1515037.0,320790.0
1993-09-01,5675134.0,3833621.0,3091519.0,2498939.0,592580.0,742102.0,501850.0,240252.0,421702.0,23913.0,397789.0,94779.0,1001200.0,791078.0,210122.0,802754.0,789290.0,299208.0,148620.0,137004.0,35580.0,19128.0,149750.0,13464.0,-478922.0,662317.0,5012816.0,4670507.0,4511530.0,112852.0,46125.0,28811.0,17314.0,342309.0,6.8,7469101.0,7684383.0,19205.0,29440.0,261015.0,-0.2,0.7,-0.3,1517681.0,323832.0
1993-10-01,5669102.0,3819399.0,3076020.0,2482825.0,593195.0,743378.0,503744.0,239634.0,428841.0,29222.0,399619.0,97325.0,1000477.0,787392.0,213084.0,800763.0,787526.0,299412.0,149988.0,136176.0,32988.0,18792.0,150170.0,13237.0,-477702.0,665013.0,5004089.0,4693375.0,4532758.0,113566.0,47051.0,29053.0,17998.0,310714.0,6.2,7439481.0,7646925.0,19151.0,29266.0,261294.0,-0.2,0.5,-0.5,1526643.0,323061.0
1993-11-01,5694415.0,3827342.0,3081467.0,2486868.0,594599.0,745875.0,505612.0,240263.0,442471.0,37891.0,404580.0,100120.0,1001206.0,784919.0,216287.0,802373.0,789314.0,299076.0,151524.0,135924.0,32472.0,19080.0,151238.0,13059.0,-479098.0,667024.0,5027391.0,4715025.0,4554053.0,113760.0,47212.0,29214.0,17998.0,312366.0,6.2,7461652.0,7668095.0,19222.0,29318.0,261550.0,0.5,0.5,0.3,1543797.0,323275.0
1993-12-01,5893798.0,4021032.0,3266580.0,2669905.0,596675.0,754452.0,507610.0,246842.0,448665.0,40382.0,408283.0,103219.0,1002860.0,783135.0,219725.0,809890.0,796994.0,303180.0,153216.0,136008.0,34200.0,19584.0,150806.0,12896.0,-491868.0,693850.0,5199948.0,4732558.0,4571141.0,114022.0,47394.0,29396.0,17998.0,467390.0,9.0,7752486.0,7929436.0,19863.0,30289.0,261796.0,3.4,0.4,3.4,1554744.0,318022.0
1994-01-01,5778992.0,3900583.0,3142576.0,2543293.0,599282.0,758008.0,509646.0,248362.0,446445.0,41887.0,404558.0,106867.0,1004757.0,781363.0,223394.0,816374.0,803484.0,307152.0,155088.0,136560.0,29052.0,19620.0,156012.0,12890.0,-496034.0,675104.0,5103888.0,4747039.0,4585136.0,113467.0,48437.0,29944.0,18493.0,356849.0,7.0,7565029.0,7780381.0,19479.0,29694.0,262021.0,-1.8,0.3,-1.9,1558069.0,320340.0
1994-02-01,5797973.0,3908202.0,3147862.0,2547068.0,600794.0,760340.0,511444.0,248896.0,451103.0,42122.0,408982.0,109106.0,1008920.0,782143.0,226778.0,817952.0,805164.0,308772.0,156912.0,136608.0,28404.0,19224.0,155244.0,12788.0,-497311.0,672681.0,5125292.0,4795188.0,4632580.0,113992.0,48616.0,30123.0,18493.0,330103.0,6.4,7574054.0,7794994.0,19545.0,29725.0,262237.0,0.4,1.0,0.2,1569129.0,320641.0
1994-03-01,5829436.0,3931370.0,3167701.0,2564507.0,603194.0,763669.0,513057.0,250612.0,453106.0,41339.0,411767.0,110960.0,1014694.0,784809.0,229885.0,820106.0,807360.0,310476.0,158712.0,136764.0,26424.0,20112.0,154872.0,12746.0,-500800.0,673215.0,5156221.0,4809437.0,4645953.0,114716.0,48768.0,30275.0,18493.0,346785.0,6.7,7597671.0,7820462.0,19643.0,29793.0,262491.0,0.6,0.3,0.3,1578760.0,319306.0
1994-04-01,5890542.0,3982058.0,3215679.0,2610481.0,605199.0,766379.0,514388.0,251991.0,453445.0,38318.0,415128.0,112219.0,1022851.0,790128.0,232722.0,823508.0,810792.0,311868.0,160464.0,137052.0,26652.0,19824.0,154932.0,12716.0,-503539.0,728253.0,5162289.0,4836621.0,4671080.0,116101.0,49440.0,30574.0,18866.0,325668.0,6.3,7676127.0,7820430.0,19647.0,29763.0,262754.0,0.1,0.6,0.0,1588515.0,319969.0
1994-05-01,5911087.0,3996976.0,3228242.0,2620779.0,607462.0,768735.0,515535.0,253199.0,454624.0,36621.0,418002.0,113489.0,1029730.0,794415.0,235314.0,822153.0,809376.0,311916.0,162180.0,137148.0,23628.0,19200.0,155304.0,12777.0,-505885.0,681718.0,5229369.0,4836375.0,4669499.0,117314.0,49563.0,30697.0,18866.0,392993.0,7.5,7698121.0,7910559.0,19882.0,30077.0,263014.0,1.3,0.0,1.2,1597843.0,316268.0
1994-06-01,5917476.0,3995563.0,3226042.0,2617224.0,608818.0,769521.0,516423.0,253098.0,454264.0,35020.0,419245.0,114670.0,1036049.0,798383.0,237665.0,822907.0,810036.0,311544.0,163848.0,137028.0,23064.0,19680.0,154872.0,12871.0,-505977.0,683547.0,5233929.0,4877425.0,4708909.0,118832.0,49683.0,30817.0,18866.0,356505.0,6.8,7687840.0,7898138.0,19879.0,29997.0,263294.0,0.1,0.8,-0.2,1604983.0,316930.0
1994-07-01,5946391.0,4019336.0,3247368.0,2636565.0,610803.0,771968.0,517221.0,254747.0,453978.0,33516.0,420462.0,115894.0,1043404.0,803624.0,239780.0,823127.0,810096.0,312624.0,165480.0,134508.0,22116.0,19608.0,155760.0,13031.0,-509348.0,691446.0,5254945.0,4892128.0,4720620.0,121353.0,50155.0,31069.0,19086.0,362818.0,6.9,7706883.0,7904970.0,19937.0,29991.0,263580.0,0.4,0.3,0.1,1613276.0,313779.0
1994-08-01,5968714.0,4027382.0,3254556.0,2642265.0,612291.0,772826.0,517667.0,255158.0,456934.0,32098.0,424836.0,116492.0,1050912.0,809251.0,241661.0,827449.0,814212.0,312864.0,167076.0,136044.0,22452.0,19932.0,155844.0,13237.0,-510454.0,695401.0,5273313.0,4935733.0,4762623.0,122840.0,50270.0,31184.0,19086.0,337580.0,6.4,7716252.0,7914435.0,19984.0,29994.0,263871.0,0.3,0.9,0.1,1624338.0,316995.0
1994-09-01,6001516.0,4048537.0,3274189.0,2659807.0,614382.0,774348.0,517854.0,256494.0,459354.0,30767.0,428586.0,116471.0,1060360.0,817050.0,243310.0,830055.0,816576.0,313380.0,168612.0,137916.0,21600.0,19728.0,155340.0,13479.0,-513261.0,699300.0,5302216.0,4949409.0,4775041.0,123989.0,50379.0,31293.0,19086.0,352807.0,6.7,7752940.0,7948965.0,20072.0,30092.0,264159.0,0.5,0.3,0.4,1636185.0,316794.0
1994-10-01,6065309.0,4085882.0,3308963.0,2693379.0,615584.0,776918.0,517808.0,259110.0,464251.0,30043.0,434208.0,115819.0,1074243.0,829515.0,244728.0,843448.0,829644.0,314124.0,170124.0,145140.0,21780.0,19812.0,158664.0,13804.0,-518334.0,703679.0,5361630.0,4987904.0,4812888.0,124259.0,50758.0,31482.0,19276.0,373725.0,7.0,7815245.0,8024429.0,20276.0,30346.0,264430.0,1.1,0.8,0.9,1654313.0,325114.0
1994-11-01,6075383.0,4081167.0,3305065.0,2687888.0,617178.0,776101.0,517517.0,258585.0,465318.0,28214.0,437104.0,115749.0,1084420.0,838517.0,245902.0,846389.0,832236.0,313332.0,171588.0,148176.0,21492.0,19824.0,157824.0,14153.0,-517659.0,703827.0,5371556.0,5001695.0,4825640.0,125200.0,50855.0,31579.0,19276.0,369862.0,6.9,7810984.0,8023940.0,20294.0,30316.0,264681.0,0.2,0.3,0.0,1665487.0,328730.0
1994-12-01,6108066.0,4097243.0,3320830.0,2701865.0,618965.0,776413.0,516998.0,259415.0,466765.0,25875.0,440890.0,116252.0,1093282.0,846450.0,246832.0,854082.0,839520.0,317880.0,172992.0,150204.0,20640.0,19872.0,157932.0,14562.0,-519558.0,708701.0,5399365.0,5018829.0,4841610.0,126276.0,50943.0,31667.0,19276.0,380536.0,7.0,7843216.0,8060242.0,20381.0,30425.0,264924.0,0.5,0.3,0.5,1676299.0,334524.0
1995-01-01,6148636.0,4120070.0,3344016.0,2723461.0,620556.0,776054.0,516060.0,259994.0,467092.0,21963.0,445129.0,117177.0,1098675.0,851158.0,247517.0,869403.0,854036.0,322812.0,174360.0,151560.0,20916.0,20856.0,163532.0,15367.0,-523781.0,721092.0,5427544.0,5028807.0,4851170.0,126936.0,50701.0,31793.0,18908.0,398737.0,7.3,7865000.0,8085954.0,20469.0,30495.0,265157.0,0.5,0.2,0.3,1682944.0,345622.0
1995-02-01,6173296.0,4134550.0,3358193.0,2735891.0,622302.0,776357.0,515501.0,260857.0,466658.0,20032.0,446626.0,118269.0,1105733.0,857196.0,248537.0,873704.0,857684.0,324900.0,175692.0,152544.0,21024.0,20364.0,163160.0,16020.0,-525618.0,725372.0,5447924.0,5030585.0,4850763.0,129035.0,50788.0,31880.0,18908.0,417339.0,7.7,7881366.0,8101961.0,20529.0,30529.0,265383.0,0.4,0.0,0.2,1690660.0,348086.0
1995-03-01,6200341.0,4148705.0,3372098.0,2747735.0,624363.0,776607.0,515102.0,261505.0,468282.0,18809.0,449473.0,119412.0,1112356.0,862461.0,249895.0,878752.0,862100.0,326640.0,177012.0,153264.0,20796.0,20640.0,163748.0,16652.0,-527166.0,727376.0,5472965.0,5068295.0,4885374.0,132037.0,50884.0,31976.0,18908.0,404671.0,7.4,7899466.0,8124172.0,20604.0,30585.0,265625.0,0.5,0.7,0.3,1700050.0,351586.0
1995-04-01,6223903.0,4168397.0,3390813.0,2764758.0,626055.0,777583.0,514931.0,262652.0,467124.0,18238.0,448885.0,120513.0,1118014.0,866421.0,251593.0,879483.0,862244.0,326580.0,178308.0,152172.0,21144.0,20460.0,163580.0,17239.0,-529627.0,777183.0,5446720.0,5077957.0,4890197.0,136582.0,51178.0,32237.0,18941.0,368762.0,6.8,7912564.0,8064022.0,20486.0,30330.0,265877.0,-0.5,0.2,-0.7,1705651.0,349856.0
1995-05-01,6238267.0,4164126.0,3386998.0,2759885.0,627113.0,777128.0,514857.0,262271.0,472301.0,18190.0,454111.0,121597.0,1123551.0,869935.0,253616.0,885634.0,867788.0,328164.0,179568.0,152460.0,22176.0,20688.0,164732.0,17846.0,-528942.0,727958.0,5510309.0,5123946.0,4933127.0,139535.0,51283.0,32342.0,18941.0,386363.0,7.0,7912515.0,8145600.0,20705.0,30607.0,266134.0,1.2,0.9,1.0,1717449.0,356692.0
1995-06-01,6267376.0,4186066.0,3407752.0,2778482.0,629270.0,778314.0,514921.0,263393.0,476444.0,18664.0,457781.0,122620.0,1128422.0,872457.0,255965.0,885266.0,866828.0,327768.0,180792.0,152736.0,21396.0,20340.0,163796.0,18438.0,-531442.0,735282.0,5532094.0,5170270.0,4977503.0,141376.0,51391.0,32450.0,18941.0,361823.0,6.5,7948344.0,8169841.0,20765.0,30666.0,266414.0,0.4,0.9,0.3,1727486.0,353824.0
1995-07-01,6296320.0,4206646.0,3426899.0,2796925.0,629974.0,779747.0,515112.0,264635.0,478116.0,19828.0,458288.0,123617.0,1131960.0,873321.0,258638.0,889946.0,870896.0,327876.0,182004.0,154212.0,22188.0,20712.0,163904.0,19050.0,-533965.0,745111.0,5551209.0,5165486.0,4970175.0,142371.0,52940.0,32777.0,20163.0,385722.0,6.9,7974207.0,8187834.0,20814.0,30701.0,266700.0,0.3,-0.1,0.2,1733693.0,355981.0
1995-08-01,6319020.0,4216864.0,3436211.0,2805397.0,630814.0,780653.0,515502.0,265151.0,484893.0,21226.0,463667.0,125425.0,1136125.0,874488.0,261637.0,890770.0,871124.0,327936.0,183168.0,153564.0,22008.0,20724.0,163724.0,19646.0,-535057.0,752298.0,5566722.0,5201902.0,5005318.0,143535.0,53049.0,32886.0,20163.0,364820.0,6.6,7989234.0,8193036.0,20849.0,30686.0,266998.0,0.3,0.7,0.1,1746443.0,355713.0
1995-09-01,6347730.0,4235669.0,3453605.0,2821708.0,631897.0,782063.0,516046.0,266017.0,490332.0,23022.0,467310.0,128078.0,1140252.0,875296.0,264957.0,890448.0,870212.0,330084.0,184308.0,150252.0,21732.0,20304.0,163532.0,20236.0,-537049.0,759238.0,5588492.0,5218898.0,5020492.0,145248.0,53158.0,32995.0,20163.0,369594.0,6.6,8026408.0,8219388.0,20907.0,30749.0,267304.0,0.4,0.3,0.3,1758662.0,353399.0
1995-10-01,6373462.0,4254412.0,3470324.0,2836100.0,634223.0,784089.0,516847.0,267241.0,496685.0,25571.0,471115.0,131199.0,1145025.0,876430.0,268595.0,885439.0,864608.0,328656.0,185412.0,141648.0,22920.0,20676.0,165296.0,20831.0,-539299.0,764381.0,5609081.0,5218067.0,5013903.0,147778.0,56386.0,33379.0,23007.0,391014.0,7.0,8050763.0,8228351.0,20962.0,30750.0,267585.0,0.4,0.0,0.1,1772909.0,346140.0
1995-11-01,6393957.0,4266674.0,3481219.0,2846004.0,635215.0,785455.0,517714.0,267742.0,501824.0,27957.0,473866.0,134129.0,1149155.0,876602.0,272553.0,882671.0,861260.0,328044.0,186492.0,139548.0,22320.0,20352.0,164504.0,21411.0,-540496.0,769919.0,5624038.0,5261669.0,5055565.0,149614.0,56490.0,33483.0,23007.0,362369.0,6.4,8085126.0,8250534.0,20999.0,30805.0,267829.0,0.3,0.8,0.3,1785108.0,342175.0
1995-12-01,6417827.0,4274859.0,3488135.0,2851606.0,636529.0,786723.0,518741.0,267983.0,504308.0,30580.0,473728.0,136558.0,1153320.0,876495.0,276825.0,889941.0,867944.0,332640.0,187524.0,140880.0,22188.0,20400.0,164312.0,21997.0,-541159.0,775670.0,5642157.0,5305068.0,5097498.0,150985.0,56585.0,33578.0,23007.0,337089.0,6.0,8093976.0,8261293.0,21049.0,30820.0,268047.0,0.3,0.8,0.1,1794186.0,348782.0
1996-01-01,6453866.0,4277427.0,3490756.0,2853280.0,637476.0,786671.0,519855.0,266816.0,512737.0,34016.0,478721.0,138397.0,1155970.0,874566.0,281404.0,908086.0,885723.0,335976.0,188544.0,147180.0,23532.0,21372.0,169119.0,22363.0,-538751.0,791788.0,5662078.0,5292000.0,5085738.0,150911.0,55351.0,33926.0,21425.0,370078.0,6.5,8102216.0,8272124.0,21107.0,30836.0,268258.0,0.4,-0.2,0.1,1807104.0,369335.0
1996-02-01,6517846.0,4322545.0,3531875.0,2891933.0,639942.0,790670.0,521058.0,269612.0,524108.0,36971.0,487137.0,139653.0,1160411.0,874613.0,285798.0,915371.0,892527.0,338712.0,189588.0,151032.0,23052.0,21420.0,168723.0,22844.0,-544241.0,803225.0,5714621.0,5340006.0,5132843.0,151713.0,55450.0,34025.0,21425.0,374615.0,6.6,8172192.0,8335777.0,21285.0,31048.0,268480.0,0.9,0.9,0.8,1824172.0,371130.0
1996-03-01,6560367.0,4343642.0,3550683.0,2908035.0,642647.0,792959.0,522213.0,270746.0,533046.0,39641.0,493405.0,140508.0,1165111.0,875102.0,290009.0,924654.0,901467.0,342612.0,190656.0,155736.0,22440.0,21468.0,168555.0,23187.0,-546595.0,810181.0,5750186.0,5381227.0,5173265.0,152408.0,55555.0,34130.0,21425.0,368959.0,6.4,8195967.0,8362444.0,21398.0,31119.0,268724.0,0.6,0.8,0.3,1838665.0,378059.0
1996-04-01,6597339.0,4358346.0,3563538.0,2919766.0,643772.0,794808.0,523314.0,271494.0,540069.0,44479.0,495590.0,141040.0,1171307.0,877264.0,294043.0,934762.0,911319.0,341088.0,191760.0,163872.0,23760.0,21840.0,168999.0,23443.0,-548186.0,864787.0,5732552.0,5418714.0,5207961.0,153579.0,57174.0,34517.0,22657.0,313838.0,5.5,8210387.0,8311846.0,21312.0,30901.0,268980.0,-0.3,0.7,-0.6,1852416.0,386576.0
1996-05-01,6637250.0,4382789.0,3585637.0,2939880.0,645757.0,797152.0,524370.0,272782.0,550647.0,44828.0,505819.0,141582.0,1177005.0,879099.0,297906.0,936148.0,912591.0,341220.0,192900.0,166596.0,22188.0,21432.0,168255.0,23557.0,-550921.0,822255.0,5814995.0,5435602.0,5223759.0,154554.0,57289.0,34632.0,22657.0,379393.0,6.5,8251938.0,8416791.0,21597.0,31260.0,269247.0,1.4,0.3,1.3,1869234.0,385227.0
1996-06-01,6681264.0,4421371.0,3620674.0,2973280.0,647394.0,800697.0,525404.0,275293.0,551735.0,43250.0,508485.0,142210.0,1183468.0,881865.0,301602.0,938245.0,914667.0,341928.0,194076.0,166908.0,22188.0,21696.0,167871.0,23578.0,-555765.0,831651.0,5849613.0,5443134.0,5229777.0,155950.0,57407.0,34750.0,22657.0,406479.0,6.9,8312761.0,8467052.0,21703.0,31414.0,269527.0,0.6,0.1,0.6,1877413.0,382480.0
1996-07-01,6681600.0,4423884.0,3622389.0,2973067.0,649323.0,801495.0,526372.0,275123.0,546865.0,35264.0,511601.0,142928.0,1190500.0,885365.0,305134.0,933157.0,909687.0,342480.0,195276.0,160236.0,22212.0,21552.0,167931.0,23470.0,-555734.0,835592.0,5846008.0,5467692.0,5251905.0,157735.0,58052.0,35112.0,22940.0,378316.0,6.5,8303041.0,8443963.0,21666.0,31295.0,269822.0,-0.1,0.5,-0.3,1880293.0,377423.0
1996-08-01,6709408.0,4450396.0,3646488.0,2996742.0,649746.0,803908.0,527277.0,276631.0,545238.0,33048.0,512190.0,143666.0,1197686.0,889178.0,308508.0,931297.0,908019.0,343116.0,196512.0,158652.0,20760.0,21060.0,167919.0,23278.0,-558875.0,843467.0,5865941.0,5492540.0,5275019.0,159347.0,58174.0,35234.0,22940.0,373401.0,6.4,8337950.0,8464690.0,21715.0,31336.0,270130.0,0.3,0.5,0.2,1886590.0,372422.0
1996-09-01,6747430.0,4479411.0,3672834.0,3019807.0,653027.0,806576.0,528200.0,278377.0,550279.0,32148.0,518130.0,144426.0,1204805.0,893080.0,311725.0,930901.0,907923.0,342300.0,197784.0,157488.0,21948.0,21204.0,167199.0,22978.0,-562391.0,851566.0,5895864.0,5515619.0,5296591.0,160730.0,58299.0,35359.0,22940.0,380245.0,6.4,8369781.0,8483941.0,21802.0,31372.0,270433.0,0.5,0.4,0.2,1899510.0,368510.0
1996-10-01,6768797.0,4486553.0,3678789.0,3024772.0,654017.0,807764.0,529180.0,278584.0,555858.0,34036.0,521822.0,145207.0,1213882.0,899093.0,314788.0,930363.0,907803.0,342876.0,199092.0,156804.0,21840.0,21228.0,165963.0,22560.0,-563065.0,855952.0,5912845.0,5549430.0,5328454.0,161867.0,59109.0,35589.0,23520.0,363415.0,6.1,8375900.0,8482650.0,21840.0,31333.0,270730.0,0.3,0.6,0.0,1914947.0,367298.0
1996-11-01,6802449.0,4513826.0,3703593.0,3047536.0,656057.0,810232.0,529993.0,280239.0,556815.0,34655.0,522160.0,145483.0,1220114.0,902436.0,317678.0,932652.0,910647.0,345528.0,200424.0,156600.0,21132.0,21060.0,165903.0,22005.0,-566440.0,863443.0,5939007.0,5573081.0,5351191.0,162571.0,59320.0,35800.0,23520.0,365925.0,6.2,8405938.0,8505050.0,21915.0,31384.0,271002.0,0.4,0.4,0.3,1922412.0,366212.0
1996-12-01,6836602.0,4543119.0,3730374.0,3072405.0,657969.0,812745.0,530782.0,281963.0,557823.0,35491.0,522332.0,145255.0,1225575.0,905178.0,320396.0,934803.0,913527.0,346224.0,201804.0,157152.0,22236.0,21768.0,164343.0,21276.0,-569972.0,871100.0,5965502.0,5601080.0,5378645.0,162818.0,59618.0,36098.0,23520.0,364422.0,6.1,8441975.0,8533096.0,21993.0,31459.0,271243.0,0.4,0.5,0.3,1928653.0,364831.0
1997-01-01,6884845.0,4559161.0,3746272.0,3085849.0,660423.0,812889.0,531595.0,281294.0,572617.0,38741.0,533875.0,144487.0,1228136.0,905192.0,322944.0,950834.0,930460.0,355836.0,203184.0,160968.0,21000.0,22272.0,167200.0,20374.0,-570391.0,895267.0,5989578.0,5635116.0,5411132.0,161942.0,62042.0,36939.0,25103.0,354462.0,5.9,8477037.0,8556418.0,22063.0,31519.0,271472.0,0.4,0.6,0.3,1945240.0,380443.0
1997-02-01,6920865.0,4593999.0,3777896.0,3115688.0,662208.0,816103.0,532639.0,283464.0,576499.0,38262.0,538237.0,144052.0,1233854.0,908314.0,325540.0,947067.0,927412.0,350748.0,204420.0,161436.0,20940.0,22284.0,167584.0,19655.0,-574607.0,902732.0,6018133.0,5658753.0,5433958.0,162432.0,62363.0,37260.0,25103.0,359380.0,6.0,8516001.0,8579202.0,22150.0,31576.0,271703.0,0.5,0.4,0.3,1954405.0,372460.0
1997-03-01,6960781.0,4624051.0,3804902.0,3140650.0,664252.0,819149.0,533966.0,285183.0,577526.0,36323.0,541204.0,143914.0,1240596.0,912414.0,328182.0,952783.0,933652.0,355176.0,205488.0,161856.0,20964.0,22608.0,167560.0,19131.0,-578089.0,908336.0,6052444.0,5680470.0,5454224.0,163622.0,62624.0,37521.0,25103.0,371975.0,6.1,8555741.0,8619035.0,22256.0,31693.0,271952.0,0.6,0.4,0.5,1962036.0,374694.0
1997-04-01,6972759.0,4637715.0,3816548.0,3150901.0,665648.0,821166.0,535385.0,285781.0,572317.0,29181.0,543136.0,144063.0,1248335.0,917468.0,330867.0,949803.0,930940.0,355140.0,206400.0,159000.0,21012.0,22440.0,166948.0,18863.0,-579475.0,910484.0,6062275.0,5688626.0,5459332.0,166335.0,62959.0,37831.0,25128.0,373648.0,6.2,8568580.0,8624518.0,22270.0,31683.0,272213.0,0.2,0.1,0.1,1964715.0,370328.0
1997-05-01,7001315.0,4659101.0,3834927.0,3167595.0,667332.0,824174.0,537294.0,286879.0,575249.0,27549.0,547699.0,144479.0,1255668.0,922095.0,333574.0,948607.0,929920.0,356304.0,207144.0,159156.0,19740.0,21996.0,165580.0,18687.0,-581788.0,915558.0,6085757.0,5691475.0,5460234.0,168091.0,63150.0,38022.0,25128.0,394282.0,6.5,8614878.0,8661916.0,22335.0,31789.0,272482.0,0.4,0.1,0.4,1975396.0,366819.0
1997-06-01,7035780.0,4683113.0,3855459.0,3184514.0,670945.0,827654.0,539493.0,288161.0,577803.0,27505.0,550298.0,145155.0,1262544.0,926246.0,336298.0,951575.0,932944.0,356172.0,207708.0,159936.0,20424.0,22176.0,166528.0,18631.0,-584410.0,922659.0,6113121.0,5727282.0,5494236.0,169713.0,63333.0,38205.0,25128.0,385839.0,6.3,8648567.0,8689671.0,22412.0,31857.0,272767.0,0.4,0.6,0.3,1985502.0,367165.0
1997-07-01,7071698.0,4704539.0,3873402.0,3200419.0,672983.0,831137.0,541929.0,289208.0,585961.0,31785.0,554176.0,146091.0,1268605.0,929567.0,339038.0,953149.0,934432.0,356580.0,208104.0,161916.0,19668.0,22224.0,165940.0,18717.0,-586647.0,931465.0,6140232.0,5784112.0,5548827.0,171278.0,64006.0,38422.0,25584.0,356120.0,5.8,8692271.0,8723076.0,22486.0,31944.0,273074.0,0.4,1.0,0.4,2000657.0,366502.0
1997-08-01,7119364.0,4743931.0,3907822.0,3234964.0,672857.0,836109.0,544627.0,291482.0,587346.0,32656.0,554690.0,147293.0,1275735.0,933949.0,341786.0,956216.0,937300.0,358380.0,208332.0,163716.0,19080.0,21936.0,165856.0,18916.0,-591157.0,942105.0,6177259.0,5823768.0,5587042.0,172556.0,64170.0,38586.0,25584.0,353491.0,5.7,8748573.0,8768604.0,22595.0,32073.0,273395.0,0.6,0.7,0.5,2010374.0,365059.0
1997-09-01,7158121.0,4768108.0,3927661.0,3251219.0,676442.0,840447.0,547681.0,292767.0,592261.0,32860.0,559401.0,148765.0,1283595.0,939057.0,344538.0,959154.0,939928.0,357612.0,208404.0,165408.0,20172.0,22428.0,165904.0,19226.0,-593763.0,949754.0,6208366.0,5839609.0,5601667.0,173617.0,64325.0,38741.0,25584.0,368757.0,5.9,8778207.0,8791518.0,22683.0,32121.0,273703.0,0.5,0.3,0.3,2024621.0,365391.0
1997-10-01,7205086.0,4804543.0,3958900.0,3278287.0,680614.0,845643.0,550951.0,294691.0,597098.0,31944.0,565154.0,150516.0,1290366.0,943076.0,347290.0,960247.0,940552.0,358164.0,208284.0,167508.0,18756.0,22296.0,165544.0,19695.0,-597683.0,957990.0,6247097.0,5877487.0,5637666.0,174137.0,65684.0,38847.0,26837.0,369610.0,5.9,8831657.0,8834849.0,22801.0,32245.0,273989.0,0.6,0.6,0.5,2037980.0,362564.0
1997-11-01,7256973.0,4852735.0,4000526.0,3317085.0,683441.0,852208.0,554580.0,297628.0,593498.0,31266.0,562232.0,152172.0,1300033.0,949954.0,350079.0,961936.0,941608.0,357492.0,207996.0,168204.0,19584.0,22284.0,166048.0,20328.0,-603401.0,968997.0,6287976.0,5902424.0,5661056.0,175568.0,65800.0,38963.0,26837.0,385552.0,6.1,8902203.0,8892218.0,22928.0,32424.0,274249.0,0.7,0.4,0.6,2045703.0,358535.0
1997-12-01,7299951.0,4874832.0,4017813.0,3332313.0,685499.0,857020.0,558443.0,298577.0,599139.0,30364.0,568774.0,153738.0,1310721.0,957822.0,352899.0,967000.0,945868.0,361500.0,207540.0,168384.0,19896.0,22728.0,165820.0,21132.0,-605480.0,976502.0,6323448.0,5935569.0,5692107.0,177573.0,65889.0,39052.0,26837.0,387880.0,6.1,8957717.0,8944276.0,23036.0,32584.0,274499.0,0.6,0.6,0.6,2063598.0,361520.0
1998-01-01,7368855.0,4911281.0,4049818.0,3362333.0,687484.0,861463.0,562707.0,298757.0,612745.0,30551.0,582194.0,155097.0,1325516.0,969770.0,355746.0,971041.0,949037.0,364872.0,206928.0,167004.0,18972.0,23256.0,168005.0,22004.0,-606825.0,986674.0,6382181.0,5935707.0,5689906.0,179486.0,66315.0,39436.0,26879.0,446474.0,7.0,9044991.0,9022890.0,23231.0,32843.0,274732.0,0.9,0.0,0.9,2093358.0,364216.0
1998-02-01,7416483.0,4943871.0,4076600.0,3386643.0,689957.0,867270.0,566728.0,300543.0,616006.0,27253.0,588754.0,156758.0,1336163.0,978140.0,358023.0,974194.0,951317.0,366228.0,206388.0,167040.0,19284.0,23172.0,169205.0,22877.0,-610509.0,996415.0,6420068.0,5971203.0,5723833.0,181547.0,65823.0,38944.0,26879.0,448865.0,7.0,9112593.0,9081162.0,23351.0,33029.0,274943.0,0.6,0.6,0.6,2108927.0,363685.0
1998-03-01,7464033.0,4970814.0,4098262.0,3406293.0,691969.0,872551.0,570608.0,301944.0,623354.0,25780.0,597573.0,158606.0,1345888.0,986150.0,359738.0,978820.0,955169.0,368796.0,205932.0,167688.0,19944.0,23568.0,169241.0,23651.0,-613449.0,1005308.0,6458724.0,5999130.0,5750287.0,183188.0,65655.0,38776.0,26879.0,459594.0,7.1,9171822.0,9134360.0,23471.0,33195.0,275175.0,0.6,0.5,0.6,2127848.0,365371.0
1998-04-01,7501729.0,4996539.0,4118935.0,3424625.0,694310.0,877605.0,574414.0,303190.0,624925.0,26626.0,598299.0,160662.0,1356079.0,995183.0,360896.0,979689.0,955313.0,367572.0,205572.0,169548.0,19308.0,23640.0,169673.0,24376.0,-616166.0,1014042.0,6487687.0,6041180.0,5788053.0,185172.0,67955.0,39212.0,28743.0,446508.0,6.9,9212579.0,9164055.0,23554.0,33271.0,275434.0,0.4,0.7,0.3,2141666.0,363523.0
1998-05-01,7547019.0,5033774.0,4150582.0,3452498.0,698083.0,883192.0,578004.0,305189.0,627938.0,26988.0,600950.0,162617.0,1362661.0,1001122.0,361539.0,980370.0,955289.0,368316.0,205308.0,170100.0,18924.0,22896.0,169745.0,25081.0,-620340.0,1023524.0,6523495.0,6092019.0,5837943.0,185989.0,68087.0,39344.0,28743.0,431476.0,6.6,9262855.0,9201982.0,23662.0,33377.0,275700.0,0.6,0.8,0.4,2153216.0,360030.0
1998-06-01,7584421.0,5054628.0,4166959.0,3467138.0,699821.0,887669.0,581470.0,306199.0,637686.0,27374.0,610312.0,164490.0,1367001.0,1005332.0,361670.0,983145.0,957341.0,368736.0,205116.0,170304.0,19680.0,23100.0,170405.0,25804.0,-622529.0,1029491.0,6554930.0,6126397.0,5871702.0,186489.0,68207.0,39464.0,28743.0,428532.0,6.5,9319651.0,9254219.0,23752.0,33533.0,275976.0,0.5,0.6,0.6,2169177.0,360616.0
1998-07-01,7616888.0,5079585.0,4187207.0,3484058.0,703149.0,892378.0,584829.0,307549.0,644318.0,26219.0,618100.0,166282.0,1369983.0,1008695.0,361288.0,982071.0,955613.0,370188.0,205008.0,167376.0,20172.0,23172.0,169697.0,26458.0,-625351.0,1034550.0,6582338.0,6147096.0,5889962.0,186896.0,70237.0,39856.0,30381.0,435243.0,6.6,9343948.0,9270041.0,23826.0,33555.0,276266.0,0.4,0.3,0.2,2180583.0,356720.0
1998-08-01,7656244.0,5122812.0,4224789.0,3519077.0,705713.0,898023.0,587950.0,310073.0,643762.0,26773.0,616989.0,168044.0,1368314.0,1007923.0,360391.0,983788.0,956669.0,370092.0,204984.0,167724.0,20736.0,23124.0,170009.0,27119.0,-630475.0,1044041.0,6612203.0,6182105.0,5924994.0,186766.0,70345.0,39964.0,30381.0,430098.0,6.5,9383994.0,9299256.0,23908.0,33624.0,276566.0,0.5,0.6,0.3,2180120.0,353313.0
1998-09-01,7678055.0,5142179.0,4240247.0,3532312.0,707935.0,901931.0,590952.0,310979.0,648128.0,27958.0,620170.0,169773.0,1362872.0,1003897.0,358975.0,987662.0,959897.0,371832.0,205056.0,169260.0,19932.0,23196.0,170621.0,27765.0,-632559.0,1051037.0,6627019.0,6222457.0,5965584.0,186324.0,70549.0,40168.0,30381.0,404562.0,6.1,9414709.0,9325529.0,23936.0,33683.0,276859.0,0.2,0.7,0.3,2180773.0,355103.0
1998-10-01,7708827.0,5168377.0,4262113.0,3552118.0,709995.0,906264.0,593955.0,312310.0,660514.0,31097.0,629417.0,172105.0,1353043.0,996008.0,357035.0,990257.0,961913.0,370056.0,205200.0,173472.0,18660.0,23016.0,171509.0,28344.0,-635468.0,1058783.0,6650044.0,6257630.0,5998823.0,185382.0,73425.0,40764.0,32661.0,392415.0,5.9,9433727.0,9337509.0,23995.0,33692.0,277140.0,0.3,0.6,0.1,2185662.0,354789.0
1998-11-01,7745747.0,5204706.0,4293495.0,3580883.0,712612.0,911211.0,596668.0,314542.0,667380.0,32524.0,634855.0,173486.0,1344800.0,990271.0,354530.0,995309.0,966365.0,370164.0,205440.0,175488.0,20520.0,23352.0,171401.0,28944.0,-639933.0,1068980.0,6676768.0,6273485.0,6015365.0,184408.0,73713.0,41052.0,32661.0,403282.0,6.0,9478061.0,9374622.0,24069.0,33794.0,277402.0,0.4,0.3,0.4,2185666.0,355376.0
1998-12-01,7771819.0,5225099.0,4310385.0,3595657.0,714728.0,914714.0,599144.0,315571.0,676388.0,33582.0,642807.0,174554.0,1337410.0,985960.0,351450.0,1000574.0,971057.0,373332.0,205764.0,177336.0,20184.0,23700.0,170741.0,29517.0,-642206.0,1076206.0,6695614.0,6327780.0,6070526.0,183217.0,74037.0,41376.0,32661.0,367834.0,5.5,9497785.0,9391699.0,24115.0,33825.0,277658.0,0.3,0.9,0.2,2188352.0,358368.0
1999-01-01,7813072.0,5260305.0,4342239.0,3626710.0,715528.0,918066.0,601350.0,316716.0,680477.0,34906.0,645571.0,174999.0,1332439.0,984496.0,347944.0,1011907.0,981198.0,376596.0,206172.0,180552.0,20580.0,24048.0,173250.0,30709.0,-647056.0,1070685.0,6742387.0,6328586.0,6073864.0,181490.0,73233.0,41928.0,31305.0,413801.0,6.1,9526405.0,9444075.0,24263.0,33985.0,277891.0,0.7,0.0,0.6,2187915.0,364851.0
1999-02-01,7840948.0,5296002.0,4373092.0,3654642.0,718450.0,922910.0,604028.0,318882.0,681529.0,34487.0,647042.0,176026.0,1326084.0,980860.0,345224.0,1012721.0,981558.0,376200.0,206592.0,181164.0,20436.0,23832.0,173334.0,31163.0,-651414.0,1079488.0,6761460.0,6355001.0,6099229.0,182168.0,73605.0,42300.0,31305.0,406459.0,6.0,9569726.0,9476152.0,24313.0,34075.0,278095.0,0.3,0.4,0.3,2183639.0,361307.0
1999-03-01,7855876.0,5304553.0,4378536.0,3658279.0,720258.0,926017.0,606976.0,319041.0,685275.0,33030.0,652245.0,177322.0,1321694.0,978390.0,343304.0,1019028.0,987354.0,378096.0,207024.0,181668.0,21396.0,24744.0,174426.0,31674.0,-651996.0,1083665.0,6772210.0,6390807.0,6133027.0,183838.0,73941.0,42636.0,31305.0,381404.0,5.6,9574658.0,9484137.0,24332.0,34076.0,278324.0,0.2,0.6,0.1,2184291.0,367032.0
1999-04-01,7871071.0,5324245.0,4394179.0,3669417.0,724762.0,930066.0,610317.0,319749.0,688302.0,29410.0,658892.0,178841.0,1319275.0,977082.0,342193.0,1014167.0,981930.0,378696.0,207468.0,178056.0,19812.0,24120.0,173778.0,32237.0,-653759.0,1088507.0,6782564.0,6463579.0,6199523.0,188006.0,76050.0,43200.0,32850.0,318985.0,4.7,9556610.0,9453000.0,24347.0,33932.0,278584.0,0.2,1.1,-0.3,2186418.0,360408.0
1999-05-01,7894174.0,5347712.0,4412922.0,3686608.0,726314.0,934789.0,613817.0,320972.0,685298.0,28099.0,657199.0,179788.0,1319949.0,977984.0,341965.0,1017678.0,984846.0,378684.0,207936.0,178728.0,21504.0,23940.0,174054.0,32832.0,-656251.0,1095512.0,6798662.0,6498593.0,6232102.0,190129.0,76362.0,43512.0,32850.0,300069.0,4.4,9577722.0,9469313.0,24380.0,33957.0,278859.0,0.2,0.5,0.2,2185035.0,361427.0
1999-06-01,7925127.0,5359756.0,4420864.0,3690824.0,730040.0,938892.0,617590.0,321302.0,697028.0,27395.0,669633.0,180114.0,1323713.0,981088.0,342624.0,1021663.0,988242.0,379452.0,208404.0,180504.0,21312.0,24276.0,174294.0,33421.0,-657147.0,1101453.0,6823673.0,6528661.0,6260300.0,191675.0,76686.0,43836.0,32850.0,295012.0,4.3,9612370.0,9501270.0,24445.0,34037.0,279148.0,0.4,0.5,0.3,2200855.0,364516.0
1999-07-01,7965844.0,5393567.0,4449055.0,3714303.0,734752.0,944512.0,621878.0,322634.0,697379.0,27623.0,669755.0,179739.0,1330559.0,986388.0,344171.0,1024730.0,990618.0,379956.0,208896.0,184512.0,19380.0,24024.0,173850.0,34112.0,-660130.0,1111283.0,6854561.0,6555441.0,6287552.0,191757.0,76133.0,44352.0,31781.0,299119.0,4.4,9639184.0,9518987.0,24529.0,34064.0,279448.0,0.5,0.4,0.2,2207677.0,364600.0
1999-08-01,8016883.0,5425928.0,4475530.0,3736913.0,738616.0,950399.0,626198.0,324200.0,705075.0,26629.0,678446.0,179444.0,1337257.0,990677.0,346581.0,1032531.0,997734.0,381012.0,209400.0,186936.0,21300.0,24288.0,174798.0,34797.0,-663353.0,1120958.0,6895925.0,6601167.0,6331887.0,192823.0,76457.0,44676.0,31781.0,294759.0,4.3,9681703.0,9559126.0,24650.0,34170.0,279752.0,0.6,0.7,0.4,2221776.0,369178.0
1999-09-01,8041186.0,5452443.0,4496447.0,3754139.0,742309.0,955996.0,630797.0,325199.0,695972.0,23379.0,672594.0,179046.0,1343805.0,993956.0,349849.0,1035514.0,1000002.0,381432.0,209916.0,188700.0,20292.0,23988.0,175674.0,35512.0,-665595.0,1129548.0,6911638.0,6657253.0,6386490.0,193994.0,76769.0,44988.0,31781.0,254385.0,3.7,9676553.0,9546670.0,24680.0,34089.0,280053.0,0.2,0.8,-0.1,2218823.0,369919.0
1999-10-01,8102401.0,5499129.0,4535532.0,3788483.0,747049.0,963597.0,636085.0,327512.0,705828.0,23818.0,682010.0,178405.0,1350197.0,996230.0,353968.0,1039185.0,1003110.0,383160.0,210456.0,190416.0,19932.0,23940.0,175206.0,36075.0,-670343.0,1141272.0,6961129.0,6685673.0,6411379.0,195693.0,78601.0,45460.0,33141.0,275456.0,4.0,9739484.0,9598715.0,24831.0,34240.0,280337.0,0.7,0.4,0.5,2234430.0,368842.0
1999-11-01,8165250.0,5547956.0,4576697.0,3825447.0,751250.0,971259.0,641298.0,329961.0,715070.0,23516.0,691554.0,179009.0,1358988.0,1000045.0,358943.0,1039494.0,1002438.0,380424.0,211008.0,191340.0,20532.0,24120.0,175014.0,37056.0,-675267.0,1152758.0,7012492.0,6725197.0,6448690.0,197595.0,78913.0,45772.0,33141.0,287294.0,4.1,9816909.0,9660869.0,24992.0,34430.0,280594.0,0.7,0.6,0.6,2253067.0,364227.0
1999-12-01,8251193.0,5620593.0,4640016.0,3884151.0,755864.0,980577.0,646676.0,333901.0,718834.0,24070.0,694763.0,179236.0,1370166.0,1005404.0,364762.0,1045476.0,1007394.0,384660.0,211560.0,192084.0,19632.0,24348.0,175110.0,38082.0,-683111.0,1167840.0,7083353.0,6820435.0,6541049.0,200160.0,79225.0,46084.0,33141.0,262918.0,3.7,9904044.0,9735858.0,25221.0,34666.0,280846.0,1.0,1.4,0.8,2268236.0,362365.0
2000-01-01,8347956.0,5715426.0,4724500.0,3963474.0,761026.0,990926.0,651799.0,339127.0,709852.0,24912.0,684940.0,179597.0,1383720.0,1012314.0,371407.0,1052407.0,1013089.0,391248.0,212172.0,189000.0,20892.0,24984.0,174793.0,39318.0,-693047.0,1198619.0,7149337.0,6825096.0,6542870.0,203411.0,78815.0,46640.0,32175.0,324241.0,4.5,10000311.0,9799892.0,25435.0,34865.0,281083.0,0.9,0.1,0.7,2273169.0,359360.0
2000-02-01,8408778.0,5754412.0,4756351.0,3991805.0,764546.0,998061.0,657213.0,340848.0,716253.0,26472.0,689781.0,179895.0,1397875.0,1020756.0,377119.0,1056921.0,1017109.0,392124.0,212904.0,189912.0,21156.0,25056.0,175957.0,39812.0,-696579.0,1209126.0,7199652.0,6910213.0,6625259.0,205850.0,79103.0,46928.0,32175.0,289439.0,4.0,10045889.0,9837910.0,25594.0,34973.0,281299.0,0.7,1.2,0.4,2294023.0,360342.0
2000-03-01,8468347.0,5777722.0,4773630.0,4003513.0,770118.0,1004092.0,662412.0,341679.0,735541.0,28589.0,706951.0,179998.0,1412638.0,1030730.0,381908.0,1060850.0,1020517.0,394164.0,213804.0,191664.0,19596.0,25164.0,176125.0,40333.0,-698402.0,1218520.0,7249827.0,6973364.0,6686521.0,207427.0,79415.0,47240.0,32175.0,276463.0,3.8,10078563.0,9864040.0,25751.0,35037.0,281531.0,0.7,0.9,0.3,2328177.0,362448.0
2000-04-01,8506812.0,5787542.0,4779051.0,4004735.0,774316.0,1008490.0,666751.0,341739.0,740688.0,32118.0,708569.0,179928.0,1428016.0,1042234.0,385782.0,1069365.0,1028485.0,395088.0,214848.0,195780.0,20316.0,24900.0,177553.0,40880.0,-698726.0,1226485.0,7280327.0,6968656.0,6679067.0,207780.0,81809.0,47816.0,33993.0,311671.0,4.3,10127630.0,9913678.0,25838.0,35184.0,281763.0,0.4,-0.1,0.5,2348632.0,370639.0
2000-05-01,8544471.0,5772214.0,4760839.0,3979288.0,781551.0,1011375.0,671343.0,340032.0,750935.0,33291.0,717644.0,180110.0,1442206.0,1053414.0,388792.0,1094805.0,1053349.0,414900.0,216060.0,198336.0,20448.0,24984.0,178621.0,41456.0,-695800.0,1228007.0,7316463.0,7001761.0,6709732.0,209920.0,82109.0,48116.0,33993.0,314702.0,4.3,10135728.0,9954498.0,25945.0,35300.0,281996.0,0.5,0.5,0.4,2373251.0,399005.0
2000-06-01,8597844.0,5815474.0,4797276.0,4017456.0,779820.0,1018198.0,675662.0,342536.0,760376.0,32775.0,727601.0,180568.0,1455226.0,1064282.0,390944.0,1086999.0,1044949.0,404004.0,217428.0,200652.0,19152.0,24924.0,178789.0,42050.0,-700799.0,1235988.0,7361856.0,7042946.0,6746933.0,213569.0,82445.0,48452.0,33993.0,318910.0,4.3,10184344.0,9982322.0,26083.0,35367.0,282247.0,0.6,0.6,0.3,2396170.0,386200.0
2000-07-01,8665333.0,5885198.0,4857294.0,4075300.0,781994.0,1027903.0,680848.0,347056.0,749857.0,30688.0,719169.0,181225.0,1467093.0,1074849.0,392244.0,1091379.0,1048705.0,401364.0,218952.0,203688.0,20832.0,24948.0,178921.0,42674.0,-709418.0,1245476.0,7419858.0,7071995.0,6768501.0,220211.0,83283.0,49020.0,34263.0,347862.0,4.7,10244334.0,10035907.0,26265.0,35525.0,282504.0,0.8,0.4,0.5,2398175.0,381961.0
2000-08-01,8712156.0,5899147.0,4866790.0,4083131.0,783659.0,1032357.0,684697.0,347660.0,764077.0,30820.0,733258.0,182629.0,1478411.0,1085892.0,392519.0,1098731.0,1055425.0,403824.0,220632.0,205104.0,20412.0,25092.0,180361.0,43306.0,-710840.0,1246588.0,7465568.0,7110917.0,6802846.0,224476.0,83595.0,49332.0,34263.0,354651.0,4.8,10298339.0,10098340.0,26402.0,35712.0,282769.0,0.6,0.6,0.6,2425117.0,387891.0
2000-09-01,8757679.0,5927493.0,4889752.0,4103962.0,785790.0,1037741.0,688232.0,349509.0,766899.0,32562.0,734337.0,184704.0,1489194.0,1097421.0,391773.0,1103932.0,1060009.0,406428.0,222480.0,205464.0,20496.0,24684.0,180457.0,43923.0,-714542.0,1251061.0,7506618.0,7200248.0,6888604.0,227712.0,83931.0,49668.0,34263.0,306371.0,4.1,10308436.0,10110275.0,26522.0,35721.0,283033.0,0.5,1.3,0.1,2440797.0,389390.0
2000-10-01,8792115.0,5942081.0,4899549.0,4111012.0,788537.0,1042532.0,691977.0,350555.0,773506.0,31738.0,741768.0,187546.0,1499454.0,1109444.0,390009.0,1106152.0,1061437.0,403560.0,224484.0,203568.0,21840.0,25164.0,182821.0,44715.0,-716623.0,1253757.0,7538358.0,7211394.0,6893798.0,229882.0,87714.0,50256.0,37458.0,326964.0,4.3,10337727.0,10139196.0,26611.0,35792.0,283285.0,0.4,0.2,0.3,2460506.0,389529.0
2000-11-01,8809911.0,5943749.0,4897968.0,4106683.0,791286.0,1045781.0,695042.0,350739.0,783187.0,33600.0,749587.0,190834.0,1505781.0,1117732.0,388049.0,1103577.0,1058425.0,400224.0,226656.0,204276.0,21024.0,24708.0,181537.0,45152.0,-717218.0,1257685.0,7552225.0,7229041.0,6909824.0,231167.0,88050.0,50592.0,37458.0,323184.0,4.3,10350507.0,10143521.0,26637.0,35777.0,283523.0,0.2,0.2,0.0,2479802.0,386359.0
2000-12-01,8844016.0,5945287.0,4896348.0,4101547.0,794801.0,1048939.0,697780.0,351159.0,791395.0,36614.0,754781.0,194669.0,1508157.0,1122264.0,385894.0,1122596.0,1077013.0,409788.0,228984.0,206472.0,22728.0,25440.0,183601.0,45583.0,-718087.0,1264642.0,7579375.0,7272129.0,6952196.0,231535.0,88398.0,50940.0,37458.0,307245.0,4.1,10354756.0,10164267.0,26712.0,35821.0,283748.0,0.4,0.6,0.2,2494221.0,404509.0
2001-01-01,8940891.0,6022606.0,4956730.0,4158833.0,797897.0,1065876.0,710110.0,355766.0,801828.0,35221.0,766607.0,195638.0,1501064.0,1119236.0,381828.0,1147927.0,1100584.0,419208.0,231492.0,210816.0,27324.0,26088.0,185656.0,47343.0,-728172.0,1289199.0,7651692.0,7306994.0,6987401.0,231075.0,88518.0,51188.0,37330.0,344698.0,4.5,10400278.0,10211740.0,26946.0,35962.0,283960.0,1.0,0.5,0.5,2498530.0,419755.0
2001-02-01,8975805.0,6055399.0,4984394.0,4182361.0,802033.0,1071006.0,712844.0,358162.0,808288.0,34164.0,774125.0,196976.0,1493436.0,1117231.0,376205.0,1154734.0,1106776.0,420540.0,233880.0,214644.0,25356.0,26076.0,186280.0,47958.0,-733029.0,1303434.0,7672371.0,7321676.0,7001834.0,230988.0,88854.0,51524.0,37330.0,350695.0,4.6,10421564.0,10223421.0,27000.0,35977.0,284166.0,0.3,0.2,0.1,2498700.0,421705.0
2001-03-01,9009416.0,6072371.0,4997255.0,4191831.0,805423.0,1075117.0,715649.0,359467.0,819773.0,33341.0,786432.0,198766.0,1490003.0,1116233.0,373770.0,1164280.0,1115956.0,422688.0,236172.0,219528.0,23676.0,25980.0,187912.0,48324.0,-735776.0,1313079.0,7696337.0,7316277.0,6996658.0,230392.0,89226.0,51896.0,37330.0,380060.0,4.9,10452610.0,10254354.0,27064.0,36059.0,284380.0,0.3,-0.1,0.3,2508542.0,428504.0
2001-04-01,9008903.0,6048838.0,4971959.0,4162677.0,809281.0,1076880.0,718647.0,358232.0,819036.0,32744.0,786293.0,201112.0,1491674.0,1116184.0,375489.0,1181770.0,1133332.0,422976.0,238344.0,228996.0,27264.0,26436.0,189316.0,48438.0,-733527.0,1315105.0,7693797.0,7324515.0,7004240.0,230038.0,90237.0,52124.0,38113.0,369282.0,4.8,10410406.0,10233064.0,27034.0,35956.0,284602.0,0.0,0.1,-0.2,2511822.0,448243.0
2001-05-01,9011065.0,6037434.0,4958009.0,4145007.0,813002.0,1079425.0,721550.0,357875.0,827544.0,32447.0,795097.0,202791.0,1487396.0,1114361.0,373035.0,1188730.0,1140364.0,422856.0,240396.0,231576.0,29100.0,26364.0,190072.0,48366.0,-732830.0,1310869.0,7700196.0,7372343.0,7052781.0,228989.0,90573.0,52460.0,38113.0,327852.0,4.3,10376683.0,10214661.0,27034.0,35862.0,284834.0,0.1,0.7,-0.2,2517731.0,455900.0
2001-06-01,9017106.0,6036486.0,4954204.0,4134554.0,819650.0,1082282.0,724464.0,357818.0,836661.0,32446.0,804215.0,203908.0,1481383.0,1110786.0,370597.0,1191678.0,1143568.0,422172.0,242340.0,229740.0,28776.0,26160.0,194380.0,48110.0,-733010.0,1300633.0,7716473.0,7388754.0,7069728.0,228129.0,90897.0,52784.0,38113.0,327718.0,4.2,10362392.0,10218114.0,27068.0,35843.0,285076.0,0.2,0.2,0.0,2521952.0,458668.0
2001-07-01,9014612.0,6028793.0,4943116.0,4118564.0,824552.0,1085677.0,728111.0,357566.0,845138.0,32642.0,812496.0,204545.0,1475639.0,1105488.0,370151.0,1193010.0,1145344.0,432312.0,244164.0,215328.0,33120.0,26592.0,193828.0,47666.0,-732512.0,1185607.0,7829005.0,7402640.0,7082297.0,228114.0,92229.0,53068.0,39161.0,426365.0,5.4,10360847.0,10370653.0,27439.0,36347.0,285324.0,1.5,0.2,1.5,2525322.0,460498.0
2001-08-01,9001374.0,6022934.0,4934510.0,4105500.0,829010.0,1088424.0,731206.0,357218.0,853788.0,32605.0,821183.0,204870.0,1465422.0,1093115.0,372306.0,1186446.0,1139404.0,426612.0,245880.0,216312.0,30576.0,26472.0,193552.0,47042.0,-732085.0,1043205.0,7958169.0,7440722.0,7121688.0,226481.0,92553.0,53392.0,39161.0,517446.0,6.5,10353292.0,10543058.0,27866.0,36917.0,285584.0,1.6,0.5,1.7,2524080.0,454361.0
2001-09-01,8975331.0,6021973.0,4930166.0,4097004.0,833163.0,1091807.0,734313.0,357495.0,837694.0,32250.0,805443.0,204967.0,1446067.0,1073683.0,372384.0,1197141.0,1150900.0,426228.0,247476.0,220560.0,35664.0,26196.0,194776.0,46241.0,-732512.0,1112055.0,7863276.0,7323796.0,7007024.0,223906.0,92865.0,53704.0,39161.0,539480.0,6.9,10339725.0,10452832.0,27509.0,36569.0,285842.0,-1.2,-1.6,-0.9,2488728.0,464629.0
2001-10-01,8987273.0,6026150.0,4930228.0,4092038.0,838190.0,1095922.0,738032.0,357890.0,842707.0,31544.0,811163.0,204329.0,1421391.0,1047233.0,374158.0,1225981.0,1180720.0,425832.0,248952.0,241308.0,39204.0,28548.0,196876.0,45261.0,-733283.0,1236084.0,7751189.0,7526004.0,7212903.0,219397.0,93704.0,54016.0,39688.0,225185.0,2.9,10281070.0,10267687.0,27094.0,35890.0,286086.0,-1.4,2.8,-1.8,2468427.0,492698.0
2001-11-01,8985078.0,6038799.0,4938820.0,4094872.0,843948.0,1099979.0,741235.0,358744.0,840453.0,29678.0,810775.0,204858.0,1401739.0,1026191.0,375548.0,1234250.0,1190248.0,427656.0,250320.0,248160.0,40164.0,26988.0,196960.0,44002.0,-735022.0,1230050.0,7755027.0,7492702.0,7182323.0,216388.0,93992.0,54304.0,39688.0,262325.0,3.4,10274102.0,10279669.0,27086.0,35903.0,286315.0,0.0,-0.4,0.1,2447050.0,499228.0
2001-12-01,8990696.0,6048399.0,4944228.0,4096401.0,847827.0,1104170.0,744559.0,359611.0,839628.0,26443.0,813185.0,206048.0,1387997.0,1010551.0,377446.0,1245230.0,1202764.0,431928.0,251544.0,250140.0,42564.0,27264.0,199324.0,42466.0,-736606.0,1229244.0,7761452.0,7474856.0,7166733.0,213844.0,94280.0,54592.0,39688.0,286596.0,3.7,10277684.0,10298897.0,27087.0,35943.0,286533.0,0.1,-0.2,0.2,2433673.0,508624.0
2002-01-01,9015609.0,6048961.0,4938325.0,4086774.0,851550.0,1110637.0,749786.0,360850.0,861695.0,21769.0,839926.0,206641.0,1380236.0,1000312.0,379925.0,1259664.0,1219014.0,443007.0,252846.0,247220.0,40771.0,28532.0,206638.0,40649.0,-741588.0,1084446.0,7931163.0,7489599.0,7184624.0,210151.0,94824.0,54868.0,39956.0,441564.0,5.6,10282403.0,10514697.0,27660.0,36670.0,286739.0,2.2,0.2,2.1,2448572.0,518076.0
2002-02-01,9031886.0,6053579.0,4939508.0,4084694.0,854814.0,1114071.0,752866.0,361204.0,860378.0,17567.0,842811.0,207304.0,1391763.0,994461.0,397302.0,1261144.0,1222122.0,445640.0,254137.0,244348.0,41795.0,28485.0,207717.0,39022.0,-742282.0,1074742.0,7957144.0,7528124.0,7225161.0,207827.0,95136.0,55180.0,39956.0,429020.0,5.4,10284841.0,10531551.0,27732.0,36704.0,286935.0,0.3,0.5,0.2,2459445.0,518862.0
2002-03-01,9050689.0,6079656.0,4959780.0,4100707.0,859073.0,1119876.0,757059.0,362817.0,857159.0,14540.0,842619.0,207998.0,1391990.0,992996.0,398994.0,1259338.0,1221756.0,439967.0,255416.0,243119.0,45907.0,28757.0,208589.0,37583.0,-745453.0,1066286.0,7984403.0,7544108.0,7243358.0,205326.0,95424.0,55468.0,39956.0,440295.0,5.5,10284142.0,10538961.0,27808.0,36704.0,287131.0,0.3,0.2,0.1,2457147.0,513885.0
2002-04-01,9099888.0,6102784.0,4977226.0,4114389.0,862838.0,1125558.0,761187.0,364371.0,860646.0,12708.0,847938.0,208808.0,1396896.0,995922.0,400974.0,1279111.0,1242780.0,445442.0,256684.0,242826.0,58957.0,29180.0,209692.0,36331.0,-748357.0,1055308.0,8044579.0,7612695.0,7312466.0,204730.0,95499.0,55712.0,39787.0,431884.0,5.4,10280014.0,10574191.0,27996.0,36800.0,287343.0,0.8,0.9,0.3,2466350.0,530754.0
2002-05-01,9131022.0,6125598.0,4995174.0,4126609.0,868564.0,1130425.0,764702.0,365723.0,863790.0,12881.0,850909.0,209028.0,1399621.0,997315.0,402306.0,1284004.0,1248836.0,445270.0,257941.0,243562.0,62766.0,29073.0,210225.0,35168.0,-751020.0,1049027.0,8081995.0,7586965.0,7288903.0,202276.0,95787.0,56000.0,39787.0,495029.0,6.1,10307854.0,10616521.0,28104.0,36918.0,287571.0,0.5,-0.3,0.4,2472439.0,532984.0
2002-06-01,9164806.0,6159037.0,5022553.0,4149457.0,873096.0,1136484.0,768585.0,367899.0,868854.0,15113.0,853741.0,208730.0,1399659.0,997171.0,402488.0,1283671.0,1249575.0,445750.0,259186.0,245099.0,59745.0,29498.0,210298.0,34095.0,-755145.0,1048629.0,8116177.0,7618795.0,7322496.0,200236.0,96063.0,56276.0,39787.0,497382.0,6.1,10339797.0,10648164.0,28200.0,36997.0,287808.0,0.4,0.4,0.3,2477243.0,528526.0
2002-07-01,9157525.0,6139792.0,5000571.0,4124530.0,876041.0,1139222.0,772681.0,366541.0,875146.0,19070.0,856076.0,207940.0,1399945.0,995491.0,404454.0,1287233.0,1254124.0,446416.0,260419.0,247917.0,57903.0,29837.0,211632.0,33109.0,-752532.0,1044223.0,8113302.0,7682141.0,7387293.0,198588.0,96260.0,56492.0,39768.0,431161.0,5.3,10302850.0,10620970.0,28166.0,36872.0,288051.0,0.0,0.8,-0.3,2483031.0,534701.0
2002-08-01,9175330.0,6158128.0,5012718.0,4131866.0,880852.0,1145410.0,777938.0,367472.0,872207.0,22071.0,850136.0,207540.0,1400376.0,996811.0,403565.0,1291397.0,1259176.0,448329.0,261641.0,251178.0,56367.0,29770.0,211891.0,32220.0,-754318.0,1044541.0,8130788.0,7706386.0,7412576.0,197250.0,96560.0,56792.0,39768.0,424403.0,5.2,10300442.0,10622961.0,28202.0,36846.0,288303.0,0.2,0.3,0.0,2480123.0,537079.0
2002-09-01,9197135.0,6172780.0,5023073.0,4140629.0,882444.0,1149707.0,781176.0,368531.0,871659.0,24397.0,847262.0,207552.0,1403547.0,1001134.0,402414.0,1297775.0,1266348.0,449496.0,262852.0,254077.0,56523.0,30072.0,213329.0,31427.0,-756178.0,1043598.0,8153537.0,7684516.0,7391538.0,196130.0,96848.0,57080.0,39768.0,469021.0,5.8,10302075.0,10633564.0,28256.0,36851.0,288554.0,0.3,-0.3,0.1,2482758.0,541597.0
2002-10-01,9229567.0,6186533.0,5024212.0,4138860.0,885351.0,1162321.0,793617.0,368704.0,879310.0,26323.0,852987.0,208044.0,1411633.0,1008465.0,403169.0,1300529.0,1269796.0,446861.0,264051.0,258377.0,55377.0,30339.0,214790.0,30733.0,-756482.0,1039533.0,8190034.0,7730542.0,7435169.0,196157.0,99216.0,57264.0,41952.0,459492.0,5.6,10322064.0,10661830.0,28359.0,36918.0,288794.0,0.4,0.6,0.3,2498987.0,544047.0
2002-11-01,9258835.0,6195345.0,5028977.0,4140470.0,888507.0,1166368.0,797268.0,369099.0,884004.0,27935.0,856069.0,209576.0,1422775.0,1014513.0,408262.0,1304348.0,1274154.0,450530.0,265239.0,260704.0,51986.0,30458.0,215237.0,30195.0,-757213.0,1038259.0,8220576.0,7758385.0,7463805.0,195052.0,99528.0,57576.0,41952.0,462190.0,5.6,10344883.0,10690935.0,28444.0,36991.0,289012.0,0.4,0.4,0.3,2516355.0,547135.0
2002-12-01,9288296.0,6199187.0,5028005.0,4136743.0,891262.0,1171182.0,801877.0,369305.0,886736.0,29285.0,857450.0,212217.0,1433140.0,1019272.0,413867.0,1314401.0,1284588.0,456196.0,266416.0,261681.0,53665.0,30506.0,216125.0,29813.0,-757384.0,1037540.0,8250756.0,7813043.0,7519901.0,193338.0,99804.0,57852.0,41952.0,437713.0,5.3,10360204.0,10719920.0,28528.0,37066.0,289214.0,0.4,0.7,0.3,2532093.0,557017.0
2003-01-01,9290106.0,6193002.0,5012382.0,4116620.0,895761.0,1180620.0,807938.0,372682.0,881328.0,28821.0,852507.0,216076.0,1440659.0,1022737.0,417922.0,1320166.0,1290290.0,456382.0,267581.0,261823.0,51099.0,30873.0,222532.0,29875.0,-761125.0,1022116.0,8267990.0,7832238.0,7541283.0,193313.0,97642.0,58020.0,39622.0,435752.0,5.3,10324265.0,10710359.0,28568.0,37007.0,289412.0,0.2,0.2,-0.1,2538063.0,559041.0
2003-02-01,9296201.0,6206542.0,5021287.0,4119973.0,901315.0,1185255.0,811718.0,373537.0,872402.0,29403.0,842999.0,218982.0,1437892.0,1022930.0,414962.0,1322906.0,1293239.0,457619.0,268860.0,260617.0,51132.0,31041.0,223970.0,29667.0,-762524.0,1021546.0,8274656.0,7841392.0,7548649.0,194584.0,98159.0,58537.0,39622.0,433264.0,5.2,10285221.0,10673963.0,28572.0,36857.0,289606.0,0.1,0.1,-0.3,2529276.0,560382.0
2003-03-01,9333827.0,6240047.0,5047349.0,4140896.0,906452.0,1192698.0,817044.0,375654.0,875155.0,31380.0,843775.0,221045.0,1434230.0,1019854.0,414376.0,1329672.0,1300394.0,460426.0,270253.0,259575.0,53131.0,31544.0,225466.0,29278.0,-766321.0,1020384.0,8313443.0,7905477.0,7611549.0,195339.0,98589.0,58967.0,39622.0,407966.0,4.9,10298571.0,10696517.0,28686.0,36909.0,289809.0,0.5,0.8,0.2,2530430.0,563351.0
2003-04-01,9356358.0,6264690.0,5065652.0,4156226.0,909426.0,1199039.0,821927.0,377112.0,881607.0,35144.0,846463.0,222294.0,1423838.0,1013517.0,410321.0,1332875.0,1304167.0,460210.0,271761.0,258383.0,54813.0,31327.0,227674.0,28708.0,-768947.0,1013464.0,8342894.0,7929877.0,7634487.0,195806.0,99584.0,59274.0,40310.0,413017.0,5.0,10341034.0,10752707.0,28766.0,37075.0,290024.0,0.4,0.3,0.5,2527739.0,563928.0
2003-05-01,9414424.0,6314718.0,5108423.0,4197310.0,911112.0,1206295.0,826011.0,380284.0,894762.0,37656.0,857106.0,223274.0,1415695.0,1009350.0,406345.0,1341013.0,1312969.0,465077.0,273382.0,258852.0,54839.0,31831.0,228988.0,28044.0,-775039.0,1019616.0,8394808.0,7946608.0,7650333.0,196280.0,99995.0,59685.0,40310.0,448200.0,5.3,10417312.0,10832017.0,28923.0,37320.0,290250.0,0.6,0.2,0.7,2533731.0,565974.0
2003-06-01,9455307.0,6342475.0,5130005.0,4214703.0,915302.0,1212470.0,830571.0,381899.0,900821.0,39178.0,861643.0,224013.0,1417939.0,1007347.0,410592.0,1347889.0,1320603.0,463962.0,275118.0,263118.0,56082.0,31974.0,230350.0,27285.0,-777830.0,1029304.0,8426003.0,7996694.0,7699554.0,196713.0,100427.0,60117.0,40310.0,429309.0,5.1,10449954.0,10860589.0,29007.0,37388.0,290484.0,0.4,0.6,0.3,2542773.0,570059.0
2003-07-01,9491649.0,6361088.0,5142328.0,4224098.0,918230.0,1218760.0,835797.0,382963.0,902299.0,39844.0,862455.0,224883.0,1428406.0,1007503.0,420903.0,1354901.0,1328469.0,462756.0,276967.0,270748.0,54654.0,32121.0,231222.0,26432.0,-779927.0,939399.0,8552251.0,8051720.0,7757004.0,195874.0,98842.0,60574.0,38268.0,500531.0,5.9,10457082.0,10991071.0,29417.0,37806.0,290726.0,1.5,0.7,1.2,2555588.0,574974.0
2003-08-01,9538772.0,6394187.0,5169530.0,4252056.0,917474.0,1224657.0,839632.0,385025.0,904630.0,39895.0,864735.0,226979.0,1434709.0,1005220.0,429489.0,1362082.0,1336590.0,466066.0,278931.0,272662.0,53552.0,31936.0,233443.0,25492.0,-783814.0,898637.0,8640134.0,8148276.0,7852102.0,196820.0,99353.0,61085.0,38268.0,491859.0,5.7,10473070.0,11066670.0,29694.0,38033.0,290974.0,1.0,1.2,0.7,2566318.0,578268.0
2003-09-01,9582532.0,6425800.0,5194328.0,4276779.0,917549.0,1231472.0,844376.0,387095.0,908853.0,39504.0,869349.0,230676.0,1438827.0,1000504.0,438323.0,1365991.0,1341526.0,465472.0,281009.0,271549.0,54378.0,32569.0,236549.0,24466.0,-787614.0,1013962.0,8568570.0,8151218.0,7853674.0,197659.0,99885.0,61617.0,38268.0,417352.0,4.9,10491326.0,10940816.0,29423.0,37569.0,291222.0,-0.8,0.0,-1.1,2578356.0,578377.0
2003-10-01,9620443.0,6471257.0,5232955.0,4310980.0,921975.0,1238302.0,848633.0,389669.0,908819.0,38559.0,870260.0,235694.0,1438700.0,993361.0,445339.0,1358730.0,1335378.0,465656.0,283201.0,264781.0,52830.0,32114.0,236796.0,23352.0,-792757.0,1018335.0,8602108.0,8170699.0,7867359.0,197053.0,106287.0,62148.0,44139.0,431409.0,5.0,10547685.0,10982265.0,29514.0,37680.0,291463.0,0.4,0.2,0.4,2583213.0,565973.0
2003-11-01,9688216.0,6515936.0,5270995.0,4346894.0,924101.0,1244942.0,852376.0,392566.0,914016.0,40597.0,873419.0,239482.0,1458574.0,982423.0,476150.0,1358417.0,1336388.0,466177.0,285507.0,263950.0,50485.0,32386.0,237883.0,22029.0,-798209.0,1023312.0,8664905.0,8227520.0,7922591.0,198050.0,106879.0,62740.0,44139.0,437384.0,5.0,10621113.0,11048397.0,29707.0,37879.0,291677.0,0.7,0.7,0.6,2612072.0,560208.0
2003-12-01,9713205.0,6513524.0,5263993.0,4335269.0,928723.0,1249532.0,857489.0,392043.0,925422.0,45452.0,879970.0,241763.0,1457365.0,967712.0,489653.0,1372420.0,1351924.0,472567.0,287927.0,268254.0,51102.0,32236.0,239838.0,20496.0,-797290.0,1022383.0,8690822.0,8258155.0,7950409.0,200263.0,107483.0,63344.0,44139.0,432667.0,5.0,10611837.0,11057184.0,29777.0,37884.0,291868.0,0.3,0.4,0.1,2624550.0,575130.0
2004-01-01,9731843.0,6526546.0,5264855.0,4332302.0,932553.0,1261691.0,863591.0,398100.0,933598.0,52691.0,880906.0,242424.0,1451511.0,949259.0,502253.0,1385488.0,1366736.0,474177.0,290462.0,277247.0,46247.0,32831.0,245772.0,18753.0,-807725.0,1012156.0,8719687.0,8315634.0,8007115.0,201736.0,106783.0,64312.0,42471.0,404053.0,4.6,10578018.0,11051173.0,29857.0,37840.0,292046.0,0.3,0.7,-0.1,2627533.0,577763.0
2004-02-01,9765396.0,6533533.0,5267469.0,4331306.0,936163.0,1266064.0,867623.0,398441.0,945720.0,57296.0,888424.0,243057.0,1451810.0,935920.0,515890.0,1399657.0,1382280.0,482245.0,292974.0,283895.0,42038.0,33457.0,247671.0,17377.0,-808382.0,1011540.0,8753855.0,8348786.0,8040409.0,201049.0,107327.0,64856.0,42471.0,405070.0,4.6,10580112.0,11070961.0,29955.0,37884.0,292230.0,0.4,0.4,0.2,2640587.0,591275.0
2004-03-01,9815832.0,6563845.0,5291059.0,4350098.0,940961.0,1272786.0,872838.0,399948.0,960373.0,58851.0,901522.0,243520.0,1453384.0,927710.0,525674.0,1406166.0,1389796.0,482632.0,295465.0,289204.0,38500.0,33514.0,250480.0,16371.0,-811455.0,1013080.0,8802751.0,8405473.0,8098806.0,198820.0,107846.0,65375.0,42471.0,397279.0,4.5,10619215.0,11115580.0,30102.0,38011.0,292434.0,0.6,0.7,0.4,2657277.0,594711.0
2004-04-01,9865773.0,6610417.0,5331193.0,4385510.0,945683.0,1279224.0,876754.0,402470.0,958336.0,57285.0,901052.0,243734.0,1457883.0,924628.0,533255.0,1411924.0,1396192.0,484056.0,297935.0,292972.0,36272.0,33705.0,251252.0,15732.0,-816522.0,1016748.0,8849025.0,8418371.0,8107245.0,200946.0,110179.0,65896.0,44284.0,430654.0,4.9,10655248.0,11153329.0,30237.0,38111.0,292651.0,0.5,0.2,0.3,2659953.0,595402.0
2004-05-01,9950047.0,6684169.0,5395436.0,4447148.0,948288.0,1288733.0,881392.0,407342.0,963983.0,55388.0,908596.0,243551.0,1467681.0,923592.0,544089.0,1416507.0,1401165.0,484832.0,300383.0,293884.0,35796.0,33659.0,252611.0,15342.0,-825845.0,1028059.0,8921988.0,8490014.0,8176470.0,202894.0,110650.0,66366.0,44284.0,431974.0,4.8,10720847.0,11208862.0,30464.0,38272.0,292872.0,0.8,0.9,0.5,2675215.0,590662.0
2004-06-01,9988392.0,6710777.0,5415550.0,4464735.0,950815.0,1295227.0,886620.0,408607.0,966790.0,53126.0,913664.0,242968.0,1476880.0,924602.0,552278.0,1419544.0,1404344.0,485506.0,302954.0,292254.0,35546.0,33792.0,254291.0,15201.0,-828567.0,1035470.0,8952923.0,8473234.0,8157607.0,204532.0,111095.0,66811.0,44284.0,479688.0,5.4,10734622.0,11215771.0,30545.0,38266.0,293103.0,0.3,-0.2,0.1,2686638.0,590977.0
2004-07-01,10032989.0,6769697.0,5465313.0,4511964.0,953349.0,1304385.0,892369.0,412016.0,966510.0,50541.0,915969.0,242298.0,1477042.0,927658.0,549384.0,1412855.0,1397547.0,479487.0,305803.0,289005.0,34963.0,33831.0,254458.0,15308.0,-835413.0,1051986.0,8981003.0,8554821.0,8236938.0,205632.0,112251.0,67264.0,44987.0,426182.0,4.7,10788835.0,11240493.0,30615.0,38318.0,293350.0,0.3,1.0,0.2,2685850.0,577442.0
2004-08-01,10078170.0,6809288.0,5498084.0,4541359.0,956725.0,1311203.0,896846.0,414357.0,964102.0,46201.0,917901.0,241684.0,1471819.0,932756.0,539063.0,1431300.0,1415646.0,492835.0,308462.0,287680.0,34855.0,34865.0,256948.0,15654.0,-840023.0,1065291.0,9012879.0,8591933.0,8271607.0,207679.0,112647.0,67660.0,44987.0,420946.0,4.7,10816790.0,11274649.0,30698.0,38401.0,293603.0,0.4,0.4,0.3,2677605.0,591277.0
2004-09-01,10110491.0,6832124.0,5514920.0,4555115.0,959805.0,1317204.0,902019.0,415186.0,961984.0,44458.0,917526.0,241418.0,1484647.0,939898.0,544749.0,1432466.0,1416227.0,486228.0,311544.0,288088.0,34171.0,34423.0,261773.0,16239.0,-842149.0,1075872.0,9034619.0,8664771.0,8341461.0,210287.0,113022.0,68035.0,44987.0,369849.0,4.1,10834419.0,11279623.0,30745.0,38385.0,293857.0,0.2,0.8,0.0,2688049.0,590317.0
2004-10-01,10159313.0,6855460.0,5532498.0,4568510.0,963988.0,1322963.0,906719.0,416243.0,971481.0,51114.0,920368.0,244812.0,1494594.0,949083.0,545511.0,1437484.0,1420423.0,488195.0,313272.0,291801.0,33338.0,34558.0,259258.0,17061.0,-844518.0,1083555.0,9075758.0,8723265.0,8397056.0,213712.0,112497.0,68432.0,44066.0,352493.0,3.9,10842528.0,11282515.0,30859.0,38362.0,294104.0,0.5,0.7,0.0,2710887.0,592966.0
2004-11-01,10171474.0,6854907.0,5527524.0,4558911.0,968613.0,1327384.0,911792.0,415592.0,976819.0,51488.0,925331.0,243410.0,1496933.0,961087.0,535846.0,1443169.0,1424878.0,488982.0,315327.0,295432.0,32876.0,34889.0,257372.0,18291.0,-843765.0,1090178.0,9081296.0,8774943.0,8444456.0,217671.0,112815.0,68750.0,44066.0,306353.0,3.4,10808998.0,11246137.0,30853.0,38208.0,294337.0,0.1,0.6,-0.3,2717162.0,599404.0
2004-12-01,10520771.0,6883091.0,5548265.0,4577137.0,971127.0,1334826.0,918105.0,416721.0,985041.0,50248.0,934793.0,240515.0,1800293.0,975909.0,824384.0,1458347.0,1438420.0,496963.0,317732.0,296281.0,32496.0,35078.0,259870.0,19927.0,-846516.0,1101004.0,9419767.0,8839703.0,8504351.0,222255.0,113098.0,69032.0,44066.0,580064.0,6.2,11216718.0,11659008.0,31979.0,39581.0,294561.0,3.7,0.7,3.7,3025849.0,611831.0
2005-01-01,10247003.0,6908810.0,5562486.0,4587343.0,975143.0,1346324.0,925680.0,420644.0,956680.0,48426.0,908254.0,235328.0,1526887.0,993550.0,533337.0,1475915.0,1453811.0,501063.0,320764.0,298525.0,32676.0,35879.0,264905.0,22104.0,-856618.0,1164808.0,9082195.0,8835103.0,8497691.0,226123.0,111289.0,69997.0,41291.0,247091.0,2.7,10841983.0,11226544.0,30811.0,38086.0,294768.0,-3.6,-0.1,-3.7,2718895.0,619297.0
2005-02-01,10282747.0,6929061.0,5577506.0,4599829.0,977677.0,1351555.0,930274.0,421281.0,955435.0,47061.0,908374.0,233000.0,1532232.0,1012039.0,520193.0,1491505.0,1467650.0,510204.0,323206.0,300457.0,31924.0,35949.0,265910.0,23855.0,-858486.0,1173295.0,9109452.0,8898890.0,8559081.0,228258.0,111551.0,70260.0,41291.0,210563.0,2.3,10836709.0,11228957.0,30884.0,38070.0,294955.0,0.3,0.7,0.0,2720667.0,633019.0
2005-03-01,10347937.0,6940927.0,5583879.0,4603239.0,980640.0,1357048.0,935708.0,421340.0,959216.0,47377.0,911839.0,232732.0,1577322.0,1031376.0,545946.0,1496916.0,1471736.0,508191.0,325551.0,305064.0,31635.0,36038.0,265257.0,25180.0,-859175.0,1178727.0,9169210.0,8939033.0,8598432.0,228775.0,111826.0,70535.0,41291.0,230177.0,2.5,10877776.0,11268826.0,31066.0,38180.0,295149.0,0.7,0.5,0.4,2769270.0,637741.0
2005-04-01,10412128.0,6979160.0,5616652.0,4633145.0,983506.0,1362508.0,939121.0,423387.0,955076.0,49821.0,905255.0,233713.0,1597277.0,1051561.0,545717.0,1510411.0,1484332.0,513170.0,327115.0,311855.0,30894.0,35754.0,265543.0,26079.0,-863509.0,1188425.0,9223703.0,9028259.0,8678413.0,231317.0,118529.0,70863.0,47666.0,195444.0,2.1,10909611.0,11304224.0,31229.0,38273.0,295359.0,0.6,1.0,0.3,2786066.0,646902.0
2005-05-01,10464134.0,7002548.0,5635120.0,4648273.0,986847.0,1367428.0,942990.0,424438.0,961933.0,51188.0,910745.0,232250.0,1620433.0,1067637.0,552797.0,1512907.0,1486157.0,511798.0,329146.0,311526.0,30948.0,36380.0,266360.0,26749.0,-865937.0,1195508.0,9268626.0,9025076.0,8671645.0,234611.0,118820.0,71153.0,47666.0,243550.0,2.6,10963942.0,11352709.0,31357.0,38408.0,295582.0,0.5,0.0,0.4,2814616.0,646970.0
2005-06-01,10498014.0,7035036.0,5661753.0,4673747.0,988006.0,1373284.0,947295.0,425988.0,974799.0,51907.0,922892.0,227505.0,1615442.0,1079603.0,535838.0,1514629.0,1487437.0,513649.0,331199.0,308959.0,30945.0,36559.0,266126.0,27192.0,-869397.0,1204946.0,9293068.0,9111181.0,8753379.0,238691.0,119111.0,71445.0,47666.0,181887.0,2.0,10996464.0,11375543.0,31414.0,38454.0,295824.0,0.3,1.0,0.2,2817746.0,645232.0
2005-07-01,10558282.0,7096431.0,5716126.0,4723619.0,992507.0,1380305.0,950653.0,429652.0,982748.0,52159.0,930589.0,219787.0,1626467.0,1087461.0,539005.0,1509537.0,1482131.0,513074.0,333107.0,302104.0,30944.0,36364.0,266537.0,27406.0,-876688.0,1216159.0,9342122.0,9213175.0,8853777.0,240424.0,118974.0,71769.0,47206.0,128947.0,1.4,11029513.0,11387111.0,31553.0,38460.0,296077.0,0.5,1.1,0.1,2829002.0,632849.0
2005-08-01,10619562.0,7118768.0,5734680.0,4739645.0,995035.0,1384089.0,953391.0,430698.0,985677.0,47489.0,938187.0,213399.0,1645977.0,1099657.0,546320.0,1534815.0,1507430.0,515051.0,335146.0,299069.0,30879.0,36703.0,290582.0,27385.0,-879074.0,1224734.0,9394828.0,9211230.0,8850108.0,241850.0,119272.0,72066.0,47206.0,183598.0,2.0,11028835.0,11405272.0,31703.0,38487.0,296338.0,0.6,0.0,0.2,2845053.0,655741.0
2005-09-01,10687722.0,7152739.0,5763995.0,4765003.0,998992.0,1388744.0,956299.0,432445.0,995699.0,48924.0,946774.0,207476.0,1674131.0,1116190.0,557941.0,1540516.0,1513388.0,514004.0,337148.0,299195.0,32829.0,36616.0,293596.0,27127.0,-882838.0,1235547.0,9452175.0,9263026.0,8900382.0,243072.0,119571.0,72366.0,47206.0,189149.0,2.0,10998548.0,11365240.0,31868.0,38318.0,296606.0,0.6,0.6,-0.4,2877306.0,657678.0
2005-10-01,10767263.0,7187675.0,5795225.0,4793701.0,1001524.0,1392449.0,957734.0,434715.0,999854.0,45844.0,954010.0,208488.0,1721968.0,1137061.0,584906.0,1536528.0,1509894.0,515389.0,339088.0,306670.0,33491.0,36735.0,278522.0,26634.0,-887250.0,1247216.0,9520047.0,9303826.0,8938497.0,242910.0,122419.0,72691.0,49728.0,216221.0,2.3,11081363.0,11428678.0,32069.0,38499.0,296857.0,0.7,0.4,0.6,2930310.0,649278.0
2005-11-01,10815402.0,7208704.0,5813531.0,4807577.0,1005955.0,1395173.0,959708.0,435465.0,1008417.0,43592.0,964826.0,205747.0,1741951.0,1148694.0,593257.0,1539827.0,1514083.0,514404.0,341039.0,306711.0,32177.0,36703.0,283048.0,25744.0,-889243.0,1255797.0,9559605.0,9313340.0,8946242.0,244360.0,122738.0,73010.0,49728.0,246265.0,2.6,11158450.0,11500136.0,32178.0,38709.0,297089.0,0.4,0.1,0.6,2956115.0,650584.0
2005-12-01,10853063.0,7233429.0,5835595.0,4825589.0,1010006.0,1397834.0,961145.0,436689.0,1014162.0,41177.0,972984.0,203844.0,1756169.0,1151087.0,605082.0,1537407.0,1512949.0,522745.0,343013.0,302833.0,31955.0,36977.0,275426.0,24458.0,-891949.0,1264311.0,9588752.0,9351509.0,8981147.0,247289.0,123073.0,73345.0,49728.0,237244.0,2.5,11206652.0,11535185.0,32252.0,38798.0,297311.0,0.3,0.4,0.3,2974175.0,645458.0
2006-01-01,11038623.0,7334386.0,5929421.0,4918706.0,1010715.0,1404965.0,963931.0,441034.0,1046602.0,37679.0,1008923.0,198904.0,1774458.0,1144243.0,630216.0,1591530.0,1568753.0,538284.0,387538.0,294917.0,30848.0,38347.0,278819.0,22777.0,-907256.0,1305889.0,9732734.0,9441821.0,9071617.0,254168.0,116036.0,74335.0,41701.0,290913.0,3.0,11309859.0,11651821.0,32712.0,39162.0,297526.0,1.5,1.0,1.0,3019964.0,684274.0
2006-02-01,11102615.0,7390168.0,5981487.0,4966876.0,1014611.0,1408681.0,964333.0,444348.0,1049076.0,34743.0,1014333.0,193908.0,1801154.0,1152102.0,649052.0,1583140.0,1561673.0,535121.0,389706.0,289562.0,30325.0,38379.0,278580.0,21467.0,-914831.0,1321411.0,9781204.0,9470678.0,9095989.0,258635.0,116054.0,74352.0,41701.0,310527.0,3.2,11389679.0,11702827.0,32852.0,39306.0,297734.0,0.5,0.3,0.4,3044138.0,668309.0
2006-03-01,11171777.0,7414584.0,6003244.0,4984742.0,1018502.0,1411340.0,965798.0,445542.0,1052828.0,33377.0,1019451.0,190715.0,1840896.0,1174666.0,666229.0,1590283.0,1569754.0,540720.0,391422.0,289502.0,29794.0,37883.0,280434.0,20528.0,-917528.0,1334142.0,9837635.0,9509463.0,9132854.0,260449.0,116159.0,74458.0,41701.0,328172.0,3.3,11441624.0,11747492.0,33018.0,39428.0,297950.0,0.6,0.4,0.4,3084439.0,672755.0
2006-04-01,11229536.0,7439844.0,6025589.0,5003108.0,1022481.0,1414255.0,967528.0,446727.0,1051354.0,33770.0,1017584.0,187033.0,1878441.0,1211935.0,666506.0,1593244.0,1573283.0,542049.0,393548.0,289735.0,29401.0,38658.0,279891.0,19962.0,-920381.0,1348858.0,9880677.0,9576820.0,9191586.0,258653.0,126581.0,74686.0,51895.0,303858.0,3.1,11453893.0,11744376.0,33138.0,39388.0,298170.0,0.4,0.7,0.0,3116828.0,672863.0
2006-05-01,11251120.0,7411124.0,5996908.0,4971196.0,1025712.0,1414216.0,970067.0,444149.0,1053142.0,33889.0,1019253.0,183571.0,1916285.0,1235851.0,680434.0,1603034.0,1583432.0,542891.0,395570.0,294692.0,29384.0,38598.0,282297.0,19602.0,-916036.0,1350219.0,9900901.0,9616513.0,9231759.0,257980.0,126774.0,74880.0,51895.0,284387.0,2.9,11437127.0,11736822.0,33180.0,39332.0,298401.0,0.2,0.4,-0.1,3152998.0,686998.0
2006-06-01,11292755.0,7433114.0,6015388.0,4986198.0,1029191.0,1417725.0,972837.0,444889.0,1051635.0,33821.0,1017814.0,179703.0,1933904.0,1246415.0,687489.0,1612243.0,1592793.0,546041.0,397716.0,300316.0,29650.0,38763.0,280306.0,19451.0,-917844.0,1354696.0,9938059.0,9645003.0,9259602.0,258431.0,126970.0,75076.0,51895.0,293057.0,2.9,11447317.0,11751870.0,33276.0,39350.0,298653.0,0.4,0.3,0.1,3165242.0,694399.0
2006-07-01,11322083.0,7463822.0,6042303.0,5006467.0,1035836.0,1421519.0,975185.0,446335.0,1047600.0,33639.0,1013961.0,179036.0,1930206.0,1243626.0,686580.0,1622586.0,1603080.0,544706.0,399877.0,308467.0,30485.0,38673.0,280872.0,19506.0,-921168.0,1354181.0,9967902.0,9734170.0,9343801.0,265023.0,125346.0,75309.0,50036.0,233732.0,2.3,11430623.0,11746932.0,33347.0,39299.0,298910.0,0.3,0.9,0.0,3156842.0,701418.0
2006-08-01,11346840.0,7479650.0,6054401.0,5012768.0,1041632.0,1425249.0,978779.0,446470.0,1050216.0,33435.0,1016781.0,177801.0,1930540.0,1240502.0,690038.0,1630514.0,1610732.0,544830.0,402137.0,311261.0,30671.0,39379.0,282454.0,19781.0,-921881.0,1355958.0,9990882.0,9738949.0,9342154.0,271231.0,125564.0,75528.0,50036.0,251933.0,2.5,11414484.0,11737025.0,33394.0,39231.0,299178.0,0.2,0.0,-0.1,3158557.0,708633.0
2006-09-01,11383916.0,7518511.0,6088957.0,5040602.0,1048355.0,1429554.0,981404.0,448150.0,1048434.0,33242.0,1015192.0,176535.0,1933403.0,1237042.0,696361.0,1631874.0,1611598.0,548778.0,404413.0,306502.0,30508.0,39304.0,282094.0,20276.0,-924840.0,1365705.0,10018211.0,9778185.0,9375362.0,277019.0,125804.0,75767.0,50036.0,240026.0,2.4,11486561.0,11800071.0,33455.0,39406.0,299452.0,0.3,0.4,0.5,3158372.0,707034.0
2006-10-01,11417787.0,7562054.0,6126868.0,5076158.0,1050709.0,1435186.0,984909.0,450278.0,1052565.0,33021.0,1019544.0,172128.0,1936746.0,1233246.0,703500.0,1624486.0,1603496.0,545677.0,406740.0,297382.0,30629.0,39356.0,283713.0,20989.0,-930191.0,1377916.0,10039872.0,9801967.0,9393623.0,277336.0,131008.0,76067.0,54941.0,237905.0,2.4,11562550.0,11853664.0,33499.0,39550.0,299710.0,0.2,0.2,0.5,3161439.0,694295.0
2006-11-01,11479301.0,7614040.0,6171728.0,5116071.0,1055657.0,1442312.0,989647.0,452664.0,1050976.0,34134.0,1016841.0,168970.0,1950269.0,1232104.0,718164.0,1629866.0,1607836.0,545753.0,409106.0,298538.0,31227.0,39537.0,283676.0,22030.0,-934820.0,1395132.0,10084170.0,9811257.0,9400206.0,279770.0,131281.0,76341.0,54941.0,272912.0,2.7,11624863.0,11901911.0,33619.0,39680.0,299950.0,0.4,0.1,0.4,3170215.0,695046.0
2006-12-01,11587605.0,7694819.0,6244571.0,5183682.0,1060889.0,1450247.0,993161.0,457086.0,1056011.0,36857.0,1019154.0,165127.0,1962012.0,1233617.0,728395.0,1653317.0,1629917.0,554298.0,411512.0,308326.0,31475.0,39574.0,284733.0,23399.0,-943680.0,1419445.0,10168160.0,9904178.0,9488275.0,284335.0,131569.0,76628.0,54941.0,263982.0,2.6,11683537.0,11958590.0,33874.0,39838.0,300178.0,0.8,0.9,0.5,3183150.0,709637.0
2007-01-01,11647121.0,7759494.0,6302925.0,5236040.0,1066885.0,1456569.0,998928.0,457640.0,1019484.0,41233.0,978251.0,160860.0,1964327.0,1237784.0,726543.0,1694063.0,1668967.0,565076.0,413957.0,327812.0,32134.0,40499.0,289489.0,25096.0,-951107.0,1446751.0,10200370.0,9958281.0,9538721.0,283778.0,135783.0,77728.0,58054.0,242088.0,2.4,11666685.0,11956577.0,33956.0,39803.0,300398.0,0.3,0.5,0.0,3144671.0,742956.0
2007-02-01,11734174.0,7814224.0,6351730.0,5279287.0,1072442.0,1462494.0,1002200.0,460294.0,1019116.0,43323.0,975794.0,161010.0,1986728.0,1253917.0,732810.0,1709981.0,1683387.0,567594.0,416436.0,336109.0,32747.0,40556.0,289946.0,26593.0,-956885.0,1468407.0,10265767.0,9982809.0,9565960.0,280778.0,136070.0,78016.0,58054.0,282958.0,2.8,11713688.0,11995977.0,34150.0,39906.0,300608.0,0.6,0.2,0.3,3166854.0,753096.0
2007-03-01,11821429.0,7844244.0,6376599.0,5301111.0,1075488.0,1467644.0,1006503.0,461141.0,1013065.0,42999.0,970065.0,165558.0,2041613.0,1282017.0,759596.0,1716034.0,1688143.0,572162.0,418948.0,333472.0,31996.0,40435.0,291131.0,27891.0,-959084.0,1484475.0,10336954.0,10023523.0,9611732.0,275447.0,136344.0,78290.0,58054.0,313431.0,3.0,11765493.0,12035093.0,34362.0,40007.0,300823.0,0.7,0.4,0.3,3220236.0,756950.0
2007-04-01,11868073.0,7840636.0,6369787.0,5292420.0,1077367.0,1470849.0,1010601.0,460247.0,1002895.0,40314.0,962581.0,173549.0,2100722.0,1322083.0,778639.0,1707969.0,1678979.0,570697.0,421493.0,320238.0,31980.0,42298.0,292273.0,28989.0,-957698.0,1491604.0,10376468.0,10066786.0,9643571.0,286015.0,137200.0,78581.0,58619.0,309683.0,3.0,11801492.0,12052811.0,34468.0,40037.0,301045.0,0.4,0.4,0.1,3277166.0,750271.0
2007-05-01,11908720.0,7837271.0,6362376.0,5282323.0,1080053.0,1474895.0,1015679.0,459216.0,997762.0,38589.0,959173.0,180348.0,2139030.0,1346208.0,792822.0,1710486.0,1680483.0,577851.0,424072.0,312747.0,31567.0,41609.0,292638.0,30003.0,-956177.0,1495998.0,10412722.0,10117699.0,9685806.0,294437.0,137455.0,78836.0,58619.0,295024.0,2.8,11811502.0,12059920.0,34562.0,40029.0,301278.0,0.3,0.5,0.1,3317140.0,754309.0
2007-06-01,11929248.0,7857568.0,6378833.0,5294724.0,1084109.0,1478735.0,1018859.0,459876.0,994855.0,37801.0,957053.0,186862.0,2135242.0,1354391.0,780851.0,1712602.0,1681671.0,576514.0,426684.0,311211.0,31940.0,41319.0,294003.0,30931.0,-957881.0,1500197.0,10429051.0,10144921.0,9706762.0,300453.0,137705.0,79086.0,58619.0,284130.0,2.7,11807774.0,12053259.0,34587.0,39974.0,301528.0,0.2,0.3,-0.1,3316959.0,754721.0
2007-07-01,11955711.0,7872827.0,6388468.0,5301023.0,1087445.0,1484359.0,1023841.0,460518.0,993146.0,37931.0,955215.0,190068.0,2139273.0,1346634.0,792640.0,1719857.0,1688082.0,573796.0,429329.0,315442.0,32840.0,41902.0,294774.0,31775.0,-959460.0,1499413.0,10456298.0,10185314.0,9751141.0,295321.0,138852.0,79364.0,59488.0,270984.0,2.6,11811997.0,12066385.0,34648.0,39983.0,301790.0,0.3,0.4,0.1,3322487.0,760397.0
2007-08-01,11963081.0,7868074.0,6382039.0,5288079.0,1093960.0,1486035.0,1026393.0,459642.0,985634.0,38902.0,946732.0,193663.0,2142063.0,1344569.0,797494.0,1731860.0,1699344.0,577481.0,432008.0,319607.0,32899.0,41853.0,295497.0,32516.0,-958212.0,1495737.0,10467345.0,10232003.0,9798937.0,293979.0,139087.0,79599.0,59488.0,235342.0,2.2,11798640.0,12070937.0,34653.0,39962.0,302064.0,0.1,0.5,0.0,3321360.0,773648.0
2007-09-01,12025458.0,7914715.0,6422180.0,5322799.0,1099381.0,1492534.0,1030041.0,462494.0,982513.0,40615.0,941898.0,197166.0,2148816.0,1348197.0,800618.0,1746282.0,1713127.0,583403.0,434720.0,323875.0,32759.0,41808.0,296563.0,33155.0,-964033.0,1501407.0,10524051.0,10280882.0,9845072.0,296502.0,139308.0,79820.0,59488.0,243169.0,2.3,11808311.0,12089613.0,34809.0,39988.0,302334.0,0.5,0.5,0.2,3328495.0,782249.0
2007-10-01,12046839.0,7928365.0,6431179.0,5328452.0,1102727.0,1497186.0,1033971.0,463215.0,977760.0,42841.0,934918.0,199906.0,2155545.0,1357519.0,798027.0,1751063.0,1717370.0,576363.0,437465.0,328140.0,33176.0,42603.0,299623.0,33692.0,-965799.0,1498951.0,10547889.0,10319881.0,9882702.0,296523.0,140657.0,80054.0,60603.0,228007.0,2.2,11791649.0,12080390.0,34859.0,39923.0,302590.0,0.2,0.4,-0.1,3333211.0,785264.0
2007-11-01,12102811.0,7978729.0,6474748.0,5366510.0,1108238.0,1503981.0,1037742.0,466239.0,977670.0,45449.0,932221.0,207168.0,2153089.0,1358505.0,794585.0,1758275.0,1724180.0,577725.0,440244.0,330383.0,33670.0,42419.0,299739.0,34095.0,-972121.0,1507973.0,10594838.0,10393014.0,9955924.0,296218.0,140871.0,80269.0,60603.0,201824.0,1.9,11784940.0,12070095.0,34986.0,39857.0,302834.0,0.4,0.7,-0.1,3337927.0,786154.0
2007-12-01,12182739.0,8025554.0,6515837.0,5401398.0,1114439.0,1509716.0,1040211.0,469505.0,980859.0,47987.0,932872.0,218952.0,2157186.0,1351156.0,806030.0,1778652.0,1744290.0,589177.0,443056.0,331239.0,35175.0,42751.0,302892.0,34362.0,-978464.0,1518957.0,10663782.0,10409347.0,9972793.0,295462.0,141092.0,80489.0,60603.0,254435.0,2.4,11825282.0,12120451.0,35187.0,39993.0,303062.0,0.7,0.2,0.4,3356997.0,800188.0
2008-01-01,12227791.0,8029839.0,6518866.0,5399088.0,1119778.0,1510973.0,1043020.0,467953.0,969988.0,48985.0,921003.0,235550.0,2179714.0,1335472.0,844243.0,1792971.0,1758477.0,593977.0,445901.0,330506.0,35589.0,43905.0,308598.0,34495.0,-980271.0,1522285.0,10705506.0,10431363.0,9996400.0,290938.0,144025.0,80361.0,63664.0,274143.0,2.6,11830243.0,12137128.0,35299.0,40020.0,303280.0,0.4,0.2,0.1,3385252.0,812700.0
2008-02-01,12264927.0,8052068.0,6536668.0,5411432.0,1125236.0,1515401.0,1045920.0,469481.0,961415.0,48655.0,912761.0,249825.0,2185611.0,1323446.0,862165.0,1799554.0,1764889.0,594541.0,448749.0,331053.0,36201.0,44347.0,309998.0,34665.0,-983546.0,1533866.0,10731060.0,10410982.0,9981672.0,285092.0,144219.0,80555.0,63664.0,320078.0,3.0,11841213.0,12141830.0,35358.0,40007.0,303494.0,0.2,-0.2,0.0,3396851.0,816008.0
2008-03-01,12314677.0,8082702.0,6562648.0,5433237.0,1129410.0,1520054.0,1048339.0,471715.0,963477.0,48000.0,915477.0,262371.0,2178011.0,1315078.0,862933.0,1816215.0,1781342.0,603461.0,451600.0,333227.0,37084.0,43742.0,312228.0,34873.0,-988099.0,1549260.0,10765417.0,10457429.0,10035263.0,277786.0,144380.0,80716.0,63664.0,307988.0,2.9,11844713.0,12145900.0,35447.0,39992.0,303707.0,0.3,0.4,0.0,3403859.0,828116.0
2008-04-01,12302604.0,8050707.0,6530471.0,5398433.0,1132038.0,1520236.0,1050373.0,469864.0,969107.0,47042.0,922065.0,271973.0,2149185.0,1310368.0,838816.0,1846502.0,1811384.0,599621.0,454453.0,336966.0,37557.0,44364.0,338423.0,35119.0,-984869.0,1557184.0,10745420.0,10491049.0,10070270.0,274662.0,146117.0,80886.0,65232.0,254372.0,2.4,11775028.0,12100841.0,35355.0,39815.0,303926.0,-0.2,0.3,-0.4,3390265.0,861633.0
2008-05-01,12879279.0,8054870.0,6532656.0,5397095.0,1135561.0,1522214.0,1051927.0,470287.0,967465.0,44695.0,922770.0,281045.0,2142309.0,1316300.0,826009.0,2419709.0,2384345.0,604667.0,457309.0,339567.0,38114.0,44375.0,900312.0,35364.0,-986119.0,1556791.0,11322488.0,10551438.0,10132271.0,272944.0,146223.0,80991.0,65232.0,771050.0,6.8,11728591.0,12696204.0,37226.0,41742.0,304157.0,5.4,0.6,4.9,3390819.0,1433590.0
2008-06-01,12661020.0,8059067.0,6534839.0,5394449.0,1140390.0,1524228.0,1053252.0,470976.0,966040.0,41262.0,924779.0,289871.0,2154708.0,1332873.0,821836.0,2178947.0,2143339.0,604289.0,460167.0,340948.0,38957.0,45329.0,653649.0,35609.0,-987614.0,1543417.0,11117603.0,10605848.0,10187065.0,272479.0,146305.0,81073.0,65232.0,511755.0,4.6,11669092.0,12376591.0,36523.0,40660.0,304396.0,-1.8,0.5,-2.5,3410619.0,1191333.0
2008-07-01,12514829.0,8057691.0,6532332.0,5385697.0,1146635.0,1525359.0,1054157.0,471202.0,948110.0,36941.0,911169.0,297307.0,2175273.0,1360087.0,815186.0,2024749.0,1988895.0,608715.0,463028.0,341214.0,45236.0,45830.0,484873.0,35853.0,-988301.0,1515090.0,10999738.0,10603880.0,10185092.0,272072.0,146716.0,81162.0,65554.0,395859.0,3.6,11623947.0,12188694.0,36107.0,40009.0,304646.0,-1.1,0.0,-1.5,3420690.0,1036448.0
2008-08-01,12426008.0,8078464.0,6550944.0,5399745.0,1151200.0,1527520.0,1054520.0,473000.0,960233.0,34016.0,926216.0,305069.0,2180460.0,1376940.0,803520.0,1893769.0,1857664.0,608387.0,465892.0,340923.0,62904.0,44985.0,334573.0,36105.0,-991987.0,1496516.0,10929492.0,10594676.0,10175729.0,272200.0,146747.0,81194.0,65554.0,334816.0,3.1,11680075.0,12120622.0,35846.0,39752.0,304903.0,-0.6,-0.1,-0.6,3445762.0,901782.0
2008-09-01,12444992.0,8087005.0,6558188.0,5402507.0,1155681.0,1528817.0,1054595.0,474222.0,963310.0,32383.0,930927.0,313369.0,2169977.0,1383432.0,786545.0,1905680.0,1869316.0,609502.0,468758.0,340317.0,66504.0,45775.0,338461.0,36365.0,-994350.0,1480881.0,10964111.0,10535824.0,10116413.0,272656.0,146754.0,81201.0,65554.0,428287.0,3.9,11678303.0,12149011.0,35929.0,39812.0,305158.0,0.3,-0.6,0.2,3446656.0,911330.0
2008-10-01,12446476.0,8110398.0,6579948.0,5418437.0,1161511.0,1530450.0,1054223.0,476227.0,955284.0,31928.0,923356.0,322208.0,2144374.0,1379563.0,764811.0,1912727.0,1876095.0,609338.0,471626.0,339061.0,65148.0,45845.0,345075.0,36632.0,-998515.0,1472779.0,10973697.0,10440585.0,10034123.0,265076.0,141386.0,81221.0,60165.0,533112.0,4.9,11749787.0,12240523.0,35932.0,40080.0,305403.0,0.1,-0.9,0.8,3421866.0,914212.0
2008-11-01,12387090.0,8065845.0,6538187.0,5373612.0,1164575.0,1527658.0,1053385.0,474273.0,959993.0,30953.0,929039.0,326430.0,2107175.0,1367972.0,739203.0,1922258.0,1885350.0,611320.0,474497.0,340776.0,66563.0,45817.0,346378.0,36907.0,-994611.0,1449590.0,10937500.0,10284254.0,9885231.0,257681.0,141343.0,81178.0,60165.0,653245.0,6.0,11812401.0,12345935.0,35788.0,40396.0,305620.0,-0.3,-1.5,0.9,3393598.0,927647.0
2008-12-01,12238467.0,7953249.0,6433400.0,5269200.0,1164200.0,1519849.0,1052178.0,467671.0,939229.0,29448.0,909781.0,328288.0,2051435.0,1348660.0,702776.0,1948281.0,1911089.0,618688.0,477371.0,345434.0,83917.0,46157.0,339522.0,37191.0,-982015.0,1412347.0,10826120.0,10193137.0,9801472.0,250390.0,141276.0,81110.0,60165.0,632983.0,5.8,11680502.0,12288846.0,35400.0,40182.0,305827.0,-1.0,-0.9,-0.5,3318952.0,966266.0
2009-01-01,12125634.0,7796812.0,6287418.0,5124908.0,1162510.0,1509394.0,1049804.0,459591.0,934303.0,25110.0,909193.0,326067.0,2020749.0,1321626.0,699123.0,2014540.0,1977056.0,648062.0,480247.0,353212.0,93010.0,49620.0,352905.0,37484.0,-966837.0,1234109.0,10891525.0,10244906.0,9847249.0,252800.0,144857.0,80671.0,64186.0,646619.0,5.9,11475761.0,12361525.0,35589.0,40393.0,306035.0,0.6,0.5,0.6,3281119.0,1047703.0
2009-02-01,12007441.0,7714970.0,6211306.0,5049003.0,1162303.0,1503664.0,1048652.0,455012.0,911315.0,22916.0,888399.0,326066.0,1976474.0,1303211.0,673263.0,2036570.0,1998798.0,651932.0,482993.0,359130.0,99967.0,49157.0,355618.0,37772.0,-957954.0,1202024.0,10805417.0,10223768.0,9824478.0,254517.0,144773.0,80586.0,64186.0,581649.0,5.4,11296390.0,12241880.0,35285.0,39975.0,306237.0,-0.8,-0.2,-1.0,3213855.0,1078616.0
2009-03-01,11965280.0,7679341.0,6178011.0,5014431.0,1163580.0,1501330.0,1047951.0,453379.0,895797.0,22431.0,873366.0,327445.0,1949384.0,1293414.0,655971.0,2068005.0,2029949.0,655619.0,485608.0,362980.0,111680.0,50046.0,364016.0,38056.0,-954691.0,1170963.0,10794317.0,10173365.0,9773181.0,255491.0,144693.0,80507.0,64186.0,620952.0,5.8,11225296.0,12242703.0,35225.0,39952.0,306438.0,-0.1,-0.5,0.0,3172626.0,1113314.0
2009-04-01,12009424.0,7740885.0,6235410.0,5060490.0,1174920.0,1505475.0,1047718.0,457757.0,898227.0,23428.0,874799.0,330379.0,1896565.0,1292235.0,604330.0,2106533.0,2068197.0,661858.0,488092.0,365492.0,121769.0,50034.0,380953.0,38336.0,-963166.0,1131459.0,10877965.0,10171958.0,9772523.0,254820.0,144615.0,80352.0,64263.0,706007.0,6.5,11215654.0,12319987.0,35474.0,40177.0,306645.0,0.8,0.0,0.6,3125171.0,1143367.0
2009-05-01,12179626.0,7772327.0,6264240.0,5089113.0,1175128.0,1508087.0,1047894.0,460193.0,900300.0,24048.0,876252.0,335322.0,1865414.0,1286562.0,578852.0,2273990.0,2235377.0,657440.0,490445.0,368620.0,130736.0,50200.0,537936.0,38614.0,-967728.0,1131214.0,11048412.0,10189393.0,9791553.0,253299.0,144540.0,80277.0,64263.0,859020.0,7.8,11207164.0,12500093.0,36004.0,40735.0,306863.0,1.6,0.2,1.5,3101036.0,1306262.0
2009-06-01,12042936.0,7772662.0,6263808.0,5085721.0,1178087.0,1508854.0,1048588.0,460266.0,907574.0,24530.0,883045.0,342018.0,1833250.0,1276396.0,556853.0,2155341.0,2116452.0,667969.0,492668.0,372702.0,138494.0,51002.0,393617.0,38889.0,-967910.0,1130632.0,10912305.0,10247848.0,9852431.0,250957.0,144460.0,80197.0,64263.0,664457.0,6.1,11120698.0,12273201.0,35535.0,39966.0,307090.0,-1.2,0.6,-1.8,3082842.0,1187431.0
2009-07-01,11998429.0,7746031.0,6238213.0,5059741.0,1178472.0,1507818.0,1049780.0,458038.0,913691.0,24938.0,888753.0,350055.0,1795494.0,1261736.0,533758.0,2157301.0,2118138.0,665121.0,494760.0,377579.0,140550.0,51343.0,388784.0,39163.0,-964142.0,1133512.0,10864917.0,10280037.0,9886264.0,249737.0,144036.0,79969.0,64067.0,584880.0,5.4,11067321.0,12218672.0,35354.0,39759.0,307322.0,-0.4,0.3,-0.4,3059240.0,1193159.0
2009-08-01,12011197.0,7747489.0,6238179.0,5057566.0,1180613.0,1509310.0,1051320.0,457990.0,935847.0,26593.0,909254.0,356390.0,1770019.0,1252253.0,517767.0,2165488.0,2126051.0,662010.0,496721.0,379381.0,145510.0,52042.0,390387.0,39437.0,-964037.0,1136024.0,10875172.0,10399488.0,10004129.0,251395.0,143963.0,79897.0,64067.0,475684.0,4.4,11040402.0,12194782.0,35358.0,39649.0,307570.0,0.1,1.2,-0.2,3062256.0,1201451.0
2009-09-01,12061068.0,7746062.0,6235255.0,5057359.0,1177896.0,1510808.0,1053348.0,457460.0,955505.0,29681.0,925824.0,361225.0,1755320.0,1247946.0,507374.0,2206218.0,2166507.0,676665.0,498551.0,377786.0,147068.0,52807.0,413630.0,39712.0,-963261.0,1136373.0,10924695.0,10327673.0,9927825.0,255947.0,143901.0,79834.0,64067.0,597022.0,5.5,11032868.0,12230599.0,35490.0,39732.0,307826.0,0.5,-0.7,0.3,3072050.0,1242957.0
2009-10-01,12069381.0,7773005.0,6258972.0,5076806.0,1182166.0,1514033.0,1055819.0,458214.0,974285.0,34482.0,939803.0,364566.0,1744373.0,1248815.0,495559.0,2178414.0,2138427.0,672979.0,500251.0,372983.0,144176.0,53197.0,394840.0,39987.0,-965261.0,1136840.0,10932542.0,10376465.0,9976733.0,255660.0,144072.0,79578.0,64494.0,556077.0,5.1,11031475.0,12193151.0,35487.0,39579.0,308071.0,0.1,0.5,-0.3,3083224.0,1213153.0
2009-11-01,12129551.0,7808194.0,6289313.0,5105326.0,1183987.0,1518881.0,1058776.0,460106.0,1001103.0,36777.0,964326.0,370834.0,1733194.0,1247064.0,486130.0,2184979.0,2144731.0,671499.0,501820.0,372153.0,146338.0,54579.0,398342.0,40248.0,-968754.0,1141664.0,10987887.0,10382205.0,9985676.0,252554.0,143974.0,79480.0,64494.0,605683.0,5.5,11063663.0,12224386.0,35642.0,39652.0,308289.0,0.5,0.1,0.3,3105131.0,1216225.0
2009-12-01,12188213.0,7810454.0,6289191.0,5106175.0,1183016.0,1521263.0,1062093.0,459170.0,1029568.0,36214.0,993354.0,380739.0,1721418.0,1242694.0,478724.0,2213555.0,2173060.0,682485.0,503258.0,373297.0,155228.0,54411.0,404380.0,40495.0,-967522.0,1143720.0,11044492.0,10443289.0,10052579.0,246878.0,143832.0,79338.0,64494.0,601203.0,5.4,11090674.0,12280208.0,35801.0,39807.0,308495.0,0.5,0.6,0.5,3131725.0,1246033.0
2010-01-01,12267734.0,7778892.0,6246160.0,5061832.0,1184328.0,1532732.0,1066608.0,466124.0,1051344.0,32725.0,1018619.0,393909.0,1726577.0,1235705.0,490872.0,2294206.0,2253479.0,676198.0,504565.0,379813.0,161354.0,54932.0,476616.0,40727.0,-977194.0,1194081.0,11073653.0,10449500.0,10056058.0,248441.0,145001.0,79596.0,65404.0,624154.0,5.6,11065249.0,12285797.0,35871.0,39798.0,308706.0,0.3,0.1,0.0,3171830.0,1317012.0
2010-02-01,12267602.0,7744185.0,6211191.0,5026270.0,1184922.0,1532994.0,1070331.0,462662.0,1053419.0,31061.0,1022358.0,405430.0,1732687.0,1231028.0,501659.0,2302800.0,2261786.0,678622.0,505941.0,382905.0,158733.0,56676.0,478910.0,41014.0,-970920.0,1188636.0,11078966.0,10487137.0,10093426.0,248767.0,144944.0,79539.0,65404.0,591829.0,5.3,11055879.0,12292037.0,35865.0,39792.0,308904.0,0.0,0.4,0.1,3191536.0,1331880.0
2010-03-01,12330883.0,7779805.0,6242387.0,5054372.0,1188014.0,1537418.0,1073877.0,463541.0,1066611.0,31078.0,1035534.0,415302.0,1729212.0,1228665.0,500547.0,2312696.0,2271342.0,681741.0,507386.0,383508.0,157917.0,56177.0,484612.0,41354.0,-972743.0,1192670.0,11138214.0,10548660.0,10155982.0,247803.0,144874.0,79470.0,65404.0,589554.0,5.3,11099417.0,12340324.0,36035.0,39924.0,309095.0,0.5,0.6,0.4,3211125.0,1339953.0
2010-04-01,12441763.0,7860184.0,6315587.0,5125159.0,1190428.0,1544597.0,1077267.0,467330.0,1089405.0,32774.0,1056631.0,422712.0,1739496.0,1228614.0,510882.0,2310289.0,2268540.0,688850.0,508899.0,382253.0,148669.0,56314.0,483556.0,41749.0,-980323.0,1201107.0,11240656.0,10570255.0,10182287.0,244381.0,143587.0,79315.0,64272.0,670401.0,6.0,11218853.0,12447079.0,36344.0,40244.0,309289.0,0.9,0.2,0.9,3251613.0,1329966.0
2010-05-01,12543666.0,7935614.0,6384008.0,5182543.0,1201465.0,1551606.0,1080440.0,471166.0,1109413.0,34657.0,1074756.0,429361.0,1745297.0,1223520.0,521777.0,2311599.0,2269197.0,689858.0,510481.0,384542.0,142625.0,57556.0,484134.0,42402.0,-987619.0,1215254.0,11328412.0,10597931.0,10210816.0,243575.0,143540.0,79268.0,64272.0,730482.0,6.4,11326674.0,12540305.0,36604.0,40520.0,309485.0,0.8,0.3,0.7,3284071.0,1323980.0
2010-06-01,12550689.0,7936101.0,6382490.0,5184597.0,1197893.0,1553611.0,1083470.0,470142.0,1111573.0,36789.0,1074784.0,434552.0,1742685.0,1213383.0,529301.0,2311394.0,2268296.0,689044.0,512131.0,390325.0,132293.0,57601.0,486902.0,43098.0,-985615.0,1223368.0,11327322.0,10619988.0,10231332.0,245130.0,143526.0,79254.0,64272.0,707334.0,6.2,11339415.0,12544340.0,36576.0,40506.0,309691.0,0.0,0.2,0.0,3288810.0,1325779.0
2010-07-01,12588650.0,7967327.0,6410246.0,5215282.0,1194964.0,1557081.0,1086290.0,470792.0,1122913.0,39200.0,1083713.0,438461.0,1732509.0,1198203.0,534306.0,2314718.0,2270972.0,693365.0,513850.0,399647.0,121341.0,58188.0,484582.0,43745.0,-987278.0,1242787.0,11345863.0,10655450.0,10268126.0,242629.0,144695.0,79262.0,65433.0,690413.0,6.1,11368102.0,12554192.0,36610.0,40509.0,309913.0,0.2,0.3,0.1,3293883.0,1327440.0
2010-08-01,12652854.0,7988113.0,6427836.0,5235962.0,1191874.0,1560277.0,1088926.0,471352.0,1130783.0,41006.0,1089777.0,442566.0,1732548.0,1189745.0,542803.0,2347075.0,2302967.0,690701.0,515637.0,406498.0,141093.0,58989.0,490049.0,44108.0,-988230.0,1257774.0,11395080.0,10691657.0,10307070.0,239874.0,144713.0,79280.0,65433.0,703423.0,6.2,11387741.0,12591403.0,36741.0,40598.0,310146.0,0.4,0.3,0.3,3305897.0,1358845.0
2010-09-01,12673385.0,7991261.0,6429508.0,5242589.0,1186919.0,1561753.0,1091442.0,470311.0,1133276.0,42170.0,1091106.0,446781.0,1742135.0,1188010.0,554125.0,2346607.0,2302199.0,696715.0,517493.0,410617.0,130691.0,59444.0,487240.0,44407.0,-986675.0,1268351.0,11405033.0,10708676.0,10327066.0,236880.0,144731.0,79298.0,65433.0,696357.0,6.1,11399626.0,12589901.0,36745.0,40562.0,310385.0,0.1,0.2,0.0,3322192.0,1359932.0
2010-10-01,12723648.0,8023452.0,6458262.0,5267800.0,1190462.0,1565190.0,1093777.0,471413.0,1135609.0,42609.0,1093000.0,450432.0,1756778.0,1192998.0,563780.0,2346374.0,2299076.0,696405.0,519418.0,412212.0,127144.0,59374.0,484524.0,47298.0,-988997.0,1279836.0,11443813.0,10770013.0,10386366.0,237026.0,146621.0,79372.0,67249.0,673799.0,5.9,11418945.0,12592542.0,36843.0,40541.0,310612.0,0.3,0.6,0.0,3342819.0,1357377.0
2010-11-01,12765527.0,8028304.0,6461582.0,5270374.0,1191207.0,1566722.0,1095928.0,470794.0,1142424.0,46344.0,1096080.0,457192.0,1777286.0,1198441.0,578845.0,2348227.0,2301005.0,695493.0,521411.0,413958.0,124150.0,60277.0,485716.0,47222.0,-987906.0,1287427.0,11478100.0,10817239.0,10433573.0,236928.0,146738.0,79489.0,67249.0,660861.0,5.8,11440124.0,12605079.0,36928.0,40554.0,310820.0,0.3,0.4,0.1,3376902.0,1360321.0
2010-12-01,12873134.0,8071194.0,6500868.0,5309258.0,1191610.0,1570326.0,1097953.0,472373.0,1155271.0,53940.0,1101330.0,467348.0,1814939.0,1204340.0,610599.0,2355846.0,2308075.0,705091.0,523472.0,416134.0,120269.0,60012.0,483097.0,47771.0,-991464.0,1300155.0,11572978.0,10854491.0,10470972.0,236564.0,146955.0,79706.0,67249.0,718488.0,6.2,11523907.0,12680639.0,37210.0,40771.0,311020.0,0.8,0.3,0.6,3437558.0,1364382.0
2011-01-01,13080700.0,8142937.0,6553169.0,5360655.0,1192514.0,1589768.0,1100333.0,489435.0,1168500.0,64933.0,1103567.0,480572.0,1835061.0,1210694.0,624366.0,2362862.0,2314009.0,702887.0,525603.0,419358.0,120172.0,61183.0,484806.0,48853.0,-909231.0,1418421.0,11662279.0,10894324.0,10514256.0,232712.0,147357.0,80134.0,67223.0,767955.0,6.6,11708384.0,12740110.0,37475.0,40938.0,311204.0,0.8,0.4,0.5,3484133.0,1453631.0
2011-02-01,13155599.0,8180140.0,6586589.0,5394080.0,1192509.0,1593551.0,1102074.0,491477.0,1184276.0,69045.0,1115231.0,490261.0,1855024.0,1215696.0,639328.0,2358923.0,2310671.0,701632.0,527661.0,419304.0,115197.0,61383.0,485494.0,48252.0,-913026.0,1427357.0,11728241.0,10919470.0,10540610.0,231225.0,147635.0,80411.0,67223.0,808771.0,6.9,11761760.0,12776596.0,37666.0,41033.0,311373.0,0.6,0.2,0.3,3529561.0,1445897.0
2011-03-01,13178188.0,8187181.0,6592080.0,5397907.0,1194172.0,1595102.0,1103672.0,491430.0,1190843.0,66839.0,1124005.0,496545.0,1853189.0,1219346.0,633843.0,2363621.0,2314462.0,704909.0,529648.0,417806.0,114597.0,62300.0,485201.0,49159.0,-913192.0,1433930.0,11744258.0,10999856.0,10619719.0,232179.0,147958.0,80735.0,67223.0,744401.0,6.3,11733983.0,12742713.0,37696.0,40901.0,311551.0,0.1,0.7,-0.3,3540577.0,1450429.0
2011-04-01,13212784.0,8191120.0,6594919.0,5397825.0,1197095.0,1596201.0,1105151.0,491049.0,1199756.0,61185.0,1138571.0,498883.0,1870171.0,1221642.0,648528.0,2365866.0,2316367.0,712800.0,531563.0,414115.0,110420.0,62677.0,484792.0,49499.0,-913012.0,1438584.0,11774200.0,11035259.0,10652081.0,233492.0,149686.0,81080.0,68606.0,738942.0,6.3,11719422.0,12721293.0,37769.0,40807.0,311740.0,0.3,0.3,-0.2,3568810.0,1452854.0
2011-05-01,13239110.0,8196789.0,6598925.0,5400871.0,1198054.0,1597864.0,1106473.0,491392.0,1208482.0,59238.0,1149245.0,501416.0,1883595.0,1218720.0,664875.0,2362476.0,2312934.0,711637.0,533406.0,409902.0,109770.0,61358.0,486860.0,49543.0,-913649.0,1443951.0,11795159.0,11054188.0,10672199.0,231925.0,150064.0,81458.0,68606.0,740971.0,6.3,11715856.0,12705253.0,37813.0,40731.0,311935.0,0.2,0.2,-0.1,3593493.0,1448827.0
2011-06-01,13295749.0,8231424.0,6630848.0,5428376.0,1202472.0,1600576.0,1107641.0,492935.0,1227367.0,61652.0,1165715.0,503758.0,1893548.0,1210578.0,682970.0,2356461.0,2307044.0,711681.0,535177.0,404936.0,107642.0,63129.0,484479.0,49417.0,-916809.0,1455052.0,11840697.0,11072757.0,10694775.0,227532.0,150451.0,81844.0,68606.0,767939.0,6.5,11785723.0,12756879.0,37933.0,40868.0,312147.0,0.4,0.2,0.4,3624673.0,1439652.0
2011-07-01,13375786.0,8302154.0,6695959.0,5495921.0,1200039.0,1606194.0,1108686.0,497509.0,1239818.0,64989.0,1174830.0,505484.0,1900790.0,1197217.0,703573.0,2352223.0,2302700.0,714809.0,536877.0,399741.0,103657.0,63715.0,483900.0,49524.0,-924683.0,1469642.0,11906144.0,11109255.0,10731621.0,226637.0,150997.0,82263.0,68733.0,796889.0,6.7,11856328.0,12805583.0,38115.0,40995.0,312372.0,0.6,0.3,0.4,3646092.0,1427540.0
2011-08-01,13400342.0,8286448.0,6680650.0,5482167.0,1198484.0,1605797.0,1109515.0,496282.0,1263077.0,66956.0,1196121.0,509341.0,1911918.0,1194029.0,717889.0,2352417.0,2303528.0,715709.0,538505.0,395642.0,103937.0,64657.0,485077.0,48890.0,-922859.0,1471740.0,11928602.0,11129673.0,10750276.0,227991.0,151406.0,82672.0,68733.0,798929.0,6.7,11854677.0,12799664.0,38159.0,40945.0,312605.0,0.2,0.2,0.0,3684336.0,1429558.0
2011-09-01,13401533.0,8273264.0,6668234.0,5473860.0,1194373.0,1605031.0,1110175.0,494856.0,1253421.0,62946.0,1190474.0,515354.0,1928985.0,1201014.0,727971.0,2351596.0,2303237.0,717544.0,540061.0,393713.0,101248.0,65363.0,485309.0,48359.0,-921088.0,1472902.0,11928631.0,11166701.0,10783189.0,231660.0,151852.0,83119.0,68733.0,761929.0,6.4,11840124.0,12781654.0,38130.0,40857.0,312842.0,0.0,0.3,-0.1,3697760.0,1430508.0
2011-10-01,13406440.0,8232555.0,6629726.0,5439475.0,1190250.0,1602829.0,1110758.0,492071.0,1257401.0,62085.0,1195317.0,522218.0,1956752.0,1218172.0,738579.0,2354198.0,2306157.0,718032.0,541546.0,397779.0,100771.0,64545.0,483485.0,48041.0,-916684.0,1467997.0,11938443.0,11188070.0,10802881.0,231663.0,153526.0,83591.0,69934.0,750373.0,6.3,11842326.0,12791879.0,38135.0,40861.0,313060.0,0.1,0.2,0.1,3736371.0,1437514.0
2011-11-01,13419730.0,8206073.0,6604988.0,5416842.0,1188146.0,1601084.0,1111156.0,489929.0,1263563.0,62625.0,1200939.0,526765.0,1980454.0,1234795.0,745659.0,2356485.0,2309334.0,718807.0,542958.0,399853.0,99642.0,64281.0,483792.0,47152.0,-913611.0,1465348.0,11954381.0,11189729.0,10806828.0,228879.0,154022.0,84088.0,69934.0,764652.0,6.4,11829861.0,12782749.0,38161.0,40806.0,313260.0,0.1,0.0,-0.1,3770782.0,1442874.0
2011-12-01,13548888.0,8284010.0,6678096.0,5487991.0,1190106.0,1605913.0,1111373.0,494540.0,1283529.0,64669.0,1218860.0,527896.0,2008329.0,1250882.0,757447.0,2367093.0,2321226.0,728679.0,544299.0,400121.0,98906.0,64615.0,484606.0,45867.0,-921968.0,1479367.0,12069520.0,11195872.0,10817849.0,223445.0,154578.0,84644.0,69934.0,873648.0,7.2,11949795.0,12898492.0,38505.0,41150.0,313454.0,1.0,0.1,0.9,3819754.0,1445125.0
2012-01-01,13631583.0,8396627.0,6780970.0,5584570.0,1196399.0,1615658.0,1111158.0,504500.0,1288806.0,61553.0,1227253.0,526344.0,2019296.0,1266433.0,752863.0,2334428.0,2289830.0,749191.0,545568.0,396671.0,97840.0,66351.0,434209.0,44598.0,-933918.0,1456010.0,12175573.0,11274602.0,10896780.0,223621.0,154201.0,84696.0,69505.0,900971.0,7.4,12031958.0,12967511.0,38821.0,41346.0,313636.0,0.9,0.7,0.5,3834446.0,1400510.0
2012-02-01,13731081.0,8469407.0,6848611.0,5649090.0,1199521.0,1620796.0,1111882.0,508914.0,1302894.0,59098.0,1243796.0,526303.0,2037561.0,1282327.0,755235.0,2336695.0,2293216.0,752186.0,546929.0,399053.0,94282.0,66513.0,434253.0,43479.0,-941780.0,1469913.0,12261168.0,11369104.0,10987216.0,227172.0,154715.0,85210.0,69505.0,892064.0,7.3,12108491.0,13029597.0,39072.0,41520.0,313811.0,0.7,0.8,0.5,3866758.0,1394915.0
2012-03-01,13798482.0,8503163.0,6879273.0,5679228.0,1200044.0,1623890.0,1113200.0,510690.0,1301349.0,57770.0,1243579.0,527680.0,2061545.0,1298561.0,762983.0,2349981.0,2307472.0,758258.0,548383.0,406189.0,91777.0,68705.0,434159.0,42510.0,-945235.0,1479049.0,12319433.0,11383514.0,10993908.0,234430.0,155176.0,85671.0,69505.0,935919.0,7.6,12142704.0,13066448.0,39235.0,41614.0,313993.0,0.5,0.1,0.3,3890574.0,1404746.0
2012-04-01,13868118.0,8517579.0,6891002.0,5693974.0,1197028.0,1626577.0,1115102.0,511475.0,1314499.0,59368.0,1255131.0,530421.0,2093620.0,1315138.0,778483.0,2358787.0,2317097.0,756791.0,549929.0,417520.0,89917.0,68751.0,434189.0,41690.0,-946788.0,1485267.0,12382851.0,11407187.0,11018538.0,233121.0,155527.0,86043.0,69485.0,975665.0,7.9,12191221.0,13116494.0,39414.0,41749.0,314176.0,0.5,0.2,0.4,3938540.0,1411999.0
2012-05-01,13850339.0,8488512.0,6861928.0,5667142.0,1194786.0,1626583.0,1117600.0,508984.0,1309833.0,59651.0,1250181.0,532650.0,2100715.0,1311288.0,789427.0,2361703.0,2320763.0,756816.0,551567.0,423523.0,85738.0,69275.0,433844.0,40940.0,-943073.0,1485216.0,12365123.0,11392476.0,11006796.0,229851.0,155829.0,86344.0,69485.0,972647.0,7.9,12182990.0,13112450.0,39333.0,41710.0,314368.0,-0.1,-0.1,0.0,3943198.0,1418630.0
2012-06-01,13837122.0,8505239.0,6875023.0,5679457.0,1195567.0,1630216.0,1120684.0,509533.0,1301643.0,58573.0,1243070.0,534321.0,2072349.0,1287014.0,785335.0,2367933.0,2327674.0,764622.0,553297.0,423911.0,83108.0,69081.0,433655.0,40259.0,-944364.0,1492565.0,12344556.0,11370662.0,10989830.0,224746.0,156086.0,86601.0,69485.0,973895.0,7.9,12168464.0,13097203.0,39242.0,41634.0,314576.0,-0.2,-0.2,-0.1,3908313.0,1423569.0
2012-07-01,13752948.0,8495988.0,6863088.0,5668085.0,1195003.0,1632901.0,1124357.0,508544.0,1287478.0,58651.0,1228827.0,535481.0,2014371.0,1242314.0,772057.0,2362518.0,2322871.0,762100.0,555119.0,418891.0,81112.0,70813.0,434836.0,39647.0,-942889.0,1495804.0,12257144.0,11396268.0,11016846.0,227438.0,151984.0,86775.0,65209.0,860876.0,7.0,12080596.0,12999825.0,38937.0,41296.0,314796.0,-0.7,0.2,-0.7,3837330.0,1419629.0
2012-08-01,13768499.0,8524954.0,6886612.0,5690027.0,1196585.0,1638342.0,1128624.0,509719.0,1283452.0,60343.0,1223110.0,536210.0,2011517.0,1223642.0,787875.0,2357603.0,2318483.0,759594.0,557034.0,417671.0,78159.0,71895.0,434130.0,39120.0,-945237.0,1506369.0,12262130.0,11438477.0,11056012.0,230372.0,152093.0,86884.0,65209.0,823653.0,6.7,12061778.0,12961567.0,38924.0,41144.0,315031.0,0.0,0.4,-0.3,3831179.0,1412366.0
2012-09-01,13914096.0,8617312.0,6968459.0,5769555.0,1198904.0,1648852.0,1133484.0,515369.0,1289447.0,64088.0,1225359.0,536552.0,2051543.0,1230998.0,820545.0,2374058.0,2335381.0,773678.0,559040.0,420430.0,76063.0,71233.0,434936.0,38677.0,-954815.0,1527839.0,12386257.0,11491056.0,11105323.0,233584.0,152149.0,86940.0,65209.0,895202.0,7.2,12161336.0,13053115.0,39288.0,41404.0,315264.0,1.0,0.5,0.7,3877542.0,1419243.0
2012-10-01,14049232.0,8659750.0,7003239.0,5802674.0,1200565.0,1656510.0,1138892.0,517619.0,1299745.0,65982.0,1233763.0,537903.0,2137652.0,1264381.0,873271.0,2372890.0,2334570.0,763089.0,561139.0,427007.0,75354.0,72276.0,435705.0,38320.0,-958707.0,1541649.0,12507583.0,11526844.0,11137427.0,232726.0,156690.0,86942.0,69748.0,980739.0,7.8,12268595.0,13141998.0,39646.0,41656.0,315485.0,1.0,0.3,0.7,3975300.0,1414183.0
2012-11-01,14230657.0,8760674.0,7092146.0,5890565.0,1201581.0,1668529.0,1144891.0,523638.0,1313566.0,65178.0,1248387.0,541375.0,2201628.0,1275439.0,926189.0,2382387.0,2344333.0,767864.0,563331.0,430010.0,75926.0,72770.0,434433.0,38054.0,-968974.0,1566304.0,12664352.0,11565696.0,11178433.0,230675.0,156587.0,86839.0,69748.0,1098657.0,8.7,12457690.0,13315748.0,40116.0,42180.0,315692.0,1.3,0.3,1.3,4056569.0,1413413.0
2012-12-01,14581378.0,8869146.0,7187142.0,5983416.0,1203726.0,1682004.0,1151470.0,530534.0,1306355.0,61502.0,1244853.0,548385.0,2440808.0,1264172.0,1176636.0,2397217.0,2359338.0,781480.0,565614.0,429591.0,74103.0,73697.0,434852.0,37879.0,-980533.0,1608184.0,12973194.0,11565173.0,11181248.0,227521.0,156403.0,86655.0,69748.0,1408022.0,10.9,12812946.0,13642699.0,41070.0,43190.0,315877.0,2.4,0.0,2.5,4295548.0,1416684.0
2013-01-01,13880373.0,8730782.0,7050857.0,5845874.0,1204983.0,1679924.0,1159583.0,520341.0,1318456.0,75077.0,1243379.0,555877.0,1967254.0,1230578.0,736676.0,2397705.0,2359878.0,784728.0,567965.0,424687.0,70546.0,76259.0,435694.0,37827.0,-1089701.0,1642006.0,12238366.0,11636468.0,11252374.0,227653.0,156441.0,86830.0,69611.0,601899.0,4.9,12052272.0,12845457.0,38724.0,40645.0,316038.0,-5.7,0.6,-5.8,3841587.0,1308004.0
2013-02-01,13902038.0,8729455.0,7040628.0,5833546.0,1207082.0,1688827.0,1168685.0,520141.0,1339286.0,91762.0,1247524.0,562849.0,1958991.0,1207459.0,751532.0,2401712.0,2363922.0,789384.0,570313.0,423429.0,68790.0,77059.0,434947.0,37791.0,-1090255.0,1650343.0,12251695.0,11676139.0,11290497.0,229335.0,156307.0,86696.0,69611.0,575556.0,4.7,12028097.0,12813948.0,38748.0,40526.0,316191.0,0.1,0.3,-0.2,3861126.0,1311457.0
2013-03-01,13932249.0,8737520.0,7040073.0,5832991.0,1207082.0,1697447.0,1176784.0,520663.0,1361173.0,112459.0,1248714.0,568114.0,1946381.0,1194813.0,751568.0,2411030.0,2373239.0,795864.0,572640.0,426151.0,67689.0,76040.0,434855.0,37791.0,-1091970.0,1660181.0,12272068.0,11679484.0,11290121.0,233162.0,156201.0,86590.0,69611.0,592585.0,4.8,12065806.0,12852147.0,38792.0,40625.0,316357.0,0.2,0.0,0.3,3875668.0,1319060.0
2013-04-01,13974861.0,8780993.0,7073052.0,5866144.0,1206907.0,1707942.0,1184352.0,523590.0,1371976.0,108465.0,1263510.0,571322.0,1948121.0,1192641.0,755480.0,2400477.0,2362646.0,786240.0,564864.0,433044.0,66225.0,77076.0,435197.0,37830.0,-1098028.0,1675954.0,12298907.0,11671261.0,11281071.0,232628.0,157562.0,86464.0,71098.0,627646.0,5.1,12133883.0,12893429.0,38855.0,40733.0,316535.0,0.2,-0.1,0.3,3891419.0,1302449.0
2013-05-01,14052527.0,8825265.0,7108030.0,5901511.0,1206520.0,1717234.0,1190927.0,526307.0,1370227.0,96649.0,1273578.0,576514.0,1964774.0,1192320.0,772455.0,2419573.0,2381653.0,797748.0,567113.0,438815.0,64894.0,78999.0,434083.0,37920.0,-1103826.0,1686588.0,12365939.0,11708960.0,11321560.0,229861.0,157539.0,86441.0,71098.0,656979.0,5.3,12186337.0,12954189.0,39043.0,40900.0,316729.0,0.5,0.3,0.5,3911515.0,1315747.0
2013-06-01,14083850.0,8852400.0,7127778.0,5920947.0,1206832.0,1724622.0,1196797.0,527825.0,1350215.0,79974.0,1270240.0,581048.0,1978911.0,1193848.0,785063.0,2428592.0,2390530.0,801732.0,569345.0,443409.0,63190.0,79087.0,433766.0,38062.0,-1107314.0,1689044.0,12394805.0,11726994.0,11344413.0,224988.0,157593.0,86495.0,71098.0,667812.0,5.4,12182659.0,12955670.0,39108.0,40878.0,316934.0,0.2,0.2,0.0,3910174.0,1321278.0
2013-07-01,14071958.0,8821359.0,7093905.0,5893583.0,1200322.0,1727454.0,1201818.0,525636.0,1351814.0,81701.0,1270113.0,586646.0,1987023.0,1197226.0,789797.0,2428606.0,2390351.0,799236.0,571557.0,446724.0,61272.0,79074.0,432487.0,38255.0,-1103490.0,1674983.0,12396975.0,11756270.0,11372550.0,226423.0,157297.0,86652.0,70645.0,640705.0,5.2,12155044.0,12941787.0,39088.0,40806.0,317156.0,0.0,0.2,-0.1,3925483.0,1325116.0
2013-08-01,14117287.0,8846437.0,7113545.0,5910641.0,1202904.0,1732892.0,1206127.0,526765.0,1354331.0,83449.0,1270882.0,589302.0,1997582.0,1199462.0,798119.0,2435885.0,2397392.0,803928.0,573751.0,448641.0,58859.0,80241.0,431971.0,38493.0,-1106249.0,1675345.0,12441943.0,11792986.0,11406597.0,228876.0,157513.0,86868.0,70645.0,648956.0,5.2,12176787.0,12969580.0,39200.0,40862.0,317397.0,0.4,0.3,0.2,3941215.0,1329636.0
2013-09-01,14181669.0,8868885.0,7131140.0,5919823.0,1211317.0,1737745.0,1209643.0,528102.0,1383226.0,114495.0,1268731.0,589890.0,2009598.0,1200559.0,809039.0,2439095.0,2400321.0,803844.0,575927.0,449115.0,57123.0,82103.0,432209.0,38774.0,-1109024.0,1678669.0,12503000.0,11836160.0,11445929.0,232431.0,157800.0,87155.0,70645.0,666841.0,5.3,12235196.0,13027523.0,39363.0,41014.0,317635.0,0.5,0.4,0.4,3982714.0,1330071.0
2013-10-01,14152303.0,8887282.0,7146093.0,5934349.0,1211745.0,1741188.0,1212278.0,528910.0,1344570.0,74463.0,1270108.0,586993.0,2005648.0,1200514.0,805134.0,2438692.0,2399591.0,803388.0,578083.0,448031.0,57161.0,81330.0,431598.0,39100.0,-1110882.0,1683657.0,12468646.0,11888078.0,11498041.0,230686.0,159351.0,87501.0,71850.0,580568.0,4.7,12188961.0,12974636.0,39226.0,40818.0,317864.0,-0.3,0.4,-0.4,3937211.0,1327810.0
2013-11-01,14209640.0,8946247.0,7199678.0,5985282.0,1214395.0,1746570.0,1214314.0,532255.0,1340897.0,67848.0,1273049.0,586766.0,2012411.0,1202677.0,809734.0,2440916.0,2401430.0,809376.0,580222.0,448165.0,56181.0,80808.0,426678.0,39486.0,-1117598.0,1699005.0,12510634.0,11951654.0,11562480.0,229401.0,159773.0,87924.0,71850.0,558980.0,4.5,12228042.0,12998908.0,39332.0,40867.0,318076.0,0.3,0.5,0.2,3940074.0,1323318.0
2013-12-01,14266491.0,8993843.0,7243153.0,6027170.0,1215982.0,1750691.0,1215506.0,535185.0,1334695.0,64045.0,1270650.0,588917.0,2022230.0,1207049.0,815180.0,2449899.0,2409965.0,813060.0,582341.0,449589.0,58058.0,80623.0,426294.0,39933.0,-1123093.0,1714646.0,12551845.0,11982010.0,11593168.0,228570.0,160272.0,88423.0,71850.0,569836.0,4.5,12256432.0,13019053.0,39437.0,40905.0,318276.0,0.3,0.3,0.2,3945842.0,1326806.0
2014-01-01,14369183.0,9062415.0,7310334.0,6091501.0,1218833.0,1752081.0,1215522.0,536559.0,1350290.0,67094.0,1283196.0,592673.0,2036945.0,1213630.0,823315.0,2460968.0,2420573.0,822819.0,584916.0,453797.0,41234.0,80843.0,436963.0,40395.0,-1134109.0,1732960.0,12636223.0,11975009.0,11578798.0,232895.0,163315.0,89106.0,74209.0,661214.0,5.2,12325922.0,13079466.0,39679.0,41070.0,318464.0,0.7,-0.1,0.5,3979908.0,1326859.0
2014-02-01,14456374.0,9116577.0,7361045.0,6139026.0,1222019.0,1755532.0,1215812.0,539720.0,1347501.0,67415.0,1280086.0,595162.0,2065293.0,1221315.0,843978.0,2472076.0,2431221.0,824001.0,587530.0,459147.0,38259.0,81429.0,440854.0,40855.0,-1140235.0,1747907.0,12708467.0,12037978.0,11636889.0,237225.0,163864.0,89655.0,74209.0,670488.0,5.3,12398826.0,13148043.0,39883.0,41263.0,318642.0,0.6,0.5,0.5,4007956.0,1331841.0
2014-03-01,14555031.0,9163722.0,7404492.0,6179723.0,1224769.0,1759230.0,1217017.0,542213.0,1350546.0,65389.0,1285157.0,597031.0,2099483.0,1230106.0,869376.0,2489236.0,2447925.0,827655.0,590183.0,465463.0,37517.0,81953.0,445153.0,41311.0,-1144987.0,1756513.0,12798518.0,12126622.0,11722315.0,239908.0,164398.0,90189.0,74209.0,671896.0,5.2,12463046.0,13219893.0,40143.0,41464.0,318827.0,0.7,0.7,0.5,4047060.0,1344249.0
2014-04-01,14624484.0,9159878.0,7399380.0,6171740.0,1227640.0,1760498.0,1219051.0,541447.0,1366149.0,72739.0,1293410.0,598330.0,2136536.0,1240003.0,896534.0,2507267.0,2465502.0,829927.0,592874.0,472795.0,36576.0,82820.0,450508.0,41765.0,-1143676.0,1754502.0,12869983.0,12168819.0,11762305.0,240490.0,166024.0,90720.0,75304.0,701164.0,5.4,12494064.0,13270240.0,40342.0,41597.0,319020.0,0.6,0.3,0.4,4101015.0,1363591.0
2014-05-01,14689457.0,9166263.0,7403927.0,6174671.0,1229256.0,1762336.0,1221105.0,541231.0,1376585.0,79742.0,1296843.0,599197.0,2161409.0,1249053.0,912357.0,2529568.0,2487347.0,831898.0,595605.0,481203.0,35699.0,83446.0,459496.0,42221.0,-1143566.0,1756854.0,12932603.0,12213932.0,11807312.0,240076.0,166543.0,91239.0,75304.0,718671.0,5.6,12517416.0,13312850.0,40513.0,41704.0,319225.0,0.5,0.4,0.3,4137191.0,1386002.0
2014-06-01,14760146.0,9191199.0,7424832.0,6189988.0,1234844.0,1766368.0,1223721.0,542647.0,1387491.0,86718.0,1300774.0,599720.0,2184537.0,1257256.0,927281.0,2543456.0,2500776.0,833166.0,598375.0,490515.0,35114.0,83631.0,459976.0,42679.0,-1146257.0,1767143.0,12993003.0,12267524.0,11861735.0,238727.0,167062.0,91758.0,75304.0,725479.0,5.6,12562102.0,13360364.0,40675.0,41825.0,319438.0,0.5,0.4,0.4,4171748.0,1397199.0
2014-07-01,14821135.0,9228898.0,7457721.0,6219049.0,1238672.0,1771177.0,1226477.0,544700.0,1388608.0,74610.0,1313998.0,599638.0,2197845.0,1264613.0,933232.0,2556507.0,2513367.0,834225.0,601183.0,500942.0,34440.0,84503.0,458074.0,43140.0,-1150361.0,1783940.0,13037195.0,12314195.0,11904353.0,240359.0,169482.0,92253.0,77230.0,723000.0,5.5,12593512.0,13386796.0,40783.0,41877.0,319670.0,0.3,0.4,0.2,4186091.0,1406146.0
2014-08-01,14894240.0,9285593.0,7508130.0,6267887.0,1240243.0,1777464.0,1229690.0,547774.0,1382507.0,64212.0,1318295.0,600635.0,2212695.0,1272941.0,939754.0,2569228.0,2525620.0,836130.0,604031.0,508218.0,34061.0,85110.0,458070.0,43608.0,-1156418.0,1801071.0,13093169.0,12397415.0,11983661.0,243769.0,169984.0,92754.0,77230.0,695755.0,5.3,12657070.0,13445922.0,40926.0,42029.0,319919.0,0.4,0.7,0.4,4195837.0,1412810.0
2014-09-01,14951248.0,9327348.0,7543196.0,6297760.0,1245437.0,1784151.0,1233568.0,550583.0,1374680.0,54955.0,1319725.0,600603.0,2231327.0,1282240.0,949087.0,2578895.0,2534814.0,839079.0,606918.0,512346.0,33609.0,85344.0,457518.0,44081.0,-1161605.0,1814262.0,13136986.0,12410905.0,11991354.0,249107.0,170445.0,93215.0,77230.0,726081.0,5.5,12701288.0,13486250.0,41032.0,42123.0,320166.0,0.3,0.1,0.3,4206610.0,1417290.0
2014-10-01,15022708.0,9375257.0,7584400.0,6334567.0,1249833.0,1790857.0,1237610.0,553247.0,1372637.0,58901.0,1313736.0,601801.0,2252929.0,1292511.0,960419.0,2587192.0,2542630.0,841228.0,609843.0,513635.0,32902.0,86368.0,458654.0,44562.0,-1167108.0,1826821.0,13195887.0,12488782.0,12064692.0,252067.0,172022.0,93683.0,78339.0,707105.0,5.4,12769901.0,13550718.0,41185.0,42293.0,320403.0,0.4,0.6,0.5,4227367.0,1420084.0
2014-11-01,15094024.0,9439550.0,7640186.0,6386353.0,1253833.0,1799365.0,1242417.0,556948.0,1364637.0,63125.0,1301512.0,600108.0,2270296.0,1299027.0,971269.0,2593724.0,2548700.0,842716.0,612808.0,515212.0,32907.0,86826.0,458231.0,45024.0,-1174292.0,1838986.0,13255037.0,12510686.0,12083888.0,254306.0,172492.0,94153.0,78339.0,744351.0,5.6,12848607.0,13624374.0,41342.0,42494.0,320616.0,0.4,0.2,0.5,4235041.0,1419432.0
2014-12-01,15170853.0,9485797.0,7678339.0,6420907.0,1257432.0,1807458.0,1247477.0,559982.0,1377951.0,66941.0,1311010.0,597129.0,2279515.0,1301790.0,977725.0,2610483.0,2565020.0,852831.0,615811.0,517197.0,33237.0,87664.0,458281.0,45463.0,-1180022.0,1847200.0,13323653.0,12524909.0,12096102.0,255817.0,172989.0,94650.0,78339.0,798744.0,6.0,12933133.0,13719069.0,41531.0,42763.0,320815.0,0.5,0.1,0.7,4254595.0,1430461.0
2015-01-01,15230752.0,9529133.0,7717865.0,6457620.0,1260245.0,1811268.0,1251884.0,559384.0,1376095.0,59589.0,1316506.0,589065.0,2292571.0,1300798.0,991773.0,2628685.0,2582827.0,859433.0,619190.0,519420.0,32861.0,89357.0,462566.0,45859.0,-1184797.0,1895085.0,13335667.0,12500068.0,12066664.0,255256.0,178147.0,97094.0,81054.0,835599.0,6.3,13038678.0,13797695.0,41545.0,42984.0,320997.0,0.1,-0.2,0.6,4257731.0,1443888.0
2015-02-01,15313335.0,9570758.0,7752202.0,6488688.0,1263514.0,1818557.0,1256679.0,561877.0,1353537.0,52295.0,1301242.0,587029.0,2349499.0,1307079.0,1042419.0,2642238.0,2595878.0,861276.0,622450.0,523263.0,32925.0,90228.0,465735.0,46360.0,-1189726.0,1905253.0,13408083.0,12549212.0,12116561.0,254065.0,178586.0,97532.0,81054.0,858870.0,6.4,13086865.0,13848032.0,41748.0,43118.0,321164.0,0.5,0.4,0.4,4290065.0,1452512.0
2015-03-01,15314157.0,9591656.0,7768485.0,6502669.0,1265815.0,1823172.0,1260011.0,563161.0,1338751.0,46223.0,1292528.0,590340.0,2324425.0,1320633.0,1003792.0,2661304.0,2614338.0,864772.0,625591.0,528043.0,32865.0,91038.0,472028.0,46966.0,-1192318.0,1916370.0,13397787.0,12607317.0,12176065.0,252277.0,178975.0,97921.0,81054.0,790471.0,5.9,13043351.0,13811275.0,41693.0,42980.0,321344.0,-0.1,0.5,-0.3,4253516.0,1468986.0
2015-04-01,15373499.0,9625516.0,7796334.0,6525792.0,1270542.0,1829182.0,1264124.0,565059.0,1336713.0,52352.0,1284361.0,598429.0,2335572.0,1341458.0,994114.0,2673454.0,2625775.0,866192.0,628613.0,534355.0,32331.0,91929.0,472355.0,47679.0,-1196186.0,1934040.0,13439458.0,12645775.0,12209081.0,255948.0,180746.0,98261.0,82485.0,793684.0,5.9,13080468.0,13842030.0,41797.0,43049.0,321538.0,0.3,0.3,0.2,4270714.0,1477268.0
2015-05-01,15442660.0,9677202.0,7840675.0,6567709.0,1272966.0,1836526.0,1268365.0,568161.0,1339416.0,56328.0,1283088.0,604088.0,2339472.0,1354508.0,984964.0,2684728.0,2636259.0,870471.0,631516.0,538662.0,32260.0,92451.0,470899.0,48469.0,-1202246.0,1947883.0,13494777.0,12717327.0,12275406.0,260843.0,181079.0,98593.0,82485.0,777449.0,5.8,13108515.0,13865608.0,41943.0,43096.0,321740.0,0.4,0.6,0.2,4282976.0,1482482.0
2015-06-01,15479044.0,9695751.0,7855353.0,6579989.0,1275365.0,1840398.0,1271249.0,569149.0,1343629.0,57630.0,1285999.0,606705.0,2348414.0,1359784.0,988630.0,2688859.0,2639522.0,868841.0,634300.0,540600.0,32576.0,92980.0,470225.0,49337.0,-1204314.0,1949750.0,13529294.0,12756351.0,12307934.0,267061.0,181356.0,98871.0,82485.0,772943.0,5.7,13116175.0,13874123.0,42022.0,43093.0,321954.0,0.3,0.3,0.1,4298748.0,1484545.0
2015-07-01,15518600.0,9729551.0,7883998.0,6605469.0,1278529.0,1845554.0,1274466.0,571088.0,1352723.0,55950.0,1296773.0,606484.0,2343269.0,1357284.0,985985.0,2694770.0,2644486.0,872268.0,636965.0,540474.0,32315.0,93417.0,469046.0,50284.0,-1208196.0,1946095.0,13572505.0,12815215.0,12364885.0,267739.0,182591.0,99154.0,83438.0,757290.0,5.6,13138659.0,13905713.0,42126.0,43161.0,322186.0,0.3,0.5,0.2,4302476.0,1486574.0
2015-08-01,15550543.0,9757635.0,7908503.0,6627845.0,1280658.0,1849132.0,1276329.0,572803.0,1351357.0,57162.0,1294195.0,606450.0,2347028.0,1357487.0,989541.0,2699654.0,2648364.0,874730.0,639511.0,540381.0,32602.0,93550.0,467589.0,51291.0,-1211580.0,1947743.0,13602801.0,12846286.0,12396189.0,267289.0,182808.0,99370.0,83438.0,756515.0,5.6,13165528.0,13935849.0,42189.0,43222.0,322427.0,0.2,0.2,0.2,4304835.0,1488074.0
2015-09-01,15570473.0,9767967.0,7916435.0,6635045.0,1281390.0,1851532.0,1278186.0,573346.0,1352888.0,61560.0,1291328.0,606170.0,2353242.0,1360394.0,992848.0,2702980.0,2650622.0,874764.0,641938.0,540472.0,32585.0,93947.0,466916.0,52358.0,-1212774.0,1950994.0,13619479.0,12835146.0,12386409.0,265731.0,183007.0,99569.0,83438.0,784333.0,5.8,13200773.0,13972236.0,42209.0,43302.0,322670.0,0.1,-0.1,0.3,4312300.0,1490206.0
2015-10-01,15608045.0,9802454.0,7946613.0,6662665.0,1283948.0,1855841.0,1280459.0,575382.0,1351121.0,61715.0,1289406.0,606170.0,2358718.0,1366005.0,992714.0,2706375.0,2652891.0,877290.0,644246.0,540368.0,32220.0,94101.0,464666.0,53484.0,-1216794.0,1964495.0,13643550.0,12846674.0,12394909.0,268877.0,182888.0,99749.0,83138.0,796876.0,5.8,13235804.0,13996898.0,42253.0,43347.0,322901.0,0.2,0.1,0.2,4316009.0,1489581.0
2015-11-01,15615366.0,9811191.0,7953493.0,6666543.0,1286949.0,1857698.0,1281878.0,575820.0,1333639.0,56732.0,1276908.0,606924.0,2367711.0,1371212.0,996499.0,2713610.0,2658825.0,880240.0,646435.0,541644.0,32467.0,93860.0,464178.0,54786.0,-1217709.0,1966772.0,13648594.0,12878075.0,12423153.0,271907.0,183016.0,99877.0,83138.0,770519.0,5.6,13227721.0,13993428.0,42241.0,43308.0,323113.0,0.0,0.2,0.0,4308274.0,1495901.0
2015-12-01,15668419.0,9834213.0,7973833.0,6684687.0,1289145.0,1860380.0,1283267.0,577113.0,1342800.0,47982.0,1294818.0,608366.0,2375159.0,1376016.0,999143.0,2728230.0,2671968.0,891244.0,648505.0,543280.0,32537.0,93961.0,462442.0,56261.0,-1220348.0,1966171.0,13702248.0,12909923.0,12451998.0,274822.0,183103.0,99965.0,83138.0,792324.0,5.8,13278231.0,14060197.0,42380.0,43487.0,323318.0,0.4,0.2,0.5,4326325.0,1507882.0
2016-01-01,15695460.0,9849581.0,7991554.0,6700283.0,1291271.0,1858027.0,1283319.0,574708.0,1338530.0,41313.0,1297217.0,609582.0,2389422.0,1380418.0,1009004.0,2733753.0,2675757.0,883701.0,650439.0,547616.0,32553.0,93777.0,467672.0,57995.0,-1225406.0,1928223.0,13767238.0,12932448.0,12477959.0,270372.0,184117.0,101200.0,82917.0,834789.0,6.1,13294895.0,14121131.0,42556.0,43650.0,323509.0,0.5,0.2,0.4,4337534.0,1508347.0
2016-02-01,15695882.0,9842478.0,7984253.0,6690164.0,1294089.0,1858225.0,1284289.0,573936.0,1334313.0,37760.0,1296553.0,611872.0,2383822.0,1382071.0,1001751.0,2747594.0,2688244.0,887291.0,652416.0,550508.0,32497.0,93688.0,471845.0,59350.0,-1224196.0,1922090.0,13773793.0,13005527.0,12554520.0,266839.0,184168.0,101252.0,82917.0,768266.0,5.6,13288144.0,14135316.0,42553.0,43670.0,323687.0,0.0,0.6,0.1,4330007.0,1523398.0
2016-03-01,15731625.0,9862908.0,8002322.0,6704388.0,1297934.0,1860586.0,1285629.0,574957.0,1334816.0,37189.0,1297628.0,614499.0,2390952.0,1380977.0,1009975.0,2754869.0,2694544.0,887170.0,654436.0,553247.0,32235.0,93943.0,473512.0,60325.0,-1226420.0,1925591.0,13806034.0,12984726.0,12536989.0,263501.0,184236.0,101319.0,82917.0,821308.0,5.9,13286360.0,14135424.0,42628.0,43645.0,323871.0,0.2,-0.2,0.0,4340267.0,1528449.0
2016-04-01,15758926.0,9890357.0,8026601.0,6726291.0,1300310.0,1863756.0,1287224.0,576532.0,1330997.0,39493.0,1291504.0,617648.0,2387080.0,1377135.0,1009945.0,2762518.0,2701598.0,892955.0,656500.0,555712.0,32114.0,94267.0,470049.0,60921.0,-1229675.0,1936298.0,13822628.0,13057404.0,12611453.0,267143.0,178808.0,101415.0,77392.0,765223.0,5.5,13263000.0,14106168.0,42654.0,43529.0,324061.0,0.1,0.6,-0.2,4335725.0,1532843.0
2016-05-01,15777158.0,9895532.0,8030805.0,6727687.0,1303118.0,1864727.0,1288021.0,576706.0,1329802.0,40031.0,1289772.0,619493.0,2393337.0,1376573.0,1016764.0,2769264.0,2707998.0,893698.0,658607.0,559229.0,32541.0,94840.0,469084.0,61266.0,-1230270.0,1942438.0,13834721.0,13102747.0,12652685.0,271165.0,178896.0,101504.0,77392.0,731974.0,5.3,13253123.0,14095537.0,42666.0,43470.0,324260.0,0.1,0.3,-0.1,4342632.0,1538994.0
2016-06-01,15821382.0,9929757.0,8060227.0,6755972.0,1304256.0,1869530.0,1290803.0,578727.0,1341097.0,38866.0,1302231.0,620231.0,2393294.0,1379291.0,1014003.0,2771366.0,2710005.0,892947.0,660758.0,561589.0,32362.0,95425.0,466924.0,61360.0,-1234362.0,1953245.0,13868138.0,13185810.0,12731235.0,275598.0,178978.0,101586.0,77392.0,682327.0,4.9,13272775.0,14104861.0,42740.0,43470.0,324476.0,0.2,0.6,0.1,4354622.0,1537004.0
2016-07-01,15891460.0,9978034.0,8102726.0,6791343.0,1311383.0,1875308.0,1293727.0,581581.0,1348487.0,36833.0,1311654.0,619212.0,2407362.0,1385289.0,1022072.0,2778447.0,2717243.0,897043.0,662952.0,563555.0,32141.0,96214.0,465338.0,61204.0,-1240082.0,1966665.0,13924795.0,13215288.0,12756654.0,275987.0,182646.0,101684.0,80962.0,709507.0,5.1,13334606.0,14160106.0,42885.0,43610.0,324697.0,0.4,0.2,0.4,4375061.0,1538365.0
2016-08-01,15931277.0,9983759.0,8105867.0,6792569.0,1313298.0,1877892.0,1296139.0,581752.0,1353991.0,35758.0,1318233.0,620002.0,2424466.0,1389266.0,1035201.0,2789806.0,2729004.0,899875.0,665190.0,566278.0,32375.0,97204.0,468083.0,60802.0,-1240747.0,1970747.0,13960531.0,13246120.0,12788079.0,275310.0,182732.0,101769.0,80962.0,714410.0,5.1,13344947.0,14176688.0,42965.0,43631.0,324924.0,0.3,0.2,0.1,4398459.0,1549059.0
2016-09-01,15999142.0,10033691.0,8149351.0,6831780.0,1317572.0,1884340.0,1299610.0,584730.0,1365124.0,35568.0,1329555.0,620413.0,2433703.0,1391220.0,1042483.0,2792953.0,2732799.0,901268.0,667471.0,569721.0,31769.0,98420.0,464151.0,60154.0,-1246742.0,1980140.0,14019001.0,13303049.0,12846646.0,273576.0,182827.0,101865.0,80962.0,715952.0,5.1,13385303.0,14209139.0,43115.0,43700.0,325155.0,0.4,0.4,0.2,4419240.0,1546211.0
2016-10-01,16059430.0,10078263.0,8188129.0,6869445.0,1318684.0,1890135.0,1302673.0,587461.0,1360356.0,31370.0,1328987.0,621067.0,2442592.0,1391153.0,1051438.0,2809426.0,2750167.0,910555.0,669795.0,574103.0,31335.0,99673.0,464707.0,59260.0,-1252275.0,1985770.0,14073660.0,13328557.0,12867030.0,275087.0,186441.0,101947.0,84494.0,745103.0,5.3,13402273.0,14235395.0,43255.0,43752.0,325368.0,0.4,0.2,0.2,4424015.0,1557151.0
2016-11-01,16107553.0,10103314.0,8208566.0,6888454.0,1320112.0,1894748.0,1305859.0,588888.0,1373346.0,29355.0,1343991.0,623410.0,2457745.0,1401131.0,1056614.0,2805081.0,2747114.0,904537.0,672163.0,575947.0,31125.0,101101.0,462242.0,57967.0,-1255343.0,1991412.0,14116141.0,13357115.0,12893010.0,277563.0,186543.0,102049.0,84494.0,759026.0,5.4,13450832.0,14273576.0,43359.0,43843.0,325562.0,0.3,0.2,0.3,4454501.0,1549738.0
2016-12-01,16182502.0,10145610.0,8244458.0,6920139.0,1324320.0,1901152.0,1309791.0,591361.0,1379707.0,28759.0,1350948.0,627252.0,2481254.0,1421153.0,1060100.0,2809191.0,2752911.0,906618.0,674574.0,575897.0,31404.0,102725.0,461694.0,56279.0,-1260511.0,2002403.0,14180099.0,13473622.0,13005926.0,281043.0,186653.0,102159.0,84494.0,706477.0,5.0,13499329.0,14313719.0,43532.0,43942.0,325742.0,0.5,0.9,0.3,4488213.0,1548680.0
2017-01-01,16293292.0,10194656.0,8286937.0,6958868.0,1328069.0,1907719.0,1314418.0,593301.0,1399508.0,37233.0,1362276.0,631828.0,2514140.0,1445855.0,1068285.0,2826938.0,2772780.0,913257.0,675526.0,575012.0,31680.0,103621.0,473684.0,54158.0,-1273779.0,1999077.0,14294215.0,13531582.0,13063650.0,282579.0,185353.0,103099.0,82254.0,762633.0,5.3,13541252.0,14373718.0,43861.0,44105.0,325901.0,0.8,0.4,0.4,4545476.0,1553159.0
2017-02-01,16363509.0,10231767.0,8318008.0,6986215.0,1331793.0,1913759.0,1318423.0,595336.0,1407424.0,45650.0,1361774.0,634453.0,2536874.0,1454101.0,1082773.0,2831185.0,2778917.0,914984.0,678497.0,572465.0,31418.0,106162.0,475391.0,52269.0,-1278194.0,2007064.0,14356444.0,13555832.0,13088383.0,281965.0,185484.0,103230.0,82254.0,800612.0,5.6,13589176.0,14416759.0,44031.0,44216.0,326050.0,0.4,0.2,0.3,4578751.0,1552991.0
2017-03-01,16415083.0,10246421.0,8328008.0,6993336.0,1334672.0,1918413.0,1322664.0,595749.0,1421187.0,53267.0,1367919.0,635282.0,2555652.0,1458659.0,1096993.0,2836179.0,2785459.0,920678.0,681466.0,569694.0,30860.0,107671.0,475090.0,50720.0,-1279637.0,2006573.0,14408511.0,13604841.0,13139886.0,279291.0,185664.0,103411.0,82254.0,803669.0,5.6,13642829.0,14476341.0,44170.0,44378.0,326207.0,0.4,0.4,0.4,4612121.0,1556542.0
2017-04-01,16475996.0,10298027.0,8371638.0,7035182.0,1336457.0,1926388.0,1327848.0,598540.0,1418821.0,49530.0,1369291.0,634162.0,2578900.0,1459580.0,1119320.0,2831649.0,2782136.0,918946.0,684432.0,566543.0,29872.0,109058.0,473284.0,49513.0,-1285563.0,2007184.0,14468813.0,13641486.0,13169177.0,281205.0,191103.0,103628.0,87476.0,827327.0,5.7,13682566.0,14509341.0,44332.0,44457.0,326371.0,0.4,0.3,0.2,4631883.0,1546086.0
2017-05-01,16573214.0,10329427.0,8396316.0,7056407.0,1339910.0,1933111.0,1333156.0,599954.0,1419849.0,44478.0,1375372.0,633906.0,2641985.0,1461119.0,1180866.0,2836965.0,2788506.0,921728.0,687397.0,566804.0,29242.0,110545.0,472790.0,48460.0,-1288919.0,2009601.0,14563613.0,13648884.0,13171862.0,285665.0,191357.0,103881.0,87476.0,914729.0,6.3,13780677.0,14610717.0,44599.0,44743.0,326548.0,0.7,0.1,0.7,4695740.0,1548046.0
2017-06-01,16604002.0,10380266.0,8438386.0,7093815.0,1344571.0,1941880.0,1339300.0,602580.0,1420521.0,38593.0,1381928.0,634746.0,2617068.0,1463278.0,1153790.0,2845930.0,2798370.0,925424.0,690360.0,570321.0,29577.0,111605.0,471084.0,47560.0,-1294529.0,2020118.0,14583884.0,13709695.0,13225151.0,292885.0,191659.0,104183.0,87476.0,874189.0,6.0,13790892.0,14618675.0,44634.0,44741.0,326743.0,0.1,0.4,0.1,4672335.0,1551401.0
2017-07-01,16665906.0,10432173.0,8481031.0,7130552.0,1350479.0,1951142.0,1345988.0,605154.0,1413851.0,36750.0,1377100.0,639551.0,2624381.0,1466060.0,1158321.0,2856062.0,2809247.0,927371.0,693320.0,576770.0,29809.0,112628.0,469349.0,46815.0,-1300111.0,2035244.0,14630662.0,13748549.0,13263299.0,293544.0,191706.0,104521.0,87185.0,882113.0,6.0,13837738.0,14660213.0,44750.0,44841.0,326939.0,0.3,0.3,0.3,4677783.0,1555951.0
2017-08-01,16733733.0,10467818.0,8508186.0,7156181.0,1352005.0,1959631.0,1352971.0,606660.0,1421521.0,36433.0,1385088.0,642455.0,2635413.0,1469273.0,1166139.0,2870196.0,2823941.0,928954.0,696279.0,579880.0,29718.0,113610.0,475500.0,46255.0,-1303671.0,2052184.0,14681549.0,13779178.0,13294640.0,292460.0,192078.0,104894.0,87185.0,902371.0,6.1,13860444.0,14678275.0,44879.0,44868.0,327140.0,0.3,0.2,0.1,4699389.0,1566525.0
2017-09-01,16841895.0,10535107.0,8565557.0,7208255.0,1357303.0,1969550.0,1359416.0,610133.0,1436428.0,37592.0,1398836.0,649254.0,2649102.0,1472921.0,1176181.0,2883032.0,2837150.0,931512.0,699236.0,579832.0,29289.0,114863.0,482418.0,45882.0,-1311027.0,2077766.0,14764129.0,13899554.0,13417255.0,289802.0,192497.0,105313.0,87185.0,864575.0,5.9,13903857.0,14705950.0,45103.0,44925.0,327342.0,0.6,0.9,0.2,4734784.0,1572005.0
2017-10-01,16930751.0,10595629.0,8614654.0,7251896.0,1362757.0,1980976.0,1367904.0,613072.0,1450269.0,39539.0,1410731.0,652028.0,2656211.0,1477005.0,1179206.0,2893954.0,2848259.0,939336.0,702191.0,576625.0,29526.0,115122.0,485459.0,45695.0,-1317341.0,2104468.0,14826283.0,13938627.0,13447486.0,295543.0,195598.0,105778.0,89820.0,887657.0,6.0,13963231.0,14748579.0,45267.0,45030.0,327528.0,0.4,0.3,0.3,4758508.0,1576613.0
2017-11-01,16997528.0,10666493.0,8673452.0,7305893.0,1367559.0,1993040.0,1376352.0,616688.0,1466364.0,38545.0,1427819.0,656941.0,2657452.0,1482576.0,1174876.0,2875176.0,2829448.0,934085.0,705144.0,575025.0,30511.0,115722.0,468961.0,45729.0,-1324898.0,2127300.0,14870227.0,14038335.0,13540626.0,301601.0,196107.0,106288.0,89820.0,831892.0,5.6,14028187.0,14771076.0,45378.0,45075.0,327699.0,0.3,0.7,0.2,4780757.0,1550278.0
2017-12-01,17058165.0,10714677.0,8710744.0,7337884.0,1372860.0,2003933.0,1385237.0,618696.0,1467867.0,34455.0,1433412.0,659730.0,2664420.0,1489642.0,1174778.0,2880954.0,2834971.0,936583.0,708094.0,575805.0,30730.0,116297.0,467463.0,45983.0,-1329484.0,2139364.0,14918800.0,14170808.0,13666091.0,308067.0,196649.0,106830.0,89820.0,747993.0,5.0,14062335.0,14797916.0,45505.0,45136.0,327848.0,0.3,0.9,0.2,4792017.0,1551470.0
2018-01-01,17141709.0,10761096.0,8750061.0,7373360.0,1376701.0,2011035.0,1394378.0,616657.0,1465648.0,31261.0,1434387.0,660547.0,2665982.0,1498530.0,1167453.0,2931004.0,2884275.0,959265.0,711098.0,578486.0,30700.0,116457.0,488269.0,46728.0,-1342568.0,2077108.0,15064601.0,14209944.0,13703270.0,309773.0,196901.0,108593.0,88308.0,854657.0,5.7,14042771.0,14886576.0,45933.0,45390.0,327969.0,1.0,0.3,0.6,4792177.0,1588436.0
2018-02-01,17204090.0,10779902.0,8759145.0,7376660.0,1382485.0,2020757.0,1404144.0,616613.0,1477768.0,29080.0,1448688.0,663262.0,2689768.0,1508964.0,1180804.0,2936641.0,2889452.0,958069.0,714351.0,581748.0,30546.0,116977.0,487761.0,47189.0,-1343251.0,2072129.0,15131961.0,14246808.0,13738737.0,310645.0,197425.0,109117.0,88308.0,885153.0,5.8,14068593.0,14921056.0,46122.0,45479.0,328085.0,0.4,0.3,0.2,4830798.0,1593390.0
2018-03-01,17268180.0,10808121.0,8778418.0,7392877.0,1385541.0,2029703.0,1412270.0,617433.0,1473266.0,28721.0,1444545.0,666685.0,2715050.0,1520961.0,1194089.0,2950595.0,2902915.0,964504.0,717854.0,585454.0,30205.0,117588.0,487309.0,47680.0,-1345537.0,2065561.0,15202619.0,14301838.0,13793215.0,310692.0,197931.0,109623.0,88308.0,900781.0,5.9,14103046.0,14974818.0,46318.0,45624.0,328219.0,0.5,0.4,0.4,4855001.0,1605058.0
2018-04-01,17328723.0,10850471.0,8811750.0,7421995.0,1389755.0,2038721.0,1419492.0,619229.0,1471314.0,30238.0,1441076.0,667306.0,2731350.0,1534539.0,1196811.0,2957977.0,2909774.0,965124.0,721607.0,589712.0,29088.0,118003.0,486241.0,48202.0,-1349695.0,2056974.0,15271749.0,14351839.0,13838421.0,312920.0,200498.0,110134.0,90364.0,919911.0,6.0,14121760.0,15007152.0,46509.0,45703.0,328364.0,0.5,0.3,0.2,4869970.0,1608282.0
2018-05-01,17404353.0,10883921.0,8836475.0,7442700.0,1393775.0,2047446.0,1427021.0,620425.0,1480174.0,31875.0,1448299.0,668930.0,2757954.0,1544484.0,1213470.0,2966109.0,2917299.0,968627.0,725610.0,593150.0,27215.0,118502.0,484196.0,48810.0,-1352736.0,2054630.0,15349723.0,14422405.0,13905023.0,316395.0,200987.0,110623.0,90364.0,927318.0,6.0,14163617.0,15057760.0,46724.0,45835.0,328521.0,0.5,0.5,0.3,4907058.0,1613373.0
2018-06-01,17488446.0,10938714.0,8881987.0,7480642.0,1401345.0,2056728.0,1433586.0,623142.0,1487218.0,33411.0,1453807.0,670875.0,2776071.0,1550762.0,1225308.0,2974153.0,2924648.0,971274.0,729862.0,594987.0,26334.0,119124.0,483068.0,49505.0,-1358585.0,2062719.0,15425727.0,14453097.0,13930438.0,321192.0,201466.0,111102.0,90364.0,972631.0,6.3,14225961.0,15119289.0,46931.0,45998.0,328692.0,0.5,0.2,0.4,4934164.0,1615568.0
2018-07-01,17587569.0,10999435.0,8933732.0,7527886.0,1405846.0,2065703.0,1439204.0,626499.0,1503351.0,29272.0,1474079.0,675699.0,2790804.0,1553353.0,1237451.0,2983800.0,2933524.0,975307.0,734364.0,596087.0,25955.0,119746.0,482066.0,50276.0,-1365520.0,2078723.0,15508846.0,14504556.0,13974828.0,326998.0,202731.0,111572.0,91159.0,1004290.0,6.5,14298541.0,15184702.0,47159.0,46173.0,328863.0,0.5,0.4,0.4,4969854.0,1618280.0
2018-08-01,17663951.0,11056273.0,8981961.0,7569439.0,1412522.0,2074312.0,1444740.0,629572.0,1503780.0,24322.0,1479458.0,680070.0,2805294.0,1561191.0,1244103.0,2990492.0,2939390.0,978352.0,739115.0,595571.0,25388.0,120442.0,480522.0,51103.0,-1371958.0,2089168.0,15574783.0,14547279.0,14013992.0,330111.0,203176.0,112017.0,91159.0,1027504.0,6.6,14356720.0,15238588.0,47334.0,46312.0,329040.0,0.4,0.3,0.4,4989144.0,1618534.0
2018-09-01,17693469.0,11070378.0,8991367.0,7575099.0,1416268.0,2079011.0,1448930.0,630081.0,1492461.0,19442.0,1473019.0,683583.0,2827767.0,1574307.0,1253460.0,2992744.0,2940769.0,976839.0,744117.0,593485.0,24633.0,121178.0,480516.0,51975.0,-1373465.0,2087900.0,15605568.0,14551837.0,14017778.0,330437.0,203622.0,112462.0,91159.0,1053731.0,6.8,14353974.0,15237475.0,47402.0,46284.0,329216.0,0.2,0.0,0.0,5003811.0,1619279.0
2018-10-01,17749775.0,11074314.0,8990858.0,7572703.0,1418155.0,2083455.0,1453379.0,630076.0,1503293.0,24993.0,1478300.0,678811.0,2860300.0,1592746.0,1267554.0,3006918.0,2954025.0,986289.0,749368.0,589843.0,25557.0,122002.0,480966.0,52893.0,-1373860.0,2079562.0,15670212.0,14616543.0,14083061.0,329034.0,204449.0,112896.0,91553.0,1053669.0,6.7,14370229.0,15274146.0,47575.0,46373.0,329379.0,0.4,0.4,0.2,5042404.0,1633058.0
2018-11-01,17795678.0,11097198.0,9009103.0,7590197.0,1418906.0,2088095.0,1456552.0,631543.0,1518921.0,37174.0,1481746.0,673394.0,2877228.0,1604455.0,1272773.0,3005851.0,2951857.0,981367.0,754868.0,588679.0,27214.0,122769.0,476960.0,53994.0,-1376913.0,2077982.0,15717696.0,14696423.0,14162941.0,328597.0,204884.0,113331.0,91553.0,1021273.0,6.5,14411115.0,15315225.0,47698.0,46476.0,329527.0,0.3,0.5,0.3,5069543.0,1628938.0
2018-12-01,18012372.0,11169036.0,9073030.0,7651839.0,1421191.0,2096006.0,1459799.0,636207.0,1566775.0,65780.0,1500995.0,668695.0,2974942.0,1609385.0,1365558.0,3019028.0,2963750.0,983927.0,760619.0,589994.0,28581.0,123673.0,476957.0,55279.0,-1386105.0,2087383.0,15924988.0,14586040.0,14051596.0,329133.0,205311.0,113758.0,91553.0,1338948.0,8.4,14599325.0,15506487.0,48307.0,47038.0,329659.0,1.3,-0.8,1.2,5210412.0,1632923.0
2019-01-01,18078567.0,11266288.0,9164136.0,7742282.0,1421854.0,2102152.0,1461504.0,640648.0,1545777.0,41496.0,1504281.0,671800.0,2903983.0,1606935.0,1297047.0,3094043.0,3037136.0,1016550.0,767469.0,593912.0,29493.0,124271.0,505442.0,56907.0,-1403323.0,2131431.0,15947137.0,14614625.0,14084585.0,327616.0,202425.0,113796.0,88629.0,1332511.0,8.4,14598448.0,15536259.0,48359.0,47113.0,329766.0,0.1,0.2,0.2,5121560.0,1690720.0
2019-02-01,18152915.0,11326448.0,9219841.0,7796289.0,1423551.0,2106607.0,1462135.0,644472.0,1534652.0,32119.0,1502533.0,674702.0,2923692.0,1608041.0,1315651.0,3104586.0,3046515.0,1018505.0,773704.0,598322.0,29749.0,124971.0,501264.0,58071.0,-1411164.0,2151717.0,16001198.0,14647486.0,14117418.0,327346.0,202723.0,114094.0,88629.0,1353712.0,8.5,14633737.0,15560353.0,48509.0,47172.0,329862.0,0.3,0.2,0.2,5133046.0,1693422.0
2019-03-01,18226589.0,11394676.0,9281905.0,7854698.0,1427207.0,2112771.0,1463984.0,648787.0,1521516.0,13513.0,1508003.0,676817.0,2933776.0,1612706.0,1321070.0,3119587.0,3060816.0,1022515.0,779325.0,603891.0,29437.0,125805.0,499843.0,58771.0,-1419783.0,2183010.0,16043578.0,14779876.0,14248569.0,328334.0,202972.0,114344.0,88629.0,1263703.0,7.9,14657728.0,15566452.0,48620.0,47174.0,329977.0,0.3,0.9,0.0,5132109.0,1699804.0
2019-04-01,18266848.0,11388392.0,9274164.0,7841542.0,1432622.0,2114228.0,1466147.0,648081.0,1529177.0,16871.0,1512306.0,679505.0,2956675.0,1620922.0,1335753.0,3132004.0,3072997.0,1023727.0,784332.0,609826.0,27611.0,126740.0,500761.0,59007.0,-1418904.0,2211230.0,16055619.0,14830261.0,14289984.0,331348.0,208929.0,114569.0,94360.0,1225358.0,7.6,14643335.0,15534207.0,48638.0,47059.0,330103.0,0.1,0.3,-0.2,5165357.0,1713100.0
2019-05-01,18286884.0,11375480.0,9260971.0,7827501.0,1433470.0,2114509.0,1467444.0,647065.0,1539040.0,20336.0,1518704.0,682623.0,2964604.0,1622248.0,1342355.0,3142509.0,3083576.0,1026471.0,788724.0,614711.0,27115.0,127740.0,498816.0,58933.0,-1417372.0,2221414.0,16065469.0,14898797.0,14353322.0,336391.0,209084.0,114724.0,94360.0,1166673.0,7.3,14641906.0,15532440.0,48648.0,47034.0,330240.0,0.1,0.5,0.0,5186267.0,1725137.0
2019-06-01,18324297.0,11402784.0,9284826.0,7842525.0,1442301.0,2117958.0,1469510.0,648448.0,1538560.0,23632.0,1514928.0,686273.0,2963202.0,1616690.0,1346512.0,3153888.0,3095339.0,1029914.0,792502.0,618779.0,27073.0,128848.0,498223.0,58549.0,-1420409.0,2220567.0,16103730.0,14961452.0,14408679.0,343569.0,209205.0,114845.0,94360.0,1142278.0,7.1,14660215.0,15562148.0,48741.0,47102.0,330393.0,0.2,0.4,0.2,5188035.0,1733479.0
2019-07-01,18342438.0,11402741.0,9283348.0,7834187.0,1449162.0,2119392.0,1471370.0,648022.0,1548906.0,23533.0,1525373.0,687911.0,2962261.0,1604273.0,1357989.0,3160582.0,3102727.0,1031782.0,795665.0,620582.0,26936.0,129987.0,497774.0,57856.0,-1419964.0,2197405.0,16145032.0,15051550.0,14495969.0,348841.0,206740.0,114907.0,91832.0,1093483.0,6.8,14651801.0,15581350.0,48842.0,47137.0,330553.0,0.3,0.6,0.1,5199078.0,1740618.0
2019-08-01,18432370.0,11463516.0,9338897.0,7879327.0,1459570.0,2124619.0,1473191.0,651428.0,1578408.0,45735.0,1532672.0,690055.0,2961154.0,1596148.0,1365006.0,3166143.0,3109255.0,1034183.0,798214.0,622377.0,26426.0,131131.0,496923.0,56888.0,-1426906.0,2193944.0,16238427.0,15115870.0,14558244.0,350885.0,206742.0,114910.0,91832.0,1122557.0,6.9,14726512.0,15664341.0,49099.0,47363.0,330729.0,0.6,0.4,0.5,5229617.0,1739237.0
2019-09-01,18477277.0,11492868.0,9364781.0,7896876.0,1467905.0,2128087.0,1475407.0,652681.0,1585288.0,56638.0,1528650.0,692726.0,2964573.0,1592282.0,1372291.0,3171612.0,3115964.0,1037287.0,800149.0,624152.0,25701.0,132412.0,496264.0,55648.0,-1429790.0,2194568.0,16282709.0,15147052.0,14590632.0,349700.0,206720.0,114888.0,91832.0,1135657.0,7.0,14755582.0,15697511.0,49207.0,47438.0,330904.0,0.3,0.2,0.2,5242587.0,1741822.0
2019-10-01,18546286.0,11576780.0,9441662.0,7967935.0,1473727.0,2135117.0,1477597.0,657520.0,1564389.0,32920.0,1531468.0,698407.0,2964656.0,1592637.0,1372019.0,3181461.0,3127328.0,1045544.0,801469.0,625385.0,25979.0,133893.0,495058.0,54133.0,-1439407.0,2213489.0,16332796.0,15178559.0,14617397.0,349116.0,212046.0,114806.0,97240.0,1154237.0,7.1,14786542.0,15718083.0,49334.0,47477.0,331066.0,0.3,0.2,0.1,5227452.0,1742054.0
2019-11-01,18629471.0,11635526.0,9494944.0,8012582.0,1482362.0,2140582.0,1479916.0,660665.0,1601421.0,62358.0,1539063.0,705791.0,2955106.0,1588742.0,1366364.0,3177405.0,3125387.0,1045180.0,802175.0,621952.0,26697.0,135351.0,494032.0,52018.0,-1445777.0,2229257.0,16400214.0,15272568.0,14710955.0,349722.0,211891.0,114651.0,97240.0,1127646.0,6.9,14855327.0,15766859.0,49516.0,47603.0,331213.0,0.4,0.6,0.3,5262318.0,1731628.0
2019-12-01,18593983.0,11633836.0,9492250.0,8001943.0,1490307.0,2141587.0,1481736.0,659851.0,1582169.0,36265.0,1545904.0,714572.0,2946576.0,1580594.0,1365982.0,3161388.0,3112086.0,1037258.0,802266.0,614528.0,27509.0,136846.0,493679.0,49302.0,-1444559.0,2235920.0,16358063.0,15337976.0,14774762.0,351538.0,211676.0,114436.0,97240.0,1020087.0,6.2,14796458.0,15683777.0,49369.0,47334.0,331345.0,-0.3,0.4,-0.5,5243317.0,1716829.0
2020-01-01,18808144.0,11800156.0,9644252.0,8140833.0,1503420.0,2155904.0,1488722.0,667182.0,1626340.0,55834.0,1570506.0,721931.0,2937612.0,1566248.0,1371365.0,3192702.0,3146727.0,1064717.0,803442.0,603375.0,26238.0,138565.0,510390.0,45975.0,-1470597.0,2255462.0,16552682.0,15419855.0,14868334.0,350561.0,200960.0,107751.0,93209.0,1132827.0,6.8,14945765.0,15842811.0,49941.0,47800.0,331443.0,1.2,0.5,1.0,5285883.0,1722105.0
2020-02-01,18904584.0,11898794.0,9731701.0,8216058.0,1515644.0,2167092.0,1494735.0,672357.0,1642228.0,66574.0,1575654.0,729218.0,2920570.0,1551220.0,1369351.0,3194771.0,3151204.0,1067493.0,804940.0,602683.0,25691.0,140099.0,510297.0,43567.0,-1480996.0,2279100.0,16625484.0,15378155.0,14828146.0,349099.0,200909.0,107701.0,93209.0,1247329.0,7.5,15024566.0,15900297.0,50148.0,47961.0,331525.0,0.4,-0.3,0.4,5292016.0,1713775.0
2020-03-01,18591437.0,11640412.0,9506806.0,7986142.0,1520664.0,2133606.0,1475025.0,658581.0,1481685.0,5420.0,1476265.0,736567.0,2908308.0,1535570.0,1372738.0,3277147.0,3235069.0,1073110.0,806767.0,613333.0,65578.0,141481.0,534801.0,42078.0,-1452682.0,2220994.0,16370443.0,14340190.0,13812814.0,326416.0,200961.0,107752.0,93209.0,2030253.0,12.4,14689288.0,15702338.0,49358.0,47344.0,331668.0,-1.5,-6.7,-1.2,5126560.0,1824465.0
2020-04-01,20752078.0,10710145.0,8706373.0,7230617.0,1475756.0,2003771.0,1388182.0,615590.0,1344072.0,12513.0,1331560.0,738136.0,2879983.0,1519339.0,1360644.0,6439180.0,6397672.0,1074909.0,808921.0,635701.0,368662.0,142662.0,3366817.0,41508.0,-1359438.0,2048823.0,18703256.0,12748086.0,12249167.0,295393.0,203527.0,107882.0,95645.0,5955169.0,31.8,13786435.0,18015305.0,56377.0,54304.0,331750.0,14.3,-11.1,14.7,4962191.0,5079742.0
2020-05-01,19893260.0,11070787.0,9018313.0,7562887.0,1455425.0,2052474.0,1413995.0,638479.0,1409203.0,13687.0,1395516.0,737326.0,2857286.0,1506584.0,1350702.0,5220777.0,5179245.0,1075991.0,825648.0,655426.0,1114530.0,144128.0,1363523.0,41532.0,-1402118.0,2112547.0,17780714.0,13763265.0,13281510.0,277985.0,203769.0,108124.0,95645.0,4017449.0,22.6,14119032.0,17110020.0,53596.0,51575.0,331752.0,-4.9,8.0,-5.0,5003815.0,3818659.0
2020-06-01,19949372.0,11375212.0,9269786.0,7802852.0,1466933.0,2105426.0,1452658.0,652768.0,1535092.0,64688.0,1470403.0,733253.0,2846825.0,1497291.0,1349534.0,4890885.0,4834216.0,1074140.0,828516.0,672741.0,1366118.0,145008.0,747693.0,56670.0,-1431895.0,2174957.0,17774415.0,14513447.0,14049214.0,260108.0,204125.0,108480.0,95645.0,3260969.0,18.3,14444969.0,17050245.0,53570.0,51388.0,331795.0,0.0,5.5,-0.3,5115170.0,3458990.0
2020-07-01,20199600.0,11466063.0,9345359.0,7864857.0,1480502.0,2120704.0,1464667.0,656038.0,1612553.0,36171.0,1576382.0,742334.0,2844921.0,1491398.0,1353523.0,4973197.0,4929836.0,1078133.0,831727.0,687706.0,1434256.0,145967.0,752046.0,43361.0,-1439469.0,2212540.0,17987060.0,14774048.0,14307240.0,267959.0,198848.0,108948.0,89900.0,3213012.0,17.9,14562595.0,17202899.0,54200.0,51838.0,331862.0,1.2,1.8,0.9,5199808.0,3533728.0
2020-08-01,19597362.0,11579416.0,9443118.0,7934293.0,1508825.0,2136298.0,1476900.0,659398.0,1709683.0,53275.0,1656409.0,752000.0,2850176.0,1486510.0,1363666.0,4154556.0,4109373.0,1080973.0,835281.0,693497.0,641918.0,146853.0,710851.0,45183.0,-1448469.0,2252788.0,17344575.0,14930606.0,14462235.0,275370.0,193001.0,109501.0,83500.0,2413969.0,13.9,14728226.0,16541995.0,52253.0,49835.0,331936.0,-3.6,1.1,-3.8,5311859.0,2706087.0
2020-09-01,19758197.0,11665571.0,9514889.0,8007851.0,1507039.0,2150682.0,1489275.0,661408.0,1809887.0,57033.0,1752854.0,763160.0,2872300.0,1482647.0,1389653.0,4101893.0,4054277.0,1081600.0,839178.0,690958.0,326902.0,147597.0,968042.0,47616.0,-1454615.0,2286442.0,17471754.0,15150504.0,14668142.0,282298.0,200063.0,110163.0,89900.0,2321251.0,13.3,14905351.0,16633724.0,52623.0,50099.0,332017.0,0.7,1.5,0.6,5445347.0,2647278.0
2020-10-01,19763563.0,11886073.0,9713546.0,8211366.0,1502181.0,2172526.0,1501828.0,670698.0,1819657.0,131285.0,1688372.0,762466.0,2911672.0,1479815.0,1431857.0,3859627.0,3808967.0,1089837.0,843418.0,679809.0,313189.0,148172.0,734542.0,50660.0,-1475932.0,2339593.0,17423970.0,15200944.0,14725760.0,267518.0,207666.0,110934.0,96732.0,2223026.0,12.8,15127781.0,16573634.0,52467.0,49907.0,332092.0,-0.3,0.3,-0.4,5493795.0,2383695.0
2020-11-01,19620737.0,12013671.0,9823482.0,8326617.0,1496865.0,2190189.0,1514492.0,675697.0,1634451.0,60958.0,1573493.0,757384.0,2981103.0,1477774.0,1503330.0,3721474.0,3666915.0,1086350.0,848001.0,675998.0,305856.0,148650.0,602059.0,54559.0,-1487347.0,2381409.0,17239327.0,15165113.0,14701645.0,254938.0,208530.0,111798.0,96732.0,2074214.0,12.0,15108359.0,16381762.0,51905.0,49323.0,332130.0,-1.1,-0.2,-1.2,5372938.0,2234127.0
2020-12-01,19741531.0,12071404.0,9866486.0,8368673.0,1497813.0,2204918.0,1527366.0,677552.0,1569237.0,55253.0,1513984.0,747357.0,3048966.0,1476493.0,1572473.0,3795960.0,3736648.0,1087885.0,852927.0,679727.0,346923.0,149033.0,620152.0,59312.0,-1491392.0,2414017.0,17327514.0,15275720.0,14822032.0,244176.0,209511.0,112779.0,96732.0,2051794.0,11.8,15089928.0,16397715.0,52174.0,49374.0,332113.0,0.5,0.7,0.1,5365560.0,2304568.0
2021-01-01,21826120.0,12103991.0,9894115.0,8388257.0,1505858.0,2209876.0,1527612.0,682264.0,1620587.0,43855.0,1576732.0,747294.0,3042918.0,1475936.0,1566983.0,5817015.0,5752094.0,1103652.0,858197.0,691329.0,619153.0,149467.0,2330296.0,64921.0,-1505686.0,2519986.0,19306134.0,15541782.0,15073011.0,253688.0,215083.0,116025.0,99058.0,3764351.0,19.5,15086868.0,18193965.0,58141.0,54791.0,332059.0,11.4,1.7,11.0,5410799.0,4311329.0
2021-02-01,20313128.0,12046858.0,9838848.0,8331726.0,1507122.0,2208010.0,1530853.0,677157.0,1679252.0,46916.0,1632337.0,752253.0,3092991.0,1476229.0,1616763.0,4238614.0,4168406.0,1105286.0,863428.0,704176.0,577661.0,149736.0,768120.0,70208.0,-1496840.0,2536968.0,17776159.0,15462892.0,14983501.0,263248.0,216144.0,117085.0,99058.0,2313267.0,13.0,15098942.0,16697314.0,53537.0,50288.0,332035.0,-7.9,-0.5,-8.2,5524496.0,2741774.0
2021-03-01,24535088.0,12117707.0,9902719.0,8388231.0,1514488.0,2214988.0,1534815.0,680173.0,1799438.0,56424.0,1743013.0,763570.0,3133006.0,1477366.0,1655639.0,8225072.0,8149897.0,1109116.0,868621.0,719006.0,568541.0,150135.0,4734479.0,75175.0,-1503705.0,2575735.0,21959353.0,16199741.0,15709722.0,272840.0,217179.0,118120.0,99058.0,5759612.0,26.2,15240955.0,20519998.0,66128.0,61793.0,332074.0,23.5,4.8,22.9,5696014.0,6721367.0
2021-04-01,21372504.0,12284159.0,10059274.0,8538907.0,1520367.0,2224884.0,1534739.0,690145.0,1831005.0,86830.0,1744175.0,769952.0,3181595.0,1479342.0,1702252.0,4829397.0,4749577.0,1107899.0,873776.0,736012.0,497524.0,150536.0,1383830.0,79820.0,-1523603.0,2631353.0,18741152.0,16416850.0,15917545.0,279106.0,220199.0,119143.0,101056.0,2324302.0,12.4,15377533.0,17420710.0,56425.0,52450.0,332141.0,-14.7,1.3,-15.1,5782552.0,3305794.0
2021-05-01,20970309.0,12405272.0,10171635.0,8646290.0,1525345.0,2233637.0,1536493.0,697144.0,1853307.0,93601.0,1759707.0,771171.0,3223011.0,1478655.0,1744355.0,4255572.0,4171159.0,1107721.0,878893.0,747253.0,447387.0,151122.0,838783.0,84412.0,-1538023.0,2670760.0,18299549.0,16478565.0,15973499.0,283873.0,221193.0,120137.0,101056.0,1820984.0,10.0,15456898.0,16922448.0,55084.0,50939.0,332212.0,-2.4,0.4,-2.9,5847489.0,2717549.0
2021-06-01,21008350.0,12522186.0,10281048.0,8740673.0,1540376.0,2241138.0,1537300.0,703838.0,1862422.0,99942.0,1762479.0,768791.0,3260081.0,1475381.0,1784700.0,4146980.0,4032589.0,1112769.0,883972.0,753252.0,367603.0,151576.0,763419.0,114391.0,-1552111.0,2701431.0,18306919.0,16700893.0,16191662.0,287048.0,222183.0,121127.0,101056.0,1606026.0,8.8,15508531.0,16838099.0,55092.0,50671.0,332300.0,0.0,1.3,-0.5,5891294.0,2594869.0
2021-07-01,21234409.0,12639595.0,10390842.0,8835027.0,1555815.0,2248753.0,1538005.0,710748.0,1875782.0,95659.0,1780123.0,773466.0,3283164.0,1469580.0,1813584.0,4229075.0,4126168.0,1113086.0,889012.0,751857.0,287036.0,152693.0,932484.0,102907.0,-1566674.0,2722607.0,18511802.0,16753250.0,16239708.0,286110.0,227432.0,122088.0,105344.0,1758551.0,9.5,15570016.0,16949332.0,55682.0,50982.0,332454.0,1.1,0.3,0.7,5932412.0,2662401.0
2021-08-01,21285241.0,12691996.0,10439675.0,8872661.0,1567014.0,2252321.0,1538596.0,713724.0,1872028.0,90852.0,1781176.0,781987.0,3298026.0,1466394.0,1831632.0,4214985.0,4117212.0,1118729.0,894015.0,749740.0,255000.0,153321.0,946408.0,97773.0,-1573782.0,2737736.0,18547504.0,16926823.0,16412912.0,285542.0,228369.0,123025.0,105344.0,1620682.0,8.7,15569724.0,16917118.0,55758.0,50857.0,332641.0,0.2,1.0,-0.2,5952041.0,2641203.0
2021-09-01,21164172.0,12779706.0,10521083.0,8950439.0,1570643.0,2258623.0,1539127.0,719496.0,1863468.0,75727.0,1787741.0,792443.0,3319275.0,1465764.0,1853511.0,3995409.0,3893445.0,1118220.0,898980.0,746033.0,66949.0,154167.0,909098.0,101964.0,-1586128.0,2762848.0,18401325.0,17004210.0,16489569.0,285348.0,229292.0,123948.0,105344.0,1397115.0,7.6,15608009.0,16728522.0,55292.0,50266.0,332801.0,-0.8,0.5,-1.1,5975186.0,2409281.0
2021-10-01,21330922.0,12934827.0,10665804.0,9095496.0,1570308.0,2269023.0,1539637.0,729386.0,1870791.0,77335.0,1793456.0,795722.0,3349990.0,1467637.0,1882354.0,3986482.0,3880475.0,1128964.0,903906.0,740814.0,36466.0,155102.0,915223.0,106007.0,-1606890.0,2801845.0,18529077.0,17224390.0,16704232.0,284436.0,235721.0,124834.0,110887.0,1304687.0,7.0,15663688.0,16733528.0,55650.0,50258.0,332955.0,0.7,1.3,0.0,6016503.0,2379592.0
2021-11-01,21439084.0,13042876.0,10766411.0,9192356.0,1574055.0,2276465.0,1540092.0,736373.0,1867984.0,71365.0,1796619.0,800013.0,3364542.0,1469642.0,1894900.0,3985918.0,3875837.0,1125473.0,908794.0,743574.0,29584.0,156232.0,912180.0,110080.0,-1622249.0,2838626.0,18600458.0,17368497.0,16849832.0,282048.0,236617.0,125729.0,110887.0,1231962.0,6.6,15657153.0,16686383.0,55839.0,50093.0,333109.0,0.4,0.8,-0.3,6032539.0,2363669.0
2021-12-01,21507573.0,13131291.0,10848230.0,9267360.0,1580869.0,2283061.0,1540461.0,742600.0,1827879.0,55106.0,1772773.0,803968.0,3382471.0,1471753.0,1910718.0,3997857.0,3883676.0,1124285.0,913645.0,754745.0,26140.0,157313.0,907548.0,114182.0,-1635893.0,2876181.0,18631392.0,17406700.0,16890989.0,278191.0,237521.0,126634.0,110887.0,1224691.0,6.6,15610787.0,16610817.0,55908.0,49845.0,333251.0,0.2,0.2,-0.5,6014318.0,2361964.0
2022-01-01,21503786.0,13116200.0,10834321.0,9246915.0,1587406.0,2281880.0,1540603.0,741277.0,1818226.0,65674.0,1752552.0,812470.0,3382501.0,1479243.0,1903258.0,4026460.0,3908148.0,1196140.0,918457.0,777152.0,25100.0,158562.0,832737.0,118312.0,-1652072.0,3226242.0,18277543.0,17515336.0,16993756.0,278457.0,243123.0,130139.0,112983.0,762207.0,4.2,15496603.0,16206131.0,54830.0,48616.0,333349.0,-1.9,0.6,-2.4,6013197.0,2374388.0
2022-02-01,21649216.0,13187210.0,10899272.0,9306783.0,1592490.0,2287938.0,1541237.0,746701.0,1833628.0,80380.0,1753248.0,818933.0,3390474.0,1487919.0,1902555.0,4082959.0,3961230.0,1198063.0,923608.0,793492.0,24487.0,159929.0,861651.0,121729.0,-1663988.0,3261581.0,18387634.0,17630108.0,17106023.0,280147.0,243939.0,130955.0,112983.0,757526.0,4.1,15483599.0,16207593.0,55145.0,48607.0,333444.0,0.6,0.7,0.0,6043035.0,2418971.0
2022-03-01,21747541.0,13233377.0,10942371.0,9346102.0,1596270.0,2291006.0,1540525.0,750481.0,1856135.0,104048.0,1752087.0,824416.0,3407862.0,1497868.0,1909994.0,4098428.0,3973994.0,1203342.0,929097.0,805610.0,23540.0,161315.0,851090.0,124433.0,-1672676.0,3289669.0,18457872.0,17875254.0,17347210.0,283375.0,244669.0,131685.0,112983.0,582618.0,3.2,15420564.0,16127200.0,55330.0,48344.0,333595.0,0.4,1.4,-0.5,6088413.0,2425752.0
2022-04-01,21821674.0,13252697.0,10959036.0,9357918.0,1601118.0,2293660.0,1541217.0,752443.0,1845565.0,100681.0,1744884.0,841565.0,3436908.0,1516788.0,1920120.0,4122599.0,3996174.0,1204739.0,926799.0,814963.0,21928.0,162962.0,864783.0,126425.0,-1677659.0,3309766.0,18511908.0,18031991.0,17490045.0,289931.0,252014.0,132306.0,119709.0,479918.0,2.6,15417454.0,16125502.0,55462.0,48312.0,333776.0,0.3,0.9,0.0,6124038.0,2444940.0
2022-05-01,21907163.0,13289739.0,10991490.0,9386187.0,1605303.0,2298249.0,1542703.0,755546.0,1849618.0,98827.0,1750791.0,860040.0,3476177.0,1537046.0,1939132.0,4116208.0,3988354.0,1207156.0,932908.0,820960.0,21485.0,164674.0,841171.0,127854.0,-1684620.0,3305897.0,18601266.0,18124853.0,17574491.0,297793.0,252569.0,132860.0,119709.0,476413.0,2.6,15401520.0,16103001.0,55699.0,48219.0,333958.0,0.5,0.5,-0.1,6185835.0,2431588.0
2022-06-01,22011143.0,13338976.0,11033867.0,9424166.0,1609701.0,2305110.0,1545771.0,759339.0,1853254.0,97211.0,1756044.0,879501.0,3514571.0,1558837.0,1955734.0,4117448.0,3976487.0,1208512.0,939347.0,821936.0,21961.0,166612.0,818119.0,140961.0,-1692608.0,3277010.0,18734133.0,18315335.0,17755188.0,307089.0,253059.0,133350.0,119709.0,418797.0,2.2,15342332.0,16062936.0,56065.0,48071.0,334147.0,0.7,1.1,-0.2,6247326.0,2424840.0
2022-07-01,22218423.0,13517861.0,11196629.0,9572210.0,1624418.0,2321232.0,1550003.0,771229.0,1876683.0,99080.0,1777603.0,880892.0,3535751.0,1574493.0,1961258.0,4123232.0,3993066.0,1210540.0,937820.0,820103.0,22679.0,168640.0,833285.0,130166.0,-1715995.0,3243273.0,18975150.0,18354598.0,17770089.0,328965.0,255545.0,133786.0,121759.0,620552.0,3.3,15515892.0,16270421.0,56749.0,48660.0,334370.0,1.3,0.2,1.3,6293326.0,2407237.0
2022-08-01,22357082.0,13608247.0,11275234.0,9645068.0,1630166.0,2333013.0,1555559.0,777453.0,1896284.0,99237.0,1797048.0,886347.0,3564481.0,1591529.0,1972951.0,4130023.0,4001229.0,1215274.0,944855.0,818593.0,23421.0,170545.0,828542.0,128794.0,-1728299.0,3215575.0,19141507.0,18523494.0,17916450.0,351128.0,255916.0,134158.0,121759.0,618013.0,3.2,15585424.0,16367342.0,57202.0,48912.0,334628.0,0.9,0.9,0.6,6347112.0,2401724.0
2022-09-01,22487029.0,13708753.0,11362319.0,9724042.0,1638277.0,2346434.0,1562262.0,784172.0,1894203.0,97608.0,1796596.0,894247.0,3597904.0,1610107.0,1987797.0,4133356.0,4005332.0,1216927.0,952215.0,818011.0,23485.0,172928.0,821766.0,128024.0,-1741434.0,3211012.0,19276017.0,18622586.0,17992828.0,373546.0,256211.0,134453.0,121759.0,653431.0,3.4,15637976.0,16423846.0,57560.0,49043.0,334885.0,0.7,0.5,0.3,6386354.0,2391922.0
2022-10-01,22636371.0,13686510.0,11333428.0,9686456.0,1646972.0,2353082.0,1570236.0,782845.0,1889458.0,94934.0,1794524.0,906667.0,3667956.0,1641841.0,2026115.0,4224666.0,4097948.0,1228908.0,959899.0,818117.0,24116.0,175308.0,891600.0,126718.0,-1738885.0,3208271.0,19428100.0,18761985.0,18109562.0,391195.0,261229.0,134696.0,126533.0,666115.0,3.4,15614331.0,16476300.0,57973.0,49165.0,335125.0,0.8,0.7,0.3,6464081.0,2485781.0
2022-11-01,22705708.0,13681863.0,11319815.0,9661953.0,1657863.0,2362048.0,1579487.0,782561.0,1899374.0,97547.0,1801827.0,917918.0,3703356.0,1673443.0,2029913.0,4241299.0,4116694.0,1224679.0,967909.0,824760.0,25559.0,177855.0,895932.0,124605.0,-1738102.0,3195973.0,19509735.0,18776544.0,18108024.0,407163.0,261358.0,134825.0,126533.0,733190.0,3.8,15618530.0,16502742.0,58177.0,49210.0,335354.0,0.4,0.1,0.2,6520648.0,2503197.0
2022-12-01,22800530.0,13699118.0,11325442.0,9660247.0,1665195.0,2373676.0,1590023.0,783653.0,1914596.0,105746.0,1808850.0,930281.0,3737241.0,1705094.0,2032147.0,4259007.0,4137321.0,1223763.0,976243.0,838480.0,27795.0,180522.0,890517.0,121685.0,-1739714.0,3175149.0,19625381.0,18799057.0,18116497.0,421162.0,261398.0,134864.0,126533.0,826324.0,4.2,15662612.0,16578181.0,58484.0,49403.0,335569.0,0.6,0.1,0.5,6582118.0,2519293.0
2023-01-01,22965000.0,13839351.0,11442801.0,9764086.0,1678715.0,2396550.0,1605172.0,791379.0,1933730.0,103853.0,1829877.0,946620.0,3794253.0,1726782.0,2067470.0,4205880.0,4087920.0,1336373.0,984903.0,857916.0,28737.0,183172.0,696820.0,117960.0,-1754833.0,2843368.0,20121632.0,19135078.0,18449085.0,424257.0,261736.0,134790.0,126946.0,986554.0,4.9,15762044.0,16906872.0,59927.0,50353.0,335770.0,2.5,1.8,2.0,6674603.0,2451047.0
2023-02-01,23112952.0,13889865.0,11480590.0,9793055.0,1687535.0,2409275.0,1614667.0,794608.0,1936003.0,98075.0,1837928.0,964741.0,3837175.0,1750124.0,2087050.0,4245715.0,4131034.0,1340853.0,993239.0,876647.0,29990.0,185890.0,704414.0,114681.0,-1760547.0,2823198.0,20289753.0,19180447.0,18491570.0,427129.0,261748.0,134802.0,126946.0,1109306.0,5.5,15806476.0,16998223.0,60391.0,50594.0,335975.0,0.8,0.2,0.5,6737919.0,2485168.0
2023-03-01,23248024.0,13935695.0,11514308.0,9820179.0,1694129.0,2421387.0,1623828.0,797559.0,1931656.0,88796.0,1842860.0,985095.0,3898618.0,1775151.0,2123467.0,4262886.0,4151036.0,1345396.0,1001253.0,895725.0,31186.0,188344.0,689132.0,111850.0,-1765926.0,2809245.0,20438779.0,19212011.0,18520420.0,429769.0,261823.0,134877.0,126946.0,1226768.0,6.0,15882745.0,17098844.0,60795.0,50861.0,336189.0,0.7,0.2,0.6,6815369.0,2496960.0
2023-04-01,23359891.0,14016025.0,11580121.0,9879281.0,1700840.0,2435904.0,1633128.0,802777.0,1931191.0,82495.0,1848696.0,994593.0,3936283.0,1794562.0,2141721.0,4257669.0,4148203.0,1349451.0,1008944.0,911901.0,32017.0,191043.0,654846.0,109466.0,-1775870.0,2806843.0,20553048.0,19357143.0,18641787.0,452494.0,262861.0,135026.0,127836.0,1195905.0,5.8,15925713.0,17135281.0,61096.0,50936.0,336406.0,0.6,0.8,0.2,6862067.0,2481799.0
2023-05-01,23468465.0,14083763.0,11633736.0,9923662.0,1710074.0,2450027.0,1642934.0,807093.0,1929318.0,76920.0,1852398.0,999353.0,3965400.0,1809606.0,2155794.0,4274885.0,4167629.0,1352961.0,1016312.0,915330.0,32698.0,193301.0,657028.0,107256.0,-1784253.0,2807673.0,20660793.0,19402917.0,18664600.0,475272.0,263046.0,135210.0,127836.0,1257876.0,6.1,15975498.0,17196711.0,61375.0,51085.0,336632.0,0.5,0.2,0.4,6894071.0,2490632.0
2023-06-01,23556163.0,14177681.0,11710808.0,9987724.0,1723084.0,2466873.0,1653815.0,813059.0,1934563.0,72017.0,1862546.0,1000111.0,3965562.0,1820212.0,2145351.0,4274212.0,4168993.0,1355456.0,1023357.0,905525.0,33781.0,195799.0,655076.0,105218.0,-1795966.0,2816949.0,20739214.0,19534412.0,18772996.0,498162.0,263254.0,135418.0,127836.0,1204802.0,5.8,16006607.0,17216330.0,61564.0,51106.0,336875.0,0.4,0.7,0.1,6900236.0,2478246.0
2023-07-01,23635195.0,14268030.0,11784645.0,10046379.0,1738266.0,2483385.0,1664633.0,818753.0,1935381.0,67761.0,1867620.0,1003543.0,3982798.0,1834849.0,2147949.0,4252797.0,4149442.0,1356543.0,1030079.0,882443.0,34285.0,198209.0,647883.0,103354.0,-1807355.0,2830814.0,20804381.0,19657255.0,18884215.0,506501.0,266539.0,135661.0,130877.0,1147126.0,5.5,16071511.0,17250591.0,61707.0,51166.0,337147.0,0.3,0.6,0.2,6921722.0,2445442.0
2023-08-01,23737734.0,14337397.0,11838841.0,10088145.0,1750696.0,2498556.0,1675418.0,823138.0,1942266.0,63579.0,1878688.0,1011937.0,4008587.0,1850451.0,2158136.0,4253908.0,4152196.0,1360854.0,1036479.0,865113.0,35117.0,200508.0,654126.0,101711.0,-1816361.0,2840983.0,20896751.0,19735810.0,18953262.0,515723.0,266826.0,135948.0,130877.0,1160941.0,5.6,16107195.0,17275254.0,61927.0,51195.0,337443.0,0.4,0.4,0.1,6962790.0,2437547.0
2023-09-01,23833054.0,14398041.0,11885016.0,10122432.0,1762584.0,2513024.0,1686105.0,826919.0,1951624.0,59425.0,1892198.0,1023080.0,4031524.0,1867027.0,2164497.0,4253179.0,4149290.0,1362266.0,1042555.0,854314.0,35236.0,202632.0,652285.0,103889.0,-1824393.0,2850257.0,20982797.0,19877151.0,19048067.0,561928.0,267156.0,136279.0,130877.0,1105646.0,5.3,16126729.0,17282229.0,62128.0,51171.0,337738.0,0.4,0.7,0.0,7006228.0,2428786.0
2023-10-01,23919669.0,14438843.0,11912636.0,10142045.0,1770591.0,2526207.0,1696708.0,829499.0,1954807.0,52756.0,1902051.0,1028936.0,4070971.0,1888409.0,2182562.0,4256364.0,4157276.0,1378862.0,1048309.0,849822.0,35512.0,204707.0,640065.0,99088.0,-1830252.0,2853987.0,21065682.0,19930003.0,19109352.0,551506.0,269145.0,136653.0,132492.0,1135679.0,5.4,16186898.0,17341339.0,62321.0,51302.0,338021.0,0.4,0.3,0.3,7054714.0,2426112.0
2023-11-01,24038174.0,14515793.0,11974047.0,10195733.0,1778314.0,2541746.0,1707264.0,834482.0,1962117.0,47186.0,1914931.0,1033472.0,4107823.0,1909511.0,2198312.0,4259901.0,4158266.0,1369995.0,1053740.0,854632.0,35611.0,206696.0,637592.0,101635.0,-1840932.0,2866698.0,21171476.0,19985557.0,19178922.0,537084.0,269552.0,137059.0,132492.0,1185919.0,5.6,16280290.0,17427092.0,62583.0,51515.0,338295.0,0.5,0.3,0.5,7103412.0,2418969.0
2023-12-01,24145867.0,14588230.0,12031375.0,10243352.0,1788023.0,2556855.0,1717755.0,839101.0,1960844.0,43563.0,1917281.0,1038331.0,4126613.0,1930301.0,2196312.0,4282935.0,4185443.0,1374666.0,1058848.0,868683.0,35495.0,208608.0,639142.0,97492.0,-1851086.0,2878905.0,21266962.0,20072603.0,19283525.0,519064.0,270015.0,137523.0,132492.0,1194359.0,5.6,16327612.0,17481744.0,62818.0,51637.0,338550.0,0.5,0.4,0.3,7125788.0,2431849.0
2024-01-01,24363416.0,14636981.0,12062672.0,10263403.0,1799269.0,2574309.0,1731758.0,842551.0,1974775.0,49155.0,1925620.0,1054286.0,4158947.0,1919140.0,2239807.0,4409504.0,4299147.0,1422773.0,1063633.0,893602.0,35215.0,210369.0,673555.0,110357.0,-1871076.0,2882479.0,21480937.0,20097286.0,19303276.0,521820.0,272190.0,138019.0,134171.0,1383651.0,6.4,16326014.0,17575404.0,63406.0,51878.0,338787.0,1.0,0.1,0.5,7188008.0,2538428.0
2024-02-01,24475003.0,14749220.0,12158044.0,10346285.0,1811759.0,2591175.0,1741458.0,849717.0,1983300.0,52322.0,1930977.0,1069685.0,4109021.0,1906982.0,2202039.0,4449967.0,4353272.0,1425860.0,1068939.0,911319.0,35535.0,212568.0,699050.0,96696.0,-1886189.0,2904018.0,21570985.0,20246376.0,19446475.0,527196.0,272705.0,138534.0,134171.0,1324609.0,6.1,16335089.0,17596172.0,63626.0,51902.0,339029.0,0.4,0.7,0.1,7162006.0,2563778.0
2024-03-01,24597803.0,14832843.0,12227867.0,10403196.0,1824671.0,2604977.0,1750085.0,854891.0,1990591.0,53225.0,1937366.0,1083072.0,4105560.0,1893863.0,2211696.0,4483220.0,4386932.0,1434055.0,1074765.0,923320.0,35737.0,215148.0,703907.0,96288.0,-1897483.0,2923644.0,21674159.0,20390339.0,19581752.0,535373.0,273215.0,139043.0,134171.0,1283819.0,5.9,16349396.0,17617039.0,63881.0,51924.0,339288.0,0.5,0.7,0.1,7179223.0,2585737.0
2024-04-01,24690541.0,14874941.0,12260002.0,10430156.0,1829846.0,2614940.0,1757439.0,857501.0,2006082.0,52490.0,1953592.0,1075700.0,4132005.0,1911436.0,2220569.0,4505507.0,4402278.0,1437687.0,1081112.0,929488.0,35405.0,218298.0,700288.0,103229.0,-1903694.0,2936434.0,21754107.0,20482983.0,19665702.0,542443.0,274838.0,139572.0,135266.0,1271125.0,5.8,16366327.0,17638554.0,64067.0,51946.0,339554.0,0.4,0.5,0.1,7213787.0,2601813.0
2024-05-01,24807746.0,14961998.0,12334509.0,10496601.0,1837908.0,2627489.0,1764539.0,862950.0,2014617.0,52297.0,1962319.0,1069476.0,4157338.0,1928278.0,2229060.0,4519646.0,4424135.0,1439808.0,1087980.0,935094.0,35955.0,221758.0,703539.0,95512.0,-1915330.0,2960290.0,21847456.0,20582676.0,19758028.0,549247.0,275401.0,140135.0,135266.0,1264779.0,5.8,16449009.0,17713291.0,64290.0,52124.0,339828.0,0.4,0.5,0.4,7241431.0,2604316.0
2024-06-01,24904103.0,14994102.0,12356958.0,10512536.0,1844422.0,2637144.0,1772399.0,864745.0,2019036.0,52647.0,1966389.0,1063819.0,4171520.0,1944380.0,2227139.0,4575395.0,4448150.0,1445469.0,1095368.0,939596.0,36900.0,225549.0,705267.0,127245.0,-1919769.0,2976033.0,21928069.0,20676273.0,19844548.0,555774.0,275951.0,140685.0,135266.0,1251796.0,5.7,16456356.0,17751060.0,64474.0,52192.0,340108.0,0.4,0.5,0.2,7254375.0,2655626.0
2024-07-01,24950761.0,15046040.0,12398774.0,10546770.0,1852004.0,2647266.0,1779510.0,867756.0,2028770.0,55248.0,1973522.0,1070549.0,4163529.0,1937072.0,2226457.0,4568411.0,4473459.0,1450063.0,1103276.0,943753.0,37192.0,229725.0,709450.0,94953.0,-1926539.0,2997525.0,21953235.0,20787883.0,19949519.0,559777.0,278587.0,141269.0,137318.0,1165352.0,5.3,16473599.0,17743234.0,64505.0,52135.0,340335.0,0.1,0.5,0.0,7262848.0,2641872.0
2024-08-01,25012959.0,15123852.0,12465708.0,10606113.0,1859595.0,2658144.0,1785725.0,872419.0,2033201.0,58784.0,1974417.0,1077250.0,4135508.0,1930081.0,2205427.0,4579616.0,4484875.0,1453704.0,1111705.0,947902.0,37023.0,234414.0,700128.0,94741.0,-1936468.0,3020740.0,21992219.0,20843915.0,20001295.0,563442.0,279179.0,141861.0,137318.0,1148304.0,5.2,16494484.0,17752861.0,64586.0,52136.0,340512.0,0.2,0.3,0.1,7245959.0,2643148.0
2024-09-01,25101259.0,15177310.0,12510727.0,10642547.0,1868180.0,2666583.0,1791174.0,875409.0,2033210.0,54829.0,1978381.0,1083996.0,4135174.0,1923407.0,2211766.0,4614675.0,4520106.0,1458933.0,1120655.0,952170.0,36706.0,239448.0,712194.0,94569.0,-1943106.0,3038994.0,22062265.0,20994190.0,20147639.0,566762.0,279789.0,142472.0,137318.0,1068074.0,4.8,16500814.0,17769938.0,64758.0,52159.0,340688.0,0.3,0.7,0.1,7252380.0,2671569.0
2024-10-01,25226570.0,15241806.0,12566766.0,10688193.0,1878573.0,2675040.0,1795852.0,879189.0,2048984.0,62245.0,1986739.0,1093871.0,4145737.0,1933023.0,2212715.0,4647297.0,4552858.0,1471991.0,1130125.0,956446.0,37313.0,244898.0,712085.0,94439.0,-1951125.0,3055103.0,22171467.0,21072941.0,20226006.0,565300.0,281635.0,143078.0,138558.0,1098526.0,5.0,16531520.0,17810545.0,65047.0,52252.0,340855.0,0.5,0.4,0.2,7288592.0,2696172.0
2024-11-01,25322063.0,15315637.0,12632364.0,10745595.0,1886769.0,2683273.0,1799695.0,883578.0,2062741.0,70695.0,1992046.0,1095717.0,4161908.0,1941932.0,2219976.0,4646316.0,4551964.0,1467865.0,1140115.0,960622.0,37527.0,250725.0,695110.0,94352.0,-1960256.0,3074397.0,22247666.0,21159441.0,20313595.0,563574.0,282273.0,143715.0,138558.0,1088225.0,4.9,16590056.0,17851351.0,65240.0,52348.0,341011.0,0.3,0.4,0.2,7320366.0,2686060.0
2024-12-01,25418601.0,15369997.0,12680759.0,10784406.0,1896353.0,2689238.0,1802595.0,886643.0,2081654.0,80177.0,2001477.0,1100367.0,4167884.0,1950130.0,2217753.0,4665473.0,4571165.0,1467377.0,1150626.0,964984.0,37106.0,256982.0,694090.0,94308.0,-1966774.0,3089263.0,22329338.0,21358817.0,20514276.0,561588.0,282953.0,144395.0,138558.0,970521.0,4.3,16606592.0,17867870.0,65453.0,52376.0,341149.0,0.4,0.9,0.1,7349905.0,2698699.0
2025-01-01,25570515.0,15431569.0,12721716.0,10817477.0,1904240.0,2709852.0,1815729.0,894123.0,2085517.0,78290.0,2007227.0,1106889.0,4225277.0,1952278.0,2272999.0,4708341.0,4613240.0,1504363.0,1161658.0,954941.0,37030.0,263723.0,691525.0,95101.0,-1987078.0,3135232.0,22435283.0,21286103.0,20462229.0,564596.0,259278.0,144974.0,114304.0,1149180.0,5.1,16635449.0,17889843.0,65741.0,52422.0,341268.0,0.5,-0.3,0.1,7417683.0,2721263.0
2025-02-01,25705355.0,15509392.0,12787024.0,10877667.0,1909357.0,2722368.0,1824077.0,898291.0,2095452.0,74668.0,2020784.0,1115824.0,4177052.0,1954499.0,2222553.0,4803309.0,4685687.0,1514655.0,1172645.0,953421.0,37062.0,270080.0,737824.0,117622.0,-1995674.0,3153949.0,22551406.0,21374009.0,20519769.0,567993.0,286247.0,145543.0,140704.0,1177397.0,5.2,16600558.0,17910492.0,66060.0,52465.0,341378.0,0.5,0.4,0.1,7388328.0,2807635.0
2025-03-01,25877259.0,15591694.0,12857319.0,10941928.0,1915390.0,2734375.0,1831576.0,902799.0,2128836.0,99635.0,2029201.0,1124052.0,4185259.0,1956790.0,2228469.0,4852412.0,4756066.0,1570512.0,1183588.0,957302.0,37157.0,275856.0,731650.0,96347.0,-2004994.0,3172896.0,22704363.0,21541140.0,20682955.0,571390.0,286794.0,146091.0,140704.0,1163223.0,5.1,16695385.0,18029053.0,66485.0,52794.0,341496.0,0.7,0.8,0.7,7438147.0,2847418.0
2025-04-01,26061125.0,15599946.0,12857517.0,10931564.0,1925953.0,2742428.0,1840099.0,902329.0,2145196.0,107801.0,2037395.0,1122950.0,4202164.0,1958667.0,2243497.0,4995513.0,4895844.0,1678623.0,1194487.0,977543.0,37185.0,281252.0,726753.0,99669.0,-2004644.0,3188023.0,22873101.0,21604179.0,20746410.0,569443.0,288326.0,146604.0,141722.0,1268923.0,5.5,16699961.0,18132865.0,66952.0,53077.0,341632.0,0.7,0.3,0.6,7470310.0,2990869.0
2025-05-01,25925796.0,15615217.0,12865286.0,10937292.0,1927993.0,2749932.0,1847269.0,902662.0,2086547.0,62407.0,2024140.0,1118818.0,4208483.0,1960618.0,2247865.0,4902560.0,4802259.0,1556032.0,1205341.0,992759.0,37938.0,286320.0,723868.0,100302.0,-2005829.0,3203205.0,22722591.0,21611353.0,20755004.0,567495.0,288853.0,147131.0,141722.0,1111238.0,4.9,16636137.0,17980873.0,66482.0,52609.0,341784.0,-0.7,0.0,-0.8,7413848.0,2896731.0
2025-06-01,25975676.0,15615839.0,12857264.0,10922125.0,1935139.0,2758575.0,1856715.0,901860.0,2083707.0,64344.0,2019363.0,1115879.0,4206368.0,1962641.0,2243727.0,4958718.0,4857780.0,1587910.0,1216151.0,1004262.0,38822.0,290946.0,719689.0,100938.0,-2004835.0,3211538.0,22764138.0,21723271.0,20868365.0,565548.0,289358.0,147637.0,141722.0,1040867.0,4.6,16583512.0,17962131.0,66573.0,52529.0,341945.0,0.2,0.5,-0.1,7405954.0,2953883.0
2025-07-01,26100177.0,15701577.0,12929610.0,10989126.0,1940484.0,2771967.0,1865276.0,906691.0,2106952.0,74481.0,2032471.0,1113417.0,4216140.0,1966841.0,2249299.0,4976929.0,4875351.0,1574778.0,1226916.0,1029433.0,38735.0,295164.0,710323.0,101578.0,-2014838.0,3236887.0,22863291.0,21872967.0,21007264.0,575745.0,289958.0,148132.0,141826.0,990323.0,4.3,16638887.0,18009527.0,66837.0,52648.0,342076.0,0.4,0.7,0.3,7436509.0,2962091.0
2025-08-01,26200370.0,15752446.0,12970256.0,11028275.0,1941981.0,2782190.0,1872842.0,909347.0,2123416.0,88463.0,2034953.0,1112518.0,4210495.0,1971118.0,2239377.0,5022134.0,4907634.0,1578902.0,1237638.0,1047819.0,38594.0,298973.0,705709.0,114500.0,-2020638.0,3254258.0,22946112.0,22001817.0,21123787.0,585942.0,292088.0,150262.0,141826.0,944295.0,4.1,16638624.0,18027551.0,67059.0,52685.0,342178.0,0.4,0.6,0.1,7446429.0,3001496.0
2025-09-01,26292363.0,15809746.0,13017235.0,11069878.0,1947356.0,2792511.0,1880084.0,912427.0,2122658.0,80558.0,2042100.0,1110783.0,4233708.0,1975466.0,2258242.0,5042785.0,4921915.0,1572638.0,1248314.0,1059535.0,38195.0,302365.0,700868.0,120871.0,-2027317.0,3273147.0,23019216.0,22089504.0,21202446.0,596139.0,290918.0,149092.0,141826.0,929712.0,4.0,16651195.0,18037886.0,67253.0,52700.0,342277.0,0.3,0.4,0.1,7467149.0,3015468.0
2025-10-01,26328452.0,15863973.0,13062029.0,11128556.0,1933472.0,2801944.0,1886742.0,915202.0,2108006.0,61811.0,2046195.0,1111090.0,4223408.0,1978647.0,2244762.0,5055021.0,4951498.0,1579683.0,1258947.0,1072495.0,38919.0,305323.0,696130.0,103523.0,-2033045.0,3292865.0,23035587.0,22187499.0,21303041.0,594893.0,289565.0,149544.0,140021.0,848088.0,3.7,16636741.0,18014822.0,67283.0,52619.0,342366.0,0.1,0.4,-0.1,7442504.0,3021976.0
2025-11-01,26426124.0,15935568.0,13123381.0,11185607.0,1937774.0,2812187.0,1892694.0,919494.0,2106299.0,60577.0,2045721.0,1112117.0,4243961.0,1981906.0,2262054.0,5070136.0,4965957.0,1579768.0,1269535.0,1079311.0,38367.0,307973.0,691003.0,104179.0,-2041957.0,3313206.0,23112918.0,22267618.0,21383948.0,593646.0,290024.0,150003.0,140021.0,845299.0,3.7,16666194.0,18037300.0,67495.0,52673.0,342439.0,0.3,0.4,0.1,7462377.0,3028179.0
2025-12-01,26512337.0,15966525.0,13147660.0,11204622.0,1943037.0,2818866.0,1898184.0,920681.0,2122096.0,61821.0,2060275.0,1112616.0,4247885.0,1985237.0,2262647.0,5108579.0,4981354.0,1575169.0,1280078.0,1083375.0,37520.0,310102.0,695109.0,127225.0,-2045364.0,3323737.0,23188600.0,22357805.0,21474927.0,592400.0,290478.0,150456.0,140021.0,830795.0,3.6,16644206.0,18032153.0,67705.0,52649.0,342495.0,0.3,0.4,0.0,7482597.0,3063215.0
