Name,ContribP,ContribM
Earnings,1.055067189394192,2.5585973370213155
Property income,0.3199329999084221,1.5429726694048653
Retirement income,0.31113660980495056,0.2432799729833774
Social Security,0.14806914021820686,0.29803531358237273
