Name,ContribP,ContribM
Earnings,-1.3402477838395537,-1.0943919269167728
Unemployment compensation,0.8378922968916696,0.1019230523679443
Property income,0.009521776933591382,0.3118257960095275
Retirement income,-0.2743376174802424,-0.3591728666730232
