Name,ContribP,ContribM
Earnings,-0.7987159942072483,1.2039701553276587
Pension income,-0.10212767899430779,-0.486760630518811
Unemployment compensation,0.25933977456840585,0.09501872818774766
Retirement income,-0.18458187365601894,-0.316712208794205
Property income,0.2525741356918462,0.14605686207726323
Social Security,0.04390631142687259,-0.11406784668627921
