Name,ContribP,ContribM
Property Income,0.21849221598345084,-2.1658655069325388
Pension Income,-0.0682179314623084,-0.584710033834047
Retirement Income,-0.10961222084250043,-0.5167493503467344
Earnings,0.49800174513295337,-0.36692271792126585
Social Security,0.17419952921231308,-0.15040038177675594
Educational Assistance,-0.0827506538482565,0.012987306150610316
