name,SPM,OPM
Children,13.649897420940865,16.77380235884643
Elderly,13.50772984961951,9.74882275686428
Fully Employed,5.364347981635769,3.1089056089793243
Disabled,27.246292453526472,28.85077425546164
Carers,24.73291904972255,26.063815215815506
Student,29.041020072126827,26.01463291894434
All Other,14.725721282202384,13.656449009956786
Unemployed,21.77080126448046,20.970620675547913
Early Retired,23.141311077430025,20.329840139459478
