name,SPM,OPM,SPM_MI
Children,12.406551263601944,14.307068083145897,22.143021444428673
Elderly,12.751230557018872,8.890740564872399,45.37273722244157
Fully Employed,4.857503780159419,2.780688868848638,7.534516770555709
Disabled,23.521702248934375,24.229192408356244,47.77172098266598
Carers,21.369661393664064,22.580327749202418,28.030288084473753
Student,22.411029210969893,18.548014341244667,26.492265880742575
Unemployed,20.88757817238777,18.172532243470314,28.570644201572847
Early Retired,19.312494150761474,16.70358116375659,36.86589925484849
All Other,16.97716551721707,13.751578474025614,20.832978335662098
