name,SPM,OPM,SPM_MI
Children,13.420791688811196,16.77380235884643,22.90957378659952
Elderly,13.506284002397686,9.74882275686428,47.85839835500077
Fully Employed,5.346813485065039,3.1089056089793243,7.017219557625099
Disabled,27.27264140937113,28.85077425546164,51.28250187785024
Carers,24.596070704458118,26.063815215815506,32.19097913924409
Student,29.753568249037006,26.01463291894434,34.347293936515236
All Other,14.977138975801251,13.656449009956786,20.011886891215784
Unemployed,21.93662898515639,20.970620675547913,28.74477364529379
Early Retired,23.0433979418863,20.329840139459478,43.53248716825142
