name,0
Children,16.77380235884643
Disabled,28.85077425546164
Elderly,9.74882275686428
Fully Employed,3.1089056089793243
Carers,26.063815215815506
Student,26.01463291894434
All Other,13.656449009956786
Unemployed,20.970620675547913
Early Retired,20.329840139459478
