name,SPM,OPM,SPM_MI
Children,12.406551263601944,14.307068083145897,21.362962181538595
Elderly,12.751230557018872,8.890740564872399,45.23694930224343
Fully Employed,4.857503780159419,2.780688868848638,6.5158548275085995
Disabled,24.778608539499803,25.60176134647253,49.07223401525066
Carers,23.038690261815802,24.12152172218752,29.04567046601122
All Other,14.420947794889663,12.14417879699937,18.706117070020706
Unemployed,21.470896640859234,19.30263806222662,28.685593163917545
Students,26.909602911686243,22.49936396928677,30.6478802450816
Early Retired,21.266732949563682,18.586422854824068,40.672384460117506
