name,0
Children,13.649897420940865
Elderly,13.50772984961951
Fully Employed,5.364347981635769
Disabled,27.246292453526472
Carers,24.73291904972255
Student,29.041020072126827
All Other,14.725721282202384
Unemployed,21.77080126448046
Early Retired,23.141311077430025
