name,SPM,OPM,SPM_MI
Elderly,10.63817286013992,10.329290425432582,47.04488956706109
Disabled,18.855386072509138,28.329684768492992,49.72924642667241
Children,5.193788374534936,15.175045750229563,21.96494127511138
Fully Employed,2.3856371094099122,2.478398887129684,6.048412128321483
Unemployed,15.761888626006487,19.833284239787734,31.302691614009927
Carers,15.500522855031429,26.95761246313587,32.12987093304978
All Other,10.583062369429737,14.809150984038583,20.958566915436382
Students,21.877451885957388,24.79200402224988,32.53945764129799
Early Retired,18.264163654162168,18.229746115935434,43.006549179121
