name,SPM,OPM,SPM_MI
Children,21.28312478436652,28.436267812406374,18.864465924896017
Elderly,21.035335173654197,15.551043602030598,37.92492023363103
Fully \\ Employed,13.597777259775457,8.72399931298665,9.479888218364211
Disabled,13.448877136714547,15.645546054491883,12.830883426445478
Carers,7.674566337652874,9.07318900474117,5.10376468999384
All Other,7.237010448594846,6.874162310499822,4.629342393807235
Students,5.870783773963229,6.011762665369261,3.449081245154058
Unemployed,5.524387044067509,5.6644125258848765,3.6065543834577776
Early \\ Retired,4.328138041210821,4.019616711589364,4.111099484250358
