name,SPM,OPM,SPM_MI
Children,23.55247537333596,30.79587481605169,21.062952430147412
Elderly,19.033379371574828,14.29502199829231,33.93561060503835
Fully Employed,15.779747070419884,10.050124454882422,12.264198657162776
Disabled,13.183932084046535,15.31731901587588,13.416646536568939
Carers,8.629065865581854,10.026421534577551,5.671404021536057
Student,8.063139585680482,8.087706603093354,4.775934520607044
Unemployed,5.73876233108896,5.819193699130503,3.9332093764388834
Early Retired,3.626287865511798,3.407859112639232,3.468531362213504
All Other,2.3932104527597,2.200478765457062,1.4715124902870338
