name,SPM,OPM,SPM_MI
Children,23.93501396529939,32.02200357749265,21.56739219557872
Elderly,17.85997852003685,13.31339984960091,33.406293433314296
Fully Employed,15.942622221244857,9.827650657185368,11.044723860419158
Disabled,13.713974907958573,15.609597475446888,13.612266072644816
Carers,7.432734267077396,8.254535027083225,5.13501996816319
Student,6.2519774236689685,6.206496519601529,3.8097453501930034
All Other,5.947822544029579,5.878307543490837,4.195099433981864
Unemployed,5.43861860694836,5.699013552035299,3.7618604749561246
Early Retired,3.4772575437360245,3.188995798063298,3.4675992107488227
