name,MARSUPWT
Children,24.387633153243822
Elderly,17.26404077742818
Fully Employed,15.870200080858751
Disabled,13.796373115184329
Carers,7.33083236585729
Student,6.484312948894718
All Other,5.9321807928731864
Unemployed,5.537147648796519
Early Retired,3.397279116863208
