name,SPM,OPM,SPM_MI
Elderly,24.247950629656597,15.300704857462152,35.02564091961745
Disabled,15.935321756434256,16.536748974141098,13.727862712213703
Children,14.710379674216881,29.388753888734687,20.32054351775019
Fully Employed,11.164948413272965,7.779601126950578,9.246116389367359
Unemployed,7.97280670868871,6.949602961549388,5.1719022127414345
Carers,7.340135302894381,8.532235116006165,4.969724798100627
All Other,7.1588459710990415,6.867585199829381,4.6308305283094775
Students,6.75683217578643,5.516754339796159,3.282633113700499
Early Retired,4.712779367950741,3.1280135355303904,3.624745808199255
