name,SPM,OPM,SPM_MI
Children,23.55247537333596,30.79587481605169,20.978265382587086
Elderly,19.033379371574828,14.29502199829231,34.92848383233099
Fully Employed,15.779747070419884,10.050124454882422,10.949162709847755
Disabled,13.08168285277034,15.28984794776187,13.401245111344442
Carers,7.057939891493192,8.125534119054915,4.602822152806385
All Other,6.389996459253878,6.173831409781387,4.287588330990655
Unemployed,5.899181462463813,6.160021047132036,4.076880937840766
Students,5.826354836847061,5.899021683009406,3.432517046930232
Early Retired,3.379242681841043,3.2107225240339674,3.3430344953216915
