name,MARSUPWT
Children,32.02200357749265
Disabled,15.609597475446888
Elderly,13.31339984960091
Fully Employed,9.827650657185368
Carers,8.254535027083225
Student,6.206496519601529
All Other,5.878307543490837
Unemployed,5.699013552035299
Early Retired,3.188995798063298
