name,SPM,OPM
Children,24.387633153243822,32.02200357749265
Elderly,17.26404077742818,13.31339984960091
Fully Employed,15.870200080858751,9.827650657185368
Disabled,13.796373115184329,15.609597475446888
Carers,7.33083236585729,8.254535027083225
Student,6.484312948894718,6.206496519601529
All Other,5.9321807928731864,5.878307543490837
Unemployed,5.537147648796519,5.699013552035299
Early Retired,3.397279116863208,3.188995798063298
