name,SPM,OPM,SPM_MI
Children,12.157407712445737,14.874180782389153,20.68821555451609
Elderly,14.163134997896668,10.18825469818129,49.02386666377863
Fully \\ Employed,4.494374377474054,2.6943631272583697,6.015579456724137
Disabled,25.816544957164123,27.05469819181107,47.28698029122133
Carers,25.885475354111236,28.759365758351148,33.04957440701784
All Other,16.961664529462098,14.659157888011295,20.830586641548976
Students,29.728677883928473,25.912144067730658,33.53172245095421
Unemployed,22.80297498794045,20.934023418440844,28.580697687385182
Early \\ Retired,25.817955016350098,22.682326559564498,47.08164740381836
