name,SPM,OPM,SPM_MI
Children,23.067287518923045,31.162115526469268,20.81179967595606
Elderly,18.37456825258086,13.4242149590376,33.52119984202506
Disabled,13.98773002709349,15.310101478220245,12.936881726182095
Unemployed,9.64793347105303,8.848502460667465,7.942697114266682
Fully Employed,8.580538981635643,6.353140920671728,7.430564533366589
Carers,8.014144132013122,8.617339598333217,5.110800176877158
All Other,8.010152157249314,7.365297509567724,5.54931231228554
Students,6.387470978987535,5.536543262120632,3.2922167711277703
Early Retired,3.930174480463965,3.3827442849121163,3.4045278479130454
