name,SPM,OPM,SPM_MI
Children,9.568297970521487,15.94834642717371,24.012857377992965
Elderly,9.459942007829437,8.95490529019477,48.005050170065175
Disabled,20.147452580383575,27.321568339396357,51.8320696306697
Unemployed,13.362611278813638,15.057673782521269,30.599975466849326
Fully Employed,2.3706219041162377,2.212625819810891,5.710387454358924
Carers,19.74705186482036,26.994766329672952,35.02918726539023
All Other,11.584152994941844,13.119255225073212,22.323317089751203
Students,23.25131328106191,23.65835314012723,33.33519597698454
Early Retired,17.956292583911647,19.81294757516042,43.26709874700087
