name,value
White,1361.8055
Black,211.59647
Hispanic,227.54405
Other,844.13184
