date,Materials,Communication \\[-1ex] Services,Energy,Financials,Industrials,Information \\[-1ex] Technology,Consumer \\[-1ex] Staples,Real Estate,Utilities,Health Care,Consumer \\[-1ex] Discretionary,\textbf{S\&P 500}
2023-01-03,36.42536163330078,46.91241455078125,37.877681732177734,32.53663635253906,93.72893524169922,60.233367919921875,68.11911010742188,33.19807052612305,31.921184539794922,128.35768127441406,62.45234298706055,3824.139892578125
2023-01-04,37.059051513671875,47.7906379699707,37.873191833496094,33.05805206298828,94.5574722290039,60.38974380493164,68.38509368896484,33.95927810668945,32.21097183227539,128.69883728027344,63.357086181640625,3852.969970703125
2023-01-05,36.4723014831543,47.85818862915039,38.5643196105957,32.81156921386719,93.53845977783203,59.21692657470703,67.69721984863281,32.96522521972656,31.5136775970459,127.38169860839844,62.768516540527344,3808.10009765625
2023-01-06,37.725589752197266,48.6399040222168,39.295841217041016,33.54155349731445,96.10025787353516,60.95170974731445,69.50405883789062,33.9234619140625,32.1475830078125,128.5567169189453,64.24239349365234,3895.080078125
2023-01-09,37.96498107910156,48.71711730957031,39.15672302246094,33.41830825805664,95.67169189453125,61.660274505615234,68.82534790039062,33.90555191040039,32.36491394042969,126.40570831298828,64.63153839111328,3892.090087890625
2023-01-10,38.345191955566406,49.4505729675293,39.43497848510742,33.6079216003418,96.19549560546875,62.04143524169922,68.73363494873047,34.004066467285156,32.37396240234375,127.46697998046875,65.4438705444336,3919.25
2023-01-11,38.94602966308594,49.807655334472656,39.55614471435547,33.920772552490234,97.11925506591797,63.11651611328125,68.77031707763672,35.239925384521484,32.63658142089844,128.1871337890625,67.20958709716797,3969.610107421875
2023-01-12,39.0915412902832,50.35774612426758,40.31010437011719,33.98713302612305,97.6906509399414,63.585628509521484,68.22917938232422,35.63396072387695,32.414710998535156,127.77965545654297,67.32147979736328,3983.169921875
2023-01-13,39.33094024658203,50.52180480957031,40.36844253540039,34.243106842041016,97.57637023925781,63.76643753051758,68.5501937866211,35.42798614501953,32.297000885009766,128.3482208251953,67.95381927490234,3999.090087890625
2023-01-17,38.9366340637207,50.04891586303711,40.453712463378906,34.01557922363281,96.74784851074219,64.05475616455078,68.59605407714844,35.43694305419922,32.25171661376953,127.7512435913086,68.00247192382812,3990.969970703125
2023-01-18,38.387447357177734,49.440921783447266,39.713218688964844,33.38038635253906,94.92888641357422,63.228904724121094,66.72501373291016,34.890655517578125,31.477462768554688,125.95086669921875,67.1171875,3928.860107421875
2023-01-19,38.09172439575195,49.69184494018555,40.20687484741211,32.9916877746582,92.97657775878906,62.49100875854492,66.09214782714844,34.72050857543945,31.16050910949707,126.25407409667969,66.00326538085938,3898.85009765625
2023-01-20,38.85684585571289,51.2456169128418,40.60630798339844,33.51311492919922,94.27175903320312,64.18180847167969,66.60576629638672,35.12350082397461,31.346149444580078,126.88896179199219,67.6036148071289,3972.610107421875
2023-01-23,38.98358154296875,52.14313507080078,40.66016387939453,33.90180969238281,95.30028533935547,65.64292907714844,66.81672668457031,35.22201156616211,31.35521125793457,127.32485961914062,68.6591567993164,4019.81005859375
2023-01-24,39.007049560546875,51.99837112426758,40.50308609008789,33.920772552490234,95.9288330078125,65.61360931396484,67.09188079833984,35.3742561340332,31.5136775970459,126.48150634765625,68.58132934570312,4016.949951171875
2023-01-25,39.08683776855469,52.18173599243164,40.507568359375,34.18622589111328,95.3955307006836,65.4767837524414,67.25696563720703,35.410072326660156,31.088064193725586,126.51941680908203,68.93155670166016,4016.219970703125
2023-01-26,39.27461624145508,52.992401123046875,41.786617279052734,34.36634826660156,95.91930389404297,66.52253723144531,67.01850128173828,35.813072204589844,31.192201614379883,126.75631713867188,70.34217071533203,4060.429931640625
2023-01-27,39.14786911010742,53.35913848876953,40.94289016723633,34.36634826660156,96.31929779052734,66.80107879638672,66.82588958740234,36.13547134399414,31.192201614379883,125.89405059814453,71.93767547607422,4070.56005859375
2023-01-30,38.88031768798828,52.51951599121094,40.00492858886719,34.195701599121094,95.37647247314453,65.52565002441406,66.90843963623047,35.696651458740234,31.05183982849121,124.75695037841797,70.71185302734375,4017.77001953125
2023-01-31,39.73462677001953,53.156463623046875,40.35947036743164,34.66024398803711,96.99545288085938,66.43946075439453,67.63301086425781,36.35040283203125,31.282756805419922,126.3677978515625,72.33167266845703,4076.60009765625
2023-02-01,39.99747848510742,53.78377151489258,39.565120697021484,34.66024398803711,97.7001724243164,68.00320434570312,68.17415618896484,36.61907196044922,31.337099075317383,126.96478271484375,73.70339965820312,4119.2099609375
2023-02-02,39.87074661254883,57.315948486328125,38.66305923461914,34.75504684448242,98.46205139160156,69.86013793945312,67.587158203125,37.46088790893555,31.405012130737305,126.10247802734375,75.96041107177734,4179.759765625
2023-02-03,39.152565002441406,56.16750717163086,38.57778549194336,34.68868637084961,97.94779205322266,69.27864074707031,67.32118225097656,36.68175506591797,30.74848175048828,125.73295593261719,73.6207046508789,4136.47998046875
2023-02-06,38.72072219848633,55.4919548034668,38.40275573730469,34.679203033447266,97.70970153808594,68.43321990966797,67.40371704101562,36.44891357421875,31.01109504699707,125.03173065185547,73.51368713378906,4111.080078125
2023-02-07,39.24175262451172,56.524593353271484,39.65038299560547,35.07737350463867,98.01445007324219,70.14356994628906,67.119384765625,36.305625915527344,30.99750518798828,125.83717346191406,73.68392181396484,4164.0
2023-02-08,38.92724609375,54.748844146728516,39.295841217041016,34.868804931640625,97.46207427978516,69.29815673828125,66.60576629638672,36.20711135864258,30.476802825927734,125.46763610839844,73.05645751953125,4117.85986328125
2023-02-09,38.363975524902344,53.552154541015625,38.95924758911133,34.48011779785156,96.5859375,68.91700744628906,66.3122787475586,35.857852935791016,30.06024742126465,124.36842346191406,72.92024230957031,4081.5
2023-02-10,38.504783630371094,53.0406494140625,40.485137939453125,34.5938835144043,97.27163696289062,68.59937286376953,66.92678833007812,35.92949676513672,30.65791893005371,125.54341888427734,72.06414031982422,4090.4599609375
2023-02-13,38.70663833618164,53.793418884277344,40.38191604614258,34.99205780029297,98.15728759765625,69.7868423461914,67.68804931640625,36.26084899902344,30.84356117248535,126.5857162475586,73.11968994140625,4137.2900390625
2023-02-14,38.79581832885742,53.812713623046875,40.3953742980957,34.802452087402344,97.89064025878906,70.08493041992188,67.07353210449219,35.88471603393555,30.712257385253906,125.83717346191406,73.99524688720703,4136.1298828125
2023-02-15,38.964813232421875,54.30491256713867,39.7087287902832,34.84037399291992,98.5001449584961,70.4123306274414,67.2019271850586,35.98323059082031,30.911474227905273,125.21175384521484,74.861083984375,4147.60009765625
2023-02-16,38.5235710144043,53.474945068359375,39.31828308105469,34.48959732055664,97.48113250732422,69.19066619873047,66.71583557128906,35.65187454223633,30.67603302001953,123.96096801757812,73.22667694091797,4090.409912109375
2023-02-17,38.162139892578125,53.41704177856445,37.918067932128906,34.49907302856445,98.11919403076172,68.32571411132812,67.5779800415039,35.4727668762207,31.006567001342773,125.06964111328125,73.24130249023438,4079.090087890625
2023-02-21,37.533138275146484,52.23964309692383,37.72957992553711,33.788047790527344,95.8716812133789,66.70333862304688,67.32118225097656,34.77423858642578,30.426998138427734,123.44927978515625,70.79456329345703,3997.340087890625
2023-02-22,37.81477737426758,52.34580612182617,37.47825241088867,33.750125885009766,95.63361358642578,66.60560607910156,67.22027587890625,34.46078872680664,30.309276580810547,123.0323486328125,71.15451049804688,3991.050048828125
2023-02-23,37.85702896118164,52.104530334472656,38.043724060058594,33.778568267822266,96.08121490478516,67.70999908447266,67.13772583007812,34.79214096069336,30.15079689025879,123.36400604248047,71.09615325927734,4012.320068359375
2023-02-24,38.110496520996094,51.38072967529297,37.99435806274414,33.807010650634766,95.52883911132812,66.50297546386719,66.68830871582031,34.14734649658203,30.15985679626465,121.7720947265625,69.97737121582031,3970.0400390625
2023-02-27,38.237239837646484,51.5447883605957,38.10655975341797,33.797523498535156,96.37643432617188,66.85971069335938,66.61494445800781,34.20108413696289,29.956111907958984,121.40254211425781,70.84320831298828,3982.239990234375
2023-02-28,38.41091537475586,51.631649017333984,37.55903625488281,33.8638916015625,96.15739440917969,66.71312713623047,66.06464385986328,34.2189826965332,29.430877685546875,120.50235748291016,70.79456329345703,3970.14990234375
2023-03-01,38.71133041381836,51.2359619140625,38.299530029296875,33.750125885009766,96.53832244873047,66.22444152832031,65.5785140991211,33.69061279296875,28.9464054107666,120.3033676147461,69.90441131591797,3951.389892578125
2023-03-02,39.152565002441406,51.718502044677734,38.63612365722656,33.588958740234375,97.6716079711914,67.04051208496094,66.47735595703125,34.12943649291992,29.4942684173584,121.0424575805664,69.6709213256836,3981.35009765625
2023-03-03,39.711151123046875,52.84764099121094,39.16121292114258,34.11986541748047,98.72869873046875,68.48208618164062,66.53239440917969,34.70259475708008,29.996856689453125,122.39749145507812,71.16910552978516,4045.639892578125
2023-03-06,39.06807327270508,52.84764099121094,39.179168701171875,34.14830017089844,98.54777526855469,68.80950927734375,66.7066650390625,34.56825256347656,30.141748428344727,122.34063720703125,70.64862823486328,4048.419921875
2023-03-07,38.298255920410156,52.30720520019531,38.49700164794922,33.266624450683594,97.28115844726562,67.95431518554688,66.04629516601562,33.69957733154297,29.648216247558594,120.36968994140625,69.68551635742188,3986.3701171875
2023-03-08,38.48601531982422,52.336151123046875,38.10206985473633,33.14338302612305,97.50971984863281,68.51631164550781,66.1563491821289,34.174224853515625,29.874610900878906,119.72534942626953,69.55904388427734,3992.010009765625
2023-03-09,37.49557876586914,51.15876007080078,37.56352233886719,31.797170639038086,96.0716781616211,67.53407287597656,65.5418472290039,33.395084381103516,29.63463020324707,118.512451171875,67.90032196044922,3918.320068359375
2023-03-10,36.69761657714844,50.43494415283203,37.08332443237305,31.2188663482666,94.28128814697266,66.34662628173828,65.22081756591797,32.329376220703125,29.168264389038086,117.64070129394531,67.22418975830078,3861.590087890625
2023-03-13,36.322078704833984,50.43494415283203,36.32935333251953,29.986413955688477,93.74798583984375,66.7082290649414,65.5510025024414,32.84880065917969,29.61652183532715,118.7398910522461,67.36524200439453,3855.760009765625
2023-03-14,36.78678894042969,51.8632698059082,36.688385009765625,30.593162536621094,94.7384262084961,68.24754333496094,66.14717102050781,33.18910217285156,30.00591468811035,119.80113983154297,68.50835418701172,3919.2900390625
2023-03-15,35.59452438354492,52.42300796508789,34.71821212768555,29.777849197387695,92.40518188476562,68.28663635253906,66.5782470703125,33.20701599121094,30.413415908813477,119.69691467285156,68.40621948242188,3891.929931640625
2023-03-16,36.002891540527344,53.60040283203125,35.09518814086914,30.346670150756836,93.59559631347656,70.20221710205078,66.62409973144531,33.20701599121094,30.61717414855957,120.8150634765625,69.6417236328125,3960.280029296875
2023-03-17,35.444305419921875,53.088905334472656,34.543182373046875,29.37019157409668,92.06234741210938,70.1044692993164,66.13800048828125,32.445804595947266,30.32286262512207,119.26103210449219,68.75157165527344,3916.639892578125
2023-03-20,36.17363357543945,53.48568344116211,35.23472595214844,29.696983337402344,93.28155517578125,70.29351043701172,67.05500030517578,32.79395294189453,30.560041427612305,120.77259826660156,69.04920196533203,3951.570068359375
2023-03-21,36.61206817626953,54.62758255004883,36.45457077026367,30.449647903442383,94.36210632324219,70.86161804199219,66.99969482421875,32.60453796386719,29.944278717041016,121.50507354736328,70.95692443847656,4002.8701171875
2023-03-22,35.961483001708984,53.66954040527344,35.67913055419922,29.744619369506836,92.55481719970703,70.15637969970703,66.38224029541016,31.413997650146484,29.35589027404785,119.66912841796875,69.3760986328125,3936.969970703125
2023-03-23,35.91905212402344,54.54048538208008,35.18484878540039,29.5445499420166,92.28705596923828,71.29751586914062,66.12419128417969,31.22459602355957,29.054845809936523,119.4408187866211,69.30290222167969,3948.719970703125
2023-03-24,36.21135330200195,54.82112503051758,35.320884704589844,29.52549171447754,92.6695785522461,71.4836196899414,67.24850463867188,32.02730178833008,29.962528228759766,121.09603881835938,69.07846069335938,3970.989990234375
2023-03-27,36.48006820678711,54.51145553588867,36.07365036010742,29.935171127319336,93.4441146850586,70.93017578125,67.6079330444336,31.91907501220703,29.999019622802734,121.5906753540039,69.21997833251953,3977.530029296875
2023-03-28,36.65449905395508,54.06629943847656,36.63142395019531,29.925642013549805,93.92223358154297,70.59715270996094,67.72775268554688,31.810850143432617,30.081117630004883,120.85822296142578,69.13700866699219,3971.27001953125
2023-03-29,37.16366195678711,54.782413482666016,37.13930892944336,30.363903045654297,95.2896728515625,72.07618713378906,68.1056137084961,32.56846618652344,30.518997192382812,121.191162109375,70.44949340820312,4027.81005859375
2023-03-30,37.418243408203125,55.043701171875,37.30255889892578,30.297210693359375,95.49048614501953,72.91366577148438,68.29913330078125,32.99237060546875,30.651264190673828,121.8475341796875,71.06426239013672,4050.830078125
2023-03-31,38.026397705078125,56.0985107421875,37.56104278564453,30.63066864013672,96.75271606445312,73.95681762695312,68.85208129882812,33.71390151977539,30.874765396118164,123.15074920654297,72.96224212646484,4109.31005859375
2023-04-03,38.26681900024414,56.33076095581055,39.26155090332031,30.687835693359375,96.92484283447266,73.83928680419922,69.21149444580078,33.39822769165039,30.664949417114258,124.53009796142578,72.29379272460938,4124.509765625
2023-04-04,37.715248107910156,56.504947662353516,38.54961013793945,30.402013778686523,94.7541732788086,73.43280792236328,69.07327270507812,33.40725326538086,30.820032119750977,124.54911041259766,72.17671203613281,4100.60009765625
2023-04-05,37.6303825378418,56.321083068847656,39.13004684448242,30.363903045654297,93.52062225341797,72.59532928466797,69.39582824707031,33.23588562011719,31.618240356445312,126.69896697998047,70.69832611083984,4090.3798828125
2023-04-06,37.540809631347656,57.02751922607422,38.53599548339844,30.478233337402344,93.49192810058594,73.00672912597656,69.45113372802734,33.46136474609375,31.84174156188965,127.01287841796875,70.71296691894531,4105.02001953125
2023-04-10,37.71996307373047,56.901710510253906,38.8443603515625,30.544925689697266,94.3429946899414,72.96754455566406,69.45113372802734,33.63273239135742,31.777883529663086,126.92727661132812,71.0252456665039,4109.10986328125
2023-04-11,38.012245178222656,56.75656509399414,39.211673736572266,30.811691284179688,94.90715789794922,72.28189086914062,69.65388488769531,33.795074462890625,31.80525016784668,127.3553695678711,71.13745880126953,4108.93994140625
2023-04-12,38.04054260253906,56.16625213623047,39.2388801574707,30.74500274658203,95.22271728515625,71.87049102783203,69.34053039550781,33.69587326049805,31.773319244384766,127.39339447021484,70.03477478027344,4091.949951171875
2023-04-13,38.43183135986328,57.33718490600586,39.483760833740234,31.021297454833984,95.5765380859375,73.20752716064453,69.72761535644531,33.58763885498047,31.777883529663086,129.04859924316406,71.58145141601562,4146.22021484375
2023-04-14,38.1536865234375,57.31783676147461,39.55632019042969,31.326171875,95.4617919921875,72.80101013183594,69.28524017333984,33.01040267944336,31.422107696533203,128.01173400878906,71.67415618896484,4137.64013671875
2023-04-17,38.37526321411133,56.988807678222656,39.0892333984375,31.688215255737305,96.21720886230469,73.06548309326172,69.72761535644531,33.75900650024414,31.59543800354004,127.90708923339844,72.18158721923828,4151.31982421875
2023-04-18,38.535545349121094,56.69849395751953,39.24341583251953,31.783485412597656,96.67623138427734,73.29076385498047,69.93956756591797,33.70488739013672,31.431236267089844,127.03192138671875,72.29867553710938,4154.8701171875
2023-04-19,38.4271125793457,56.272705078125,39.10736846923828,31.859710693359375,96.59972381591797,73.08019256591797,69.89348602294922,33.9033088684082,31.672983169555664,127.42192077636719,72.23036193847656,4154.52001953125
2023-04-20,38.38468551635742,55.69206619262695,38.76274108886719,31.764434814453125,96.4275894165039,72.60022735595703,70.05937957763672,33.49744415283203,31.663850784301758,126.89871978759766,71.11792755126953,4129.7900390625
2023-04-21,38.04524612426758,55.82754898071289,38.53599548339844,31.650108337402344,96.20765686035156,72.36514282226562,70.56624603271484,33.533531188964844,31.755075454711914,127.75487518310547,71.9034652709961,4133.52001953125
2023-04-24,38.30454635620117,55.769493103027344,39.125511169433594,31.57388687133789,96.4371566772461,72.04680633544922,70.85193634033203,33.44332504272461,31.914718627929688,128.4683380126953,71.89373016357422,4137.0400390625
2023-04-25,37.47480392456055,54.89854049682617,38.39088821411133,31.030826568603516,94.65853881835938,70.50900268554688,70.7597885131836,33.13666915893555,31.882795333862305,127.09850311279297,70.4690170288086,4071.6298828125
2023-04-26,37.03165817260742,54.31791305541992,37.87846374511719,30.735469818115234,92.87036895751953,71.55707550048828,70.20682525634766,32.8661003112793,31.134750366210938,125.29110717773438,70.10795593261719,4055.989990234375
2023-04-27,37.53609848022461,57.47266387939453,38.01451110839844,31.23090171813965,94.70635986328125,73.07528686523438,70.99018859863281,33.6597900390625,31.508769989013672,125.94747161865234,71.9571304321289,4135.35009765625
2023-04-28,37.97453689575195,57.96620559692383,38.60401916503906,31.602468490600586,95.62435913085938,73.8686752319336,71.36803436279297,34.0476188659668,31.463167190551758,127.02240753173828,72.14253997802734,4169.47998046875
2023-05-01,37.955684661865234,57.95652389526367,38.16868209838867,31.516727447509766,96.14073181152344,73.91277313232422,71.42333221435547,33.731937408447266,31.517898559570312,127.67877960205078,71.43021392822266,4167.8701171875
2023-05-02,37.58795166015625,56.88235855102539,36.50897979736328,30.802167892456055,95.13666534423828,73.22220611572266,71.22978973388672,33.15471649169922,31.134750366210938,127.12703704833984,71.50337982177734,4119.580078125
2023-05-03,37.17308807373047,56.659786224365234,35.819705963134766,30.449647903442383,94.7733154296875,72.6051254272461,70.6491928100586,32.947265625,31.048093795776367,126.95580291748047,70.93741607666016,4090.75
2023-05-04,36.93265151977539,55.75012969970703,35.42064666748047,30.05902862548828,93.74055480957031,72.25740814208984,70.47409057617188,33.25392150878906,31.285274505615234,125.94747161865234,70.39094543457031,4061.219970703125
2023-05-05,37.554954528808594,56.44689178466797,36.38200759887695,30.802167892456055,95.15579223632812,74.06947326660156,71.12843322753906,33.768028259277344,31.48597526550293,127.07947540283203,71.8156509399414,4136.25
2023-05-08,37.432373046875,57.0178337097168,36.38200759887695,30.849803924560547,94.81153869628906,74.0302963256836,70.91645050048828,33.533531188964844,31.390182495117188,126.80359649658203,72.05961608886719,4138.1201171875
2023-05-09,37.09294128417969,56.659786224365234,36.3956184387207,30.735469818115234,95.02193450927734,73.46218872070312,70.69528198242188,33.42528533935547,31.349132537841797,125.95700073242188,72.04007720947266,4119.169921875
2023-05-10,37.116512298583984,57.16299819946289,35.98295593261719,30.56397819519043,94.67767333984375,74.3584213256836,70.5846939086914,33.740966796875,31.63648796081543,126.30896759033203,72.40602111816406,4137.64013671875
2023-05-11,36.753501892089844,57.73395538330078,35.552154541015625,30.516342163085938,94.10392761230469,74.02539825439453,70.79664611816406,33.38920974731445,31.312637329101562,125.91890716552734,72.74269104003906,4130.6201171875
2023-05-12,36.81950759887695,57.78232955932617,35.60657501220703,30.392484664916992,94.1708755493164,73.92743682861328,71.07312774658203,33.452354431152344,31.48597526550293,125.74771118164062,72.1279296875,4124.080078125
2023-05-15,37.13065719604492,58.05329895019531,35.7879638671875,30.64019775390625,94.6298599243164,74.53961944580078,70.89804077148438,33.38920974731445,31.089141845703125,125.52894592285156,72.22062683105469,4136.27978515625
2023-05-16,36.51778793334961,57.985557556152344,34.908226013183594,30.35437774658203,93.34849548339844,74.61799621582031,70.29900360107422,32.496307373046875,30.400400161743164,124.4825210571289,71.92786407470703,4109.89990234375
2023-05-17,36.758216857910156,58.69198989868164,35.57936477661133,30.964134216308594,94.9549789428711,75.61217498779297,70.26213073730469,32.92021942138672,30.290935516357422,124.63471984863281,73.42576599121094,4158.77001953125
2023-05-18,36.97507858276367,59.74679946899414,35.83784866333008,31.192794799804688,95.64347076416016,77.15978240966797,69.921142578125,32.7127685546875,30.199708938598633,124.3303451538086,74.56746673583984,4198.0498046875
2023-05-19,37.069366455078125,59.427452087402344,36.11445617675781,31.059406280517578,95.41397094726562,77.1255111694336,69.96721649169922,32.65865707397461,30.154098510742188,124.91060638427734,73.94293975830078,4191.97998046875
2023-05-22,36.87607955932617,59.969383239746094,35.96481704711914,31.11656951904297,95.39485168457031,77.2724380493164,68.90739440917969,32.8751220703125,30.16321563720703,125.03424835205078,73.713623046875,4192.6298828125
2023-05-23,36.30564498901367,59.224239349365234,36.35027313232422,30.7545223236084,94.24736022949219,76.13131713867188,68.4005126953125,32.4692497253418,30.058313369750977,123.66444396972656,73.0403060913086,4145.580078125
2023-05-24,35.89077377319336,58.95327377319336,36.50897979736328,30.35437774658203,93.03292846679688,75.572998046875,67.9581527709961,31.75673484802246,29.862178802490234,122.81784057617188,72.77194213867188,4115.240234375
2023-05-25,35.76348114013672,58.95327377319336,35.86052703857422,30.344850540161133,93.33892822265625,78.47232055664062,67.44205474853516,31.828882217407227,29.460790634155273,121.5621337890625,72.4450454711914,4151.27978515625
2023-05-26,35.942623138427734,60.153236389160156,35.719940185546875,30.592561721801758,94.03697967529297,80.70066833496094,67.67245483398438,32.19868087768555,29.460790634155273,121.31481170654297,74.1478500366211,4205.4501953125
2023-05-30,35.749332427978516,60.2500114440918,35.35263442993164,30.583032608032227,93.8935546875,81.13162994384766,66.8983154296875,32.297889709472656,29.34676170349121,120.5633316040039,74.6455307006836,4205.52001953125
2023-05-31,35.36747360229492,60.23066329956055,34.73136901855469,30.25910186767578,92.61219024658203,80.45580291748047,66.9720458984375,32.50532913208008,29.615875244140625,121.6001968383789,73.97221374511719,4179.830078125
2023-06-01,35.83891296386719,61.043548583984375,35.162174224853516,30.583032608032227,93.79791259765625,81.27367401123047,66.91676330566406,32.514347076416016,29.39693832397461,122.39926147460938,74.8455810546875,4221.02001953125
2023-06-02,37.04108810424805,61.1209602355957,36.23236846923828,31.249956130981445,96.52322387695312,81.73892974853516,67.83834075927734,33.19981384277344,29.702537536621094,123.96884155273438,76.60205078125,4282.3701171875
2023-06-05,37.01279830932617,61.27579116821289,35.992027282714844,31.08798599243164,95.8538589477539,81.2687759399414,67.58952331542969,33.046485900878906,29.843935012817383,124.41593933105469,76.83137512207031,4273.7900390625
2023-06-06,37.24851608276367,61.52739715576172,36.28224563598633,31.47861099243164,96.45628356933594,81.24917602539062,67.24850463867188,33.24490737915039,29.821128845214844,123.37905883789062,77.63156127929688,4283.85009765625
2023-06-07,37.69166946411133,60.8403205871582,37.24360275268555,31.602468490600586,98.0053939819336,80.03459167480469,67.02735137939453,33.858219146728516,30.327421188354492,122.8939208984375,77.10459899902344,4267.52001953125
2023-06-08,37.554954528808594,61.149993896484375,37.08488845825195,31.57388687133789,98.17753601074219,80.90144348144531,67.4881362915039,33.65077590942383,30.459692001342773,123.68347930908203,78.24629974365234,4293.93017578125
2023-06-09,37.24380111694336,61.16934585571289,36.88083267211914,31.583412170410156,97.9193344116211,81.30306243896484,67.3775405883789,33.47940444946289,30.281810760498047,124.06398010253906,78.65128326416016,4298.85986328125
2023-06-12,37.41352462768555,61.89512634277344,36.52712631225586,31.57388687133789,98.61738586425781,83.07103729248047,67.35910034179688,33.46136474609375,30.22707748413086,124.51107788085938,80.0027847290039,4338.93017578125
2023-06-13,38.280967712402344,62.098350524902344,36.69944381713867,31.764434814453125,99.764892578125,83.57546997070312,67.63558959960938,33.70488739013672,30.222517013549805,125.13890838623047,80.8322525024414,4369.009765625
2023-06-14,38.12068176269531,62.20479965209961,36.32306671142578,31.64057731628418,99.49713897705078,84.43744659423828,68.05030059814453,33.88526916503906,30.204267501831055,123.85467529296875,80.77369689941406,4372.58984375
2023-06-15,38.445980072021484,63.1918830871582,36.72211837768555,32.059791564941406,100.99844360351562,85.52468872070312,68.73228454589844,34.02958679199219,30.53267478942871,125.7762680053711,81.3006362915039,4425.83984375
2023-06-16,38.540260314941406,62.66930389404297,36.66769790649414,31.99309730529785,100.83586883544922,84.8194351196289,68.81522369384766,33.99350357055664,30.696884155273438,125.76673889160156,81.17866516113281,4409.58984375
2023-06-20,38.01866912841797,62.363975524902344,35.847007751464844,31.75384521484375,100.08702850341797,84.24623107910156,68.29175567626953,33.62835693359375,30.336868286132812,125.62538146972656,81.78683471679688,4388.7099609375
2023-06-21,38.141841888427734,61.74363327026367,36.13063049316406,31.715557098388672,100.64385986328125,82.9996566772461,68.53307342529297,33.48265838623047,30.58055305480957,125.64447784423828,80.80416870117188,4365.68994140625
2023-06-22,38.05183029174805,62.228275299072266,35.645721435546875,31.466737747192383,99.91421508789062,83.67692565917969,68.93216705322266,33.00914764404297,30.34606170654297,126.5041275024414,81.83573913574219,4381.89013671875
2023-06-23,37.74388122558594,62.09257888793945,35.38954544067383,31.332752227783203,99.15575408935547,82.76898956298828,68.47740936279297,32.654022216796875,29.900066375732422,126.0838623046875,80.88727569580078,4348.330078125
2023-06-26,38.13710021972656,61.47222900390625,36.02541732788086,31.265762329101562,99.98141479492188,82.1751480102539,68.57022094726562,33.38249206542969,30.194332122802734,125.36746215820312,79.850830078125,4328.81982421875
2023-06-27,38.67717742919922,62.50937271118164,36.107757568359375,31.514585494995117,101.18150329589844,83.79472351074219,68.77439880371094,33.74672317504883,30.203527450561523,125.08092498779297,81.56683349609375,4378.41015625
2023-06-28,38.4118766784668,62.790470123291016,36.473731994628906,31.43802261352539,101.18150329589844,83.84378814697266,68.3103256225586,33.837791442871094,29.757532119750977,124.67973327636719,81.88951110839844,4376.85986328125
2023-06-29,38.895111083984375,62.45121765136719,36.894596099853516,31.983524322509766,102.16075897216797,83.99102783203125,68.24534606933594,34.147396087646484,29.757532119750977,125.49163818359375,81.97749328613281,4396.43994140625
2023-06-30,39.259891510009766,63.08125305175781,37.13247299194336,32.26105499267578,103.03443145751953,85.32594299316406,68.83937072753906,34.32040786743164,30.08858299255371,126.78114318847656,83.01885223388672,4450.3798828125
2023-07-03,39.4067497253418,63.29450225830078,37.21940231323242,32.44289016723633,103.05364227294922,85.14434814453125,69.3776626586914,34.593589782714844,30.313875198364258,125.739990234375,84.02107238769531,4455.58984375
2023-07-05,38.435569763183594,63.77914810180664,37.013545989990234,32.375911712646484,102.49678802490234,84.61920928955078,69.25702667236328,34.7666015625,30.658720016479492,125.67314910888672,84.05530548095703,4446.81982421875
2023-07-06,38.15605545043945,63.27510452270508,36.180946350097656,32.09836196899414,101.7287368774414,84.3934555053711,69.08067321777344,34.57537841796875,30.286291122436523,124.67021179199219,82.7010726928711,4411.58984375
2023-07-07,38.487674713134766,63.05217361450195,36.958648681640625,32.14622116088867,101.95915985107422,84.0253677368164,68.18038940429688,34.411468505859375,30.065589904785156,123.21831512451172,82.80374145507812,4398.9501953125
2023-07-10,38.47819900512695,62.887393951416016,37.246849060058594,32.28976821899414,103.40886688232422,84.24623107910156,68.16182708740234,34.52983856201172,29.936845779418945,124.19261932373047,83.05796813964844,4409.52978515625
2023-07-11,38.85720443725586,63.98270034790039,38.06570816040039,32.672576904296875,104.62815856933594,84.42781829833984,68.26393127441406,34.92140197753906,30.30927848815918,124.22126007080078,83.75218963623047,4439.259765625
2023-07-12,39.36885070800781,64.75811004638672,38.417964935302734,32.883121490478516,104.44573211669922,85.38481140136719,68.42169952392578,35.08531188964844,30.75067710876465,123.8869400024414,84.50509643554688,4472.16015625
2023-07-13,39.67679214477539,65.70801544189453,38.27157211303711,32.99795913696289,104.58013153076172,86.49886322021484,68.70942687988281,35.32206726074219,30.856426239013672,123.93470764160156,85.29710388183594,4510.0400390625
2023-07-14,39.44466018676758,65.08768463134766,37.26057052612305,32.77784729003906,104.2729263305664,86.37126922607422,68.94144439697266,35.32206726074219,30.73687744140625,125.79730987548828,85.51709747314453,4505.419921875
2023-07-17,39.48255157470703,64.85504913330078,37.1873779296875,33.09366226196289,104.66654205322266,87.47551727294922,68.73725891113281,35.021568298339844,30.382848739624023,125.22418975830078,85.86421966552734,4522.7900390625
2023-07-18,39.79049301147461,65.3009262084961,37.5625,33.46689987182617,105.25218963623047,88.46687316894531,68.66300964355469,34.73017883300781,30.148351669311523,126.1507339477539,86.21621704101562,4554.97998046875
2023-07-19,39.577308654785156,65.4850845336914,37.78207778930664,33.610450744628906,105.20417785644531,88.24602508544922,69.35912322998047,35.11262512207031,30.456411361694336,126.73333740234375,86.51931762695312,4565.72021484375
2023-07-20,39.67205047607422,64.18623352050781,38.225826263427734,33.85927963256836,105.67462921142578,86.4841537475586,69.953125,34.99425506591797,31.01275062561035,128.83477783203125,83.57130432128906,4534.8701171875
2023-07-21,39.67679214477539,63.546504974365234,38.56435012817383,33.74442672729492,105.17538452148438,86.43997955322266,70.19442749023438,35.149044036865234,31.477136611938477,130.13385009765625,83.59085083007812,4536.33984375
2023-07-24,39.79997253417969,63.662818908691406,39.186500549316406,34.069820404052734,105.4154052734375,86.59212493896484,70.46358489990234,35.48596954345703,31.394380569458008,129.84725952148438,84.138427734375,4554.64013671875
2023-07-25,40.51533889770508,63.86637878417969,39.39236068725586,33.849708557128906,105.2809829711914,87.58348083496094,70.44503021240234,35.22189712524414,31.44955062866211,129.7899627685547,83.94287109375,4567.4599609375
2023-07-26,40.37794876098633,64.86474609375,39.40608215332031,34.05067825317383,106.0202407836914,86.40563201904297,70.52855682373047,35.34938430786133,31.44955062866211,129.70399475097656,83.92330169677734,4566.75
2023-07-27,40.117393493652344,65.40754699707031,39.154483795166016,33.62002182006836,105.10816955566406,86.15534210205078,69.90670776367188,34.602691650390625,30.893207550048828,128.7488250732422,83.05308532714844,4537.41015625
2023-07-28,40.39690017700195,66.69670104980469,39.27342224121094,33.687015533447266,105.76102447509766,87.32828521728516,70.63064575195312,34.50252914428711,30.82423973083496,129.13087463378906,84.4610824584961,4582.22998046875
2023-07-31,40.61009216308594,66.67731475830078,40.01908493041992,33.81142807006836,106.01065063476562,87.52949523925781,70.30580139160156,34.77570724487305,30.838037490844727,128.13748168945312,84.94020080566406,4588.9599609375
2023-08-01,40.430057525634766,66.5900650024414,39.83153533935547,33.81142807006836,106.32746124267578,87.67671966552734,69.9252700805664,34.71196746826172,30.461008071899414,127.46886444091797,83.97710418701172,4576.72998046875
2023-08-02,39.927886962890625,65.3396987915039,39.31001663208008,33.524322509765625,105.21377563476562,85.50751495361328,70.17587280273438,34.566261291503906,30.461008071899414,127.5548324584961,82.47129821777344,4513.39013671875
2023-08-03,39.6815299987793,65.1749038696289,39.7080192565918,33.54346466064453,104.55133819580078,85.1590576171875,69.98095703125,34.0927619934082,29.766727447509766,126.91487121582031,82.66685485839844,4501.89013671875
2023-08-04,39.59151840209961,65.0295181274414,39.762908935546875,33.40948486328125,103.91769409179688,84.00083923339844,69.28487396240234,33.75584030151367,29.421886444091797,126.46591186523438,83.86953735351562,4478.02978515625
2023-08-07,39.852088928222656,66.03758239746094,39.808658599853516,33.87841796875,105.19457244873047,84.23640441894531,69.85102844238281,34.18382263183594,29.417285919189453,127.9273452758789,84.72998046875,4518.43994140625
2023-08-08,39.43044662475586,65.85342407226562,40.00536346435547,33.572174072265625,104.71456146240234,83.58859252929688,69.34983825683594,34.01080322265625,29.55522346496582,128.9111785888672,84.05530548095703,4499.3798828125
2023-08-09,39.269371032714844,65.14583587646484,40.50857925415039,33.32334518432617,104.65695190429688,82.50888061523438,69.45191955566406,34.0927619934082,29.619592666625977,128.87298583984375,83.05796813964844,4467.7099609375
2023-08-10,39.297794342041016,65.3687744140625,40.50400161743164,33.3520622253418,104.3689193725586,82.5186996459961,69.31271362304688,33.983482360839844,29.527637481689453,128.78700256347656,83.25840759277344,4468.830078125
2023-08-11,39.188838958740234,65.0586166381836,41.126155853271484,33.41904830932617,104.541748046875,81.91012573242188,69.42408752441406,34.0472297668457,29.688562393188477,129.58935546875,82.97486114501953,4464.0498046875
2023-08-14,39.274105072021484,65.53356170654297,40.95231628417969,33.3520622253418,104.58013153076172,83.21559143066406,69.08067321777344,33.86510467529297,29.454072952270508,129.98098754882812,83.22908782958984,4489.72021484375
2023-08-15,38.63454055786133,64.95197296142578,40.101436614990234,32.739566802978516,103.24564361572266,82.39601135253906,68.33817291259766,33.51908493041992,28.97589111328125,129.50338745117188,82.09485626220703,4437.85986328125
2023-08-16,38.37397384643555,64.17652893066406,39.753761291503906,32.69171905517578,102.66960144042969,81.61075592041016,68.18038940429688,33.109317779541016,29.10462760925293,128.51959228515625,81.07795715332031,4404.330078125
2023-08-17,38.29817199707031,63.439884185791016,40.229522705078125,32.52902603149414,101.80555725097656,80.83534240722656,67.52142333984375,32.86344909667969,29.04025650024414,127.49752044677734,79.70416259765625,4370.35986328125
2023-08-18,38.29343795776367,63.061866760253906,40.62751770019531,32.51945495605469,101.99756622314453,80.95803833007812,67.77201843261719,32.954505920410156,29.191993713378906,127.5452880859375,79.52327728271484,4369.7099609375
2023-08-21,38.29817199707031,63.51742935180664,40.371341705322266,32.48116683959961,101.87275695800781,82.50397491455078,67.31722259521484,32.67222595214844,29.008079528808594,127.67899322509766,80.43750762939453,4399.77001953125
2023-08-22,38.26500701904297,63.51742935180664,40.06025314331055,32.174922943115234,101.63273620605469,82.41071319580078,66.93669128417969,32.77239990234375,29.090837478637695,127.23008728027344,80.55484771728516,4387.5498046875
2023-08-23,38.326602935791016,64.54486083984375,39.95962142944336,32.49073791503906,102.67920684814453,83.89776611328125,67.3821792602539,33.25501251220703,29.205785751342773,127.6121597290039,81.2001724243164,4436.009765625
2023-08-24,38.16552734375,63.3041877746582,39.68513870239258,32.375911712646484,101.43111419677734,81.96411895751953,66.84388732910156,33.10020446777344,29.035661697387695,126.5041275024414,79.61125946044922,4376.31005859375
2023-08-25,38.27922439575195,63.372032165527344,40.06940841674805,32.52902603149414,102.28558349609375,82.79843139648438,67.21511840820312,33.19126892089844,29.256364822387695,127.43067932128906,80.50106048583984,4405.7099609375
2023-08-28,38.558738708496094,64.14747619628906,40.33931350708008,32.71085739135742,103.120849609375,83.47569274902344,67.52142333984375,33.4553337097168,29.251766204833984,127.72676849365234,80.82373809814453,4433.31005859375
2023-08-29,39.198307037353516,65.57232666015625,40.449100494384766,33.007537841796875,103.90809631347656,85.14924621582031,67.76272583007812,33.837791442871094,29.36211585998535,128.87298583984375,82.84285736083984,4497.6298828125
2023-08-30,39.28832244873047,65.5820083618164,40.650390625,33.02666473388672,104.3785400390625,85.79216003417969,67.87410736083984,33.9561653137207,29.22877311706543,128.77745056152344,83.19974517822266,4514.8701171875
2023-08-31,39.269371032714844,65.64987182617188,40.67784118652344,32.902259826660156,103.90809631347656,86.2093276977539,67.53070831298828,33.710304260253906,28.948301315307617,127.23961639404297,83.4588623046875,4507.66015625
2023-09-01,39.7099609375,65.03919219970703,41.51042175292969,33.19892883300781,104.45532989501953,86.4743423461914,66.95526123046875,33.69208908081055,28.801172256469727,127.58350372314453,82.95040893554688,4515.77001953125
2023-09-05,38.975643157958984,65.0295181274414,41.730010986328125,32.863975524902344,102.69841766357422,86.78351593017578,66.37981414794922,33.35517883300781,28.359773635864258,126.26533508300781,83.00907135009766,4496.830078125
2023-09-06,38.89036560058594,64.82597351074219,41.748313903808594,32.84483337402344,102.25677490234375,85.86578369140625,66.30558013916016,33.29143142700195,28.424142837524414,125.57762145996094,82.27084350585938,4465.47998046875
2023-09-07,38.71508026123047,64.70966339111328,41.70713806152344,32.758705139160156,101.92076873779297,84.62411499023438,66.4633560180664,33.564613342285156,28.796571731567383,126.14118957519531,82.50064086914062,4451.14013671875
2023-09-08,38.75297927856445,64.90351104736328,42.10971450805664,32.8256950378418,101.41190338134766,84.80078887939453,66.54686737060547,33.346073150634766,29.049455642700195,126.14118957519531,82.50064086914062,4457.490234375
2023-09-11,38.918792724609375,65.88249969482422,41.55616760253906,32.978816986083984,101.44072723388672,85.24248504638672,67.12232208251953,33.36428451538086,29.16900062561035,127.01041412353516,84.72020721435547,4487.4599609375
2023-09-12,38.82878112792969,65.19429779052734,42.53514862060547,33.19892883300781,101.07588958740234,83.69654846191406,66.54686737060547,33.36428451538086,29.205785751342773,126.8479995727539,83.95263671875,4461.89990234375
2023-09-13,38.601383209228516,65.40754699707031,42.21492004394531,33.19892883300781,100.40385437011719,83.90758514404297,66.75106811523438,33.02735900878906,29.55522346496582,126.86711883544922,84.61752319335938,4467.43994140625
2023-09-14,39.14619064331055,66.31867218017578,42.70899200439453,33.50517654418945,101.39271545410156,84.51614379882812,67.42860412597656,33.62835693359375,29.9874267578125,127.26824188232422,85.44864654541016,4505.10009765625
2023-09-15,38.71034240722656,65.43663024902344,42.091400146484375,33.332923889160156,100.80706787109375,82.89168548583984,66.87171936035156,33.50087356567383,29.858688354492188,126.26533508300781,83.98686218261719,4450.31982421875
2023-09-18,38.549442291259766,65.4832534790039,42.44809341430664,33.42424774169922,100.91890716552734,83.2900619506836,66.84835815429688,33.20808029174805,29.836435317993164,126.07352447509766,83.07344818115234,4453.52978515625
2023-09-19,38.51612091064453,65.5318374633789,42.05177307128906,33.38578414916992,100.49474334716797,83.24579620361328,66.68951416015625,33.033687591552734,29.674205780029297,126.17901611328125,82.65715789794922,4443.9501953125
2023-09-20,38.11148452758789,64.63787841796875,41.660064697265625,33.15508270263672,100.09951782226562,81.93756103515625,66.75493621826172,33.09792709350586,29.702014923095703,126.18860626220703,81.8343505859375,4402.2001953125
2023-09-21,37.34506607055664,63.8410758972168,41.08861541748047,32.60713577270508,98.46076202392578,80.68830871582031,65.89524841308594,31.950618743896484,29.391462326049805,125.08564758300781,79.6010513305664,4330.0
2023-09-22,37.30698776245117,63.763343811035156,41.157745361328125,32.357200622558594,98.12335205078125,80.86046600341797,65.54016876220703,31.730321884155273,29.33584213256836,124.82667541503906,78.81742095947266,4320.06005859375
2023-09-25,37.60213088989258,63.91881561279297,41.67388916015625,32.43410873413086,98.614990234375,81.12113189697266,65.30656433105469,31.675251007080078,29.29412078857422,125.5076675415039,79.30228424072266,4337.43994140625
2023-09-26,37.05944061279297,63.209468841552734,41.43424987792969,32.00152587890625,97.11117553710938,79.66041564941406,64.82068634033203,31.115360260009766,28.418081283569336,124.44303894042969,77.85750579833984,4273.52978515625
2023-09-27,37.054683685302734,63.374656677246094,42.46653747558594,31.95346450805664,97.83415985107422,79.78337097167969,64.28805541992188,30.84000015258789,27.871131896972656,123.81964111328125,77.5587387084961,4274.509765625
2023-09-28,37.45455551147461,64.07428741455078,42.51262283325195,32.18416976928711,98.24868774414062,80.34896087646484,64.48429870605469,31.1612548828125,27.26856803894043,124.41427612304688,78.42560577392578,4299.7001953125
2023-09-29,37.39267349243164,63.714752197265625,41.655452728271484,31.88616371154785,97.7281265258789,80.62438201904297,64.29740142822266,31.27139663696289,27.314916610717773,123.474365234375,78.84191131591797,4288.0498046875
2023-10-02,36.89759063720703,64.19088745117188,40.82593536376953,31.617002487182617,96.77378845214844,81.489990234375,63.85822677612305,30.702327728271484,26.044885635375977,123.3017349243164,78.90557861328125,4288.39013671875
2023-10-03,36.79762268066406,63.326072692871094,40.79828643798828,31.11713218688965,96.09901428222656,80.10796356201172,63.40036392211914,30.142431259155273,26.346168518066406,122.2083511352539,76.9857177734375,4229.4501953125
2023-10-04,37.2308235168457,63.92853546142578,39.51715087890625,31.34784698486328,96.407470703125,81.10637664794922,63.90494918823242,30.46367835998535,26.318357467651367,122.72626495361328,78.50398254394531,4263.75
2023-10-05,36.77858352661133,63.8410758972168,39.27290725708008,31.492036819458008,95.83873748779297,81.21456909179688,62.64347457885742,30.68396759033203,26.165401458740234,123.39763641357422,78.11217498779297,4258.18994140625
2023-10-06,37.12609100341797,65.01683807373047,39.507930755615234,31.76120376586914,97.1497573852539,82.73430633544922,62.2977409362793,30.80329132080078,26.536211013793945,124.6924057006836,78.66069793701172,4308.5
2023-10-09,37.17369079589844,65.71647644042969,40.82593536376953,31.780427932739258,98.67282104492188,83.16218566894531,62.35382080078125,31.2071475982666,26.800413131713867,125.1240234375,78.74397277832031,4335.66015625
2023-10-10,37.56880569458008,66.09542846679688,40.87663269042969,32.01113510131836,99.27050018310547,83.2900619506836,62.989219665527344,31.317283630371094,27.166593551635742,125.71865844726562,79.60594177246094,4358.240234375
2023-10-11,37.65925216674805,66.69788360595703,40.35127639770508,32.059200286865234,99.86815643310547,84.06221771240234,62.55937957763672,31.950618743896484,27.606931686401367,125.1623764038086,79.89000701904297,4376.9501953125
2023-10-12,37.09752655029297,65.91081237792969,40.39735412597656,31.85732650756836,98.96202850341797,84.14091491699219,61.87725067138672,31.528396606445312,27.180496215820312,124.08817291259766,79.01822662353516,4349.60986328125
2023-10-13,36.959476470947266,65.17230987548828,41.286781311035156,31.924617767333984,98.08480834960938,82.93595886230469,62.41920852661133,31.51922035217285,27.486419677734375,124.86505889892578,77.85750579833984,4327.77978515625
2023-10-16,37.32126235961914,66.22176361083984,41.56328582763672,32.26107406616211,99.12590789794922,83.73270416259766,63.063961029052734,31.840463638305664,27.769163131713867,125.80496978759766,79.11616516113281,4373.6298828125
2023-10-17,37.68781280517578,66.4549789428711,41.9964714050293,32.414878845214844,99.43437957763672,83.34416198730469,63.33494567871094,31.675251007080078,27.694997787475586,125.6323471069336,79.30228424072266,4373.2001953125
2023-10-18,36.711936950683594,65.30835723876953,42.37897491455078,31.85732650756836,97.03407287597656,82.4883804321289,63.56855773925781,30.977684020996094,27.4539737701416,124.53897094726562,77.44119262695312,4314.60009765625
2023-10-19,36.28350830078125,65.2403335571289,42.305240631103516,31.434358596801758,96.13758087158203,82.01622772216797,63.10134506225586,30.215856552124023,27.180496215820312,123.31132507324219,75.46256256103516,4278.0
2023-10-20,35.845558166503906,64.63787841796875,41.59553909301758,30.95371437072754,95.14466857910156,80.62931060791016,62.85839080810547,30.059823989868164,26.89775276184082,122.8221664428711,74.29203033447266,4224.16015625
2023-10-23,35.445682525634766,64.97798156738281,40.92272186279297,30.761451721191406,94.70123291015625,80.72273254394531,62.73691177368164,29.802825927734375,26.670631408691406,122.05489349365234,74.38015747070312,4217.0400390625
2023-10-24,35.86458969116211,65.7456283569336,40.3466682434082,30.972938537597656,95.4145736694336,81.27851867675781,63.269535064697266,30.17914581298828,27.35663414001465,122.42894744873047,75.17359924316406,4247.68017578125
2023-10-25,35.445682525634766,62.89853286743164,40.272926330566406,30.857582092285156,94.19033813476562,80.3194580078125,63.48444366455078,29.54582405090332,27.50959014892578,121.33558654785156,73.65534210205078,4186.77001953125
2023-10-26,35.69322967529297,61.528419494628906,39.95955276489258,30.7902889251709,93.79510498046875,78.78497314453125,63.07331085205078,30.169965744018555,27.74598503112793,120.13670349121094,72.50437927246094,4137.22998046875
2023-10-27,35.67893600463867,61.30492401123047,39.00100326538086,30.23274040222168,92.96609497070312,79.24236297607422,62.21365737915039,29.69268035888672,27.222211837768555,118.1034164428711,73.2635269165039,4117.3701171875
2023-10-30,36.04548645019531,62.56814193725586,39.13004684448242,30.77106285095215,94.12285614013672,80.09322357177734,63.185447692871094,29.784467697143555,27.4307918548584,118.76519775390625,73.93449401855469,4166.81982421875
2023-10-31,36.207340240478516,62.8888053894043,39.25907897949219,31.10751724243164,94.8169174194336,80.66373443603516,63.409706115722656,30.381074905395508,27.66718864440918,119.4461441040039,74.4928207397461,4193.7998046875
2023-11-01,36.226383209228516,63.81192398071289,39.166908264160156,31.30939292907715,95.1253890991211,82.2228012084961,63.34429931640625,30.537113189697266,27.982376098632812,119.69551086425781,75.41358184814453,4237.85986328125
2023-11-02,36.92615509033203,64.65731048583984,40.35127639770508,32.049591064453125,97.08226013183594,83.61465454101562,64.16657257080078,31.482501983642578,28.506153106689453,121.59452819824219,77.3824234008789,4317.77978515625
2023-11-03,37.506919860839844,65.6484603881836,39.945735931396484,32.47255325317383,97.9402084350586,84.47535705566406,64.24134063720703,32.2259635925293,28.67301368713379,122.19876861572266,78.46968841552734,4358.33984375
2023-11-06,37.32126235961914,65.47354125976562,39.494102478027344,32.376426696777344,97.67994689941406,85.0311050415039,64.34412384033203,31.785396575927734,28.598852157592773,123.01399230957031,78.5676498413086,4365.97998046875
2023-11-07,36.59769058227539,65.8233642578125,38.61851119995117,32.328365325927734,97.43893432617188,85.96064758300781,64.50297546386719,31.51922035217285,28.390268325805664,123.1003189086914,79.44432830810547,4378.3798828125
2023-11-08,36.711936950683594,65.51242065429688,38.13462448120117,32.366817474365234,97.66065979003906,86.44757080078125,64.25067901611328,31.70279312133789,28.181690216064453,122.92766571044922,79.23371887207031,4382.77978515625
2023-11-09,36.39775466918945,65.49297332763672,38.0194206237793,32.23223114013672,97.44857788085938,86.04427337646484,63.989051818847656,31.216325759887695,27.810874938964844,120.38607025146484,77.754638671875,4347.35009765625
2023-11-10,36.82618713378906,66.53270721435547,38.438785552978516,32.5975227355957,98.8559799194336,88.2918930053711,64.43756103515625,31.565109252929688,27.95920181274414,121.10537719726562,79.047607421875,4415.240234375
2023-11-13,36.77383041381836,66.386962890625,38.71528244018555,32.54946517944336,98.94274139404297,87.7754898071289,64.64315032958984,31.29892921447754,27.625473022460938,121.80553436279297,79.38553619384766,4411.5498046875
2023-11-14,37.85918426513672,67.4655532836914,39.060916900634766,33.164695739746094,100.92854309082031,89.5312728881836,65.30656433105469,32.98778533935547,28.7286319732666,122.6303482055664,82.05965423583984,4495.7001953125
2023-11-15,38.02580261230469,67.79590606689453,38.9871826171875,33.34733581542969,101.14061737060547,89.6444091796875,65.8298568725586,33.06121826171875,28.64057159423828,122.72626495361328,82.15760803222656,4502.8798828125
2023-11-16,38.14004898071289,68.0971450805664,38.22679138183594,33.48192596435547,101.15989685058594,90.09195709228516,65.01690673828125,33.052032470703125,28.79352569580078,123.2537612915039,81.31521606445312,4508.240234375
2023-11-17,38.211456298828125,68.08743286132812,39.028656005859375,33.65495300292969,101.8057632446289,89.90506744384766,64.93280029296875,33.01532745361328,28.872323989868164,123.00439453125,81.85883331298828,4514.02001953125
2023-11-20,38.27810287475586,68.8550796508789,39.083961486816406,33.78953552246094,102.11422729492188,91.2083969116211,64.88610076904297,33.27232360839844,28.784255981445312,123.75249481201172,82.280029296875,4547.3798828125
2023-11-21,38.4256706237793,68.62187194824219,38.99639892578125,33.77030944824219,102.037109375,90.47065734863281,65.08230590820312,33.107112884521484,28.844518661499023,124.50059509277344,82.06945037841797,4538.18994140625
2023-11-22,38.44947052001953,69.18547058105469,38.977962493896484,33.90488815307617,102.25883483886719,90.87395477294922,65.54951477050781,33.20808029174805,28.98356819152832,125.09523010253906,82.31920623779297,4556.6201171875
2023-11-24,38.616092681884766,68.9522476196289,39.139259338378906,34.01063537597656,102.50946044921875,90.69691467285156,65.7924575805664,33.33657455444336,29.0577335357666,125.7666015625,82.39759826660156,4559.33984375
2023-11-27,38.568477630615234,68.52471160888672,39.00100326538086,33.89527130126953,101.93106842041016,90.69198608398438,65.60559844970703,33.45589828491211,29.104080200195312,124.98016357421875,82.52981567382812,4550.43017578125
2023-11-28,38.64464569091797,68.68989562988281,39.010223388671875,33.88566589355469,101.6900863647461,90.86412048339844,65.90460968017578,33.639469146728516,29.19678497314453,124.3375473022461,83.00489044189453,4554.89013671875
2023-11-29,38.84458541870117,68.1943130493164,38.71989822387695,34.12598419189453,102.07568359375,90.93297576904297,65.37198638916016,33.89646911621094,28.965028762817383,124.37592315673828,82.77960205078125,4550.580078125
2023-11-30,39.23017883300781,67.79590606689453,38.977962493896484,34.51050567626953,103.19389343261719,91.0657730102539,66.02607727050781,34.17182159423828,29.090177536010742,125.93923950195312,82.66205596923828,4567.7998046875
2023-12-01,39.67764663696289,67.93196868896484,39.18073272705078,34.770057678222656,104.82301330566406,91.27233123779297,66.29705047607422,34.887752532958984,29.447084426879883,126.43798065185547,83.79340362548828,4594.6298828125
2023-12-04,39.21589660644531,67.25177001953125,39.00100326538086,34.73160171508789,104.99652862548828,90.16081237792969,66.38116455078125,35.08050537109375,29.331205368041992,126.6777572631836,83.47505950927734,4569.77978515625
2023-12-05,38.67797088623047,66.9408187866211,38.31896209716797,34.55857467651367,104.14823150634766,90.70182037353516,65.8578872680664,34.93364334106445,29.12262535095215,126.51470947265625,83.62199401855469,4567.18017578125
2023-12-06,38.5970458984375,66.76591491699219,37.747528076171875,34.385536193847656,104.6109390258789,89.93458557128906,65.689697265625,34.814327239990234,29.51197052001953,126.61061096191406,83.74444580078125,4549.33984375
2023-12-07,38.85886001586914,68.16517639160156,37.489444732666016,34.54895782470703,104.70734405517578,91.02642059326172,65.97001647949219,34.86021423339844,29.447084426879883,126.45716857910156,84.43498992919922,4585.58984375
2023-12-08,39.00168228149414,68.48584747314453,37.894989013671875,34.73160171508789,105.03507995605469,91.80350494384766,65.51214599609375,34.78678512573242,29.391462326049805,126.66815185546875,84.8218994140625,4604.3701171875
2023-12-11,39.277774810791016,67.96111297607422,37.94106674194336,34.943084716796875,106.03763580322266,92.60516357421875,66.13819122314453,34.90610885620117,29.58150291442871,127.5025634765625,85.04719543457031,4622.43994140625
2023-12-12,39.50626754760742,68.24291229248047,37.42032241821289,35.19302749633789,106.51960754394531,93.21995544433594,66.3531265258789,34.89692687988281,29.46099090576172,128.0492401123047,85.31167602539062,4643.7001953125
2023-12-13,39.98706817626953,68.88423919677734,37.94106674194336,35.76019287109375,107.705322265625,94.04129028320312,67.55852508544922,36.16357421875,30.57341957092285,130.40866088867188,86.42833709716797,4707.08984375
2023-12-14,40.64875793457031,69.18547058105469,39.056312561035156,36.11587142944336,109.09344482421875,93.81015014648438,66.56803894042969,37.164039611816406,30.1747989654541,129.775634765625,87.58907318115234,4719.5498046875
2023-12-15,40.544029235839844,69.01054382324219,38.848934173583984,35.90438461303711,108.94882202148438,94.28229522705078,66.56803894042969,36.71428680419922,29.65102767944336,128.67266845703125,87.77027130126953,4719.18994140625
2023-12-18,40.60682678222656,69.86190795898438,39.16624450683594,36.024173736572266,108.9439926147461,94.56423950195312,67.26100158691406,36.61317443847656,29.584121704101562,128.88270568847656,88.31487274169922,4740.56005859375
2023-12-19,40.980735778808594,70.57298278808594,39.63616180419922,36.29467010498047,109.78724670410156,94.92405700683594,67.39279174804688,36.8636360168457,29.752559661865234,129.74972534179688,89.00667572021484,4768.3701171875
2023-12-20,40.35276794433594,70.02751159667969,39.26860046386719,35.64741516113281,108.01351165771484,93.48969268798828,66.0841064453125,36.39982604980469,29.148990631103516,127.87112426757812,87.3826904296875,4698.35009765625
2023-12-21,40.77940368652344,70.71910858154297,39.422142028808594,35.99518585205078,109.1281509399414,94.53958892822266,66.54544067382812,36.705936431884766,29.20046043395996,129.43182373046875,88.7123031616211,4746.75
2023-12-22,41.03346633911133,70.72884368896484,39.538455963134766,36.072479248046875,109.65155792236328,94.6628189086914,67.05386352539062,36.85436248779297,29.298715591430664,130.07730102539062,88.05974578857422,4754.6298828125
2023-12-26,41.22520446777344,71.00159454345703,39.87809753417969,36.21738815307617,110.42694854736328,95.05713653564453,67.33629608154297,37.12336730957031,29.47650909423828,130.36631774902344,88.43264770507812,4774.75
2023-12-27,41.32587432861328,71.0113296508789,39.701297760009766,36.33331298828125,110.59172058105469,95.05220794677734,67.64698791503906,37.33671569824219,29.457792282104492,130.9154510498047,88.73682403564453,4781.580078125
2023-12-28,41.16769027709961,71.20616912841797,39.09645080566406,36.43958282470703,110.62080383300781,95.16558837890625,67.67524719238281,37.56862258911133,29.6683406829834,131.2526397705078,88.27564239501953,4783.35009765625
2023-12-29,41.00469970703125,70.77754974365234,39.0080451965332,36.32365798950195,110.48509979248047,94.874755859375,67.81647491455078,37.16047668457031,29.630910873413086,131.3875274658203,87.73101806640625,4769.830078125
2024-01-02,40.93279266357422,70.378173828125,39.426788330078125,36.47822189331055,109.3704605102539,92.39051818847656,68.5790786743164,37.503692626953125,30.061363220214844,133.6996307373047,86.91657257080078,4742.830078125
2024-01-03,40.491783142089844,70.11518096923828,40.06885528564453,36.1690788269043,107.74211120605469,91.44905853271484,68.04244232177734,36.61317443847656,30.17365074157715,133.4780731201172,85.16008758544922,4704.81005859375
2024-01-04,40.36235427856445,69.88139343261719,39.366310119628906,36.313995361328125,107.87781524658203,90.7787094116211,67.94828033447266,36.520416259765625,30.080078125,134.142822265625,84.5615005493164,4688.68017578125
2024-01-05,40.429466247558594,70.17361450195312,39.398868560791016,36.468563079833984,108.00381469726562,90.7540512084961,67.79764556884766,36.44620895385742,30.19236946105957,134.02720642089844,84.69397735595703,4697.240234375
2024-01-08,40.60203552246094,71.26461029052734,38.942909240722656,36.70041275024414,108.71137237548828,93.03129577636719,68.29663848876953,36.94711685180664,30.412275314331055,135.21217346191406,86.13645935058594,4763.5400390625
2024-01-09,40.13705825805664,71.11849212646484,38.319454193115234,36.468563079833984,108.37213897705078,93.17914581298828,68.47553253173828,36.68738555908203,30.164295196533203,135.1929168701172,85.81754302978516,4756.5
2024-01-10,40.08433151245117,71.78087615966797,37.94258499145508,36.52653121948242,108.92459869384766,93.97274017333984,68.33428955078125,36.74304962158203,30.159616470336914,135.8094940185547,86.50442504882812,4783.4501953125
2024-01-11,39.96448516845703,71.54708862304688,38.0402946472168,36.391273498535156,108.67259979248047,94.45085144042969,68.32488250732422,36.39982604980469,29.457792282104492,135.713134765625,86.39158630371094,4780.240234375
2024-01-12,40.00283432006836,71.89776611328125,38.46833419799805,36.32365798950195,108.66291046142578,94.75646209716797,68.54144287109375,36.6781120300293,29.626232147216797,135.37599182128906,85.35144805908203,4783.830078125
2024-01-16,39.54264831542969,71.4886474609375,37.55176544189453,36.072479248046875,107.56766510009766,94.99305725097656,68.16482543945312,36.45548629760742,29.303394317626953,134.5666961669922,85.25330352783203,4765.97998046875
2024-01-17,39.25503158569336,71.05030059814453,37.24003982543945,36.004852294921875,106.84071350097656,94.5248031616211,68.11774444580078,35.78759765625,28.87762451171875,134.29698181152344,84.50753021240234,4739.2099609375
2024-01-18,39.37965393066406,71.91724395751953,37.17954635620117,36.06281661987305,108.284912109375,96.44220733642578,68.03301239013672,35.55569076538086,28.56882095336914,134.27769470214844,84.98836517333984,4780.93994140625
2024-01-19,39.41801452636719,72.8913345336914,37.300514221191406,36.6424560546875,108.99244689941406,98.66521453857422,67.83529663085938,35.89891052246094,28.531389236450195,134.3547821044922,85.8077163696289,4839.81005859375
2024-01-22,39.53305435180664,73.03744506835938,37.44009780883789,36.816341400146484,109.83570861816406,99.0989761352539,67.5057601928711,36.065879821777344,28.38634490966797,134.9424591064453,85.42993927001953,4850.43017578125
2024-01-23,39.662479400634766,73.75826263427734,37.519195556640625,36.874298095703125,109.74846649169922,99.49823760986328,68.24015045166016,35.87107849121094,28.43781089782715,134.8461151123047,85.22386932373047,4864.60009765625
2024-01-24,39.1255989074707,74.21610260009766,38.05425262451172,37.01921463012695,109.06998443603516,100.18338012695312,67.40221405029297,35.37943649291992,28.04947280883789,133.61297607421875,84.9000473022461,4868.5498046875
2024-01-25,39.53784942626953,75.42398071289062,38.91033935546875,37.2027587890625,110.11677551269531,100.60234832763672,68.05184173583984,35.8618049621582,28.554784774780273,133.41065979003906,83.8500747680664,4894.16015625
2024-01-26,39.55223083496094,75.6675033569336,39.19881057739258,37.338008880615234,109.94232940673828,99.44402313232422,68.38137817382812,35.704105377197266,28.639001846313477,134.17172241210938,84.23277282714844,4890.97021484375
2024-01-29,39.74877166748047,76.3006591796875,39.14297866821289,37.43461608886719,110.65956115722656,100.35589599609375,68.77680206298828,35.963844299316406,28.821475982666016,135.11585998535156,85.46427917480469,4927.93017578125
2024-01-30,39.93092727661133,75.78439331054688,39.54775619506836,37.90798568725586,110.6983413696289,99.5278091430664,69.1628189086914,35.62989807128906,28.812118530273438,135.42413330078125,85.41522216796875,4924.97021484375
2024-01-31,39.408424377441406,73.91413116455078,38.807987213134766,37.44427490234375,109.4189224243164,97.43788146972656,68.6544189453125,35.37016296386719,28.751293182373047,135.2410888671875,83.8598861694336,4845.64990234375
2024-02-01,40.06514358520508,74.6739273071289,38.80333709716797,37.502235412597656,111.27989196777344,98.66521453857422,70.0572509765625,35.991676330566406,29.298715591430664,136.9944610595703,85.4740982055664,4906.18994140625
2024-02-02,39.830265045166016,77.67413330078125,38.859161376953125,37.65680694580078,112.0262222290039,99.68553924560547,69.83129119873047,35.53714370727539,28.770008087158203,136.79214477539062,86.9999771118164,4958.60986328125
2024-02-05,38.818809509277344,76.58314514160156,38.76145935058594,37.43461608886719,111.41558074951172,99.91227722167969,69.39820098876953,34.83214569091797,28.171119689941406,137.21603393554688,85.77339172363281,4942.81005859375
2024-02-06,39.504302978515625,76.34935760498047,38.887081146240234,37.511898040771484,112.41390991210938,99.45387268066406,69.55826568603516,35.36088562011719,28.274057388305664,138.70928955078125,86.29346466064453,4954.22998046875
2024-02-07,39.820674896240234,76.73899841308594,38.96617889404297,37.79205322265625,113.16024017333984,100.76993560791016,69.49234008789062,35.34233474731445,28.29277229309082,139.0850067138672,87.26001739501953,4995.06005859375
2024-02-08,39.767940521240234,77.03124237060547,39.366310119628906,37.64714813232422,113.17961883544922,101.08539581298828,69.47352600097656,35.53714370727539,28.091583251953125,138.84417724609375,87.64270782470703,4997.91015625
2024-02-09,39.85422897338867,77.11888885498047,38.76145935058594,37.753414154052734,113.35409545898438,102.44581604003906,68.83329010009766,35.62989807128906,28.199193954467773,138.73818969726562,88.26581573486328,5026.60986328125
2024-02-12,40.17060470581055,77.36241149902344,39.18950271606445,37.92729949951172,113.51886749267578,101.66702270507812,69.3228759765625,35.51858901977539,28.526714324951172,138.92123413085938,88.1922378540039,5021.83984375
2024-02-13,39.60496139526367,76.27143859863281,38.794029235839844,37.41529083251953,112.35575866699219,99.94184112548828,68.5790786743164,34.86925506591797,28.054153442382812,137.63031005859375,86.43573760986328,4953.169921875
2024-02-14,39.85902786254883,77.48905181884766,38.756805419921875,37.77273178100586,114.23611450195312,100.98681640625,68.44727325439453,35.101158142089844,28.20854949951172,138.8249053955078,87.34832763671875,5000.6201171875
2024-02-15,40.61162185668945,78.12220001220703,39.83622741699219,38.41999053955078,115.08905792236328,100.77487182617188,68.8897933959961,35.945289611816406,28.68111228942871,139.83648681640625,88.35905456542969,5029.72998046875
2024-02-16,40.827335357666016,76.90459442138672,39.81296157836914,38.28474044799805,114.40086364746094,99.84819030761719,68.99334716796875,35.57424545288086,28.648357391357422,140.28927612304688,87.83405303955078,5005.56982421875
2024-02-20,40.741050720214844,76.78771209716797,39.45005416870117,38.1784782409668,114.04226684570312,98.83280944824219,69.71831512451172,35.51858901977539,28.629642486572266,139.81723022460938,87.00487518310547,4975.509765625
2024-02-21,40.96635818481445,76.70002746582031,40.18982696533203,38.29439926147461,114.49781036376953,98.21174621582031,69.9725112915039,35.778324127197266,29.008628845214844,140.12550354003906,87.64762878417969,4981.7998046875
2024-02-22,41.37860107421875,77.84944915771484,40.259613037109375,38.7387809753418,115.91291809082031,101.42549896240234,70.18905639648438,35.87107849121094,28.784046173095703,141.7728729248047,89.35012817382812,5087.02978515625
2024-02-23,41.62307357788086,77.65465545654297,39.99441909790039,38.93199920654297,116.5235366821289,101.18888854980469,70.40560150146484,35.91746139526367,28.989913940429688,142.44725036621094,88.94779968261719,5088.7998046875
2024-02-26,41.373809814453125,76.52468872070312,40.134002685546875,38.7387809753418,116.34909057617188,101.28748321533203,70.12317657470703,35.50931167602539,28.419097900390625,141.715087890625,89.22257232666016,5069.52978515625
2024-02-27,41.52720260620117,77.14811706542969,39.961849212646484,38.84504318237305,116.5235366821289,101.37620544433594,70.132568359375,35.53714370727539,28.957162857055664,141.3682861328125,89.51695251464844,5078.18017578125
2024-02-28,41.65663146972656,76.62210845947266,39.882755279541016,38.989967346191406,116.9209213256836,100.89807891845703,70.20787811279297,35.991676330566406,29.04606056213379,140.6649932861328,89.87020111083984,5069.759765625
2024-02-29,41.9730110168457,77.3039779663086,40.07816696166992,38.970645904541016,117.27955627441406,102.02191925048828,70.09489440917969,36.27923583984375,29.05541229248047,139.51856994628906,90.47860717773438,5096.27001953125
2024-03-01,42.16476058959961,77.94686889648438,40.543434143066406,38.922340393066406,117.78357696533203,103.88510131835938,70.10432434082031,36.6781120300293,28.87762451171875,140.98289489746094,90.77788543701172,5137.080078125
2024-03-04,42.471553802490234,76.924072265625,40.11073303222656,39.01894760131836,118.21004486083984,103.88510131835938,70.16081237792969,37.09553909301758,29.364215850830078,140.77098083496094,89.5512924194336,5130.9501953125
2024-03-05,42.24625015258789,76.3006591796875,40.408504486083984,39.028602600097656,117.24078369140625,101.33184814453125,70.33027648925781,36.62245559692383,29.280000686645508,139.72088623046875,88.43754577636719,5078.64990234375
2024-03-06,42.55784225463867,76.4078140258789,40.534122467041016,39.231475830078125,117.85142517089844,102.13529205322266,70.92342376708984,36.8265266418457,29.560728073120117,140.67465209960938,88.12353515625,5104.759765625
2024-03-07,43.08034133911133,77.64490509033203,40.8784294128418,39.173519134521484,118.80128479003906,103.74710083007812,71.32827758789062,36.8265266418457,29.752559661865234,141.32972717285156,88.79571533203125,5157.35986328125
2024-03-08,42.83106994628906,77.52801513671875,41.02265930175781,39.24114227294922,118.53958892822266,102.20429229736328,70.76337432861328,37.26250457763672,29.82741928100586,141.06961059570312,88.46698760986328,5123.68994140625
2024-03-11,43.31523132324219,77.38189697265625,41.44605255126953,39.30875778198242,117.92896270751953,101.92333984375,71.14937591552734,37.07699203491211,29.977144241333008,140.9925537109375,88.22657775878906,5117.93994140625
2024-03-12,43.3104362487793,78.06375885009766,41.380916595458984,39.472984313964844,118.45235443115234,104.01327514648438,71.51657104492188,36.98421859741211,29.687055587768555,141.64764404296875,88.98706817626953,5175.27001953125
2024-03-13,43.73706817626953,78.20013427734375,42.04159927368164,39.7628059387207,118.77220153808594,102.88943481445312,71.6954574584961,36.752323150634766,29.88824462890625,141.0985107421875,88.80062103271484,5165.31005859375
2024-03-14,43.50697708129883,78.01506042480469,42.474300384521484,39.44401168823242,118.26819610595703,102.90914916992188,71.13997650146484,36.232852935791016,29.64962387084961,140.59754943847656,88.23638916015625,5150.47998046875
2024-03-15,43.52614974975586,77.23578643798828,42.599910736083984,39.40536880493164,118.2875747680664,101.35649108886719,71.11172485351562,36.21430206298828,29.691736221313477,140.0387725830078,87.35813903808594,5117.08984375
2024-03-18,43.605525970458984,78.8219985961914,42.747196197509766,39.63130187988281,118.49758911132812,101.85465240478516,71.56887817382812,36.20869827270508,29.82854461669922,140.02235412597656,88.025390625,5149.419921875
2024-03-19,43.6103401184082,78.79269409179688,43.234981536865234,39.82524490356445,119.5184555053711,102.3829345703125,71.83444213867188,36.20869827270508,30.09272003173828,140.95054626464844,88.78753662109375,5178.509765625
2024-03-20,44.048126220703125,79.72058868408203,43.17401123046875,40.30039596557617,120.95738983154297,103.52838897705078,72.05258178710938,36.358131408691406,30.13045883178711,140.63150024414062,90.1102294921875,5224.6201171875
2024-03-21,44.2309455871582,79.74989318847656,43.431968688964844,40.630088806152344,122.15325164794922,103.6024169921875,72.09052276611328,36.49821853637695,30.08328628540039,140.81520080566406,90.63636016845703,5241.52978515625
2024-03-22,43.956722259521484,79.91592407226562,43.338165283203125,40.164634704589844,121.73518371582031,103.63700103759766,71.73958587646484,36.068607330322266,30.12574577331543,140.62181091308594,89.84471130371094,5234.18017578125
2024-03-25,43.97115707397461,79.64244842529297,43.74153137207031,40.00948715209961,120.94766235351562,102.95071411132812,71.54042053222656,35.92851257324219,30.26726722717285,140.42845153808594,89.54969024658203,5218.18994140625
2024-03-26,43.93748092651367,79.47640991210938,43.40382766723633,40.145240783691406,120.51013946533203,102.52610778808594,71.57836151123047,35.779090881347656,29.92289161682129,140.9408721923828,89.66277313232422,5203.580078125
2024-03-27,44.56769943237305,79.8866195678711,43.80719757080078,40.62038803100586,122.4449234008789,103.04946899414062,72.32762145996094,36.68500518798828,30.757883071899414,142.81663513183594,90.70027923583984,5248.490234375
2024-03-28,44.687965393066406,79.75965881347656,44.28091049194336,40.84341812133789,122.46436309814453,102.8272933959961,72.42247009277344,36.918479919433594,30.970169067382812,142.8359375,90.41999816894531,5254.35009765625
2024-04-01,44.582130432128906,80.37499237060547,44.609230041503906,40.62038803100586,121.52128601074219,103.11363983154297,71.84393310546875,36.274070739746094,30.781471252441406,141.61770629882812,89.74635314941406,5243.77001953125
2024-04-02,44.41856384277344,80.24801635742188,45.23303985595703,40.40705490112305,120.95738983154297,102.12126922607422,71.47403717041016,35.87247848510742,30.833362579345703,139.4132080078125,88.42367553710938,5205.81005859375
2024-04-03,44.68315887451172,80.88288879394531,45.54259490966797,40.387664794921875,121.57962799072266,102.39281463623047,70.68682861328125,35.89115905761719,30.710704803466797,139.25852966308594,88.48759460449219,5211.490234375
2024-04-04,44.2309455871582,79.7889404296875,45.51445007324219,39.931907653808594,120.51013946533203,100.77339935302734,70.3833236694336,35.6109733581543,30.649381637573242,137.24742126464844,87.45008850097656,5147.2099609375
2024-04-05,44.63023376464844,80.59962463378906,46.00224685668945,40.310089111328125,122.18241119384766,101.92870330810547,70.49715423583984,35.84446334838867,30.739013671875,138.47537231445312,87.9368896484375,5204.33984375
2024-04-08,44.663917541503906,80.60941314697266,45.71144485473633,40.4846305847168,121.968505859375,101.81023406982422,70.392822265625,36.15265655517578,30.941864013671875,138.03057861328125,88.77278137207031,5202.39013671875
2024-04-09,44.769752502441406,80.69731903076172,45.725521087646484,40.25190734863281,121.68656921386719,102.32369995117188,70.73426055908203,36.610286712646484,31.111690521240234,138.52371215820312,89.19074249267578,5209.91015625
2024-04-10,44.07218551635742,80.06243133544922,45.86623001098633,39.650699615478516,120.64624786376953,101.06964874267578,70.47817993164062,35.10665512084961,30.578617095947266,136.8993377685547,87.81394958496094,5160.64013671875
2024-04-11,44.03850555419922,80.76568603515625,45.83339309692383,39.36948776245117,120.78237915039062,103.0889663696289,70.30746459960938,35.14400863647461,30.517295837402344,136.3385772705078,88.52200317382812,5199.06005859375
2024-04-12,43.259151458740234,79.43733215332031,45.08763885498047,38.845855712890625,119.48928833007812,101.4201889038086,69.59613037109375,34.77976989746094,30.286134719848633,134.30813598632812,87.08622741699219,5123.41015625
2024-04-15,43.05228042602539,78.43130493164062,44.6655158996582,38.651912689208984,118.63370513916016,99.49466705322266,69.31159973144531,34.17271423339844,30.00780487060547,134.03741455078125,85.63569641113281,5061.81982421875
2024-04-16,42.720333099365234,78.16758728027344,44.276222229003906,38.390098571777344,118.36148834228516,99.61316680908203,69.3400650024414,33.64970779418945,29.61153793334961,134.08575439453125,85.14891052246094,5051.41015625
2024-04-17,42.81655502319336,78.09921264648438,44.14958572387695,38.487060546875,117.74896240234375,98.17644500732422,69.59613037109375,33.369529724121094,30.229528427124023,133.8537139892578,84.73587799072266,5022.2099609375
2024-04-18,42.83098602294922,78.4801254272461,44.01356506347656,38.62282180786133,117.34061431884766,97.05569458007812,69.91860961914062,33.37887191772461,30.39935874938965,133.8440399169922,84.2097396850586,5011.1201171875
2024-04-19,42.79730224609375,77.62062072753906,44.54357147216797,39.156158447265625,117.12672424316406,95.05611419677734,70.60147857666016,33.50962829589844,30.866382598876953,134.3468017578125,83.47217559814453,4967.22998046875
2024-04-22,42.840606689453125,77.72806549072266,44.83436965942383,39.63130187988281,118.011474609375,95.90531921386719,71.27485656738281,33.780460357666016,31.149433135986328,134.85923767089844,83.84095764160156,5010.60009765625
2024-04-23,42.47016906738281,78.90990447998047,45.08295440673828,39.883426666259766,119.65457153320312,97.32723999023438,71.47403717041016,34.08866500854492,31.295677185058594,136.61895751953125,84.83911895751953,5070.5498046875
2024-04-24,42.49903106689453,78.95873260498047,45.115779876708984,39.87372970581055,118.7017593383789,97.77157592773438,72.01464080810547,34.21941375732422,31.484373092651367,136.1935272216797,85.65044403076172,5071.6298828125
2024-04-25,42.802120208740234,76.145751953125,45.3221549987793,39.64100646972656,119.0615005493164,97.55927276611328,71.84393310546875,34.02328872680664,31.56928253173828,135.28465270996094,85.72419738769531,5048.419921875
2024-04-26,43.066715240478516,78.24571990966797,44.90471649169922,39.58281326293945,119.25595092773438,98.6602783203125,71.69216918945312,34.051307678222656,31.224912643432617,135.32334899902344,86.49617767333984,5099.9599609375
2024-04-29,43.427528381347656,77.33736419677734,45.2095832824707,39.52463912963867,120.05318450927734,99.08488464355469,71.9197998046875,34.43421936035156,31.64948272705078,135.77777099609375,88.50724792480469,5116.169921875
2024-04-30,42.638553619384766,76.04808044433594,43.86347579956055,39.13676834106445,118.1475830078125,96.90264129638672,71.6068115234375,33.79914093017578,31.484373092651367,135.6811065673828,86.35358428955078,5035.68994140625
2024-05-01,42.8598518371582,76.75133514404297,43.16463088989258,39.13676834106445,117.85591125488281,95.9102554321289,71.15156555175781,33.81781768798828,31.847614288330078,135.92282104492188,85.8127212524414,5018.39013671875
2024-05-02,42.638553619384766,77.52294921875,43.4132080078125,39.23373031616211,118.53648376464844,97.29267120361328,71.74909210205078,34.303466796875,32.01744842529297,135.8261260986328,86.89446258544922,5064.2001953125
2024-05-03,43.071529388427734,78.34339141845703,43.41790008544922,39.321006774902344,119.36289978027344,100.00321197509766,71.96720886230469,34.57430648803711,32.272193908691406,136.16452026367188,87.47958374023438,5127.7900390625
2024-05-06,43.33131408691406,79.40802764892578,43.76028823852539,39.82524490356445,120.5684814453125,101.17826843261719,72.0051498413086,34.58364486694336,32.43730163574219,136.7156524658203,88.41383361816406,5180.740234375
2024-05-07,43.846073150634766,79.49594116210938,43.71807861328125,39.96099853515625,120.89904022216797,100.84745788574219,72.7923583984375,34.947879791259766,32.80526351928711,137.84689331054688,87.779541015625,5187.7001953125
2024-05-08,43.64401626586914,79.36897277832031,43.66648483276367,40.1064567565918,120.89904022216797,101.13381958007812,72.57421112060547,34.621002197265625,33.149635314941406,137.3731231689453,87.45008850097656,5187.669921875
2024-05-09,44.12991714477539,79.76942443847656,44.252769470214844,40.40705490112305,122.10462951660156,101.10420227050781,73.20018768310547,35.44286346435547,33.6544075012207,138.55271911621094,88.04505920410156,5214.080078125
2024-05-10,44.182830810546875,79.8866195678711,44.008880615234375,40.56221008300781,122.19213104248047,101.47943115234375,73.61750793457031,35.3121223449707,33.62138366699219,138.83309936523438,87.5730209350586,5222.68017578125
2024-05-13,44.153968811035156,79.74011993408203,43.89161682128906,40.39735794067383,121.67684936523438,101.95834350585938,73.40882873535156,35.405513763427734,33.62138366699219,138.69775390625,87.45992279052734,5221.419921875
2024-05-14,44.197265625,80.10151672363281,43.947906494140625,40.60099411010742,121.64766693115234,102.86184692382812,73.26657104492188,35.65767288208008,33.71101379394531,139.2875213623047,87.85820770263672,5246.68017578125
2024-05-15,44.27424240112305,80.60941314697266,44.0463981628418,40.90159606933594,122.4449234008789,105.1773910522461,73.31399536132812,36.264732360839844,34.215782165527344,141.3566131591797,87.990966796875,5308.14990234375
2024-05-16,43.956722259521484,80.5508041381836,43.9244499206543,40.90159606933594,121.71573638916016,104.81204223632812,74.3572769165039,36.19935607910156,34.09785079956055,141.19227600097656,87.42058563232422,5297.10009765625
2024-05-17,44.331966400146484,80.68753814697266,44.538883209228516,41.202205657958984,121.85185241699219,104.58000183105469,74.17707061767578,36.19935607910156,34.126155853271484,141.46298217773438,87.8680419921875,5303.27001953125
2024-05-20,44.39450454711914,80.92195892333984,44.248077392578125,40.63978576660156,122.0851821899414,105.8093490600586,73.6649169921875,35.97521209716797,34.069541931152344,141.1632537841797,87.21406555175781,5308.1298828125
2024-05-21,44.39450454711914,80.81451416015625,44.03232192993164,40.90159606933594,121.68656921386719,105.98217010498047,74.10118103027344,35.94718933105469,34.37617874145508,141.40496826171875,87.77461242675781,5321.41015625
2024-05-22,43.96152877807617,80.91218566894531,43.18807601928711,40.66886901855469,121.83240509033203,106.21916198730469,73.80718994140625,35.63899230957031,33.97047805786133,141.6563720703125,86.86003875732422,5307.009765625
2024-05-23,43.57185363769531,79.99407958984375,42.794090270996094,40.1064567565918,120.39348602294922,105.35513305664062,72.93462371826172,34.88250732421875,33.39494323730469,140.10939025878906,85.45375061035156,5267.83984375
2024-05-24,43.95191192626953,81.0196304321289,42.85506820678711,40.348876953125,121.00599670410156,106.24384307861328,73.12431335449219,34.88250732421875,33.729888916015625,139.63560485839844,86.31425476074219,5304.72021484375
2024-05-28,43.783531188964844,81.15637969970703,43.29595184326172,39.90282440185547,119.52818298339844,106.69313049316406,72.55524444580078,34.677040100097656,33.69686508178711,137.94358825683594,86.10282135009766,5306.0400390625
2024-05-29,43.158119201660156,80.72661590576172,42.531436920166016,39.58281326293945,117.83646392822266,106.01673126220703,72.03360748291016,34.350162506103516,33.262855529785156,136.87034606933594,85.53736877441406,5266.9501953125
2024-05-30,43.509315490722656,80.46289825439453,42.65338134765625,39.7961540222168,118.64344024658203,103.59748840332031,72.22329711914062,34.84514617919922,33.71101379394531,136.9380340576172,86.04380798339844,5235.47998046875
2024-05-31,44.03369140625,81.32242584228516,43.71338653564453,40.377967834472656,120.08236694335938,103.76042938232422,73.3519287109375,35.5362663269043,34.305419921875,138.93943786621094,86.52567291259766,5277.509765625
2024-06-03,43.77391052246094,81.64473724365234,42.5689582824707,40.12584686279297,118.6142578125,104.02208709716797,73.323486328125,35.39617156982422,33.91387176513672,139.91600036621094,86.48634338378906,5283.39990234375
2024-06-04,43.28801727294922,81.95730590820312,42.16090393066406,39.94160461425781,118.32258605957031,104.23933410644531,73.95893859863281,35.732383728027344,33.89971923828125,140.32208251953125,86.5748519897461,5291.33984375
2024-06-05,43.58628845214844,82.95355224609375,42.15621566772461,40.05796813964844,119.5184555053711,106.55487823486328,73.7977066040039,35.68569564819336,33.706295013427734,140.960205078125,87.08131408691406,5354.02978515625
2024-06-06,43.634395599365234,83.00241088867188,42.37665939331055,40.03857421875,118.8087158203125,106.19940185546875,74.02533721923828,35.74173355102539,33.35720443725586,141.42430114746094,87.71562194824219,5352.9599609375
2024-06-07,43.19660949707031,82.43589782714844,42.20781326293945,40.222816467285156,118.93509674072266,106.44625854492188,73.65543365478516,35.4615478515625,32.99396514892578,141.57899475097656,87.35668182373047,5346.990234375
2024-06-10,43.1533088684082,82.64100646972656,42.5267448425293,40.06766891479492,119.3045654296875,106.71780395507812,73.59852600097656,35.63899230957031,33.41853332519531,142.10113525390625,87.6369400024414,5360.7900390625
2024-06-11,43.138877868652344,82.79727935791016,42.44232177734375,39.61191177368164,118.62398529052734,108.70256805419922,73.56059265136719,35.52692413330078,33.2156867980957,141.51132202148438,87.40583801269531,5375.31982421875
2024-06-12,43.22066116333008,82.62146759033203,41.98736572265625,39.57312774658203,119.75179290771484,111.10698699951172,72.75442504882812,35.779090881347656,32.99867630004883,141.2116241455078,88.31549072265625,5421.02978515625
2024-06-13,43.20623016357422,81.90845489501953,41.60276412963867,39.54403305053711,118.98371124267578,111.98580932617188,72.84925842285156,35.9565315246582,33.07415771484375,141.09556579589844,88.38434600830078,5433.740234375
2024-06-14,42.80693054199219,82.17216491699219,41.293209075927734,39.417972564697266,117.78785705566406,112.40547180175781,72.98204040527344,35.98455810546875,32.99396514892578,141.04722595214844,87.68610382080078,5431.60009765625
2024-06-17,43.12444305419922,82.56285858154297,41.40107345581055,39.76705551147461,119.09066009521484,114.10881805419922,73.67439270019531,35.79776382446289,32.63071823120117,140.90220642089844,89.22515869140625,5473.22998046875
2024-06-18,43.07633590698242,82.07451629638672,41.574615478515625,40.01918411254883,119.73234558105469,114.25199890136719,73.76924133300781,35.93785095214844,32.644866943359375,141.08592224121094,88.92520904541016,5487.02978515625
2024-06-20,43.11962890625,82.42613220214844,42.33913803100586,40.23251724243164,119.81011962890625,112.96831512451172,73.60801696777344,35.84446334838867,32.927921295166016,141.5500030517578,89.03829956054688,5473.169921875
2024-06-21,43.12444305419922,82.96332550048828,42.095237731933594,40.07736587524414,119.55733489990234,112.77082824707031,73.6649169921875,35.93785095214844,32.734500885009766,141.94644165039062,89.79061126708984,5464.6201171875
2024-06-24,43.40238952636719,83.24144744873047,43.15665817260742,40.48917007446289,120.06562042236328,110.00608825683594,74.4504165649414,36.18031311035156,33.16487503051758,142.7744140625,89.40724182128906,5447.8701171875
2024-06-25,42.85133743286133,84.17179107666016,43.25594711303711,40.187374114990234,119.04125213623047,112.02400207519531,73.97262573242188,35.670860290527344,32.851009368896484,142.32789611816406,89.04753112792969,5469.2998046875
2024-06-26,42.82233810424805,84.18158721923828,42.83043670654297,39.93425369262695,118.71930694580078,111.89540100097656,73.81971740722656,35.62369155883789,32.713104248046875,141.8231658935547,90.33857727050781,5477.89990234375
2024-06-27,42.70148849487305,84.66144561767578,42.929725646972656,39.88557815551758,118.84613037109375,111.9498062133789,73.50438690185547,35.944454193115234,32.77016830444336,141.59017944335938,90.89046478271484,5482.8701171875
2024-06-28,42.686988830566406,83.88780212402344,43.09520721435547,40.021873474121094,118.8949203491211,111.89045715332031,73.17948150634766,36.23691940307617,32.403995513916016,141.47372436523438,89.88029479980469,5460.47998046875
2024-07-01,42.029598236083984,83.53524017333984,43.11884307861328,40.1094856262207,117.61689758300781,112.73621368408203,72.66345977783203,35.88785171508789,32.180484771728516,140.6777801513672,90.18582153320312,5475.08984375
2024-07-02,42.106937408447266,84.27951049804688,43.08574676513672,40.576786041259766,118.26078796386719,113.30004119873047,73.16991424560547,36.03879928588867,32.346923828125,140.16331481933594,91.94005584716797,5509.009765625
2024-07-03,42.421138763427734,84.30889892578125,43.274864196777344,40.450225830078125,118.6900405883789,114.82830047607422,73.04569244384766,36.00106430053711,32.54190444946289,139.09561157226562,92.52644348144531,5537.02001953125
2024-07-05,42.48881149291992,85.94435119628906,42.59877014160156,40.44049072265625,118.26078796386719,115.17947387695312,73.94395446777344,36.133140563964844,32.59896469116211,140.17303466796875,93.28038024902344,5567.18994140625
2024-07-08,42.61448669433594,85.17069244384766,42.33872985839844,40.33340072631836,118.4071273803711,115.96585845947266,73.82927703857422,36.21805191040039,32.63225555419922,140.01771545410156,93.3247299194336,5572.85009765625
2024-07-09,42.179447174072266,85.43509674072266,41.9652214050293,40.64493179321289,117.89005279541016,115.87188720703125,73.63816833496094,36.22748565673828,32.72736358642578,140.69720458984375,93.63516998291016,5576.97998046875
2024-07-10,42.7449951171875,85.97372436523438,42.248897552490234,40.800697326660156,118.94369506835938,117.5534896850586,73.96306610107422,36.482208251953125,33.03647232055664,142.02700805664062,94.3398208618164,5633.91015625
2024-07-11,43.32987976074219,84.79853820800781,42.6885986328125,41.12196350097656,120.45585632324219,114.6106948852539,73.6859359741211,37.45393753051758,33.64042282104492,143.0267791748047,93.14239501953125,5584.5400390625
2024-07-12,43.745582580566406,84.52434539794922,42.797340393066406,41.25825881958008,121.14852905273438,115.63449096679688,74.0108413696289,37.72753143310547,33.88771057128906,143.91978454589844,94.35954284667969,5615.35009765625
2024-07-15,43.63440704345703,84.82793426513672,43.445072174072266,41.861839294433594,122.01679992675781,115.84221649169922,73.5808334350586,37.88791275024414,33.06501007080078,143.4150390625,94.2511215209961,5631.22021484375
2024-07-16,44.48031997680664,85.05317687988281,43.638919830322266,42.3388786315918,125.06063079833984,115.4564437866211,74.2879638671875,38.24641418457031,33.32180404663086,145.46311950683594,95.9413070678711,5667.2001953125
2024-07-17,44.38847732543945,83.77027130126953,44.073883056640625,42.66013717651367,123.4606704711914,110.96559143066406,75.24356842041016,38.5860481262207,33.3408317565918,146.12318420410156,94.3398208618164,5588.27001953125
2024-07-18,43.94860076904297,83.7213134765625,44.15426254272461,42.14417266845703,122.49482727050781,110.97547149658203,74.87088775634766,38.265281677246094,33.31229782104492,142.80352783203125,93.37892150878906,5544.58984375
2024-07-19,43.557071685791016,83.34916687011719,43.67201614379883,41.71581268310547,121.8216781616211,109.23947143554688,74.62242126464844,38.21810531616211,33.350337982177734,143.53152465820312,92.54615783691406,5505.0
2024-07-22,43.702083587646484,83.70172119140625,43.39779281616211,41.949459075927734,123.06067657470703,111.82616424560547,74.67019653320312,38.59547424316406,33.63090896606445,144.3565673828125,93.56619262695312,5564.41015625
2024-07-23,43.87609100341797,83.58419799804688,42.70751190185547,42.027339935302734,122.8265380859375,111.38104248046875,74.40264129638672,38.529441833496094,33.421669006347656,144.26922607421875,93.1473388671875,5555.740234375
2024-07-24,43.31538391113281,81.40033721923828,42.71223831176758,41.45296096801758,120.18269348144531,106.771484375,74.33574676513672,38.001121520996094,33.797359466552734,145.47283935546875,89.3382568359375,5427.1298828125
2024-07-25,43.436222076416016,80.46021270751953,43.449798583984375,41.608734130859375,121.14852905273438,105.62899780273438,74.2497329711914,37.79357147216797,33.516780853271484,144.74484252929688,88.98839569091797,5399.22021484375
2024-07-26,44.14678955078125,81.96834564208984,43.586910247802734,42.2609977722168,123.21678161621094,106.96931457519531,75.00466918945312,38.425662994384766,33.844913482666016,145.56019592285156,89.98377990722656,5459.10009765625
2024-07-29,44.224124908447266,82.69303894042969,43.213401794433594,42.20257568359375,123.00214385986328,106.49452209472656,75.0333251953125,38.670955657958984,33.99708557128906,145.64756774902344,91.4867172241211,5463.5400390625
2024-07-30,44.07911682128906,83.02598571777344,43.884769439697266,42.6893424987793,123.36311340332031,103.81880950927734,74.52685546875,38.9539794921875,34.17304229736328,145.7737579345703,90.97917175292969,5436.43994140625
2024-07-31,44.53832244873047,84.01510620117188,44.069156646728516,42.58226013183594,124.73868560791016,108.21568298339844,74.39308166503906,38.85963821411133,34.615299224853516,145.23989868164062,92.38848114013672,5522.2998046875
2024-08-01,44.359474182128906,84.35786437988281,42.9013557434082,41.978668212890625,122.42655181884766,104.17985534667969,75.08111572265625,39.46343231201172,35.2382698059082,146.7249755859375,90.12175750732422,5446.68017578125
2024-08-02,43.52322769165039,82.98682403564453,41.795021057128906,40.94672775268555,119.73392486572266,101.25189208984375,75.74047088623047,39.491729736328125,35.295345306396484,146.43380737304688,86.80545806884766,5346.56005859375
2024-08-05,42.55164337158203,80.60710144042969,40.873069763183594,39.75901794433594,117.65592193603516,97.8788070678711,74.2497329711914,38.35018539428711,34.36326217651367,142.5220489501953,84.35147094726562,5186.330078125
2024-08-06,42.7691650390625,81.5570297241211,41.12364959716797,40.401546478271484,119.07052612304688,99.2092514038086,74.7657699584961,39.19926834106445,34.653350830078125,143.1820831298828,85.28280639648438,5240.02978515625
2024-08-07,42.18910598754883,81.12612915039062,41.28913116455078,40.450225830078125,118.49493408203125,97.60183715820312,74.84221649169922,38.91624069213867,34.84832000732422,141.72607421875,83.7946548461914,5199.5
2024-08-08,42.841670989990234,82.74199676513672,42.17798614501953,41.10249328613281,121.22657012939453,101.24695587158203,75.52069854736328,39.24644088745117,34.88636779785156,144.86131286621094,85.62281799316406,5319.31005859375
2024-08-09,42.80783462524414,83.44710540771484,42.272544860839844,41.27772521972656,121.24607849121094,101.70197296142578,75.6353530883789,39.44456100463867,35.005252838134766,145.57960510253906,85.90860748291016,5344.16015625
2024-08-12,42.61931610107422,82.86932373046875,42.480567932128906,41.06354904174805,120.63146209716797,102.53286743164062,75.25311279296875,39.208709716796875,35.06707000732422,145.0263214111328,85.568603515625,5344.39013671875
2024-08-13,43.0446891784668,83.9465560913086,42.069236755371094,41.40428161621094,121.89973449707031,105.68339538574219,75.59712982177734,39.48229217529297,35.27156448364258,146.78321838378906,87.7121353149414,5434.43017578125
2024-08-14,43.0446891784668,83.46669006347656,42.315093994140625,41.9105224609375,122.39726257324219,106.2620620727539,75.94115447998047,39.62380599975586,35.24778747558594,147.30738830566406,87.24401092529297,5455.2099609375
2024-08-15,43.72624969482422,84.22075653076172,42.820980072021484,42.29993438720703,124.0460205078125,109.318603515625,76.7247314453125,39.51060104370117,35.2430305480957,148.22952270507812,90.02812194824219,5543.22021484375
2024-08-16,43.7794189453125,84.47537994384766,42.773704528808594,42.61146545410156,123.87042236328125,109.5016098022461,76.93497467041016,39.491729736328125,35.39996337890625,148.3848114013672,90.24002838134766,5554.25
2024-08-19,43.98727035522461,85.43509674072266,43.06210708618164,42.84510803222656,124.62161254882812,111.30685424804688,77.1929702758789,39.72758865356445,35.63298416137695,149.2875213623047,91.34874725341797,5608.25
2024-08-20,43.827754974365234,85.37635040283203,41.927398681640625,42.70882034301758,124.28015899658203,110.91612243652344,77.57521057128906,39.765323638916016,35.5568962097168,149.8893280029297,91.26497650146484,5597.1201171875
2024-08-21,44.33047103881836,85.73869323730469,41.99831771850586,42.64067077636719,125.03136444091797,111.5689926147461,78.10079193115234,39.897403717041016,35.808937072753906,150.14170837402344,92.41803741455078,5620.85009765625
2024-08-22,44.238624572753906,85.09233856201172,42.107059478759766,42.88405227661133,124.8752670288086,109.00205993652344,77.98612976074219,40.14269256591797,35.76613235473633,150.23880004882812,90.82147979736328,5570.64013671875
2024-08-23,44.82351303100586,85.68973541259766,42.735877990722656,43.253997802734375,126.12403106689453,110.76774597167969,78.20590209960938,40.916297912597656,35.866004943847656,150.88909912109375,92.57572174072266,5634.60986328125
2024-08-26,45.02170181274414,85.88558197021484,43.11884307861328,43.39028549194336,125.98744201660156,109.37796020507812,78.7601547241211,40.88800048828125,36.099021911621094,150.8114776611328,91.85629272460938,5616.83984375
2024-08-27,45.02653503417969,85.68973541259766,42.71696853637695,43.614200592041016,126.06548309326172,110.04071807861328,78.95127868652344,40.99177551269531,35.813690185546875,151.04441833496094,91.61483764648438,5625.7998046875
2024-08-28,44.83318328857422,85.12171936035156,42.44274139404297,43.721290588378906,126.00696563720703,108.5223159790039,78.61680603027344,40.85026168823242,35.813690185546875,151.21913146972656,90.72785949707031,5592.18017578125
2024-08-29,45.07970428466797,84.94544219970703,42.99591827392578,44.11070251464844,126.89474487304688,107.54304504394531,78.22501373291016,40.689884185791016,36.0086669921875,151.53945922851562,90.83626556396484,5591.9599609375
2024-08-30,45.57274627685547,85.5134506225586,43.15665817260742,44.52931594848633,128.2508087158203,108.97240447998047,78.84616088867188,41.086116790771484,36.27973175048828,152.58778381347656,92.2061538696289,5648.39990234375
2024-09-03,44.53832244873047,83.9465560913086,42.08342742919922,44.19832229614258,125.41184997558594,103.96717834472656,79.40040588378906,41.18046569824219,36.227420806884766,152.2965545654297,90.93974304199219,5528.93017578125
2024-09-04,44.354637145996094,83.54502868652344,41.501888275146484,44.24699783325195,125.53865814208984,103.7000961303711,79.77308654785156,41.274803161621094,36.53652572631836,152.03451538085938,91.17627716064453,5520.06982421875
2024-09-05,44.006614685058594,83.78986358642578,41.18038558959961,43.760231018066406,124.0752944946289,103.54183959960938,79.46730041503906,41.16159439086914,36.446170806884766,149.9475860595703,92.21109008789062,5503.41015625
2024-09-06,43.45072555541992,82.03689575195312,40.6650390625,43.117698669433594,122.81678009033203,100.85623168945312,79.3048324584961,41.16159439086914,36.099021911621094,149.4331512451172,89.88029479980469,5408.419921875
2024-09-09,43.87126541137695,82.38943481445312,40.95817184448242,43.760231018066406,124.69966888427734,102.50814819335938,79.91642761230469,41.65217590332031,36.46519470214844,150.4814453125,91.19105529785156,5471.0498046875
2024-09-10,43.89059829711914,82.36985778808594,40.25370788574219,43.312408447265625,124.9142837524414,104.04136657714844,79.89730834960938,42.38804626464844,36.636390686035156,151.1706085205078,92.23571014404297,5495.52001953125
2024-09-11,43.99694061279297,82.71260833740234,39.88020324707031,43.107967376708984,125.1386947631836,107.59249877929688,79.15194702148438,42.27483367919922,36.750526428222656,150.72410583496094,93.15718841552734,5554.1298828125
2024-09-12,44.40298080444336,84.25993347167969,40.239524841308594,43.20531463623047,126.10449981689453,108.48275756835938,79.6393051147461,42.350303649902344,36.83136749267578,151.26766967773438,94.20677185058594,5595.759765625
2024-09-13,44.80418014526367,85.07276916503906,40.466461181640625,43.331878662109375,127.38253784179688,109.02680969238281,80.2031021118164,42.652198791503906,37.34971237182617,151.57830810546875,94.84736633300781,5626.02001953125
2024-09-16,45.219886779785156,85.96393585205078,40.929805755615234,43.89652633666992,128.0361785888672,108.6113510131836,80.51844787597656,42.79371643066406,37.63504409790039,152.62660217285156,94.68475341796875,5633.08984375
2024-09-17,45.3068962097168,85.96393585205078,41.48297119140625,44.13017272949219,128.73861694335938,108.39866638183594,79.75396728515625,42.45408248901367,37.60651397705078,151.0541229248047,95.16765594482422,5634.580078125
2024-09-18,45.11354064941406,85.8953857421875,41.56334686279297,43.99387741088867,128.6313018798828,107.40950775146484,79.44817352294922,42.3314323425293,37.321189880371094,150.8017578125,94.98041534423828,5618.259765625
2024-09-19,45.795101165771484,87.06076049804688,42.05978012084961,44.48064422607422,130.8458709716797,110.59959411621094,78.97993469238281,42.227657318115234,37.10243606567383,151.3453369140625,97.14366149902344,5713.64013671875
2024-09-20,45.47124099731445,87.06076049804688,41.9652214050293,44.45143508911133,129.92880249023438,110.06048583984375,79.3621826171875,42.15218734741211,38.082061767578125,150.72410583496094,96.92192840576172,5702.5498046875
2024-09-23,45.868408203125,87.25624084472656,42.4833984375,44.39769744873047,130.80087280273438,110.04017639160156,79.82233428955078,42.618656158447266,38.45981979370117,150.4289093017578,98.09957122802734,5718.56982421875
2024-09-24,46.494747161865234,87.66879272460938,42.37852096557617,44.02641296386719,131.74050903320312,110.79329681396484,79.63020324707031,42.618656158447266,38.186920166015625,150.1268768310547,98.95875549316406,5732.93017578125
2024-09-25,46.18400192260742,87.39376068115234,41.549068450927734,43.76260757446289,131.12388610839844,111.11039733886719,79.42845153808594,42.438148498535156,38.387996673583984,148.6654510498047,98.60324096679688,5722.259765625
2024-09-26,47.140506744384766,87.88490295410156,40.733909606933594,43.98733139038086,131.7796630859375,112.58197021484375,79.61099243164062,42.020137786865234,38.12467575073242,149.162353515625,99.02294921875,5745.3701171875
2024-09-27,47.05796432495117,88.41532897949219,41.5633659362793,44.11435317993164,131.96560668945312,111.53156280517578,79.75508880615234,42.07714080810547,38.50291061401367,149.0843963623047,99.17108917236328,5738.169921875
2024-09-30,46.795772552490234,88.79842376708984,41.85415267944336,44.280452728271484,132.56265258789062,111.85857391357422,79.73587799072266,42.438148498535156,38.67526626586914,150.0586700439453,98.93900299072266,5762.47998046875
2024-10-01,46.67925262451172,88.86717987060547,42.80754852294922,44.045955657958984,132.63116455078125,109.13345336914062,79.46688842773438,42.181640625,38.98646926879883,149.26953125,98.53904724121094,5708.75
2024-10-02,46.49959945678711,88.59213256835938,43.246116638183594,44.094810485839844,132.38645935058594,109.94108581542969,78.79441833496094,42.029640197753906,39.00562286376953,148.9674835205078,97.70455169677734,5709.5400390625
2024-10-03,45.98493576049805,88.28764343261719,44.00883102416992,43.860313415527344,131.7111358642578,110.39691925048828,78.00666046142578,41.62112045288086,38.99125671386719,147.6229705810547,96.57379150390625,5699.93994140625
2024-10-04,46.208282470703125,89.2699203491211,44.41879653930664,44.60287857055664,132.63116455078125,111.62570190429688,78.26605987548828,41.34560775756836,38.92901611328125,147.73988342285156,97.85269165039062,5751.06982421875
2024-10-07,46.07232666015625,88.071533203125,44.57610321044922,44.05572509765625,132.30816650390625,110.85771942138672,77.48790740966797,41.041595458984375,38.03371047973633,147.08709716796875,96.33184051513672,5695.93994140625
2024-10-08,45.85869216918945,88.84754180908203,43.41295623779297,44.309757232666016,132.601806640625,112.92880249023438,77.87217712402344,41.165103912353516,38.05286407470703,147.88601684570312,97.27003479003906,5751.1298828125
2024-10-09,46.150020599365234,88.87699890136719,43.675140380859375,44.72013473510742,133.78610229492188,114.19226837158203,78.34290313720703,41.18410110473633,37.727298736572266,149.39614868164062,97.96625518798828,5792.0400390625
2024-10-10,46.2568359375,88.2188720703125,43.97069549560547,44.583335876464844,133.10096740722656,114.16254425048828,77.9970703125,40.84209060668945,37.612388610839844,148.84083557128906,97.48234558105469,5780.0498046875
2024-10-11,46.55786895751953,88.82788848876953,44.24241256713867,45.443153381347656,135.47935485839844,114.36072540283203,78.42935943603516,41.26010513305664,37.94274139404297,149.9320068359375,97.06757354736328,5815.02978515625
2024-10-14,46.82490539550781,89.24044799804688,44.22334289550781,45.72650146484375,136.2917022705078,115.85211944580078,78.74638366699219,41.54511642456055,38.4215202331543,150.76014709472656,97.49223327636719,5859.85009765625
2024-10-15,46.7763557434082,89.4369125366211,42.79801940917969,45.824214935302734,135.24441528320312,113.30535888671875,79.24593353271484,42.06763458251953,38.5938720703125,148.91876220703125,97.70455169677734,5815.259765625
2024-10-16,47.140506744384766,89.37796783447266,43.00299835205078,46.39091110229492,136.2917022705078,113.65714263916016,79.18828582763672,42.485652923583984,39.35990905761719,149.33770751953125,98.21809387207031,5842.47021484375
2024-10-17,47.21333694458008,88.9555892944336,43.207977294921875,46.517921447753906,135.9002227783203,114.00398254394531,78.83284759521484,42.210140228271484,39.010406494140625,148.47061157226562,98.12920379638672,5841.47021484375
2024-10-18,47.40269470214844,89.61373138427734,43.064964294433594,46.52769470214844,136.311279296875,114.4102783203125,79.00576782226562,42.50465393066406,39.23542785644531,149.19158935546875,98.51435852050781,5864.669921875
2024-10-21,47.038543701171875,89.26010131835938,42.936256408691406,46.156410217285156,135.8317108154297,114.94539642333984,78.34290313720703,41.630615234375,39.08222198486328,147.43785095214844,97.74900817871094,5853.97998046875
2024-10-22,46.606414794921875,89.38780212402344,43.0363655090332,46.068477630615234,134.18739318847656,114.82646942138672,78.7848129272461,41.697120666503906,38.94337463378906,147.2235107421875,97.35397338867188,5851.2001953125
2024-10-23,46.48018264770508,88.71001434326172,42.81231689453125,46.02939224243164,133.7958984375,113.1814956665039,78.631103515625,42.10563659667969,39.31682586669922,146.53176879882812,95.82324981689453,5797.419921875
2024-10-24,45.91210174560547,89.0145263671875,42.80754852294922,46.068477630615234,132.87583923339844,113.51347351074219,78.52542877197266,42.20063781738281,39.06306076049805,145.56723022460938,98.8451919555664,5809.85986328125
2024-10-25,45.620784759521484,89.24044799804688,42.793251037597656,45.56040573120117,132.5234832763672,114.10307312011719,77.87217712402344,41.86812973022461,38.48375701904297,144.768310546875,99.1562728881836,5808.1201171875
2024-10-28,45.99950408935547,89.81017303466797,42.52153015136719,46.12710189819336,132.9149932861328,114.06840515136719,78.01627349853516,42.001136779785156,38.78538131713867,144.98268127441406,99.38835144042969,5823.52001953125
2024-10-29,45.70332336425781,90.65493774414062,41.87322235107422,45.84375,132.7388153076172,115.60437774658203,77.24773406982422,41.62112045288086,37.95710754394531,144.5832061767578,98.86988067626953,5832.919921875
2024-10-30,45.95094680786133,91.20501708984375,41.968563079833984,46.0489387512207,132.51370239257812,113.76615905761719,77.12284851074219,41.773128509521484,37.86613845825195,144.31039428710938,98.73161315917969,5813.669921875
2024-10-31,45.34402847290039,90.40937042236328,42.23073959350586,45.413841247558594,130.9868621826172,110.114501953125,76.96914672851562,41.041595458984375,38.258731842041016,143.09255981445312,97.22065734863281,5705.4501953125
2024-11-01,45.21778869628906,90.76299285888672,41.96379089355469,45.57017517089844,131.16302490234375,110.94194793701172,76.99795532226562,40.60457992553711,37.406517028808594,143.940185546875,98.80075073242188,5728.7998046875
2024-11-04,45.416866302490234,90.4584732055664,42.697914123535156,45.21843338012695,131.0162353515625,110.85771942138672,77.20931243896484,41.06059646606445,36.96126174926758,142.99513244628906,98.46004486083984,5712.68994140625
2024-11-05,45.48483657836914,91.46041870117188,42.983924865722656,45.6385612487793,133.20864868164062,112.41846466064453,77.69924926757812,41.62112045288086,37.51663589477539,144.04736328125,100.20308685302734,5782.759765625
2024-11-06,46.111175537109375,93.7098388671875,44.599937438964844,48.413421630859375,138.42538452148438,115.6192398071289,76.43115997314453,40.50957107543945,37.12882995605469,144.2324676513672,103.40773010253906,5929.0400390625
2024-11-07,46.29081726074219,94.93769836425781,44.39495086669922,47.63177490234375,137.59344482421875,117.63581848144531,76.70974731445312,41.013099670410156,37.195858001708984,145.2749481201172,104.73601531982422,5973.10009765625
2024-11-08,45.868408203125,94.47602081298828,44.69050979614258,48.061683654785156,139.07138061523438,117.50700378417969,77.64160919189453,41.71612548828125,37.90922927856445,146.31744384765625,106.22227478027344,5995.5400390625
2024-11-11,45.66933822631836,95.0064468383789,44.94316101074219,48.74562454223633,140.14801025390625,116.8579330444336,77.37261962890625,41.35511016845703,38.01456069946289,145.46005249023438,108.36529541015625,6001.35009765625
2024-11-12,44.892478942871094,95.43865966796875,44.704811096191406,48.59906768798828,138.9441375732422,117.00655364990234,77.45907592773438,40.832584381103516,37.57887268066406,143.43357849121094,106.91851043701172,5983.990234375
2024-11-13,44.999298095703125,95.47795867919922,45.05280303955078,48.62837600708008,139.23776245117188,116.60027313232422,77.68964385986328,41.15559387207031,37.51184844970703,143.05361938476562,107.83202362060547,5985.3798828125
2024-11-14,44.63029479980469,95.36988830566406,45.22441864013672,48.50135803222656,136.88873291015625,116.20389556884766,77.49750518798828,40.78508758544922,37.38257598876953,140.80300903320312,106.3012924194336,5949.169921875
2024-11-15,44.319557189941406,93.46427154541016,45.15768051147461,48.7260856628418,136.15467834472656,113.32022857666016,76.81543731689453,40.832584381103516,37.94274139404297,138.19192504882812,105.39273834228516,5870.6201171875
2024-11-18,44.664283752441406,94.38760375976562,45.75831604003906,48.87264633178711,135.96871948242188,113.68688201904297,77.35340881347656,41.193599700927734,38.27309036254883,138.28936767578125,106.36549377441406,5893.6201171875
2024-11-19,44.51862716674805,95.0064468383789,45.467529296875,48.550209045410156,135.8512725830078,114.61837005615234,77.45907592773438,41.36460876464844,38.517269134521484,137.57815551757812,106.44448852539062,5916.97998046875
2024-11-20,44.88277816772461,95.61547088623047,45.92516326904297,48.40365219116211,135.99807739257812,114.519287109375,77.06521606445312,41.2981071472168,38.536415100097656,139.20521545410156,105.97539520263672,5917.10986328125
2024-11-21,45.431427001953125,95.36988830566406,46.2969856262207,49.01919937133789,137.7011260986328,115.68363952636719,77.90099334716797,41.57361602783203,39.206703186035156,140.3256072998047,106.16304016113281,5948.7099609375
2024-11-22,45.68389892578125,95.16361236572266,46.368492126464844,49.56636047363281,139.61947631835938,115.74310302734375,78.62149810791016,41.88713073730469,38.99604415893555,140.4522705078125,107.69375610351562,5969.33984375
2024-11-25,46.15487289428711,95.65475463867188,45.45322799682617,49.888790130615234,140.4905548095703,115.73814392089844,79.05379486083984,42.44765090942383,39.0678596496582,141.65061950683594,108.79489135742188,5987.3701171875
2024-11-26,45.810142517089844,96.00838470458984,45.39125442504883,49.98649597167969,140.65696716308594,116.3178482055664,79.38043975830078,42.65666580200195,39.69026184082031,142.4105682373047,109.1899185180664,6021.6298828125
2024-11-27,45.78586959838867,96.13607025146484,45.343589782714844,50.08420181274414,140.13821411132812,114.74224853515625,79.54374694824219,42.951168060302734,39.69026184082031,143.17050170898438,108.65168762207031,5998.740234375
2024-11-29,46.0189208984375,96.65668487548828,45.53903579711914,50.162357330322266,140.93101501464844,115.80751037597656,79.94722747802734,42.75166320800781,39.70462417602539,143.61866760253906,109.76763916015625,6032.3798828125
2024-12-02,45.98978805541992,97.45234680175781,45.05756759643555,49.664066314697266,139.89352416992188,116.90746307373047,79.85115814208984,42.10563659667969,38.852413177490234,143.3653564453125,110.72557067871094,6047.14990234375
2024-12-03,45.8441276550293,98.23817443847656,45.05280303955078,49.292781829833984,139.01263427734375,117.32862091064453,79.43807220458984,41.85862731933594,38.517269134521484,143.0438690185547,110.64163970947266,6049.8798828125
2024-12-04,45.397438049316406,98.4640884399414,43.9659309387207,49.10713577270508,139.61947631835938,119.47403717041016,79.21712493896484,41.744625091552734,38.512481689453125,142.96591186523438,111.668701171875,6086.490234375
2024-12-05,44.800235748291016,98.23817443847656,44.13753890991211,49.253700256347656,137.9262237548828,118.86956024169922,79.53414154052734,41.6401252746582,38.63217544555664,141.3680877685547,112.58219909667969,6075.10986328125
2024-12-06,44.62544250488281,99.14185333251953,43.389122009277344,49.24392318725586,137.57388305664062,119.3303451538086,79.14027404785156,41.5831184387207,38.153404235839844,140.56918334960938,114.95235443115234,6090.27001953125
2024-12-09,44.61573028564453,97.02996063232422,43.31761932373047,48.56975173950195,136.3798065185547,118.55245971679688,79.015380859375,41.66862106323242,37.67462921142578,140.97837829589844,114.58695220947266,6052.85009765625
2024-12-10,44.159324645996094,98.55249786376953,43.02206802368164,48.55998229980469,136.04701232910156,116.90746307373047,79.3900375366211,40.99409866333008,37.4017333984375,140.393798828125,114.77458190917969,6034.91015625
2024-12-11,44.00395584106445,100.1634521484375,43.093570709228516,48.65768814086914,135.73379516601562,118.60199737548828,78.7848129272461,40.889591217041016,37.16712951660156,138.48422241210938,116.7892074584961,6084.18994140625
2024-12-12,43.69807052612305,100.35008239746094,42.74557876586914,48.44273376464844,134.8627166748047,117.93807220458984,79.015380859375,40.86109161376953,37.147979736328125,137.38327026367188,115.82140350341797,6051.25
2024-12-13,43.3242073059082,99.15168762207031,42.53106689453125,48.40365219116211,134.51036071777344,118.44344329833984,78.81363677978516,40.69009017944336,37.17191696166992,137.36380004882812,116.28062438964844,6051.08984375
2024-12-16,42.940635681152344,99.53478240966797,41.59673309326172,48.31571578979492,134.62782287597656,119.62763214111328,78.40054321289062,40.481075286865234,36.87507629394531,135.7270050048828,117.85577392578125,6074.080078125
2024-12-17,42.702720642089844,98.78825378417969,41.28688430786133,47.97374725341797,133.3946075439453,118.90423583984375,78.26605987548828,40.300559997558594,36.72187042236328,135.6295928955078,118.22611236572266,6050.60986328125
2024-12-18,41.4888916015625,95.96907806396484,40.066532135009766,46.5374641418457,129.62637329101562,115.06925201416016,77.0748062133789,38.7235107421875,35.855289459228516,133.78819274902344,112.8982162475586,5872.16015625
2024-12-19,41.042198181152344,95.7038803100586,39.718544006347656,46.70356369018555,129.4600067138672,115.19312286376953,76.52723693847656,38.0584831237793,36.01808166503906,132.77493286132812,112.74515533447266,5867.080078125
2024-12-20,41.55200958251953,96.22449493408203,40.10943603515625,47.397274017333984,130.97706604003906,116.91242980957031,76.79621124267578,38.752010345458984,36.59260559082031,134.45069885253906,113.03153228759766,5930.85009765625
2024-12-23,41.51980209350586,96.7503890991211,40.344974517822266,47.51110076904297,130.9475555419922,118.15115356445312,76.3916015625,38.92869186401367,36.71714782714844,135.79347229003906,113.37437438964844,5974.06982421875
2024-12-24,41.74430465698242,97.6662826538086,40.686275482177734,48.070404052734375,131.9705810546875,119.37202453613281,76.89495086669922,39.18796157836914,36.91990280151367,136.35133361816406,115.99637603759766,6040.0400390625
2024-12-26,41.68085479736328,97.53826141357422,40.652626037597656,48.18815231323242,132.06895446777344,119.45142364501953,77.1369400024414,39.245574951171875,36.8330078125,136.62535095214844,115.56597900390625,6037.58984375
2024-12-27,41.45634841918945,96.67160034179688,40.6478157043457,47.83490753173828,131.0852508544922,117.86331176757812,76.75942993164062,38.92869186401367,36.726806640625,135.98919677734375,113.6563720703125,5970.83984375
2024-12-30,40.89994812011719,95.65721893310547,40.64301300048828,47.37372970581055,129.7671356201172,116.3645248413086,75.8592300415039,38.74624252319336,36.57233428955078,134.31564331054688,111.83085632324219,5906.93994140625
2024-12-31,41.065895080566406,95.3420639038086,41.17658996582031,47.42279815673828,129.60975646972656,115.39675903320312,76.09153747558594,39.053524017333984,36.53853988647461,134.63861083984375,110.98983764648438,5881.6298828125
2025-01-02,40.61199188232422,95.80493927001953,41.657283782958984,47.30503845214844,129.1572723388672,115.1238021850586,75.8592300415039,38.68862533569336,36.81852340698242,134.67776489257812,109.5304183959961,5868.5498046875
2025-01-03,40.60222625732422,96.39584350585938,42.046653747558594,47.67790603637695,130.5540771484375,116.99977111816406,75.82051086425781,39.21677017211914,37.20954513549805,135.99900817871094,111.74674987792969,5942.47021484375
2025-01-06,40.87554931640625,97.43977355957031,41.8543701171875,47.53072738647461,130.26881408691406,118.48863220214844,75.02678680419922,38.67902755737305,36.79438400268555,136.05770874023438,112.18704986572266,5975.3798828125
2025-01-07,40.85114669799805,96.35645294189453,42.2725830078125,47.42279815673828,130.1409454345703,116.11141967773438,74.76543426513672,38.390953063964844,36.702667236328125,136.73301696777344,110.0152359008789,5909.02978515625
2025-01-08,41.075653076171875,95.7852554321289,42.31584548950195,47.57978439331055,130.6524658203125,116.07172393798828,74.90094757080078,38.55419158935547,36.69301223754883,137.43765258789062,110.32691955566406,5918.25
2025-01-10,40.65591812133789,94.35723114013672,42.4888916015625,46.4317512512207,129.186767578125,113.54064178466797,73.8942642211914,37.622745513916016,36.485435485839844,136.66452026367188,109.24349212646484,5827.0400390625
2025-01-13,41.563724517822266,94.39663696289062,43.38299560546875,46.76536560058594,130.70162963867188,112.73666381835938,74.02010345458984,38.102874755859375,36.06062698364258,138.44570922851562,109.86188507080078,5836.22021484375
2025-01-14,42.08106994628906,94.08148193359375,43.849266052246094,47.34429168701172,132.2460174560547,113.03443145751953,74.03945922851562,38.42936325073242,36.5337028503418,137.016845703125,109.6491470336914,5842.91015625
2025-01-15,42.48128890991211,95.62767028808594,44.498207092285156,48.551204681396484,133.08213806152344,115.2826156616211,73.78779602050781,38.59259796142578,37.069549560546875,137.57469177246094,112.43936920166016,5949.91015625
2025-01-16,42.832698822021484,95.08602142333984,44.82027816772461,48.87500762939453,134.6953582763672,114.39425659179688,74.33953857421875,39.45682907104492,38.00606918334961,138.12277221679688,111.83085632324219,5937.33984375
2025-01-17,43.11089324951172,95.91328430175781,45.1663818359375,49.28712844848633,135.5019989013672,116.18585968017578,74.76543426513672,39.447235107421875,38.059165954589844,137.1929931640625,113.39910888671875,5996.66015625
2025-01-21,43.66240310668945,96.7799301147461,44.93564224243164,49.69923782348633,138.2858123779297,117.15362548828125,75.11389923095703,40.16742706298828,38.643280029296875,139.4635772705078,114.23023223876953,6049.240234375
2025-01-22,43.310997009277344,97.74507904052734,44.11845779418945,49.4637451171875,137.96121215820312,119.79883575439453,74.74607849121094,39.466434478759766,37.80813980102539,139.15036010742188,113.79983520507812,6086.3701171875
2025-01-23,43.55015182495117,98.00114440917969,44.32034683227539,49.7483024597168,139.35801696777344,120.01224517822266,75.01709747314453,39.78331756591797,37.98675537109375,141.00990295410156,114.48748016357422,6118.7099609375
2025-01-24,43.43790054321289,98.88749694824219,43.89252471923828,49.895484924316406,138.767822265625,118.76158905029297,75.40428924560547,39.89855194091797,38.37294387817383,141.23497009277344,113.78992462158203,6101.240234375
2025-01-27,43.46229934692383,99.39958953857422,43.43587112426758,50.444969177246094,136.90863037109375,112.94013977050781,77.44668579101562,40.29225158691406,37.484703063964844,144.4059295654297,114.43801879882812,6012.27978515625
2025-01-28,43.320762634277344,99.88217163085938,43.02246856689453,50.356666564941406,136.00367736816406,115.95260620117188,76.23674011230469,39.80252456665039,36.96817398071289,143.3979034423828,114.5765380859375,6067.7001953125
2025-01-29,43.242671966552734,100.32535552978516,43.11860656738281,50.317413330078125,135.5413360595703,115.0096664428711,76.42064666748047,39.34160232543945,37.04541015625,142.55621337890625,114.25001525878906,6039.31005859375
2025-01-30,43.65264892578125,100.42384338378906,43.339725494384766,50.7982177734375,137.0561981201172,115.22306823730469,77.1756591796875,39.860137939453125,37.817787170410156,144.20040893554688,115.36808776855469,6071.169921875
2025-01-31,43.33539962768555,100.8276138305664,42.12836837768555,50.503849029541016,136.09222412109375,114.54811096191406,76.44969177246094,39.77371597290039,37.595733642578125,143.7404327392578,114.8585205078125,6040.52978515625
2025-02-03,43.37932586669922,101.04428100585938,42.392757415771484,50.29779052734375,134.7445526123047,113.0046615600586,76.749755859375,39.70649719238281,37.79848861694336,144.29830932617188,113.3397445678711,5994.56982421875
2025-02-04,43.5062255859375,101.95033264160156,43.28204345703125,50.1800422668457,134.78390502929688,114.63247680664062,76.10122680664062,39.70649719238281,37.465396881103516,143.9068145751953,114.67548370361328,6037.8798828125
2025-02-05,43.47206115722656,100.96549987792969,43.373382568359375,50.709903717041016,134.88226318359375,116.22555541992188,76.57552337646484,40.330657958984375,37.84193420410156,145.28677368164062,113.37437438964844,6061.47998046875
2025-02-06,43.62336349487305,101.3988265991211,42.57542037963867,51.131832122802734,135.49215698242188,116.54318237304688,76.92398834228516,40.445892333984375,37.79848861694336,143.98512268066406,113.82456970214844,6083.56982421875
2025-02-07,43.091373443603516,101.18215942382812,42.57061004638672,50.8472785949707,135.0888671875,115.545654296875,76.80783081054688,40.301856994628906,37.721248626708984,143.30979919433594,111.59833526611328,6025.990234375
2025-02-10,43.310997009277344,101.63517761230469,43.50797653198242,50.444969177246094,136.2987823486328,117.23302459716797,77.2821273803711,40.35947036743164,38.13157653808594,143.18260192871094,111.9792709350586,6066.43994140625
2025-02-11,43.56479263305664,101.8026123046875,43.858882904052734,50.57253646850586,136.34796142578125,117.2876205444336,78.02747344970703,40.580326080322266,38.32467269897461,142.91835021972656,110.70784759521484,6068.5
2025-02-12,43.2524299621582,101.91093444824219,42.80134582519531,50.39590835571289,135.5019989013672,117.03450775146484,77.96939086914062,40.23463821411133,38.25708770751953,142.71282958984375,110.68805694580078,6051.97021484375
2025-02-13,44.004051208496094,103.08289337158203,43.123409271240234,50.72953414916992,135.63970947265625,118.6921157836914,78.81150817871094,40.55152130126953,38.34397888183594,143.27066040039062,112.35031127929688,6115.06982421875
2025-02-14,43.85274887084961,103.71318817138672,43.29646301269531,50.827659606933594,135.30526733398438,119.09410095214844,78.02747344970703,40.38827896118164,38.1846809387207,141.71456909179688,112.30083465576172,6114.6298828125
2025-02-18,44.40914535522461,103.23062133789062,43.88772201538086,51.19070816040039,136.3676300048828,120.18097686767578,78.30818939208984,40.532318115234375,38.54190444946289,141.4405059814453,111.98915100097656,6129.580078125
2025-02-19,43.88692092895508,103.34880065917969,44.233821868896484,51.210330963134766,136.50535583496094,120.1908950805664,78.9373550415039,40.60913848876953,38.74465560913086,143.28045654296875,111.92485046386719,6144.14990234375
2025-02-20,43.784423828125,102.86621856689453,44.637611389160156,50.42534637451172,135.61019897460938,119.80876159667969,78.62761688232422,40.88761520385742,38.739830017089844,144.08299255371094,110.96014404296875,6117.52001953125
2025-02-21,42.9839973449707,101.4579086303711,43.70986557006836,49.797359466552734,132.6394805908203,116.56303405761719,79.54717254638672,40.55152130126953,38.749481201171875,143.30979919433594,108.04132080078125,6013.1298828125
2025-02-24,42.93518829345703,101.6548843383789,43.719478607177734,50.01323699951172,132.0394287109375,114.8955078125,79.78915405273438,40.73396682739258,38.55638885498047,144.47445678710938,107.63565826416016,5983.25
2025-02-25,43.26707077026367,100.14808654785156,43.08976364135742,50.003421783447266,132.71817016601562,113.40664672851562,80.92167663574219,41.16608428955078,38.3632926940918,145.7174072265625,107.07167053222656,5955.25
2025-02-26,43.24755096435547,99.97081756591797,42.844608306884766,49.895484924316406,132.796875,114.64240264892578,79.37294006347656,40.96442794799805,38.52259826660156,144.67022705078125,106.6313705444336,5956.06005859375
2025-02-27,42.954715728759766,99.00566101074219,43.07534408569336,50.170230865478516,132.3345489501953,110.4686279296875,79.3632583618164,41.146881103515625,37.66814422607422,144.08299255371094,105.0927963256836,5861.56982421875
2025-02-28,43.320762634277344,100.453369140625,43.74351501464844,51.200523376464844,134.1051788330078,111.9277114868164,80.41834259033203,41.434959411621094,38.242610931396484,145.7565460205078,106.83916473388672,5954.5
2025-03-03,42.452003479003906,99.4488525390625,42.21489334106445,50.76878356933594,132.19683837890625,108.52317810058594,80.84423828125,41.790252685546875,38.29570770263672,146.3927001953125,104.87017822265625,5849.72021484375
2025-03-04,41.8760871887207,98.66098022460938,41.806297302246094,48.982940673828125,129.61961364746094,108.43880462646484,79.4697265625,41.31011962890625,37.67298126220703,145.03231811523438,103.01994323730469,5778.14990234375
2025-03-05,42.96935272216797,99.9314193725586,41.1958122253418,49.26749801635742,131.6656494140625,109.96241760253906,79.79883575439453,41.69422149658203,37.407470703125,146.49057006835938,104.58818817138672,5842.6298828125
2025-03-06,42.744842529296875,98.1390151977539,41.32079315185547,48.45308303833008,130.53440856933594,106.91024017333984,79.94402313232422,40.55152130126953,36.63025665283203,146.08932495117188,101.93651580810547,5738.52001953125
2025-03-07,42.861976623535156,98.7693099975586,42.027427673339844,48.197959899902344,132.05909729003906,108.45865631103516,80.20537567138672,40.781986236572266,37.310916900634766,146.09909057617188,101.7485122680664,5770.2001953125
2025-03-10,41.96881103515625,96.30722045898438,42.33987808227539,47.11861038208008,129.99337768554688,103.84814453125,80.03114318847656,40.38827896118164,37.721248626708984,144.52340698242188,98.11729431152344,5614.56005859375
2025-03-11,41.64669418334961,94.88904571533203,42.003387451171875,46.71630859375,127.99651336669922,103.42630767822266,78.85991668701172,39.96576690673828,37.36885070800781,142.9476776123047,97.15754699707031,5572.06982421875
2025-03-12,41.45146942138672,95.36177062988281,42.1956672668457,46.78499221801758,127.9866714477539,105.05412292480469,77.14661407470703,39.82173156738281,37.25299072265625,141.518798828125,97.72150421142578,5599.2998046875
2025-03-13,41.422176361083984,93.40194702148438,41.907249450683594,46.52987289428711,126.67839050292969,103.0590591430664,76.78849029541016,39.04391860961914,37.34471130371094,140.76522827148438,95.28256225585938,5521.52001953125
2025-03-14,41.96394348144531,95.11555480957031,43.1474494934082,47.60922622680664,128.99005126953125,106.17574310302734,76.96270751953125,39.80252456665039,38.073646545410156,141.84176635742188,97.31090545654297,5638.93994140625
2025-03-17,42.49104690551758,95.79508972167969,43.83484649658203,48.16852569580078,130.77049255371094,106.91519927978516,78.0855484008789,40.50350570678711,38.23295211791992,143.642578125,97.4642562866211,5675.1201171875
2025-03-18,42.41783905029297,94.45573425292969,43.90694808959961,48.109649658203125,129.72779846191406,105.2873764038086,77.19502258300781,40.253841400146484,37.967445373535156,143.7110595703125,95.72779846191406,5614.66015625
2025-03-19,42.55937194824219,95.57843780517578,44.623191833496094,48.63950729370117,131.44923400878906,106.65715026855469,77.19502258300781,40.301856994628906,38.10744094848633,143.7893829345703,97.56321716308594,5675.2900390625
2025-03-20,42.29094314575195,95.37162780761719,44.78662872314453,48.70820236206055,130.7901611328125,105.8978271484375,76.81751251220703,40.253841400146484,38.26191711425781,143.87745666503906,97.3306884765625,5662.89013671875
2025-03-21,41.87120056152344,96.1200942993164,44.47417449951172,48.531578063964844,130.0917510986328,106.18566131591797,76.78849029541016,39.860137939453125,38.01572036743164,143.4761962890625,97.68194580078125,5667.56005859375
2025-03-24,42.4385871887207,97.48121643066406,44.98090362548828,49.387367248535156,132.50424194335938,108.19668579101562,77.26333618164062,40.414852142333984,38.003562927246094,144.5716552734375,101.34398651123047,5767.56982421875
2025-03-25,42.428775787353516,98.71591186523438,45.16499710083008,49.66310501098633,132.7015838623047,108.55462646484375,76.56271362304688,39.93165588378906,37.39585876464844,142.724609375,102.15260314941406,5776.64990234375
2025-03-26,42.507240295410156,97.8763198852539,45.43144226074219,49.515384674072266,131.8234100341797,106.13346862792969,77.74989318847656,40.13459396362305,37.643802642822266,142.20388793945312,100.8181381225586,5712.2001953125
2025-03-27,42.487632751464844,97.44171142578125,44.99059295654297,49.41690444946289,131.12286376953125,105.154052734375,78.6353988647461,40.037960052490234,37.63407897949219,142.42987060546875,100.88263702392578,5693.31005859375
2025-03-28,41.707908630371094,94.56734466552734,44.77743911743164,48.46165466308594,128.41929626464844,102.6036376953125,78.24616241455078,40.01862716674805,37.91119384765625,141.9877471923828,97.74740600585938,5580.93994140625
2025-03-31,42.16397476196289,95.26864624023438,45.271575927734375,49.05253219604492,129.32705688476562,102.65335845947266,79.47225189208984,40.443843841552734,38.33415603637695,143.45164489746094,97.95577239990234,5611.85009765625
2025-04-01,42.32089614868164,95.32791900634766,45.538021087646484,48.993446350097656,130.05722045898438,103.40406036376953,79.58903503417969,40.472835540771484,38.431392669677734,140.8284149169922,98.97769927978516,5633.06982421875
2025-04-02,42.66907501220703,95.66376495361328,45.60099792480469,49.39720916748047,131.28073120117188,104.16968536376953,79.35548400878906,40.66611862182617,38.611270904541016,141.77159118652344,100.85783386230469,5670.97021484375
2025-04-03,40.7418327331543,91.39666748046875,42.02093505859375,46.96477508544922,124.17646789550781,97.06031799316406,79.81283569335938,39.44845199584961,38.368186950683594,140.62208557128906,94.76597595214844,5396.52001953125
2025-04-04,38.19178771972656,86.16158294677734,38.155052185058594,43.52784729003906,116.37166595458984,90.66685485839844,76.3486328125,37.65094757080078,36.23392105102539,132.90965270996094,90.67829132080078,5074.080078125
2025-04-07,37.578792572021484,86.28012084960938,37.907981872558594,43.419517517089844,115.82896423339844,91.2087631225586,75.46312713623047,36.742530822753906,35.67969512939453,132.11383056640625,89.60676574707031,5062.25
2025-04-08,36.42146682739258,85.0750503540039,37.031131744384766,43.252098083496094,114.87187194824219,89.35435485839844,74.29541015625,35.8341178894043,35.53384017944336,130.64993286132812,87.47858428955078,4982.77001953125
2025-04-09,39.604122161865234,92.59185028076172,39.8990592956543,46.51176834106445,125.07437133789062,101.3508071899414,77.1757583618164,37.892547607421875,36.933998107910156,136.32867431640625,97.00330352783203,5456.89990234375
2025-04-10,38.33890914916992,89.39153289794922,37.29273223876953,45.21184158325195,121.84785461425781,96.63275909423828,77.21468353271484,37.09043884277344,36.65688705444336,132.52647399902344,93.2132568359375,5268.0498046875
2025-04-11,39.47661590576172,90.152099609375,38.21802520751953,45.96027755737305,123.99886322021484,98.6114501953125,78.18778228759766,37.6122932434082,37.104156494140625,134.4718017578125,94.1161117553711,5363.35986328125
2025-04-14,39.952301025390625,90.75463104248047,38.35367202758789,46.432987213134766,125.29144287109375,99.51130676269531,79.52090454101562,38.443397521972656,37.77020263671875,136.11253356933594,94.38896179199219,5405.97021484375
2025-04-15,39.63844680786133,90.9818115234375,38.29553985595703,46.55116271972656,124.66981506347656,99.87423706054688,78.84947967529297,38.501380920410156,37.765342712402344,135.2774200439453,93.70934295654297,5396.6298828125
2025-04-16,39.329498291015625,88.53218841552734,38.61042785644531,45.82241439819336,122.96282196044922,96.40406799316406,78.00289154052734,38.4820556640625,37.42502975463867,133.9019317626953,91.39761352539062,5275.7001953125
2025-04-17,39.599212646484375,89.1050796508789,39.4824333190918,45.940589904785156,123.6337890625,95.88204956054688,79.66687774658203,39.090885162353516,37.80909729003906,133.115966796875,91.97305297851562,5282.7001953125
2025-04-21,38.996028900146484,87.09994506835938,38.4505615234375,44.95579528808594,120.86115264892578,93.40620422363281,78.9078598022461,38.279109954833984,36.91455078125,130.2471466064453,89.51747131347656,5158.2001953125
2025-04-22,39.90816116333008,89.37177276611328,39.42914581298828,46.442832946777344,122.97269439697266,95.68318939208984,80.02691650390625,39.061893463134766,37.92091369628906,132.69349670410156,92.3500747680664,5287.759765625
2025-04-23,39.95720291137695,90.80402374267578,39.35647964477539,46.99431610107422,124.51195526123047,98.45733642578125,79.56956481933594,39.11021423339844,38.08134841918945,133.3517608642578,94.41377258300781,5375.85986328125
2025-04-24,40.82029342651367,92.62147521972656,39.98625946044922,47.516258239746094,127.30432891845703,102.13133239746094,78.86894989013672,39.2261848449707,38.13969039916992,134.98268127441406,96.29390716552734,5484.77001953125
2025-04-25,40.51625061035156,93.20425415039062,39.91358947753906,47.28975296020508,127.29444885253906,103.6427001953125,78.66458892822266,39.16819381713867,38.02301025390625,135.631103515625,98.02523040771484,5525.2099609375
2025-04-28,40.58980941772461,93.55985260009766,40.19457244873047,47.437469482421875,127.71874237060547,103.47367095947266,78.40184783935547,39.40979766845703,38.256370544433594,136.17149353027344,98.05995178222656,5528.75
2025-04-29,40.92818069458008,94.24140167236328,40.078304290771484,47.92987060546875,128.5475616455078,103.95591735839844,79.05382537841797,39.72871017456055,38.55293273925781,136.8395538330078,98.75446319580078,5560.830078125
2025-04-30,41.13904571533203,94.27102661132812,38.997982025146484,48.018497467041016,129.47506713867188,104.38843536376953,79.62796020507812,39.91232681274414,38.358463287353516,138.0087127685547,97.85655212402344,5569.06005859375
2025-05-01,40.95759963989258,94.75502014160156,39.14331817626953,48.0086555480957,130.451904296875,105.91968536376953,78.93704986572266,40.02829360961914,38.47028350830078,134.24581909179688,98.39728546142578,5604.14013671875
2025-05-02,41.6490592956543,96.22676849365234,39.714969635009766,49.0032958984375,132.79039001464844,107.68956756591797,79.3652114868164,40.521156311035156,38.77170944213867,136.1027069091797,99.92520141601562,5686.669921875
2025-05-05,41.34011459350586,96.4539566040039,38.997982025146484,48.68815994262695,132.85943603515625,107.11784362792969,79.29710388183594,40.472835540771484,38.67447280883789,135.7195281982422,98.86359405517578,5650.3798828125
2025-05-06,41.04096984863281,96.43419647216797,39.00767135620117,48.412418365478516,131.69512939453125,106.2279281616211,79.1608657836914,40.19258117675781,39.14604949951172,131.97630310058594,98.00041198730469,5606.91015625
2025-05-07,40.815391540527344,96.25640106201172,39.02220916748047,48.6980094909668,132.3660888671875,107.29183959960938,79.2873764038086,40.16359329223633,39.25787353515625,132.98825073242188,98.7643814086914,5631.27978515625
2025-05-08,41.35972595214844,96.48359680175781,39.53572463989258,49.10177230834961,134.1914825439453,108.31598663330078,79.19005584716797,39.97031021118164,38.94186782836914,131.7896270751953,99.93016052246094,5663.93994140625
2025-05-09,41.46760559082031,95.98971557617188,39.93296813964844,49.10177230834961,134.300048828125,108.1817626953125,78.73271179199219,40.211910247802734,39.00992202758789,130.35519409179688,100.41136169433594,5659.91015625
2025-05-12,42.428775787353516,97.98497009277344,40.97453308105469,50.096412658691406,138.43431091308594,113.20306396484375,78.84947967529297,40.25056838989258,38.77656936645508,133.57774353027344,105.40191650390625,5844.18994140625
2025-05-13,42.21791076660156,98.94308471679688,41.55101776123047,50.303226470947266,139.40127563476562,115.64907836914062,77.78881072998047,39.709381103515625,38.723087310791016,129.55938720703125,106.79590606689453,5886.5498046875
2025-05-14,41.83050537109375,99.45673370361328,41.299110412597656,50.16535186767578,138.73033142089844,116.3998031616211,77.3703842163086,39.37114334106445,38.55293273925781,126.51372528076172,107.20764923095703,5892.580078125
2025-05-15,42.257144927978516,99.85182189941406,41.4735107421875,50.500179290771484,140.26959228515625,116.55888366699219,78.9565200805664,40.095943450927734,39.37454605102539,128.17410278320312,106.96952819824219,5916.93017578125
2025-05-16,42.688690185546875,100.53337097167969,41.4105339050293,50.80546569824219,141.8680419921875,116.77764129638672,79.86149597167969,40.59846878051758,39.953086853027344,130.7580108642578,107.98152160644531,5958.3798828125
2025-05-19,42.79657745361328,100.63214111328125,40.872798919677734,50.83500671386719,142.3515167236328,116.60859680175781,80.09503936767578,40.68544387817383,40.12324905395508,132.0155792236328,107.72853088378906,5963.60009765625
2025-05-20,42.723018646240234,100.38520812988281,40.49492263793945,50.55926513671875,141.8384552001953,116.17109680175781,80.37722778320312,40.472835540771484,40.239925384521484,132.3397979736328,107.16796112060547,5940.4599609375
2025-05-21,42.15415954589844,99.63452911376953,39.74888229370117,49.52523422241211,139.4407501220703,113.98856353759766,79.44306182861328,39.4001350402832,39.50581359863281,129.27447509765625,104.99513244628906,5844.60986328125
2025-05-22,42.11002731323242,99.41720581054688,39.5938606262207,49.466148376464844,139.41114807128906,114.01840209960938,79.11221313476562,39.264835357666016,38.94186782836914,128.2625274658203,105.44657135009766,5842.009765625
2025-05-23,42.02665710449219,98.96284484863281,39.71981430053711,49.288883209228516,138.95726013183594,112.76058959960938,79.40414428710938,39.27450180053711,39.40858459472656,128.0561981201172,104.49905395507812,5802.81982421875
2025-05-27,42.762245178222656,100.57288360595703,40.06377029418945,50.15550231933594,141.404296875,115.44027709960938,80.12422180175781,39.921993255615234,39.705142974853516,129.84429931640625,107.58467102050781,5921.5400390625
2025-05-28,42.178680419921875,100.55313873291016,39.55509948730469,49.820674896240234,140.7037353515625,114.96300506591797,79.57929992675781,39.921993255615234,39.150917053222656,129.1762237548828,106.59747314453125,5888.5498046875
2025-05-29,42.335609436035156,99.74317932128906,39.85061264038086,50.076717376708984,140.83200073242188,115.15689849853516,79.9004135131836,40.28921890258789,39.42316436767578,130.04080200195312,106.64210510253906,5912.169921875
2025-05-30,42.340511322021484,100.15803527832031,39.49696731567383,50.1850471496582,140.9208221435547,114.7989501953125,80.60103607177734,40.327877044677734,39.826683044433594,130.31590270996094,106.06169891357422,5911.68994140625
2025-06-02,42.590606689453125,100.65190124511719,40.01532745361328,50.204742431640625,140.74319458007812,115.81314086914062,80.64969635009766,40.3858642578125,39.953086853027344,130.39451599121094,106.30974578857422,5935.93994140625
2025-06-03,43.02705764770508,100.36546325683594,40.49008560180664,50.303226470947266,141.82858276367188,117.5531997680664,80.57185363769531,40.24090576171875,40.06004333496094,130.69906616210938,106.8752670288086,5970.3701171875
2025-06-04,43.18889236450195,101.00749969482422,39.70043182373047,50.01763153076172,141.9075164794922,117.72721099853516,80.00746154785156,40.36653518676758,39.35996627807617,130.95449829101562,106.59249877929688,5970.81005859375
2025-06-05,42.93388748168945,101.14579010009766,39.66168212890625,49.879756927490234,141.808837890625,117.39411926269531,79.23870849609375,40.356868743896484,39.2967643737793,130.7776641845703,103.90376281738281,5939.2998046875
2025-06-06,43.04667282104492,102.43972778320312,40.4077262878418,50.500179290771484,143.00274658203125,118.5027847290039,79.4917221069336,40.472835540771484,39.4717903137207,132.02542114257812,105.25309753417969,6000.35986328125
2025-06-09,43.33600997924805,102.1434097290039,40.48523712158203,50.22443771362305,142.87448120117188,119.08445739746094,79.38467407226562,40.45350646972656,39.21897888183594,131.79945373535156,106.09642791748047,6005.8798828125
2025-06-10,43.6057243347168,103.43736267089844,41.20706558227539,50.28352737426758,142.2528533935547,119.75064849853516,79.5598373413086,40.81108093261719,39.31135177612305,133.3026123046875,107.36638641357422,6038.81005859375
2025-06-11,43.17417907714844,103.20030975341797,41.80293655395508,50.22443771362305,142.32192993164062,119.48715209960938,79.2873764038086,40.588802337646484,39.335662841796875,133.3714141845703,106.51809692382812,6022.240234375
2025-06-12,43.35562515258789,102.36071014404297,41.948265075683594,50.22443771362305,141.94699096679688,120.59581756591797,79.75444793701172,40.81108093261719,39.81209945678711,134.41282653808594,106.01705932617188,6045.259765625
2025-06-13,42.85051727294922,101.3235855102539,42.67978286743164,49.200252532958984,140.75306701660156,118.90547943115234,78.78135681152344,40.48250198364258,39.58360290527344,133.7447509765625,105.03977966308594,5976.97021484375
2025-06-16,43.213409423828125,103.06201934814453,42.553829193115234,49.76158142089844,141.72003173828125,120.8294677734375,79.03437042236328,40.521156311035156,39.389129638671875,133.33212280273438,106.17084503173828,6033.10986328125
2025-06-17,42.79167556762695,102.15328216552734,42.951072692871094,49.47599792480469,140.65440368652344,119.97437286376953,78.36293029785156,40.356868743896484,39.06340408325195,131.13134765625,104.34031677246094,5982.72021484375
2025-06-18,42.66907501220703,102.20266723632812,42.67009735107422,49.456302642822266,140.3189239501953,120.11853790283203,78.265625,40.43418502807617,39.165496826171875,130.9053955078125,104.3899154663086,5980.8701171875
2025-06-20,42.37974548339844,101.58038330078125,43.10609817504883,49.594173431396484,140.47677612304688,119.58657836914062,78.83975219726562,40.42451858520508,39.272457122802734,130.276611328125,104.51393127441406,5967.83984375
2025-06-23,42.851932525634766,102.86659240722656,42.016014099121094,50.21868896484375,142.37899780273438,120.95006561279297,79.75289154052734,41.01447677612305,39.77031707763672,130.46417236328125,106.58548736572266,6025.169921875
2025-06-24,43.206817626953125,104.19339752197266,41.469024658203125,50.96969985961914,143.566650390625,123.12126922607422,79.6843032836914,41.209503173828125,39.941654205322266,132.06336975097656,107.17707824707031,6092.18017578125
2025-06-25,42.792781829833984,104.17359161376953,41.2883186340332,50.80170822143555,142.29983520507812,124.17200469970703,78.6163558959961,40.205108642578125,39.408058166503906,132.1818389892578,105.91436004638672,6092.16015625
2025-06-26,43.265960693359375,105.3815689086914,41.87926483154297,51.177215576171875,143.84376525878906,125.0285415649414,78.54777526855469,39.95157241821289,39.73604965209961,132.49774169921875,106.88874053955078,6141.02001953125
2025-06-27,43.32017517089844,106.61925506591797,41.65949630737305,51.325435638427734,145.27883911132812,124.879150390625,78.92008972167969,40.09784698486328,39.81438064575195,132.21145629882812,108.6684799194336,6173.06982421875
2025-06-30,43.28074645996094,107.46088409423828,41.42018127441406,51.75035095214844,146.00132751464844,126.10417175292969,79.33158874511719,40.390384674072266,39.975929260253906,133.06040954589844,108.0420913696289,6204.9501953125
2025-07-01,44.39960479736328,106.69847869873047,41.737632751464844,52.03691864013672,146.4862823486328,124.9787368774414,80.32115936279297,40.663429260253906,40.112998962402344,134.95579528808594,108.50443267822266,6198.009765625
2025-07-02,45.06501007080078,106.39151763916016,42.455562591552734,51.99739456176758,146.63473510742188,126.29840087890625,80.55628967285156,40.74143981933594,39.76542282104492,133.62310791015625,109.3744125366211,6227.419921875
2025-07-03,45.035438537597656,106.97571563720703,42.50440216064453,52.560646057128906,147.8817596435547,127.96165466308594,80.51710510253906,40.76094055175781,40.06403732299805,133.7613067626953,109.97097778320312,6279.35009765625
2025-07-07,44.60169219970703,105.94596099853516,42.09415817260742,52.05668258666992,147.36712646484375,126.94577026367188,80.44851684570312,40.44889450073242,40.14727020263672,132.6359405517578,108.57402038574219,6229.97998046875
2025-07-08,44.9664306640625,105.7281265258789,43.22721862792969,51.59224319458008,147.32754516601562,127.62800598144531,79.70389556884766,40.390384674072266,39.72136306762695,133.2381134033203,108.2061538696289,6225.52001953125
2025-07-09,45.23752212524414,106.00537109375,43.007442474365234,51.779998779296875,148.3568115234375,128.3948974609375,79.18462371826172,40.37088394165039,40.09341812133789,133.75143432617188,108.84744262695312,6263.259765625
2025-07-10,45.47903823852539,105.64891815185547,43.33466339111328,52.08633041381836,149.1881866455078,127.97161865234375,79.46875762939453,40.57566452026367,40.421409606933594,134.57080078125,110.0505142211914,6280.4599609375
2025-07-11,45.109371185302734,104.96571350097656,43.53001403808594,51.54283905029297,148.65374755859375,127.40889739990234,79.1748275756836,40.536659240722656,40.36266326904297,133.45530700683594,110.08033752441406,6259.75
2025-07-14,44.85799789428711,105.99546813964844,43.05139923095703,51.928218841552734,149.4553985595703,127.3043212890625,79.243408203125,40.809696197509766,40.524208068847656,133.29734802246094,110.48799133300781,6268.56005859375
2025-07-15,43.93628692626953,104.94590759277344,42.4311408996582,51.038875579833984,148.33705139160156,128.4347381591797,78.4498062133789,40.28312301635742,40.137474060058594,130.89852905273438,108.90711212158203,6243.759765625
2025-07-16,44.05458068847656,105.26274871826172,42.064849853515625,51.39461135864258,148.861572265625,128.8331298828125,78.72413635253906,40.7219352722168,40.15705490112305,132.52735900878906,109.10595703125,6263.7001953125
2025-07-17,44.36510467529297,105.62911224365234,42.323699951171875,51.888694763183594,150.23727416992188,130.00338745117188,79.46875762939453,40.68293380737305,40.32350158691406,131.01698303222656,109.47881317138672,6297.35986328125
2025-07-18,44.46861267089844,105.1439437866211,41.98182678222656,51.91834259033203,149.90077209472656,129.91873168945312,79.25320434570312,40.799949645996094,40.99906921386719,130.1482696533203,110.4482192993164,6296.7900390625
2025-07-21,44.69533920288086,106.5499496459961,41.54716110229492,51.770118713378906,149.1090087890625,130.0880584716797,79.243408203125,40.95596694946289,41.13124084472656,129.40789794921875,110.97020721435547,6305.60009765625
2025-07-22,45.311458587646484,106.79749298095703,41.742515563964844,52.05668258666992,149.46530151367188,128.88291931152344,79.96843719482422,41.667823791503906,41.635475158691406,131.81658935546875,112.09373474121094,6309.6201171875
2025-07-23,45.46425247192383,107.38167572021484,42.39695739746094,52.47171401977539,152.1473846435547,129.61993408203125,79.9978256225586,41.78483963012695,41.322166442871094,134.5214385986328,112.62567138671875,6358.91015625
2025-07-24,44.996002197265625,107.55989837646484,42.69976043701172,52.44207000732422,151.89007568359375,130.16773986816406,79.71369934082031,41.7263298034668,41.268314361572266,134.01797485351562,110.76141357421875,6363.35009765625
2025-07-25,45.5283317565918,106.55985260009766,42.5385856628418,52.80768966674805,153.39442443847656,130.4665069580078,79.85086059570312,41.7263298034668,41.376007080078125,134.72872924804688,111.79047393798828,6388.64013671875
2025-07-28,44.867855072021484,105.98556518554688,43.0220947265625,52.44207000732422,152.9193572998047,131.50729370117188,79.02787017822266,41.00472640991211,40.935428619384766,133.5540008544922,112.44171905517578,6389.77001953125
2025-07-29,44.69533920288086,105.07463073730469,43.44210433959961,52.175262451171875,151.177490234375,131.5122833251953,79.5471420288086,41.68732833862305,41.40538787841797,132.7050323486328,111.66619873046875,6370.85986328125
2025-07-30,43.79335021972656,105.40137481689453,42.82185745239258,52.076446533203125,150.43521118164062,131.80609130859375,78.8416976928711,41.10224151611328,41.71379470825195,132.46812438964844,110.96027374267578,6362.89990234375
2025-07-31,43.24131393432617,106.35192108154297,42.592315673828125,51.75035095214844,150.44509887695312,130.83999633789062,78.16566467285156,40.38063430786133,41.938987731933594,128.75636291503906,110.08033752441406,6339.39013671875
2025-08-01,42.74349594116211,105.07463073730469,41.80112075805664,50.791831970214844,148.19847106933594,128.0164337158203,78.53797912597656,40.26361846923828,42.002628326416016,129.4473876953125,107.42564392089844,6238.009765625
2025-08-04,43.31032180786133,107.09453582763672,41.70833206176758,51.29579544067383,149.5642547607422,130.61590576171875,78.92008972167969,40.60491943359375,42.746726989746094,131.30325317382812,108.68836975097656,6329.93994140625
2025-08-05,43.615909576416016,106.26280212402344,41.762054443359375,51.088279724121094,149.25746154785156,129.5352783203125,78.8416976928711,40.74143981933594,42.29145431518555,130.79981994628906,108.82757568359375,6299.18994140625
2025-08-06,43.14273452758789,106.66876983642578,41.37622833251953,51.335323333740234,149.376220703125,130.99436950683594,79.96843719482422,40.40013885498047,41.91450881958008,128.83534240722656,111.08953094482422,6345.06005859375
2025-08-07,43.33003616333008,106.21329498291016,41.21506118774414,50.76218032836914,149.15850830078125,131.1138916015625,80.57588958740234,40.5561637878418,42.36978530883789,127.35458374023438,111.05472564697266,6340.0
2025-08-08,43.54690170288086,106.56975555419922,41.478790283203125,51.23650360107422,149.27725219726562,132.42359924316406,80.81104278564453,40.224613189697266,42.18864822387695,128.4898223876953,111.24860382080078,6389.4501953125
2025-08-11,43.44832992553711,107.11434173583984,41.14668655395508,51.216739654541016,148.79229736328125,131.5272216796875,80.7424545288086,39.99057388305664,42.056480407714844,128.6181640625,111.53694152832031,6373.4501953125
2025-08-12,44.01515579223633,109.16394805908203,41.346927642822266,51.83928680419922,150.33624267578125,133.56394958496094,80.95799255371094,40.058841705322266,42.237606048583984,129.50662231445312,112.72013092041016,6445.759765625
2025-08-13,44.84320831298828,110.01547241210938,41.82554244995117,52.135738372802734,150.91026306152344,133.61375427246094,80.95799255371094,40.32212448120117,42.33061981201172,131.5796661376953,114.26622009277344,6466.580078125
2025-08-14,44.374961853027344,110.10458374023438,41.78647232055664,52.38277816772461,149.5741729736328,133.324951171875,80.23297119140625,40.039337158203125,42.036895751953125,132.24107360839844,114.13695526123047,6468.5400390625
2025-08-15,44.374961853027344,110.38182830810547,41.78647232055664,51.83928680419922,148.89126586914062,132.31402587890625,80.36034393310547,40.3026237487793,41.91450881958008,134.4622039794922,113.86353302001953,6449.7998046875
2025-08-18,44.11865997314453,109.70852661132812,41.53739929199219,51.878814697265625,149.47518920898438,132.59786987304688,80.25257110595703,39.92231750488281,41.73337936401367,134.1463165283203,114.32089233398438,6449.14990234375
2025-08-19,44.384822845458984,109.09463500976562,41.55204772949219,51.977630615234375,149.80178833007812,130.28224182128906,81.07556915283203,40.63417053222656,42.13969802856445,135.00514221191406,114.26622009277344,6411.3701171875
2025-08-20,44.4193229675293,108.76788330078125,41.8988037109375,52.24443435668945,149.6632537841797,129.4008331298828,81.53606414794922,40.79019546508789,42.183753967285156,135.7356414794922,113.1377182006836,6395.77978515625
2025-08-21,44.552406311035156,108.64906311035156,42.186946868896484,52.076446533203125,149.12879943847656,128.9327392578125,80.80123901367188,40.643924713134766,41.894927978515625,135.2815399169922,112.46658325195312,6370.169921875
2025-08-22,45.4346809387207,110.2135009765625,43.046512603759766,52.936153411865234,151.5634765625,130.6806640625,80.80123901367188,41.287513732910156,42.120113372802734,136.3970489501953,115.88189697265625,6466.91015625
2025-08-25,45.18330383300781,110.39173126220703,43.158843994140625,52.629817962646484,150.0492401123047,130.38682556152344,79.41976165771484,41.08273696899414,41.645259857177734,134.4523162841797,115.64824676513672,6439.31982421875
2025-08-26,45.30652618408203,109.90656280517578,43.09047317504883,53.034969329833984,151.59317016601562,130.9844207763672,78.90049743652344,40.96571731567383,41.73827362060547,135.2914276123047,116.18017578125,6465.93994140625
2025-08-27,45.419891357421875,110.09469604492188,43.573974609375,53.1436653137207,151.5733642578125,131.69154357910156,79.13562774658203,41.14124298095703,41.74806594848633,135.2124481201172,116.20503234863281,6481.39990234375
2025-08-28,45.419891357421875,110.51054382324219,43.90607452392578,53.21284103393555,151.84059143066406,132.7323455810547,78.63595581054688,41.03398132324219,41.42985916137695,134.6793670654297,116.40388488769531,6501.85986328125
2025-08-29,45.48396682739258,110.29270935058594,44.145389556884766,53.3511848449707,150.44509887695312,130.69558715820312,79.14542388916016,41.25826644897461,41.27810287475586,135.66653442382812,115.20579528808594,6460.259765625
2025-09-02,45.14386749267578,110.10458374023438,44.20887756347656,52.95591735839844,149.01002502441406,129.37591552734375,79.01806640625,40.5561637878418,41.14103317260742,135.7948760986328,114.34574890136719,6415.5400390625
2025-09-03,44.83828353881836,111.94625854492188,43.21744918823242,52.866981506347656,148.25784301757812,130.14781188964844,78.95927429199219,40.44889450073242,41.038230895996094,135.15321350097656,114.8080825805664,6448.259765625
2025-09-04,45.01079177856445,112.95621490478516,43.50559997558594,53.42036056518555,149.93045043945312,130.7902069091797,79.00826263427734,40.7219352722168,40.98927688598633,135.66653442382812,116.90599060058594,6502.080078125
2025-09-05,45.32624053955078,113.5602035522461,42.66557312011719,52.44207000732422,149.376220703125,130.89974975585938,79.23361206054688,41.13149642944336,40.861995697021484,136.13050842285156,116.88113403320312,6481.5
2025-09-08,45.36567306518555,113.68892669677734,42.56789779663086,52.481597900390625,149.71273803710938,131.88076782226562,78.9396743774414,40.858455657958984,40.44588851928711,136.08116149902344,117.33352661132812,6495.14990234375
2025-09-09,44.6263427734375,114.33251953125,42.77301788330078,52.70887756347656,148.70321655273438,132.13475036621094,79.09645080566406,40.838951110839844,40.72492599487305,136.81166076660156,117.16947174072266,6512.60986328125
2025-09-10,44.71012878417969,113.49089813232422,43.5202522277832,52.531002044677734,149.80178833007812,134.53004455566406,78.32243347167969,40.8194465637207,41.42496871948242,135.56784057617188,115.76754760742188,6532.0400390625
2025-09-11,45.64662170410156,115.23355102539062,43.53001403808594,53.390708923339844,151.2269744873047,134.98321533203125,78.95927429199219,41.4825439453125,41.645259857177734,137.9271697998047,118.01956176757812,6587.47021484375
2025-09-12,45.188232421875,116.1939926147461,43.27117156982422,53.163429260253906,150.01953125,134.89358520507812,78.69474029541016,41.29726791381836,41.85576248168945,136.3378143310547,118.63105010986328,6584.2900390625
2025-09-15,44.82349395751953,117.82775115966797,43.124656677246094,53.04485321044922,150.71234130859375,136.10865783691406,77.7933578491211,41.24850845336914,41.953670501708984,135.17295837402344,119.66010284423828,6615.27978515625
2025-09-16,44.685489654541016,117.35247802734375,43.84746551513672,52.926273345947266,150.2669677734375,135.6355743408203,78.14608001708984,41.00472640991211,41.18999099731445,135.17295837402344,120.39586639404297,6606.759765625
2025-09-17,44.78899383544922,117.659423828125,43.95003128051758,53.44012451171875,149.5840606689453,135.16746520996094,78.6163558959961,40.98522186279297,41.292789459228516,135.4394989013672,120.09261322021484,6600.35009765625
2025-09-18,44.78899383544922,117.74853515625,43.81328201293945,53.48952865600586,151.177490234375,137.5030059814453,77.93052673339844,41.01447677612305,41.322166442871094,135.70602416992188,119.55074310302734,6631.9599609375
2025-09-19,44.7692756652832,118.23371124267578,43.23209762573242,53.60810852050781,151.54367065429688,138.89736938476562,77.77375793457031,40.809696197509766,41.58651351928711,135.52833557128906,120.00313568115234,6664.35986328125
2025-09-22,44.75392532348633,117.82137298583984,43.182350158691406,53.53672409057617,152.05052185058594,140.9407196044922,76.90663146972656,40.94430923461914,41.989654541015625,135.49363708496094,119.61219787597656,6693.75
2025-09-23,44.61030578613281,117.65245819091797,43.926109313964844,53.29878234863281,152.09027099609375,139.7240753173828,77.29136657714844,41.26856231689453,42.206504821777344,135.80105590820312,118.4866943359375,6656.919921875
2025-09-24,44.06555938720703,116.67872619628906,44.497474670410156,53.15007400512695,151.30516052246094,138.86146545410156,77.45906829833984,40.84605407714844,42.50713348388672,135.25563049316406,119.32335662841797,6637.97021484375
2025-09-25,43.4910888671875,116.28128051757812,44.89645004272461,53.01127624511719,150.2815704345703,138.6171417236328,76.71920013427734,40.74779510498047,42.098079681396484,133.01443481445312,117.64007568359375,6604.72021484375
2025-09-26,43.996219635009766,117.41398620605469,45.3101921081543,53.397926330566406,151.6331329345703,139.03598022460938,76.90663146972656,41.15065383911133,42.783119201660156,134.37303161621094,119.37814331054688,6643.7001953125
2025-09-29,44.16460037231445,117.79155731201172,44.47777557373047,53.665611267089844,152.10020446777344,139.77891540527344,77.05461120605469,41.2292594909668,42.90633010864258,134.7696990966797,119.90103912353516,6661.2099609375
2025-09-30,44.382503509521484,117.61270904541016,44.004920959472656,53.407840728759766,153.2728729248047,140.5418243408203,77.31110382080078,41.39630126953125,42.98025894165039,138.01251220703125,119.34327697753906,6688.4599609375
2025-10-01,43.916988372802734,115.96332550048828,44.004920959472656,52.93195724487305,152.84556579589844,141.9180145263672,77.19271850585938,41.39630126953125,43.39424133300781,142.27674865722656,120.09028625488281,6711.2001953125
2025-10-02,44.42707061767578,115.70499420166016,43.561622619628906,52.892303466796875,153.24305725097656,142.68589782714844,76.88690948486328,41.18013381958008,43.31538391113281,141.9990692138672,119.22374725341797,6715.35009765625
2025-10-03,44.50135803222656,115.64537811279297,43.793121337890625,53.259132385253906,153.45176696777344,141.96788024902344,76.97569274902344,41.347171783447266,43.81808090209961,143.6155242919922,118.4568099975586,6715.7900390625
2025-10-06,44.46173858642578,115.76461791992188,44.00984573364258,53.23929977416992,154.16729736328125,143.40391540527344,76.41339111328125,40.934486389160156,44.241912841796875,142.9213409423828,119.4727554321289,6740.27978515625
2025-10-07,44.28345489501953,115.3174819946289,44.07880401611328,53.30870056152344,153.29275512695312,142.44654846191406,77.12366485595703,40.80674743652344,44.4439811706543,143.03041076660156,117.381103515625,6714.58984375
2025-10-08,44.52116775512695,114.84056091308594,43.82267761230469,53.050926208496094,154.6244354248047,144.9446563720703,76.73893737792969,40.60041046142578,44.749542236328125,143.30809020996094,117.72972106933594,6753.72021484375
2025-10-09,43.91203308105469,114.18478393554688,43.226680755615234,52.8625602722168,152.33871459960938,144.70033264160156,76.98555755615234,40.41371536254883,44.63618850708008,142.99075317382812,117.1420669555664,6735.10986328125
2025-10-10,43.01071548461914,112.0783462524414,41.975589752197266,51.7125129699707,148.96974182128906,138.81161499023438,77.04474639892578,39.971553802490234,44.453834533691406,140.9280548095703,113.91993713378906,6552.509765625
2025-10-13,43.69413375854492,113.11168670654297,42.54695510864258,52.208221435546875,150.52008056640625,142.1922607421875,76.78825378417969,40.197547912597656,44.79389572143555,140.76937866210938,116.46477508544922,6654.72021484375
2025-10-14,44.12993240356445,113.85688781738281,42.542030334472656,52.78324890136719,152.28903198242188,140.3673095703125,78.0213623046875,40.58075714111328,45.19308853149414,141.1561279296875,116.70879364013672,6644.31005859375
2025-10-15,43.93183898925781,114.66171264648438,42.51740264892578,52.78324890136719,151.6529998779297,141.75845336914062,78.15948486328125,41.17030715942383,45.78449630737305,141.3743133544922,116.87812042236328,6671.06005859375
2025-10-16,43.6049919128418,113.4395751953125,42.00514602661133,51.315940856933594,150.65921020507812,141.86317443847656,77.61690521240234,41.042572021484375,45.28672790527344,141.13632202148438,115.74762725830078,6629.06982421875
2025-10-17,43.52080154418945,114.20465850830078,42.34993362426758,51.732337951660156,150.78839111328125,142.11248779296875,78.65272521972656,41.30786895751953,45.129024505615234,142.0784149169922,116.74365234375,6664.009765625
2025-10-20,44.040794372558594,115.49633026123047,42.79815673828125,52.33710479736328,152.56729125976562,143.69810485839844,78.58367156982422,41.740203857421875,45.11423873901367,143.58575439453125,117.66995239257812,6735.1298828125
2025-10-21,43.872413635253906,115.90371704101562,42.699649810791016,52.27762222290039,153.91885375976562,143.77288818359375,78.21867370605469,41.61246871948242,44.65590286254883,143.92294311523438,119.10920715332031,6735.35009765625
2025-10-22,43.738704681396484,114.9001693725586,43.24638748168945,51.980194091796875,151.92132568359375,142.35182189941406,78.66258239746094,41.79916000366211,44.55240249633789,144.7460479736328,118.17793273925781,6699.39990234375
2025-10-23,44.26364517211914,114.5126724243164,43.82267761230469,52.08925247192383,153.8194580078125,144.14686584472656,78.2778549194336,41.759857177734375,44.51791000366211,144.8253631591797,118.7107925415039,6738.43994140625
2025-10-24,44.08041000366211,114.81075286865234,43.37937545776367,52.654361724853516,153.94866943359375,146.38568115234375,78.0213623046875,41.907249450683594,45.04030990600586,144.81544494628906,118.35720825195312,6791.68994140625
2025-10-27,44.060604095458984,116.41046142578125,43.482810974121094,52.872474670410156,154.8231964111328,149.0882110595703,78.14961242675781,41.99567794799805,45.16352081298828,145.15261840820312,120.06040954589844,6875.16015625
2025-10-28,44.12002944946289,115.83415985107422,43.029659271240234,52.53539276123047,153.7200927734375,150.5641326904297,77.37029266357422,41.062225341796875,44.41933822631836,144.2402801513672,120.09028625488281,6890.89013671875
2025-10-29,43.253379821777344,115.54601287841797,43.349822998046875,51.64311218261719,154.1175994873047,151.6461639404297,75.5452880859375,39.94207763671875,44.4045524597168,142.78250122070312,119.0992431640625,6890.58984375
2025-10-30,42.67395782470703,113.588623046875,43.09368896484375,51.78190994262695,153.73004150390625,149.78131103515625,75.46636199951172,40.16807174682617,44.21727752685547,143.099853515625,116.40998840332031,6822.33984375
2025-10-31,42.42634582519531,114.07547760009766,43.4089241027832,51.92070770263672,154.0977325439453,149.9259033203125,75.24933624267578,40.18772506713867,43.91171646118164,143.05026245117188,119.4876937866211,6840.2001953125
2025-11-03,42.16387176513672,112.86328887939453,43.41385269165039,51.702598571777344,153.4418182373047,150.53921508789062,74.65744018554688,40.11894226074219,43.93635940551758,143.2485809326172,120.60821533203125,6851.97021484375
2025-11-04,41.955875396728516,112.0882797241211,42.945926666259766,51.97027587890625,151.66293334960938,146.565185546875,74.9632568359375,40.22702407836914,43.77865219116211,143.89320373535156,118.60621643066406,6771.5498046875
2025-11-05,42.2034912109375,112.69437408447266,43.05921173095703,52.14873504638672,152.249267578125,147.1385955810547,74.91393280029297,40.21719741821289,43.78850555419922,144.44854736328125,120.05045318603516,6796.2900390625
2025-11-06,41.9954948425293,111.68090057373047,43.477882385253906,51.96036911010742,151.64305114746094,144.18177795410156,74.57852172851562,40.02067947387695,43.5963020324707,144.7261962890625,117.27653503417969,6720.31982421875
2025-11-07,42.50062942504883,111.39276123046875,44.103431701660156,52.32719039916992,152.37847900390625,143.68313598632812,75.67352294921875,40.55127716064453,44.202491760253906,144.92454528808594,117.4607925415039,6728.7998046875
2025-11-10,42.901763916015625,112.55526733398438,44.50239944458008,52.51556396484375,153.24305725097656,147.3579864501953,75.39730834960938,40.52180480957031,44.18770980834961,146.0550537109375,119.00463104248047,6832.43017578125
2025-11-11,43.347469329833984,113.46939086914062,45.0836181640625,52.753501892089844,153.28282165527344,146.10147094726562,76.38379669189453,40.973793029785156,44.21234893798828,149.42677307128906,119.29845428466797,6846.60986328125
2025-11-12,43.65451431274414,112.81361389160156,44.453147888183594,53.209556579589844,153.43190002441406,146.5552215576172,76.27528381347656,40.6495361328125,44.31584167480469,151.54898071289062,118.49665832519531,6850.919921875
2025-11-13,43.367279052734375,111.21391296386719,44.566436767578125,52.52547836303711,151.0567169189453,142.90029907226562,76.27528381347656,40.11894226074219,43.70472717285156,151.4696502685547,115.5384750366211,6737.490234375
2025-11-14,42.97109603881836,110.61775207519531,45.32497024536133,52.000022888183594,151.066650390625,143.67816162109375,76.21609497070312,40.23685073852539,43.74415588378906,150.5672149658203,114.98567962646484,6734.10986328125
2025-11-17,42.31739044189453,110.46871185302734,44.497474670410156,51.00860595703125,149.58590698242188,141.4293670654297,75.73271179199219,39.971553802490234,44.13842010498047,150.43829345703125,113.90499877929688,6672.41015625
2025-11-18,42.35205841064453,111.09467315673828,44.85211181640625,50.92928695678711,148.92007446289062,139.13072204589844,76.0582504272461,40.11894226074219,43.970855712890625,151.32089233398438,111.80339050292969,6617.31982421875
2025-11-19,42.46100997924805,110.47865295410156,44.27090072631836,51.11766052246094,149.41696166992188,140.09805297851562,75.47622680664062,39.80451202392578,43.60123062133789,151.0630645751953,111.8083724975586,6642.16015625
2025-11-20,41.827117919921875,109.26644897460938,43.76849365234375,50.6715202331543,146.91259765625,135.7001953125,76.018798828125,39.66695022583008,43.379451751708984,150.16061401367188,110.1400375366211,6538.759765625
2025-11-21,42.763099670410156,111.1841049194336,44.0443229675293,51.226715087890625,148.70143127441406,136.2237548828125,76.84745025634766,40.18772506713867,43.44352340698242,153.3240966796875,112.30139923095703,6602.990234375
2025-11-24,42.847286224365234,112.28700256347656,43.92118453979492,51.444828033447266,149.0691375732422,139.4697723388672,75.95960998535156,40.24667739868164,43.93635940551758,153.96868896484375,113.80040740966797,6705.1201171875
2025-11-25,43.48613739013672,113.5687484741211,43.645355224609375,52.08925247192383,150.9772186279297,139.84375,77.00528717041016,40.57093048095703,43.76879119873047,157.44949340820312,116.23567962646484,6765.8798828125
2025-11-26,44.0209846496582,113.72772216796875,43.975364685058594,52.49573516845703,151.8517608642578,141.49917602539062,77.84380340576172,40.74779510498047,44.350341796875,157.10240173339844,117.03250122070312,6812.60986328125
2025-11-28,44.27355194091797,114.65177917480469,44.55165481567383,52.872474670410156,152.73623657226562,142.71580505371094,78.29759216308594,40.94430923461914,44.66575622558594,156.33880615234375,117.75960540771484,6849.08984375
2025-12-01,44.16460037231445,114.11522674560547,44.98017883300781,52.436248779296875,150.50021362304688,142.7806396484375,78.21867370605469,40.374412536621094,43.620941162109375,153.99842834472656,117.8293228149414,6812.6298828125
2025-12-02,43.763465881347656,114.4927978515625,44.39896774291992,52.38667678833008,151.81199645996094,144.25157165527344,77.7056884765625,40.27615737915039,43.31045913696289,153.076171875,117.7496337890625,6829.3701171875
2025-12-03,44.07050704956055,114.3934326171875,45.23138427734375,53.0905876159668,153.25302124023438,144.5956268310547,77.76488494873047,40.354759216308594,43.17245864868164,153.79019165039062,119.01956939697266,6849.72021484375
2025-12-04,43.81298828125,115.0492172241211,45.42348098754883,53.199642181396484,154.04803466796875,145.13414001464844,77.3900146484375,40.285980224609375,43.0837516784668,152.6199951171875,118.59625244140625,6857.1201171875
2025-12-05,43.66937255859375,116.3806381225586,45.236305236816406,53.2194709777832,153.62071228027344,146.19619750976562,77.39988708496094,40.27615737915039,42.67962646484375,151.9853057861328,119.25363159179688,6870.39990234375
2025-12-08,43.065189361572266,115.5162124633789,44.743751525878906,53.02118682861328,153.43190002441406,147.22335815429688,76.75865936279297,40.03050994873047,42.10793685913086,150.1705322265625,117.52055358886719,6846.509765625
2025-12-09,42.97604751586914,115.64537811279297,45.019588470458984,52.82290267944336,152.30889892578125,147.6123046875,76.93622589111328,39.7946891784668,42.13750457763672,148.71278381347656,117.5105972290039,6840.509765625
2025-12-10,43.81794357299805,116.3210220336914,45.49243927001953,53.427669525146484,155.09152221679688,148.32032775878906,77.16313171386719,39.87329864501953,42.11779022216797,150.8746337890625,119.23371124267578,6886.68017578125
2025-12-11,44.689544677734375,116.06269073486328,45.27571487426758,54.399261474609375,156.75115966796875,147.56243896484375,77.73529052734375,40.08946228027344,42.4233512878418,152.30267333984375,119.70183563232422,6901.0
2025-12-12,44.719261169433594,115.80435943603516,44.83241271972656,54.47857666015625,155.76731872558594,143.29421997070312,78.34690856933594,40.04033279418945,42.21636199951172,152.77867126464844,120.21976470947266,6827.41015625
2025-12-15,44.689544677734375,115.82422637939453,44.51717758178711,54.51823425292969,156.01576232910156,141.90805053710938,78.5639419555664,40.197547912597656,42.600772857666016,154.80169677734375,121.24567413330078,6816.509765625
2025-12-16,44.5706901550293,115.90371704101562,43.1577262878418,54.171234130859375,155.09152221679688,142.16732788085938,78.20880126953125,39.843814849853516,42.4233512878418,152.78858947753906,121.44487762451172,6800.259765625
2025-12-17,44.758872985839844,115.06908416748047,44.11328125,54.16132354736328,152.5772247314453,139.0060577392578,78.57380676269531,40.02067947387695,42.147361755371094,152.5109100341797,120.04048156738281,6721.43017578125
2025-12-18,44.73906707763672,115.72486114501953,43.47296142578125,54.07209396362305,153.57101440429688,141.15013122558594,78.1200180053711,39.7750358581543,42.561344146728516,152.62991333007812,121.85324096679688,6774.759765625
2025-12-19,44.937156677246094,115.7745361328125,43.47296142578125,54.3695182800293,154.8927764892578,144.20172119140625,77.71556091308594,39.627647399902344,42.01922607421875,153.65135192871094,121.36518859863281,6834.5
2025-12-22,45.467796325683594,116.28890991210938,43.92301940917969,55.03709030151367,156.6099395751953,144.979736328125,77.44408416748047,39.921669006347656,42.17513656616211,154.6641845703125,122.0947265625,6878.490234375
2025-12-23,45.54744338989258,117.01658630371094,44.21113586425781,55.14652633666992,156.55010986328125,145.7687530517578,77.07616424560547,39.911739349365234,42.324092864990234,154.35545349121094,121.9250717163086,6909.7900390625
2025-12-24,45.637046813964844,117.71435546875,44.08198165893555,55.44499206542969,157.05868530273438,146.1183319091797,77.68274688720703,40.17000198364258,42.51277542114258,155.16213989257812,122.34423065185547,6932.0498046875
2025-12-26,45.905853271484375,117.59474182128906,43.9130859375,55.33555221557617,156.76950073242188,146.34803771972656,77.79212951660156,40.24946975708008,42.48298263549805,155.41111755371094,121.8053207397461,6929.93994140625
2025-12-29,45.53749084472656,117.5149917602539,44.33035659790039,55.03709030151367,156.43045043945312,145.68885803222656,77.84185028076172,40.358734130859375,42.56242752075195,155.17208862304688,120.60771942138672,6905.740234375
2025-12-30,45.52753448486328,117.9137191772461,44.66815185546875,54.897804260253906,155.98170471191406,145.22943115234375,77.71257781982422,40.44813537597656,42.6617317199707,155.04261779785156,120.11870574951172,6896.240234375
2025-12-31,45.14921569824219,117.34553527832031,44.41977310180664,54.48990249633789,154.6853485107422,143.7912139892578,77.24520874023438,40.08060073852539,42.39360809326172,154.16622924804688,119.17060852050781,6845.5
2026-01-02,45.91580581665039,116.52814483642578,45.35367202758789,54.64908218383789,157.53733825683594,144.1208038330078,77.2551498413086,40.11040496826172,42.88020706176758,154.87332153320312,118.11273193359375,6858.47021484375
2026-01-05,46.37377166748047,117.37544250488281,46.58562088012695,55.84294891357422,159.402099609375,144.44039916992188,76.91705322265625,40.16006851196289,42.403541564941406,154.40524291992188,120.05882263183594,6902.0498046875
2026-01-06,47.289695739746094,116.95677947998047,45.34373474121094,56.111568450927734,161.56602478027344,146.46788024902344,77.03638458251953,40.42826843261719,42.61207962036133,157.4427490234375,120.82727813720703,6944.81982421875
2026-01-07,46.47332763671875,116.71753692626953,44.8370475769043,55.32560729980469,158.52456665039062,146.34803771972656,76.1911392211914,39.872005462646484,41.57929992675781,159.00633239746094,120.65762329101562,6920.93017578125
2026-01-08,47.289695739746094,117.1063003540039,46.24782943725586,55.6141242980957,159.72120666503906,144.06088256835938,78.0009536743164,40.17000198364258,41.69847106933594,157.47262573242188,122.67356872558594,6921.4599609375
2026-01-09,48.046329498291016,117.5349349975586,46.36705017089844,55.44499206542969,161.47625732421875,145.968505859375,78.8064193725586,40.2296028137207,42.2148551940918,156.66595458984375,124.16058349609375,6966.27978515625
2026-01-12,48.305179595947266,117.17607879638672,46.03919219970703,55.00724411010742,162.71279907226562,146.6077117919922,79.73121643066406,40.34880065917969,42.28437423706055,156.7356719970703,124.27035522460938,6977.27001953125
2026-01-13,48.514251708984375,116.51817321777344,46.694908142089844,53.95266342163086,163.55043029785156,146.298095703125,80.656005859375,40.65673065185547,42.55249786376953,156.09829711914062,123.96098327636719,6963.740234375
2026-01-14,48.53416442871094,116.26896667480469,47.74802780151367,53.87307357788086,163.80972290039062,144.5203094482422,81.76974487304688,41.1136589050293,42.87027359008789,157.2136993408203,122.00491333007812,6926.60009765625
2026-01-15,48.74323272705078,115.84033966064453,47.30094909667969,54.09194564819336,165.3154754638672,145.2793731689453,81.9089584350586,41.421592712402344,43.307220458984375,156.31739807128906,122.45401000976562,6944.47021484375
2026-01-16,48.464473724365234,114.80364227294922,47.380428314208984,54.16158676147461,166.43234252929688,145.4391632080078,81.6504135131836,41.928184509277344,43.088748931884766,155.10238647460938,122.05481719970703,6940.009765625
2026-01-20,47.97663879394531,113.10905456542969,47.291011810302734,52.92793273925781,163.07179260253906,141.6638641357422,81.89900970458984,41.12359619140625,42.6617317199707,154.76376342773438,118.88118743896484,6796.85986328125
2026-01-21,49.021995544433594,114.2653579711914,48.43354797363281,53.18659973144531,165.89385986328125,143.63140869140625,81.97856903076172,41.27259063720703,42.721317291259766,157.612060546875,121.1566162109375,6875.6201171875
2026-01-22,49.30075454711914,115.88021087646484,48.59251022338867,53.534812927246094,165.03627014160156,144.70008850097656,81.80950927734375,40.86532974243164,42.41346740722656,157.64193725585938,122.37417602539062,6913.35009765625
2026-01-23,49.74876403808594,116.58795166015625,48.87069320678711,52.7985954284668,163.75985717773438,144.90982055664062,82.44593811035156,40.97459411621094,42.26451110839844,156.8352508544922,122.88314819335938,6915.60986328125
2026-01-26,49.808494567871094,117.39537048339844,48.90049743652344,53.13685607910156,163.91940307617188,145.8986053466797,82.31665802001953,40.94479751586914,42.572357177734375,157.45272827148438,122.07477569580078,6950.22998046875
2026-01-27,49.75871658325195,116.52814483642578,49.34757614135742,52.72895431518555,164.59750366210938,147.86614990234375,82.69453430175781,40.97459411621094,43.12847137451172,154.81356811523438,122.44403076171875,6978.60009765625
2026-01-28,49.728851318359375,116.37862396240234,49.7251091003418,52.7190055847168,163.68008422851562,149.044677734375,81.85923767089844,40.57726287841797,43.02916717529297,153.67823791503906,121.52587127685547,6978.02978515625
2026-01-29,49.778629302978516,119.40895080566406,50.18212127685547,53.27614212036133,165.395263671875,146.68760681152344,81.67029571533203,41.09379196166992,43.02916717529297,153.19024658203125,120.94703674316406,6969.009765625
2026-01-30,49.05186080932617,119.69802856445312,50.7186164855957,53.16670227050781,164.9764404296875,143.7013397216797,83.0425796508789,41.15339279174805,42.94972229003906,154.10647583007812,120.92707824707031,6939.02978515625
2026-02-02,49.430179595947266,119.2893295288086,49.7251091003418,53.753684997558594,167.06057739257812,145.07960510253906,84.02703094482422,40.68653106689453,42.324092864990234,155.05258178710938,121.72547912597656,6976.43994140625
2026-02-03,50.475528717041016,117.36547088623047,51.334590911865234,53.25624084472656,168.4666290283203,141.903564453125,85.38936614990234,40.537532806396484,42.93979263305664,153.46910095214844,120.7474365234375,6917.81005859375
2026-02-04,51.66025924682617,116.428466796875,52.487064361572266,53.684043884277344,168.9153594970703,137.94847106933594,86.50309753417969,41.18319320678711,42.78090286254883,155.3911895751953,119.85922241210938,6882.72021484375
2026-02-05,50.27641296386719,115.84033966064453,51.871089935302734,53.01747131347656,167.89822387695312,135.46157836914062,86.43348693847656,40.95472717285156,42.80076217651367,154.2060546875,117.2744140625,6798.39990234375
2026-02-06,51.28194046020508,115.39176940917969,52.90433883666992,53.98250961303711,172.69473266601562,140.95474243164062,87.44778442382812,41.70965576171875,43.04902648925781,157.06431579589844,117.75344848632812,6932.2998046875
2026-02-09,51.948978424072266,116.5082015991211,53.291805267333984,53.664146423339844,173.21328735351562,143.1719970703125,86.94063568115234,41.967918395996094,43.178123474121094,155.6800079345703,117.31433868408203,6964.81982421875
2026-02-10,52.675743103027344,117.20597839355469,53.23219680786133,53.27614212036133,173.42269897460938,142.37298583984375,86.66220092773438,42.553977966308594,43.89312744140625,154.69406127929688,118.0927734375,6941.81005859375
2026-02-11,53.382598876953125,116.36865234375,54.62310791015625,52.47028350830078,174.35009765625,142.79246520996094,87.90520477294922,42.514244079589844,44.280418395996094,155.61029052734375,117.52391815185547,6941.47021484375
2026-02-12,52.596099853515625,114.27532958984375,53.629600524902344,51.42565155029297,172.2659454345703,139.03713989257812,88.7106704711914,42.583778381347656,44.93583679199219,155.36131286621094,115.89717864990234,6832.759765625
2026-02-13,53.073974609375,114.21552276611328,53.997196197509766,51.385860443115234,173.68197631835938,139.38668823242188,89.00899505615234,43.209571838378906,46.17715835571289,157.02447509765625,115.94708251953125,6836.169921875
2026-02-17,52.4666748046875,114.03609466552734,53.401092529296875,51.93304443359375,174.5894317626953,139.30679321289062,87.7063217163086,43.64663314819336,46.05799102783203,156.7257080078125,115.80736541748047,6843.22021484375
2026-02-18,52.78525924682617,114.2254867553711,54.42440414428711,52.32105255126953,174.54953002929688,140.73501586914062,87.5472183227539,43.06057357788086,45.2933349609375,157.02447509765625,116.78539276123047,6881.31005859375
2026-02-19,52.596099853515625,114.77374267578125,54.82181167602539,51.88330078125,175.84588623046875,140.035888671875,87.17929077148438,42.91157531738281,45.78986358642578,156.61614990234375,116.0069580078125,6861.89013671875
2026-02-20,52.725521087646484,116.428466796875,54.52375793457031,52.22156524658203,176.7333984375,140.70506286621094,87.39805603027344,43.26917266845703,46.008338928222656,156.17796325683594,117.21453094482422,6909.509765625
2026-02-23,52.725521087646484,114.9930419921875,54.79200744628906,50.47056198120117,174.34011840820312,138.34799194335938,88.47201538085938,43.31884002685547,46.35590744018555,157.8909149169922,114.75946807861328,6837.75
2026-02-24,53.12375259399414,115.7905044555664,54.74232864379883,50.71928405761719,176.48410034179688,140.145751953125,89.23770141601562,43.43803787231445,46.87229919433594,157.22366333007812,116.5059585571289,6890.06982421875
2026-02-25,52.82508087158203,116.1294174194336,54.51382064819336,51.604732513427734,175.10797119140625,142.8323974609375,88.51179504394531,43.14997100830078,47.031185150146484,157.18382263183594,116.85525512695312,6946.1298828125
2026-02-26,52.76534652709961,116.34871673583984,54.69265365600586,52.231510162353516,176.2048797607422,140.8348846435547,88.36263275146484,43.338706970214844,46.85243606567383,156.77549743652344,116.81533813476562,6908.85986328125
2026-02-27,53.17353057861328,117.67449188232422,55.557003021240234,51.16698455810547,176.64364624023438,138.58767700195312,89.50619506835938,43.54730224609375,47.398616790771484,159.5441131591797,116.62571716308594,6878.8798828125
2026-03-02,53.01424026489258,117.49506378173828,56.66973876953125,51.03764724731445,178.39871215820312,139.36671447753906,88.21347045898438,43.626766204833984,47.041114807128906,157.88095092773438,115.18860626220703,6881.6201171875
2026-03-03,51.71003723144531,117.58477020263672,56.15311050415039,50.9481086730957,174.9484100341797,137.32925415039062,87.24889373779297,43.40823745727539,46.74319839477539,156.09829711914062,114.13072967529297,6816.6298828125
2026-03-04,51.69012451171875,118.4121322631836,55.825252532958984,51.23662567138672,175.4769287109375,139.6663360595703,86.67214965820312,43.46783447265625,46.941810607910156,156.4070281982422,116.15666198730469,6869.5
2026-03-05,50.60495376586914,118.06324768066406,56.11336898803711,50.9680061340332,171.577880859375,140.00592041015625,84.93194580078125,43.05064010620117,46.57438278198242,153.27987670898438,116.31634521484375,6830.7099609375
2026-03-06,49.63924789428711,117.08636474609375,56.20278549194336,50.31138229370117,169.4638214111328,137.1195068359375,85.29986572265625,42.60364532470703,46.41549301147461,152.0748291015625,114.2105712890625,6740.02001953125
2026-03-09,49.768672943115234,117.18604278564453,55.954410552978516,50.072608947753906,170.46102905273438,139.58644104003906,85.48880767822266,42.69304275512695,46.52472686767578,153.62843322753906,114.36026763916016,6795.990234375
2026-03-10,49.65916061401367,117.0066146850586,55.23908233642578,49.80398941040039,169.54360961914062,139.58644104003906,85.24020385742188,42.63344192504883,46.23674011230469,152.52297973632812,114.2105712890625,6781.47998046875
2026-03-11,49.61933517456055,116.62782287597656,56.61012649536133,49.38613510131836,169.0150909423828,140.25559997558594,84.11652374267578,42.12685012817383,45.84944534301758,152.22421264648438,113.91117095947266,6775.7998046875
2026-03-12,49.460044860839844,114.90332794189453,57.13668441772461,48.58028030395508,164.77700805664062,137.6688232421875,83.77843475341797,41.85865020751953,46.17715835571289,149.54522705078125,111.29642486572266,6672.6201171875
2026-03-13,48.97221374511719,114.0859375,57.3254508972168,48.63997268676758,164.1886444091797,136.630126953125,84.26568603515625,41.967918395996094,46.63396072387695,149.17672729492188,110.63774871826172,6632.18994140625
2026-03-16,49.1812858581543,114.96314239501953,57.52415466308594,49.047874450683594,165.59469604492188,138.607666015625,84.50434875488281,42.29571533203125,46.93187713623047,150.39173889160156,111.97505950927734,6699.3798828125
2026-03-17,49.30075454711914,115.00301361083984,58.130191802978516,49.306549072265625,166.03346252441406,139.36671447753906,84.22591400146484,42.43478012084961,46.80278396606445,149.02735900878906,112.95309448242188,6716.08984375
2026-03-18,48.265357971191406,113.29845428466797,58.05071258544922,48.719566345214844,164.7171630859375,137.78868103027344,82.17744445800781,41.73945236206055,46.40555953979492,146.53758239746094,110.34832763671875,6624.7001953125
2026-03-19,47.52863693237305,112.78010559082031,58.97467803955078,48.739463806152344,163.6002960205078,138.25808715820312,81.51119232177734,41.64011764526367,46.216880798339844,146.009765625,109.48007202148438,6606.490234375
2026-03-20,46.77199935913086,111.87300109863281,58.92500305175781,48.829002380371094,161.2169952392578,135.1219940185547,80.83499908447266,40.319000244140625,44.340003967285156,144.73500061035156,107.52400207519531,6506.47998046875
2026-03-23,47.54999923706055,112.70999908447266,59.630001068115234,49.27000045776367,163.0500030517578,136.9499969482422,81.18000030517578,40.619998931884766,44.779998779296875,144.77000427246094,110.12000274658203,6581.0
2026-03-24,48.45000076293945,111.12999725341797,60.84000015258789,49.279998779296875,164.0,136.14999389648438,81.11000061035156,40.290000915527344,45.09000015258789,144.7899932861328,109.68000030517578,6556.3701171875
2026-03-25,49.40999984741211,111.44000244140625,60.56999969482422,49.34000015258789,165.10000610351562,136.75999450683594,81.51000213623047,40.27000045776367,45.25,146.24000549316406,110.7300033569336,6591.89990234375
2026-03-26,49.09000015258789,108.80999755859375,61.52000045776367,49.04999923706055,161.27000427246094,132.5,81.13999938964844,40.290000915527344,45.33000183105469,145.74000549316406,108.83000183105469,6477.16015625
2026-03-27,48.90999984741211,107.04000091552734,62.560001373291016,47.810001373291016,159.1999969482422,129.9199981689453,81.77999877929688,40.0099983215332,45.59000015258789,143.25999450683594,105.68000030517578,6368.85009765625
2026-03-30,49.09000015258789,107.95999908447266,61.959999084472656,48.36000061035156,156.61000061035156,127.5,81.87999725341797,40.209999084472656,45.91999816894531,143.82000732421875,105.66000366210938,6343.72021484375
2026-03-31,49.970001220703125,110.86000061035156,61.2599983215332,49.369998931884766,161.72999572753906,132.89999389648438,81.9800033569336,40.83000183105469,45.88999938964844,146.61000061035156,108.9800033569336,6528.52001953125
2026-04-01,50.459999084472656,111.23999786376953,58.970001220703125,49.439998626708984,164.42999267578125,134.91000366210938,81.45999908447266,40.95000076293945,46.11000061035156,147.72999572753906,109.80000305175781,6575.31982421875
2026-04-02,50.40999984741211,111.69999694824219,59.25,49.529998779296875,163.77000427246094,135.99000549316406,81.88999938964844,41.61000061035156,46.34000015258789,146.80999755859375,108.1500015258789,6582.68994140625
2026-04-06,50.220001220703125,111.76000213623047,59.68000030517578,49.880001068115234,164.61000061035156,136.77999877929688,82.66000366210938,41.7599983215332,46.16999816894531,146.27999877929688,109.04000091552734,6611.830078125
2026-04-07,50.08000183105469,111.81999969482422,60.15999984741211,49.880001068115234,164.27999877929688,137.42999267578125,81.26000213623047,41.720001220703125,46.27000045776367,146.57000732421875,107.7699966430664,6616.85009765625
2026-04-08,51.75,113.80999755859375,58.04999923706055,51.20000076293945,170.44000244140625,141.69000244140625,82.77999877929688,42.439998626708984,46.779998779296875,149.6699981689453,110.81999969482422,6782.81005859375
2026-04-09,51.66999816894531,114.2699966430664,57.33000183105469,51.33000183105469,172.19000244140625,142.07000732421875,83.44999694824219,42.72999954223633,47.150001525878906,149.3300018310547,112.73999786376953,6824.66015625
2026-04-10,51.959999084472656,113.94999694824219,56.939998626708984,50.77000045776367,171.52000427246094,142.6199951171875,82.37000274658203,42.81999969482422,46.959999084472656,147.30999755859375,112.88999938964844,6816.89013671875
2026-04-13,52.189998626708984,114.81999969482422,57.11000061035156,51.65999984741211,172.72999572753906,145.61000061035156,81.55000305175781,43.02000045776367,46.38999938964844,147.97000122070312,113.91999816894531,6886.240234375
2026-04-14,52.0099983215332,116.55999755859375,55.95000076293945,51.779998779296875,173.35000610351562,147.94000244140625,81.47000122070312,43.43000030517578,46.470001220703125,148.8300018310547,116.44000244140625,6967.3798828125
2026-04-15,51.380001068115234,117.36000061035156,55.7599983215332,52.16999816894531,171.17999267578125,150.3000030517578,81.05999755859375,43.40999984741211,46.02000045776367,147.77000427246094,118.18000030517578,7022.9501953125
2026-04-16,51.75,118.83000183105469,56.58000183105469,52.029998779296875,170.3300018310547,152.02000427246094,81.43000030517578,43.810001373291016,46.349998474121094,146.61000061035156,117.62999725341797,7041.27978515625
2026-04-17,51.880001068115234,119.0999984741211,55.02000045776367,52.43000030517578,173.50999450683594,154.35000610351562,82.45999908447266,44.47999954223633,46.15999984741211,148.8000030517578,120.41000366210938,7126.06005859375
2026-04-20,52.22999954223633,118.75,55.06999969482422,52.630001068115234,173.89999389648438,154.55999755859375,82.38999938964844,44.63999938964844,45.75,147.4199981689453,119.87000274658203,7109.14013671875
2026-04-21,51.77000045776367,117.16000366210938,55.869998931884766,52.29999923706055,171.44000244140625,154.69000244140625,81.83999633789062,43.779998779296875,44.95000076293945,145.9199981689453,118.97000122070312,7064.009765625
2026-04-22,51.83000183105469,117.87999725341797,56.540000915527344,52.209999084472656,171.0399932861328,158.08999633789062,82.11000061035156,43.459999084472656,44.869998931884766,146.3800048828125,118.93000030517578,7137.89990234375
2026-04-23,51.810001373291016,117.38999938964844,56.97999954223633,51.79999923706055,174.07000732421875,155.83999633789062,83.4800033569336,43.959999084472656,46.09000015258789,146.24000549316406,117.73999786376953,7108.39990234375
2026-04-24,51.91999816894531,115.54000091552734,56.869998931884766,51.41999816894531,172.47000122070312,160.22000122070312,83.2300033569336,43.83000183105469,46.18000030517578,144.17999267578125,118.69000244140625,7165.080078125
2026-04-27,51.779998779296875,115.80999755859375,56.77000045776367,51.810001373291016,172.50999450683594,160.57000732421875,82.33999633789062,43.4900016784668,46.189998626708984,143.4600067138672,117.83999633789062,7173.91015625
2026-04-28,51.400001525878906,115.75,57.709999084472656,51.849998474121094,170.97999572753906,157.85000610351562,83.08000183105469,43.90999984741211,46.25,143.83999633789062,117.01000213623047,7138.7998046875
2026-04-29,50.959999084472656,115.29000091552734,59.029998779296875,51.91999816894531,169.92999267578125,159.11000061035156,82.91999816894531,43.63999938964844,45.68000030517578,142.83999633789062,116.83999633789062,7135.9501953125
2026-04-30,51.470001220703125,116.51000213623047,59.650001525878906,52.130001068115234,174.5800018310547,159.5,84.30999755859375,44.400001525878906,46.849998474121094,145.99000549316406,118.3499984741211,7209.009765625
2026-05-01,51.349998474121094,116.72000122070312,58.849998474121094,51.91999816894531,172.9600067138672,161.8699951171875,84.16999816894531,44.31999969482422,46.54999923706055,145.16000366210938,118.62999725341797,7230.1201171875
2026-05-04,50.650001525878906,116.0999984741211,59.38999938964844,51.58000183105469,170.97999572753906,162.0500030517578,83.54000091552734,44.08000183105469,46.369998931884766,144.72999572753906,117.72000122070312,7200.75
2026-05-05,51.529998779296875,115.62999725341797,59.45000076293945,51.59000015258789,172.41000366210938,165.6300048828125,84.05999755859375,44.16999816894531,46.369998931884766,145.3000030517578,118.06999969482422,7259.22021484375
2026-05-06,52.40999984741211,117.3499984741211,57.0,51.84000015258789,176.8699951171875,170.02999877929688,84.23999786376953,44.7400016784668,45.709999084472656,145.39999389648438,119.87000274658203,7365.1201171875
2026-05-07,51.400001525878906,117.37999725341797,55.95000076293945,51.54999923706055,174.0,169.69000244140625,83.9800033569336,44.400001525878906,45.119998931884766,144.72000122070312,119.87999725341797,7337.10986328125
2026-05-08,51.59000015258789,116.94000244140625,55.70000076293945,51.2400016784668,173.1999969482422,175.52000427246094,84.18000030517578,44.40999984741211,44.720001220703125,143.49000549316406,120.19999694824219,7398.93017578125
2026-05-11,52.2599983215332,115.58000183105469,57.16999816894531,51.18000030517578,175.0399932861328,177.8800048828125,83.37000274658203,44.56999969482422,45.13999938964844,143.0399932861328,119.37000274658203,7412.83984375
2026-05-12,52.13999938964844,115.86000061035156,57.56999969482422,51.58000183105469,174.35000610351562,175.1999969482422,84.44000244140625,44.58000183105469,45.189998626708984,145.85000610351562,118.29000091552734,7400.9599609375
2026-05-13,52.060001373291016,116.76000213623047,57.630001068115234,50.9900016784668,173.6199951171875,176.85000610351562,84.72000122070312,44.209999084472656,44.66999816894531,146.7100067138672,118.72000122070312,7444.25
2026-05-14,51.66999816894531,117.11000061035156,58.06999969482422,51.290000915527344,174.50999450683594,179.5,84.9800033569336,43.90999984741211,44.900001525878906,146.6300048828125,118.66999816894531,7501.240234375
2026-05-15,50.29999923706055,116.08000183105469,59.439998626708984,51.099998474121094,171.39999389648438,176.25999450683594,84.63999938964844,43.22999954223633,43.869998931884766,145.10000610351562,116.52999877929688,7408.5
2026-05-18,50.220001220703125,116.9800033569336,60.58000183105469,51.7400016784668,170.75,174.36000061035156,85.9000015258789,43.75,43.939998626708984,145.72000122070312,116.31999969482422,7403.0498046875
2026-05-19,49.040000915527344,115.8499984741211,61.290000915527344,51.099998474121094,168.74000549316406,173.24000549316406,86.08999633789062,43.939998626708984,44.34000015258789,147.32000732421875,115.02999877929688,7353.60986328125
2026-05-20,49.720001220703125,116.0999984741211,59.79999923706055,51.65999984741211,170.72999572753906,177.13999938964844,85.5199966430664,44.43000030517578,44.5099983215332,147.1300048828125,117.94000244140625,7432.97021484375
