date,AK,AL,AR,AZ,CA,CO,CT,DC,DE,FL,GA,HI,IA,ID,IL,IN,KS,KY,LA,MA,MD,ME,MI,MN,MO,MS,MT,NC,ND,NE,NH,NJ,NM,NV,NY,OH,OK,OR,PA,RI,SC,SD,TN,TX,UT,VA,VT,WA,WI,WV,WY
1989-03-01,76.5492598812718,75.9508996120925,76.8316859416634,77.316539657427,80.3401024517771,80.3646731281043,86.6374280878473,83.9371807842502,84.3212637124162,80.2567494678027,80.6804976526455,79.4882604734338,87.2981748753536,83.6120495763597,79.4768440755742,81.0462611067594,84.048856936374,75.6950352790061,69.9453281169341,83.6547692021763,84.6234347286694,80.260575734275,78.5341910310861,85.9828885375848,81.0122544622476,74.8103869713562,79.4415147166051,83.4459134972799,82.9800634236465,83.1172396207735,84.9465272944268,82.4613085374433,73.261246683668,82.0077075346638,76.6410147656491,78.3393234936723,77.1714906095345,81.9632394010858,79.090779383164,82.7640019946983,81.1772159533922,85.1980222364985,78.4747719059441,79.3903842185178,80.5209913476277,82.8673184032919,83.1819154742044,80.786527085955,86.2231637990315,68.3964984394731,79.587783988487
1989-04-01,76.5086672823974,76.8625136847572,77.0411568494173,77.6255976772044,80.1124683438911,80.7562533971243,86.5593957028533,83.4910246519493,84.6772320588149,80.1977739233952,79.6262826437786,79.5105698482935,86.9716266486387,83.9279989122146,79.784992550584,81.3148065417074,84.2709974734312,75.2517724849733,70.158069437823,83.3538866897665,82.679767605689,80.4651347565621,78.1175927398712,85.996699478394,80.9825170101638,74.7117781234038,79.7226071986142,83.6278408451383,82.9720394011595,83.4127859990803,83.4862279063118,82.6404049813531,73.608652217824,82.6494951772281,76.1699412389385,78.0693334606249,77.1375353455506,81.6490018630375,79.025155224288,82.2580563605478,81.730788584797,85.4037168120196,78.2926298858584,78.578393000164,80.4171636330229,82.9954271843124,83.2757521752018,80.9923355872195,86.1052594407417,67.4943491368539,80.4197627114993
1989-05-01,76.510965143582,77.3303181033633,77.7450360711707,77.9590143580068,79.9901563734097,80.9180635922066,85.6737882452972,83.2216215583418,84.6986220966662,80.2033330397808,79.5038846750293,80.2218814039996,85.8812709559385,82.7983855412104,79.870775932669,81.5290734016957,84.7591163800521,74.1800425774937,70.1964931224845,83.0697860569153,82.2879215316452,80.6813016529283,77.2067013424458,85.2168000609066,80.8340237485674,75.1731368326604,80.5667278543525,83.8566553511071,83.6244179726806,83.8975273534838,82.8437171696507,82.4062531756417,73.939174348169,83.5464882975783,76.1898891731278,78.0552853893939,77.1965474262842,81.2010556638591,78.9071155643554,81.8663760217549,81.5643889687897,85.3520357184853,77.5223873475007,78.5171106248528,80.1659777271294,82.7488889027046,83.4607347291308,81.6267913271241,85.8356699203286,67.3253454590196,81.4398366956279
1989-06-01,77.0889240209581,77.1424075163791,78.3549903657804,78.339963809958,79.4216780534731,80.9330822291511,85.6061031017024,83.1010153293277,83.5319497173864,80.694911159006,79.6323245945039,81.1943741530901,84.9273883475151,81.7323307554146,80.3434481405016,81.3436657224166,84.9224898349582,73.7320747247472,70.3476468297313,82.971161865188,82.2341216595563,80.2117713861204,76.2550834455368,85.0395474611247,80.8348128419786,75.6794910752886,80.5336150362133,83.9314936132647,84.0723235375012,84.2584376573019,83.0004037038131,81.7136451096274,74.5403549230083,82.2463581729034,76.4815687659113,78.6860616765413,77.143987707917,81.030160706756,78.8092449391829,82.2147951549742,81.2872977286712,84.9603729216759,77.0516048697551,78.3766343821533,80.3600600286644,82.5160168666477,83.5441817588946,81.291806170252,85.7193567121308,67.0245610173786,80.6436009906276
1989-07-01,77.3749748365549,76.0945927824452,79.2368471328798,78.6351313672654,79.2199894780925,81.9693915683482,85.5462771740818,83.1927544470918,83.581969455681,80.6398633294102,79.9082582827075,81.6419248867878,83.9822126086201,80.7987660131003,80.4106254620491,80.6383077806619,84.8564135943466,73.1910776967544,70.573422600026,82.9523057229822,82.7964040965377,80.1310627485978,75.5891041852684,84.7107239702461,80.7253031783237,76.1984278547156,80.6714836067153,84.0211343940063,84.823190840712,84.6656955627098,83.6155921725045,80.816943179445,75.1786330310297,80.9137893041304,76.4640916511804,79.2269975984688,77.2752022642666,81.0009347330194,79.2023862686353,82.631862272228,80.5561297812634,84.9419935989129,76.5027086852347,78.8334223517735,80.9859463302104,82.6426951903669,83.8764089406381,81.1853882345841,85.3010811676256,66.7212573021892,79.835057773669
1989-08-01,77.3398705957161,76.1826432379454,79.4103180637532,78.6110928398984,78.954685769701,82.5448000245468,84.7423976242561,83.5099013151603,84.0008352588007,81.2774424798202,80.0554215511073,82.0797319243223,82.9348108490023,79.5554806224839,80.4766880284262,80.3413880390473,84.9606266487504,74.5880698014197,71.6263687296551,82.7959757711359,83.7237924478064,80.6661189614807,75.6015745351732,85.3315419015245,80.7897843491968,75.9271365832479,80.8457439867005,83.7724187266784,85.040280714567,85.2958177503455,84.6884502387459,80.0303070372264,75.2239753129316,80.1124484998533,76.4704077842509,79.3777810172295,77.6936202528294,80.6970568692416,79.3232657338804,82.9765077341192,80.3897435112508,84.503130385988,76.4857293572106,79.2787828846242,80.8226391918804,82.8551645666673,83.7228443223982,81.128505977143,85.2321451001498,66.6822767208399,79.7590266122792
1989-09-01,76.3620078521135,76.137196510043,79.3566330477332,79.0604992412273,78.9205511409731,82.5447128198225,83.6425930342673,82.6593738457139,84.9885411643358,80.7997139312544,80.2262591889457,82.1930030516255,83.5157657796392,80.2405493592331,80.2142689198537,80.2637230349382,84.4863198320163,76.3006516938855,72.0578542285586,82.882671218044,84.6764309362825,82.1473329131528,75.8679431168361,86.0128251163252,80.7364352767648,75.36232767388,81.1703774270396,83.7630029475428,84.4357804340125,85.7626761358959,85.2524173566407,80.2975538484915,74.9476097596819,80.379632203395,76.2488406306119,79.4583877759418,78.4325713981709,80.3097121699678,79.5774418790712,83.1340561947032,80.4443589510336,85.1092452868991,77.2191571755961,79.5679847251582,80.96861469702,82.7256104726817,83.7810196154341,81.5262531714221,85.4381279634558,66.8338711353074,80.3619195648717
1989-10-01,76.8563701198756,76.6828441827351,79.0185336923743,79.537182596778,78.8805250044246,81.8099938222389,81.2096842143399,83.6798304157131,85.2305256583558,80.3097977166163,80.5421393220776,81.967768801983,84.4130240160739,80.3185040541697,79.9894051926721,80.6515813290661,83.758008004928,77.8488461454629,72.9195937521562,82.6870763747546,84.8523949889188,82.4026920861001,76.5005693333174,86.0603514529615,80.3681484355335,75.5592384356158,81.1656259387673,83.6827047438664,83.886136137956,86.1860398759367,85.8329269714011,80.3651808395387,75.1435055867174,81.0439168475641,76.5009003730767,79.0058392319206,78.8763817262124,80.4633078687257,79.9722094576344,83.3175904474318,80.9403236649842,85.0580111403604,78.2762858150257,79.8921260554974,80.6572079139953,82.2469454011585,83.6959718740709,82.085297577299,85.3571045280517,66.7172706505345,81.0998095620591
1989-11-01,77.6882649519395,76.8536269913762,78.2700087212078,80.3439398663628,78.9586279320222,81.6014636901974,80.9571546886831,84.5099730019569,85.227390593572,79.9275505699326,80.9882559665064,81.6100062833032,85.1529629655208,80.6361687060182,80.051796024553,81.0326525743089,82.7541406697454,79.2257600947289,73.2941937574346,82.4397136438206,85.651178010114,82.4900355133344,76.9671839858318,86.1136632439768,80.2984421944944,74.9818690672089,81.4556474277552,83.8169012541241,83.5740821527365,85.6992123950339,86.5421536537726,80.6124946141627,75.2096153567483,81.4877993666625,76.9173823188572,78.9602732816563,79.0291612827662,80.4381645810327,79.5562207697166,83.2637563592113,80.9962558286457,84.9497680379585,79.1057268137636,79.9278951007391,80.7624364463465,81.9710864684335,84.1137972641276,82.1315605293878,86.1507211740066,67.9148090189264,81.6887964824127
1989-12-01,78.4298808528615,77.1354313306122,78.8502972810392,80.7517873980758,78.9001005652933,82.0331146229566,81.965392971617,84.8733433607,86.0581085335187,79.4857201193707,81.724984491661,81.0574920193127,85.1232077380653,81.3227967650834,79.6798673289103,81.4356064446672,82.1511095005233,79.0863948291496,73.4162659890687,82.4218852892272,85.8564452943218,81.7363367629559,77.3317474509701,85.6872053831472,80.4902707820101,76.194127019898,81.7477731901045,83.8897038922665,83.7512072746129,85.328270115734,86.6729750939482,80.452096220988,75.9161736764301,82.4224494334885,77.3491131364226,78.9421217457127,79.2995378032951,81.0460085795043,79.300836715273,82.7735074038307,81.1115473614415,84.1328495850726,79.6424831711359,80.0685559233211,81.4147603715841,82.0414684124925,84.4879086859876,82.0996632277751,85.0733153259836,68.5382471675799,81.6764587976359
1990-01-01,77.8553997926182,76.8955682047176,79.3448324221517,81.4395583334287,78.8589262487125,82.8452794972752,83.6842726480091,85.7515002554193,85.203118953929,79.7792148662883,82.3416281355527,80.7192967435845,84.8558329950054,81.9946194576048,79.7646073493708,82.1360236320055,82.2076582218875,78.5522171948342,72.6407598233306,82.3747944302421,85.9458376012449,81.5115010236805,76.6366837503026,85.3174100918219,80.6011342762093,76.8628977990996,81.8752764965539,83.8272185090547,83.8217178325679,85.0321692534711,86.6294745186112,80.8288086076983,76.2241196058297,82.372593233308,77.8745350612144,79.2391775003125,78.3599926619076,81.4569005036188,79.0167239549928,81.7564929736243,80.9435403400703,84.1008636839323,80.0735312160061,79.6521190732117,82.3112367588669,82.4579598782424,85.5713149957884,81.8989923177591,84.5385423409705,69.5441376091167,82.9558813865754
1990-02-01,76.779715738472,76.6605093015695,80.3719946528446,81.9610259077828,78.6503441187377,82.8417354188781,85.295866747187,83.5666753738091,84.0261819083291,80.0798080409611,83.0515146571413,79.9431527317446,84.8309820388959,82.7508985737161,79.4670570827284,81.9828227925403,82.5565221520551,77.8177854840046,72.247378968667,82.5410785817284,86.5098855716684,81.0938251659389,76.7012825949536,84.4691146674491,80.7521360411586,77.9493588156042,81.7979728184142,83.8470677830955,83.99679621947,84.6628546234254,85.9853163115503,81.1437665475084,75.7699583692344,81.9865343632808,77.4791703010593,79.6339095039728,78.2532948469688,82.588123382001,78.3753261139203,80.346508434512,81.6080592449734,84.3665212740647,80.5879286791887,79.1590739973205,82.1468961857834,83.5210081776019,86.0651510267145,82.0816383101125,84.4482633124741,69.5147993205208,83.5318645457244
1990-03-01,76.2020105061877,77.7420192485848,79.2861385486744,81.9032360092921,78.4947735774447,82.6485171268768,84.7207814671554,82.3393252045801,83.2129577424363,80.3547362521312,81.886387388824,79.7789377680972,84.9306878561417,83.154087321361,79.4029643100612,81.6822378278897,82.5059128802853,77.5988399591718,71.6166868617274,82.5246434615145,86.3532063915236,80.8767555459933,76.6335387163586,84.2868530007099,80.3527896064919,76.7489564068836,81.8540179135494,83.9381933299423,83.8330974354341,84.8597239077027,85.365163025923,81.5283124099529,75.8213599390462,81.7639922282222,77.2068926287463,79.9124624486928,78.9685293615717,81.4082680049726,78.8625071193742,79.6613678296367,82.3380627328871,84.8726772159787,79.3900526971178,78.9719257958257,80.5825978301443,83.4552193163224,85.9604117846634,82.4260145787752,84.5241839831615,69.5294858589712,84.4193491394272
1990-04-01,76.2515283836882,77.3841278363114,78.8060871369947,81.5428870699461,78.3470386323709,82.194659089884,84.3254695062455,80.7115177507797,82.9702466625109,80.6974270419054,81.1989749674893,81.057019572621,84.9561045632845,82.2984484148766,79.514468567852,81.3259780443131,82.6277564876956,76.5963357088499,71.4553680564989,82.2904975474648,86.1221836159949,80.91032979274,76.8600065953955,84.8037589032652,80.5130807342649,75.9211824380464,81.603369710728,84.229161715358,83.4032529944387,84.9759835015918,84.9073480038073,81.3217108400854,75.7858815103391,81.9498655578055,76.884550577253,79.9325401282161,79.2333686857371,80.6416751601189,78.862424953717,80.6867440962323,82.1939705857972,85.0357225011,78.2584142320525,78.8255320502732,79.782458646861,83.4582066227332,86.4221632893284,81.7975436171725,84.4803285716932,70.063439452114,84.6439878482167
1990-05-01,76.0008781941287,78.0941833602665,78.2884746487002,80.677391209227,78.1979709112149,82.6711651507673,84.5237927494308,80.1869570369165,83.4748227842099,80.8078290644137,80.5919683031813,82.0855628680959,85.406468271218,82.0019939372078,79.6732669709335,80.7004852650941,82.8367432283952,76.4975058458109,71.9138243182966,81.8017888832582,86.0861537117526,81.2469784301125,76.7524776425264,85.8122652259603,80.8101731152395,75.7382558291166,80.6524394835542,84.1314159086802,83.0878387773921,85.32029317685,84.2515443098676,81.2457367238682,76.0376211034589,82.2225095143133,77.0194444120956,79.5977087990854,79.0997910389844,80.2633113009266,79.3555878176495,81.1680493956826,82.4951013130669,85.1265809215539,77.320683062578,78.910425691666,79.0743735509249,83.3123966804193,86.6338929594875,80.6129918982961,84.3623026522765,70.12977949526,84.7897188271215
1990-06-01,75.5410136638089,77.1429824204639,78.3360649340179,80.8634503824582,78.2732463018263,83.1449395211251,84.6265212222591,78.9285819387995,83.3193998750531,80.6106549191802,80.2915137491395,83.0295731060257,85.1370448883829,81.2148820740418,79.673557027458,80.6613260031152,83.6646319066659,76.3397141390647,72.8933057289562,81.1716832225997,85.372431021644,81.8800437299658,76.847742659989,86.5601301795936,80.9190803767987,75.1995610097482,79.7007320683051,84.1543004724356,83.0121736083698,86.1290070362194,83.8662245663505,81.1287070863035,75.2593913807771,82.3659878284068,76.9553632716469,79.093463653402,78.8550528249889,80.2682537761733,79.5279384616367,81.4547378857817,82.4317178296246,85.2897009601524,77.0435081625749,78.7462992533733,79.3323390374728,83.0522318346459,86.5658668468289,80.262549912274,84.1621022412432,70.1314398487882,84.8033976028251
1990-07-01,76.141335406257,76.044793162636,77.9804842201645,80.7427951952211,78.1100803016119,82.9920554397367,84.5511582934042,78.4399788600375,82.7763224868005,80.4602864995758,80.2662559820808,83.6267316863319,85.2830263784333,80.4555397505513,80.0399620811721,80.7980219542539,84.0904208634065,76.275084617801,73.8825528502958,80.7794632432988,84.4504008475802,81.7621020033776,76.6534236289388,85.9041881451366,80.780404299478,74.851613033138,79.2564864444105,83.7746300418652,83.0746348425729,86.617462084827,82.7380343150916,81.2537117342638,74.476906592247,83.0694037076789,76.9282534430771,78.5366007807678,79.2008573447876,80.6743183295425,80.0661136437556,80.6295566221777,82.5917966675419,85.3466105243911,77.1813343137168,78.424290271813,80.2603684905232,83.1827660670688,86.0329583529669,80.1481297159591,84.2869907584093,70.1665244785949,84.3424959673903
1990-08-01,76.5678634576793,75.7314805270784,77.7344868905418,81.1896964127208,78.2100794033222,82.5261337371795,83.8790120917661,78.4198957083414,81.7130969232443,80.4638102597335,80.2751325476177,83.9625517833087,84.4428120704241,79.7608569741981,79.9311207503318,80.517963567011,84.0895402595949,76.6619723067024,73.8560876430605,80.11623649809,84.1824436601906,80.9373546675092,76.6402586407386,85.4094436207093,80.3572427918623,74.9344755500261,80.126480512035,83.614743052404,83.9519018963404,87.0012073797998,83.7521026139769,80.9788582183203,74.2967781372655,83.2181129818848,76.777046292925,78.7499833935723,78.8380909206637,80.8854546357077,79.4408260440922,80.4014219389405,82.0623305288453,85.87660367864,77.0059600042054,78.1808384218281,80.8427498799956,82.8820226920928,84.8229693362728,80.5639475401961,84.23862453557,69.5992290192593,84.2424299250381
1990-09-01,77.1601255992149,74.9860859564346,77.4001914070151,80.5829970749712,77.5019104755815,82.2430717914544,83.7011260380444,78.9294701940867,81.085632180925,80.4783313825834,79.8456862879876,83.9127896011691,84.6437944194389,79.9260937611798,79.9938457156831,80.9614607184816,83.7968134132062,76.8005128831881,74.0548769270242,80.4138725027297,83.8131765711381,80.2909940192384,76.5889971030305,85.2226017101144,80.6285422922324,75.7291722445158,80.3192674477918,83.0575241740588,84.5834440700697,86.5809958976967,84.6010113648059,80.8309444641289,74.8420274908736,83.3509364592536,76.445497222656,79.1073017283934,78.4780846152296,80.8769016625386,79.1996408391008,80.8539816603612,81.0979908751356,85.6314199664117,77.1866266159256,78.1232362880816,81.4491058099112,83.3884723897826,84.1063142684728,80.4911190254125,84.9380892852298,68.6529939277602,83.6527600864405
1990-10-01,77.1179729881288,75.1600207782042,77.4530792935135,80.9374296584241,77.1461640119578,82.5402575034934,82.7722820677966,79.2006827413022,81.3904868910647,80.2785294907378,79.4512810667311,84.0867130999731,84.2669404837896,80.4674568101942,79.8166529153153,81.2879999677495,83.775890139902,76.6107217057482,73.553035060322,80.5701356872626,83.6166316999381,79.9702375731413,76.6694608448305,85.8022811713967,81.3651483449587,76.6759219140999,80.6593531372508,82.754626296755,84.3575569050624,86.5606512023694,84.995993045359,80.8120763344147,75.4262944299044,82.5863676700122,76.1022360530191,79.1855197746173,77.5467904658707,80.6810443225616,79.1728385429792,81.7626118990105,80.2767421141431,85.4454709109272,77.0310426321633,78.6075542658714,81.9744677316752,83.4672929418163,84.2376766490727,80.286501551928,85.4036633772569,67.8829554749942,83.631737205496
1990-11-01,77.6378081327835,76.2694820707872,77.466741464761,80.9795460287607,76.5837002311608,82.6110394945383,83.0293540425011,78.1655535314551,81.0406824158238,80.104328146395,79.0124304992968,84.2536830643641,84.5149203085776,80.8770698731405,79.7060161252114,81.7560294165807,84.2354819002702,76.2021843803693,73.1186655760318,80.4811511266571,82.3472569249407,80.2652957077533,76.8320618467264,86.0595657726128,81.0390887079124,75.7574028384891,80.2598099145599,82.2239514335304,84.2939376531212,86.1849254302947,84.7299783231205,80.9116029675337,74.8605890142696,82.3845363411171,75.9192342520232,79.1788692304852,76.9890189212418,80.5530476647124,78.8455166397299,80.5298201061033,79.8056598397312,84.6727736552155,76.6597774145511,78.9198862286307,81.8915942044835,83.7446817274837,84.0068718470071,80.2903419018485,86.6752863583876,67.8655989850125,83.3675361265788
1990-12-01,78.1872144940418,77.2130062930407,78.043027444616,81.5840565834895,76.2493646172378,83.0747527041401,83.034219213908,78.2777103073914,81.1544026520056,79.4765184109084,78.6342735807721,84.598930855109,84.3774158103581,81.4823482883286,79.7894987198825,81.6121159222933,84.3681397232689,75.0997053946946,72.5926307913181,80.2774506113027,80.785945392776,80.4987798520502,76.6454396651578,86.0893710434433,80.4829857906793,75.6572126629718,80.3155375964402,82.1644707333433,84.1240188219626,86.6430578600885,84.6879696551639,81.0140265397182,73.8038879465903,81.7881029415106,75.7473154573396,79.3062909740905,77.4671979234101,80.5209353374411,78.7935378791989,79.610152349538,79.7342304721452,85.1424187726778,76.1863901583197,79.1227494398861,81.5999386905726,82.8193050205477,84.2743841336166,80.6673385274532,85.6297392843045,68.0809363960326,83.1180082248788
1991-01-01,78.0331889230955,76.2858541189119,78.3478682170543,81.4712362044042,75.9749034089182,82.8424378938819,83.4631929124619,78.5215073388626,80.8773476040625,79.5947292959861,78.5083521933849,84.6639922446583,84.1866979437386,80.5066993730629,79.8613793532338,80.7330249009605,84.2496210941412,73.9873404697017,72.6347854179505,79.4084685816305,80.0948082711173,80.9646251814285,76.2656820553764,86.3406173845387,79.8091270963576,75.2422817521829,80.4784683674914,82.3856619635086,84.5394624087663,86.9007593136405,84.7508880408589,80.9242346180189,73.1538067802532,81.9937441210594,75.637511416564,79.1669978110559,77.5229770831395,80.6873922970403,78.483050636306,78.6086378149131,80.7848679961602,85.6713723426108,76.171841543722,78.936913478182,81.4141771638282,82.4602996281933,83.6867437038334,80.350056044721,85.163235829351,67.5939450556295,82.9301476918254
1991-02-01,77.4533948883251,74.0959766999738,78.1609971504569,81.4343547976117,76.0622955343469,83.3399835126865,83.8827346014422,78.3908806845758,82.1072728491253,79.2702154242909,78.9177962234596,85.3426352064576,84.2400443669313,80.0540013558563,80.353772335802,79.7887821680203,84.2560014412581,73.8432519548786,73.074012942174,78.8857161199835,81.014438318287,81.610993840602,75.6453337640782,86.1173158518405,79.5704864705066,75.6869937180362,80.4150921141551,82.4796651084791,84.7396021653649,87.2445701791031,84.8143318271934,80.3988776304024,73.6372973942422,82.2236045426167,75.4824476992671,79.1112853067283,77.4527666906718,80.9757828230659,78.159560244068,79.5884926100113,81.2370267801312,86.1913430630456,76.5834506387159,79.0568822635694,81.002487562027,82.0350477116474,83.6790204631053,79.856197502564,84.28330772703,67.7286041839105,83.1901614254633
1991-03-01,76.6729377828955,72.8698190369746,77.4882990613413,80.9179409790452,76.0677347339952,83.5132021723684,83.2655435129838,77.9856239013911,82.394085314113,79.2762707167079,79.3358251652859,85.8786314393643,84.3082151474854,79.960124792233,79.9990012831374,79.5138660911788,84.2464539302245,74.5518051422832,73.2854662127377,78.5285780971724,82.0350864785486,81.3978103484224,75.3648106613309,85.8509653378472,79.9263057098001,75.2134057920612,80.0262305062478,82.0476707106433,84.7876315742746,87.1702696030951,84.2993974498574,80.0445200377442,74.2202947935014,82.5061480417013,75.3890358927512,78.7097856877875,77.2166266484064,80.9472227820219,78.0636119013418,79.697845329437,81.6360409384645,85.3399715094134,76.7601371446219,79.1586200192373,80.2354595322408,81.6615280791715,83.463678372513,79.0406979916141,83.9051850270032,67.9684693537232,83.0095557722594
1991-04-01,77.377550889349,71.6034045423693,77.4623903427417,80.9346269563917,75.9570862211628,83.7575838138007,83.3835026719711,78.3744698892332,82.2718428391232,79.1365054371304,79.9881563925417,86.255195532097,85.0795370716371,79.9257706419179,79.7507953298063,80.6197386700647,84.2769116619889,75.0866934713863,72.7196146837141,78.5515078555562,82.9644761950714,80.9741166204258,74.9525659694519,86.0250692991791,80.0440269760954,76.1234062436601,79.5216616346728,81.7113811430942,84.4675650752585,87.4877524439755,84.389167314814,79.6221411870707,74.341225559354,82.1441836862509,75.2109147691968,79.1065211333281,76.7306174259265,81.9051718032594,78.1342253489173,80.0607108474695,80.8941754796835,85.5065573168548,77.1465829184659,79.4111987615993,81.340925094642,81.6126033437243,82.7451270828166,78.8638054176118,83.7122350355759,68.4382469261217,83.1927594253378
1991-05-01,77.4055009376934,71.8893657871479,77.3824288455995,81.133729035736,75.6378662393299,83.2285686652326,83.2016151683876,78.3336686536307,81.2022587690401,78.9845655756311,80.4530836193315,85.8026550407546,85.0877568236472,79.5911946982819,78.9022811264062,81.6783934241027,83.9502854540846,75.1963712127188,71.7413590632914,78.3990945714009,84.2442912059881,79.4552904755227,74.9602440024761,86.2877744419301,80.3395797247448,76.1134073616155,79.6487014585204,81.2792795767974,84.2686140615312,87.3092060283712,85.0197308108104,79.5264218089513,74.2191095836422,82.0457123577616,74.9443932362701,79.4594306440533,76.8363493578834,81.9170688656081,78.3917606178361,79.8645177554864,80.3817008879956,85.4694257214483,77.1785607320476,79.3216655756203,81.3839119353586,81.9211953393256,81.9084496061709,78.5017203074496,84.2485793535095,68.6930908544634,83.185517271267
1991-06-01,77.1646337466025,73.2899298678634,76.9792902008807,81.1347076063013,75.5757690775424,82.8381866551783,82.9361507679835,78.9028635911808,80.981003139746,78.6006418699887,80.6144418530467,85.3535158503363,84.7291716899147,79.2764957210057,78.5859985698091,81.8631457557453,83.6449130952168,75.7405648446932,71.6977294107582,78.2954932512895,84.3115311581014,78.9125907663466,74.8345262663109,87.1526140314456,80.3588324955736,76.2692109192359,80.0875272582788,81.5838855063385,84.4202535931984,87.6300815278009,85.4849222381767,79.795926472686,74.154152030944,82.0012428688948,74.6714899352367,79.346552858927,77.1400915693086,81.3923103288161,78.6845110979793,79.3474890011673,79.8247116454215,85.3025033899087,77.2091240258572,79.399064630257,81.6716721106049,82.1141656727513,81.1247217148773,78.8939308010537,84.6508381841717,68.4827568713062,83.1321924328668
1991-07-01,76.230087402858,74.6949734537351,76.1535852344634,81.0092512578987,75.4908852129364,82.1867424246932,81.8484205686202,79.6084854153663,81.8225201028069,78.0464399318738,80.2028968296859,85.2513483451825,84.0802214351672,79.9771515480349,78.7030446844215,81.4979131391136,83.5496977244979,75.0366438312357,70.964970656285,78.0433327504268,83.5942112589251,78.94818275635,74.7360197193232,87.0349809972067,80.3971603233086,75.6327170377975,80.4864105039113,81.6117569857905,84.3762398012497,86.8322609369624,84.6143220884075,80.2482489642687,75.5704193904233,82.2600297819374,74.4962853343072,78.755206370603,77.542519817395,80.5381909393192,79.0751660286679,79.1211097605367,79.8041383244124,84.8376203385095,76.8830203369641,79.5345538688859,81.1750968668176,82.1580133778534,82.0636102445175,78.732558976629,85.1181389634594,67.9315934069293,83.4315402231657
1991-08-01,75.9484258014234,76.4644942840638,75.4890925456991,80.0657976661893,75.7496275377621,82.2519484234727,82.0507711364557,80.4612501020963,82.6537263617184,78.4624989682878,80.3415963994592,84.7261215001841,84.2542005818305,80.8993240950971,79.0355425224526,81.0810202170419,83.4045442160105,74.2068524647391,71.6261825204394,77.6450188812084,82.7983161211943,79.5901671411093,74.7232615786362,86.8564321734408,80.3503489106631,75.138537837486,80.6734188411748,81.9926267674556,84.2509921073605,86.2884144310786,83.8960654070688,80.6089503808004,76.3335408310026,81.8290370655067,74.3657683399481,77.8959256015421,77.5199286103633,80.2118136173645,78.4966220167771,78.8462788917216,80.0340096297991,84.1316923055891,77.0165832043874,79.4474395557422,80.3442817567026,82.4619233147467,82.6582939770823,78.6433175904307,84.8698754036242,67.4840694923998,83.0324341750415
1991-09-01,75.5489180666967,75.4774741452184,75.7844423746841,79.2159117312761,75.8178887700394,82.2994811225883,81.8999474623937,78.3255064828981,83.1843157088654,78.5321168418054,80.547833104581,84.5098632882555,84.3707256755409,81.4270026565867,79.404032020769,80.121314024088,83.8279947358731,73.1690173879379,71.7121799435572,78.1753295508181,82.3526822352778,78.9865239744725,74.9602714777391,85.850051756624,80.2635640263155,74.7859730344959,80.5409175059472,82.3791481302832,84.7036116744873,85.3118870989182,82.8244065884457,80.6162778253244,76.4302246943157,81.3237753516502,74.5318308407655,78.3066751856558,77.4207670732752,79.8957640870204,78.3241809332665,77.991273568208,80.5717374820053,84.3738980188105,77.0949679528785,79.056064742314,80.7598310929808,82.7277452823235,82.8251454690912,78.4356273301051,84.3184451502701,67.7587005413623,82.9716697637212
1991-10-01,75.3353437941253,74.6517593711079,76.0203754400598,78.6106287369396,75.9946959700663,82.5032130441542,82.1359519306354,76.6504537622452,83.7036091241886,79.0543273870359,80.6154675457689,84.0817912056309,85.0286373008897,81.4973958011097,78.8684379572635,79.5055340488552,83.9443378622785,72.638332439176,72.0050248808547,78.1207363285448,81.6166767139659,79.340161370182,74.8867309303526,85.5470588602352,79.9380606205803,74.4476698571371,80.297951685333,82.9001997828697,84.4708404384634,85.7937046412934,82.4730268615716,80.1366648162472,76.8377519999999,81.0695161135455,74.4420586020502,78.5151327831355,77.1415257760161,80.0905139691333,78.0807000924425,77.6849451924964,80.9112987227268,85.3723814183091,77.2917835553186,78.3610968028111,81.3039397162699,83.1059195226376,82.3400336031685,78.4689360942586,83.7405617615174,68.1880221796337,82.271592020569
1991-11-01,74.6004586198054,74.1136601382537,76.4264870971537,78.678537100832,76.0989530818293,82.1761470164895,82.0989614015326,74.7145549749141,84.5102453232209,79.0874519469834,80.5511583815989,83.8917328732047,85.1056432644766,81.200883544853,78.3460520913297,79.0254715595732,84.1054083336529,72.9835299139198,71.492326983565,78.6047994011213,81.1925158234562,79.8771352272613,74.9434965566242,85.1729697760173,80.0971160812996,74.6756945479947,80.1504083113059,83.1384514401445,84.4929397215149,85.8546590380941,81.7651378823537,79.3568467428451,76.2085054635388,80.5751543147735,74.4112270906022,79.3255257671798,76.5608867941326,79.7512899026552,78.1444782430024,77.5184420761868,81.7707805213549,86.3451290403395,76.0837522998657,78.2476498962796,81.5847638674079,83.7543393669851,81.643519902623,78.2288017863591,84.3450221696601,67.8108272511351,82.4605644333856
1991-12-01,74.7193639928408,74.1668934053039,76.5935630302508,78.912882249699,76.0215257126238,81.6252733281818,81.907368750424,74.92998089439,84.867106883589,79.1620737448646,80.3128622868156,83.7739440770982,85.7201110418124,80.9207947386344,77.9342226187314,78.7923813535133,84.4730743041095,73.4873679553668,71.5241616753684,78.6991479561387,80.5841334999452,81.0670389811602,75.2659779665447,85.7348556919616,80.5477251637551,74.5891820702408,80.0145709528598,82.7577250379641,84.1679500382389,86.4358738416465,81.364497904837,78.7632472631266,75.9723217683708,81.2359040157576,73.7068595576194,79.1071717143162,76.3110726512647,79.8960779366275,78.0151763888064,78.9070646334568,81.5938511029707,87.0319594342814,75.626916303062,78.5374563163122,81.6136264249228,83.9597004250248,81.2402985166955,77.5896481374624,84.3777308565632,67.1178633300928,82.3167106403364
1992-01-01,74.6831983599123,74.1431790274826,77.1170886445466,78.3226467877222,75.9795305747423,81.2581238685998,81.3358487193673,76.5260390241869,84.7920850436214,79.075922420409,80.1231246980199,83.8022236437917,86.1723083824994,80.2232440914653,78.5655075664414,78.7830973411626,84.8693419289131,73.5743933303697,71.7339653705382,78.7547054529371,80.4072953583768,81.3918165738913,75.5719736940406,85.8241821355394,81.5883338733247,74.4974984063876,80.1494958613555,82.5117979191017,83.6929067993342,86.5203163800819,81.2871440151734,78.882454995083,75.6408575555697,81.4063218089128,73.0885675234343,78.5553800501538,75.9602811049242,79.3522916253748,78.2848437441429,79.3881718393382,80.7153872876791,87.1996307535763,75.2498860800435,79.0485112820536,81.5423900011517,83.6554353700364,81.0396563376873,77.2097718190465,84.6152234665681,66.442628873389,82.2040309289611
1992-02-01,75.6546097023809,74.3981694405293,77.2191127626393,77.9063356186384,75.6693563912623,80.747827149101,80.9451192420264,77.1234785392264,84.635320711027,78.8921896479353,78.8371396129543,83.7531292979598,86.1893464578122,79.9884002363361,78.8387602619794,78.7646625288421,84.8777358658963,73.7010740205897,71.8984066758166,78.6328900533207,80.7197864028854,81.2773020297509,75.9125277430909,86.5918765496627,82.2443612824058,74.556329169027,81.0451196748759,82.1055102029664,83.7690407395546,86.7657169170234,82.0853357548834,79.1663630286446,75.5404611947837,81.6908081049427,72.5568351957763,77.9694812450101,76.1496850591558,79.0311427473953,78.3539990810612,79.8923793529776,79.5668998160275,87.1031034972056,75.6320370762649,79.1818018248398,81.7542469227746,83.078003061061,81.5707484598332,77.3803462809112,85.1245469177303,66.3061388732822,81.0690976034354
1992-03-01,75.9000869675581,74.7211498523327,77.7111355939455,77.4540129354423,75.3863603075011,80.6285611105545,80.716060135674,78.8068465256679,84.190456396028,78.4810577547731,77.1647977815733,83.3966225056971,86.0950264037344,79.5567666093541,79.0659046259243,79.2518034603776,85.3929766184855,73.897359495622,72.4261599164043,78.1172140596829,80.9997955924559,81.412568522683,75.9551469084958,85.7725568730942,82.3674326880179,74.9322122657133,81.1942080396521,82.2506212489171,83.6203441316674,87.0027636457659,82.7402465789388,79.6911509065264,75.5236777306911,81.4803700282015,72.8976483595535,77.6368880978625,76.8410883148117,77.7720858007502,78.6880698590506,79.1480912687104,79.2764371379415,86.5702066290927,75.9736348892247,79.3073041291127,81.2001158493928,82.0683564650316,82.1440094832813,78.1949787103981,85.6289628031944,66.3347661675885,81.2662592401768
1992-04-01,76.0578767491146,73.7199879452319,78.0914277146397,78.2893062897719,75.0836195504709,80.6559194223351,80.8004832175887,79.5915965069435,83.514976019879,78.0194307098714,76.7886675781581,82.8442544762736,85.9241585165761,79.6634707937758,78.9026989134356,79.8000768609443,85.3963746076539,74.1419835788696,73.5644081701713,78.0749175563247,81.3368469526638,81.436180481767,75.5732033400259,85.2505551660557,82.2337961028148,75.4740281431181,81.9955799657515,82.2072502428245,83.9842475955145,87.4034060347143,82.3537451764464,79.0272775703668,75.3191201373983,81.6207888825367,73.69783146284,77.7019411545667,77.3361255317481,78.6876133340484,78.2186965381681,78.702795291273,79.6244272390387,85.9042379690909,76.7389403345222,79.3130457850842,81.5497498481509,82.3556953082979,83.1225943505288,79.2472339376361,86.1011582860713,66.2107902023163,82.3069292854466
1992-05-01,76.330070702375,73.1883025495725,78.5413728753845,78.9665438511135,75.0353359338382,80.9857056675478,80.5557328504375,79.8637277715405,83.0259247985018,77.9985970966915,77.8470863880688,82.5194942713674,85.9607290011951,80.0914491437652,79.0735594211226,79.7325894895411,85.8319040330602,74.6783361911206,74.8814372829172,78.3604338732583,82.440410914918,82.3354151916483,75.8481085788651,84.2684171713923,81.3037933181069,75.1815016227898,82.0200080817556,82.3920834594274,84.0527581960457,86.7728777450952,82.022335641328,78.2822749880398,75.8413008469904,81.9602454702271,74.3444609518455,77.8982332644121,77.778674105141,79.5193635244218,77.6870212259553,78.1906546034559,79.782685905652,85.55499117057,77.3673707740199,79.2708612515837,81.3477687097503,82.4579789318265,82.4494335457967,80.0586321098962,86.4948850298899,66.2225810525594,83.0875391782217
1992-06-01,76.5728922746159,73.8895418304367,78.4373905388223,79.3260337841016,74.9943804009604,81.0000349609327,79.6139464656637,80.5031258500007,82.7923866477498,78.1625448828026,78.5637200863932,82.3059727306152,86.4101082171619,80.4181553811743,79.3112495829919,79.5714020388399,85.0188376153858,74.6843396237596,76.0016837961322,79.2025695029231,82.9654497569192,82.0790068051805,76.2475495842652,84.7951569400783,80.5128113565839,75.2498482044691,81.8760975663817,82.3652136490835,84.0303837508427,86.4210353389873,81.9733351284408,77.4598117642674,75.3803001666516,81.2230780147416,74.5329121356951,78.0354227985357,77.0300763758637,80.2260079059839,77.2533650261473,77.5357343700086,80.0614627774802,85.3485792170491,78.6205978187038,79.3871669082046,81.3210890850613,82.4559332139216,82.0384623688121,80.2270207804438,86.9079819231771,66.2028270957,83.1557669951476
1992-07-01,77.30781863016,74.8402178868235,79.0253706870818,79.5010005404427,75.0983301740455,81.3249020690781,79.1663965996846,79.3502213098511,83.1286487567473,78.4855665661481,77.7711234700496,82.5322253777168,86.9054577240082,80.5242094397664,79.450147371399,79.5192341631076,84.8391870980224,74.3741103223447,74.5564093486281,79.4090347022636,82.7484856689921,81.6268902739847,76.6649281159835,85.3134768713253,80.0463835015936,75.7903401550613,81.5093908219177,82.4599907725501,83.4446803278695,86.2580780134265,82.4266560646321,76.6056600532284,75.1460164758253,80.2446495571347,74.027195321604,78.5564820722913,76.1359807693893,80.3222341235767,77.6301231598996,77.408924683411,80.0182030466066,85.6233332589799,78.482762984982,79.2974008280861,82.2342433254227,82.2894769066458,81.8140016027943,80.2837473359343,86.8950238889418,66.3545796523432,83.0663524555373
1992-08-01,77.265110537825,77.402800601456,79.0299084943043,79.8311725764705,74.9777702203487,81.830131579545,79.4029934969059,79.9248679167229,83.1797414348028,78.3605925038273,76.7793375790669,83.1638972867777,87.5092342283004,80.1232285555571,79.67353005244,79.9256749897242,84.3471137171807,74.2393224985109,72.8797293297986,78.8784367850472,82.4238196609903,80.9153669855223,76.7076485368464,85.5119025945232,80.0104127912861,76.1772809711544,81.435642212705,82.2217971375234,83.3406407052057,86.154650401362,82.8325681418546,76.0227495245469,75.3319697414849,79.7494393629775,74.0901120702754,78.9303072001923,75.3596955839694,79.9415235294468,77.5857557855686,76.8709975466935,80.0058493636968,85.2662746756412,77.992024470032,79.4157969725635,81.4700248341364,82.2319333996288,82.0943366895405,79.4336497354376,86.7824023036153,67.139980002035,82.9874879673586
1992-09-01,77.9358594686745,77.4368105035387,79.5429691774514,80.291718620399,74.7839829628205,81.987146147398,79.9906723950844,77.4384984188875,83.5608355748026,78.1012605641927,76.4898600492252,83.8179561184723,86.9810322635133,79.8058530958596,79.9696499933526,80.0304270343349,84.0971744393676,74.4835645691947,71.1865929848476,78.4779650145454,81.6073308088449,80.7674036790272,76.4823727298286,86.0376840589462,79.4472775016068,76.5287473732172,81.8368984645306,82.2537356138585,82.7764560414879,85.7734443622612,82.9142534661148,75.9527568219559,75.5562649131297,80.2090919701257,73.9080217274031,79.653068355402,76.1452576081884,80.360203328215,77.7386858754043,76.4794380179624,79.756305225332,84.8574388196756,77.3366952335019,79.1195928828733,80.982700243014,81.5883926624152,82.3627938321398,79.0726195972625,86.2373644522447,66.5703100910621,83.1606541176664
1992-10-01,77.0258915173472,76.4498919420384,79.1607568240388,80.3357951424577,74.6162389634613,82.1976697832137,80.7705517402669,77.2621107921938,83.6234278955984,78.1273803498577,76.9015259543532,83.0900032497438,86.2288105285407,79.5997471489132,80.5517974374758,79.6072655604461,84.2025086041658,74.3717652381929,70.9419399753386,78.2874326518652,81.348117913637,81.2763549440529,76.1608211943017,86.2488174678793,78.848585993132,76.6155651377817,82.1016017460982,82.2977640980028,82.9371323527773,85.754378630005,82.4331288719207,76.1315931934674,75.9510317473222,80.8812241045564,73.9259878691309,79.0313681739785,76.5144096083282,80.1278160709503,78.108814366507,76.235179603936,78.9713991230031,85.020612209436,77.4335403469305,79.0627985552047,80.3042172816113,81.7516119977827,82.7872894648686,78.1336334774305,85.7625532666544,66.2837534328141,83.614723316154
1992-11-01,76.7517032981083,75.4320319733457,78.6304219631043,79.6141937155717,74.5316371008917,82.4954763218769,80.9511752894966,75.455524939362,84.3754974197046,78.0781593572692,77.784658600645,82.8195246897443,85.5241780123742,80.0714109144583,80.3386135302577,79.1633488711946,84.4236030388612,74.1332041928208,72.1445148596441,78.1119716667896,81.9762676263479,80.9251351694174,76.0997338208499,86.0472022235435,79.554472606009,76.6822605142049,82.5739450365273,82.196463883128,82.6940210966149,85.4008411839081,82.3640242900457,76.1512660305905,76.295878847245,81.1998365772593,73.9028502143878,78.7763125651329,77.0661043191265,80.0061108185874,78.2813692372805,76.3226495333637,78.7747593200813,85.2424244818479,77.2482914401391,78.7132517087435,80.3336468091355,81.7346596541701,83.2954398365532,77.7215582974304,86.4484400860798,65.7912716758736,83.9416577570325
1992-12-01,76.472632739358,74.3902424856074,77.9632096273294,78.6496018205405,74.454609253341,82.1609213915455,80.9444051586227,76.6338637934576,84.548510368205,78.3049786851851,78.5100025854205,82.6877545780278,85.3463206003668,80.2862951965933,80.0939978009355,79.0756737501918,85.4622728681644,73.9664011916554,71.9665045371711,78.5503047282207,82.7789362699759,80.7299485512925,76.0043485271841,85.4306592428251,79.8825944249619,76.490257954168,82.3604941714108,81.9177149742051,83.0347495031217,85.5628179525861,82.2680136946512,76.3077305619901,76.7233004748101,81.2637090109092,74.1583944787207,78.0648574197216,77.489846442032,79.322761362732,78.4314852232389,77.3677523338876,78.6466567304529,85.2630174050332,77.1786085641883,78.6924400964843,80.5559886712887,81.49075283543,83.6031844443758,76.7772682902268,87.0078062133053,65.948101543881,83.118294556281
1993-01-01,76.6310111748375,74.5978648383269,77.396779764711,77.6057888326813,74.4182980973664,81.8253357068052,80.2897551738038,77.2533467379902,84.9797506991576,78.1177466032816,79.0026274413906,83.0426044039871,85.6989415181012,79.8938200961168,79.8075918717555,79.5208784847859,84.9785201162782,74.1838592681638,71.760386604884,79.0729858762755,83.1622679944003,79.3489727867184,76.3527696924424,84.635572102439,80.8255525647095,76.6294442133421,81.6071891566868,81.6682962472957,82.4670597946539,85.9472767551163,81.974517114079,76.5900443759213,76.601084081576,80.8914699618938,74.4305731425581,78.046424623564,76.444074134153,79.3492861224992,78.1970050125277,78.1061562229427,78.9599418628959,84.430980212376,76.8211525074059,78.7798928101447,80.8772587440636,81.6356216642142,83.5910656536334,76.493883995212,87.7508542825549,66.7184341472938,82.6195454439914
1993-02-01,76.7569347771203,75.2484963362597,77.3177563262029,77.4669159037709,74.2874380086036,80.9588563170146,79.651082220561,77.8680986502718,84.0225656633786,78.456542782301,79.0212229639204,82.6276154760744,86.0944857240647,79.6533229110786,79.502553467041,80.0444759746696,84.1333511960595,74.7861196622188,71.2282613127654,79.4504723058453,83.2456378734912,78.5325265228639,76.6876119541085,84.3216256703975,79.5064145936903,76.4234641386332,80.9987102454605,81.905171640028,83.2844823378969,86.1375323185474,81.7969976534776,76.778434486572,76.6758470948089,80.4091638274465,74.606597394026,78.1431698940258,75.6739871163491,79.2131928119511,78.0504555212876,78.886958479951,78.6091404373331,84.3789571642268,76.7103545808784,78.768632090873,81.2030716342486,82.2735058367503,83.4020554277995,77.2137777412099,87.7446636579562,67.4692952587386,81.7641625104715
1993-03-01,76.6835113729548,76.122830659097,77.5344896661339,77.8410956635504,74.1713055081551,81.083004682607,79.4813561959646,77.3845934651105,83.6256236523171,78.9023283042177,78.4376627486758,82.0036334047198,86.2445190836291,79.2898444467075,79.0008393484814,80.7161755136173,82.3035596231831,75.1674565635342,71.0167699033609,80.2765550471065,82.8325352611859,77.695615832998,77.2294864949153,84.5279120799779,78.6500889273542,76.2036706664282,80.8776413817635,81.8996112232765,83.585964076122,86.3687328007751,80.799871253118,76.998737560709,76.3916944237563,79.8528932501212,74.6625132376687,78.4361708399124,74.8829985899059,79.5899896320367,78.0887223527472,78.4169557262233,77.8911352721644,83.9637443008072,76.4343872565882,78.7202633485563,81.5219179805705,83.3251693447517,82.9167136197577,78.1828304159685,87.7057916360562,68.0448962308446,82.1849456086811
1993-04-01,76.337520417842,76.4001270406728,78.1027536528106,77.700471079965,74.2558306217259,81.1301070041583,79.1984965708644,77.4151963660798,83.9608509594131,79.3567589574075,78.128233309308,81.7511931987141,86.349249820509,78.7420770981167,78.5845485340495,80.9725497160764,81.6534973468118,74.9300414086116,71.160801418839,80.5430801495811,81.7580450229835,78.1983389055283,77.3694447087364,84.5719439318336,78.8190064884417,75.8295429743763,80.6790290415004,81.9007767722352,84.6324914373152,86.6162942051717,81.7759960937328,77.1391656480794,76.1361467683042,80.0535545119981,74.7800476862501,78.2756234630063,74.7369380558091,79.5403849727291,78.1747868590579,78.0757777620593,77.8013369095028,85.2836210340703,75.7408223397229,78.4541387114056,82.1266349632179,83.9974053130764,83.104031903461,79.0898856655093,87.1234041743864,67.543770722383,82.2027727878216
1993-05-01,76.3678093072959,76.2171025327395,78.4357794675296,78.349006110947,74.5841291723585,82.2536547550411,79.9210546640351,77.6450350996607,84.5421080651168,79.5915163773791,78.7631032175717,81.6264658424099,86.100142310654,78.6668663230306,78.5420217284552,80.9076730521454,82.0960772144593,74.299995816451,71.971370521487,81.1586201414092,80.7382833557228,79.1255190619252,77.4931526439246,84.6507272775414,80.4112048252503,76.3348231305875,80.2272706583108,81.852529712435,84.9585547694849,87.0556802262737,82.4387545621715,78.4540562199804,75.1917923809663,80.1354360677128,74.8054214560621,77.9008018471068,74.8089236511193,79.2990359950912,77.9788247809613,77.8785862579104,77.7845292458971,85.8211137575941,75.784028312177,78.485331996154,82.6489026007224,84.4911201934303,82.7220559228449,78.7106089292379,86.2855645118039,66.7301337710326,81.8102723795471
1993-06-01,76.2571610572624,76.2408871642686,78.5468714150783,77.8951098941833,74.7989838717347,83.0847605726838,81.6879483741375,77.8145196835528,85.2838225587538,79.256179137583,78.7559186013001,81.6594951151129,86.8616484719764,79.0808531923761,78.5492130742953,80.1870018656474,82.7401121066821,74.4237724239018,72.5947647552355,81.2673318612641,80.2468076428117,79.8828462530547,77.7310338188684,84.3412539701937,80.9572282531589,76.7797027097996,79.9387778288082,82.0266185594126,85.3853743779109,87.695407779301,83.5753769775626,79.3294792919783,75.3919187109419,80.7864624027657,74.6256127516012,78.0002453720402,75.2416986808238,79.1587860783097,77.7361597918352,78.9519342399828,78.6935412170228,86.6432312960922,76.2660445326783,78.4796117057916,83.1131693801628,83.5707618464103,84.0857508293204,78.7134814152809,85.2077964310025,65.401720901786,81.4897225236256
1993-07-01,76.8063661835344,75.8644628566237,78.9068782325282,77.9052760064535,74.8485723423964,83.9140315991126,84.3734335268894,78.1595936994089,85.3925973295978,78.733753194507,78.8829298357024,81.8116965859793,86.9790509416953,80.0311526193523,78.732279804021,81.1038803772873,83.4632845251913,74.5844567554477,71.9154347735801,81.190650857832,79.9579559663449,80.5415026704366,78.0537630104892,84.1765757583601,81.7197032335896,77.579812995531,80.2997659727681,82.3592949070242,84.9908207952262,87.7189452046855,82.5173820380003,79.7767243909864,75.7089073484024,81.0264889884506,74.3656172132939,78.2067149546115,75.2711839412423,78.6948440618297,77.755052535102,80.1465558405564,78.5137537428746,86.670420637724,77.3357150137164,78.7380839270484,84.0560165134908,83.1869528979059,85.352077866727,78.4986717749337,84.9373697805318,65.4887365073644,81.5600214191009
1993-08-01,77.2370099193517,75.7828632999179,78.7522765196599,77.7189393126694,74.6627244215626,84.7809274808668,85.7090442177336,78.661845031942,84.9664979234248,78.1014212011194,79.0449877873677,82.4886834293012,87.2235218989509,81.2150126841395,78.6397996287788,82.3873721981889,83.707221446662,75.1411806347023,71.3232310722297,81.1325912468545,81.1082137582274,80.8490848183261,78.2230785904893,84.7665457313093,81.6546569777029,77.2634267016602,80.2170642574089,82.320889801427,84.4447045357694,87.8603252700872,80.7188122562564,79.2757998661237,75.4225747530978,81.4577092050764,74.2131668647041,78.9192329788034,75.4567286290759,78.8327602339825,77.6430039972398,80.4529156738928,78.2162475656169,87.2074431713098,77.2172756086063,78.8236569741491,83.3803492242719,82.7510620867075,86.2326917458597,79.2173749004833,84.9597499745169,66.5625982026651,82.0032881056945
1993-09-01,77.3492807095727,74.9250920293846,78.678136154826,77.7988973107171,74.2898214181718,83.1745683292105,84.9324618903784,79.3336772777197,84.0851703032698,77.9841203552696,79.279343135151,83.2280600136565,86.3869874147956,81.1487074370623,78.8458142939207,83.7444191545275,84.0630281972122,75.2887925356154,71.4982618048399,80.8049533408036,82.1899633793237,80.9827293369008,78.0780253745718,84.9646418203391,81.8779078630226,76.5023511756779,80.5415168036483,82.5491121991435,84.6262769407425,87.718972527592,80.817737455546,78.7559286230401,74.8629780407921,81.4575861921448,74.0861746208926,78.9735649684817,75.67397165167,77.7252178220761,78.0000789049122,80.1903399304574,78.0897860131618,86.4823622843505,77.2880212771364,79.4018116928234,83.0104911668487,82.561817893032,85.6784103705397,79.2033167110619,85.6955090523739,68.2138411043119,82.2950106845749
1993-10-01,77.7848540771395,74.5129031943602,78.7025611060353,77.4838600782276,74.6162233555957,82.3644162424512,82.4023858684553,79.6078788597364,83.3768319038257,78.3925732948232,79.1696869080157,84.2196877467062,86.7562334684644,81.5376468052676,78.8600660495868,83.5678296774391,84.0963838286969,75.4397823099971,72.3635209209414,80.7667248370133,83.4312485290666,80.3941977148823,77.9300077165941,85.0573645691654,81.8086340642595,76.0147067391216,80.359448798175,82.5066610870113,84.710321072991,88.5368478737754,81.628808471891,78.615838833782,74.3582360515264,81.2099907385041,73.945339905862,78.2231287806573,76.4417426425571,78.9116882888148,78.0396879684559,78.8855662193423,78.9777447821404,85.7897045634689,77.3407787311938,79.7473388663292,82.7118082355421,82.2277919274199,86.0161502157882,80.3377498292774,85.9291036569285,69.7088484728854,82.5564785905
1993-11-01,78.4002596631377,74.7800021865803,78.7968833188105,77.0220440171526,74.6918980909131,82.1108367593032,80.6460399099906,78.5963141582239,82.5297958742184,79.2698224995368,78.6983545909925,84.5823071106086,86.9734169159112,81.1964433861045,79.2331209546927,83.5238388294868,83.8949268252168,75.6511322725935,73.4524831241739,80.1899004072073,84.0969667928233,79.5806438421362,77.6896670232789,85.7516085232104,81.5208216810378,76.0536457415279,80.8813463532016,82.6923495576523,85.6501322169584,88.5167019512115,83.5077544662697,78.8413092596233,75.0148482187856,80.6806714213394,73.9953386671073,77.6017045858322,76.4410147427055,80.281595055644,77.8860974285497,78.5118502653581,79.9659889629531,84.1035748636683,77.8026743714027,79.9295053181891,82.6788020540065,81.8460651233525,86.5458406642763,80.6246835281694,86.4823791219201,69.7672007438971,82.4631687240101
1993-12-01,77.4343157242751,75.1588921598508,79.0326435484646,77.5351228957947,74.9823422147527,82.7719862080802,79.488774704952,77.7422412406846,82.052043512774,79.8321886322236,78.2251771836891,84.0234333110639,87.4439609944365,81.2075640996369,79.6724801978869,83.3139671704529,83.7259648807838,75.1919314405532,74.2137957288319,79.9820756186846,84.4156351330537,79.245167903036,77.7109418676585,85.9136229833701,80.8489856751794,76.6138643377577,81.2619449816734,82.6729453009789,85.716751364624,88.3323968272801,83.5041003161184,79.1609020660201,75.1564112731967,80.2912679253486,73.98705184294,77.9157993763363,77.5852694753988,82.4165629438306,77.783854688096,77.4930200468139,79.8460055617784,83.2086066625976,78.2204833883519,79.7851319299972,82.6818513014801,81.8608857941184,87.3163165067409,81.5233621884258,86.750307854862,70.1860322298076,82.3690992900952
1994-01-01,76.9858058308421,75.5547883605578,78.7480236619989,78.467518496453,75.0145910564552,83.275461315793,80.1491009077437,77.0591181840843,81.7952898092953,79.9384688172891,77.913389664975,82.9562817366302,87.4894273407155,81.6028348619587,79.952716743905,83.1403528803379,83.1708049686039,74.6548104247836,74.3562772251381,79.3357430448201,83.949157487251,78.7146093666092,77.7856352904014,86.4041469701032,80.6945814987297,77.3743487012655,82.2257724998563,82.6070235901688,85.8761969382542,87.8314437384236,83.4509901798057,79.2374276165208,75.7282886579329,80.4082251837495,74.083521696495,78.4083918920452,76.9638875926084,83.437543446289,78.017557342709,77.7722838036879,79.3640723095772,83.5844546546639,78.1743263020044,79.7169794694038,83.3017995580485,81.1672720111489,86.4266004759173,81.8471731131379,86.6889976480908,69.5968805437474,82.2430915451264
1994-02-01,76.6021064026703,76.0755309271868,79.0245944676027,79.3571839913986,75.1212881673902,84.0380700024546,81.042549997607,76.2380805765684,82.7866949311419,79.7038989198006,78.5347772307229,81.7335540779669,87.2060793276146,83.4699297245533,80.0252977719288,83.0274986800658,83.3437561551314,74.1164985836742,73.5773893034975,79.1138356532204,83.3794446010124,79.7860420449219,77.8250334262804,86.873901404798,79.9553128015672,77.4857279357728,82.6587212187812,82.2256202409785,85.8325560529,87.4534923571955,82.6147112878141,78.7390124269387,76.4270037728128,80.6131727961247,74.046400857162,78.9790212874999,76.9662641788616,82.5217081453738,78.0689611541533,78.2769992957935,78.9535086110737,85.0064224027948,77.795583590631,79.2968144138112,83.3227272299239,81.4575388307867,84.6231661073782,81.8579373578985,86.7050985392546,68.6350831635778,81.8496001013218
1994-03-01,76.9548021596592,76.4858260278648,78.7324364312976,79.3980247741054,75.3178773091338,84.4132382359092,81.4275819358906,75.0994529147492,83.3447978127426,79.2488457437051,79.211524335609,80.85021066987,87.0052146552016,84.6084386705903,79.9329702815053,82.387776098282,83.1516975149555,73.5302986655843,71.874079474591,79.2563485632219,82.3523044488986,79.7972576162586,77.9465312217801,87.1301821754006,79.091445279705,77.0285835747393,83.2827693125673,82.3704140217666,86.1918311887595,87.075911399641,82.7718039948789,78.4616173257287,76.9274086176784,81.0405748107166,74.2728966376131,78.9154087169675,76.3660827947974,81.8011846646718,78.170578550119,78.6415769071249,78.7022654908813,86.0966471381765,77.6576245460785,79.5288812855878,83.684620235197,81.437333102342,83.9580782429839,81.2389363442614,86.7001772408965,68.0417095382793,82.2102415426569
1994-04-01,77.1523540931624,77.4390838908444,78.5766371289004,79.2910868125759,75.4343944254111,84.6347983418148,80.7201277586206,75.0859405197689,83.6992430271251,78.9111765828735,79.5206903245513,79.9060131810133,86.353049427462,85.1225846827263,80.3066831246299,81.8518814433734,84.102123982412,73.1943086933488,70.7031175689388,79.3949641811262,82.1139497502151,80.1404920188723,78.5199103520086,87.9479230659077,80.0846203819197,77.0360989348341,83.2659891598699,82.3919816065113,86.4340449431378,86.9045860912766,83.2132391232175,78.1503202043725,77.2457531940764,81.3148170773243,74.1674239914249,79.0476576007041,76.2676727816889,80.83548740421,77.973252854589,78.9921312150591,77.9731833627326,87.0346946176889,77.7195501753946,79.8515044266288,83.6354056988158,82.4920348013339,84.7153230130704,80.0978738737069,86.3115358359887,67.4013272596678,82.2786545517454
1994-05-01,77.4470010342582,78.322978105597,78.2014990743359,78.7289488764799,75.5019111262704,84.2898799393592,80.5941448902851,75.03545365194,84.1835702692665,78.6877143195275,79.4273251094442,80.1123277361664,86.1951302699996,84.8781684077526,80.5142288694136,81.5170702751552,84.9472127704674,73.8712767856537,69.7537197417288,79.2861833945633,82.0763202250535,79.9941199717342,78.7761454655266,88.3786019247005,81.2661704438468,77.1056784416726,84.0597816732172,82.2301389397297,87.1560926482985,86.5151868319266,83.4251321808251,78.1669835280578,76.946610212419,81.3385990583506,74.2466359618944,78.9742954051842,76.3371926591977,80.5388269269223,77.9028386350947,78.8404347201279,77.374415681428,86.7535555031948,78.3117756874556,80.2000935749001,83.7421252880288,83.2888481629996,84.8882685957373,79.6121092539999,86.5729852098392,67.4084806630338,82.5614705557081
1994-06-01,77.7940153727538,78.4966099383499,77.9906341072993,78.1400629420496,75.0237695085276,83.1686596660154,80.946617703233,75.8478560437636,84.5226050202043,78.736937636774,79.7843972967754,80.1650494408193,86.0435021139053,84.3184415056001,80.5717799536445,81.6746033495174,85.1750668980973,74.1494483810726,69.7828197370069,79.5673027191349,82.6641226098458,80.2143761593024,79.0996438951123,88.5871067099276,82.1192107862924,76.8317189414215,84.4787882908667,81.9808911314578,87.2398398079093,86.29123494109,83.5333986863958,78.1429473697859,77.5190486038431,80.8176052486206,74.2315500252345,79.1317180634036,76.2212944318468,80.5943275205193,77.4094214332507,79.0164316648035,77.7448948711643,86.5619204729358,78.1019065064549,80.2666386306586,84.0694332551537,82.7114285134624,85.1379140123756,79.3144970768648,85.9500951387085,67.5025576739981,83.4928441469797
1994-07-01,77.3736063624705,78.7046588543791,79.1104323566684,77.9824092323517,74.6553023777229,83.3360205511923,82.164691811269,76.4103033875768,85.3360622649331,79.1031377282376,80.1449974026586,80.1177109893382,86.6430160846143,83.3916158027738,80.6894879822943,82.0594849779465,84.7067727342832,74.39942078082,71.2951477488282,79.6996445724873,82.9029313741293,80.6774199212252,78.2823633632877,87.3689645910657,82.3325276526926,77.1190955748785,84.6990066362198,81.787164513093,87.174145868021,86.3301939726176,83.1748994808133,78.7318776672749,76.0294263331977,81.1018582194357,74.4563065953631,79.038553154909,76.0603242219158,81.7838081295831,77.0748923149635,78.5742191102737,78.9879474533181,86.5131614716076,78.1887650956467,80.4089990842534,84.1181540730112,82.8258109814259,84.3888584930703,79.7290812455755,85.5958163027724,68.7431369330437,84.6158720953976
1994-08-01,77.2123754267978,78.0203244899571,79.6331304068548,78.3426706229841,74.1134235287779,84.5517093652256,82.5066013388095,77.4781877587889,84.0575116872587,79.6734226213185,80.7790374581371,79.3819613809943,87.2887607690664,83.0068919049521,80.5210362002205,81.9111229068412,84.6726422153815,74.7069384188778,73.1417529440835,79.5521808390575,83.5456535863143,80.2671492282992,78.1379102162868,86.0751997143578,82.6439574492671,77.2794661410419,83.9566191230171,82.0704991154863,87.5025631320438,86.5128967999978,84.1160602760164,79.2673391510211,75.3018490970511,80.8559807668047,74.5895294426902,79.0493615849462,76.1311067732879,82.7316248161683,76.4987822710629,78.3832039347125,80.0723831320973,86.7158273027928,78.0216396938901,80.3868149035943,84.0028784448624,82.6629851470049,84.5423104076471,79.8459502678229,84.8017582600083,69.0783374785468,85.5641869251829
1994-09-01,76.7434213360435,77.6440963040506,80.5716922058092,80.0491220706706,74.1874439211769,85.1123176516107,82.2984103924469,76.8679307639629,83.5795394756368,79.828791481337,80.784830222392,78.6987968016131,88.036413341758,82.5292065267417,80.4498630818214,82.4118374059683,84.4308501894753,75.3017305185145,75.2317322706803,79.7770458435211,84.1041289176254,78.5335011955459,78.4819519228192,84.9338568699746,83.0183229477968,77.4360027022657,82.6815245663059,82.1484140886395,88.0557347045681,87.1456634777478,84.4761381194413,80.1563704850115,73.7459950061261,81.5232971458725,74.788043424259,78.9973724376664,76.7144790406353,83.5443933071663,76.6867459632371,79.1405572265749,80.3112441459722,86.7656819892846,78.5082478685851,80.3715441351144,84.0752742286268,83.1828404630774,84.6336418324311,80.5899766590738,85.730831087053,69.1863566402908,85.7241850312505
1994-10-01,76.9262552676681,77.8366133326773,79.7256071171311,80.3256263113595,75.0670241461807,85.7045816893781,81.2952227015556,77.2414641187454,82.8453858694483,79.7055981256327,80.6728085384416,78.8492349667699,88.6004735946986,81.8205957787982,80.5436608157323,82.7804184908956,84.005297278993,75.9376751403841,73.8837697296131,79.80744627761,84.2204186954535,77.0455924414569,79.5187667323968,85.9829480819383,82.7129883634971,77.5963653127858,82.0355857350387,82.4179978057053,88.1757653578627,88.2939347670071,85.5675397377281,80.4228728989698,74.3340359699189,81.1691083880891,75.0341193928115,79.2673913276069,77.0259209955413,83.8096011037482,76.9878216315407,80.0884350188769,80.0934580532208,86.6326353955128,78.9742508097175,80.1764208137387,84.5344763495537,83.1780130658633,84.612697186485,80.37089186736,85.9365831164528,68.2995351103395,85.2561140440266
1994-11-01,77.1204637182965,78.1125209111022,79.4164437206053,80.3750647349268,75.8139330359397,85.7409899287632,81.3458495008399,77.6089515353484,83.2163623837383,79.3966743695797,80.1758518704094,79.8602904797795,88.2558235497276,80.9490731142978,80.3831533567576,83.6490887979014,83.3017884955001,75.8947940244973,72.8310828446875,80.0632143506635,84.3155679413782,76.5437098835354,80.2866568713839,87.0545340917732,82.6502765644277,77.0421423618881,82.1174842872967,82.928891046493,87.8657310537032,87.4989700763903,85.8635472771596,80.226514586755,75.6562905818916,81.0282079599089,75.2141453674623,79.7324395367466,77.6173945739154,83.7973562147591,77.3531658206666,80.5703806722137,79.4597758266816,86.6147490685927,79.2290697764389,80.1473560839187,83.8300170761609,83.3716706328451,84.1405241910669,80.3348983054117,86.1579739985595,68.505104492604,84.8653098301213
1994-12-01,76.9772397558219,78.9023945345334,78.8242583992789,80.3237707361909,76.0808053832105,85.6045036570243,81.5423727501991,77.2847090098137,83.6688973471516,79.0506998981272,80.0740571520109,80.9151052987408,87.7407454124084,80.391948350821,80.3785497207516,84.3996136542931,83.0362843762522,76.484218813079,70.5016762240705,80.6390389402039,84.2836486640133,77.9898500125576,80.3535628341741,88.5722507422729,81.667672920607,76.3074172832469,82.3145262505194,83.6683429036887,87.6305573924777,87.5893700762582,85.5808007777992,80.0490357092304,77.1725446650673,80.6715256456059,75.6243428747509,80.3573446303486,78.0178780005011,82.608704907363,77.6761607628387,80.8483927322442,79.3820611367091,87.1090345613423,79.5287959517156,80.0640772431255,83.1089928442074,83.6556767784708,83.8940449497363,79.9910163957125,85.5547113901365,67.8155718132597,84.435168889034
1995-01-01,77.1888226025931,78.9194048779648,79.6930244423045,79.8873531823666,75.8302684044242,85.5103285683836,82.4515637523474,76.3345783634077,83.951602184642,78.8424930020426,80.2904185912949,80.9093934385435,87.2430604020066,80.4010689022605,80.3074840818231,84.6381484416248,83.6867329696028,76.6246862048931,70.8265213170674,81.0559484550328,83.905540946378,79.5743625882668,80.0435112876124,89.0215889854056,82.7336626867331,77.2096095435441,82.7473063631673,83.735258132442,87.2703048501707,87.8570250284989,85.9617157085188,79.7961092914976,77.7141044513621,80.5553605472977,75.1561474071679,80.6546384579457,78.0229013350639,81.8401546021947,77.8683144084069,80.202681981409,79.6032929276106,87.4991656215476,79.3984007627252,79.8543780077212,82.7007211185785,84.5963648722149,83.7009576299728,80.0743702859567,85.3386861273877,67.8327591359724,84.0662683686991
1995-02-01,76.6381273399199,78.8494233962008,80.3068885576232,80.5752917001106,75.7193645972354,85.1535784896981,82.4980339927971,75.8563064670991,84.4819107145489,78.8765012544603,80.4583808939291,81.1425917826633,87.0523815799493,80.761618921566,80.700395048329,84.1691378236239,83.2701586031979,77.4867297451968,71.6099519248247,81.4906530449939,83.7006046515949,81.1934293980677,79.6135606100651,89.4867969748268,83.0338571752299,78.5221545965474,82.4216210228344,83.0096582908657,86.8199074205942,88.28193728319,86.3752443678579,79.8204656276407,77.2868743007821,80.0943493759652,75.1798965522106,80.6458835667115,78.3238727108507,81.0678891289323,78.0830182016763,80.6002353305295,80.4136280927067,87.7573548841383,79.1826215088014,79.6886873492385,82.5442559852144,85.2820826142314,83.862363848958,80.2934820914275,85.4963019792816,67.0278880628825,83.794528048285
1995-03-01,77.1075447780618,77.8801533874604,80.9244797388272,81.0756862887865,75.5726855702521,84.6220944166373,82.1246275681412,76.4803592738635,85.0681843411444,79.2265267857248,80.5940354881021,81.7698649487314,87.2170728632612,80.8173085709781,81.182118085881,83.7910635917771,83.9855458517711,76.0785518664375,73.6354490294117,81.7100713648043,83.3697953825246,81.330831386079,79.3231254839227,88.8777515851709,82.990724735862,79.2546453358811,83.0495852359684,81.9320702903924,86.7205483022496,88.5492056264388,86.8007090650132,79.77867954761,77.1094249527762,80.2306423667244,74.8921912606007,80.3986124168091,78.1817444415155,81.3037488998948,77.9951365578579,80.1361842806774,81.1485074793572,87.2335618500083,79.0811897438493,80.0735354382883,83.2678091572629,85.5177004724691,84.5059154251524,80.5012602354709,85.8100789423739,68.2252510788002,83.3330465467141
1995-04-01,77.6628591575513,77.2988581479762,80.5701284936677,81.7241236823923,75.6186601956042,84.0704878704708,82.2285688310574,77.2550538399248,85.4701830144431,80.0168558728078,80.359730604143,82.8870047985158,87.0306676404391,81.7467710124271,81.7184249917689,83.5496520748372,84.2262630153446,75.4696276983527,74.3720204958361,81.5529199443902,83.6963081669974,80.0972322955829,79.1473416119773,88.248733541179,82.9230356037112,79.6286684942489,83.3432579444278,81.47616495302,86.2577240168114,88.7909744807397,86.2762981814873,79.7562854027613,77.2970204123694,79.8954180648116,74.8599918656852,80.1850181124204,77.9500281384154,82.2346137932514,78.1226335194551,80.4230895556854,81.4547330622828,87.0927710873991,78.8513237348081,80.2720831965282,82.9376181920197,84.8460546038567,85.1592450826919,80.8531367929405,85.8200569026847,68.8230555046568,82.6074103129462
1995-05-01,79.0935948563073,76.1281801962251,79.953600672309,81.3907426059498,75.3846853164876,83.764919673936,82.4174439369893,76.796268629934,85.4106524736241,80.4266498855167,80.3519786861227,83.5490668740691,87.4462316354961,83.2185531037336,81.7903226552898,84.0336773919459,84.5454388464726,74.3311553402007,74.4219659376882,81.2182821592469,83.6147653981189,79.7328810028212,79.3261555156536,87.196108411786,82.2077402061101,78.8392309295815,83.6934364600556,81.5016978099471,87.0437594130992,88.8852197719692,85.9120718637039,79.6147622068501,77.8371699337252,80.6286832631811,74.762032234744,80.0368577583761,77.5720709161412,82.3548778717025,77.8569340525984,80.0664912844787,81.1466581266329,87.0577220769434,78.3905285238373,80.4985037825016,83.1369894327702,84.4401805076791,85.6962405274017,80.8254501721731,85.857463931273,69.8544448327067,82.3329352052126
1995-06-01,78.6390357380417,74.6327431765521,79.3819665472193,81.613077826302,75.5043963947833,83.4889853106711,82.0033436883269,75.5946275371486,83.7044449946422,80.5477961556448,80.0455078183277,83.0235870493985,87.1843000998499,83.9955906697285,81.5283772395467,83.778910359304,84.446473927227,75.515656603991,74.5821347938512,80.9288965883771,83.9057844187757,79.5435852386424,79.6700766004988,86.5858063685689,82.5586242111648,77.9122956683976,83.3927762646964,81.8151657462136,87.892811528465,88.5779795474449,86.1915867214822,79.5143158903117,77.3617746937046,80.4810592426499,74.6323507711306,79.7397032444139,78.0849540429878,82.544906578595,77.3939623635833,79.5898698146684,80.2887243110396,87.4116687009432,78.427680490058,80.4737030396388,81.900550616835,83.6346670511526,85.8300356535004,80.5654495437252,86.6249495092089,70.1463898653009,82.4351339456501
1995-07-01,77.0561214475235,75.3505263841195,80.003841660746,81.5348745793007,75.5863194356577,83.7025526204914,81.0715277695958,75.0174830419985,83.4949810491901,80.526781480643,79.6581924272604,81.6624468291099,87.171320910237,84.035540069466,81.1868253374272,83.4179373735603,84.4225728072084,75.6217094957729,73.8943588478564,80.6420479713904,83.8506103928479,79.9614153741948,79.7137053500034,85.9286899770625,82.5807611365863,76.9522484057075,83.1865357688809,82.0125348136448,88.6430352774024,88.5871712792258,85.8862496859723,80.0706402136772,76.598912114044,80.6644192052102,74.9503323400579,79.9030031254613,78.5859518784664,82.6485588666495,77.6979932955396,79.614149231832,80.0480107682427,88.2712888232366,77.8427811408186,80.5194976546525,82.2988899354724,83.2562226059965,85.922031948972,79.9208298698734,87.2992726709797,69.8419718883934,81.9508537552503
1995-08-01,76.4463262755451,75.8425581427022,80.3112066944209,81.3026502589664,75.7936803571534,84.6724639543293,80.4965935393566,74.3591088236535,83.4388348789098,80.1417150153036,79.5842335817007,80.3563104238447,87.1656411355686,83.7308443357118,80.6150797736665,83.2907981930524,84.6336594691873,75.7477770234693,74.0377429450502,80.0491966774549,84.1802524278939,80.3771006118218,79.6794007551702,86.5908117043866,83.7111348627508,77.2309150417915,82.4174726978205,81.878042286324,89.2777878591852,88.3140844916631,85.7801538407347,80.1377347254614,75.9369781481784,80.7040877380456,74.9147846324353,79.5797257386001,78.5003867886061,82.8165720071265,77.6746572381238,79.9370292579587,80.1087866353355,89.0611067516283,77.8191481941455,79.9499128827312,82.3350681405373,82.8633399003928,85.3715874790447,79.1496472791646,87.6506523154464,69.4991676077685,81.8873269488785
1995-09-01,75.7484768337918,77.2498963021618,80.7024748912571,80.8578923095997,75.9879052210784,85.3569422465668,80.7701368729237,74.6499243139264,83.8303686856972,79.978111627582,79.8203755304244,79.2486447962734,87.4210716524629,82.8802164463153,80.5177065093411,83.1265421806075,84.6458500974222,74.4977343250109,73.5014196932491,80.0715997611288,84.2596830262826,80.9070222730276,79.9977757004472,87.2139663424472,83.5176720806845,77.1374050487431,82.135041489027,81.5411857219213,89.2721090830723,88.2822028510552,85.2361390458515,80.456990306104,75.7368306263871,80.7175586765056,75.027924146238,79.8016966105213,77.7355432077313,82.7411702652853,78.1021995547456,80.4894012805074,81.2405261243519,89.6877246488794,77.7533383132998,79.6347246617132,83.3487082311095,82.2054412348701,84.9754252366971,78.6579765045524,87.6739630592882,68.8154553125074,81.7424957122267
1995-10-01,76.0730361178342,77.7236456528246,80.2514104779675,81.1483045550889,76.3520666646253,86.1005530504257,81.3120796959422,75.4176620593103,83.3682224788995,79.2004573565091,80.1707705141429,78.5468488491484,88.3815022302641,82.0656748164362,81.1091675666531,83.3321719483943,84.8397159960442,73.7521410975975,72.6380278945252,80.2473497585285,84.2474961404231,80.9713901530184,80.2746488040876,87.8656915941102,83.7704573741688,77.9332080038358,80.9968860871061,81.0946081432353,89.2445346480061,89.1879706916235,85.3028446884677,80.6399550354739,76.1003035420034,81.2376591513643,74.9241458190314,79.9547812074668,77.321572445752,81.7191908240303,78.0682352720768,80.7588899092194,81.7655357769625,89.8044123689494,77.6065392322851,79.5443040166198,83.7113721773617,82.0150935153034,84.7232266494066,78.8729265917271,87.5677512630652,69.739450982982,82.1951447986573
1995-11-01,76.8194580063029,78.5096420446843,80.3262098155091,82.2940181433872,75.8117592326374,86.2434517619485,82.5340487568058,75.5575638025972,82.8890310873782,78.6211005754323,80.6750063085266,77.8854134027155,88.298523484645,81.2573049452716,81.7555072294311,83.4259154677544,85.4516163827667,73.9559135242316,72.6984802683866,80.9306318969359,83.8561207263583,81.1331835304224,80.1444117328713,87.8906809059524,83.6272917551986,78.711624145274,80.6241270098305,81.0399339799552,89.0308879811702,87.7457795540245,84.4329487682626,80.8464917641182,76.515411322048,81.5602316686715,74.9135805337744,80.002464678112,77.37164596292,80.7671622039408,77.9497883121382,81.2925485621264,81.5054441641604,89.7940511184702,78.2050474831106,79.7412633532097,83.3753949055958,81.8270202075873,84.4759039205399,79.2884633556201,86.961499847822,69.6921358731334,82.8319001426982
1995-12-01,77.7006715113883,78.5731382853605,80.102953098867,83.3308268101485,75.5711949198017,85.7873115569718,82.8769974229943,76.2239166920788,82.0172504042632,78.5265494619558,80.3457461267576,77.8900179215357,87.9869914413129,82.0572479963961,81.7332892785882,83.2655591322021,85.9708348172264,74.253851819678,73.2914657197372,81.6341523186312,83.2904737978116,80.8006386155782,80.0095083246704,87.8576132272446,84.0326528562661,77.779103535782,80.5939551677602,81.3312958196039,89.5634346522115,87.3307668894644,84.3516311294783,80.5466931234001,77.1094578228899,81.9003703627964,74.8810436394961,80.4891688388749,77.8617036061079,79.9677213311974,77.7650384084171,81.0652166259131,81.2823544172519,89.5646493420917,78.6467461410013,79.7898786817155,83.2108719156948,82.0925989919792,84.5236912700421,79.4620248356826,86.4767012400181,70.5286295587214,83.5720650097427
1996-01-01,78.2928459526458,79.6784671552444,79.9690224663952,82.4934809718259,75.4883852570076,85.3179068190854,82.6064631963584,76.6189578203271,81.5450427099809,79.1387738603016,80.1933618032004,78.3873318121729,86.4875935647351,82.3911457799353,81.7009644845135,82.3795014155385,85.3181803234729,74.6272152231833,74.6672346690194,81.5353630789542,83.1744366777717,80.4100192027471,80.1829409466923,88.3399027823925,84.2786026739092,77.0676255980298,80.6522922560305,81.7875432170204,89.7327212598098,87.2511542729958,83.5364638004615,80.4434602152834,75.6945634825452,81.7628757587978,74.7636877281915,79.8946237760706,77.8388243406872,80.3154519390238,77.7956989173908,81.2885351169172,80.5723688686852,89.8237306812981,79.8494941491153,80.0421550998009,83.5214664076272,81.8557662361668,84.370780805075,79.458597014926,85.614870933469,70.6846767896283,84.4431002530718
1996-02-01,78.4970162838754,79.451723045345,79.6612363107156,81.0083793049795,75.7213023483617,84.8885719180556,81.350103630629,77.5874997969636,81.4054701014624,79.6129752077732,79.9726634080065,79.1409928027457,86.5520884815678,83.6175086707632,81.2798383710422,82.7596361907891,84.8896692933739,75.047493070054,75.436090276925,81.3925569195148,83.5270989536992,80.5779456941969,80.8458941136672,88.3605527179142,84.7227575173124,75.8315825436289,81.2468054841372,82.3377424216883,89.5368980085796,86.9921955943536,84.337290494519,80.2209184710612,74.7269926762585,81.556477280028,74.7290785299692,79.4735689621355,78.0184378923896,81.310455013525,78.002548446104,80.7536353453926,80.5976379774917,89.672022611403,80.5138776264114,80.122410833036,83.3016292032974,81.2945090606152,84.1513345002251,78.9164226840723,85.7716220707695,70.8708771037523,85.1878391578877
1996-03-01,78.434308791298,78.5041329448531,78.9819216280153,80.5740493570743,75.8979030197491,84.6967954389035,81.6905056974848,76.7484480647199,81.3527247328617,79.7772801898761,80.148833534505,79.6279518378933,87.8238879089022,82.8541937137898,81.3910128521674,83.576392675348,84.3558699866132,75.2452843175795,75.5790052825586,80.6705600014419,83.6901501885378,81.1138629439743,81.4888981737164,87.8077416649079,84.5205540399264,74.9072144740438,81.041563110412,82.814439761938,89.7522518188294,87.0134783458387,84.2735937811425,80.3787678597842,73.8475408651914,81.8562444106869,74.7012136586529,78.7063377949589,78.8136285402837,82.3853865656597,78.3781230482078,80.953016673794,80.2954136423414,89.2378115299575,81.5262742702308,80.5000274019615,82.8332505274982,80.5467819574587,84.4040678393373,78.3898358558113,86.777089165075,70.0083356561579,85.4998732887395
1996-04-01,78.2160236079994,77.0867309894672,78.6023630530336,80.1889341422629,76.0622133916317,84.3693916492593,83.3614399559742,74.8465968950317,81.3047904517916,79.5978638167038,80.2639320146942,79.8317214438926,89.6240275718069,81.3973372695459,81.1052354001515,84.2788714735652,83.9465206457148,75.2442066389096,75.4913177451724,80.5014657733808,82.8837763521649,82.2678533199851,81.4656271836588,87.2165743246981,84.5918047461925,76.0505155646045,81.3754972832882,83.0101324244639,88.812475940641,87.122265290691,84.8154747954198,80.3701732635837,73.5602981536532,81.994533152787,75.1042017975923,79.3378290429922,79.1864147161614,82.5458382316549,78.7223105839104,81.5979946222174,80.275508780014,88.8846868587492,81.5065665812715,80.3593258770632,82.9059723823188,80.3193227241182,84.5497655085437,78.1096275635167,87.5585456530921,70.1645419646815,84.8222557129808
1996-05-01,77.575296489106,75.6543849836969,78.4152888883414,79.9737853673722,76.3482555397333,84.1011314454311,84.6150693692572,72.9151203019286,81.1418540640046,79.7782338933261,80.1275678347822,80.2160942608722,90.1000450471854,80.3635812180598,81.1451861271246,84.2443004035179,83.3444209136367,74.894903475878,75.0739321446426,80.0817858028735,82.6897672238026,82.3711753895913,81.0100934218718,87.5735957523611,84.7163926232176,76.4922954603871,81.4371462036905,82.9114039351516,88.4061350497347,87.5425374713572,84.5181065854832,80.7973695389805,73.3696362203446,80.9913591385513,75.4761915421845,79.9388031058504,79.6060937797312,82.6551495094185,79.1429241603608,82.5565648136836,80.2011003848071,88.5932999014392,80.7663374888297,80.1201509200034,81.9756445266452,80.6793793697513,84.3085298924363,78.3824423932039,87.7404518920418,69.8268667526312,84.2646799758242
1996-06-01,77.4151530681317,75.9709050962655,78.0619414005371,80.1810842239262,76.4215021343162,83.7108599687594,84.2967747172754,72.1874619377938,81.6472328594075,80.0413851421427,79.6759911322108,80.3514226351162,89.7773666779797,80.2802253663662,81.0122705645121,84.3094429803534,83.1501697959481,74.9288401262003,74.2657769319439,81.3565757761874,83.6527412303228,82.4363351633111,80.4706522538716,87.8889367883091,84.7231284817461,77.2593925399072,82.2063906955445,82.7755582876049,87.8622088647234,87.9465537050998,84.1106965457566,80.932598882243,73.7873970096211,80.6721337092165,75.6537785656736,80.8330995264354,79.8083872320202,82.3921993224365,79.6759100317059,83.2175168060394,80.6187874249572,88.4899464872377,79.8428830447389,80.0211077839171,81.9476750543664,80.9012218855515,84.5098260981614,79.1253933122682,88.010235220792,70.0248513173982,83.1435154158957
1996-07-01,77.7714635218801,78.141818010268,78.2495699132249,79.500757485047,76.6332657976866,83.0778008642591,82.8313129576165,74.2691635599264,81.9019990090594,80.1122188998562,79.7825079500796,80.5014289394711,88.7978652304199,80.549491334124,80.7836211766409,84.3597192984055,83.0866479004262,75.2965045997394,73.3074397654264,82.0999147888623,85.2353432680962,81.8383003928621,80.4553573302088,88.2161533834436,85.2767535039709,77.3141030649015,82.2862804003286,82.680579726142,87.9873467775526,88.4465423106946,83.7063302339024,80.5381193036744,75.0812046524916,80.6771454802061,75.7077041531789,81.0707597039315,79.5829513866091,82.2095884172783,80.078920415353,82.8490676312878,80.7596287096142,88.3440266102303,79.5815869450994,80.3693368815322,81.9696063010681,81.3173305398489,84.3586127958976,80.2415452062375,88.4405101957539,69.9971462029823,82.200040949299
1996-08-01,78.9154584621312,79.3564313577985,77.7509185264976,79.5239807177069,76.6293216576517,82.520924690935,82.6006212915922,74.9269002085629,82.1543736711199,80.1037211253919,79.7633481280683,79.9982482380552,88.548686280663,80.8443704661229,80.8543332097053,84.9250084500295,83.0282160333639,75.6695420141073,73.5615024332048,82.8412325722753,85.6719960573335,82.8774280781167,80.224247366467,88.6311787595738,85.3858052409639,77.7853526774895,82.5356469288772,82.6536989040752,88.0160483777912,89.1960128139113,83.3875218838178,80.3215595849386,75.7869215616383,81.0398658092572,76.1100443012347,81.0123946806367,79.7680307016846,81.6530008181224,79.9817041761532,82.489298595297,80.166715590846,88.2486429959349,80.1045863672796,80.4949935685872,82.2698181866749,82.0817814303966,84.5243662992003,80.3674169903154,87.7668896079935,70.5838510092498,82.1854300108283
1996-09-01,79.4495033148431,80.0002910532377,78.717223212131,78.5420467561484,76.8108384498858,81.8288316020172,82.617123076225,75.4474454549353,82.1910412781673,79.7266384892814,80.037769515071,81.1609514225948,88.3207719451997,81.48368599166,80.8745180264527,84.3146052985365,83.4133279484141,75.5145589530676,75.1791845034366,83.5467067723811,85.5323205214973,83.9540037574165,80.189816543633,88.4511073300467,85.6236113296694,77.6906244665789,82.1075688573649,82.5776082082891,88.3106048912731,89.8972284161088,83.9876737078654,80.4881230173842,76.1418528536068,81.3025540127072,76.4429111113099,80.0253076574181,79.6120289524344,81.6964243529867,79.692639095887,82.4556554075925,80.3869260564186,87.6539548468732,79.7568419973204,80.568221378697,82.3534936144397,82.631525333227,84.6177834043548,80.1136893365911,86.9704703263722,71.2067485697425,82.6585908554188
1996-10-01,79.6449662073886,79.5410178071611,79.1482856487542,78.3130728909924,77.1586555638697,82.1004414615404,83.4111313955884,75.3595535087063,83.1180669848317,80.1423459760928,79.9858868710669,81.3949743827258,88.0968740669402,82.6385841940258,81.2460086377754,84.212379437945,83.9177679689418,74.8232472793456,75.9438380434549,83.5463804378839,85.6850863597142,84.6224250704302,80.0504066617629,88.4021285189736,85.9251412562244,77.9141475020641,82.856289017783,82.5755849142033,88.6083015752756,90.3220379088678,83.9064193360327,80.9913923278994,75.8755483990829,81.9706027420995,76.7733890533171,79.2813994207156,79.4125134739876,81.4265949995113,79.8706289256102,83.1072988787695,80.6740338692168,88.0733159468533,79.8459740371649,80.6988108827681,82.1766200419988,82.7022519355714,84.8433842933474,79.8024487615038,86.183931065738,71.1072576664727,82.6981494219238
1996-11-01,78.9720507070416,79.4188562119989,79.8968471953674,78.3602300013461,76.9082800754888,82.5615204794516,83.5901446871967,75.9764307739342,83.2087991481297,80.3835851343446,80.0346013853487,82.2484508633301,87.8974820189153,83.3479272438233,81.64148001093,83.7013433954652,84.74454445447,74.9706707535764,76.4497372909449,83.2960367453089,85.5863699641284,85.2227182579285,80.2728392842144,87.5448835743632,85.7446477763204,78.2171190058928,83.3102114314008,82.5692822840114,88.9619399633586,89.1809242906854,84.6926832831852,80.9180790878815,75.9839005791865,82.8979585822048,76.7918533414282,78.5780777073396,79.3906733877924,81.0111120223864,80.2530623151498,83.724194831709,81.7998677700009,88.5896799169598,79.0454819514671,80.7263055761382,82.5077355218893,81.7933052209547,84.93063994119,80.0610656401884,86.2751291072682,70.7215331344172,82.5491039085888
1996-12-01,78.5356882753715,79.0608527671727,79.762177944038,79.4979110993151,76.6702926008314,83.2200073878766,83.6937318624249,76.1693414381563,83.5351964339261,81.1197076747049,80.3757559920044,81.6664290330905,88.2916068819774,84.5925672177461,81.895904169549,83.7439033312211,85.0675716698745,74.764226024855,76.3614814300545,83.0444249096745,85.1929045631661,84.9392270876085,80.5320414035479,86.950202948354,85.1771862214163,77.7932068351804,82.9884101345733,83.1024348675581,89.0179240103693,88.5397204246475,84.8503583422846,80.6792220050238,75.9027384119208,83.4556182950217,77.1172964322823,78.7092829351958,78.8389055837091,80.731952628935,80.5964057301956,82.3614807265191,82.0954411315436,89.6799553869559,79.0352005547425,80.8621887236436,83.4238851017396,81.1736255698706,85.0505611187936,80.1979642884064,86.286317554954,70.4708535054859,82.3713934957125
1997-01-01,77.6926699643385,78.7045400799183,79.1010578250628,78.6696564087949,76.5655302625242,83.7331163623404,83.6638172262087,76.2334312314539,83.1333151510532,80.789819182963,80.8244176459725,81.0358612225682,89.2500058975804,84.710676210275,82.0294233970857,83.7437781796037,85.2508888716959,75.1727579939188,76.1420856751515,82.8728382259535,84.2864269826955,84.6185160968939,80.8106843251851,86.1153524339169,85.1649545310482,76.3898295891109,81.7412254382395,83.7363863023028,89.0497253919857,87.9023453312278,84.6476146526102,80.8829711385675,75.7914635065323,84.57748766748,76.8164069158151,79.3145547369126,79.0022998226507,80.6925417210505,80.8328118868963,81.8823750127139,81.8735148635753,89.3630999385326,78.215748683035,81.1587843913142,84.1554140853829,81.1007018614494,85.5659941974712,80.5732627043321,85.9942544232814,70.6162194783337,82.6942284992251
1997-02-01,78.0224555107517,78.652792286889,78.5121258111479,77.1865334928955,76.6912221318724,84.4599432715317,83.4380022258622,76.3307270261708,82.4893061294318,80.558550086254,81.301780849503,80.8163038447052,89.4424798476256,84.4605648952478,81.4082360606046,83.9756181448154,85.6879981919285,75.4501326449231,76.3418714834055,82.9478072519722,83.8333801006169,84.2940340490289,81.1560229024757,86.1265892765357,84.6962681967737,75.8079573010936,81.052128908356,83.9568789191453,89.7559373424869,87.312311705611,84.3676343929628,81.4793318662231,76.0083549668943,84.0961803394555,76.7038088381624,80.0414884574848,79.4442116899151,80.803725852032,80.7485052620819,80.804289573602,81.1113957775049,88.6942937289966,78.8614645643052,80.5091886155073,83.5538550225048,80.4583991325711,85.6802856375577,80.9192340816752,85.543403763582,70.6487813138621,82.7718500914189
1997-03-01,78.1565405466277,78.8560488361768,78.3134573792358,76.3348090942052,76.9661303960631,85.1546126992059,84.0369182066655,75.7735632916728,81.033959072259,80.2713411648469,81.1677606265692,80.4523042231604,89.6233135830994,83.4684232287652,81.2926933452742,84.0123233004839,85.8536649058946,76.2132377204615,76.0958579159182,82.9857596405149,84.0154609792679,84.6780729083246,81.3244536683429,86.1806722851869,84.7729663190194,74.7830662214018,81.1944700367727,84.2779151040613,90.4320941704307,86.1297130500561,84.3192128756147,81.6335627732349,75.7406037841586,84.0948447989597,76.3630301983336,80.7150090111462,80.0188008968425,80.6806103716748,80.5006563714697,81.0538235605961,81.9051173049667,87.784535992415,78.6719554827179,80.2000139409261,83.229853950928,80.6428792473406,85.5887687771865,81.5280304169364,86.4251116730136,71.011238267432,82.5183910163875
1997-04-01,78.7547201271613,79.9812430669049,78.949595068791,75.7151443935839,77.1107240150876,86.0173850809271,84.2590059149391,74.9528835754151,81.0285887434795,80.0833473393068,81.4009832664761,80.5665729957865,89.4136193133921,82.9388980677885,81.0750738022179,83.6757015513067,85.7438107738998,76.3670075659778,76.1993380527974,82.9733999113891,84.2866786958238,84.2116287986106,81.231831947221,86.4935962360739,85.404803781479,76.7500923636843,81.3490610472935,84.3187266970706,90.0223094168244,87.195717329799,85.0178273368511,81.865920697864,75.8746684042666,84.1243807542729,76.2822056518659,81.3909288337045,80.3399515655826,81.1964363228499,80.0321825784277,81.2218951894032,82.9802433970005,88.7944086622887,78.9767488088378,79.7192525230509,83.1524722208827,80.1805258611215,85.0362649205794,81.8589360044855,86.818615658206,71.0548871189898,82.2558324040675
1997-05-01,79.5513757481778,80.3065592184716,79.9320632656242,76.6229442614462,77.1679991720899,85.4237248140074,84.3768460971581,74.8786211871766,81.6470156896617,79.9663067697351,81.3387631304437,79.5094861586662,89.3609746744717,82.6881411966641,81.7559191680102,83.8261991856404,85.3838358578758,76.5978069460409,75.5790597155336,82.2172290865213,84.2592422576407,83.7259047522896,81.2805854615381,87.2185609952777,86.0159609999508,77.6750506980984,81.8188223549414,84.1868772154414,89.5614691946208,87.1925074859182,85.8809188846027,81.1803164221024,76.3183355865379,84.1097498350846,76.1251674592201,81.5558418913458,79.6857628430821,81.2003840946049,79.8352224987923,81.6360949855355,83.8483281439259,89.0905912478416,78.6522688699633,80.1036849678759,83.2187597329421,80.7154424182762,84.3605827074938,81.1886883119003,87.2652284985606,71.3355372403058,81.9439232599836
1997-06-01,79.3512299292613,80.1731704050243,80.4218751423305,76.657138898644,77.1225020683486,85.1901458683117,84.5774259551112,73.527324683508,82.5418550436289,79.7993914054288,81.888058319439,79.4030805891796,89.2966397329251,82.7550981110188,82.5939827855487,84.1114659033155,84.978339178053,76.5432700944083,74.9761392660456,82.5878049256347,84.1495494267634,83.0957570846026,81.4634638512298,87.1415113799393,86.1940470860391,78.3851339298102,81.4544905311349,83.5351923092241,88.5161250592383,87.7523628144212,86.6671055217442,80.9391977668938,77.2991133703163,84.0869027796039,76.2663651574957,81.9379702267862,79.1550330205035,81.7136597583694,79.8238187702327,82.3111230675985,84.6900446258704,88.9567160283935,78.8252573812253,80.2235144077516,83.2248998486507,80.9396097488168,85.0409991223662,81.0207681003202,86.9301893202101,71.6394483299257,82.3269650773928
1997-07-01,79.6295267903668,79.4808634299101,80.8944413969573,77.579722516403,77.2539870106742,84.8796045775927,85.1347668491213,75.2370087749336,82.0760821211622,79.9533480647006,81.8589743265066,79.4183156094742,90.0372767194034,82.3148982556491,82.8693584366748,84.9364830256341,85.4973719320783,76.3359423242435,74.6307371349336,83.1395183437722,83.795253422445,82.7417705439083,81.7620165616841,88.1365316807205,86.1757071108414,79.5469070610089,81.8351813889336,82.6014366223263,87.9730703787219,87.4886510917541,87.3227810975213,80.7716760890037,77.83104152044,83.7137830023975,76.2944719685277,81.7011918854666,78.3734719479629,81.6916976236291,80.4283539741552,82.4409228546933,84.1720371425516,88.0947233122146,79.3103509331983,80.2459072649572,83.4261176862753,81.8419070817438,85.6664088870117,81.1731199087523,87.3042316480782,72.2249047853686,82.4822502058026
1997-08-01,79.3692878595288,78.5565530520282,79.5807277280158,78.0713037186393,77.5377177191316,84.7549923874888,85.601242359265,75.0005334363277,81.908245015771,80.3379724091576,81.9268630075427,80.1707992891605,90.0095000800325,82.2039231425398,82.8344091528258,85.4980931739761,86.1136064696356,76.5868461437154,75.4107988124739,83.6518847307081,83.6075727054989,83.2275927957166,81.8544304753938,88.3680078492493,85.8501085387454,80.6787303166677,82.4366053285027,82.3383114507111,87.7147236183567,87.4416308560633,87.2124287787468,80.8144825397803,78.5662150461246,83.38165307904,76.3415511089644,81.806154652831,79.1595521287478,82.4602605662675,81.0956907649597,83.4389342454973,83.4926384495966,88.0717538291597,79.4755801369892,80.4753626656225,83.474167836686,82.7428723124931,85.8435291582855,81.7204956035696,87.305639547188,71.7349798861206,82.6523268654597
1997-09-01,79.6127839478142,78.5821931412864,78.3142511830013,77.963884559026,77.7417161314354,83.7323472736366,85.8178979117243,76.6617240304426,81.6010522597386,80.687673393379,81.4619308447023,80.2092952337388,89.9573623593848,82.4186656486241,82.4477184147611,85.0501842341354,86.8306312949944,76.6837381534051,76.4481625213722,84.1093700557735,83.5380030420158,82.9614840226185,81.5123935370875,88.4257300159157,85.4754332600465,79.7882079631835,83.1293655654818,82.3883905229549,88.927246512821,87.2181780660798,87.1047194671248,80.7846766036639,79.0781212053534,82.8932124362519,76.5567651329713,81.4072952091728,80.173607603204,82.6029337134044,81.4280564318202,83.9565544170141,82.2247530654783,88.3923672930967,79.6189567639741,80.735165285895,83.0878487182314,83.4104056505712,85.7844431856373,81.9245828437634,87.5591673279804,71.0948729853478,82.5454041484405
1997-10-01,79.0382316005683,79.5510746026295,76.5517928331817,77.978491005842,78.1253074578607,84.6001719951217,84.7744628852032,76.9739652342549,81.7174401493738,81.1244869394368,81.3389655339953,80.1093603160962,89.4734433312985,82.6868151031382,82.1584651771359,84.0633510727435,85.9881948908218,77.3721966854075,76.6402705154352,83.6599960236529,83.2954848241582,83.1006029371141,81.5902629894083,87.9530296629685,85.2183267409368,78.3812305013755,83.5532199336982,82.5236563173621,89.4933998191087,87.6203965597031,86.3529295921972,80.6836633520272,79.199269985168,82.1266696134469,76.8325796647377,81.8349514507946,80.3125673731742,83.1058379384869,81.6035259734485,83.4439284408749,81.4188728976706,89.11260033796,79.3544429549707,81.2081699069304,83.1965831144304,83.938597555709,85.7661017992847,81.6342490522099,87.4516431072465,70.3054725976657,82.4021699795765
1997-11-01,79.381915088096,79.4786853957797,76.7729579851799,76.8749769865346,78.0676620316052,85.164545402023,84.2716188470136,77.9390228831966,81.9981805189537,81.1902633356211,81.3300104405676,79.8110554573398,89.0070781559091,82.7085394560242,81.6210238323543,83.3425200458539,85.6256943879426,77.7842212402369,76.7293933520713,83.2400626039566,83.5084162097519,82.8157450162005,81.3863941011826,88.2713043259532,85.4070257069011,77.4739078428698,83.7038391602121,82.4010346803459,89.8643633363633,87.9044771941407,85.6648717480251,80.7844340033725,78.1841826796308,81.1149370118021,77.1657599114216,81.6023927781903,81.0285537589434,82.8222271722538,81.1112531200558,82.9658316995249,81.041497251406,88.9370900783172,79.2449825935523,80.9716397448483,83.8995232116295,83.6373360294386,85.9892608040072,81.2849447909489,87.5207789137246,70.1664596954643,82.5317541855791
1997-12-01,79.7458484345416,79.5749620304793,77.2865072038171,78.0350774076443,78.4252237761806,85.9348101163493,83.240672970442,76.6143905156414,82.3255380769256,81.4114078164994,81.5644563338708,80.1039914038944,88.5780940199654,82.2982093870477,81.2146504951385,82.6053709360458,85.1999068460183,78.5732159342415,76.7838995617674,82.9476720682219,83.9629696906432,83.1015695748506,81.3864101648613,88.1637883551439,85.6620590850907,77.3809374102234,83.5308670146187,82.0703949079026,89.5117772811489,89.0099740709532,85.4432253827543,80.6515546950677,77.998562119574,80.1992449546355,77.151884719738,81.0515276351915,80.0128940564218,82.4852145940891,81.2886520142517,81.9092089452581,81.1291976056278,88.5150777617013,79.3151952531337,80.544213474756,84.2945542258318,83.7258895667882,86.2241317653866,81.1339231440182,87.873138232946,70.443573065542,82.1203724216108
1998-01-01,81.2274261504072,79.5874568908841,78.0780424360232,78.1168188400869,78.4485859557801,85.5251841716834,82.9787715984371,76.4157316044487,82.8427113671287,80.7756610099325,81.4532811519462,80.9966522812159,88.2076355647845,81.6700766788955,81.4258320936188,82.1838305696569,84.6243977512544,77.4647364112539,77.3259185236036,82.8164470277296,85.0202378407716,83.0592254075889,81.236553083082,88.4396231069856,86.5594000034411,77.5945709847043,83.5965623848507,81.4663143339395,89.4664966993771,89.7879389947598,85.7370158219541,80.7680862836765,77.2360567952924,80.9603529814801,77.1254871457068,80.8680042086335,79.7550087422485,82.0044049556482,80.7561902528531,83.3236363461337,81.7096393455685,87.4695337365047,79.4636470719185,80.3267710337372,84.5481921466644,83.2390930719973,85.9957611104446,81.5055051071626,88.1813508444242,70.7411286261663,81.8282918900132
1998-02-01,81.858537981227,79.94817024408,78.284569041465,78.2838439940609,78.4203884317328,85.4947639750612,82.6374409816086,76.2693946076941,83.8071086030707,80.4357625890333,81.6109625446038,81.1223927895112,88.42387167889,81.9890599091304,81.7084963026161,81.5413609008369,84.7131382960024,77.1445872167701,77.7023836853674,82.9645429404993,85.2615478060337,82.7786665267528,80.9254801911332,88.5149187386043,85.6029555687797,77.0904052389466,83.7484716306374,81.401872989375,89.4227785190455,90.0082822799548,86.1874855058506,80.5487071334417,77.4396363464035,82.014861024219,77.4166432325007,80.6668414277668,79.0203496696442,81.7779036136101,80.45331747112,83.9580536359577,82.145051392865,86.9154010895615,79.2609282478936,80.2977379330019,83.1890535156904,83.2607022950211,86.1538106154261,81.8206410427576,88.2063831192935,70.7708680387819,82.1972070123108
1998-03-01,81.6017647788265,79.9278552493166,78.5277420588905,78.7437515567141,78.1791820051425,84.9897888032242,82.5709492773452,76.7836367137382,84.5590005127014,80.1632995737359,81.1521593015626,81.2955093420535,88.6014809256987,82.8860221849443,82.267218160338,81.5878077315073,84.36727600389,76.1316071453397,77.4762643022176,83.2083735977403,85.1196514732926,82.4695430317183,81.3014724205289,88.9847910575354,85.1630661706892,76.1183679630233,83.9212830436913,81.5080549457879,89.4953540662573,88.9204257741241,85.9951008644015,80.8497415352336,77.9695212207602,83.2390697525141,77.7878842969339,81.0588314154636,79.1320119148148,81.6152964418227,80.1181810534236,84.9168812454611,83.2030817330257,86.5968785577072,79.0530941301142,80.1953152465836,82.0627840201755,82.6638497260521,86.6790076758508,81.694421813755,88.2781934153248,70.6312286682573,82.7756310753388
1998-04-01,80.9556536057897,79.8814364741671,78.9745155469965,78.4674115510945,77.9474624760433,85.109749807584,82.2935622950175,77.8170990440088,84.9009729706413,80.4601299977268,81.6790399911996,80.9349709714793,88.6258089987909,83.8693283181339,81.8656643953141,81.7245932728678,84.42456655468,76.4775263578187,77.1557155511663,82.9585836266383,85.258177158616,81.8006087728365,81.4405103303548,89.5370941023963,84.9910254242568,76.4641911659043,83.6911961323415,81.6757756921187,89.4041728813025,88.6734390906543,85.0466650971237,81.1563559928117,78.2862734253768,83.0036787675396,77.9340237496956,81.3966214566373,78.8931087355129,80.8841216879958,80.649412701428,84.4107451237732,83.243565701912,87.0478449427414,79.1960564797613,80.3921267689624,82.3296360259688,82.8257881956357,86.5873430537224,81.3247614193169,88.0831162830409,70.190782711591,83.1633141898931
1998-05-01,81.0536286328846,79.0332097890206,79.2476356418834,78.9212669749127,77.8742580269071,85.0023916082064,82.7296723244431,78.1160043065434,85.0197834893813,80.7326133137044,82.065205232714,80.8134895161969,88.3926890565266,83.9497471867947,81.7029035475038,82.2209260406566,84.111917913029,76.2344674890822,77.4291832401544,82.7211662911898,84.7517126151455,82.5246162016475,81.6378478564311,90.1541901984562,84.812022410054,77.6714873097708,83.0123574457683,81.8863946800577,89.3613901850032,88.219685185222,84.8752647229298,81.1622869676537,78.8269767111127,81.9157755783939,77.8080743682199,81.3848929547138,78.2248464840076,80.7358004903584,80.9035590049962,83.8605340681051,82.8616351563785,87.175514096864,79.7862870190054,80.4604323398198,82.6914729819281,82.9152278217865,85.6223190494442,81.2032300612026,87.6576088832687,70.0465573983045,83.7670450333625
1998-06-01,80.7110907110039,78.6148936756284,80.0342847510748,78.7253997480993,77.868466863067,85.3819390732527,83.4304897477227,78.3050128717523,84.6941038041612,81.1190167286944,82.7163912451979,80.6929875539494,88.3646674127004,83.1511974789534,81.4638512694746,82.4285926856305,83.6558971618307,76.3084952914437,77.8488414871875,82.9501469683332,84.6058124395932,82.5017443101123,81.7864149679882,89.6734480913,84.4158077417774,77.7882982734298,82.4847061304182,82.0098916734568,89.7336694675625,88.0026181822908,85.3151112877179,81.2562042056942,78.4915427484251,81.2952007969759,77.6796367899831,80.9783794565967,77.4158153865473,80.5551182645471,81.0516774367946,82.9685688741723,82.3310837843655,87.7280651376704,79.7709572438899,80.5850946893659,83.650284978474,82.9527135295695,85.3819970542607,80.7782430752179,87.6262866623571,69.7196382542149,83.8464806021523
1998-07-01,79.8402111558785,78.3899859391785,80.7713578433271,78.6423841025632,78.121322337991,85.601687470804,84.2402200728097,78.1769173689186,84.2441766638098,81.5109804034557,83.1434950694132,80.7617936814028,88.2862910434261,82.3374853307834,81.553031896473,82.144480097368,84.1211050659984,76.0672425711141,77.5591209598717,83.2833459568455,83.6145638588587,82.5695570207323,81.627961094859,88.7612855907643,84.3116485473378,77.5675399155719,82.2760331836125,82.5786117297032,89.0814699452081,87.911270887433,86.3343579369949,81.5088105137471,78.4660319529929,81.5545637990832,77.8165652501849,81.2231416540479,76.7310987494033,80.9152309212006,81.0753861587267,82.8083417052218,81.8220904486992,87.9920211061691,79.6094657486804,80.7596613291327,82.7415066950908,82.9906168020805,85.2398877070599,80.425611349913,87.3088951750024,69.7258205385809,83.6366741502294
1998-08-01,79.2101744180288,78.2262408955333,80.3673727772869,78.4121806635924,77.8684528330767,85.532828399513,84.4704423104962,77.6516567978045,83.5313407956406,81.8022040344112,82.5428958939612,80.7718210835933,88.2491180591525,82.1617956359283,81.7320084988616,82.6078860640057,84.6461867544222,76.2909530519519,77.229301699101,84.1742233320627,83.1543816748184,82.8781722187719,82.1101716369613,88.7376310232494,84.6719150211605,77.0046998665505,83.5222825899205,82.9809551690167,88.922936406398,87.8071696245229,86.3583986375454,81.6436581903829,78.2322661377018,81.9244914852101,77.9164100068509,81.7951074127542,77.5560797067303,80.9825694256217,81.0835907597649,82.4703115363154,82.3604489619566,87.0578742190754,79.5065165341842,80.6602964044414,82.5514392837521,82.3313169561055,85.7477216166173,79.4996561951931,87.2383744412055,69.5162957696208,83.4938606148764
1998-09-01,78.8654663534109,78.1252951579588,78.8156135778478,78.8604649842621,77.6026191375626,84.9865901048614,84.4744671127783,77.1158122007307,83.0197024023673,82.0048162229621,82.5717341827016,80.6567401323258,88.2485709754632,83.3566073605555,81.9735843712429,82.6985033281565,85.3392573828617,76.6881123191507,76.4497558685933,84.6629217757025,81.8494582150102,82.5510707579361,82.298815723345,88.3950533565896,85.273663616724,76.7978427353776,84.3853738242721,83.2560259335775,88.5247711110012,87.9564666146768,86.0242043109717,81.2996104128301,77.9522880329499,82.4242259899088,77.987156555234,82.2406117268784,78.3216687523733,80.7221170243575,80.736651636955,83.0695341831923,82.5206768301416,86.0825142791289,79.982209499875,80.8660102861083,82.5769426644531,82.431189854557,85.4776454852255,80.6332835554758,86.779415441583,70.1224659391992,82.9669813581027
1998-10-01,79.9380799453859,78.3165644318709,77.3186854229035,79.2966402052875,77.4091998519054,84.9651305325093,83.6654473940291,76.791339567908,82.788222503136,81.9313932164954,82.7105111068055,80.8210092019808,88.4122384675278,83.5430626062477,82.151335836945,83.4344068096672,85.1574431616537,77.1154714439261,76.8779366290205,84.7726213024263,82.1830201974655,83.0444631718729,82.9510642030594,88.4480899314483,85.7028070121486,77.2714437230535,84.475436285201,82.8182992411757,87.687961839012,88.0015801545223,85.8574055800351,81.0701483107228,77.5750468723559,82.7971835127475,77.8495275298811,82.330484572029,79.1605745944824,80.5267485544899,80.2516293575897,83.221635365139,82.3889160914183,86.877038029508,80.4912201512825,80.9771689479236,83.0869717090446,82.6184717590842,85.376489082989,82.225302587398,86.8836908081929,70.740215648331,82.5866633560207
1998-11-01,80.2799122477863,78.64353559449,77.7103876677894,79.435814258675,77.4301107202571,84.7688487811587,83.3265005634666,77.2429703477565,83.0367805865873,81.5801203295668,83.0667019141435,80.6602791646919,88.2718331442124,83.8363810074847,81.7848532482349,83.7390572734608,85.1716881872434,76.6555147365807,77.0034825600693,84.4709111382545,82.9470916800565,82.6771953820903,82.7077656077976,88.226516982579,86.3714043621943,78.1955356652464,84.7304264446438,82.510460972279,87.2981297503169,87.7262913614736,86.0672898067465,80.6523424208525,77.3244434549493,83.1786354044993,77.7968004023254,82.0946190832705,79.632721150276,81.4391932853768,79.9101859779016,83.3015784344236,82.1125212652111,87.7804977477077,80.9392748592572,81.3682890909576,83.1658870639867,82.4693372406502,85.1142732186005,83.04462145648,86.4525429331783,71.1782369223292,82.477350042979
1998-12-01,80.093246912591,79.556915591131,79.3524425374939,79.8453757266263,77.4526994183676,84.8737987138797,83.4356462920323,77.9851554335751,83.8206323057229,81.4691885133423,83.1162677336175,81.3236278086884,87.915007927654,83.5893924299088,81.8564286670319,84.2883614926407,84.6787630601413,76.6045391750635,76.9208496274329,84.3773944713824,84.5573502446832,83.6546753708347,82.0351284936846,88.0626467188231,86.652096486634,78.610858708819,83.7027404158827,82.078516137109,87.4160621754765,87.6894700764426,86.9481104527882,80.3319777276607,77.0676168102322,82.813919005658,77.7214826709493,82.4962185264819,80.1425972609017,81.8262052712591,80.2720594141356,83.0432436748885,81.9570650363195,88.8127372511678,80.7933975903228,81.29714971986,83.3194995398514,82.4765111997903,85.7256310412054,82.7254265604067,86.3520486131677,70.908066635529,82.8084780694422
1999-01-01,79.4504586285092,80.2837925067186,80.4023357431961,80.0285357169376,77.6195035714214,85.0256362258623,83.618092089652,78.6985279789138,84.1085497043374,81.5868479827002,82.7811792588886,80.6231098599964,87.5258899042121,83.8722786254802,82.6016194267148,84.6366849496604,84.4159506688381,76.1978213015806,76.8757668688498,84.0873118841752,85.9524588054568,82.8359189238154,81.6979749445205,88.0261549452927,87.7126586676076,79.3823904836875,83.4605855682778,81.9827045920209,87.9185111139756,88.2782409958576,87.0130010144649,80.89307850503,77.1875597772009,82.9734667456204,78.0875308135332,82.7449171303313,80.7178535278099,81.2478555583153,80.9637607230529,82.2713886542276,82.5231745507571,88.3416426834183,80.7522214864935,81.3562240667952,83.8896364969794,83.3193110557892,86.3112803911952,81.790475609864,86.4174437736361,70.6735613889525,82.8053867275171
1999-02-01,78.6814899037397,80.2153357731351,80.8569119658129,80.6180738398468,77.6257007736763,85.181800266108,83.3700705327182,79.5546688293562,84.2537729623292,81.9176695903612,82.339781159167,80.9096845055533,86.9673808951144,83.6134173454634,83.4738787703774,85.2230797516137,85.3518486240602,76.0362011374155,76.7081479936902,83.6305736472034,86.4579768825152,82.5113126099646,81.1118471322128,88.1525924796655,87.0818610955415,79.9218408607031,82.3528232848507,81.9736731942524,88.0345462753441,88.3473560478366,87.0586031500211,81.4218083812417,77.3155570939973,82.1498049623014,78.214023585439,82.2328370817492,80.9204562875744,80.6768767387693,81.5697700865704,82.3175410121077,82.5223408738915,88.393020048151,80.0621762947447,81.032077044038,83.8967151547394,83.9483393441255,87.0173673800552,81.7455099586548,86.3586139721642,70.7902957960731,82.8782650292569
1999-03-01,78.0596021792907,80.8083744259469,81.025892621516,80.4750250221708,77.7937511748016,85.5985586365217,82.7086977798834,79.6544238290963,84.1087280910535,82.004429650011,81.4525637906044,81.1161468041812,87.216346365496,83.5263404232526,84.4419803093899,85.1874912601653,86.2213734743113,75.9996935705769,76.5604856197293,83.6391829030708,86.0679617420912,81.9866458615276,81.0277250742012,88.3707421539937,86.0880643439425,79.7587236723978,81.4607871720834,81.9116695175796,87.7097689731365,88.2947681652832,86.8342574205218,81.6729633153739,77.8793983686171,81.5539486024742,77.8174983346366,81.6764108741032,80.0448825858838,80.1583351324413,81.6769200226424,81.9956454451052,82.3024812989749,88.328826713628,79.7628826933619,80.9355480786696,84.2384450519808,84.1452444559289,87.3075150413312,81.0489613537952,86.6248859869626,71.6263901244645,83.1412536883472
1999-04-01,77.611976088531,80.5004316786352,81.0623027410283,80.2659203554677,77.9155822534468,85.5658947919768,82.4810128939851,79.7147576299426,84.0458652175176,81.6163738186865,81.6212768969344,81.9991443398138,87.7127123055242,83.2900092359129,84.0325458506883,85.0613477782458,86.6181266424961,76.1545245256218,76.6030372036959,84.0124220955821,85.7855596073975,81.9169960935254,80.8069637119709,88.4120624917011,84.8673113241395,78.8689879626686,81.0897594242127,81.7832288652151,87.9145793991675,88.1552243919413,87.3046950852164,81.8616084208121,77.306424153722,81.1011116371664,77.5053514103911,81.2279080619641,79.9847338118139,80.4213145732654,81.6296004432135,82.8787692910053,81.593158673135,88.2456022599277,79.2439222897219,80.6337620226759,83.9790104018813,84.1097130082566,87.6452416005328,81.4310584171471,86.389477272966,72.1184322300691,83.329178538147
1999-05-01,77.3625291345441,80.620267403823,81.1177735622892,79.5090900429044,78.0447503101297,85.6681718444709,82.3875005045966,80.2182620755957,83.800302379416,81.2143113780977,82.6663465204769,82.7265203527488,88.2424826289463,82.9815714825787,83.8055332648271,84.1470061058018,86.6045643880561,76.2104272680387,77.0665685621174,84.2249173722937,85.3683975875851,81.993781677041,81.5795387356223,88.7155347610987,84.1939485874659,76.998839646085,81.5947561114472,81.8808961894987,87.9845606564408,88.3138221409455,87.5325474201572,82.006430781868,77.0976734340668,80.7724389624254,77.4022175223606,81.2349955875036,80.1667566666041,80.6540755277197,81.6912864832071,83.0733838559363,81.0193758106633,87.631249308342,79.3911624942785,80.5440798711913,83.2709757947411,83.8659760191271,87.4839969396578,81.7538473627684,86.5518122614956,72.1283659910337,84.0568765309913
1999-06-01,77.2749221118201,80.2124769387707,80.8237242965051,79.3433121013293,78.2101844945061,85.3685495915163,82.5126470733237,81.0119478819169,83.6087580164674,81.4157268002298,82.8536277399001,82.6471821350824,88.6034282281373,83.2901106716835,83.0455215273825,83.6042017870613,86.6962468588014,76.5221008098507,77.6116672901335,84.5448393100776,85.0691335246267,82.293033230442,81.7759211389395,87.741689786425,83.0014478123174,75.0309320865733,81.8672840092073,82.5227758164169,88.7977375272151,88.1504663706273,87.1120607383043,81.9285679444643,76.8476231308463,81.0279463563127,77.971376772167,81.451772413052,80.6792195208615,80.7361915763993,81.4003510873317,83.0298093658937,81.3460327375967,87.2974416646979,79.8985830828204,80.389090039723,82.7020286484882,83.4024610861809,87.6920954023963,82.274296225403,86.9463434272552,72.3506099270945,83.2575866885209
1999-07-01,78.4430887346726,80.9454101721964,80.8543356936068,79.3265856610209,78.0967033726345,85.5079313307795,81.7350972040954,81.6796785426301,83.5354091921107,81.3873584939685,82.8602671895331,82.7729364828564,88.3827494426624,83.6841887132556,82.9778534793384,82.1637179295259,87.0453025356829,76.7401580488051,77.9511085324391,84.5053153209452,84.6798925457201,83.0241852013373,82.2587455306645,87.0886213445453,83.4400155449156,74.400521791602,82.455652404539,83.1089038014241,87.6892800532835,88.232941239944,85.7401972170914,81.7505741336864,76.6739885837707,81.461540559294,78.2655640472665,81.6472129858775,80.2588750571119,80.6230210010528,81.049428892843,84.2428524110096,81.6884774924147,87.6537978449821,80.2653078852665,80.2058907278212,82.0862550758401,83.1188340368326,87.2569772301249,82.5426397017024,86.9078999571411,72.6089864442201,82.9533659990006
1999-08-01,79.6668922725981,80.8654446963815,80.5963049854124,79.7632327316758,78.0650086007097,85.5041173866056,82.1601686803545,81.7571969248543,84.51382862016,81.2990009731412,82.6459604595827,82.6751490623114,88.5248586737402,83.9648817007652,82.5884079479356,82.1409850555781,86.3458523321102,76.8474529414502,78.5813175798653,83.7376502075769,84.5496401989255,83.476876785151,82.367399023619,86.9037841963099,83.6906484591437,75.79151281483,82.0963687481783,83.7386598340411,87.0032557257383,88.1525924120714,85.0857186371903,81.5278698191014,76.2507343039593,81.5842303550195,78.4407419549202,81.2572182897623,80.4973237251658,79.5985678847535,80.464044282744,83.836757107164,82.2286607517964,88.1223832819431,80.1163192057366,80.3155742657939,82.3705616401547,82.102801810231,86.6922858796642,82.1337837963361,87.0833604423905,72.6471664969735,82.8960208263204
1999-09-01,80.6497320764507,80.4211782972688,81.1676745777756,80.1861986432281,77.7945430102538,85.4731787783787,82.653034691923,80.9500920757102,84.7047138178697,81.1654852026577,82.7838377933273,83.2428288648104,88.5835589329974,84.126321242873,82.7528124333246,81.8003632619521,85.7369662358593,76.8038472746805,78.4597665955349,83.1524033109886,84.6904730817585,84.3348252091933,82.7814560248994,86.8408799114265,84.7972594248207,76.8995335752991,82.1257754422205,83.7033835513903,86.692507359496,88.2299347975946,85.1280590147695,80.9168746388226,75.7870156063741,81.6231262040626,78.3471342485489,81.1062026870125,79.7736009815205,78.5134915422596,80.5448605798227,84.0339156405485,82.0123708726506,88.368818460177,79.5552447464299,80.0329368461759,82.5440276224734,82.0210466977923,86.4990050098702,82.5782592024046,87.2908614312275,72.8290485962668,83.2459113940147
1999-10-01,81.0887256421945,79.7569686114864,81.131457446684,80.0272533727691,78.131400544152,85.0424091326121,83.2371879554886,80.7664862404249,84.0837014447227,81.3090023063602,82.876456292332,83.0665225524626,88.5450241216083,83.7546338376941,82.7101039367037,82.9374326796057,84.5690379032975,77.0295812490444,77.8550060462969,82.8646444286783,84.8139095258473,84.537972188224,83.0080970689898,87.0503028949755,85.737702612469,77.7378051639836,81.5889995114055,83.5637882749858,86.5253517755416,88.2315893165172,86.4040040725456,81.2961988656074,76.6698860836724,81.2675306044266,78.3615331202025,81.9043116292252,80.1272331392349,78.3319968699523,80.9837841153809,83.1851085305727,81.9685354609404,88.4309230383578,79.5961267966574,80.3313603880221,82.8407971347047,83.2318473337209,85.9949416278739,81.876187886384,87.5229954247458,73.0981627295117,83.6235836400101
1999-11-01,81.0416380261407,78.8804553714801,81.5556306567075,79.529418728127,78.2350121515054,84.9902929900041,83.438336323417,80.9640339773294,83.7394943897915,81.4990977801237,82.428488680667,82.6278260004281,88.4082561620689,83.4196093522256,83.1810216032222,83.589649879247,85.049614453409,77.1653791969974,77.8895234121759,83.0761606631486,84.5712363668968,84.7632413625703,83.2649479462929,86.8527588152138,85.8129163155589,78.1713483005016,82.1338079490884,83.3756279897386,86.3499626063212,88.4211184976706,87.0636147160384,81.5177385116853,77.7877802625406,81.1421093118584,78.2538235668608,82.7011827159563,80.0671445382318,79.365829025903,81.0915904385766,83.5109956849683,81.5966795624476,88.2449573949731,79.9883594016835,80.4131835153539,82.2550107290885,84.1928470477503,85.2387005742693,81.6441415081526,87.6464957961304,73.4814752872336,83.5224745545441
1999-12-01,80.8967199216994,79.2054011364365,81.4944994022472,78.8838779534388,78.3223467178835,84.5426915426645,83.623132858082,81.8190082995331,82.802508320415,81.4901530737369,82.0149340709056,82.3533443494208,88.2825081546902,82.9791838431344,83.1916757306633,84.7566833620874,85.4714752477815,77.5435499756627,77.9672464211794,83.0753428269,84.684259885123,83.9618706893506,83.3761268470253,86.5635954838377,85.1184658619995,78.2880110690551,82.4517150346465,83.5104655251076,86.8710243149149,88.168797535602,87.5664501876046,81.904769750117,78.5391616861013,81.4172703497474,78.2332344152062,83.5503673818715,79.9382160273934,81.7777033957794,81.2591637293516,83.5025341546814,81.7706625897303,87.8447146958616,80.0317532621411,80.4675694354022,81.7270577853351,84.2638141607934,84.7233362891323,80.9268687755832,87.3377303451653,73.4787811504441,83.9296041903005
2000-01-01,79.8574539779481,79.8114152499315,81.0885183116616,78.4606947337647,78.4844072353524,84.690122519089,84.7755410329907,81.8958869141158,82.6249537909976,81.5077132728858,80.9473729389234,82.1304665761115,88.5438273079865,82.2313270897416,83.5977888847459,84.4310175822219,85.4293384404851,77.8290865799784,77.3875500914124,83.4279111742181,84.7032403166152,84.2543247168585,83.7813639906219,86.3524446673913,85.190647941482,78.4769032262843,82.7459232744734,83.3373732219459,86.7352674954568,87.77175028686,86.4095314574793,82.0355379081026,79.3831985502157,81.3940446679698,78.1502012935471,83.5506624962962,80.0371567321897,83.21681762611,81.2812061644418,83.7416305690953,81.906564312767,88.3324160607467,80.0615957854971,80.759063674724,81.794681436653,83.9263679611742,83.9914598389702,80.6770116087041,87.9949200654471,73.4060866449256,84.0053969929068
2000-02-01,79.2109833898421,80.3596870823843,81.0085786170051,78.7761573259846,78.5703800549181,84.0257969279772,85.5491812043669,82.1036535943117,81.8535262838118,81.3459259442597,81.4973449801258,82.2497723813461,88.5490717949265,81.1802292701557,83.0712041867154,84.1362489058914,85.6273618251308,78.196549465427,76.5973012781884,83.6664235722604,85.5738065289901,84.3986917760806,83.6677527345609,86.5056965877166,85.0984237619951,78.5833766088697,83.4622964232322,83.0534453378799,87.3084436627828,87.7062718184981,85.1936782795966,81.8193542242236,79.7818817805603,81.2682083604055,78.2868960079347,82.7948766377452,79.8777367693451,84.8569653941855,81.6241437222882,83.1691545047432,82.4097649888761,89.116243258901,79.8178760909194,80.9370913075131,81.9182231731022,83.8198520972881,83.5453920062693,80.184427669022,87.5305825040584,73.4669295238505,84.0297802341055
2000-03-01,78.0759361936296,80.9495732318952,81.1144266496774,79.5604646872265,78.585782795344,83.7448621537764,86.5224217406223,82.2025126375694,82.0499907492063,81.4177925522851,81.5058470461442,82.1041749599996,89.1802644324984,81.2660107981074,82.9798927976786,82.6201254309808,85.2562193156638,78.2688703118045,75.5934845014402,84.1734280799945,86.1382890346298,84.5512266567757,83.33076165685,86.6453449631657,85.3529413859636,78.7347341719274,84.2090223433736,83.0570104093508,87.995258996006,87.8893333072857,84.7249508977865,81.6107216705668,80.4409271002593,81.1656614161997,78.5932030588724,81.8271107731171,79.6540891653369,84.9772054743725,81.7426184285672,82.3493904049878,83.0060738124247,89.8809270797775,80.2635927362585,81.0882831745267,82.0573620815796,84.7278188783386,83.8810931599249,80.0147680192514,87.0021120499039,74.8169322983188,83.5985484758794
2000-04-01,77.7803995900792,79.4711699621962,80.9864320494402,80.7624763067997,78.5948053163197,83.4166999360865,85.7097838528868,82.8362730702891,82.1378310636056,81.4688919380234,82.1078966945616,82.1256413143624,89.380181995819,82.2714532696997,82.7231606826381,82.2087869335113,85.0937402728644,78.1410396219874,76.5810655900143,84.2671418435771,87.0062069616749,84.657845366897,82.9409484212044,87.4921723331229,85.6541466947448,79.1859650641414,83.9676113318146,83.1819103013547,87.8013808264616,88.5650862518263,84.4243895472245,81.8145714673681,79.7000981118286,81.5671967371946,78.7522895493995,81.7762316818427,80.0664522050843,84.9036515487783,81.8496340706846,82.6766090321726,83.0101152096116,90.4823643366135,79.7407177442101,81.1136890152505,82.3141679666227,85.4855007377584,84.3651856043783,80.2712951480267,86.1976379101237,75.8638670145586,83.3904814295647
2000-05-01,78.4984834459371,79.0665545306158,80.938071973134,80.6857444855808,78.5757010517277,83.237596969105,84.8879281766214,82.7913965720563,82.5350527494374,81.3848926217028,82.1526853921181,82.084822949804,88.3697720352985,83.0035161928547,82.7383545428732,82.1414543155875,85.1842307543273,77.8974498422357,77.3671165001555,84.6392221479181,86.449075898613,84.7130529270056,82.3834654838481,88.2145503892536,85.5622636894015,78.749459156499,83.7488915460645,83.3365821651077,88.1479434025364,88.6829906479865,84.5673535238439,82.1464237814674,78.9642449181454,82.6807296761217,78.3928682499912,81.5102698564269,80.4273068040857,83.2295123460495,81.6208094381232,83.3906567040583,82.9674903601422,89.3057582883107,79.4028855280094,81.1506894656195,82.653249522457,85.5216065204096,84.6399395461937,81.055010976194,85.9500347781559,76.1280030157892,84.5397179702653
2000-06-01,79.4251675293619,79.0436217918377,81.0308697442023,80.4087020541019,78.8387458644288,83.2485931824503,84.0880714118954,82.9080419027647,82.6007337997484,81.1506553961571,82.2382021477819,82.5479974731659,86.9437011189538,83.1818787913477,82.8248800024294,82.3721213287707,85.4178400781441,77.4986813062632,76.7506223807953,84.2899197693268,85.9402402770924,85.2038162595083,82.1066148250284,88.2448731372118,85.5088874047481,78.7011080482174,83.0873714148617,83.438163230082,88.5334709598983,88.6602156661872,84.9312445585998,82.3664541690497,77.8973937007698,83.1081549893584,78.0218322522377,81.9765964285965,80.3735329176197,81.8707703792911,81.3894565517001,84.3317403976544,82.89754615262,88.2191114611962,78.4686553347267,80.9861208156307,82.985162087565,84.7799195108901,84.648158147093,82.2698622840508,86.2612308160667,75.7397396408194,85.0449324464113
2000-07-01,80.6680073927186,79.4920418728691,81.5786039449437,79.6496413814403,78.8767310642306,83.2703581628606,83.5963350956041,82.0226163809603,82.0260371203074,80.5053905798564,82.5034432388938,82.5913175462749,85.7392546759164,82.3636943511439,82.7396851141499,82.8777861324461,85.2610759243523,77.4600799865604,75.8717991011136,83.8302915924761,86.0383063910631,85.1073587438751,81.3146099147864,87.2512740851951,85.0369766136321,79.0982466408166,83.196691932593,83.3118412262926,88.8403354271226,88.1648493585953,85.7837913041572,82.2388536227487,78.586767351954,83.392691422787,77.3783620624846,81.9219273559477,80.3244313326434,80.8699424873283,81.1974407768098,84.8604876723842,82.430543635312,87.8104857301816,79.3928664322901,80.8859992360443,83.3696816286956,83.9147346319534,84.9516659604385,82.9839222290202,86.7456590263976,74.5152274419283,85.5058167214294
2000-08-01,80.7133180421594,79.0470613130047,81.7136470589762,78.7911079249997,78.968630048087,83.5258914290245,83.479396709063,82.2498175213497,82.8877985743125,80.2015826092073,82.5062303655078,82.9197088060557,85.4654741152124,81.6964832706974,82.7063005109222,82.8947404091852,84.550812316623,77.6273798307286,75.3409056288038,83.2537174816346,86.1722032858265,84.6162176655949,81.2684939529474,86.69838055589,84.6190556830702,80.52823313957,83.2616610664887,83.4700145413831,88.8852916013485,87.9264870199392,86.4440040988693,81.7575340659172,79.1555868083314,82.8565048000902,77.0548620176131,81.8851211882199,80.5049807849783,80.6963155273549,81.2756426235168,84.0480020125559,81.6737452097286,88.1071688443056,79.7372299048543,80.7416983332669,82.7723081913802,83.2686419345215,85.236968896915,81.9951088629162,87.1081070138955,73.6306970095755,85.5329840450785
2000-09-01,79.756141165185,78.4834405095496,81.8908861826221,78.7456190066527,78.9545858942114,83.7551467123498,83.3242860235925,81.36983231881,83.7656372874259,79.8693175498861,82.3695938873386,83.3582587245536,85.6901120672195,81.5220974975615,82.7338569315578,83.2408296032805,83.9767616982142,78.3756061005825,75.528499101576,82.3320927807834,86.174419949213,83.9128306544845,80.6258279480917,85.9015030510001,84.2506556625431,80.158772409098,83.350765811098,82.8847680772526,88.5206299276373,87.5159925485443,87.5171689729889,80.8454082985128,79.7468613136674,82.481074552122,77.0031842722229,81.6179651186741,80.3871961657695,80.8394240487278,80.9992922741703,83.070303197297,81.4353269398656,88.1462551492737,79.6518181349913,80.8326895473503,82.3503670752647,82.9997326688869,85.8564046395627,81.2393635764703,86.889395299736,72.7063986101302,85.4906393584669
2000-10-01,79.171957940401,78.0366826226292,81.6179802343226,78.2203176871173,78.9968455019327,83.8665623932465,83.8317960319395,81.7135493851819,84.3545392527158,80.4669109199441,82.1610100913008,84.1070559975217,86.2367186414651,81.7470466478711,82.8252613439945,83.1809423845064,83.3719282605252,78.4727696575215,76.0372119569117,82.7254844602272,85.6027516974311,82.7870913726757,80.786518396475,86.3262947927502,84.2973048755467,79.8347990023805,83.0122838511114,82.4594687458754,88.6073475591446,87.2702372389565,88.2152397673922,81.1192767388376,79.3040076594584,82.0476280146614,77.2686713795977,81.4096475515568,79.6405926024211,80.5284955145136,81.0608316178264,82.1029366802114,82.5698393268659,87.7369275913782,78.8862768064341,80.5721125800921,81.5175026499124,84.2020879522117,86.2391368151988,80.9980135895742,86.5469060630503,72.68651840902,85.5543661091514
2000-11-01,78.9231458411637,77.7386261305715,81.530600513444,78.7057581255573,78.8853237105551,83.5702176129614,84.3199024647858,81.9557819043032,84.7720731681138,81.0107072993988,81.5600450629659,84.5850919437721,87.1056891402086,82.0715455572646,82.4128681459429,83.5131445505882,84.2592977864148,78.8096234783092,76.1697738664867,82.8228037393236,86.1039211152546,82.441713445173,80.9656812707323,86.6850317746061,84.7579268239148,78.8592038873922,82.6510543056072,82.4026525201066,88.7331869431752,86.9642594866113,88.4886019645394,81.1459610477212,78.7852843766724,81.6609962478492,77.6335893734089,81.5932182958023,79.170489810264,80.6512877045957,81.2260965153361,81.7869999858269,84.3973856271657,87.4684459286725,78.0081942822016,80.2645789156168,81.2484666158344,84.7618043237602,86.315157393181,81.6048570590619,86.4603050558956,72.5163697829257,86.0024036272044
2000-12-01,78.4461162619531,77.7361586243603,80.8129670740005,78.3361327529366,78.9208437192913,83.3880366780213,84.9345813955407,81.1819523468522,84.8793495676831,81.6790986659945,82.1031105979555,83.6155482659253,87.8996763799726,82.7741099187862,81.8138255739197,83.5543582690677,84.4862223169183,78.9309970928343,76.3841801946705,83.4026520557689,85.9394280173094,82.0349396492169,81.4926150380421,87.0594524064836,84.8830524781104,78.4291082804447,82.3056450416713,82.206696024387,89.2159904189329,87.0510392524319,87.9524267944491,81.2666510235819,78.5330092237268,80.8251045612343,77.9220189725582,81.6677487679327,78.3954612199359,80.6545580320866,81.2846106191611,81.669223792382,84.4959235225554,86.994622220565,78.1820561321475,80.1698104404423,81.3366641919981,85.4375893694755,86.3657970408917,82.0446473826621,86.5035932653575,73.3524536768399,86.135985575724
2001-01-01,79.0797235697798,77.317830750606,79.1639042474681,78.8238101776534,78.8896764056834,83.4771908176389,84.7709432082354,82.0674979804785,85.0575186419446,81.1971711050317,82.2302015740923,83.5078833340901,88.7304966802003,83.1688844008052,81.0987116598883,83.8618211767522,84.4255783020865,79.2643906771806,76.4433140195429,83.2147052485869,86.2231751701927,83.0989873592874,81.9930553376812,87.4205354206134,85.5076341640655,78.1514784392038,81.7865750741397,82.2366621965287,89.8226004923926,87.2785843282651,87.3547600593021,81.5281877935559,78.464250407573,80.6348626228706,77.8790389102232,81.9061994498741,79.0748378120406,80.8720312893581,81.5116885421198,81.9302617566247,83.7817935128789,87.7671697027905,78.9187149277492,80.4150775994292,81.3246684039402,85.8556768485785,86.1754080922568,81.6374029672426,86.3913508868364,73.4356008136051,86.4899212502325
2001-02-01,79.6910690071674,76.9478048389401,79.4111438630638,79.2579426866616,78.8466007959788,84.368034574371,84.6624498324635,81.5708422696657,85.6226398023399,80.7490192130406,82.3132678440324,83.0161083143162,88.5918296737377,82.8594080312558,80.5742474055494,83.9001971519776,83.6892749250002,79.2773031283302,76.6078853144554,83.0234079188224,86.0718547455393,83.7602951812325,81.7855959959781,88.1121864751923,85.9804896285241,78.1058054063305,81.9563505226075,82.049683866041,89.2169741414664,87.1244906319566,87.2160577514456,81.4175319254258,78.2370948248516,80.4502748756818,77.8473124405708,81.9128282614768,79.5151094645938,80.7738025230735,81.2133307890917,82.5219268859089,82.3264983294793,87.8460329738939,79.7033754392203,80.6525433656769,81.6671329219106,85.4276823357079,86.38414070974,81.2200706589161,86.3697365410358,73.6710102638142,85.8904693148481
2001-03-01,81.1228121760029,76.8046633089653,79.1504155160387,79.6162602910703,78.7850317242377,84.4949743554579,85.0603019361836,81.8654446022459,85.6889956859602,80.7338448798748,81.5942346240155,83.1146800875484,88.4941461229433,82.4223112964448,80.4840211806495,84.2004811990511,83.2358227140045,79.022328819159,76.6158376335265,82.5140046523717,86.3832290779697,84.5759330506681,81.2440083091059,87.8280773707126,86.1774201245849,78.4660987321116,81.7147243838192,82.186762934401,88.8349983071953,87.2982697821991,87.6507622001874,81.1412946068891,78.3140130969442,80.6198148014937,77.3540069290131,82.5074777817739,79.7126756812922,80.9446739851339,81.4560731754323,82.6768212397093,81.6440185066427,88.111474252955,79.785563800383,80.5940377306281,81.9593847224243,85.0996542347084,84.7761169424466,80.5827878936342,86.8256904095294,73.7393448484029,85.715865743666
2001-04-01,81.6711412432626,76.9641817856887,79.0123073782888,79.4728667604275,78.7726414059203,84.6694398525464,84.8522370996833,80.0945652305527,86.0566740838076,80.7623523205047,80.3510634197365,82.3197676003024,88.2237107193655,81.9897459736504,80.3205292428286,84.2499839643646,82.9984460405014,78.5146777687024,76.7727833900504,82.3249579428245,86.9347804491444,84.629973985168,80.8997692622572,87.1202458225661,85.9605686606374,79.041975132167,81.7152520444884,81.9727487619207,87.6054653781074,87.5175519719802,87.4381582997944,80.4800182827001,78.311727485884,80.7695849934259,77.2486258957572,83.0366796512735,79.6224317424732,80.8359775648235,81.4440850711499,82.6843022398492,81.3172913995235,88.0688396782093,79.6663092967082,80.4598059900555,81.7641562875123,84.7053232293009,83.8047725987161,80.3199498267595,86.7478328111039,73.636934117595,84.5883287734442
2001-05-01,82.3407202490434,77.5217222570217,78.2527113841705,79.3504547278809,78.8769652249046,84.6978905865147,84.8652733508148,79.2491566888037,85.7282314558105,80.6318186629846,79.766905491899,81.0951716840619,87.6725880000664,81.9802597535485,80.409728551598,84.3016344909113,83.3068613205874,78.0329865600921,76.5512172883463,81.7530175130237,86.6747731616842,83.7310756578262,80.7139239979073,86.7463322600959,85.4766339294933,79.6255349459163,81.8609128068427,81.6787718297371,88.3361089741645,87.4170824607887,86.325357031204,79.9639021967387,77.9399322797717,80.9401376561078,77.0738175104007,82.6543567834123,78.8390433730488,80.8539897500994,81.8481540694341,81.9345607379889,81.6015537863744,88.3055972476581,79.1656938613212,80.3468739017016,81.5718092478875,84.3473780435808,83.3435923243299,79.9438284947975,86.1413424660498,72.9583660529277,85.1907594261663
2001-06-01,81.6881127864167,77.7774385621424,77.5080499191623,79.5244541818102,78.5666718582947,84.5435860549072,84.3547392056046,78.964358101134,84.7645219979919,80.4609330616312,79.2970510896863,81.3300345858609,87.7896426440256,82.1906329879093,80.6870006620592,83.0673960366657,83.026829290933,77.7331672558551,76.5830647594244,81.6731318065563,87.0128515202239,83.0390441418917,80.5480134243054,86.4133420729872,84.6188993081208,79.3724093540452,82.6345779023484,81.2588270033635,88.6051134176962,86.3808908838082,85.5480895712821,79.64817260158,77.8961832565441,81.0384260864653,77.1570972523574,82.2850133129814,79.3182517939645,80.9775489161251,82.0457226390978,81.6412266444012,81.2288943141808,88.69890292076,78.2904309434596,80.2787988574869,81.2263678014915,83.889881087737,84.4723007410825,79.1955270794435,84.8905251280615,73.8727888822114,85.0936195047148
2001-07-01,80.7704916179653,77.3971775862192,78.2665594365798,80.479297625088,78.5575932829713,84.1415115475036,84.3068275497038,79.4877161376272,84.4417586035239,80.4159963794425,78.9919921429419,81.4575980143495,87.3120589514889,83.1088374296737,80.9984178814976,82.3228755267987,82.7918510629637,77.0880595059475,76.6005769569944,81.3836728091581,86.6299510707494,82.0972059284368,80.2028866630999,86.9535057815573,84.4128848740996,78.4748613216742,83.0800332667739,80.6265960553491,88.8868014933953,86.04960035179,84.7409547713413,80.1820318487651,78.1366813116109,81.7204392909469,77.2964441764391,81.8821150273783,79.4524324241443,80.8847358686212,82.0485098363155,80.9629231164729,80.1770793984687,88.7908080792851,78.0710815901776,80.2057814713173,81.3732746027249,84.000068832025,84.6346776613708,78.9217386436652,84.7744285467084,74.9430912137996,84.904266070765
2001-08-01,79.680230479703,77.3341631519659,78.1737956978246,79.6967525422088,78.2207589416627,83.3811301329692,84.0421109496718,79.6686253905517,84.2884328851496,80.3321223028342,78.7445063411923,81.8088070304549,86.971061343376,83.7044395399885,80.4846219434423,82.0465233902613,83.1098137870546,76.3908370240481,77.4054480076252,81.847184064927,86.3773067989487,81.6142553947116,79.607498095997,87.2161255096263,84.16125723963,77.6806091574716,82.4968071966775,80.443165430084,89.0385634466127,86.2663418042179,84.3287672513082,80.5112178574484,78.9532892251683,81.6661465199738,77.0383071352703,81.7526515046668,80.7933067370814,80.8910801951894,81.8524184777968,81.1325795868901,79.5718146111346,89.0091417935289,78.2302140843512,80.0644541847243,80.7655919031203,83.6564354855858,84.2429359125755,78.2905502964662,85.3885700866084,75.8464264628101,84.978269642474
2001-09-01,78.4290874155275,77.19506420991,78.5144562990365,79.2645773703622,78.1562995062228,82.9030887005338,84.3810409379448,80.1917772997536,84.3882700807002,79.5891700532087,78.647967468157,82.067595281996,86.9349968646722,83.9058712162847,80.2690262243373,81.6805378459699,83.0572624924496,75.9484727180032,76.6202098762447,82.2082922183765,85.9373457625724,80.9788890849735,79.1624878641931,87.4500377859872,84.0839056766566,76.7710777744711,81.2480083363829,80.2724951247535,89.2720662757847,87.4359948026807,84.3786683089813,81.0587032312371,77.9300562570235,81.8030393340446,76.7320037337248,81.3500805466393,79.8821755630476,80.5848236929052,81.8404016330755,81.8378345453846,79.6480058869278,88.1959048454682,78.0901140436366,79.5435443980947,80.6419863027535,83.3334691114092,84.7631177265113,78.3177155743071,86.4899035594187,76.0014533089301,85.111049531442
2001-10-01,79.3369282110054,76.9811222317515,77.4819630299626,78.6732442140351,77.9478548806083,82.6663641021834,84.4045030790356,79.40222347449,84.4721788966208,78.7850087292609,78.4989152088647,81.4084022488337,87.2524609981118,83.1539138482361,79.8111021841633,81.6266345778011,82.9218228252397,76.033407308781,76.5456441569498,82.9607593641671,86.0797049168362,81.4978382543826,78.9946632623532,87.7780442605834,83.792958048655,76.9816065600657,80.2427654976993,80.311793051922,88.7979326551124,88.0808236503402,84.257341004988,81.398055110539,77.2741493972227,81.2934994039367,76.3694203577493,81.2671256053098,79.2394552238038,80.6416611815286,81.582164017711,82.9114540582745,80.3416229616368,87.7275583078821,78.4298803259164,79.4892085606944,80.7905345451742,83.0882516956316,85.1951781773835,78.1515440117794,87.0617441592194,75.4519516599892,85.4945596717532
2001-11-01,80.1999043927915,75.8631299300505,76.9127779748502,79.3706717624371,77.8276501151704,82.6633279271035,83.9779323254053,78.8458159074841,84.999336671889,77.8030810598688,78.6987831487354,81.0658261476658,87.0642006107264,82.2740067518678,79.9512695035806,81.2867483576048,82.2816456895372,76.1775404548345,75.7447097813967,82.9981820685496,86.0926253874665,82.0215209537223,79.1301145627451,87.8010193166451,83.2589717901396,77.0321193883452,81.0914302740334,80.1575089497983,88.0620739628562,87.583418235246,84.1590461023342,81.9888021862756,76.7779328340165,81.2363197825469,76.0469086741414,80.7034643384329,78.6011970589889,79.6231143561302,81.3746857402051,82.5942443456688,80.420762724461,87.4527968977091,77.847677221155,79.3153055090711,81.3807776178242,82.768086902082,85.9391453738784,77.7546851068467,87.0417255638852,75.0189603643261,85.7290279677591
2001-12-01,80.7513873771246,75.9084215582415,76.8990725175877,80.3006326500376,77.6008006172275,82.934295027402,83.281395123232,79.0316145847533,85.3313032015493,77.8888136532809,78.7247675447477,80.6924003531854,87.0327792586577,81.673103970921,79.9534344502045,81.3773954476557,82.5557664271613,75.9433726184072,75.7823725432613,82.8604655399759,85.9946114523283,82.6556245710276,78.8446010043029,87.603061877218,83.1679885787297,77.2797261976236,82.1531820553722,80.0776546342437,87.1933627474629,87.2570308726091,84.1679177394208,81.3810240661681,76.9756882048382,81.3305747383807,76.0906708745722,80.4883523638954,78.4710808067496,78.9080595609995,80.4477500430251,82.1586932342195,80.1056993356113,87.6718086112959,77.9052981989222,79.2917645688868,81.6048892532431,82.3888814071439,86.1673881332383,77.3788887473545,86.820164103885,74.2774793042334,85.7124816672692
2002-01-01,80.9876747908632,75.4923600122298,76.7156478056376,80.5963892868122,77.4325774644649,82.7777175135022,82.2610777721407,79.3261838976002,84.8250397291617,78.5533999895798,78.7328310184317,80.7191634574865,86.9508099326571,81.3650812005772,79.9987433920056,81.4204595455082,82.4887982118126,75.9369796602033,75.120280326247,83.0456914682223,85.4468482317739,83.436968901542,78.4784346385215,87.2489639819355,82.8878497965909,77.4239680539881,82.5253666296323,79.5219275501698,85.7289922778476,86.9434225543855,84.0286559739289,80.8390867574592,77.48668317464,81.3161703688147,76.0271678330629,80.154251031347,79.7033247947944,78.2862442675326,80.121935958504,81.3394201984013,79.2224857032548,87.7195092351588,76.8407895904463,79.0921821315593,81.3065869645634,82.1709843244462,86.5801539845599,76.9642031256021,86.4207031122807,74.2192752693049,85.3362744644575
2002-02-01,80.5852396493664,75.5033383621817,77.2408477337171,80.2363974798022,77.4718326198957,82.62211584784,81.9758378279538,79.7692784957598,84.3738301918726,79.0517236421557,78.4187230292841,80.738903797303,87.08897216251,81.354970310876,80.3403705497947,81.6640286049633,82.8377926470911,75.5464550499471,74.8629389363201,83.1200468078207,84.73160619962,83.8336158074154,78.556475282922,86.94002245551,82.6483134749758,77.1814906101272,82.3107278966676,79.0237724987522,85.3172353375506,87.2840779174968,84.512658164762,80.3802157233634,78.3038395561559,81.403447906522,76.2918898292969,80.3855336238613,80.4105915308303,78.5706913281941,80.1302859803701,82.2287463230256,78.9175006104745,87.5725272788444,76.8027131942171,78.7397259458955,80.688892037125,82.8469231135157,87.0967276424488,77.2832922417774,85.3769882530874,73.5619402893466,85.1177656660895
2002-03-01,79.9353537040753,75.1584228136469,77.6173398510181,79.3476148115251,77.4902364785349,82.2911670892274,82.1729538294489,80.261220328639,83.9193619791507,79.5355356700041,78.2397153389221,81.0773606389929,86.8786556378919,81.3023482893206,80.1400224756587,81.9346131538164,82.6605336325872,75.3075006819895,74.5234841355297,83.0122081931438,83.9338977095693,83.6721699482928,78.4958942284378,86.5916718382093,82.2514520000261,76.9731558842213,81.3651786293519,78.3916926179912,85.549098539921,86.8357587747625,84.5249736676309,79.8211125281974,78.5151688091964,81.5871304554133,76.35082428536,80.6756522926188,81.1509041595209,78.4768215887292,80.4038792519956,82.4358502669188,79.1769804394072,87.7466478944397,76.9553735279688,78.585469761556,79.9019354291617,82.7460311684817,87.0969375299098,77.8134934528404,84.4869040114315,72.3582505809201,85.2437114288703
2002-04-01,78.8549185786464,75.3617593160535,77.7004348137483,78.6221573430205,77.4479822520545,82.1836374456973,82.4516640244257,80.1550279137453,83.8291315164408,79.0878199357827,78.2807033319539,81.7919399835062,86.5153430009998,81.4972682952141,80.0282640753618,82.1775330665023,82.5462493134308,76.1183454778976,74.9557849439915,82.5662334829725,83.6184354865765,83.4179839443004,78.7072887250476,86.4797660445863,82.469085436066,75.7102731610296,81.5555999608093,78.0917732884955,86.0418845582094,86.4719698259455,84.321790954267,79.6891975032412,78.338176656264,81.7605229384857,76.5667750594081,81.1241837481894,81.0616665935634,78.6552173066809,80.6711328579185,83.0166510000941,79.1915795610722,88.2702890271616,78.0569436988524,78.3366300538555,80.1216089045232,83.2389644586963,86.3972886343027,78.3610890350356,83.932645532132,71.7316113662955,84.6694550418748
2002-05-01,78.4532772373228,75.1896223696493,77.8609112529295,78.412871460564,76.8291341567415,82.2061486902962,83.2065813740765,79.9752510860317,83.5136237411128,78.8683344767692,78.0362222678681,82.1244796629038,86.0407007503224,80.9289847065429,79.5666649417756,82.4302769859883,82.4199788544847,77.2814270197159,75.2571342857625,82.4108386863542,83.0686065371048,82.6916318502376,78.2613125279441,86.9321493708146,82.729026453942,75.5638058847725,80.9529713037524,77.8612043521987,86.6120237164582,85.9874006538794,84.1716449460792,79.1891839118306,77.9792219423606,81.6585904022446,76.7019425316201,80.5214992363007,81.2795881544048,79.1550900451487,80.8660720747169,82.0734286503904,79.0744130854522,88.9833354529964,78.3997729922373,78.1321089167284,80.078422902813,83.2095812393657,85.2262109040686,78.3051416660545,84.1082448702046,70.9311152761041,84.5674210179641
2002-06-01,78.4187492172885,74.9114770788614,77.5108571540866,78.4141155540663,76.3578051342603,82.3905286362268,83.4392808553137,79.1049747230961,83.5854769406113,78.3898723616363,77.9966450001331,82.3611839930241,86.3850652011883,80.9651842189006,79.4883271559926,82.2774676265539,82.0802498282434,78.4856485253373,75.5594918132511,81.6647375222481,83.6839079550587,82.3808309952952,77.9251573718387,87.0636032707182,83.5315290865854,75.2995580683814,80.6823183980221,78.1676968429193,86.6071868749036,86.1181603878207,84.1163399550757,79.0098490748819,77.1765105658902,81.1193302394262,76.9413221473582,80.0089996024676,81.1865302950399,79.6852498357255,81.1022740062684,81.441953190827,79.1115872681115,89.3236214916449,78.3354772265683,77.5601067041979,80.1070716102753,83.4561550962631,85.4325381807027,78.1385845465671,84.0808977837018,72.0739329807863,84.3219840296262
2002-07-01,78.4058593532359,74.1839046166619,77.3894596365122,79.2999676254881,76.2887118313609,82.2153749636593,83.8641997693024,78.9535397725922,83.5837432835999,78.3038287783484,77.9482193651794,81.9977102188363,86.5961920507608,80.6300346363051,79.3799582170328,82.4192887886902,81.9897474279116,78.3090194081428,75.6602072128928,81.1733857706043,84.5265600895687,82.4544286873804,77.2230074685319,87.0555218319404,83.4031835691101,75.1337251584475,79.839800294188,78.1353395145558,86.1165186654158,86.0002751332113,83.9983926929858,79.0422229053248,76.9956761653144,80.4877182916782,76.5380602590167,79.5469388920893,80.561749260629,80.05336745515,81.1829972270021,81.3449905414706,79.799276851465,89.9271366871801,77.4749058032651,77.6051106361669,79.4096445310302,83.7646110079344,85.4753623730203,77.835161530826,84.1778446596873,72.1224471082838,84.5681539968213
2002-08-01,78.6680327011987,74.7146173028078,77.7096528762844,79.97972924902,76.373840835302,82.3322919563629,84.0097100601347,78.7642737784211,83.8121122876343,78.0673228021898,78.2249405079648,81.8395749765111,86.9043047251816,80.9461142866168,79.2870359166299,82.4925785585425,82.0023999573638,77.0634590024589,75.0978208435849,80.2002181094518,85.494478103764,82.4179721504081,77.5460354125764,87.0518201026453,83.440028799363,74.4951394394359,80.1726226634888,78.2990275681789,86.565541370447,85.9264649363711,83.7549263793112,79.6014955862593,76.8204549786208,80.2228149823985,76.6706608095578,79.2213255718832,80.0726057114748,80.150261893836,81.5431582359698,81.4258780394234,80.3680451185895,90.0657848250131,76.9519598889738,77.5914101099821,78.9129680983761,83.2399603278446,85.4009749031452,77.3133120204975,84.1635254736705,72.6130859834421,84.6986040604643
2002-09-01,78.4728882145565,75.5211965092562,78.4111831334624,80.1031833749495,76.5586960968347,81.8655706526845,83.7947310004258,79.3949426116361,82.4258318592402,78.3788897602719,78.4266664237985,81.7812947825892,87.1313544349495,80.7709064587434,79.1752406609491,82.1748487378664,81.9951939316967,76.1935377985116,74.4290119381659,79.845094581218,85.6328787974302,82.1450222207378,77.7952003710993,87.0112567336328,83.3892387776696,74.1798689743094,80.7483658910329,78.3524532695564,87.1153773426819,85.6929781091459,83.4667186999698,79.7384482636693,77.4959415686215,80.3014810687421,76.8521773305308,79.1741610414404,79.0005464780503,79.8253422529993,81.045314026547,80.981283382787,80.3767068854351,90.3494404494341,76.1353170770603,77.9879108022381,77.9105400947601,83.0485997866688,84.8776334829998,77.335683158462,84.4034868596968,72.792352892783,84.9183401279481
2002-10-01,79.038089594708,76.5359278128519,78.8050735998905,79.5337807364329,76.6238644240349,81.6103635587331,83.0349233539062,79.4195312547686,81.6788625931625,78.8067377017934,78.5779931906363,81.9392142421034,86.6857143535969,80.980648005405,79.0933354205594,81.7714492841698,82.5651085869172,75.9726915009828,73.5383130353201,80.1538390944698,84.9931984530973,82.4581180007093,78.0534172396832,87.1496976605881,83.0818106703729,75.0513477586487,81.3524437420918,78.1316704384829,87.4996856558453,85.7223499437077,83.3019046291215,79.9036908662097,78.6694053302931,80.9883758018129,77.3301022643216,79.8955447911852,78.6886853141038,79.527668987396,80.5471931900481,80.71617239088,79.5052637260244,90.4195473498703,77.1845753318624,78.3923164748512,78.4396236254365,82.5645744020405,84.102357116942,77.2176405921098,84.3073380196975,72.6438291986562,84.89379933916
2002-11-01,78.7771068184111,76.1778946713613,78.841798667206,79.33098543798,76.6468057754387,81.1821324224284,82.635905472787,79.4469880496548,80.7112222499395,78.5652866983664,78.151417588364,82.0658919303578,86.3176248553135,80.319505033186,78.5152613880601,81.3187006847787,82.8764474711415,75.2453071506875,73.4061857122905,80.5521852921388,83.8992137019992,82.3811185376611,77.6932836879448,87.226200472104,82.7788048227341,75.7967561511245,82.6361227487938,78.1493104352249,87.6899853193383,85.6819872277586,83.1736448058966,79.5823573085115,78.5877970935705,81.2792821819977,76.6955090845196,80.4087851617629,78.1785540277513,79.1572341792514,79.8074643713429,80.6179747829654,79.0760936385748,90.164105342127,77.6990500313253,78.4516247489691,78.5566642346167,82.2293322623249,83.5618294071054,77.411925656407,84.1052582099821,72.7389439094546,84.4182302000982
2002-12-01,78.072807916441,76.1020561592567,78.764504228744,79.4863377701673,76.6231486321425,80.8142799300492,82.3171671163766,78.8977119271697,80.7339531362329,78.4423592647257,78.2336397957086,81.7540153956642,86.1504305350515,81.2925167365916,78.1552716804646,80.9334392381255,82.9481135169875,75.4418534096333,73.5847338724777,81.0019163367808,83.2767315969849,82.1518783355751,77.2150338419911,87.2528647847074,82.111532304777,77.0316878608934,82.7928554949708,77.9657522177885,87.7935929840009,86.0321898391808,83.2455842700948,79.2788633018035,78.023240566785,81.0151808540191,76.3779119934881,80.922822799154,77.6592882673641,79.3126103597724,79.5522227105559,80.6541058114483,79.0025459719106,89.2092180319702,77.7680600334354,78.0693538414356,79.1969490407073,82.0809626738412,83.7449637916161,77.0011971147205,84.0616152777218,72.890348737926,83.7122693572844
2003-01-01,79.2013941696538,76.5360714409973,78.0202416280192,79.1256321457839,76.5577480526338,81.0950571309993,82.4581661532146,78.0395649291169,80.5222157386169,78.2264643837229,78.4518159888382,81.6197002583449,86.0793328495079,81.9776209434533,78.0136240247096,80.8900587640703,82.689533707155,74.6701464020474,74.5392995447619,81.3395036163273,82.7606310578121,81.3559204556927,76.8012742619537,87.2886818729526,82.6718156474094,76.3596130293625,81.6056294196183,78.3786322871829,86.9657151562878,86.3159502115819,83.6170892101261,79.284022672444,76.9924549150638,80.567711789339,76.0290437854154,80.8816428118322,77.5268826591529,79.2172345644444,78.899030174999,80.9456387341834,78.6815843433956,88.9233821456433,77.4230346477217,77.6088291437923,80.0530108755999,82.2769010274132,83.8402068327973,77.3322656994177,83.9625967772129,72.6457012137354,83.5943775222484
2003-02-01,80.3995295466924,77.4492450523181,77.4411274694731,78.5572006130268,76.4219297870317,81.2246717558046,82.4858579700687,77.8133980177308,80.7217745854179,78.3575373361894,79.4062684294334,81.5905051197564,85.5447820992163,83.1749631678404,77.5367012443733,81.1044531023993,82.6568733835353,74.8477107794928,75.269395546355,81.5505743627316,82.1957370016548,80.8220739865607,76.9172774890639,87.306188884152,82.7375297675276,75.2370292001799,80.1431255917132,78.5451232636405,85.789061646735,86.1960988500711,84.5835287611166,79.7410366414266,76.6414164683143,80.5297690389581,76.284982526454,80.4812849965219,77.0787939703748,79.0350652115061,78.9214453293502,81.1977341789204,78.694493753006,88.6391008533866,77.0155852635926,77.4772884164919,80.5114088865261,82.0855555100297,83.5225354052538,77.3616508559598,84.3870327249403,72.1655562766191,83.4760216323535
2003-03-01,81.5560767862078,78.1018434892654,76.5872428131804,78.2082409842981,76.7119839159142,81.4024238146324,82.3708649869889,77.5719232128449,80.7407770636567,78.595369080889,79.8456535959809,81.7051180747503,84.7622557065652,83.1169471220157,77.7247789631234,80.8584256799321,82.3705778773023,75.0474741134021,75.6134526363868,81.0089219996237,82.4736878504808,80.3755515394976,76.6733920671134,86.8371394755495,82.8432536850747,74.0970299951524,79.584955576868,78.8315817553379,84.7380707568954,86.0076388209998,85.1865457211873,79.9590210657811,76.2568668217244,80.2304207851925,76.4922315489413,80.1202237085274,76.9399368792565,78.7215968169925,78.7068136528534,80.890050899292,78.1384500122839,88.2212245236538,76.9180346665724,77.1359087091075,79.9914644405254,82.0171318410993,83.0527640438118,77.564940643426,84.7006343087406,71.9207279576386,84.7448885955698
2003-04-01,81.2064436016884,77.5337160995672,76.074568922417,78.2439181841878,77.014647796246,81.3353796078868,81.667188132826,77.6487096692372,80.3164809073317,78.3752488001756,80.0613082920944,81.6160517924791,84.1314350836571,82.3926724334328,77.7048609830499,81.1581899044321,82.0696507750968,75.6623370444726,75.305895051298,81.1491680852317,83.0313321100254,81.2322003823169,76.605474584831,86.4247483023579,82.8727231888167,73.7718734302835,80.6039835978533,78.5874930700454,84.252111779268,86.0672909036115,84.5969717791447,80.3340338985801,76.5913670933619,79.9782400377471,76.8898600907186,80.1284163472053,77.4024729321009,78.1726152459451,78.7809041987575,80.6073072193462,78.3944398864907,87.9820393291637,76.5654184016669,77.6598301210059,79.5483562184461,82.305305695466,83.1128972837348,76.9541574091605,84.8572180621034,71.757205378105,85.4989548069453
2003-05-01,80.6251136134204,77.077952013212,75.6919562810856,78.6657898499362,76.9957700150983,80.9295597328116,81.437708398207,78.4172771166191,81.6874642054614,78.4157544251582,79.5835250964182,81.8077951351316,83.4305974025251,82.0731058564512,78.4794419163172,81.4363849611003,81.9041800022572,75.8364383915994,75.1204157042525,80.8005512690135,83.4840087161344,81.7761987000499,76.2270688921256,85.9039620303016,83.0602928549134,73.8004965866513,81.2805773366515,78.2526539220359,84.2984409337761,86.3024155883954,84.0300792599427,80.3653285702096,77.2447172848307,79.9785980729891,76.8583581498185,79.9308889963152,78.1914334790337,77.4904450437487,78.7681153567085,80.5328500491942,77.8103633870362,87.6144832830877,76.3264125950111,77.6483173262884,79.487772182096,82.3543515852672,83.3126134101856,76.9717016392787,84.8089561828102,71.3742137446625,86.0148296092277
2003-06-01,80.2884084086983,77.1053608142341,75.5262457498953,78.8569041727526,76.4869230484122,80.7052203292093,81.5998182156675,78.8521621575319,82.7989613630027,78.2680734835833,79.2854536340262,81.7461692032769,84.5341904572588,81.4345968589644,78.7286055735135,82.0691120780052,82.3192302048606,76.066105011595,74.7130472096444,81.2584188101626,83.4501756522426,82.1018560579241,76.2098042665845,85.9741711374632,83.8332528269506,74.499231383938,81.5906199982723,77.8800087816416,84.4357358878877,85.9914757377787,83.6215882462657,80.1985551126161,77.0761252716586,80.7067659075954,77.0922818485662,80.0367328911143,78.774915202758,77.2532009491776,78.8625217109636,81.0425446401145,78.0437026704668,88.0350136697838,76.1202693785998,78.1428959958649,79.7602020129493,82.1112605428285,83.9596719448573,76.8503981185366,84.4884379734132,71.2609601640635,85.8407482607595
2003-07-01,80.1724720287449,77.2773703894351,75.7110970074339,78.6158514920396,76.0485546327212,80.5525645936847,81.3387023270363,79.7271571364107,83.6794697282319,78.6356630876182,78.6413981420675,81.6076343109492,84.9810643369064,81.0621490068534,79.2519293352052,82.6879916685047,82.8701624526537,75.9962290153692,73.6938640108548,81.282007588404,83.1147825466624,82.0236943376161,76.4399246118619,86.1378305344441,83.9410815832237,74.9519167359287,81.055841671441,78.0398956126067,85.1426676610811,85.616187949272,83.8648078199774,79.7470784027569,77.1517994261582,81.1455037223408,76.4047387698327,79.8979401932638,78.4798392367343,78.0038976702931,79.1040609123748,81.1564945816325,78.3228097440481,87.7255048776975,75.9669807290865,77.9250607671481,79.9418518631949,81.9213015875343,84.0444925195088,77.0797345808505,84.3487303236311,71.0201000289296,85.5071050320544
2003-08-01,79.8815237429087,76.9140450707398,76.1448878820287,78.5321106338911,75.6868951242402,81.3668861832707,81.2833979520698,79.8067142988042,83.7523546217816,78.7997902997351,78.7357213055141,80.9353732017085,85.5595965162156,80.5464143026626,79.1289256491297,83.1364646486668,83.0970350948581,76.0032364411993,72.7826156305194,81.3355616599087,83.1703589021078,81.862696048616,77.0186085988986,86.2872068615021,82.9965557020992,75.5352461713776,80.7711474163952,77.6319771272733,85.8957544650551,85.3761601103177,83.7130884778301,79.3083329856759,76.1145376041605,80.9723589155826,76.0209659034355,79.9704536255158,77.5175401669922,79.2888880972169,79.9757896424405,80.9408801094688,79.6151900065469,88.0401752558118,75.632777426703,78.0585089274907,80.7895675095142,82.3307239099019,84.3404981218634,77.4770791629194,83.7460049383575,70.6812016739454,85.3575137031108
2003-09-01,79.9292510064226,76.6663307317919,76.2953244116997,78.3857014532419,75.5029753749407,81.9354093959479,80.5599996503482,79.9299878694059,82.5470740346821,79.4594479041444,79.295441045015,80.9985637203267,85.350412883275,80.9413390032617,78.7040218455407,82.2374226666298,81.9574475130165,76.2021273136068,72.4994508986772,81.1652379373295,82.9816784981079,81.6835930208556,76.880311832099,85.9869189011122,82.3972602388924,75.6572085610488,80.8396605953711,77.9698818427238,86.1898721285992,85.3839876646245,83.58893555513,79.1106555679385,75.4445639564007,80.5400072752831,75.4059292488492,79.738227972065,77.3821228511602,79.5769299753854,79.4099245320192,80.4284474773747,80.1399682504937,87.922509520425,75.6605436869059,77.8381550209565,81.3646553661842,82.0768301250962,84.3329587107361,77.5943844018924,83.5193453449489,70.7820967550959,85.2569695676032
2003-10-01,79.6968444914836,76.6296799857874,75.7643033643172,78.510983386073,75.5103095430801,82.6761998571681,80.681158987407,79.5528234411678,82.2580357820916,79.6738268712798,79.6949951335229,80.9133126292949,85.3316648687044,81.3000704554096,78.6031773313538,82.2512428818494,80.8881695471839,76.2975037119029,73.4833947418713,81.1158606129826,82.9536887608135,81.6213570802767,76.5811817238311,85.807479337522,82.1924672714545,75.4407418603264,80.9744366416905,77.7889477525329,85.9589089024205,85.5487345724406,83.5145585363592,79.1367833947362,74.852281201974,79.9330004044081,75.3424427262334,79.6345627866949,77.8784923843839,79.6429195039385,79.2358099450176,80.2813280201181,79.5377445575645,88.7151040385692,76.2979707218129,77.5951459248828,81.5501819687489,81.8906625571721,85.0092256485485,77.6358637498477,83.5443313207851,70.9408224445791,85.2628194964771
2003-11-01,79.8094423966002,76.6731498536623,75.4162905383375,78.5022263602733,75.6436615236014,82.1510699716795,80.505908842398,79.3857419073362,81.8670134725377,79.8127935658775,80.2200983427886,81.3836789830938,85.4911019345262,82.0633440850024,78.4264005638386,82.1834336498214,80.3169677541227,75.5969566546593,73.902588258996,81.1345338477603,82.7520326668756,81.6028232835967,76.3344144921207,85.2759846339109,82.3098213836989,75.5814216562638,80.8858796276374,78.7243463474799,86.1188031850384,85.6563050600719,83.615020998305,79.2131066700212,74.9571012497293,80.2501868973951,75.6126499634632,79.5630029833667,78.1892726255676,79.2207565327353,79.2133465575149,80.2181996499462,78.5292083261925,88.9757902593096,76.5836762047381,77.5063552773704,79.9194157325908,81.4756637873441,85.0895210410842,77.4944606978409,83.7944388096108,71.2739074333966,85.0007713373011
2003-12-01,78.8114882444189,76.4393994507314,75.6078114015975,78.3060721619844,75.7896703232602,81.7300607666768,81.1985345725572,77.9768790306839,81.6087087362057,79.6233659195744,80.0620829978811,82.7140782263652,85.3601241299353,82.3397895029033,78.6896091889761,82.3056978410979,80.5987398877608,75.9578034523657,74.3170854028093,81.031266526703,82.9722614965087,81.4149167672982,76.470595842255,84.8674438318223,82.1700822745408,75.6659376095214,80.2041586689349,79.7534187309733,86.5491265559168,85.840035165303,83.6842627819461,79.2421238305655,75.0942716596131,80.7855039640372,75.8367367788439,79.5632687403951,77.4554984564788,79.1059566748869,79.7194171795581,80.5972683721668,77.9230963638686,88.8942479989052,76.3473878957542,77.4597139821666,79.1592811956858,81.159616091683,84.740716217309,77.5883631439254,83.9549254810819,72.1519207278912,84.8875753464259
2004-01-01,78.487228817283,76.2527443858688,75.9405346844618,77.9719831722654,76.0976316380441,81.152722723475,81.3019664345044,77.0656917627397,81.7444868482416,79.6502125457435,80.1629490286568,82.527730444759,85.2697847249924,81.8329293285116,78.7796543357339,81.908963151185,81.2059805291946,76.5136461164088,73.5227742143208,80.8907749204584,82.8676694806444,81.1570906081963,76.8658350105895,84.4392617163115,82.3168093274182,76.4577489197989,80.0885228278769,79.9271245107756,87.3459372082575,86.5274014958092,83.6602253397194,78.8221191434309,75.4413811538172,81.3088557796223,75.9676547619028,79.3420574661171,77.1312874816839,78.9655128135747,80.0581867661508,80.710165451724,78.0772766843489,88.8044798981664,77.1322406378955,77.5746623103611,78.9322591836576,80.8003261018926,84.1277586452259,77.5877483972878,83.8225390920441,71.8696776580407,84.361590586017
2004-02-01,77.9034558844527,76.5169794613332,76.260239161039,77.821639683023,76.2951560596312,81.1298432712993,81.2336188283636,76.5621424215469,81.552704591416,79.5817632452845,79.9613552356939,81.9829066775565,85.1750130268896,80.7144685071585,78.9588054498456,81.1800626423676,81.4362989317169,76.7774999100893,73.2867544503207,81.0009220402299,82.8068898646296,80.4991212085851,76.6843817467177,84.1001097614868,82.3313632179658,76.7047073479749,81.0106096519877,79.45719149545,87.8802499080192,86.7296289648134,83.1278633507836,79.2740343451099,74.881139936105,81.4584394786924,75.7006612047447,79.3301495405862,77.0193543999639,78.7019026422477,80.015026325325,81.3093451357554,78.4362345905639,88.7266462923929,77.4210782723603,77.7259367653819,79.4719904803991,80.4796024613821,83.31680183838,77.8698277669688,83.8140805234625,71.7939034324751,83.9632720583373
2004-03-01,78.0810961798009,77.1791554300838,76.269468205539,78.148214525551,76.3338082470031,81.5888258863694,80.7891738709248,76.762325343439,81.3080786750966,79.4489241673193,79.9595699698718,81.1440950742582,85.0053477911548,80.2614418924562,79.1948456142838,80.1660860148899,82.0834929287396,76.639964473689,72.8830997287396,81.2861736612954,82.7863049046767,79.8163632632316,76.7589762668866,84.0808755216972,82.6396678893126,77.849884422344,81.3200473979685,79.1373801077257,88.3186436084586,87.1147744918942,82.9472359094104,79.733839412764,74.0249084747673,81.41374158937,76.0419564142014,79.0096353038543,77.2686476720096,78.2273576942308,79.8602934241351,80.1498666117043,78.2857998021099,88.5363494044859,77.4531142612213,77.2960921622026,79.5698854442116,79.6583958610605,83.6131714092468,77.9787105632735,84.3537108117575,71.0710554886556,83.9961381808501
2004-04-01,77.9126761466608,77.2345417136018,76.865961286752,78.2272590373604,76.4508356424438,82.0545716804673,80.1200201310418,76.8723885349838,80.6134995583285,79.302075708593,79.6195895201186,80.9843422380518,85.521844265234,80.5341892922094,79.1809984067123,80.2212039420281,83.03602106326,76.2592059303861,72.6366825839075,81.6729369350493,82.6373308779521,80.4124036860268,76.7164906498314,83.9683395569145,82.6646406370581,77.8377190820257,80.8368495855311,79.0669129134244,87.8942235963688,87.0442991248656,82.7134579243694,80.3708869158474,74.3619511559031,81.1842380320026,76.0042786136879,78.8388811177837,77.1261607632592,78.3548670386584,79.7428367583403,79.6489367781806,78.2808183492573,88.4756113404614,76.3918745921957,77.3846348008075,79.8495864976944,79.8223295037177,83.7762683944001,78.3544109047649,84.8721547682284,70.5831798638849,84.0989227713705
2004-05-01,78.0335388323868,77.1080065565293,77.0864948690234,78.3284478392067,76.683671589134,82.6407160163358,80.5050397420124,76.9181697963791,80.8320005061364,79.5506151430094,79.294697988131,81.3831590066979,85.4519754261499,81.0510501438093,79.0011421852745,79.9519508548002,83.5378715266723,76.1746282633427,72.0891394996742,81.7112563262588,82.3630646144993,81.0595730472877,77.221359317703,84.2854438264936,82.38602151973,76.5533161749267,79.4369867495158,79.2450308491799,87.4586596788222,87.1527925504196,83.0357638092587,80.2061022941065,75.5968329579177,80.6254346037326,76.3389775902202,78.3540264794169,76.6115453868203,77.6450921369486,79.8067300745655,78.978380187236,78.9538448682272,87.8670435960627,75.7928193745427,77.2396716099098,79.970560888756,79.8444255078958,84.0888416696048,78.4048005561038,85.8039861720404,70.457117824233,84.213373751819
2004-06-01,77.7058581926099,77.2766617892291,76.5291069148795,77.9888629998389,76.9411226232144,82.568391234037,80.9526107147982,77.1434178754166,80.92009840462,80.0201052589489,79.3221308449227,81.6647384169724,85.9302999422229,81.3821586006282,78.9336560463535,80.2615138635611,83.8244308528105,76.1153927560237,72.5848598188453,81.3688367798863,82.6124547500097,81.4451849774352,77.7160069160728,84.4452083459185,81.8359787049815,75.4985361461288,80.2232057204911,79.013411844066,86.9648687757698,87.4109427152124,83.4180394867965,80.0180669568643,76.5017662740752,80.1066386891592,76.5717948701921,78.6914972091424,76.0815899390757,77.6103821345283,79.6345247042436,79.0569963282432,79.3509083798795,87.1873713241262,76.7290942728364,77.5987160037099,79.8943714968067,80.4521567448768,83.9271914268142,79.0519606338699,85.5285625152186,70.1902831297927,84.5075419147797
2004-07-01,77.8519364748515,76.2250674719877,76.021375280782,78.2199163375979,77.1517272228496,82.6447837296816,81.0707891888339,76.8070980758339,80.7326629568381,80.4925565587821,78.647948974355,82.8574406713024,84.7260067330094,81.4782485247507,79.088815625745,80.142156735414,84.0864688659261,75.9759370385571,72.7490785627971,81.1248371138261,82.489703224046,81.4201996675933,77.7739876350004,84.5302823010711,81.085326919403,75.4136273058204,81.642313750874,78.8228651699536,85.638417032179,87.4394677674906,83.922260033732,80.0092589194098,77.6192826713639,79.8232015222355,77.0535775216214,79.3654549580678,76.3935476911975,77.9940093543543,79.4132549641017,79.0314566348395,79.1092674607346,86.1405656410678,77.8340324246546,77.8505278752503,80.096318812913,80.2921803379499,84.5855271816083,79.6358023750959,84.9625280093246,70.5127767328798,85.0698698114743
2004-08-01,78.3223436073372,75.903653251253,75.9278007450522,77.4102994374672,77.2667536385995,82.6575398042739,80.9801163750811,77.0757717536626,80.705371349639,80.2382967748254,78.1512937079058,83.5408638949899,84.2892377977242,81.7341673493764,79.3658835130959,80.6129951596075,83.7400550321253,75.1928168356616,75.1004915262066,80.7500949551434,82.2738685516595,81.3789012336061,78.0709311818057,84.6807803361613,80.5571537811949,75.4428182863015,83.071379819523,78.5780461114642,86.1027491479426,87.3843379734848,84.6153232511917,79.867110726876,77.724172016497,80.2321808500788,77.2357842965655,79.6819580672429,76.891560921283,77.9284598851107,79.2882075578038,78.8545704701416,78.5676384879564,85.9177264577431,78.3200524176308,78.0410245299808,80.2813232237062,80.4159204671962,84.8814555242594,80.3803632370426,84.6046687238846,70.4999507052374,85.2086517494353
2004-09-01,78.573321153639,75.0973757237992,76.6375956534814,76.7615936954302,77.2375420460058,82.8342211658171,81.0281769104248,76.9868275866806,80.1612411499972,79.7397332003696,77.6082956392089,83.7017709549705,83.8835711605292,81.297278389788,79.8732932764269,79.4193422600604,83.378618287288,74.7601219829587,76.676223175606,80.6689948131645,81.945566449537,80.7845052734306,77.7986044211322,84.7417321564258,80.4470902480836,75.2964152750747,83.2414429362722,78.8511059345465,86.5773362498264,87.3634971288485,85.2163249656434,79.6566083589293,76.7808348249923,80.587080540522,77.4875567191035,79.7693476296643,76.7097174077995,78.1104106873986,79.3297924477693,78.7105724189166,78.4667292940071,85.6084509415544,77.2545669593689,78.5603933892777,81.0876601104544,80.1221840063271,85.3408072548925,80.6554463905411,84.0326316118083,70.9795883932858,85.1033435459936
2004-10-01,78.7484752546326,75.5023911138609,77.286475321168,76.0999953074027,77.1958699812628,83.141400081766,80.9177860848738,77.3083488228202,80.1750969400255,79.3918105261742,78.3566455733648,83.3365682830882,84.0562986544268,80.763213537932,80.0824488638553,79.3739644484935,82.628952915152,74.0607022885276,78.3438495492265,80.8716698535997,81.5142039987999,80.4496144134413,77.9804771929429,84.6446190256214,80.4770234427045,75.1066823376445,81.9019198180503,79.23271572215,87.5185240227466,87.0031615236695,85.6359973836429,79.3910942513728,75.8911305757037,80.4941333760421,77.4224677247776,79.0156434152286,76.5372608248876,77.891667242687,79.7021483536932,78.7582115995138,78.0826402827424,85.8749110960079,76.2796995645695,78.3608985185931,81.9013773905319,80.6799324625944,84.9493518448105,80.435942135512,83.4273399174611,71.5753234636728,84.3090130556907
2004-11-01,78.1031717598986,75.9451728670902,78.0770977617673,76.7367585980589,76.9513804756114,83.3853926424478,81.1413094925607,78.0732385618562,80.4039841450607,79.9782292690105,78.4307235741621,83.3317821715614,84.2072771274608,79.8514614274818,80.3436155630384,79.3535763934423,82.1401394407325,74.2432029533168,76.4947058284698,80.7974547286407,82.0371059119039,79.8121589796717,77.5336303838185,84.563471010809,80.4903254789435,74.9396090829657,81.494244883615,79.9884372650919,87.5216542544473,86.9240311415667,85.6719526765565,79.6769475077035,74.9744733138747,80.4292377275717,77.786567273223,78.4398651250556,77.0616332368175,78.1759527788703,80.526137180985,79.1796193359046,78.0609603150828,86.0483040766516,75.9070683250381,78.2977907012587,82.1414500458962,80.668187095002,84.778088171429,79.6400300664358,82.9783740189999,71.5153968155931,83.5073636651954
2004-12-01,78.0702231055224,76.0248948347986,78.1889310872076,77.2396731968788,76.561561303967,83.0774147490007,80.8642366273805,78.6850562245966,80.0246990283424,80.4348262278816,78.6842398704117,83.9419923470556,84.7382800135992,80.0027829640275,80.260209853911,79.6446089583455,81.915222864107,74.0688985599126,75.2782676225531,80.352563103842,81.9863203979191,79.7175638324003,77.1898146991142,84.6912751755117,80.8575957350841,75.3041188817916,81.861857437631,80.0899611639106,87.5158227363863,86.6400098303004,85.6968541027438,80.3550205193551,73.9773637098388,81.0268662205006,77.7800946551237,78.2678782444397,78.4495899619666,78.2187788181117,80.7263805049054,79.1116045675779,77.8834155655494,86.8304042133574,75.0656006841594,78.1449693202562,81.6459575449487,80.9779729519154,84.4802283845842,79.1070674630114,83.6867092452397,71.4417582758384,83.8596252465161
2005-01-01,77.9533611680557,76.0161407826889,78.6606037564641,78.2387923055522,76.2552442211782,82.6740772690952,80.9198951530228,79.5630842565006,79.8117822469192,80.4696801937089,78.3038768945144,84.433051553947,84.7024017361188,80.7916349383015,80.1772951164456,79.5040199233233,82.0920317536521,75.5342953303861,74.5075599988009,79.4380214120547,82.4999132505291,79.6433451764133,77.1247878482582,85.4689376556784,80.8269399042888,75.6942105883984,82.6397985782573,80.0230075904703,87.4217929603722,86.3924333609529,85.7338930675872,81.0528091999486,75.0401049861542,81.1864272339363,77.5225676286854,78.3857361477497,79.813598596042,77.9619818340609,80.5136861455021,78.9295560318747,77.9778286254315,87.6411570663341,74.699295887312,78.5323896335598,81.2040776290183,81.0951801503822,84.5965297633238,78.6823063989135,83.949240406254,70.8603707836748,84.7421688062623
2005-02-01,79.0781774288009,75.3876538565222,79.0413337919707,78.7421517378781,76.1962286829932,82.3669948748534,80.3237285668335,79.6804537870443,79.9299853331087,80.1784073336253,78.4110207107053,84.7608778526259,84.756921902134,81.7748533554107,79.9499170406887,79.3614835933475,82.0167990141711,75.7838598202787,75.075475477822,78.9837579587079,81.387599994541,79.7538937684296,77.6056360042817,85.8096195635591,80.7585045848239,76.1631583750351,83.1599856608961,79.4776240271162,87.705881793241,86.3757583289574,85.5464248182611,81.2431870041705,75.1921477402608,81.1451771303154,77.3437124586739,78.7152893100637,81.4149027607522,78.0944511392324,80.3134754879993,79.2116534185224,78.0337101648271,88.0743972994348,74.5871479003162,78.7794156467106,80.7035598544517,81.2763682058622,84.7014318855251,79.0399317524853,84.0181775336976,70.5791717776096,85.3312495542023
2005-03-01,80.2273490059885,75.9409085802136,79.0726657389249,79.2838597991059,76.2507880311476,82.2345405196345,80.2182756858533,79.9894931043901,80.2941552706499,79.9767219885992,78.8342057753703,84.7736746569314,84.5519028446452,82.2418663778904,79.7491487362315,79.0480763267311,82.2358141545324,76.1595486546805,76.1630907319157,78.8039898160242,81.0239395034492,79.416796353273,78.4783189705285,85.8832127794095,80.1628675657818,76.6118129685397,83.6363293522464,79.6856452704282,87.8510662832035,86.5618537912691,85.603778766126,81.4316971794582,76.0174460565861,81.1167380118536,76.7874331603686,78.944596821822,80.9395461891598,78.3398614947985,79.7775007496204,79.5127848038324,78.0667510846423,87.4052554418389,75.0881790337797,78.9403291449247,80.36955961662,81.4296175620306,85.5821271657081,79.1025178550305,83.9626222641607,71.1272516672166,85.4824665125975
2005-04-01,80.712595342266,76.2312372648568,78.9640324035796,78.7215293491411,76.1874302899923,82.1440064151907,79.7573017235987,79.8490265143799,80.3997081089661,80.1929499608601,79.2350107322914,84.5427337361876,85.5964783154486,82.643682559133,79.3999696315039,79.8488994680974,82.0041052922668,75.4609432139656,77.0361181132885,79.5971524194122,80.2593816247961,79.7206824272927,78.785095174686,86.2311448898272,80.0985127306857,76.5519357704901,83.9164767715198,79.3860670399288,87.716049040984,86.6701924713022,85.9493517716388,81.3682856049662,76.3184685780159,81.0118164670367,76.6294571595925,79.8793392630275,79.6390737640655,78.9522054143898,79.2207055463074,80.0330725149726,77.7530165225693,85.8836284975684,76.1401086149809,78.9839924845386,80.3027105905977,81.205479506789,86.1251159312055,79.3388886341431,84.369482921156,71.6552168466216,85.3549316330313
2005-05-01,80.9278614522363,76.9347541541562,79.2573415463268,78.3674778906865,76.1999374546791,82.2051540635583,79.6443891482039,79.2728578827973,80.2732991816183,80.389828423332,79.7209766978178,83.6358039412014,85.9823863872871,82.3813721053662,79.0791565134568,80.5176661906573,81.7216133889429,74.8595713173866,77.9068828548617,80.1855705094286,80.4986221337412,80.0028559036071,78.6968101378854,86.5202749754175,80.0187410464135,76.1359528597417,83.3884239231752,79.4970099060265,87.3691017592917,86.5449664283355,86.2765648030348,81.5836223506454,76.2562460968732,80.690966446488,76.2881163217936,80.5778467775377,77.3674220073633,79.0285155027365,79.5132074085803,80.3754952586021,77.1795074583595,84.4412581831924,76.1417803589544,79.1736352138489,80.2409969300402,81.6622129936324,86.6008302861463,79.3793098497152,84.8222058799935,72.7245299369592,85.2410541197101
2005-06-01,80.485263721733,77.3571098175668,79.5913286615401,78.2660277938605,76.3091480063764,82.4122834433385,78.9625030063319,77.8918281902984,80.0368956334118,80.6465902827799,79.6135212909551,83.2411197479599,86.8837220872118,82.5554980699093,78.590966285717,80.434606823843,80.8267878903389,74.5695786961077,78.9386994578971,80.2169527513948,81.1498205240927,80.4346869762597,78.4499373676304,87.4892770803134,80.1277224065161,76.0780260979707,83.4414786169699,78.919837576102,87.657082681018,86.2490414262053,85.9084193475028,81.6456669816779,76.419977680195,79.9562954829886,76.9191909142624,80.6367171583841,77.0533427109053,79.034760936691,79.8572597403447,79.7292113139283,77.0120209428886,84.2289970176585,76.1237606141638,79.1107286319043,80.4221690922251,81.7689627003599,85.7690099938188,79.5277706814511,85.4682071151872,72.8886539735596,85.3789471176559
2005-07-01,79.9139852091053,77.8433349486631,80.3140084607773,77.7408726341139,76.5178492280996,81.8984024634992,78.8598598977213,77.6014659699313,79.9286381029464,80.8503419645431,79.5248573898364,82.8525822152311,86.1177932998227,82.1315644347361,77.9338055088328,80.5501644507232,81.3192260933274,74.7547853962315,77.394876129413,80.1474634263655,81.5464235322874,80.7524989887236,78.1573793494178,86.8477095067375,80.38119207463,76.996703741284,83.561063276238,78.5395573295215,87.7183299299549,86.4732555262204,85.146898513188,81.8429731757675,76.039214423096,78.8172865213183,77.1020508969773,80.5760303859835,77.226140617908,78.8365801864387,80.5024617021083,79.4770340002178,77.1511381319596,85.1180029908906,76.0079556806989,79.1474840224684,80.869712017012,82.1522817377516,84.8236013713549,79.2604395286032,85.4310389415772,72.7954099852991,85.4927747619997
2005-08-01,79.1905448393539,78.2731757594436,80.0872757174051,77.7939932365552,76.9182662479384,81.7837343116633,79.7230070047929,78.4311529164907,80.8560597447422,81.0702542800606,79.2084292903361,82.9016981647681,85.6791474976366,81.8249226378637,78.3038646416017,80.4927895526541,81.4772705213215,75.4425774349892,76.1831693833103,80.0054277507099,82.0210838028931,81.3219611801358,78.369391517544,85.6847234645247,80.636614903292,77.2740184707297,83.702329857527,78.3442970583917,87.9607485190798,86.2748988960328,85.0150740407821,81.3761911522524,76.4241569884792,78.1866576084231,77.5944789428562,80.4709273003354,78.5673838399304,78.6418468189099,80.7531074600513,80.0943782435945,77.388003206075,85.8642835214998,76.2917289601151,78.8456859818205,81.1351058288069,82.446860705286,83.7619730808546,79.0064920592288,85.4986490518034,72.6468412499984,84.4572730007963
2005-09-01,78.7588337517044,78.7650410589067,79.7609895091106,77.7922668460469,77.1634827589794,81.8603634355518,80.755776413072,78.5243630010422,81.9507329729553,81.2573148806129,78.7004296470905,82.5568623953077,85.3972881498304,81.6198487736116,78.4063177563065,80.5751554993588,82.5808216104139,75.8009513823319,75.2155111938044,79.9377880490104,82.6045863500174,81.6860837025615,78.3104962851276,84.3033941642663,81.0365113067759,77.1641989986004,83.8439317679531,78.7896252241784,87.4281842015525,86.116525488793,84.5329010015323,81.1823508410866,76.7678686358679,78.6295884465146,77.8911865480012,80.308573697101,79.0600460780088,78.7017081376589,80.8907197857799,81.0368659312247,77.3314728589503,86.0509087162597,76.2814140047273,78.7454066142017,80.9461461867128,82.5977032944339,83.94059211325,79.040454034954,85.1231891218385,72.4115789272758,83.7139146811493
2005-10-01,78.8499051592568,77.9278648048953,79.1926551611764,78.0089728343756,77.3862606950158,82.3466188717359,81.1285841259867,79.2066814950848,82.9201827086638,80.872135292063,78.334132967587,82.8361385847265,84.9829860298072,81.705529403617,78.7762929236333,80.2830618308097,83.2882423249407,75.685678919576,75.0377919089053,79.6168788329554,82.9836390215157,82.2027882568969,78.231011671891,84.16997896372,81.6542975646062,76.3977241166042,82.9915803724233,79.1252409810334,87.7911154866247,86.0978293980457,84.1483926914468,81.0069428554341,77.4853684727731,79.0262212913348,78.1197163209394,79.7641521786466,79.0610146977221,79.4241267854346,80.6539740485957,81.5645872601874,77.0354654452715,85.4832705701893,76.3999975701611,78.3585351206271,81.0668888973942,82.804260826877,84.1651805099501,79.4476030236676,85.435364057093,72.6148627576089,82.8734649817424
2005-11-01,79.4256196169549,77.7942248983997,80.1493552535368,78.2789398970723,77.2151398351677,82.4617257516025,81.3949871644087,78.8729829354929,83.8377433792188,80.3554738274564,78.1929940151124,82.8266885081608,84.7694907349262,81.4372168162207,79.0198516251773,79.9131223173897,83.6950835706161,74.2580204441179,75.1286831645287,79.5695998853652,82.6818298772623,81.8125906967867,78.0794214181385,84.604586176031,81.2905739102027,76.2735784180851,82.9133873366207,79.375857846144,88.227276934944,85.7798500208732,83.6420651454408,80.5551642383715,78.1825630957663,79.6387804010605,77.4376302177943,79.4375528301769,78.222114835032,79.5575694101755,80.4446040788162,82.0425727127411,77.2007037089608,85.9554520301741,75.9054271613761,78.3705970918638,81.5007554332572,82.8688961002213,84.7589955433349,79.9545482921742,85.6102028045888,72.4837297018877,83.4035827291133
2005-12-01,79.3548478978105,77.5729949181767,79.6811106455495,78.1081498749531,77.4369172031395,82.8596250555402,81.5684944634854,79.0415920558038,83.1196994162247,79.9787816755828,78.3492957770225,82.6965696796156,84.5814918113365,81.4568550873536,79.5739052382848,79.0866943478148,84.1624424050751,73.530476828331,75.3173645723043,79.746138750081,82.9806194608345,81.1835161128837,77.5246203220726,85.392426276773,81.2835373015542,75.7479983833858,82.8716545475306,79.8968100896621,88.6529953281518,85.9977587034737,84.0744719437406,80.1655962254819,77.7322932330925,79.7067750430598,77.4268842323363,79.1382563533311,77.6747895306091,79.6689544172056,80.0856526380025,81.4029116162765,77.5527649803994,86.0714263968647,76.0088628777456,78.2413457244724,81.8596374297128,82.4695415878146,85.2291542322689,80.7124045698249,85.6603016141917,73.3431275241866,84.1835719849356
2006-01-01,78.8817799440311,76.726846823356,79.7262482139014,77.7245480657478,77.5310727835209,83.5063943402168,81.196248102891,78.7131457939681,83.1279816523684,80.2476483333463,78.8121178478081,82.7159040622561,84.7200121073477,81.4163704636387,80.0039718011301,79.041360750558,83.6189890971531,72.8682445343444,76.194714817373,80.2049032410741,83.2577488436902,80.6723497826437,76.9281079978825,85.9337940462908,81.2507087352436,74.8951567076962,82.1039990215287,80.3017899710356,88.3599970155997,85.2129294740593,85.0435991432631,79.6109354061608,77.8414093029978,79.7800984726233,77.6917225145468,79.2503181056203,77.0431773644926,79.3596084279332,79.7829526737996,80.7606242324031,76.91251963667,86.2824603244017,75.8076728479139,78.3879893456013,81.8708600461563,82.2294493390989,86.1066235488647,81.1636401336116,86.1064331919901,73.9058494064283,84.9704986317497
2006-02-01,78.0337606882534,75.481510752585,78.5908062904888,78.0071337041701,77.5543278025152,84.1485369284161,81.1814766045225,79.0819545717066,82.3927036495003,80.6062908422816,79.1114240102935,82.8094795846219,85.0113717073752,81.3110268504751,80.5155049282041,78.9362459180645,83.4707098650405,72.7252134564602,77.4085537901973,80.1532408509129,83.7917763497929,80.5517299574301,76.7404638428377,86.3689557410866,81.2162534180273,74.2257412966511,81.2585307556673,81.0910696992527,88.294947793791,85.2853873830016,85.4430459008262,79.4548529016357,77.5027979787971,79.9259257544369,78.495601452225,79.2952417129631,76.8145180221065,79.3885015330243,79.6886424225459,79.7822878097745,76.0292232585637,86.5464693191578,75.5949160572576,78.4509847722701,81.8074142375883,82.1260962848488,86.0720303552291,81.3420830342521,86.1403115806217,74.0027996928311,84.9594339887363
2006-03-01,77.5723402167914,75.0242545380094,78.3979703338092,78.4460273903341,77.5460753729692,84.2816550699848,80.8185680097095,79.0440862588004,81.9628389155851,81.0202696776469,79.2349479799811,82.7400478482012,85.4500510290846,81.1930567167134,81.0474620619551,78.9483120213939,82.3719203582044,73.1452659917372,77.1835024028326,79.6497953970028,83.9364046073957,80.4802700087266,76.5319070941338,86.6084014708576,81.1549861138424,74.3816289827385,80.9856042986716,80.9161700981919,88.1403285378223,84.7338945016869,86.3657168235613,79.4941512761798,77.7099983972299,79.5895411224825,78.7457964856356,79.8749017672214,76.192198586004,79.3912758386325,80.0941990444825,79.5415427202622,75.3579276506536,86.8755046376929,75.9804203462809,78.7678330090958,81.635197010384,82.3912555403062,85.6303474519896,81.5464931736531,86.5035224576807,74.5013455226992,84.6908305794479
2006-04-01,77.375367279502,74.5683763690017,77.0483932740066,79.0311102390253,77.4259515526695,84.1001010488802,81.5146963945782,78.6486279436599,80.7580735816512,81.2465253139545,79.5431375493515,82.5118864568629,85.9960252030236,80.9654597700807,81.1407322609257,79.4077341765064,83.0289201494058,73.613974035222,76.6438394285517,78.799062741194,83.8999918164487,80.4045908130074,76.7472706675171,86.7877004119599,81.0616698700267,74.888925357272,81.211774743621,80.7714816344522,88.4870346141295,84.6913398770162,86.2719185257392,79.431440960919,77.2526284515085,79.911140488323,78.255820632689,79.7739438592806,75.8581827178885,79.2288704836378,80.1581939421525,80.0158515338112,75.7536457047882,87.4344475083871,76.5860888001553,78.6147438727833,81.9028268276579,82.6862093443687,84.8372694964502,81.3406402382905,85.3246481491002,74.3626099811306,84.6213836505082
2006-05-01,77.7388062877072,75.2966279708436,77.4907322186901,79.2070802337628,77.8965780175892,83.4838654795383,81.5191348695051,78.9476021478424,80.6453172922227,81.1683453565749,79.042409230466,81.9513071691843,86.3636480793147,81.0018955252891,81.1217756188786,79.8379025525367,83.4964941911767,74.0851594005147,74.7796048161413,78.7616723672626,83.3638489313036,79.7962258731296,77.1281686407194,86.7904182140199,81.1110016414891,75.2302215412305,82.0175431326009,80.3616400870518,88.7735706072926,84.470905733852,86.6547723661038,79.539761184356,76.453015584878,80.7789189105554,78.3096025761238,79.5193941975718,75.3878506451446,79.5952789138088,80.1552651814851,80.5562951739025,77.1178571110542,87.88328882753,77.2577902764254,78.1459354051996,82.2064829471884,83.2285173104173,84.558159932966,80.8406576710661,84.7560035986084,74.5188903785738,84.5911726870207
2006-06-01,77.9247827305267,76.5283519814494,78.058795482574,79.2740405715788,77.9720037772297,83.5090750117356,81.9474339908241,79.5697820912485,81.2661919838286,81.1522565109142,78.9664818185464,81.5460681754333,87.0940684357516,81.0754239580119,80.9194830486095,79.5203403228869,83.9954343413807,74.2458488753468,76.3259024849015,79.182873725454,82.7695452431572,79.5918540140386,77.9501385904165,86.7784804631458,81.2222238233751,75.0737588165081,82.3441272003195,80.6719044627324,88.5489151264202,84.858194642596,86.4519288464557,79.5734674478628,76.1456238153566,81.3303846126271,78.2043229348987,79.3995059594589,76.834173416842,80.0802671706718,79.8509973822182,80.5348374023733,77.7525141636552,88.0595209608657,77.9820841311009,77.8182237740937,82.3566731871117,82.6979202768132,83.5477039745854,80.3026792528871,84.4660912710946,73.423246306747,84.7432894867501
2006-07-01,78.5756602628854,76.7769478355148,78.3697170175586,79.1511254456593,78.2268936503004,83.2963765974036,81.5155388458549,79.9047103655392,82.1824952733161,80.8661166585007,78.5155616655943,81.2938913181816,87.0626014336853,81.546911435651,80.8967187192854,79.0263902498511,83.1454629757728,74.6342054872287,77.4321730461927,80.0305409859842,81.8322047679316,79.2557452748755,77.6256329280209,86.8945266357811,81.5202636009611,74.3437389815048,83.3408094983111,81.0032697049718,88.2183431328578,85.0571369060173,86.3197686733888,80.1868340420125,76.4661625439115,81.5068493354438,78.2668430759706,79.6471605478894,77.8601390565028,80.607522706267,79.641396632958,80.4096507335071,77.5056855355129,88.0993845719697,77.8327383593223,77.7302133415132,82.6150081986647,82.2861966264544,84.0930778537066,79.8082885588083,85.0554071261777,72.9279061360876,85.396069816502
2006-08-01,78.1599215093422,76.6334929739342,77.5127807785997,78.992141119211,77.9120244251864,83.2595533510087,81.4004862000834,79.5602416464033,83.0042980091713,80.8117810615649,79.4426058689655,81.4362246007068,87.3071800133027,81.9425419288696,80.8696300078259,78.6998084448104,82.4955084585003,75.0154480678536,77.8993930039447,80.4206584550148,81.8137827583247,80.702962899235,77.2413688976965,87.1348452755101,81.8145353924646,73.902016442975,83.0079009659384,81.6253371878613,87.8280291425535,85.7884294601029,85.9737799744857,80.4874657043406,76.7533193105672,81.0346405891651,78.3261807644744,80.1358878599318,78.5495090523459,80.4779731338973,79.5432531048329,80.3818304380437,77.0806668209049,87.9849059846554,78.3425389046568,78.0832189920293,82.5216502369796,81.802650131311,83.9819473642533,79.7797743915452,85.6677148822042,72.4538685547403,86.3084416453727
2006-09-01,77.6421952625536,76.4604555607398,76.179841831726,79.2708342146888,77.8268560779538,83.0289888231191,80.7688999069395,78.1886690727575,82.7511820559219,80.9082227091345,79.8219429998967,81.9520144668085,87.7706135582169,82.1056356689406,80.7990442131913,78.502148263832,82.8956411776836,75.69925940793,78.014296088546,79.9638865152191,81.9191770282741,81.4982083924807,76.7178135399493,87.6695753678247,82.0591977913273,73.7470762530909,82.7540245238342,81.2669685414164,87.8322379724232,86.4146783863427,85.6514404627629,80.5572732411634,76.1083739729147,81.8028043859995,78.2881705613136,80.756875440397,78.6253993994215,79.1939253786758,79.6418844607735,81.0915973775152,77.1005472006976,87.7741609688203,78.1349058844501,78.3873664346596,82.5932416205896,82.0336606799484,84.5972588186628,79.6082865398353,86.1186047397698,72.1476483390497,87.1247858441309
2006-10-01,77.4057229372071,76.4161046204672,76.3145640299354,79.220892234033,77.7915610586935,83.1482266413832,80.4390777569419,78.4432440291277,82.6108250344719,81.3380501628142,80.192385872529,82.6020919511928,87.6543084658133,81.5530536001383,81.1486350029469,78.6808490008677,83.6929523621696,76.8359459797329,76.8250556019412,79.7683457682688,82.6663425957881,82.7002149731553,77.2072778654454,87.7266952932815,82.1684893674005,74.4178694968166,82.3836690460795,80.0349116869791,87.3908944751612,86.7422440873771,85.2752722238339,81.0373605792301,76.2097366376104,82.2361528832483,78.4763342948549,81.1646007748533,78.0058139973426,79.3990654243503,80.2223162476758,81.1519649977088,77.2143548231133,87.3371172047071,78.2953926130772,78.5923257451579,82.2164373405628,82.4346816504624,84.9514847942339,79.7685284924592,86.2754033984078,71.5883472042027,87.2028131250554
2006-11-01,76.9987174146819,76.4548066764305,77.3803764089024,79.015120119045,78.1061533817578,83.4537678996267,79.9901291377346,79.0022288705502,82.6752460206703,81.6206842395479,80.3455176971051,83.1493703842363,87.1074154197422,82.3913124615401,81.0914624643445,79.040126748679,84.3909861649702,76.3888520290402,75.9217411928769,79.4184880704552,82.904399200639,82.6580392656286,77.5598872194159,87.7045463683737,82.212865155027,74.1320866442345,82.4831143247063,78.8170344830325,87.4846843737487,85.9131374687304,84.7853951563771,81.0293182606493,76.7382294608799,82.8598601417404,78.3161380177104,81.3093498272714,77.3888231332157,78.9742114019721,80.9522972689872,81.6832261571873,77.6917791460366,86.849766114675,78.3102833417116,78.7999017875885,81.9339851348032,82.6420577675986,84.8097970504676,80.4462690131251,86.2084970481368,71.2550711389008,87.085026370534
2006-12-01,76.4955257389046,76.3036154425903,78.2172374865082,78.3751684560016,78.139525727785,84.0435052727646,80.7521009612311,79.2999389187286,82.6931444516266,82.1462361233793,80.106715410521,83.0471119922921,86.1551397079801,82.9382394847446,81.2430978376978,79.4308683647408,84.5115222438912,76.2919184166982,75.946798778547,79.2710977840574,83.7807173266424,82.4365013744728,78.1842906111553,87.2045967434788,81.9929248169037,74.3979781498603,82.9120930409391,78.0675914918077,87.9857363115521,85.5236633614713,84.579012941824,81.7780004933492,77.5764913341987,82.6311860373953,78.6386170960458,80.7848497323169,76.4849355211412,79.5302811956061,81.0594307124501,81.6844018232049,78.001352498903,86.6282366148415,78.824666848157,78.8839253580242,81.2838819062618,83.1025861628963,85.130176476089,81.6179078948678,86.0404931188309,71.0196768692152,86.5357822934842
2007-01-01,77.0379214877741,77.1091801406807,78.1518246501335,78.0975836992514,78.4088326130097,83.6026696249168,81.3224270829822,79.2589311094825,82.8316063323711,82.4465052477493,80.2460415600913,82.8880185452415,85.6317374467562,84.0924091748038,80.4093862992841,79.3760104715909,84.750592891549,75.977933980362,76.1404068253332,79.5018464041438,83.6822397328159,82.6616069293691,77.9027064700296,86.7256475394445,82.197256256509,74.50414583016,84.2581127993548,78.1682896245087,88.4538433254622,85.174670476696,84.2856758378476,81.3822733342966,79.066738576731,82.5730370395087,78.6422509177021,80.6923843922241,76.2515405254846,79.8135259326633,80.4058525241519,82.2392665653443,78.9798340737797,86.4508820136005,79.489036238163,78.7793868482546,82.0755185745007,83.2806989096731,84.3889779711727,82.0427651905781,85.9529349370104,71.0262889468038,85.8549036199183
2007-02-01,78.1571825035018,77.7391701340366,78.2809668074861,78.0646135379609,78.2340937853958,83.6586167491265,82.102838162825,79.0648905352837,82.6037263726125,82.73395542038,80.2484338238618,82.2404590723124,85.4095204350849,83.3300280703847,80.0533135133574,79.5736138057897,84.8764977754878,75.816091499308,76.505778839907,79.8864213456433,83.1449981111871,82.3131858694129,77.7705584254166,86.1095101735703,82.1074532376535,74.3933358452914,84.8617344338209,78.5588498306203,88.8379832190862,85.5061866936388,84.4772613280254,81.1403252175934,78.9276139189058,82.4277993301901,78.5479728906156,80.6365622521196,76.6815627734035,80.0156124489633,80.4139823041568,82.9652199941637,80.4537735002432,86.4916024541794,79.7063123693563,78.3206474992439,82.5770605622693,83.4080262192481,84.3770141052184,82.3580687918731,85.6709867943112,71.6584022867499,85.8568053742831
2007-03-01,78.9225236375264,79.3352736195454,77.921097795006,78.2269046174009,78.1454392223741,83.26740839923,82.7134466687768,79.400314488301,82.4488877746025,82.6938608285553,80.1347858256788,81.9466736418761,85.5085660557074,82.7119414662671,79.8532868335121,79.536386584062,84.6649218507172,76.0784925884415,76.5358104736035,80.2484856907903,83.0740899317181,82.1287614932907,76.9167739793396,85.899168218217,82.4969290069757,74.282501539081,85.8132440643633,79.2228896873627,88.2484478443022,85.8996011308587,84.3150622190373,80.2639598313146,78.8468164382412,83.0853746704265,78.5964814461679,80.599852676996,76.8657585222101,80.0588990820716,80.4870767743071,82.9062566121445,81.1204546085687,86.7536408305997,79.57168336873,78.4511701517558,83.1743743855178,83.3689874789607,84.1486723855476,82.2659987312108,85.6231523556212,72.4388870217061,85.5986416335737
2007-04-01,78.3381643344761,78.6209676126681,78.1044288864318,78.2202805810277,77.6283855062327,83.3240766830724,82.4781267646081,80.3086273694971,81.9708978838092,82.1856299052975,79.4045219795455,81.8554967753058,85.5663825379124,82.4582442278393,80.0606820859348,79.6315736845975,84.7121916252348,76.5133944619181,76.7031550174936,80.1671319646442,82.8856017295135,81.7981292490073,76.0353022926617,85.6381763225106,82.1874104074852,74.1753253143287,85.6238730177776,80.3682027908795,87.7387990867469,86.0371694587468,84.4841140096016,79.9956555348698,78.7979097590499,83.0340140647619,78.4555163730283,80.2641639815509,77.6452786383256,79.6904425770876,80.4643127602208,82.3417446652404,80.1237889730111,87.4056186801062,79.1650398035087,78.527635352814,83.6087991641121,83.53408732511,84.4032501298191,82.1488780511667,84.8321746699872,73.3794779619301,85.8506116178791
2007-05-01,77.7545383059446,77.6777246682388,78.0272300447213,78.7321235589691,77.8544840926485,83.3906146897282,82.6812642353792,80.8099792130857,81.8139062159892,81.6473170951519,78.6427420654115,82.1433508944963,85.8690196686729,82.7115829509283,80.4331122200166,79.2319563176033,84.1144117121135,76.4574719057916,77.023690379445,80.6566260754544,83.0446923472464,81.7165192104967,75.9165352803897,85.5016023641088,82.3478217745303,74.3633553016056,84.7652481970854,80.7882936468178,87.4995229476557,86.1732082565754,84.7595829582932,79.569965667075,79.3137684543947,82.6049317603846,78.4807479720616,80.4595873850468,77.0944599677354,79.5295298873037,80.1966920375258,82.1734660184806,78.8876428003838,88.4810140757246,79.1280828585707,78.914747893609,83.9133682487546,83.7096146313637,84.3411919816169,82.2628660066221,84.8334615749147,73.4982248525725,85.917033856779
2007-06-01,77.1043055815793,75.8985815451808,77.9597537442668,79.2319249524755,77.7662094414081,83.3806696671849,81.9597387600369,80.1291368889882,81.575962721216,80.8983916815065,78.9798215853697,82.4874812289133,85.805015725122,83.0780150312818,81.1544590141161,79.278225595561,84.0982188834955,76.7017017609483,77.299274550488,81.0166902643031,82.7348842810912,80.9457948567415,75.8029974321246,85.4010670705397,82.6373269913177,74.6050598477302,84.340594582451,81.1810314161832,87.604340012206,86.2122410058467,85.1395809570894,79.82452068226,79.4399389533389,81.6838274152895,77.9937290533918,80.9361869265615,76.9819735984928,79.5998393517053,80.3315827912035,82.5265878095981,78.3343368761402,88.8162928733119,79.1145423358661,78.8227927127211,83.1516553319765,83.6450144964149,84.1712365872663,81.9957221955228,84.5017987135798,73.8729620042748,85.4606064856467
2007-07-01,78.2045605245839,74.3777768300177,77.5056530337657,79.5292117856838,77.8338298171849,84.0172309999539,81.8227954437221,79.2944265993641,81.3523700239942,80.8558583235451,79.4081840278193,82.9529082878635,86.002453694481,83.1632924995629,81.4073996718467,79.5347396760057,83.8483606162663,76.1862122110917,76.4636433423905,81.144328973512,82.5003770566662,80.5417128459965,76.0643371366997,85.6161202242418,82.8483755268039,74.7602132265384,83.2121108469029,80.8416524803457,88.4030996596623,86.0595314522705,85.4602874329247,79.4868698806154,79.6255652049516,81.8092971568536,77.3466805641872,81.3219654623142,75.6742855295146,79.5898294558739,80.2401540432284,82.305448336421,77.6126333086447,89.0593233890743,79.2427807097629,78.2618423117358,82.1858242118337,83.6168022404092,83.9968909257938,81.831525160938,84.8391982825836,73.6133072993419,85.1810890631903
2007-08-01,78.632450841792,74.7544961100051,77.4769795678391,79.0740621310119,77.9077000926563,84.2136930848865,81.4810971857963,79.5265434732056,81.1078841225297,80.3810077962364,79.9466455645542,83.1161805289284,86.017645737815,83.2794840088419,81.6930242177327,80.0789274457393,84.3255469319818,75.7933781282863,76.5827341594987,81.0885062321356,82.6030061349356,80.2651841515139,75.7210081410874,85.7662686146395,82.6176389798629,75.0354561653339,82.1434432897228,80.769682471607,87.7937019952828,85.6031990765373,85.3140388355759,79.8529408068585,79.2658669386914,82.136939584058,77.4746821016934,81.1777593966489,75.0124190549415,79.7145937434255,80.2839975161284,82.1454860801949,77.6369912043821,88.7729853066769,78.5667080907343,78.0891498940439,81.693115927503,83.3896685126706,83.5221095076766,81.0946418259241,84.9167312972017,73.4266607609788,85.079861498842
2007-09-01,78.9247433720214,76.1963610756911,77.2443442282071,78.9864664636617,77.9241474068654,84.0337549801902,81.2713719470998,79.577174061228,81.1580142768414,80.3358791433575,80.1021791069708,82.246914316819,86.1487962035021,83.5602351767577,81.1334178509758,80.1902638126031,84.1561495981406,75.6075441848314,77.2103621672134,80.7271205026046,82.6811173442389,80.1295453319552,75.5564422539947,85.521278080852,82.0021792017372,74.9599692448216,82.410554318251,80.1753805385475,87.7344415880289,85.5613046951406,85.2563649093178,80.3381907196776,79.2274194492728,82.5486518064791,77.9235454379358,80.729293822109,75.6872103548397,79.6711875194386,80.1935361462783,82.0794574067567,77.6219956311853,88.4233108570357,77.5374218757853,78.1314365844246,81.7323693122943,82.640188693337,83.1045732671335,81.5304577352357,85.067817895594,72.6208906553827,84.8579388283132
2007-10-01,78.6390758494932,77.1634549656869,76.8870977455298,78.1509671367832,77.8240169613241,83.5056473996687,81.1772760835305,79.7963890312729,81.7722658823796,80.2411493835793,80.2101122190751,81.1821910177578,86.3577547562239,83.4149525353404,80.6547822149346,80.408225912941,84.6115426473041,75.4856301092867,78.3330610625627,80.5722881556637,82.4727849332723,80.3209148700987,75.2940180832986,85.3270053384551,81.3752689482689,74.7682606632005,82.7518190085026,79.4604643269389,87.0443250580518,85.4839480999834,85.3574945501164,81.0894919651825,79.1330280070532,82.0213557341809,78.1700457003083,80.5896650394133,77.1098475432545,79.5161064393623,80.4189344004388,82.574536383682,78.3322620912621,88.2538548904527,77.1275458179612,78.6250479103273,82.0640483303373,82.177648833294,82.7136465367704,81.69951593449,84.9495845077974,72.0692158176067,84.9024835743843
2007-11-01,78.9667677659289,77.0563154074137,75.7962757531435,77.5882772114141,77.9015890343693,83.106137316742,81.02203287551,79.9847373923931,81.9410970834045,80.5502650291285,80.0336843020575,80.9572617099347,86.3258258057511,83.4055113689233,80.1194542356588,80.4896499971302,84.051899407176,75.7987289428749,78.7427953909033,79.9575093093181,82.7425457436901,80.8963059190091,75.2411643988562,85.2072489109601,80.811903283174,75.1262619427828,83.6742525242693,79.2073524694751,87.1549170562522,85.6205069815929,85.340315989694,80.6282333011385,79.2315264942935,81.3500925687203,78.4125567212074,80.663489177965,77.9813552648561,79.3738087733694,80.6258450689979,82.4583259101686,78.7435952594076,88.017234656727,77.3179434399924,78.5762518247954,82.1081306488777,81.8549512677791,82.5661682125938,82.8261213516226,84.9783658044306,71.4951935057696,85.0659685364862
2007-12-01,79.1715141450762,77.5294891413828,74.8545956197314,75.9977027635535,78.0365157461558,82.9676286032643,81.3577350183388,80.2434254509257,81.8106196571364,80.5985459316944,80.1598445211807,80.7623697414279,86.6773684555126,82.9940563133879,80.2437615917084,80.4784534485137,83.401040490529,75.3339419481552,79.2135479029285,79.3404727177005,82.7481517499727,81.9335910877911,75.8797669740501,85.3790936254161,80.4419887319647,75.4778519027158,83.8357337814261,79.009491479826,87.2192086035755,85.7030980926245,85.8788174625447,80.5777201394256,78.6757184493084,81.2355032281818,78.3054203421047,81.265688641829,78.6807981297352,79.1443966367206,81.0144807818206,82.3712572360741,78.8910835359417,88.0997409342476,78.1162145366081,78.2184833889902,81.2477560992253,81.8867323683295,82.4645297458639,83.1192700952684,85.4321967045442,71.7913124770475,85.549031206947
2008-01-01,79.2327030746575,77.5598792775485,75.7346079464218,76.2026383113469,78.0882134622048,82.9168719085943,81.4777140627241,80.4747151370743,81.9488416038843,80.7850328220463,79.8535842872526,82.1417374058374,86.5847475554186,82.8966562369194,80.3662652422606,80.5174654911402,82.8239955804436,75.8466422177214,78.0248296030919,78.7434448086367,82.7492467243425,82.7785851438498,77.0029675883822,85.0420362788135,80.094876046822,75.8921684317651,84.3722667825408,79.2808050760541,87.6573078444139,85.8829975353668,86.0098856882011,80.3794304321985,78.4968683141869,81.3262204094466,78.4665703935461,81.2213215004859,78.3642543201928,79.8286576194748,81.3109146946778,81.6637451043269,78.6239393963105,88.403055850602,77.9257667105806,78.1311823305824,81.1715846772087,83.1464423306164,82.7596565375681,82.49178824393,85.3799155959526,72.3615630828859,85.9918507512726
2008-02-01,79.0352290405092,77.9628891947346,77.860028312664,77.0029582252884,77.6287732551048,83.0119574524274,81.5890854342502,80.7895276562164,82.3305239532217,80.393551138365,79.6191020996503,82.6664424174435,86.4959946166554,83.0162922717577,80.4202350820362,80.159786290609,82.6198106167666,74.273228690687,77.4248236125495,79.3452689865447,82.9325902954665,83.1815088088133,77.6671745801031,85.0551358050366,79.9090323568189,76.3535988104064,83.367219929903,78.9254838752795,88.3072110899083,85.360768504191,85.9515895363982,80.4433843462962,77.7433740430916,81.9752698868707,78.8462741047662,81.0710566171605,78.1600120243541,79.6705533944176,81.7333899031303,81.4677514630844,78.3116207954878,88.8620475736103,77.0935295907591,78.2587449664732,81.1007888717109,84.0525210766592,82.7879825205439,81.8405661820709,85.7997768934052,73.3407696926307,86.5948312406719
2008-03-01,78.6897963725221,78.6003496199312,79.1553498677094,78.1227142550638,77.2896295212825,83.2039318458021,82.0529601063933,80.4562514848556,82.4703260395595,80.3599354995649,79.2554541542445,83.453089535729,86.010387854637,82.9759697430964,80.2376541177499,79.79963609177,82.9010543981336,73.0496983387119,77.0455846835201,79.9073492927964,83.2391002454939,82.879723958276,77.7830343693519,84.3997497678296,80.1180746200196,76.8304860093848,82.4046863022646,78.4953740828161,88.7121778363991,85.7245326738721,85.5765260623679,80.6873736846085,76.7894877778411,82.0901623016116,78.8995375860043,80.8875037472794,77.4276829161407,80.3847422564353,81.8280972643677,81.1107345247316,78.3137267686245,88.8805837876576,75.9293664052948,78.642759607828,81.4822332993201,84.8980341924394,82.438238992982,81.484318332986,85.6884173326662,73.8633069265321,85.8797518621238
2008-04-01,78.8209842347893,76.8846312450078,79.6757238083567,77.6424405266968,76.8072301831245,83.3037205661199,82.1963896201955,80.4526029161133,82.8913716539227,80.003544317424,79.3052735879085,83.7305348027393,85.1883942242781,82.6744012769342,80.0262131635328,79.2448563493348,82.8743931430849,71.6943966085854,77.0370822017793,80.4730481075324,83.4887032858173,82.5059640013403,77.3139418009825,84.2942432059143,80.6958866256015,77.4231919648385,81.226652539681,77.9165482177074,89.2139946421825,85.6118714120001,85.5113462732439,80.6888811682641,76.4686399406657,82.0279687194355,78.9350143236284,80.9865656700169,77.2855226387861,80.8467821232074,81.5223322304936,81.2304308960189,77.3434910149993,88.3864350438485,75.5312563553464,78.9375655411685,81.3578291868302,84.629804747535,81.9725469780705,81.2340235760604,86.1871566966061,73.5123272936306,84.9049274776004
2008-05-01,79.3236905639748,76.0220969654202,79.5551072443545,77.249876965054,76.938662599031,83.4948579718736,82.1418780706848,79.9369362904103,82.7192112737755,80.2814893207834,79.4625173575264,83.874144362771,84.8336815023296,81.9616244275385,79.820436322503,79.0231576137767,82.8175472908175,71.5025903284709,76.4517010361873,80.2442468163796,83.7397553369322,82.2888345135997,76.7068325727177,84.426438485452,80.4390600513318,77.1567938505399,79.9848432199158,77.6171734991409,89.4052782334407,86.5251058119492,85.6104067185855,80.3779401923318,75.8200336075134,81.5283046505194,78.4555305675176,80.9230411122423,77.7714372146168,81.1405218832348,81.4485783174748,81.1399370758631,76.9057990469643,87.6118128127743,75.0612856527316,79.3069880869508,81.4097979054477,83.9304814816174,81.5163140947021,80.9463345035363,86.1034753885693,72.9059474326739,84.2417378816573
2008-06-01,79.3853032464462,75.2637845785175,78.7836299888001,76.8180590355818,76.95315877748,83.4729050080081,81.6597120004282,79.3360407630754,82.9536693419042,80.6713075680697,79.5578930864966,83.879029461813,84.6127972044203,80.7173503928443,79.5009941160472,78.4279446116192,83.3011707138501,73.127256717724,76.6005242066019,80.1873205825009,83.8395173730088,82.3400070976526,76.041666257557,84.903803331159,80.2922021185481,76.9667405066919,81.0837573339164,77.5559670776733,89.0176666355894,86.5212579004635,85.2502530998505,80.1069801368541,76.4581663409776,81.1096221382098,78.5286085451293,80.7165287148279,78.3978853889269,81.1731562348756,81.2284672892838,80.5192024275788,76.1241090291201,86.9707195278596,75.0381792063347,79.4253774068124,80.8679358816125,82.8225167406392,82.1110473835999,80.6689328358383,85.510013621146,72.0095813648189,83.5090724367914
2008-07-01,79.3985433223574,74.4589913876683,78.6506414312481,76.58811952051,76.9428585246656,83.6327874475976,81.035586640991,79.5962163034894,82.8096894052051,80.756416428726,79.9106992426893,83.6396110203517,84.6439813051445,79.3576396520839,79.1862500769798,78.3322349599871,83.7364851944906,73.4545212616458,76.5310923870863,80.5225907460407,83.7730933703883,82.0764774088346,75.6546094043596,84.4622194268101,79.8702254513535,76.0325843916429,82.1434202959756,77.6402082336244,88.6061541576185,86.3491763371845,84.7266441192672,80.3997482200548,76.6957293558916,81.1464125753632,78.3351140367736,79.7899323068826,79.3434420340138,80.6583240115699,80.9187793427923,80.1711057028496,76.0794299237479,86.3131098008994,74.7633794748316,79.2683223797516,80.4742541116218,82.1448091893658,82.8178978854222,80.1938578233113,84.7469185323667,72.0779864823728,83.5892996311583
2008-08-01,79.4785679345486,73.8760756065507,78.1963517460742,76.2090683046517,76.8760023242222,83.5539429112013,80.5374273194882,79.2137873383921,82.4774425010059,79.9559624988246,80.0872672375261,83.2034000405983,84.4917135339618,78.9960854241092,78.924445232178,79.5389974073278,84.2087055398335,73.4448366963667,76.7341311616895,80.712503855155,83.6241164203559,81.3352483216514,75.5568263341593,83.9912114315896,79.2370856920043,75.1689800051665,83.2266221127976,77.6494618745576,87.7900505506089,86.4704533387706,84.1049239061483,80.9032200713682,76.8054052076675,81.5381840262689,77.922332170133,78.8723859339527,79.234676371667,80.2285921713516,81.0345936408739,79.7264601855977,75.8672188435742,85.7297612435267,75.0806166848601,78.7076523910922,79.8410172340976,82.7879585545334,83.2820567605234,80.5267902264277,84.1895676144852,71.6753461779216,84.3263508559595
2008-09-01,79.4595450531039,73.356971563245,77.6922426792649,76.2840655664125,76.8523492317124,83.6014168848745,80.0979294120757,79.5588843534292,81.5923966721233,79.3888778431403,79.3251789688146,82.2214079387841,84.5880565257641,78.6844385847576,79.0112749375716,80.1192244824629,83.49757989548,73.1513668795755,76.9140496616331,80.4620003993339,82.8725764721581,80.2707984794176,75.5900096842082,83.8031034035004,78.6209411686844,73.6252642175421,83.9666626438222,77.6229376865841,87.6403595961891,86.3127948272389,84.3101903863118,81.2701458577072,77.4661626717011,81.6405834831362,77.4193544474701,78.5415109242546,79.5295792922059,79.5191798967142,81.0678367117149,79.3827195802906,75.1495719711092,85.6927282902719,75.7418570825277,78.0775668902442,79.1978474455042,83.5442381672767,83.4367316256866,81.2723765908229,84.4570577362728,71.3213023738611,85.0525633328417
2008-10-01,79.2582647363916,73.6159834934437,77.3120139088082,76.4841738184906,76.6677652376551,83.0188060205718,79.9687885771819,79.1285291663253,80.9435443479799,78.7642491866197,78.2344177937379,81.5171645590534,84.4873235523131,78.6350882972713,78.4090580746655,80.077820786875,82.9074267802419,73.4098940219413,77.2730000007645,80.0856159936871,82.3410147871072,79.1507592338355,75.0654543729017,84.0392653747588,78.114040855732,72.5247243913932,84.4312791842567,77.4964227399325,87.6033754142097,86.3143737595409,84.3287589918627,81.4935699634152,77.5542520239726,81.2260478800988,77.5635925349741,79.2388530351135,79.2430318054287,78.8786626127986,80.7262475714004,78.8032752105866,74.82796189173,86.0237075234037,76.2098061793036,77.4208343890049,78.7489458013939,84.4503819169364,83.6233827295704,81.3629097486007,84.8483708116945,71.3825646417501,85.4076915219598
2008-11-01,78.68043078683,73.7402347276565,76.9238298814392,76.8879879838237,76.3868987682215,82.7853282557183,79.4944028860766,78.9411920311102,80.2554895119638,78.298772307387,77.4107460599692,80.3673621172416,84.732663619148,78.6716673446087,78.3736868136925,79.1054191455647,82.118164037207,73.1559660293026,76.9944211909408,80.2431029568228,81.3272098079765,78.3053714382835,74.6544329992868,83.7027986299435,77.9298549217973,71.5438685305634,84.4802263545116,77.422107325964,87.6421575131817,85.8111361641746,84.5248935230988,80.2699809232253,78.2117168279072,80.2536092631992,77.7427051165651,79.7994883578718,78.7993428508633,77.9304698847535,80.0987204542992,78.9500591462975,74.7721077967778,86.9455254915994,77.2716233511852,77.3486205481139,78.3818508178832,83.8512267392959,83.3163405828481,81.2118371033811,85.3259569542105,70.9576041579804,85.2644096762675
2008-12-01,78.7528010469523,74.6579104299554,75.8053249575124,76.8622584441481,75.9881290917933,82.4591990056051,79.2248084476893,78.4134873273957,79.9008487066228,77.2819306302882,76.7388776551286,79.8618972454065,84.3908118350503,78.3945437988465,78.1747480553597,78.2950507156516,82.6873994565993,73.0754106540216,76.9611421557789,80.382426564545,81.7436344889256,77.9315131305703,73.6851396707666,83.2449134052068,77.9393082932396,71.4804102489765,83.3030052272839,76.968731221945,86.9666482375402,85.4696857938627,84.3387705844715,79.6071020370442,77.2957306280503,79.1036644991632,77.3560191900006,80.0704930916019,78.4119529543128,77.4036860768682,79.7112855439938,78.691527446837,74.5775898533935,86.6266396041249,76.8564484393543,77.3917550229247,77.981408030814,82.6963849371667,82.9557518845743,80.6023116590212,84.5690190310774,70.7213461141926,84.916530593717
2009-01-01,78.6039848186485,73.1830980071857,74.6570288377609,77.314407587266,75.5413254306614,82.4056843696395,79.1213300483627,77.9781523678783,79.6361943830956,76.4608351626007,76.1558189876519,78.6737604284607,84.1701910113257,78.2982609647776,77.993191316337,77.5134868392417,82.8041824703561,73.0174838388204,76.9463552651098,79.8860039965522,81.6999537767872,77.6885951332435,72.8298974074408,82.617292762543,78.133457934191,71.666397980597,81.7301779584253,76.0242927331775,86.518235726511,84.6650320955332,84.391004355283,79.0888177141782,76.7271461206087,78.0211958730023,76.3294588132462,78.5778406704533,77.8280315961547,76.7705049555546,79.4383163683229,78.7763037527899,74.7284361779964,86.0025840588438,75.6804152777217,77.2822374076742,77.7425617177592,81.7726672222691,82.8980637104254,79.8459432703402,83.3743642196761,70.4378918940626,84.8163724189432
2009-02-01,78.1906863523576,72.8766864222845,75.310091158183,76.432141674489,75.0281560714676,82.0205880524267,79.6431201008373,78.2986298943491,79.7261961294311,75.6526463305068,75.8131574098483,78.8688515100326,84.4119797806991,78.1252575880201,77.4829893829317,76.9810999115964,82.7858591257146,72.577206105146,75.7889870409531,79.1902820324661,81.6201718894518,77.68242908826,72.3413478807226,81.9384340063037,78.5310994217157,72.3321097468231,80.2952672833509,74.9857303724235,86.2792306603275,84.1588622334494,84.2722327419313,78.4141715213196,75.994612468652,76.9366394220169,75.7343908129443,77.335522113211,77.4499712609337,76.7760910483956,79.2015252645304,79.0329519683763,74.2450780789409,85.1001116900157,74.7415379172084,76.8880882305071,77.2244101091877,80.5795688532755,83.1580497580715,79.2952190405392,82.420149958486,69.0405167182161,85.3553387422705
2009-03-01,76.8486969499753,72.3629447866843,75.1809510342966,74.4386606042462,74.6769688633428,81.4372724897944,79.6890157377923,78.3225674311313,79.5603255401332,75.5919554520631,75.531625911095,77.6501182254213,84.6825367832385,78.0582230822455,76.8908938391545,76.6223641371808,82.5702617292961,72.1412593436275,74.6902226129731,78.4634725892686,81.3763571829223,77.2536237104854,71.774201879354,81.5990761379718,78.9187612731229,72.8947757124472,79.9692964804729,74.0755578176642,86.3262796643761,84.0219019032791,83.6619047504939,78.4639310109509,74.9715793427333,75.7773724103209,75.5267323264899,76.2127505801329,77.9921114751606,74.97531216387,78.5407847123467,79.4738575458091,73.2012141057044,84.7633473998848,74.2889490652191,76.450836237428,76.764113415984,80.0686156521809,83.7046984877853,78.7356154516597,81.6261555437319,68.2585342490629,83.5820442882192
2009-04-01,77.0504424176912,71.3308588638567,75.7854760200079,72.8503268745661,74.4051966640688,81.3544623225205,79.5776459397325,78.410682294555,79.8860607095402,75.6528551521061,75.3831649518769,77.5300931714074,84.9030650531101,77.6527240410555,76.3155108902878,76.3838682305762,82.6260206099329,70.9728791776005,73.1729181070774,78.0069326924983,81.0469379056374,77.4127492782009,71.8916129097628,81.1411967401857,78.617484374369,73.1465522670036,80.4747205710944,74.1491900939683,86.5949489182422,83.9284976775015,82.9823692623657,78.3823540820971,74.294160540115,74.9296847504458,75.2742792082609,75.8091117859251,77.4936088854599,74.2993318603553,77.7188388120445,78.7174277864994,72.5844646248192,84.5606574041358,74.1422423597195,76.2670629172701,76.6891483562958,79.7594015173349,83.973167533071,78.2861820336563,81.6980396017824,66.6549007240962,82.4687755362224
2009-05-01,77.221231378895,70.2178880919762,74.7282957939177,71.8442460612706,74.1585387411561,81.3817015504681,79.3343442764343,78.7132466682728,78.720320194879,75.7616591632679,75.2239116378738,77.3510981351563,84.4395325985031,76.8009256686809,75.6606279081591,75.9743586156472,82.5655546366901,69.9196196518214,73.1154913249344,77.9671633293167,80.9263809701436,77.4362225036043,71.3083106544622,80.9101770758084,77.1415368689837,71.6718628114739,79.7278740634568,74.5616216824013,85.9581838876152,83.7932207156118,82.2764297757464,78.2574493860662,73.6909162542797,75.4557837666603,74.9637526719951,75.1693091464801,77.7832960556975,73.6905687902403,77.8537085495708,77.3949442852839,72.8020820627058,84.3864821959012,73.3853898314055,76.3162998129189,77.136988790885,79.8736041463648,84.1453660534494,78.9667383389225,81.2930701124043,66.4372069581433,81.5860148189669
2009-06-01,77.706451001493,69.8767783569537,74.1085717356838,72.303453524762,73.8094762698661,81.1993609347653,79.4290121978164,78.4284458644902,78.3054369947797,75.5520334240193,74.615217859105,77.4635226127889,84.2215450600833,75.8606525269701,75.6055940835764,75.3574073312186,82.0237011537036,69.8966194965712,74.1521599293351,77.644705906291,81.2829748306066,77.1357456566547,70.9906988708094,81.0554941309753,76.3725297894304,70.510624490541,79.8615186549451,75.1810167873843,85.4639995821383,84.1274159757981,82.176118221604,77.8129299917425,73.5158683251789,75.6890252906462,74.8009182197109,74.487204269368,78.006991240722,74.523624050823,78.2768143151926,76.8218019875155,73.0864429619345,84.4434370335609,73.2685184377217,76.2919159004401,77.3532133278185,80.0926565084709,84.4857268363063,79.6245571843941,81.3719774104708,65.6739930373687,81.4436512261833
2009-07-01,77.4606303291436,69.4098748215937,73.5939040121182,71.6552146004611,73.4280211369849,80.4648140417152,80.3800482774524,79.0765338034838,77.8870752854695,75.3488150987549,73.6954343857604,77.9128306234267,83.7861236989632,75.3624838827182,75.7656042912056,73.9871647050394,82.5619450855904,70.3261413213328,75.2294444157774,77.6499961748919,81.6268129235383,76.9372053533231,70.4292190006923,81.6733426838943,75.8023726753965,68.2849148105455,78.7483108956744,74.5893018658326,85.0987213484879,84.3066903290754,81.9815205978047,77.6305472466186,73.0757326839492,75.2601805703003,74.5644048059677,74.2078574584102,78.6609873554914,75.2529504815865,78.9663280999767,76.4021012419039,73.5024194350968,84.5613381560864,73.5103850065341,76.3736920895203,77.3778727511671,80.1538424469519,83.9639577314758,80.4108427017955,81.2937891087902,66.9565203159006,81.3743926893714
2009-08-01,77.7971454242223,69.0708189634888,73.9669565848712,72.0609987554096,72.884802476039,80.1196253551234,81.2895783591624,77.9333165312612,78.0963806332737,75.3272993331439,73.0886148153669,78.0828020150496,83.8688467816516,75.873879132332,76.0126973507033,74.5339332394356,82.0561007939939,70.4728361232627,74.6374405333507,77.453731661369,82.1965472304731,76.9501931744525,70.7387726624062,82.0886383841731,76.4811264791046,68.473219098073,78.4803056851688,74.6230291007244,85.2628098487472,84.428888293866,81.5850454590859,77.5588460808187,72.9043168797933,74.3396117637608,74.5427048449841,73.8901180936868,77.490748013612,75.2455257354238,78.5377085476168,76.6203467857819,73.5798646840637,84.7996907091418,73.7905421393097,75.8794145148576,77.35966143635,80.7840728899126,83.7840943206989,80.7254408005385,81.0358299891042,68.2171540198822,81.2605947875701
2009-09-01,77.8883084239419,68.9108724629398,74.9668463630687,71.6092806209264,72.3682595382714,79.6321277023263,81.0983852365006,77.3249015090109,78.0428830418586,75.0861958109077,72.4741476296984,78.4645221214572,83.8917110395604,76.1694672546168,75.7380450180049,74.3693930670491,82.5407633941272,70.6519395709863,73.9931218068663,77.2725138522178,81.7242221536329,77.4667858821964,70.5575062885494,83.0080223621751,76.6666629724821,68.701362547452,78.478659637997,74.4896401295121,85.1328225941708,84.3635756600085,81.5159897084786,76.5916989565375,72.7618614984713,73.8602587716366,74.3956889578941,74.4900605257298,76.3041182274703,76.1240285065762,77.4737850816212,76.1938205361341,72.3307749830595,85.0566225626245,74.5141828602296,75.7458791887371,76.7736853650416,80.8515036083181,83.015576376698,80.7035485220204,80.86900620643,70.2031668951198,80.7150431483054
2009-10-01,78.2480871397207,67.9235177816864,75.381991361358,71.1597976999964,71.6809190301605,79.6520577637321,81.1987013085822,77.307121699486,77.4636538524097,74.3548943039318,72.993907662622,78.6472934876445,83.7097840354208,76.2530999211222,75.6910423527982,74.7867255777112,82.4040079187863,70.3976592028477,73.4833472950887,77.7261861732653,81.0193297159654,77.6984818114626,70.909084479616,82.4116533863903,76.8997233701942,69.227625108041,78.718784242095,74.5449609923705,85.3074037053637,84.3185674463875,81.4644555160437,76.3888739575671,73.1799616976563,73.3059795855294,74.3507259605649,74.997480635205,75.4957398564169,75.4462738473244,76.7693612425696,75.9953916296006,70.780817410359,85.4140960662698,74.2656759190515,75.7889375569493,76.4490927088086,81.2123818007896,82.5084773561657,78.8513556520466,80.7195051597703,71.4580743619126,80.2529554064599
2009-11-01,78.4631753705161,67.130011745561,75.6057366403106,70.556637290779,71.9265668028381,79.745687954067,80.5996217106581,77.6090423690704,76.7112244037485,73.8003163623492,73.3961183755326,78.57379002413,83.5185402278721,76.0222219054321,75.6365870461327,74.4638342769419,82.5327698206468,70.4997227026478,74.0935678099836,78.442148990851,80.2704454966879,77.7697522386954,71.0120596603143,82.7039812137391,76.577312454784,69.6244768742206,78.3401825221686,74.744954606238,85.4557155113111,84.2735534825908,81.5568508743599,75.5171199411422,73.5317330989065,73.4250255791753,74.5520135933934,74.8236044910774,75.2370443864098,75.7604833972265,76.5365161524996,76.0946042359865,69.4156852503857,84.9162349956148,74.102527820802,75.9988922837721,75.6801526670979,80.2511935856276,82.4167732417245,77.1642004842711,80.469611139175,70.5333183391298,80.2173365137133
2009-12-01,77.4824446480016,67.1850127906879,74.3873203099927,70.6554584692378,72.1241158660952,79.8818510768699,80.3240001926224,77.6747286015899,76.6287492047189,73.5883020404886,73.7109787885335,77.8324996880829,84.3528099176016,75.7772857844996,75.6646022732416,74.4356401414374,81.9663127580736,71.0310705975993,74.296676061645,79.3170531898092,80.0049022987338,77.8914035332248,71.0849595477787,82.4224178751782,76.0394835932037,68.9222525291581,77.8050939271656,74.3087652254203,86.0804362165426,84.2303689726445,81.6237002086169,76.4674032740616,72.508688695591,73.2190200421752,74.4411411937436,74.3389907077159,75.4459711238332,75.7308484691434,76.9423743810343,76.4960928633099,68.5626195196629,84.8047707583055,73.0614697468512,76.0527047405291,75.5714575628338,78.8903560005825,82.3224866360118,76.5500182333895,79.5494529993611,69.0521303064717,80.1142367966597
2010-01-01,77.5113474967245,67.0540036002963,73.8686870062249,70.4849853081958,72.5009312155843,79.7540257731477,79.7110559252655,78.0868753328654,77.8505691472083,73.7957940463407,73.6483125169072,77.1503418965076,84.7418788914153,75.3627579433314,75.4270057807282,74.9109652797831,81.3676698000346,71.6443017625847,74.3488463318763,78.9213135064167,79.8419901371527,77.9093027893475,70.5206996026811,82.7569584022819,76.1232863728224,67.9853324621446,78.4025407678613,74.6469784617236,86.3445463032151,84.2463300980719,80.9957575345897,77.2079206829296,71.1880214365981,72.9975945000423,74.3920990712045,74.0383240340792,75.9893151031761,75.52377250651,77.1930183400801,77.1532914275917,69.1634664259172,84.440946477898,73.4254864113528,75.7360054951511,75.0515000644572,77.8867352602875,82.3742567169057,76.2849415844841,79.768392723915,67.142476742651,80.4620432720487
2010-02-01,76.8383708444876,67.0231894078298,72.7644604145689,70.2819842221435,72.806645238632,79.170867038493,78.7743125806047,78.1264694086764,78.2158270579199,73.7882576995445,73.6060861030275,77.4919219769113,85.1073326670619,75.070901944949,75.312882714795,75.1069829300707,81.1514605199026,71.5245927338433,74.6767821929986,78.3079203520643,79.9884261478853,77.7635018423326,69.9060600316385,82.6669387679107,75.8391642170078,66.5465665725646,78.0938934322079,74.7235639456706,86.7291926915764,84.3390848111512,80.9125592964799,78.0278762216089,70.635206483637,72.473728393849,74.1503821042383,74.4466440698192,76.6330332033362,75.9127787509414,77.0446049305207,77.0176633460538,70.4056539700808,84.6700648458466,73.4624490371503,75.5304077809369,74.6741939905889,76.8092257783769,82.1163631298751,75.9692080511887,79.6704796508736,66.6721148898886,81.041421287976
2010-03-01,76.8807995392679,68.1413451058332,71.0191557172537,70.5889184679078,73.0540765510324,78.6608899810923,78.5078975545748,78.4839329185242,77.936199484037,74.0490787131559,73.9421649074141,77.9373981224762,84.5205547177211,75.1042115711241,75.5455833828856,74.8885656094448,80.9550901444227,71.2534659681095,76.0276291109397,78.2896254897516,79.8892300659637,77.4378344041422,69.8256068731768,82.7789207355334,76.0806314154536,66.4799759193872,78.1025174170416,75.1675080531816,86.7383712049508,84.1885114006216,80.9425996380168,77.9118263791599,70.4806058194928,71.6034898439722,74.0582712950799,74.4982678775296,76.9919717480924,75.3268120822189,76.9373945822471,76.782272462375,71.8097664793247,84.4984365398229,73.9625202009272,75.4990274696102,74.3236031620314,76.8390667950079,82.1042238508924,75.8449446614186,79.3824200916798,67.204476259938,81.8967277843225
2010-04-01,76.9369509420837,68.3969115362409,71.0945786767954,71.0397035360555,73.204289415436,78.2494014130882,78.0397546933842,78.2187147384121,77.7950844542626,74.2713683896031,73.9985955674127,78.9886783557432,84.0863657258408,75.6992659361947,75.7345457149989,74.8180810686097,80.5472278790787,70.9931628788043,76.74032790576,77.7257295307784,79.9188975469923,77.2395992870548,70.0655661919192,82.9371802816994,76.1030739855544,66.6078191214229,78.6062503439004,75.6401362681619,86.9756302884336,84.0776068854506,81.2678690976748,77.5749370030148,71.0953499890022,70.1550707127929,74.106797130057,74.4951354323251,75.9129149180486,75.1589237418622,76.6892577861534,76.3438210159383,73.358424034848,84.2401465380426,73.9113183945387,75.0792530544281,74.4016265674978,77.0598293435395,82.6355535437285,76.0685118207887,79.9376697868205,68.1868715921445,82.9017112940663
2010-05-01,77.1434180026075,69.5706436075632,71.9164067434261,71.386803980006,72.8950459152965,78.7122861078006,78.0316302211089,78.9460673094772,77.4742350225366,74.0322145349247,74.3528491446356,78.6222658355953,83.744318077065,76.5041412246852,75.875655868603,74.4832794130889,80.4213328540433,70.8139903172823,76.3838714623377,77.3665333517648,80.0655789197476,77.193009138305,70.7326837825197,82.8521437060933,76.4973791979309,67.0346117851914,78.7855442941186,75.5333377115604,87.2568235915824,83.8850611385607,81.5449177170927,77.5180671498568,70.8309193740715,70.0284951383452,74.3056372785985,74.2909788328496,74.4285342052652,73.9168469355416,76.523015952659,77.1182470839126,74.0124175624893,84.3240879880242,73.805173900635,74.9234867574454,74.1607528018744,77.2004164222412,82.8823752379116,76.9079861202401,80.5956043609158,68.6025847565602,83.3138158488941
2010-06-01,77.0821861074588,70.4786858250934,74.5368425288708,71.7976140487422,72.6864111939513,78.8902717670469,78.2890471010013,79.092777536381,77.5968745574381,74.0562271626157,73.5364624605661,78.6082384763951,83.6663295608369,77.1667854365569,75.6375011508179,74.3226132168925,80.4911853055091,70.8907430159925,75.5254820870287,77.1396027879051,79.8957961993696,77.2643383383108,71.2046795424866,82.8484061056177,77.3184484201329,69.0906352855852,79.5570346543548,75.3006862071136,87.4376095302024,83.3167345526222,82.0212608877285,77.3805030537714,71.3482941129116,70.0529217124863,74.5082825074554,74.5840140287778,73.0893308799857,74.0008738014479,76.4115668805844,77.8035019103926,74.0273027308201,84.5314889634109,73.3572677367503,74.7231194687953,74.0350006347939,77.8060798298218,82.6949371778749,78.1418371724787,81.518982210576,68.2719628236423,82.7866770059541
2010-07-01,77.3767732718974,71.1960744372106,74.432872103999,72.4650369424517,72.2650221146358,79.3022404123999,78.4934169231214,79.3674244782783,76.7960106942037,73.7327314419078,73.0797239027608,78.002500800098,83.4474894175805,76.7946527795182,75.3312186963356,74.0128026299879,81.074597800254,71.0746957667854,74.5348541561631,77.192514662439,79.8054868424024,76.7526449204581,71.2364707740411,82.37911863547,77.5320808704327,70.6502745623739,79.0300059691021,74.7471527190749,87.2882768891602,83.1443207908593,82.4626910466373,76.8462642588994,70.9946863621824,70.9971227916562,74.3488922890499,74.9534018075214,73.3102535031291,73.6751319898653,76.6010083808913,78.2431190728986,73.4395993515593,84.8968842422667,72.9954395002742,75.2280103704277,74.2193289078383,77.6679505210192,82.5636749485622,77.4874812942713,82.2251465094774,68.2836061243887,82.0190884191239
2010-08-01,77.0177750927942,71.8007306255951,73.5417258660285,72.9365490538991,72.0969072055787,79.1934952142483,79.3847979118604,79.7052822964398,76.4011253798597,73.6668871743764,72.5307858839668,77.8177160625858,83.2514437042065,76.8643719852805,75.0921977887493,74.5100597368608,80.1276135942108,71.4619660267182,73.713321097759,77.7005258152685,79.8980985883977,77.244044986127,71.0237416085809,82.1720045934147,76.4409645584023,72.9112214166122,77.8448877453921,74.3693967386145,86.9762282140563,82.9463665966249,83.1476405452146,75.7614753676918,70.6042154181787,71.2169272832491,74.3574035219558,75.1062144933643,72.9754894589169,73.8054310352505,76.6301572405639,78.0649244830705,73.7151622135997,85.3090382433216,73.1104459772807,75.8495688666177,74.5740129502986,77.90103190839,82.3402627509892,77.2517166581497,82.0461497414486,68.1751748311702,81.3541993110612
2010-09-01,76.8369386427886,72.9654432462796,71.7760973291869,73.1989401710939,71.9425861994968,79.2902345636405,79.5913742725677,79.9599822027619,75.5677927217781,73.9430182045422,72.2750046639375,77.5116926320078,83.0093352888229,76.4997391779738,74.829730030901,74.5521422645047,79.2314246752789,71.9124410415106,73.0066500918984,77.9605508161861,80.2893205757513,77.3820914020186,70.990259470898,82.1396744167586,75.9506480721772,72.7611587242751,76.847296032695,74.5749823404615,87.0186324100794,83.2221478852632,83.6865224866764,75.3935174517082,69.9894960800504,71.0565818062206,74.3076463682778,74.818782321329,73.9306416542919,73.8346327646646,76.9362101468933,77.8677049027186,73.7690465212289,84.9679170043683,73.3667274630277,76.4774619143594,75.6679937694162,77.6250579110935,82.8864583585739,76.5502555709053,81.8782642900819,68.406743645025,80.6979161836277
2010-10-01,76.7774216750695,72.6535335702031,72.2671128229868,73.3034193116619,71.8757911329154,79.1610677035779,80.2651105428558,79.6525759010365,76.5637454174895,74.5678975439231,72.1735213655852,77.5210681811931,83.2268033051948,75.7865525997054,74.9373639663087,74.7350532444534,78.1588497663979,71.9384656538125,72.7907392645598,78.2522475761335,80.820421828535,78.0115573177514,71.0899458021296,81.8441114905901,75.9769695293358,73.7324653588961,75.8099471018737,74.0375133060257,86.5582139047398,83.3348206701377,83.5051558617253,76.2761902740524,69.144454527139,69.7743284744998,74.1825275646249,74.5851571769766,74.1962811842997,74.5508758047865,76.9248431180615,77.4787009725755,74.5748622675354,84.5496170934812,73.6105311957581,76.2816948938125,75.9241326839027,77.8285769362675,82.8877885029941,76.2565125061835,80.7985335682691,67.8597436960025,80.9899319935883
2010-11-01,77.7348365008913,71.8243830043365,72.9930485725432,73.168248966857,71.7456730878103,79.0905755604814,79.7633492558656,78.9032598405603,76.5061005550053,74.9788523957812,71.7472869083122,77.9940937916403,83.5875727491062,75.0583425033934,74.9900507992743,75.3858085304057,78.9268159324959,71.4578193347951,72.095094513719,77.8655321457602,81.0053655109009,77.4725915847866,70.6281243108363,81.8370780618579,76.2751984996006,73.1414407994432,75.1027301181502,73.6469997565641,86.2186583940193,83.7121733324707,82.6164584242389,76.9782293244568,69.550561061076,70.3797566822656,73.8881974901022,74.5074183661756,74.8898617792549,74.8813021495843,77.2013475338734,76.8184342068689,74.6463019785126,84.1737176335901,73.3152968775374,75.7338382717279,76.1979595035641,78.4947690114532,82.8876975294234,76.3347639445225,80.4257259995809,67.3926322051772,81.6067758452651
2010-12-01,77.3499979376764,70.2020688011359,73.7980495029008,72.6455085990431,71.5681527793011,78.8302102479602,79.6499085883039,77.9678223533631,76.8449898992213,75.324419497376,71.5750226384658,78.1258231973401,84.1331181677912,73.6856428692792,75.7880447317487,76.3068500688227,79.5909708483726,71.3420507022176,71.8880940395001,78.441297127695,80.8289536770962,77.0834083256616,70.5991978877234,82.0254283217807,76.5419888576643,73.0492625509276,75.6606180882638,73.1087976142822,86.2641395023958,83.975241257008,81.6815758358324,77.4211798441734,69.470275105741,70.6566315546197,73.82522158787,74.9362133545153,75.4246856572558,75.2320712884486,77.072681067902,76.5681457450736,73.975115721354,83.5427924916544,72.8829366374934,75.3697938435273,75.9337414580779,79.3816980146409,83.1264798419692,76.1989449781172,79.9804878923761,67.0316051182394,82.089542323859
2011-01-01,77.5099027121626,68.3936255206156,73.7840806349601,72.1781144524898,71.3802375282287,78.3530016388969,79.2237635263364,77.7745263071022,76.5789170647704,75.0248977720813,71.5860945033579,78.3730165365821,83.5941859314957,74.2517993798582,75.6270870846245,77.4682849688634,80.0003453858629,71.1924831419167,71.7520397351542,78.4368260268716,80.3589290566871,77.1399516183753,70.6727353886007,82.6725938614095,76.1681890062736,72.1408972146954,76.4411268858675,73.7542814896644,86.4756194502921,84.579871742465,81.2662444051209,77.0120440973228,69.775867205714,71.345528881848,73.9333092034248,75.4438647503616,75.4009644222355,75.5270119959349,76.9737491187344,76.2595542651591,73.9528764962123,83.6262330073418,72.4517574482133,75.280677437285,76.2656960543842,80.6251122292415,82.8220348582277,76.3279779419754,80.6421087401676,66.8028854982538,81.7869239586152
2011-02-01,77.631977359076,68.2048914084708,73.6433384178162,71.4397345249695,71.3375815000041,77.8829580655733,78.5908686351474,77.0067717105461,76.2528088385751,75.1405923083181,71.644518528516,78.2318435372563,82.915795827784,75.0754656619059,75.3744508980057,77.5425704087457,79.8871341081398,71.8045169754459,71.7938061809875,79.1087671687237,80.1288412864466,77.2555642834044,70.9978816041638,83.6175803641637,76.2580766874425,72.114313972755,77.390531153005,74.5886781833198,86.3417042029302,84.2593989822315,81.6436351643142,76.5691098026826,70.1220288108542,71.0327311825872,74.1779944244361,75.6182362778719,75.0232796828106,75.5800646169724,76.6298989977719,76.0741402552279,73.5365630632044,83.6132012963009,72.8527701234792,75.4934309563832,76.322698381109,80.1328916503438,83.2954837385534,76.8731450797211,81.509861905081,67.2848170219896,81.1940240042018
2011-03-01,78.0927129233685,69.4157789886548,73.2381340833134,71.1584996168941,71.2639075068034,78.1760224624359,78.4214614981833,76.4979438738555,76.8814671894908,74.9142019186363,71.6096881278133,78.5259561935299,82.2339118635591,75.575701689902,74.9517178704197,77.3293931624055,80.0013071110244,71.8364988033,71.7284631482144,78.7018956310094,80.2917851951145,77.3159005029004,71.4830848466309,84.4386867599334,76.2090791168863,71.6175313462406,78.1323234292149,74.9479943713208,86.6192949554506,84.261066352272,82.2488555619257,75.8987671078127,70.5191291758239,71.9387123674422,74.2800919592401,75.6826136338093,74.5651622928873,75.8985878453436,76.4901339141325,76.1589264290041,73.574578564446,84.704258455933,74.0179925126252,75.5887622603708,75.8616267073665,79.8918264836794,82.6607483654961,77.4275990919995,82.4170038754915,67.2335743631574,81.1010971935158
2011-04-01,78.1522609586613,69.871427395791,72.2618048874972,71.3034617607004,71.2803510871307,78.7166681756795,78.4554515014582,76.116073509029,77.508398617688,74.4783643711652,71.3782730781132,79.2676239492523,82.1098263738609,75.6797340261737,74.9431588679575,76.6739480950241,79.9190468187088,71.9737390640623,71.4710896092909,79.1015530666667,80.4297287434016,76.9918153588362,71.2564187648003,84.9159851666999,76.7475435399492,71.8573924154445,78.1532103006449,74.3571574206763,86.6285931408379,83.8669414552027,82.1107766492029,75.825726540318,71.1879906966793,73.1513893693549,73.9602987744479,74.7638798889371,74.6422563008406,75.5021330885652,76.1665201614016,76.3249497042242,72.9278918907757,85.0934958189751,74.6170017607284,75.8351978416246,75.7321144328467,79.5389888626699,82.2474503740399,76.8807713235515,83.1328332108507,67.2804886223827,81.2741825116774
2011-05-01,77.876567929567,70.1132587522006,71.9278879435314,71.7563407689909,71.4491534415692,79.2302787967634,78.6716294863639,75.7622050158672,77.5496357694749,74.0161252478675,72.9574165900747,78.6080228947521,82.3969085055619,75.3783344011355,75.1105097437734,76.341234812239,80.1423425014561,71.6652165448247,71.9898163053569,79.2565967116706,80.1644908418424,76.8431180414416,71.5980714965187,84.2746700048463,76.9793342275382,71.678546988734,77.8970947003843,74.0178836889082,87.0319230274438,83.6842860363749,81.6716191692091,75.9741654934652,71.0626009961365,74.9778178291816,73.9438966968161,74.6800086795889,74.7396652405553,75.4356386055029,76.0693717830724,76.92938679084,71.9567888551481,85.1053075881162,74.9027597127997,75.499905384565,75.7962429127437,79.7802254678155,81.56871565618,76.2266788287914,82.5537500770525,67.0274249019268,82.1066837694952
2011-06-01,77.9251351212397,69.9145035745918,71.7697601543363,71.9207977475155,71.658419762823,79.6215070797501,78.4825384002128,75.2106327824632,77.1652639740023,73.8405606550161,73.6288549540166,77.3494955821606,82.6231631134321,75.4833734767237,75.5682344657649,76.005846511819,80.322682957678,71.5373803968271,72.5065812975434,79.6475844151475,80.0165923976547,76.8130510521376,71.7087716709839,83.5651900732574,77.3002747783835,71.4974602943182,76.9577734663266,73.7397949668169,86.9516933314762,83.4323898744214,81.6298462938515,76.5772709459476,70.0911235952638,74.1061107030021,73.6590889858236,74.2229114089772,74.5480632285856,74.9595179305517,75.9407116114219,77.461526674316,70.5960769865312,84.7282430446316,74.554012526625,75.1479656875739,75.4535331299916,79.8498163766302,81.3365447001149,75.1843838862559,81.7064589588059,67.773207505793,82.0918821706575
2011-07-01,77.8530658891973,69.9141407040525,71.7382457826575,71.731923743467,71.6696925244499,79.4766491816807,78.5041425154684,75.1009629590961,76.7108710265152,74.4466692108741,74.8376780584424,76.8748124246828,83.4599526026207,75.5172890273902,75.4741601786848,76.0216452572917,80.9816816953074,71.285598120087,73.1003406761427,78.9249494556456,79.0641445159562,76.7331148849119,71.7344684103314,82.843046942868,77.1059590907853,70.9383834381082,77.3177147280587,73.9589745711021,87.6544567993524,83.270002747775,81.8996708067178,77.4930117341527,70.5860493374581,72.3353555830014,73.6212309563477,74.4442142431712,74.3964847820526,74.9791493668176,76.0449584860957,77.3858792495291,71.0061779700462,84.4879546215722,74.8772245020773,75.0662993513631,75.5676420087456,79.8495908672311,82.1916508342221,74.648683358753,81.1044882586972,67.9731528956181,82.3370054831269
2011-08-01,78.2861507517324,70.743099060207,71.6397288855572,71.6578729834249,71.5812329434291,79.7593352396206,78.3173524813195,75.4740128197218,76.5908310825705,74.5294245340355,74.6969320374621,76.5998034793656,83.9886890399497,75.4202976624734,75.4387278833414,75.8709768686645,80.3267637561864,71.0349596650562,72.6411643733453,78.881527167938,79.1967604235618,76.6668365188897,71.6048030991251,82.8177512037864,76.7768537643816,70.0336238737193,76.1617919333201,73.6441006261184,88.1218696506057,83.6773155768186,82.7366965527234,77.8506521388017,69.9292165839779,71.1826154223515,73.5879188789709,74.5063259492238,74.4856637844763,75.3890136758011,75.8579097605942,77.216970100856,72.4700063350203,84.3190679721241,74.7089748552853,75.1723256571836,75.3081514935558,79.320709319535,82.5597471764385,74.8250813759229,80.7966574059755,67.7545795769859,82.3521900075795
2011-09-01,78.2147200450747,71.4111508510607,71.8326302587473,71.7686339876597,72.0855162908995,79.8743238643803,78.4189627545765,76.184607441749,75.4140557101872,74.6593517946862,74.4626999127697,76.6921769356877,84.4131437117479,75.212437238345,75.101458459246,75.6054096359068,79.6081474782021,70.5506060883157,72.4514273274246,78.4963749476271,78.5612652064924,76.5374175493511,71.5126767572551,83.6519921464195,76.6179000764072,70.3076376307707,76.977800792339,73.1152015635817,88.8857118568955,83.99388741443,82.8831114055273,77.4576965705669,69.8107324720236,71.0386930863117,74.0025633125067,74.6525627434655,73.8542312119487,75.7048008163905,75.8886187204261,76.7370752511497,73.2552823618753,84.4096068384053,74.0114045974137,75.3504483642613,75.5670279674673,78.7386931290108,83.3404320569873,75.7712064877276,80.8347987880986,68.0157377236092,81.7885385287504
2011-10-01,78.3870217447727,71.228412173838,72.1790636055948,72.3740764235453,72.2777098154178,80.0128399138351,78.4881480280989,76.5432445631222,75.5057154639602,74.4473721477506,74.4512442645597,76.9129839035113,84.0338348763405,75.4128159917409,75.1128359433467,75.4110038391094,78.7199014853917,71.0664364193295,71.5739296882678,78.6538569992097,79.0739371168065,76.2961327537256,71.3735619861304,83.9123583087153,76.6748458535555,70.0772053650607,77.5048787188195,72.776824338207,88.331947575539,84.4392853894145,82.7775078230335,77.2099771743395,67.6549418939465,71.3168566597116,73.8362265892294,74.4740884111164,73.5341761477531,75.8445718457487,75.8648091944375,76.2036457170712,74.0301547390146,84.4518750906829,73.5181826540319,75.3495092059487,75.8677340764348,78.924453862801,82.7131130575683,76.0364911235843,80.7680852637393,68.2633840515882,81.8322441038249
2011-11-01,78.0317367306097,70.7415828179328,72.2797808246717,72.6757712439325,72.682852113498,79.8829076715424,78.9046877976534,77.0605911060873,74.6228499250304,74.2456172901487,74.7116493287536,76.8960651774739,83.3052953344878,75.5934991926332,75.0608025751034,75.650899941284,78.665988648252,71.694886313154,71.1621222152968,78.5788594165355,79.6228094129307,76.4368973077034,71.7073687899919,84.1654261491935,77.0582714072933,70.7917667096626,79.2939563426191,73.734100291677,87.796660421555,84.6676848500521,82.4910681108253,76.5186023696568,68.3060460327733,71.1093543064156,73.1207447302384,74.3785125417919,72.6942551488907,75.7910451058579,76.0007206991215,75.2590065416256,73.999644124256,84.6104678939042,74.0622376166305,75.3834185361581,76.087528781476,79.0842490217642,82.6967975898224,76.0496230399901,81.1908607980611,68.7226142917965,80.8860293480161
2011-12-01,78.116441486494,71.1568936804406,72.7528032939943,72.820887525931,72.6169783541261,79.3996403273786,79.2374725347921,77.5090577299968,75.3493465049561,74.3044565248746,74.7911884277537,76.8409974314611,82.7360369652705,75.4465596276767,75.0093593557866,75.9403912976252,78.8705648855579,72.0076786138676,70.8439612565137,78.4849887165006,80.1273595712071,77.0329914719243,71.8657379870941,84.3010527375116,77.3983990006611,71.1584404532356,80.4674446157258,74.7877572434566,87.2527415255479,85.0441698231938,82.4802366485471,76.1834702631198,69.2931381262389,71.4695009503705,72.5830596023044,74.2629022410108,73.9054201696412,75.9166999121399,76.1651330035333,74.9632667970835,73.4127485231547,84.6955709250811,75.0481096853309,75.8964897421693,77.3870167113722,79.6539564825307,82.2272827236425,76.0756591555116,81.9919130821284,68.9291430706312,81.1600967180004
2012-01-01,77.9156393938573,70.7556028417685,74.0461019074635,72.969286196573,72.4020011091645,79.5944283504399,79.4403213728829,77.9629915595882,76.2313726979596,74.3074575589671,74.8255725358153,76.5887742783722,82.2536040448504,75.5764260926584,75.1388130670975,76.0726182739465,79.9717207437518,72.0515549799863,71.162878476712,78.2597997093092,79.8103088323443,77.7114227040399,72.6910541210553,83.9528048357492,77.6652978057835,72.7636032600461,81.9514595044033,75.4082268000148,86.8870610421647,85.2413762635206,82.6094193927825,76.0210257657315,71.2327202999695,71.3901147684755,72.2796013786702,74.5735117455385,74.4611289956382,76.0275431543791,76.2942743660221,74.5440973598899,72.6602492272814,84.3656212989896,75.7066120858739,76.1747626550401,78.5823510983115,79.9566853147912,82.3457943248385,76.2463162273421,83.0612113988741,68.4180854216601,81.2937251047817
2012-02-01,77.8467393300126,70.1568898101919,75.0389527299303,73.2879765592656,72.2036233795983,80.0284981481782,79.5953381765893,77.2588685240411,76.3924152197487,74.3184996884937,74.5925339593203,76.7162428777345,82.4403136072751,76.0796733504285,75.9080411132826,76.279156777178,80.5908432302657,71.8597779970039,71.4989344439817,78.1756974135961,79.3749553934178,77.7968596516216,73.136548470952,83.519278203232,77.5546849976026,73.0347732091951,81.24132746293,74.9716905461275,86.6171508468651,85.1616027646623,82.5814855639155,76.0521865895556,71.9649265587576,72.524609490519,72.7376252217402,74.3623956036132,74.8655905908466,75.8076694509848,76.4433779192415,74.2702118928303,72.2406710380737,83.9957696842924,74.2995290841025,76.2452647334548,79.1354305930534,80.1715479250991,82.63793373201,76.4840354034145,83.1020141412165,67.6130092486803,81.7738407767878
2012-03-01,77.1112101489879,69.7627582408595,75.3320585916696,73.3742362238142,72.2614168211978,80.3092364710615,79.2356375775233,76.0103113984883,76.018823306673,74.3597805729399,74.5229854068728,76.7586038537724,82.2723099661341,76.4717487879123,76.5079849212579,76.1164970550855,80.8563426762357,72.2687460581629,71.2091700023403,78.5688527100088,79.4913562012988,77.5395435717785,73.8480852292207,83.0726669805263,77.2046022794771,73.4585934079037,79.1735296840117,74.7439300222935,86.5220646300426,85.3023997095726,82.7774683980244,76.2310554836619,72.2109565263092,73.1147303798476,73.0105801314045,74.9632551718264,75.58041503884,75.8285688500509,77.2536475530163,74.4793062313964,71.9299820615683,83.4950704931189,73.1595839827831,76.0926197798432,78.5690810512309,80.4473003121985,83.1143810825468,76.5963110890084,82.2416095509067,67.3306154344469,81.5033485290392
2012-04-01,77.1112673302934,68.4495748286631,74.660663491232,73.2944643970381,72.2744638680605,79.4154399701418,79.6795390459993,76.0584239570443,75.7659437268103,74.6246606813747,74.0245815745472,76.4496051808454,82.2563257457277,77.0987571309048,76.7150777564292,76.3145445923537,80.8577048610735,72.9151438413947,71.3354164707849,78.9243389555581,79.7366554021536,77.3693501120534,73.5776292296581,83.4782868690254,76.9899643442112,72.6361895823047,77.4417639310737,74.9003579478329,86.6636946990676,85.5593690525816,82.9987864903511,76.4741649360481,72.188190262232,73.5779536071444,73.6043516794443,75.4855826592223,76.2481708798177,75.6819541096916,77.6857909408995,73.7953806214067,71.9090974019727,83.0736776923531,72.4063764824139,76.1655427468582,78.0046944037518,80.3563627849647,83.3403311770172,76.5292209113709,81.1038541537038,67.3274783173083,81.1742371550973
2012-05-01,76.6198245672428,68.746729609396,73.9569630902932,72.7941480466587,72.47812507142,78.7728902663183,79.3928467820075,76.9727201342459,76.0554610064765,75.1427819069075,74.0715140897267,76.0589226490363,82.7264758077438,77.6091579270417,76.2852344745764,76.4745391096926,81.271582337352,73.4460365849598,71.1071215597328,79.1283517386632,79.7356006055411,76.8558145657226,72.8504073700375,83.7028845932326,76.8768847252688,72.8115333999979,75.2779277391402,74.6243034831007,86.458998360101,85.9239609900027,83.3973304959827,76.7183272738028,72.1528945964634,73.7738328776719,73.8630260800913,76.29908059433,76.9640998482063,75.0584003663774,78.071220133077,74.6109836536788,71.8505666121184,82.7823945737415,72.6607365648398,76.3493295005567,77.3770113054747,80.4553065165388,83.006533407392,75.7214026399357,80.0893971950459,68.0028947825123,80.9266236275724
2012-06-01,76.1330244213024,70.08318580558,73.5020738062541,72.3649476579413,72.4388118295207,78.2123730583048,79.0227664826605,78.3240833646254,76.1516356097879,75.892388981807,73.4521876162989,75.8548639432846,83.2555426353383,78.0999683741821,76.0498262638998,76.4823818031025,81.3383980212869,74.1321203234467,71.1203261715834,79.0017509086188,79.3479891119798,76.8767539759959,72.6709560431291,83.933680962488,76.9805234974614,72.6643573110475,76.2306101839635,74.7851096968678,87.0890549005756,86.2782997851604,83.5121548787775,75.989307046537,72.0815040019597,73.7909788288054,74.217275805575,75.9184597328589,76.9692563218358,74.777700878659,77.4301951089063,74.3466088062799,71.2463690426154,82.816329375102,72.8532868256098,76.3403680198041,77.3384052265311,80.3018085297605,82.7939526077288,75.9046308915534,79.6838127887901,69.0640431300985,80.8174430243812
2012-07-01,75.7659864908325,71.4614338238477,73.062414126771,72.5589787323614,72.7888420464261,78.3244654778786,78.168367802806,78.8099217356141,76.5601416322408,75.7151836139517,74.9962129440061,76.1696755104244,84.1696342435345,78.0959442388293,76.1506527481314,76.3487060222366,81.0742663434925,74.5177638759723,71.7519654203126,78.5001571421335,79.5639985677099,76.4262795039184,72.35662088222,83.5159065984235,77.3318454058418,72.8874350446685,76.9843687527753,74.8047478415824,87.2346502043173,86.2029312409023,82.4822715337828,75.678964621897,71.4907890763991,73.5002727816287,74.3522270860192,75.6501501858561,77.1132989218242,74.6720900605793,76.7941095226939,75.0852878841407,72.5337668144973,83.1405818241643,72.6143323762586,75.9673845890849,77.0616612688722,80.1958200968868,82.4048606934275,75.3430787647029,80.1742937666519,68.2724359999859,80.7040399758776
2012-08-01,76.044634957645,72.3695051184607,73.6283370041981,72.4176146499654,72.9241962356811,78.5221377161614,77.5220544027982,79.1807056086841,76.2202583747339,75.3446295234923,75.5443879391797,76.4779786973352,83.3261282310238,78.7324928652754,76.4007890927544,76.1033531409257,80.581083313879,74.2214159835148,72.9430590267024,78.9449269463884,79.601662282529,76.4644711609187,72.9574231044437,83.6259519220134,77.7141237509351,73.2380283781161,78.7334658188765,75.2282797721986,87.2428090593491,86.5547345084236,81.8742001383973,75.2040833204987,71.5922500450414,73.5672751290091,74.1812817654436,75.4585457991335,77.0817526468932,74.4921837100656,76.1352011085263,75.6546991591269,73.4721463503898,83.7859353774799,72.712884662486,75.3349424106034,77.1552272301991,80.1473258258822,82.2486579277523,75.5095267071483,80.8200315138593,67.8135459320722,80.6446362405492
2012-09-01,76.760522535999,72.3469572451771,73.4916217938471,72.4912284130919,73.471554262699,79.1997005684954,77.1312301493734,78.7173949822273,76.9039840740776,74.728541908216,76.1363091856362,76.5077020332188,83.4064617061163,78.4535981580248,76.7906452877257,76.2429619393509,80.6307892550051,74.1460293938881,74.1020798679856,79.5480337470825,79.2868778602092,76.3204205880579,72.8900932775067,83.9975477713401,78.1478052433092,73.4732802886364,79.3033494270116,75.8879265474605,86.8560220237805,86.4016394888339,81.9953353853303,75.5302901263622,72.232669583679,73.0344043100819,73.9640582353082,75.6106869836223,76.928272413277,74.4809318897745,76.118337113403,77.1483409303658,74.2736821445322,84.1648371799748,73.016008710607,75.4897155644404,76.7338115171695,80.6148012707526,82.2963446239754,75.4060485901845,81.1148164139638,66.8118806195445,81.0741221421277
2012-10-01,78.0252860912076,72.2947103283809,73.3144058146006,71.6810838207818,73.1116951092029,79.7778971297417,77.1457264343249,78.4780659895124,77.5094281618519,74.5907952933204,75.9196992118025,76.3114864266234,83.1628375092738,78.3481871085839,77.1379431559842,76.013098961763,81.120996193992,73.7440347268627,75.7795250783565,80.5594088619232,78.8153057242636,76.2990521920432,73.8345366366639,84.1824433228296,78.3894296718356,74.119246601868,79.7724300758337,76.2128051567379,86.7049785313971,86.4408807449016,82.0344277368027,75.7659770519167,72.359280664472,73.19255662802,73.7771650162019,76.0886688932529,77.1124104813596,74.1332352909066,76.4537204628262,77.8618890258259,74.203809803169,85.0044266412699,73.6591309154755,76.0943710127846,75.9951649093516,80.9325432954511,82.8039053628308,75.9309818383348,82.1675180038126,66.531334613832,81.280026030878
2012-11-01,77.6054430901047,72.5002371919975,72.1583636978102,71.3272643042757,73.0344777539112,79.9845409166083,76.6694712122164,78.6679261138919,77.7915023319717,74.6029405591017,75.6218708569781,75.5313562368522,83.4499251041224,77.9936750184088,77.41460927938,75.4523583891349,81.3817016000298,73.5729243875355,76.5417139804813,80.0477907886984,79.0533122127047,76.4705526055661,74.4454457745643,84.1258588303071,78.663064680189,73.3598042710103,79.5461468979436,76.3810323355037,86.6002744472762,85.0818772338396,82.122585654266,75.471632829649,71.8864691260182,72.7807408219261,73.9231486875902,75.8633892425024,76.0233571048433,74.034965274799,76.3814357757056,77.1263068828534,74.1250997114078,85.2989556215409,74.4529957990796,76.7434810160807,74.8603957041264,80.2855346689129,83.2490831181707,76.9383122993739,82.5441402357667,66.3243177793559,80.1701845504142
2012-12-01,77.6648088717005,72.2968886029177,71.5862392677728,71.7200070887711,73.0697068104718,79.5790370476322,76.7079730822567,79.230504461049,77.3123304433142,74.5310111986036,75.4947697923368,75.6129834010809,83.3526678792415,78.6043485742747,77.4584318083652,74.7457423457652,81.7760522670287,72.8797373936907,76.0716152655411,79.6094954475088,79.8324834580222,76.8754634193904,74.978369867418,84.1480670606997,77.4474192350956,73.1738431401857,78.6901480115444,76.1966472155226,86.016454424781,84.5454909019909,82.3372131131049,75.8358181768392,70.6732812512267,74.6466529123288,74.2246233032845,75.7272397737516,74.6443759395221,73.6161085921839,76.2048474670145,76.6671829983759,73.7467845615654,85.5960567933871,75.1030386483753,76.9154810969659,74.6150944287473,79.8739812423579,83.4058780717247,77.0761769193947,82.8829048225906,67.0032925286321,79.4446874409465
2013-01-01,77.4687955258675,71.4665652475335,71.2325640196734,72.9532461036505,73.0668345126119,80.4476748902057,76.7848888525277,79.4635438124349,76.3808711933928,74.412397618927,75.6055934641335,75.6719985072454,82.9924222122741,78.7023527849875,77.3307320495243,74.4361929886461,81.5202187935096,72.4031068750922,73.5236851485257,78.8748991091937,79.9863879672709,76.0514170393913,74.3032862927293,84.2107341279032,76.5916514536201,71.0651211224055,77.9260078566245,75.9533515066325,85.4770665324416,84.1240715183512,82.4196128585448,75.8766819605816,70.2357630477588,75.0448916598232,74.3009272290525,74.9034304207343,73.7121592103868,73.5130411029333,75.8611709192334,75.932041574552,73.9842193667962,85.3484771590269,75.7612758264622,76.4530752146439,75.5071856282166,80.0009619774378,83.1917785993187,76.9351095362032,82.2324920304569,68.6516334782846,78.9481656185504
2013-02-01,78.3730954317059,70.8204785962539,70.8040154305745,72.7671416653955,73.7157533985047,80.8526827330714,77.2451847303493,79.7203530987197,75.6092580349619,74.2510041105874,75.5485997976994,76.0601938431516,83.7397596512833,78.5233746110859,76.8536135306315,74.3202446113336,81.3990282067301,72.0935135404234,71.0218617503766,78.9380877549803,80.4976897276585,75.9871391347158,73.9981011744235,83.8376104238289,76.0459064570396,70.3954634086436,77.217281101302,75.4791918094139,84.7005924995881,84.8605000295322,82.7394180757266,76.7866737508092,70.0162662081287,75.9127582888121,74.4536101042088,74.8383881310089,72.845037926108,74.020035580213,75.5651166528313,76.9954170077014,73.9155388239306,84.8528636535871,74.8363649627617,76.1580753211382,76.4383684276724,80.2236349321181,82.656875643678,76.6845923029066,81.8369581324386,69.5697669541676,79.0282810573438
2013-03-01,77.8981219280052,71.6454663956955,70.0520018778431,72.489743028058,73.8666022015294,81.8023201911711,77.2374451792818,79.7807174399955,74.6292422112383,74.5126414271778,75.0064048239687,76.0357074721993,84.6468869731875,77.963766366666,76.573354746836,74.2212282858806,80.9835044722743,72.3836993697895,69.7246346365515,79.0274870840997,79.8816678192288,76.2132797285694,74.0403256229686,83.8099809437145,76.0551797616688,71.1180397574051,76.9982491039702,75.1692120475492,85.4229090255104,84.8622120212975,82.0447850200172,77.4760377411998,70.3570160625142,74.4700658039975,74.2208604131731,74.748025413315,72.4032042292932,74.6213178411479,75.709411520148,77.1606312922817,73.4651932107943,84.7167156906459,73.6252691526882,75.824869787593,77.1986084567634,80.8206349832064,82.5375984024551,76.6701884893181,81.3249423755958,70.4675638458429,79.1038267766086
2013-04-01,77.1628087100766,72.1362540245487,71.3877989416196,71.7767532185845,74.0463436816888,81.2639863979094,76.9673094043954,79.7741723142488,75.0001220431451,74.7419898338847,74.6150866593989,76.7389090425273,85.1187940104172,77.6673930768878,76.678473599359,74.7384394451465,81.1615151584385,73.3765194999153,70.2324066467276,79.139899492394,79.4595412770313,77.1934771652642,74.5654101140401,83.4441558519375,76.1259737906953,72.6995288985986,77.8664561163252,74.9499969928088,85.393858008192,84.8889595087589,82.165663638158,78.2985166649056,71.5877790152726,73.9544131602777,74.3082248553945,75.164587784996,72.6984866200293,75.5048376947605,75.8918383107987,76.8779045225272,73.0530899843152,84.4055856272395,72.9497468395919,75.4967044268765,77.8041486064828,80.2368055691855,82.2097466272361,77.0539661119528,81.2623008154011,69.4758004261096,79.0777340988974
2013-05-01,76.7070120400935,72.966568947252,72.3238947900209,71.6782034953683,73.9067334440556,81.135090967892,76.9855617289083,79.2844619693333,75.0507921075553,75.1985998532295,74.150947963549,77.1549468283548,85.3222140698204,77.6828200915456,76.9772307942149,75.4355167390228,80.8814526683201,73.2180687876748,71.7441688711983,78.8713600602279,79.4135087184191,77.5639674373175,75.1257110205721,84.0117062275385,76.1145037525038,72.4387668578684,77.7148030142783,75.185625094633,85.8231678485414,84.0755008395875,82.7131422181834,77.5740468940216,70.8417814934134,73.7034333294108,74.3064412866868,75.6104107683535,73.5291756550304,75.0864217722152,76.425670985353,76.2261593175784,72.9680631795796,85.3332496707216,72.8016797610034,75.3997068926392,77.9847426740249,79.9865529361937,82.2977275429452,77.7878746275776,81.1685395703356,68.7875673582943,79.5447411383995
2013-06-01,76.7413961212258,72.9291265794496,74.1880920322833,71.5465131599445,73.9664730017288,80.9144508742111,76.9778048602213,78.5112541526291,75.2284276144996,75.4701553513344,73.9685105988253,77.5310999731688,85.3560879199683,77.5972565735641,76.5877774434075,76.3824496738382,80.7334982814065,72.8457058062243,72.4686231749316,78.1684178455946,79.1341914529668,77.3565694920558,75.1774397900384,84.2872288778364,75.6993667159459,71.8161559867105,77.8763373804945,75.9343291282881,85.3591907175183,83.9171372510935,83.4416468494214,76.3188426742241,70.5656541756929,73.5476963389512,74.3809009701254,75.5064882235946,74.6845062060571,74.7716648559587,76.7063983239528,76.4512982583006,72.6198027388574,85.0125946306159,73.2831963035392,75.5935647464926,78.0165204994841,79.4429858921541,82.1181193746093,78.1848526788997,81.2665516710476,67.5765006073893,79.9678559371063
2013-07-01,77.42266112234,72.2685146679108,73.3752186474446,71.325931981538,73.9120456855377,80.6557387418865,77.986202851694,77.7786543748705,75.233285720759,75.6041909525413,74.1220619195671,77.421281818628,85.1161366518258,77.7270086375266,76.3212957739446,76.6303545642372,80.7115421093831,71.7384268188325,72.6704776368029,78.2395275074605,79.249214206093,77.6359203828543,75.2652001115896,84.7060021671454,75.7580298184849,71.6415122774007,78.1994797453117,76.8329302863362,84.961865900776,83.8686407922126,82.8128754801353,75.4877808298965,69.7281025121663,73.2655475823378,74.6007478721886,75.1835032086885,75.8634665203352,74.1954094915912,77.4654079975363,76.5541696876879,73.0596820812679,85.4585805782411,74.0499847906812,76.1457873623753,78.2748460833466,79.5365372869705,82.3274632255825,78.1401925926664,81.4207608179314,66.9326674586722,80.4936838947825
2013-08-01,77.5863354364198,70.5650942743716,72.5748643277271,70.8363974083614,73.8620535567778,80.6325157092534,78.4356527513661,77.0884713121265,75.9872731545913,75.3358801819472,74.1692180611439,77.5217946467521,84.576632428092,77.4074369340589,76.4308646131138,76.7841038682118,81.4372544218633,72.28224801726,72.1824760719328,78.197213101261,79.0986426816758,77.9244019043628,74.5034744791586,84.3980847990239,76.9510491766788,71.8041782758831,78.324544154058,77.8451886003126,84.8679842942538,83.9842196436635,82.459535658039,75.1443777630081,70.0535996478492,73.3719906201598,75.0350170879067,74.8407260156709,75.6057440605902,74.4237599738063,77.1162365288325,76.3645353617269,73.0262141029607,84.5986199811967,75.0726728497741,76.2765995702096,78.4509019909156,79.2395531357252,82.6512714415847,77.6602601430729,81.4702453855498,66.7759099528015,80.3281779751434
2013-09-01,77.6692210795603,70.017492123016,71.9982170858311,70.7767665569547,74.0497808545056,80.1899777129584,78.0557750543665,76.6917253080902,76.9265121021063,75.1644861039799,74.2788037282339,77.7460091400591,83.9134771403532,77.2850441292034,76.5291320337188,76.7307000997215,81.8796693744155,72.1363076684072,72.3963720109745,79.0944945075272,79.7117920254223,79.1215538838539,74.1860863796001,83.7410908290007,78.2727172363345,72.2518240050807,79.0791991216181,77.9572631633912,85.2517874881902,84.4419213171825,82.4274666064992,74.9719712906203,69.5816636672997,73.97520613837,75.3007890566824,74.4416167780203,74.5511603561787,74.5265071537846,77.1404313881883,76.0493100771078,72.9719570020302,84.3455663149922,75.4053099197249,76.4113126294692,78.2687269016423,79.7883865853358,83.2372124454,77.2548374385957,81.5699740076972,67.2864496648101,80.6951632991288
2013-10-01,76.9237007402275,69.4504844050645,71.607560309456,71.3737583995459,73.5523129091766,79.5424344245254,77.3995816664476,75.5901433847408,78.0228736059438,74.8701214332572,74.2981722819139,78.136935503088,84.003956882079,77.1007583514876,77.0518602934432,76.6792743310308,82.1203588733552,72.1555456946771,72.8524246813617,78.5677915893306,79.8078305248729,78.5827161541825,73.6943980743103,83.7762072623166,78.5944227750856,71.7470531684328,79.1925255188326,77.6812027001017,85.21555226675,84.9258587832327,82.8848436303494,74.6680907868806,70.4328148932011,74.221620313749,75.7100087484856,74.4492809974752,74.2302915760344,74.8430100393691,76.6859679723945,76.4338069817456,73.2664422919858,83.970283734507,73.7511561825974,76.1709272475897,78.2331021200929,79.5753628558866,83.5848258338388,77.1576339742827,81.7905210469993,67.9771605911631,81.3575693763247
2013-11-01,76.9404039613558,70.0477218954697,72.1053285586567,72.0828630069646,73.3620759582959,79.0820830752338,76.5668896316927,76.6440329675456,77.1617640829245,74.5341243987937,73.931966150011,78.6394593717071,83.6372951658119,77.5926494848793,77.1434978247696,76.803280502005,82.4872833145965,71.9034746249106,73.2982599256927,78.440126303322,80.3278128536894,78.2299662674986,74.3480900499459,83.9389004149898,78.2026833945787,71.859390614154,78.5520305424312,77.3777009698459,84.8530818321016,85.5408792457622,83.1092187295283,75.0738850863835,70.172193165684,74.2801451812868,75.9004583368514,74.8345314492354,73.8678957426591,74.9007423233634,76.4619566866979,77.1222370362276,73.6565246613523,83.6678102783017,72.8932145810711,76.081474740837,78.0416318156375,80.1733224855236,83.4270445853571,77.2108672886315,81.8911863649056,68.7937825536979,81.8316678874623
2013-12-01,76.8346563098276,70.9348930206773,71.8567803368142,72.6443862134667,73.2700007625173,78.6704672734903,77.4090589700325,77.4098157818092,76.3405337236287,74.669554905796,73.5226795745485,79.1896044919659,83.7015220697473,77.9352242765643,76.888363725365,77.4560707275321,81.3950790289827,72.0569400323504,73.7109638715893,78.538800271221,80.3049615103946,76.9737168767485,74.9019116728721,84.6066369451789,77.6744038328929,71.4913242511694,78.3191490896744,76.8777049096969,84.6840546909312,85.8282216755698,83.1130458078176,75.5660000279723,70.2805667052742,74.5455983120698,75.7449316440142,75.5944316991363,74.3789822130628,75.2599683467593,76.2139645917979,77.5196212087984,74.9489964623702,83.6601351451168,71.8853860966898,76.0342773777891,78.0784303754217,79.9732509739726,83.5566416272898,77.6416829728219,81.7385618852156,69.0888436942736,82.1689265499756
2014-01-01,77.0666592215089,72.4780902841078,71.0436118768651,73.0154215207146,73.3120974353788,79.6741444355028,78.5092243052591,79.4788560369928,76.1871511483381,75.2186406275413,73.7544358022797,79.5167432887134,83.6972140624169,77.58712606071,76.8795328134345,77.9982020962896,80.2563065380829,72.6123137836523,73.4045215898071,78.974845642061,80.388407193822,76.4473777752276,75.560342264765,85.0913800700344,78.0209650208995,71.4515334766882,78.7792323971928,77.3378414799024,85.1524815621698,85.5046362064998,83.00462263433,75.32150956916,70.1527369762598,74.563505197975,75.4331096818087,76.2055972788855,74.5845043212404,74.9692195533734,76.0882431726109,76.9217325605715,75.0181299502566,83.5292954884201,73.6729545061903,76.2924897761662,78.4003360243522,80.1267432498088,83.8333493777359,78.0458140470409,82.0341422153228,68.0180148737436,82.3569016458048
2014-02-01,75.9457416700766,73.4182034470614,70.7338829398866,73.4436337824284,73.2838933964442,80.0019773996958,79.1900624125123,79.4672120831159,76.7359218592793,75.7868120753157,74.5339988603445,78.5252903748134,84.0849552486223,76.9743446697471,77.1956061727228,78.3388826793153,79.4946701378506,72.3994910763976,72.8099984251637,79.5843078486458,80.8516015379587,76.0892095206948,75.1145361464024,85.3768043592456,77.8523987443069,70.4899812178448,79.9192378984197,76.3215788389335,85.5238927766924,85.0880207418129,82.9426910600181,75.5420702215761,70.0369171381144,74.7159276761561,74.5391384470736,77.1090409886523,74.5989552893674,74.3706513320145,76.434674488085,76.8056007301282,75.2258722070872,84.6045310435761,73.8022401660735,76.7204928533767,77.9864147032728,80.1804029143265,83.9069236688437,77.4867237704654,82.8767022060054,67.1851382648006,82.1506241051539
2014-03-01,75.9589614102212,74.9608909142265,70.6839570260504,73.0990773506498,73.3261329403155,80.5401938819503,78.8388285214681,78.6988139450971,77.2515020916679,76.2196769598693,75.5815522285626,77.4738093324502,84.5507331135338,76.4156495197349,77.4382588094778,78.6660412954653,79.9112742537745,72.2982388107522,71.8929309668975,79.5257063583171,80.70869076629,76.9586308455045,74.4946055456126,85.9251707212866,77.8349694908991,70.087653035098,80.8178494387125,76.0601395651657,86.6960952729542,84.5047016034351,83.0704999048823,75.3666781966714,70.2751174189985,74.792428286372,74.067049066038,77.7065794736747,74.8275161460654,74.0792653017863,76.7136941984811,77.1275384485351,74.8581395800548,85.2834880198016,74.3561880898763,77.3307988825925,77.5598756175869,80.2747764776169,83.6127430131147,76.2660497866089,83.6157646273096,67.8480791033451,81.7379612847047
2014-04-01,77.46547174529,73.8748792157791,71.5895581981676,73.255159926783,73.4197425799933,81.048255201198,78.236200119906,77.9531634208534,77.7759854342921,76.3224872764861,76.4306029532128,77.4159445045081,84.7165536550577,77.0745550262067,77.747462199278,78.1532971984618,80.1846986135819,71.683804743855,72.0435181651722,79.3688545404095,80.4526085107822,76.8946346641847,73.840261343685,85.2598170612774,77.5882853039745,69.8038805958576,81.8230688833314,75.8217569623122,86.5031252739283,84.949418040949,83.2887193703901,76.3958153337864,69.5024614368856,75.2903999551354,73.5030325528864,77.9578603815756,75.4149145453263,73.9077530624156,77.418807378087,77.5955551662223,75.2520615304493,85.6175579034302,74.161699526912,77.6766907290709,77.232408322828,79.7715737590583,82.9259429911986,76.0989171836962,84.3228696980879,67.6052790499642,81.6026882853236
2014-05-01,79.0681008637618,73.1609676968659,72.1501163450103,72.8740770678247,73.6643984006404,81.4142665994429,77.9571997704801,78.1462400531918,78.3855558138541,76.1702105825613,76.296461737545,77.4723796008607,84.8491260397882,77.4482937923289,77.4418157991801,77.6529933622584,81.2381312484438,71.5318653853567,72.1702984941236,79.4885083074161,80.5724090791555,77.3056663306925,73.9461185078787,84.8492463514871,78.0096891891154,69.1295500628748,82.3559747132466,76.0901681221851,86.4216947018059,85.5482915153043,83.2266649585338,76.5458584800763,69.5644846945358,75.4000001036374,73.0947860263135,77.4211184977251,75.3817445552143,75.3469036917598,77.447041071679,77.9947305785512,75.8391612989347,85.7743513101621,74.217875973345,77.7725033228643,77.4360003712718,79.4399234834281,82.9561123930752,76.2318129620212,84.1842055347308,67.5081899560526,80.9461023177458
2014-06-01,79.282266142208,72.3439248971925,72.6271521434973,73.5994366599214,73.9002058909829,81.912054912541,78.771913221284,78.4820743115493,79.3591824625349,76.1390728950456,75.0762160250088,78.2938753081084,84.771592417141,77.7268406813966,77.7954818212088,77.0496427039838,81.3459109475498,70.4159978364466,72.8903211055269,79.6682524145901,80.9051275002004,77.3279279633638,74.7246767036114,84.5172592430698,77.9582221252352,69.3205196609158,83.0660171669532,76.2282530217267,86.0263425452004,86.01917082974,84.0571228548285,77.3937396966294,69.2907429868327,75.6222060576754,73.3802126183286,77.0555866652252,75.1025124399458,76.7248876771301,77.57529537155,78.4891956304888,75.4737946187135,85.7864436188378,73.8441322907114,77.7334420283886,78.2059363242796,79.2061521961076,82.946489955259,76.8929920836736,83.9903216816461,67.4684036847911,80.7601409649262
2014-07-01,77.7402500382692,71.6177588017328,72.1231546775425,74.1389115556341,73.9542101418701,81.6849067922423,78.6876470768412,79.1913312086113,79.5162558401082,75.9833501728467,74.010158845054,78.5880260391041,84.287980808754,78.1366246738705,78.5867821026414,77.3646910469599,82.0638235886195,70.2217567944859,73.1176178347627,80.1444343354003,81.0222706963027,77.4648778514636,75.3610256732562,85.2038122991084,78.5925219801536,68.8096671362409,83.4922003502811,76.2253671386235,85.8066435243224,85.5094464936228,84.4275108451408,77.4237139931847,71.1044627074492,75.9526252060598,73.7931806886997,76.6997093283389,75.3943145877041,77.7973885193284,77.5809439700546,77.8506312368933,75.6223111787863,85.9498480253006,73.832818205411,77.7536513250071,78.5460169150003,78.5894102588329,83.5597161522143,77.5938977554476,84.0648274589748,67.8971467055597,80.8439685647797
2014-08-01,76.4299498682382,71.1580381721596,71.6526971731891,75.3519729447174,74.2553150721556,81.5538836665091,78.8644868657482,79.0783397540216,79.2384516819005,76.0710323644123,73.2443064264941,78.7113009085261,83.8313010097006,78.5962144718683,79.3634305986578,78.031167591935,82.0440841552985,69.8371854855805,73.7228470484866,80.2640667242248,81.066119422349,77.2295545964806,76.6071727092338,85.5627484974069,79.1665187137216,69.5201628161352,81.8457522383597,75.9101956747859,85.9599084226531,85.0204749098333,84.6679821746799,77.9100151231099,72.0577512602109,76.7343709431045,74.3671208833108,77.0382210270281,75.7863356442977,77.7872063031869,77.4437198462204,77.3887798853133,74.9909545210371,85.6102599287872,73.4907138798449,77.5793265192456,78.1634677502278,78.5630180870449,82.6984045848279,77.7354221227514,84.1562887885032,68.1447578578417,81.2058555227782
2014-09-01,76.0594079352664,71.3576000199774,71.3903201816106,75.5567780833922,74.4718536749233,81.1935528363973,78.6899098431572,79.3006451774177,78.2253891501686,76.3537352808706,72.7119056452044,78.5194146527169,83.2569505262663,79.2610619706036,79.0744056287179,78.7854360505537,81.452472833354,69.9095542276853,74.3059021703643,80.4399958603005,80.4965926883711,76.6854283481419,75.999940788392,86.1020742934074,79.6094747419496,69.3350489555741,81.2508155784418,75.9248307559067,85.658931837807,84.8663921930626,83.6466496736785,77.6796697427938,72.3970472675056,77.3412293109312,74.8862368345668,77.4725120198818,76.3824233759315,77.0410713059164,77.4146458995245,76.7152310927943,74.3123417226523,85.2963125158067,73.3347885763918,77.4299633711895,77.5895336487452,78.7226683278111,82.2371076794004,77.8140634956681,84.1448198630288,67.9211840332123,80.8121978448284
2014-10-01,76.3778036935383,71.9546009872492,72.2241991277995,76.0001155416225,74.6918935946564,81.0708605339306,79.0104318787611,79.6482637454911,78.1847560751162,76.7211121336473,73.2929292188878,77.8674205547302,84.0326912851935,79.620532888005,78.6869663068027,78.4597223194309,80.818283163038,71.5451294118446,74.7837358763782,80.4700195684903,80.4671438937233,76.391344363274,75.3875090860809,86.3168618184439,79.8349506543593,69.9019913445641,80.1038690866715,76.1636322877466,85.933202087615,84.8889255704578,83.1740192498597,77.8379144802591,72.2000544808127,76.5173541630805,75.129741681081,78.166898151873,77.580391708347,76.8357346891954,77.453426474167,76.9939084008682,73.9663666384025,84.7543491544075,72.8733490525633,77.1244784252088,77.3618306640906,79.1127976745694,82.4326099032694,77.2292818322304,83.016750218262,67.404685345833,80.571605056354
2014-11-01,76.7902603304697,72.0313573355357,72.611311211463,75.8507499967088,74.6927103960717,80.829990413788,79.1060891683282,79.7866461138945,77.9559554583349,77.012357420786,74.0789187175348,78.4298679271704,85.0321918788917,79.5638752244182,78.479412883587,78.178097968576,80.2706672058349,72.4562785473738,74.6869962059496,80.5895612945282,79.6704672326566,77.2939206498257,74.2563751793212,86.4119744725921,79.5617566675673,70.1845051534614,79.9918326101424,76.5519947917434,86.3517181838246,84.8720242236435,83.1523483834641,77.5268727074535,71.8631909879784,76.0107733962457,74.9536943779811,78.7346258267748,77.3223840045939,75.9647300865843,77.6692983224935,76.5736500208297,73.6349955767014,84.8770331456994,72.6566686487886,76.9990713943733,77.1377254713659,80.0635525963885,82.4751981803567,76.6130780711832,82.4270219863908,66.5314351166263,80.0565681256328
2014-12-01,76.4462841313571,72.7113778943235,73.3993147554453,75.9343170948704,74.6899181248391,80.3269835018547,79.4862563129477,79.3738066487357,79.5050102110673,77.0084589266987,74.4553782684731,78.7443727778862,86.0243567833425,79.4937665532781,78.6885237700425,77.8351901843356,80.4298139273085,73.2900814245067,74.5775172365069,80.2793056234713,79.3574291421489,78.2785563789083,74.2617812887464,86.1087541420278,80.0843489425751,71.0393426551429,79.9161053161129,76.7238780478959,86.5752697659246,84.7960524657192,83.3373616194526,77.2822056107485,72.256594491912,76.0423873559401,75.5438855281578,78.7444028084491,76.8542022511101,76.7017015804028,77.7024964166552,77.2230257619347,74.3220387111803,84.493196141908,71.7572028459489,77.0483920175912,76.7730328066161,79.9609757332352,83.0146412454051,75.5826744077454,82.2305019634206,66.6014113895645,81.1804014185916
2015-01-01,76.5053818490341,73.2750258573356,73.5656577590455,75.3532756153679,74.717565765213,80.0422999623347,79.7877629683204,79.1214488793569,80.2147301991681,77.0413209759143,74.7845068460044,79.2968003853636,86.6669160622557,79.4568347283042,78.7456527988297,77.3579956400524,81.275766894533,72.8907575877738,73.9663295007688,80.3579565420784,78.3943076036831,79.5031668960367,74.6174869673917,85.5536086794808,80.4739253895913,71.3943973359796,80.9208930715187,76.6506478894667,86.5164123853662,84.8404228409571,83.3356879863278,76.5236306080488,72.5002132919535,76.0558346967174,75.66893809404,78.7798322526462,76.660761420186,77.1452870582746,77.7596554845773,78.006761506074,74.8686343903472,84.147034538227,71.6710567523282,77.1499537848005,76.6387713712179,79.8354800181828,82.3131849719582,75.9548588206219,82.6298104106547,67.0750962125687,81.6892579567208
2015-02-01,76.0043003187768,74.3843069481945,73.223074779122,74.2972438812733,74.5934712021484,79.277360547039,79.1377335343469,78.9180023120765,80.1083376626751,76.5630554365694,74.9258999182923,78.5282155770468,86.7850169150704,79.9528014833036,78.5437574001268,77.4383684509453,82.3324313288063,72.8929793779187,74.206137057401,80.5726173312742,79.0016686468979,78.669499548204,74.8326664387686,85.5591117616984,81.176640692819,71.6409822214649,81.4959954535673,76.786944797334,85.7329596084186,84.4793021712933,83.3523758113538,75.5033913287093,72.5174197952653,76.6239639424746,76.3446668841503,78.6059096089357,76.6957589081547,78.1831054504789,77.721235613822,79.5389275493079,75.9778554865151,84.2507591812625,71.7616171401035,77.2768590996858,77.4923665541265,79.356414422313,81.9589091935743,76.5595544524589,82.5137653632234,68.0588280721313,81.702911753569
2015-03-01,75.150706179279,75.1587885852555,73.3986515104852,72.8794946180988,74.7378342786371,79.2172606827494,78.4054056320296,79.122035831229,79.1779487485951,75.8272265896029,75.0028972054534,78.6364040347355,87.231291602652,79.5809625772143,77.5982248959131,77.6928133144948,83.0218520117495,72.0896850983853,74.7702191358027,80.8080041385127,79.4635527511722,77.5787846789861,74.9443352455243,85.8349325501522,81.2969798339562,71.8218628213513,81.5348865501914,77.2326729091079,85.2078468149753,84.1080567373557,83.8261760216012,75.45077063928,72.2801487273967,76.4502347293285,76.4133835526009,78.4516148454157,77.360489594374,78.7039859558682,77.6886298527817,80.3826949729739,77.0156959833101,83.7641342511043,73.2616132330157,76.7978068394819,78.5129737919489,79.6651205504531,81.4968706659903,77.7717380287969,82.5403772477736,68.069308213042,81.500204645736
2015-04-01,74.8199996173141,75.4964630015252,73.1101360426631,73.1933938444376,74.61466794173,78.433945622161,79.2110041271134,79.9287281959209,79.0459132460877,75.3859254581246,75.5871143571649,78.5881012828314,87.2327326909683,78.9756815830904,78.1400106590841,78.6318389763163,81.7995461815991,71.6600283174773,75.1098685360337,80.9258081362852,80.8974801533706,76.5350894769675,74.9072998540284,85.8291563377626,81.4859826274118,70.8349569755422,81.7331728986356,77.5582957158594,84.8103191450394,83.5617294073931,83.3773178516265,75.7673365215433,71.9257390431341,76.7829064484434,76.654142374833,78.3451726375118,76.3123060898569,77.9826164359718,77.4859776195942,79.601422726947,78.298653263025,84.5710276914061,74.7925333147439,76.6733038089004,79.1013903690832,79.8285498240119,81.2451838685345,78.0102612312819,82.7636459831635,68.5037956506153,81.8707611973049
2015-05-01,74.9916646579287,74.8438799059633,73.1896364167904,73.7078091786941,74.6994365826754,78.8917404736656,79.9349607351558,80.149405145991,78.9235207138206,75.0336598889731,75.7608211578229,78.740477484057,86.9676802533133,78.7129047547744,78.5832789312916,79.4266969686777,80.4626945938685,70.7575403996961,75.3230964983991,80.7958409657511,81.10958469767,77.9813189835957,75.1024431412137,85.3446185075127,81.111679675365,70.59537137075,82.1435649388074,76.8728046922735,83.7436404150326,83.0920371352797,83.157027821946,76.7041796619184,71.6452612863481,77.5893226382053,76.9736681651993,78.3228469170487,75.8294529848959,77.3587917233843,77.3219718107148,78.8190200303669,78.83200201377,84.7426701620633,75.1892824045992,76.8112761766538,79.0264369144846,79.5670946924047,81.7084327219093,77.7684103712145,83.5563091846709,68.3668208634166,82.5436154115993
2015-06-01,75.1984730704445,73.7283895703309,73.5194432690851,74.2059851770187,74.8951615171748,79.156428838688,80.6278906525291,80.3131741571987,78.9101157940807,75.399635571594,75.3740644237889,79.2279449243648,86.8853564392727,79.1014950457961,79.6008520821104,79.5794860402842,79.0433316011871,71.0634698645998,74.6984096385315,80.7822590442118,81.7776881512181,78.6411411117059,75.634246356865,84.9727914856673,81.0169500683596,71.3471380447239,82.3504859893785,76.0651919096915,83.1242735376011,83.3860452541768,82.7905679679818,77.0537308633903,70.6935562298766,77.8382036771567,77.039319188065,78.8194409687807,74.8215115743585,76.6079231317429,77.6375623999919,78.6261349865735,78.0551893579136,85.3662140485646,74.5979248296542,77.0828281090499,77.9022978688408,79.7606039626186,81.8894526919433,77.4207697121926,83.6724588603209,69.2482680108686,82.7608271933787
2015-07-01,75.4179070897203,72.0451122215871,73.6636742008762,74.2801583382717,74.9538045598415,79.9027036344938,80.7245541390615,79.6206198342445,79.6052603629774,75.4300829888057,75.0802670261987,79.6364838415432,86.6892171000875,79.6021066421396,80.1856661594109,79.2441084626413,79.8017682795633,71.2595433921058,73.9835520305717,80.1659799798983,81.4425132538516,78.6958452464378,75.7421104828685,84.8046302126596,80.5693086282781,73.1139350611503,82.421588664485,75.1470657686251,82.7083718480272,83.1391741694868,83.1208679675819,77.3127636248525,71.5354836436982,78.1666755786379,76.9375495185114,79.5115363404292,76.035329356014,76.5765689070238,78.1982270629137,78.4942530446567,77.1254249419253,85.6847714463962,73.4719413827451,77.0940652106142,77.4125060712713,79.0798808622419,82.555813359445,77.6218759790153,83.6944317876891,68.2311522638118,82.8196403143654
2015-08-01,76.2287421279148,70.5603336429021,74.9144326370312,74.3215744858872,74.90182339956,79.813339455814,80.3891497394987,81.4603051389912,79.852144762843,76.0384902984023,74.7697058480173,79.7822539364859,86.6729005099535,79.4828097329291,80.5098641770097,79.0888330246216,81.9160660001272,71.2495140878523,73.5040016253853,79.6251756396713,81.3907930164406,78.0204053418473,76.5617092744024,84.4641194336215,80.6865393150763,74.5372040365075,81.9004695451782,74.6060874223407,82.6077663284866,83.3179170389361,83.4227892735192,77.2517112863678,71.3217972396856,76.9930568512947,76.426628271838,79.9779429459968,75.819485918664,75.9782419745444,78.86280679651,78.5725306303656,76.5647580736893,85.6743557944495,72.9461209362929,77.0941213893132,76.3993682194407,80.5730783065425,82.2140104701031,78.2353275682777,83.56868906871,68.5882071471757,82.5023273651804
2015-09-01,76.6960941832906,71.0623247884115,74.1798238950353,74.9869290418647,74.8325159366195,80.1153657449117,80.0186043147618,82.2886992826111,80.3190979598459,76.726993916179,74.5181076681628,79.9307964131879,86.7658296720534,79.4675543404336,79.4562117205203,79.3148240603894,83.6456361904449,70.8427644326564,72.5523314189165,78.2399637200964,81.4416376383985,77.9653374166252,76.9962211071715,84.1049952324506,80.9975797590324,74.3301242731418,81.4146141004887,74.564210416148,83.2932735435909,82.8815456556384,83.2288841772477,77.4738402563447,71.9821697472827,77.2189625139389,75.9987000505972,79.8306977475344,76.2052159472619,76.2625356564673,79.2952965367972,78.4518314216502,76.0796209090819,85.9962417671826,72.524264056195,77.1647434930299,77.7991031167563,80.7462392848455,81.9234490608285,77.7561940097244,83.8447025826424,68.3938673879319,81.7424024221358
2015-10-01,75.8861864405565,71.7039807995949,74.1830814948211,74.9808136934788,74.8978374579316,80.5950497346488,80.1142740709596,82.8595457761288,81.26458042668,77.1119997994135,75.060297210008,80.3426821576278,86.9859106702786,79.4042430561237,78.4081190874011,79.4402543039435,84.5337026328315,71.253769674968,72.1715264334293,78.6208928556204,81.3114661141212,78.0988035548975,77.2939993598801,83.9860565317975,81.2437136276732,73.5495004515464,81.1509558150316,74.7460720797307,83.251269181956,81.9728984204552,82.8795104181087,78.2690287786703,71.8152361669851,76.0910715282938,75.6905214568216,79.0197198893856,76.6915004412104,76.3582922356924,79.5284945635874,78.1712417920539,75.7369130888385,85.703815588206,72.808457304399,77.2118267801517,78.0053685553291,79.9907337151761,80.9003621465637,77.1840088264545,84.476792105081,68.7834739073681,80.9077916251311
2015-11-01,75.079168563666,72.5911182147401,72.9920320791454,74.5423337874989,75.1664371915302,81.7558087928099,80.090216879108,82.1859315126556,81.3547855290598,77.3149186615885,75.4067278358008,80.5234991544851,87.0320971756107,79.3226757164181,77.4586355382863,79.8108720711733,84.6454113745544,71.1170542181945,71.784443284422,78.6829368447199,81.1523023414321,77.534853978434,77.5310700976946,84.2992452985878,81.6634760931494,72.7547783719927,81.4209487483768,75.125674979098,83.9915043865067,81.7510166175594,82.2724900641729,79.1562197759012,72.2022049017389,75.9370222188139,75.3556637845592,78.1525881801448,75.9416340319462,76.6906586004606,79.7299549579481,77.8999254134846,75.3598185049115,85.4233959714068,72.9879176886374,77.0495774508537,78.8394717545138,79.0382903685738,80.8540333622618,75.5127107629651,84.5401112574687,68.9692614413274,80.0239950341608
2015-12-01,73.9930744691355,72.6164211304838,73.259171531446,73.9009812117792,75.2308406169501,82.5528761935566,79.4133385633742,81.4896274743438,81.078160941257,77.0813479663468,75.9392758469823,80.3639239642896,87.3882025278464,79.118796309072,77.2342465932046,79.6832631863868,83.98239768191,70.8370669823631,72.4899231429379,79.2349976926409,80.9652553776457,77.0097642031576,77.3453261584097,84.8850158274114,81.4651751249639,72.2821880937259,81.2186308297249,75.3683130946117,84.167205270052,82.8833393343832,82.3620485710972,80.5857712180919,72.4093996865634,75.0536678119883,75.7989419879173,77.8009601399427,75.5056322231917,77.0033774143548,80.0155084888175,77.7211584929815,75.2969123686174,85.1464028414503,73.5159635511143,76.7645351284551,78.0618980639206,78.6784253447079,81.2112507397186,75.1889514780283,84.9088943028804,69.099443735753,79.6340797573405
2016-01-01,74.2784636033632,71.9760773813719,74.7478735436619,73.6693819545728,75.1717191213587,83.4894535296978,78.9606303509572,81.3826533819356,80.0598536516606,76.7318214342947,76.1168542257976,80.4316670824881,87.5029213029083,78.9279375420157,78.0627116205066,80.5068765522702,83.6692714377762,71.0795829528859,73.9008536358379,79.1134982761664,81.2098329506861,76.450579920945,77.5781465721991,85.7197000831627,81.390680680136,72.1876054409356,81.2858472970181,75.7010292081706,84.5794457124575,83.4146290831709,82.6405385228005,80.7558405855016,73.0870081854776,74.5903950347089,76.3405514303071,77.6486540221206,75.5050438852759,77.8175638040343,80.3143893599955,77.1825321047718,75.5536527919855,84.6492181151813,73.7498355795637,76.6405053894696,77.8739809241279,78.9546931450858,81.3688124813847,75.9386810552029,84.7402972577974,69.0272121717577,79.4589766676542
2016-02-01,74.5034371015637,71.2990492635445,75.9324619901271,74.3901790337243,75.1648470980904,82.7761197841987,78.4554163409451,81.1950550082987,81.0867622261009,76.1604293189357,75.5946429748748,80.0511759321973,86.5037335182562,79.2142939834178,78.5717632211277,80.8178107589967,83.1452977272141,71.7473377688937,74.6857039640053,78.9688179886949,81.3592013827858,76.9513406166365,77.3881114371687,85.6078862241255,81.6630760324327,72.6265793178424,80.899197224656,76.1493950301192,84.1956110949197,84.0473329579937,83.221922881967,80.011423508284,73.4663763070106,74.6481879109889,76.933583361935,77.6787743078828,75.2831408879454,78.0393165775997,79.7919621368959,75.9118285886918,75.2775691967863,84.1939000951606,74.7367555505188,77.122558144376,77.3336216957545,79.1332742173486,81.3700508630567,77.507974643957,84.6972482865817,68.8073215941752,79.6080812200706
2016-03-01,75.0089505798124,70.9286380292367,77.1116430642178,75.012589731086,75.0164037626271,81.7628840626878,79.5056752513712,81.428561804268,82.1624212715389,76.0032767878869,75.3660610026488,80.1205894522091,84.892370989882,79.5816810736602,79.2920466860764,81.2861387519012,83.4594583733003,72.6764679688034,75.1184593802444,78.8482546082205,80.9451141854668,77.6492839886894,77.7444216838158,85.8737900306596,82.0337574562809,72.6269717797416,80.6340715079733,77.4459477530625,83.6179795108066,85.0435206638018,83.6468618385294,79.1569759176662,73.0719345128649,75.2601589177086,77.2175532240129,77.7430002733662,74.48382651943,78.5493989447043,79.4438216899263,76.703581583897,75.4644021877374,83.1763734277094,74.8877457224871,77.7969386035524,77.2615749544041,79.2830192477793,81.7278395059566,79.0549874314535,84.6643668559692,68.7815559592256,80.4762771490998
2016-04-01,75.6815615510914,70.4345179141741,76.5840954332616,76.1310817657012,74.9908812083866,80.2677868403879,80.2187328424994,81.5410715344831,82.8623108670324,76.000449510989,74.8070226743502,79.722932416214,83.3877965456336,80.4416926287033,79.8354105098388,80.8660540758229,83.109003706856,74.4552965769173,74.8256624229341,79.4629950219513,80.0624605131311,78.0685563972647,77.1868611224197,85.1936408698775,82.1433495706981,72.2903950178259,80.1057352658091,78.9670769712474,83.7598266875878,85.8778227311795,83.9360109947893,78.0057717340125,72.3267943955861,75.3902493201304,77.2726349590293,78.8133466892625,74.1262244901542,78.6985324032618,78.9425121668419,77.3932619242812,75.7066724569594,82.9527842495322,75.3465053893612,77.9775308580936,77.8194743788911,79.9500236086848,82.6017994236164,80.1956221279573,84.498944216649,68.4651521976663,81.7203078744345
2016-05-01,76.2338174560627,70.414873885065,76.0824845058699,76.8103220618847,75.1787350391825,79.7011606182657,79.6017888061492,81.8436384025158,82.1288341961863,76.3382663539153,75.4829313437472,79.5082591838734,83.1458728448981,80.863809155475,80.2646525949486,80.7961751360099,83.0719642463564,74.627061105877,74.6839077884774,80.0167872187986,79.9070326442365,79.1788347883027,76.5398735467832,85.4154569343735,82.2684543875008,72.0101765404898,79.9570009506712,79.2525845529617,83.9367116094913,86.6489670457451,84.1232452968654,77.5045265421353,71.6165433450437,74.8477658187916,76.9885620737676,79.6354137918732,73.9125702289601,78.5309596162924,79.3454744342314,77.9547158700601,76.0271116003179,83.1007268631784,75.0874613210059,77.7900405290945,78.4681347002077,80.6176699165048,83.2294523867617,79.0274294393442,85.2560755059717,68.7055270358474,81.2700673581433
2016-06-01,76.3588254838424,71.4577890209535,75.4460743002708,77.2340115175995,75.1823040089675,80.2945772949832,78.817673928869,82.109906216453,81.7275245805569,76.7915121799366,76.2516170274485,78.9267193935589,84.2188337482948,81.0729206593976,80.0731055621912,80.9065818496953,82.115340581367,74.1123102437316,74.4971910679849,80.9479194845642,80.9750019662996,79.9032334633489,76.0312697287604,84.9856153432057,81.9033830155745,72.5475577199536,80.3851918266163,78.5002302215005,84.3794442577152,86.7529455468944,84.0651650272757,77.3568280572496,71.2354802381128,74.8719221789082,76.6007327543299,80.707112881228,74.1110864564781,78.8176258543332,79.5355640317779,77.6023159742254,75.9651335572251,83.3104294818159,74.6363773792145,77.3702437674362,79.0575485481045,81.484721258715,84.465829025144,77.9295325246034,85.8076204578641,69.084344648602,80.114633056055
2016-07-01,76.0515048136659,72.8550655017434,75.4006614563887,77.5586420116591,75.4364253560865,80.418604184843,78.8105080585888,82.0284554198535,82.1265671342682,77.4957116149698,77.2675829200317,78.7402097259943,84.49596912529,81.1443753090003,80.0097685973875,80.9198478552503,81.2031450582325,73.864479646953,74.4991730814226,81.3629982724251,81.4657153286368,80.3691163562074,75.9112712125859,84.8459903454643,81.5952127838226,72.5806957980848,81.0011705773343,78.0282029652908,84.9778241554817,86.4665296389002,83.640715311754,77.5865926000082,71.4994251767735,75.6125664182203,76.0414073924156,80.3566343649281,74.4167172596847,78.9555585530236,79.7380563376241,77.1988984967269,75.5518672251899,83.0383666027455,74.8955555675294,77.332182581499,79.2045998098061,80.6395100499251,84.6691889892685,76.6685706783049,86.5371837335016,70.1599228783055,79.5710738684082
2016-08-01,76.0181568220149,73.8851670698096,75.2523724803198,76.8302733377457,75.705630278994,80.7556971886441,79.3705129334707,82.4274085436577,83.0736997014936,77.7015705083631,77.8333365213688,78.7569693329824,85.0618220015821,80.9503658808305,79.8894467394536,80.6720895345478,80.7685101040756,73.9236595583933,74.151157035367,81.4363245218182,81.8034109369349,80.2970282829695,76.1915842014947,84.5047333689767,81.036706814103,72.3291253312341,80.8588375329899,77.674949701741,85.1916536063926,85.7828469360601,83.822651074555,77.8058898553376,71.53019972599,77.2122805877016,75.4687250524069,79.3748624843496,74.8691442393721,79.5261988538702,79.8222604933532,77.8664755607351,75.8596532186268,82.9399199580631,74.6868881309986,77.5699696861503,79.395761937635,80.169502201136,85.2731892483699,76.6841965318347,86.3266725335982,70.6448990774101,79.8085698494182
2016-09-01,76.4688982224519,74.1516498491224,75.4031090793341,76.6006363699135,75.9902700502336,81.2264976131538,79.9381847373532,81.6229658301004,82.7717087624451,77.666558795752,77.2303702759536,79.222368839335,85.6464692400255,80.7151827406831,79.3489680665184,80.28650598082,80.0096938031003,74.0047803311976,74.2237999655883,81.0163075626517,81.9322723817653,80.1903546645718,76.9981492510419,84.4896937322774,80.6106156331394,72.1487169775781,81.2252840048823,77.3182127330012,85.3481625802693,85.2877844763598,84.3512890697762,78.3459999147152,71.4812753547468,78.2859946274753,75.4197080479616,78.2718657975216,74.0037576398134,79.7498139852605,79.7781732507056,78.4740148886368,76.0712140406936,82.6075646697814,74.8898216210864,77.8681396498243,80.0600207479139,79.9520578954175,83.5557712335672,77.1071241973781,86.6376591021606,71.1443619793606,80.659028729836
2016-10-01,76.5579160366367,73.6173536826486,75.0801342943976,76.129426614377,75.9566704297408,81.9569178717624,80.7858189311124,81.6873590170122,81.7844112768946,77.289125411895,77.1869311859319,79.7790534627272,86.1621285882486,79.8375132269847,79.397269944127,79.6032281030101,81.0858482665998,73.5205159567991,74.358856982567,80.738881502304,82.5428228294629,80.1735254028716,76.6795522786657,84.2624055820437,80.5743900683959,72.3167486704691,82.0152118601904,77.2144621869585,85.4121830412461,84.9038180547208,84.906531400076,78.8405698383127,71.6033605329536,78.0531016782678,75.7247708129707,77.5095950670326,74.5967129377592,80.0109588979363,79.9407920510851,78.3657725090397,76.68347488246,83.1367835029133,74.7417043585594,78.1705104595259,80.5054223663853,79.8044432678461,82.7869748457702,78.0610666951633,86.3167000393843,70.8212133567127,82.3706433472065
2016-11-01,76.7496564002543,73.0968206823531,75.0807300315028,76.0236691011028,75.7048814425327,83.0019093593357,80.9573666547114,80.9104352465796,80.3370573956155,77.0460964889643,77.0354645220592,80.1204974095045,85.8255851915473,80.6753908808256,79.2567410312399,79.5063819920235,82.2198565323337,72.6030036692072,74.3787910863016,80.7517168149548,82.2941344327326,80.1146840163487,76.8734750261878,84.2786069551622,80.6162651574608,72.1810461568547,82.9895805625643,77.01409951893,85.0507768511636,84.6255375408507,84.9998143395443,79.283024801166,71.9507173853843,77.9045119348172,75.9704242775081,77.2092984793174,74.7788459532986,79.4616798528089,79.3642341156299,78.4683522803525,76.991006428121,83.0653751188023,75.7771737872415,78.0918979354853,81.046766164952,80.4040071878793,81.5052618922242,78.1047692373287,86.3516754342026,70.5424631543783,82.5981503413652
2016-12-01,77.3941362030597,72.5293216064522,74.6478987571669,75.7655780999243,76.0410064227015,82.7028898747057,81.2515102686943,81.2892247962984,79.7947917657923,77.1396733568787,77.0057680983375,79.9515608863698,85.3042212133719,81.2451129760099,79.0175189503177,79.0352581775854,83.5008830073682,72.7389263165281,74.3839319780164,80.5934451857447,82.5925221576897,80.7389180317802,76.523279023849,84.1115414112636,80.7388917128061,71.9450368807754,81.9848328116034,76.9816483570646,84.9077328655656,84.732394753959,84.8472783655063,79.6723206158883,71.8504987867308,77.6474597885331,76.2130561480957,77.3611623818219,75.9064064038205,79.4231972288534,78.7762439200922,78.7838112892568,76.9262540857437,83.1025362573867,75.6376443006166,77.6622210147458,81.1651470704307,80.8482513983512,81.9265937916314,77.9901795230505,85.8122101740674,70.2310678028165,82.8841885604515
2017-01-01,78.09030751023,72.0129186673281,75.0972564834074,75.8879939721131,76.1266312614929,82.616581144127,80.3724890984699,81.0680392628834,79.488750648069,77.2251661116594,76.6219981901317,79.011422930014,85.4353875747508,81.732040567408,79.0484864154757,78.8670098474045,83.131651029505,72.5595235459242,74.161227515033,80.8438057550004,82.0486944309745,80.6147176081895,76.5632499757288,83.7336419328223,80.9734954829401,71.5316151197706,80.7256265148255,76.7834915469867,84.1599611032933,85.0743721261837,84.3179713086823,80.7273150270356,71.3337179435324,77.7588440146667,76.5077745504265,77.5293918741373,76.7109313537434,78.9579689062899,79.3628679108821,79.3159082753563,76.2785604321961,83.2970243660118,75.7475978508414,77.2385370995049,80.9043055594222,80.9954183326365,82.8476669198954,77.8410449912987,85.4443322524174,69.787414718337,82.3123718626403
2017-02-01,78.9815135848814,71.5432501860009,75.1117624366671,76.8148750936087,76.3746191599343,81.6107062543615,80.0233186435133,81.6080365272689,79.8438388704789,77.8381315197444,76.5902470335194,79.2104859596499,85.2413669853266,81.5539315345037,78.8564645901262,78.0142587614941,82.6795837491912,73.3673185125961,74.3622761893821,80.956433409781,81.724255552823,80.4723687390674,76.6710849673911,83.4256515607753,80.3891874035293,73.1227687094842,79.600391665934,76.8827340099731,84.0758851554534,85.5556728271202,84.4940345547166,81.0216731784042,71.3384845910556,77.3693595802948,76.5937257248961,77.6164899296318,75.8841329557526,78.7812530350771,79.6176853478361,79.8196227281934,75.2368164581483,84.3990191078543,75.5127465172422,76.9668604996721,80.4459559268288,80.8675268220165,83.3098196339237,78.0308033789838,85.3569988427545,69.9422012266328,82.0963410929209
2017-03-01,78.5416701495145,71.5898470466696,75.099164816134,77.3945098807041,76.5487028291218,82.955958404019,80.5424283274221,81.8377717403877,80.0076231070929,78.2701340825231,76.496966537761,80.1213465268244,84.6164208179467,81.4437277960748,78.4956136819848,78.9411569688475,82.4834813888275,74.0192755713782,74.6533497946457,81.0034164138194,82.0133795878622,80.0758173126069,76.5841550551305,84.9255193265249,80.2772865893455,73.2588605232945,79.357286237332,76.5655829878209,83.9559011395869,85.9582936993668,84.6645920576119,81.4872707359883,72.2435911053266,76.716274109805,77.0613724798674,77.2157181342176,75.3377573701281,78.0387193859056,80.4969521279465,79.5556786456819,74.7366134662558,83.8596859997828,75.7106551831618,77.1271833616129,79.5316704545311,80.5652253222311,85.07517497843,77.5199294671465,85.5427612147181,70.0906396802338,81.8053103058566
2017-04-01,77.8419960977631,71.4878220669287,75.0225024710014,77.4833312723355,76.890116064034,84.0082984386922,81.7095787444797,81.8054192886237,80.0896071287527,79.0104344288348,76.7435041245129,81.3114749384574,83.4731390633388,81.6449282695294,78.0535660374715,79.8939672476996,82.2674879999544,75.3837706540492,74.4723035083534,80.9146878739535,82.1970966702367,80.1217889752352,77.1019002592632,86.0255200470017,79.9173677981126,74.5234775909355,79.0264497137248,77.020311090284,85.3985413142343,85.440424497121,85.1738387777899,81.0704233602518,73.1021873539895,75.9855966388623,77.1564756031258,77.1612389656796,74.9428669888032,79.3366341086424,80.0864217545618,78.9668856317366,73.7112931016977,83.6716153906218,75.968606519249,77.5713200321292,78.8532107384219,80.730557212861,84.5724264536513,78.0164273315153,86.4513418603882,70.5126979057597,81.8555239337328
2017-05-01,77.2227399667154,71.4500134570875,75.5745120679958,76.9930265252683,77.1433485343355,84.5318258955397,81.4474266440367,81.9498625462942,80.2464873655924,78.8626079151791,77.025142503404,81.2299886020347,83.67660704811,81.7008494906823,78.154001583264,81.4631493244189,81.7587472067469,75.705118393525,74.6236143012474,81.0042802240058,82.3002876032003,79.9955269377283,77.2706433898877,87.1797448919299,79.6513659860366,73.8227563361305,78.3191080439542,77.1749306037556,86.3278781481289,85.1552447184119,85.2548313428827,80.7979412025983,73.4660465252664,76.2050060872332,77.3018377237052,77.3957647423172,74.844997198459,80.4926947210053,79.6078840472534,79.286590816578,74.4799029268134,82.6107955414507,76.6702572161902,78.0372774455836,78.5343626312219,81.0062669025001,84.5456317732675,77.8941825163742,86.7729934337657,71.199817267431,81.4726109886898
2017-06-01,76.2205096924145,71.7632228800928,76.8940263471993,76.8742529894709,76.9836111260665,84.5392181232955,81.2685074351706,81.6181262952744,80.3638149001274,78.9130150473248,77.3591393997573,80.9729323398843,85.0256874374867,81.7580222520224,78.1024005428238,81.6088382458367,81.5469476700676,74.8221622956038,74.8601667103187,81.5577854390168,82.0150158208337,79.8114899937152,78.2571277488921,86.8502844854831,79.9452213776418,74.4371868410081,78.1979830654878,77.3158950369963,87.0753240713606,85.2379912697504,85.6242609205058,80.7242449123314,72.9041772239949,76.4578962757478,77.3220523812772,78.225054707464,74.7317848764775,81.4818020815671,78.8397344634968,79.6780178527565,74.7239949600029,82.6303501657195,76.8994190389289,78.4757776972651,78.9459223581944,81.5514925289083,83.572098031078,78.5834399293172,86.2959761127028,72.0205551582317,81.3384741879402
2017-07-01,75.8486219325996,72.261278723486,77.4804892186362,77.3708725206536,76.4891277718952,84.3920089674779,80.6693857803239,81.4656947201464,79.3671246237327,78.0653576138948,77.7579732308225,80.5660835727938,85.9039793752934,81.2261996264665,78.5506119071505,80.6635413398147,81.7134590925094,74.6118659071909,75.1481438691831,82.0688867061025,82.8022865114735,80.0293506723317,78.2330726454116,87.5846171459939,80.5332945656309,73.6192694074368,79.153492261348,77.5843520884398,87.9338506360046,85.6256035546946,85.6997348829432,80.7641118772916,72.1969797732591,76.7432779027273,77.8341978017427,78.8832556732671,74.2783197359451,81.4643526228429,78.1103314756341,79.6016014202704,75.1694570611001,82.8110637058057,77.67301842134,78.5771773292026,79.9437632700557,82.1428352965405,83.4748833609302,78.7478405219013,85.3231348339926,71.0171995295523,81.493820577805
2017-08-01,75.0452131486951,72.7401363209024,77.692462138142,77.69850496434,76.3113880377493,84.7108545057211,80.8261812398506,81.4688211590459,79.095788011332,77.6683763075435,78.177759151171,79.9304061133677,86.5246016820118,81.0061726074772,78.6339094953457,80.2849379725519,81.7431978088609,74.6972318870994,75.1224020393517,82.8412629514935,82.4439015052907,80.783275605034,78.1149723182458,87.6489873894695,81.6708651863545,73.6487101722123,80.5912916078573,77.6660876532644,87.7706398599403,86.0099232716194,85.6095671535703,81.1252772029527,71.8455773778734,76.7074122412432,77.5720338227326,78.8715816613306,74.1783913151543,80.5692797674109,77.7391260007646,79.3049125050293,75.2202581333535,83.0202420304893,78.4330364115102,78.2049108723411,80.5523140202437,82.9199983218107,83.7760905324438,78.4459599476579,84.5322986893925,70.0991561923808,81.4022114144113
2017-09-01,74.1770128502625,74.2715174631917,77.8022676034884,77.0377661848936,76.4276435540517,84.5731970695286,81.4010744073561,81.795463889077,79.0748696490149,77.3155849554938,78.6792524037599,79.0977166722939,86.5259562868716,81.0039385496547,78.9504173138047,80.2742003869219,80.6349394902486,75.2387900412558,74.800155818262,82.0949069383075,82.4405942915394,81.3224799881002,77.8181973827714,88.0294336230314,81.1929083061508,73.0062571658355,81.0538293269852,77.7533574609123,86.7145556966426,86.1132723533842,85.5865436932299,81.206521463938,72.0270605423823,76.9416428297891,77.5964521722703,79.2727642862684,74.2451836422695,80.3830567409509,77.7134556033245,80.2783463774053,75.2914479752245,83.2839300912798,79.5182698618386,78.2372508591368,81.3151124570739,83.221452268397,83.4013765561139,78.2061813994342,85.3155198206357,70.2951646987358,81.4575895271195
2017-10-01,73.4126833969536,75.1196024210705,77.6827746456119,76.4460876912656,76.732848728799,83.9863911072665,80.908142232645,82.0109662628784,81.2328072221968,77.3908159211319,78.4846855202244,78.2236199326796,86.4258811212455,80.8996090505704,79.4807805384125,80.5636036446754,80.8653146742322,74.2131179700769,75.088424577127,81.4615553518449,81.4215155952513,81.1154246503605,78.0726339805657,87.7916096255173,81.4070498886262,73.0548357708219,80.7153598556973,77.4643198251684,86.1113832063942,85.9950710107208,85.8512691310959,79.6143407406595,72.725716023757,77.4015496443781,77.2767612625113,79.2015547025408,75.4720222728908,80.301806397622,78.5147412533378,81.0070267448441,75.8095294769864,83.4068695468266,79.605624356485,77.9623924843649,81.7911105246755,82.1530356576921,83.4977515222243,77.5149653909965,86.2385370736324,71.2715984547463,81.0829480300285
2017-11-01,74.0803293683583,75.5200774458587,77.2105190721925,76.3017711084712,76.7909696256004,83.4060295798956,80.4020488045246,81.8285553720364,82.6143318785886,77.5015229673038,78.0471522065988,77.9510929111261,85.9946403057036,81.4213491783411,79.9814292257056,80.7206845435881,81.049191501369,73.6511077373184,74.8797525127724,81.1400806942448,81.5565491127969,81.6303088593661,77.9554577501082,87.7823173817848,81.2444231300238,73.6364521842016,80.4387508836017,77.3012328057182,85.361688965005,85.6949211674653,86.4936078678256,78.80387857577,73.328310654446,77.9091572798374,77.3998330826416,79.7402689230357,77.2567562179943,80.6119872870244,79.0822835345492,81.4513461362763,76.2260346996878,83.3010818582335,79.0472832357329,78.3583688504663,81.3378672410326,81.135447188673,83.3458893793374,77.791661288339,86.8909547860554,71.7078922774252,80.3781612023187
2017-12-01,74.1899317019774,74.7509954997371,76.4648934760093,76.6316033919691,76.7316100162354,82.9546059719737,80.300845228033,81.9205704603371,82.3425415234234,77.5407997086455,77.7064915701262,78.3659770254763,86.0143739726221,81.3965665525733,80.3285689588899,80.8206531941866,81.6962089983534,74.4862757796522,76.2197092883446,81.3229331409078,81.809275331139,81.8013347433283,77.5539429272106,86.5767111476149,81.3181990857025,74.1950877072044,79.7093592857696,76.7512705935579,84.9109223090414,85.3386705327084,86.8463151723618,78.310115814893,73.3600733338883,79.2235678706789,76.9696176374249,79.7006173872821,78.3092570943779,80.3781324489997,79.3497733806825,80.8509534317085,76.9478201183981,83.5314824902289,78.7548153787903,78.3908536107327,81.0682828571481,80.2740797111254,84.090522351466,77.5519398518694,86.9951141449427,71.8740939575855,79.4601754745964
2018-01-01,74.5458488772459,74.2187349559983,75.8695645184456,77.6424439103245,76.5008560711787,83.2868438872583,80.1786633113207,81.9355738488305,82.750135821312,77.5706970450866,78.3784308359638,78.6128342572374,85.8522397469699,81.0995725259227,79.8905259588844,80.6419371611675,81.4194130502571,75.4109484678277,76.8581436042038,81.7374538804167,81.9519025059184,82.5920866787907,76.7787731422784,85.3696386766713,80.9958950299999,74.5259495259922,79.6990430890072,77.1006493532043,84.7565178864706,85.4364101981469,86.7487543490402,78.2048798875171,73.2617250813651,77.8593916740625,76.5526988180121,79.3836231030403,78.8120206980917,79.6986151810764,79.545808608015,80.8495896115914,76.8442411757628,83.5728934241841,78.3641246428957,78.8395975634272,80.268667742286,80.5799794458421,84.5703839822902,78.1478889742175,87.0129622021533,71.5814621555416,79.3642477032239
2018-02-01,74.3422200324125,74.0207041020267,75.473777465505,77.9113850191973,76.5293128764123,83.1409834326909,81.012670992483,82.1658947256693,82.2175940528517,78.0789024761782,79.1474693008516,78.7380019457584,85.7001136757266,80.6289073024728,79.6882088269921,80.7904996529049,81.7074752682202,75.8877435849551,77.2939901858754,81.6401490154495,82.3013624271404,82.6849836050665,77.0627399524803,83.6692102667283,81.7067104860882,74.8780435993217,80.3569061592963,77.3654073712986,84.4569056565695,85.4653163133536,85.7984976278124,78.7223507038636,72.6179017677536,77.5986224646553,76.374802579821,79.1332403951949,78.4490903235979,79.4531743494148,79.7063980850957,80.2823056838169,76.7273853313364,83.9061582873271,77.4667039489197,78.9447274299315,80.4202390714172,80.6066779243254,85.1604277017444,78.1478120976343,86.553537865224,70.9003053169401,79.2617938462946
2018-03-01,75.1774649932982,73.6493185145655,75.4821898903904,77.5928691219168,76.9201570455554,83.8470345704964,81.6305087572222,82.3713732861767,82.5853915168173,78.7618691823267,79.4785569043596,78.9767294771888,86.6484495167447,80.6722710336651,79.3624319047166,81.5371262652871,81.9174644434603,75.8221465029004,76.1322364426396,81.4070182211238,82.5265877159455,82.8907958885121,77.936157720861,84.5235390669963,81.9127318516145,75.5856201721163,80.6640193010059,77.7188482007935,84.2740702778808,85.8162171019766,85.3288520056584,79.0754154611277,72.5639723989968,77.0624799474437,76.5408599656598,78.7520912433335,78.4748005716232,79.1527539879228,80.0328371286371,80.1014126356516,76.2993547801971,84.2529241664354,76.6230913503985,78.7345863199488,79.7747193636245,80.7510218350474,85.734687457047,78.6378472737136,86.496743297976,70.6966702962176,79.8367052652437
2018-04-01,75.8951257730017,73.6289949567231,75.3608487643437,77.2141081524517,77.3764762424094,83.9877032191914,82.545527631601,82.3493041466558,83.3300039097188,79.3595038424666,79.6024668150445,79.1303467482127,86.5811655745045,80.4556279901348,79.5186062907343,82.0256649403698,81.8229525124361,76.5246315287898,75.4049867006294,81.2389645766881,83.0884780329235,82.852472686963,79.5000660213568,85.2813223520413,82.5756406067158,75.6757892297506,81.2345520685516,77.8288455024836,83.7012044694047,84.5910909641307,84.7509189770796,80.0968049839576,72.6790471550598,78.6526872505769,76.8814248744806,78.9154694292797,78.3477207904803,78.9540121471949,80.6481948264644,79.8904553203836,76.1557133058602,84.2786068308907,76.7268554380131,78.5664247398287,80.1387746041084,80.2663846005392,85.0126365957343,78.9396259494093,85.8610756177526,70.4528058935335,80.3237764643241
2018-05-01,77.6155331720404,74.0612023119359,75.181704883821,76.8997044224988,77.8083674716169,84.0530348885612,82.0292346864421,82.6473315935219,84.3873694771231,79.0095559141427,79.5455682539544,79.9583751390403,87.1744475895565,80.5683002298122,79.9856206045867,82.6023518135346,82.7270876372339,76.6012920468177,75.19750113137,81.7317242692523,82.3756884314621,82.3766869638602,80.6657055998793,85.9539493003982,82.974379472228,75.8231853161016,81.0263083466798,77.6507189033355,83.9632774580727,84.6212521990087,85.3256316266206,81.1952079817731,74.6836359801443,79.8155783645971,77.3116492603552,78.5417014781559,77.5138595221023,78.7214726905459,81.3428674580518,80.2089317169298,76.367176902482,85.3614805016548,77.1423690425485,78.4318809342868,80.6339777164047,80.5407684343111,83.9987947456676,79.1842439981808,86.1210958377726,71.1436509202571,81.4294260592118
2018-06-01,76.5483261959909,74.6816478448297,74.3375366815077,76.3501321455487,78.1124516400853,84.0889213125083,81.5994073154679,82.4473327401149,85.1527673208692,78.6340646086742,79.5189589939338,79.7727123851249,87.2729484376814,80.0907180434762,80.0070336152279,82.2336164293737,82.7763649812682,76.5828078048982,75.2259127846518,82.1794591501224,82.0353908943078,81.8388300139409,81.7429090147481,85.7959454725655,83.0636083073545,75.2876102686127,80.7780067241945,77.7653058674477,84.059024901871,85.0821852061907,85.8090582373927,82.522961065867,75.9331065240565,81.2911399232509,78.1260929230917,78.4574655571132,76.4293250743459,79.1798571330221,81.5695703397849,80.925738097632,76.5437458107998,84.1840029572847,77.5719624984095,78.8581110902515,80.9657693950469,80.6104836686976,83.0105048206022,79.0418638674435,85.6413423214229,71.5609923203487,81.7638300315666
2018-07-01,76.0639724574081,74.7947359660162,74.5279918287261,76.0448183982054,78.328694667809,84.2104859907557,81.9345076908482,82.9556404979997,83.4124350541861,78.4056749917576,79.755710274928,79.7435201552373,87.3806040264388,81.4508542424592,80.244100517235,81.9208541750962,82.9262985108522,77.4298021929282,75.6611763448395,83.0380193752477,80.8985974059995,81.8337830528938,80.8029463944732,85.4759879330627,82.6586964457571,75.6461196805128,79.9874191408409,77.9572123319691,84.5451709388678,85.0788393949348,86.5715964441588,82.0494214342088,76.7836122531432,81.5032157380055,78.7309161208204,78.6304674700491,75.9854110610234,79.9299212081422,81.9315960970026,82.3179462729777,76.720586350099,84.9061702676524,77.2991232593484,79.0560491306687,80.5431701316397,81.2458945743148,83.1381039188997,79.7498352913671,85.8786733068318,71.7346209964469,83.1391140308793
2018-08-01,74.664325293829,74.3269312373808,74.8988227321435,75.918052128361,78.2160931637055,83.6436923604214,82.622297445028,81.7147415847555,80.7425406392563,78.4619172484035,79.8199033734706,79.3503663563385,87.0867813219163,81.9422778963502,80.3373928146542,81.6556439824401,82.6261187429554,77.7000181097834,75.8820702172462,83.6256187034837,80.2511237453415,81.6007264022873,79.711866209929,85.5647095609111,81.3622644758713,75.5637180942047,79.6246459842669,78.4012604338578,84.2037062785699,85.9210832027442,86.6756519736042,82.0424261977527,76.3777527946127,80.7344637705013,79.2410194833988,79.0188997037587,75.5684169562368,79.84633406662,81.1615089258328,83.050408040894,77.3061948002348,84.9416495827924,77.5649753688887,78.6876633376736,79.6840147539123,81.4630999377782,83.6846667540526,80.0199507193615,85.0071789181059,72.1031989739962,82.2941227754932
2018-09-01,75.8294577786376,73.9930177305877,75.1332354337317,76.9222588422786,77.8682669609357,83.4075714721386,82.9661935141892,81.7654388556905,78.455304572961,78.8330060164771,79.7317512353455,79.8708182886804,86.5312179910743,82.5630128205168,80.1608295238931,81.4804627413945,82.512513217949,77.4034255684646,76.2256833137277,84.1396433680912,80.4124953477628,81.8660380476318,78.738817811023,85.9390541018349,80.5152991139455,75.2326834089334,79.2634698332395,78.5576464936573,83.6894807242584,86.148340227451,86.11562554413,81.1846450931369,75.6467140983989,79.7130825949593,79.0457721359582,79.7506070245048,75.3846185022363,80.0988237969037,81.1698428849688,84.4697607195669,77.5887318633035,85.6014177178657,77.2368648151666,78.0779128208556,79.2334274888508,82.0381236208113,84.6286882077836,80.3452630366268,85.2346752386823,72.4325342679777,81.7760587807975
2018-10-01,76.2789571287773,73.8736831745489,75.0526537418083,78.0159359379609,77.3158868765407,83.7396517704689,83.1027195571192,81.5873258044237,79.5677941230319,78.8273574908097,78.9102256766037,79.5736667554926,86.5010597709032,81.5013083780281,80.221788009029,81.4186758688228,82.3190540089622,77.11297847558,75.5969629961981,84.4706682715972,82.5019022705164,82.1898800599386,78.5012350893981,86.1673994706025,81.183944167994,75.0310874195719,79.5032417478632,79.1735974229151,84.0858791992938,86.7998016981587,86.00134476284,80.7930403469237,74.9467756590712,78.642781762249,78.8274259577355,79.9554116261581,75.5933374413439,79.7053655525644,80.6124470349997,84.3845172871403,77.9428455863603,85.6039596749973,77.6652050844255,77.7026257207847,78.8936302588161,81.9778803340593,85.3285014739427,80.1772016361473,85.049240777781,72.0368692685823,81.4049331775073
2018-11-01,76.9622517485838,73.6280005265592,74.6636863893239,79.7970792542126,77.1863405850085,83.8525206729105,83.3021158919533,82.5552755207412,80.9765025712475,78.8629417162241,78.6393153128019,79.0685563903936,86.6184315869761,80.6846014755919,80.213917617773,81.5937205209002,81.4866165366194,76.7268905510591,75.0880579607086,84.1709057438089,83.9406017057474,83.0310184040669,78.3604062489149,85.6500990763591,81.6206142158331,75.0157302988295,80.0718185905857,78.9779383618881,84.9925415318243,85.9615293336201,85.542643011864,80.2501118561986,74.4531344380381,78.3167681562142,78.0221564999728,79.9338657390202,75.6544499462625,79.9789484828019,80.7289624491615,82.7898064412067,77.4433680349868,85.6892198819569,77.9641918817878,78.0213976430803,78.7840193844099,82.3342681414139,85.190974429232,79.5267526373712,85.0799974290639,71.4583840561881,81.707218765254
2018-12-01,75.2564501985712,73.4309669337859,75.4868626284618,79.7032444852131,77.2411803814672,83.9926256457631,83.8181166333896,83.2638141770118,81.7993264757326,78.2853634404624,77.8863334243339,77.7710090058726,86.0055668852629,80.1369421188374,80.1058185706868,81.5744838000252,81.1585301101099,76.4044432744598,75.3888521993964,83.1968924619245,85.9531672178201,82.5132824019762,78.2396362726448,85.4214799997665,81.9209986283648,75.5795938534918,80.7862230465651,79.1691135139674,85.8669998134139,86.0001016014341,86.0535761677069,79.6798198217118,74.3025402864701,78.4074194769743,77.6300727595931,79.1260159576525,75.355080869601,80.0085553060644,80.6019429637934,81.010026674361,77.9089213621344,87.0615606652496,78.5659883579666,78.5355343089103,79.0924530107677,82.0015664164063,84.4949177352356,79.4857806504084,85.6321293673462,71.1612134649703,82.3296377655852
2019-01-01,73.9778812229957,73.9881340969808,75.6584891297467,79.7936287503737,77.2540288189801,83.6144121103399,84.3432302616992,82.1154772900777,82.3876614722652,78.1784941547968,77.3686967021666,77.337812340142,85.3781677298137,80.1889019680359,80.3112382554523,81.1920610420539,81.3642606753323,75.5484756573234,75.5652439397311,82.4845106437747,85.7745305261306,82.6224887730743,79.1786150959891,85.4032667747643,82.0730564673364,74.4962786051191,81.7070175701717,79.0520159179925,86.5112407654351,85.2008608037971,86.3325896563038,79.3948264735523,73.9517449753991,78.5245735417942,76.9714999458939,79.2289344529604,75.2585904042992,80.0555481316897,80.7793380260391,79.6742762333963,78.3040593989084,86.8316318245591,78.7897018735616,78.6589404599802,79.645772588891,81.4844712341899,83.9844811148348,79.3420360646245,86.3343243530541,71.483908577968,82.4399792251066
2019-02-01,73.6958762250845,74.9980741214813,75.4337328156978,78.5876284024853,77.388533868031,84.1365635689164,83.7329436148667,81.6672568191209,83.1313035781057,78.1137118517523,77.149582427298,77.2223516461862,85.4135241993148,80.3356153379987,80.8882316244804,80.3664128846711,81.8872495123477,74.8659511993109,75.9666997465014,82.6021531969154,84.0784252729575,82.675099597598,79.5927178198466,85.0897518915822,81.5967377239072,73.6829300567484,82.6912640495419,79.2986587415038,86.8263095319931,85.2091499526294,86.1835560000671,79.9993461523938,74.5031992592457,79.3757403244107,76.8241980820501,79.2721866587156,76.1239070014356,80.4752057226134,80.4970664323779,79.8727219240404,79.384979455354,87.175515784372,79.0267174615799,78.9456426159701,80.5596487684415,81.1643049319137,83.7785104628525,79.1621054078323,86.9975085341678,72.1678268851347,82.8257867802254
2019-03-01,74.0494001740827,76.2810238928319,75.8972251467434,78.5552337220161,77.3669680503254,84.5192210799881,83.8915748039616,82.1594662749625,83.6584633027542,78.5077931820856,77.3747834677567,77.8308477744469,86.6438434700353,80.1203630080246,81.5365645652402,79.6113688436176,82.2271706595885,74.3476632774047,76.3851274261132,82.9807844540129,83.6752715303915,82.9049449845499,79.6543918967824,85.4272440676372,81.505285159897,73.0603553983138,82.865074688001,78.9759921922247,86.871632942921,85.7475319088745,86.3745673658318,81.7342848749759,74.4190649422252,80.2790306223265,76.8803457917865,79.9797646502388,77.2510673634558,80.4251857637942,80.6342476696249,80.346659545852,79.761126973134,86.122888084965,79.6547287701377,79.0866202721215,81.0689248731339,81.5976814512811,83.9776987398298,78.8852190657905,86.8227518833693,72.9381794051783,82.5420504548034
2019-04-01,74.4072655033433,77.0490177643681,75.7188005012921,78.5370105676945,77.5195916471817,84.7421437547505,83.8477731497706,83.8114775727614,84.0354366482988,78.7582279587975,77.9075774032783,77.6660741599524,86.7751773477265,79.6914113835858,81.4069158370135,79.052110689847,82.8381141107774,74.3211098391632,76.9969506827847,83.1165670537338,83.1685370301202,83.1245138895539,79.6671052804666,85.3749838089796,81.0463646109699,73.9135005125051,83.5839121363681,78.9424133056729,86.4029592805349,86.4467866517123,86.2775744298603,82.7748082170094,74.5212137377386,81.5986481698125,77.7336721997643,80.2086677499821,78.8517761547351,80.7125334281356,80.6994107222116,80.6931878531543,79.6194589190149,85.1427472355591,80.1271222934501,79.0237555222483,81.8613975013941,81.8549268730117,84.0044177797863,79.1982845785348,86.3102105088177,73.7217755381088,82.8360592043924
2019-05-01,74.7296708811872,78.2271016461189,76.5811292362377,79.1001597475593,78.0789719796483,84.9839816275324,84.3837885910665,85.2225375587309,83.8795604745826,79.5749842857666,78.4817659518509,77.5543218167491,86.9449422121536,79.9123592024308,81.0652648704664,78.8175983866201,83.5946437960941,74.8193296830838,76.7360577124151,82.9057380515078,83.7296678361774,82.6380102437367,79.796381583078,85.6380799749755,81.6321954271,75.242082368918,83.9828178464284,78.8468891052573,85.8602478745963,86.7613307746376,86.2120638391134,83.7174550869314,74.4586107985917,82.628074810177,78.131386355472,80.1233807502578,79.2443562570617,80.9249271094814,80.5967482750485,81.3813869578844,79.0863573915662,84.5610599832709,80.5088626870786,78.7587347657926,80.7148647875913,81.9341029534587,84.6189364348523,79.6225377514757,85.5450364759305,74.4970933346041,82.9022971277661
2019-06-01,75.037227622993,77.8195093444365,76.0222016416214,79.3544322402373,78.4601364414969,85.6220003974106,85.3351548962185,84.9237799170375,83.7513033773297,80.185855248082,78.9607544955496,78.5587239903158,87.1082744406996,79.6246555341944,81.167058545505,79.1990586822123,83.8585402436043,75.4858172503634,76.1004300136753,82.5890637899821,84.3717429142803,82.8729978707873,80.207950246423,85.9846352297025,81.9789252504374,74.4333080943263,83.6935115893449,79.0096621843276,85.37407716366,85.8627895347072,86.3509909777422,84.0461889247372,75.0279885903208,82.2426270456804,77.9207097328048,79.9623999686965,79.3977945520519,80.8033597150087,80.9028190604854,81.7153471024435,78.2978703039168,83.8742370243195,80.259465742015,78.3558194689895,80.3581261650347,82.5647492136892,85.0976199902062,80.2157983961625,85.0472828377694,74.7651083117851,82.8400354084047
2019-07-01,76.625613755123,77.3104602760178,75.3954647087738,78.9723140362041,78.4774281385713,86.7288202558618,85.0137232259879,84.3538303899477,83.1644008892078,80.2666211245912,78.6111352999117,79.637261332393,86.6863014264039,80.4875155036495,81.0584485701995,79.7636110127913,83.6224431313241,76.3704904768082,75.3343928659409,82.0471236052819,84.5219813576438,82.7775713696398,79.6602425311544,86.2428100489836,82.0742175507295,74.3579333462236,82.9268367560376,79.9671361293604,85.2718611736235,84.4746637678475,86.225853933796,83.6667713219043,75.2709879158323,82.0165525328838,77.7249339461741,79.8756519385369,79.1142325731329,80.4465744857843,80.9043053684037,82.3715416674131,76.9091806001835,84.7034944564296,80.1149665476504,78.2413961847819,79.4137171757969,82.5616690005048,84.7369244775871,80.6931936711676,85.4832968988605,75.3307309743935,83.2575441135101
2019-08-01,76.9742324832567,76.3473058932372,74.0199505728562,78.454467542545,78.3545533015792,85.8521763391899,84.0947248061594,83.8835168578024,82.7806425443486,79.8603950572918,78.0352893225545,80.636344131844,87.0859926211598,80.767706102431,81.2486927641924,80.9209890258711,83.7203618241568,76.8103837287994,74.6830468066243,82.4243346323234,84.2076626395029,83.3338914785662,78.6271015070076,85.972117455696,82.4665641947396,73.2174086233341,81.1035691386171,80.360628904445,85.2703656763425,85.5110861045538,86.6397492283133,83.0664562642914,75.3975546681696,81.11176151847,77.3213124853285,79.8016173444339,78.8466790222321,80.0954847926521,81.3202461144832,82.0904330555628,78.3259292991267,84.8560212634539,80.2375276128404,78.0030390364974,80.7232472303542,83.3732853103775,83.9676435416409,80.6242533465859,85.9530967679527,76.0261195292353,83.7171805627992
2019-09-01,76.6794008055028,75.7892072869505,74.7930879722971,77.9204068975637,78.4857009355431,85.3868591039291,83.1909931354512,84.1415419982832,81.8949644205287,79.2480873709721,77.840462998297,80.3038246975839,86.6763614301051,81.2945744650291,80.7666530322831,81.4012165600242,83.9620488163763,77.3538146419572,75.001340569279,81.9319431727324,84.1932198042227,83.0955208636948,78.1177033846632,85.8064889738024,82.5073853237844,73.1165212065286,80.1247418508066,80.515428515943,85.4485603222153,86.6529134462454,87.2946716759786,82.6176319171219,74.9682707168441,80.770970596617,78.2146376997654,80.1408647444101,78.5088773122507,79.649500470531,80.7793756755449,82.3220526391755,79.2133176398655,84.3936023001978,79.8602778596277,78.7172699797206,81.0481906882433,83.0591374388225,84.0638625267089,80.7527880695192,85.6232097394108,76.096160986494,84.0069483189349
2019-10-01,75.7663116760683,75.276514209924,75.7199022898733,78.5630069362503,78.3125990177074,84.4295706134819,82.8694141233266,84.781601313167,81.8425002304122,79.6374429407784,77.9765832681027,80.6134103790894,86.523018194878,81.4926898239162,80.1510338221384,81.6252992020499,84.7661109537721,78.2822326281746,75.0184947392338,82.3259094229295,85.0237729559279,82.8145623449891,78.075983806056,86.1129932715292,82.7983318119781,72.2795281452222,79.8843524754513,80.1881367845409,85.5901349692609,87.0928560274966,88.1806935861463,82.1645347967711,73.9435610991956,80.5978606807648,78.2040678759135,80.3380552725881,77.6583321078508,79.4922980769073,80.7211331750863,83.2986091649051,79.8846760378938,84.7203647518363,79.1367583691178,79.5726195640379,81.5301809643854,83.3318335710004,84.1607744424047,80.9795866283493,84.642109391008,74.9561254148196,84.5737010177006
2019-11-01,75.850800115739,75.05293938544,76.38802933359,79.3267896677979,77.9670277117216,83.8251099269263,82.6614531361964,85.48881745307,81.4725660530252,79.6781494540879,78.3960785091323,80.3415062078597,86.2869537527829,81.7685941680184,79.6648810235239,81.1675027173986,84.7931110949334,78.5397850105607,75.6133841515291,82.1294843575427,84.8494641340846,82.2447212345894,78.8168742852061,85.8017353141544,82.7037888626109,72.2919199767824,81.1943255900105,80.171315673886,85.2092409439343,87.8097483079259,87.2204483534856,82.2949640155174,73.6272998925225,80.9138384558026,78.6115073623038,80.8802754166322,76.6266578827259,79.2789208418129,80.1027517519666,83.385380461892,79.1842874106748,85.427563632615,78.4195684445177,80.110188528131,82.3337148270601,82.9119407143237,84.832554113267,81.5504988116302,83.5524375808257,74.241344937564,84.5223810715524
2019-12-01,75.5905892652788,75.0581613765947,76.1651176311725,80.028270568545,77.8222505788578,83.3433522831815,82.4540756406701,85.6247899067264,81.9990160916971,79.9539434714142,78.3124366882447,80.0116207558064,85.8618634736916,81.8514518760197,79.7348004044216,80.95693306648,84.4093941015292,78.8280268014606,75.0830747698554,82.6227742324528,84.6295715622762,82.2476170451286,79.7783076407197,85.7251363492956,81.9314273900947,72.5952605682708,82.5893302072569,80.094539635949,85.1302737070115,88.0122727866784,86.0952628417683,82.4635089706993,73.7120316792118,81.3688965362599,78.5833508001551,81.0280574448533,76.2641710118139,80.1815741375218,80.3043687438163,84.2782156642169,78.2030439222059,86.5531179214649,77.5405725387807,79.4927815720047,82.1597864619263,82.7184471778937,84.8377862932925,81.9164877223163,83.3447565371495,75.1086516984026,84.3809167048992
2020-01-01,75.4932533888449,75.1992862935377,75.9083766475629,80.1876352450144,77.5664455505834,83.8251009171678,82.5222232542415,85.788115824292,81.4017529595295,79.7793049876003,78.1439008938861,79.0953465792633,86.2132435022225,81.1531324301769,80.3585834644125,81.5210003523619,83.6444322772409,77.9745509144326,75.3487003211706,83.1431138707631,84.2818963865014,81.7606424582165,80.6506058142931,85.6222009642293,81.3827904101317,72.9534473618624,83.4727312913169,80.0594225997728,84.4656217445747,88.1565603798417,85.6990116398577,82.8628745687126,74.7460568963899,80.7259154731113,79.1279006456623,80.8749621297671,76.3093763308441,80.5495187823685,80.1488593885601,83.7486432450805,78.5048414168054,85.3078952156109,77.0251658125599,78.7602631068494,81.9485436501966,82.5751316779394,84.7721314911429,82.076294772324,82.9282772638497,77.0034244791334,84.2163388399976
2020-02-01,75.8760647240881,76.1125659236493,76.4613085772631,80.3503395129824,77.5409373181291,83.2240317011055,82.4379311883506,85.4165120588778,81.9428979347645,79.7086945935554,78.3638062788547,78.2424029840547,85.9012294083584,80.8917372994725,81.2296199615199,82.6388801913423,83.4191977348877,77.3981163767471,75.4001470453272,83.624527599698,83.5108430978776,81.6986828903659,81.0400724294571,85.2333950579245,80.7664155316229,73.0891656626423,83.1644757572818,80.1616740182741,84.6713129991246,87.471945324601,85.2026363819195,83.5575498542561,75.8700656465385,80.7576105526443,79.5681414414881,80.9796447581929,76.1394732656838,80.6751469740484,79.7996822454335,84.2155847734065,78.3553400145907,84.5065154419325,77.6138890011693,78.5948026583045,80.7336506000077,82.9516353170328,84.4537684329876,80.5997177221243,83.0358334162772,78.419634612447,83.6644734563491
2020-03-01,76.6938825160404,76.5734246864695,77.3104114929284,79.9420922309375,76.5720877871128,83.2791639954096,83.1680767465429,85.3478924974184,80.7995927013192,79.3420310951555,78.2578184131818,79.1506257319163,86.8389931406354,81.3677858333733,81.5925498769037,82.8514113858703,84.0788265810653,76.8531782989968,76.1874735596681,83.4666707242272,83.5124461743311,81.7434990632051,80.113062045929,85.8311792880294,81.455042029978,72.4407042483845,82.5239494840735,79.5094438310922,85.4332002586918,86.1503530972269,85.9696054462438,83.8671714755694,76.1557645547805,79.6694771771633,78.8262822693274,80.7264344901703,75.629895756616,80.246711215675,79.7696390033696,83.5571038449918,79.5601311005699,83.6195047988876,79.2803194762326,78.7595962327337,80.5271101824465,83.7140995193394,84.7764212156055,79.6207753690032,83.0485227653628,79.4994928446118,83.5098076028332
2020-04-01,75.3237940883516,73.8027562240971,75.5970734025464,77.167164938291,72.8871218662988,80.2291016610051,81.0673247179607,82.5990420847164,79.6338261097386,75.2161790584965,74.8440745358088,74.077963974815,83.6980422357952,79.630820253113,77.7846096015865,78.1001388534942,82.5187085435742,74.7572452092647,73.332591937787,78.4079389565782,80.1979899546203,79.8861060226319,73.3774096166613,83.5358954407648,79.8091444094235,69.1420796529853,79.5357437651855,76.8305309435172,85.1978110360083,84.2503416695869,81.9338594763848,78.5538206885143,73.8676107315996,72.1990552496663,73.909933866369,77.0727140498885,72.9740134204001,77.1638056599147,76.7201322052298,79.598073079366,77.888508413061,83.3990844010469,75.8490222766577,76.2815356453772,79.0447861020357,82.0119380860154,81.4130172441773,76.3687851686428,80.9088094732374,75.4107036456191,82.5509465085008
2020-05-01,74.2899939946607,72.8634401069302,74.1584923689078,76.1444307451519,69.1808717513838,78.1638871823388,79.1481907575117,80.1011516639391,78.1357582139512,71.5439388501046,72.3440943087096,70.1050600615351,80.8742615765226,78.2652985701338,75.0195423479221,74.7628254660273,81.3543511707144,73.7765213167104,70.9335533230599,74.466868293146,78.158222453495,78.5251934253178,67.7660524809702,82.3467558367087,78.4117929354263,66.9038652055681,77.9708709114617,73.9124356602729,83.81313776066,84.0912119835475,78.4455030699362,74.6835140452028,71.5148985444983,65.0888521833008,69.5943171530632,74.3367976344887,72.4233478177818,74.8742943382939,74.974933627091,74.7539821097934,76.9099144547425,82.5666409428507,73.8115840073859,73.8880878181834,77.5711241662036,80.6405377132229,79.8753175047742,74.5675619453661,79.6872784013205,73.4443543463812,81.3736229052589
2020-06-01,72.3192280626022,71.6960749352626,72.6222506511608,74.1508213576647,67.2977426830544,76.4176233911893,78.1574606782414,78.6302903382382,77.4422529110483,69.2384833166388,70.2284320123727,65.9095216425164,77.8754141357147,75.9603204908371,72.722519891397,71.7877179962759,80.2941108844591,71.625715504813,69.5688967141394,71.2511304603126,77.1168783067739,77.694173339245,66.2015066436784,80.7492686998796,77.1339059476506,66.2576216832876,77.7960696157129,73.2813202364517,82.2624377316693,84.0495133250441,75.8445102220632,70.38045164523,69.4306067052361,62.4066012670298,67.2699688048042,73.0405296880622,72.5113084643603,73.9555987248623,73.5656152990875,72.271194887798,76.1562523734686,81.9997926646125,70.1837494776634,72.500406767135,77.0985428930129,78.2040220791087,76.8710564423082,73.9156023490939,78.3460571101845,70.2917906776351,79.5437204732821
2020-07-01,73.2873808990392,72.7013307632649,73.2864480739664,75.6632451544184,68.1932943040817,77.8407457874902,77.9570477004257,79.3970929450761,79.4760730167842,70.4758714429235,71.3367157450858,67.9382453027935,78.2244042428164,77.5569215918711,73.9908714507371,74.4851966184133,82.0980950563796,72.0087234330867,70.7356273832253,72.9977146477506,79.003193110785,78.5725740508906,70.6473952275356,81.8096756612475,78.5512981051688,68.3950986845551,79.9697799033683,74.854625296768,82.4602765658493,84.1629547796756,77.826550968312,71.5301386724583,68.2636265222735,66.1445985643297,69.5876699870403,75.3289449288656,73.7488365987805,74.9484638702089,75.3353697538349,73.0128810899224,76.442420065647,82.2249531293305,71.6197321965869,73.83081849628,78.3555174187453,78.1447914345065,77.9189797689661,75.421359873481,80.0329010278398,70.9666942014765,80.0463621532473
2020-08-01,72.9840828323612,72.8828438750208,73.0278176611301,75.6659749810217,69.4933970560628,78.9874275228,77.5644290012626,80.3265539905538,80.4818732461899,72.6452116976242,72.4963029072251,69.122189011496,80.0512556624752,77.7987057080016,73.9917639334413,76.2041574285878,82.5758120068962,71.540931690775,71.6794223183228,74.1873986666084,79.209457371875,79.268376241528,73.3087723460098,82.6510848058545,79.2501529647191,69.8901455725826,80.5435194180853,75.6768376857959,83.8276661026127,84.4763345441947,80.8602070844856,72.9310346440327,67.1935967827455,69.3552072663596,71.2891885811404,76.7839450465771,74.9073870607018,75.8770475321104,75.6885315946387,72.6300289846566,76.778590785072,82.8741202067939,73.0993273175851,74.8285728206825,79.6323252748549,77.8105909527662,78.2252067954186,76.2487222137369,80.9821962734149,70.176679771893,80.5687202806854
2020-09-01,73.1873183085416,71.7284000280937,72.7484944189036,75.8773870197557,70.0183114480179,79.9646369372131,76.6895706635429,79.5148445044551,80.8691833250948,73.5966302552429,72.6396940766309,67.3574395803307,81.380015591224,78.8234401551408,74.7391286236498,77.6420557099779,82.5787066659683,71.2380264301872,71.9899486314793,75.6728540500198,78.5093192015733,77.5088614112925,73.718576994605,82.218208985619,78.6952675275111,70.5822433989096,80.270819477721,74.7508851426689,84.3106386168411,84.231663684253,82.6008293255567,74.6876422769272,67.2929176092154,70.3078806327191,71.9018461318458,76.2485183730525,74.3200677058291,75.5455673337868,76.3583528645624,71.7891277628228,76.7562893125145,83.4987027108666,75.1507563761971,75.0713514773625,79.879909290329,77.5897293183531,79.20482312448,76.0103150092142,82.7691109345171,69.9399373205444,81.2872662858656
2020-10-01,74.4173619478671,72.9358609642157,72.3559523225254,76.2348807715648,71.1318140205909,81.2478380467126,76.7727795420405,79.0879546739474,80.3398497828129,74.4873564538969,73.9759665155014,66.4384222750225,82.1474504625512,78.6799879001709,76.3161574998067,78.5224793850374,82.0879857625256,71.7688998532982,72.3364615955835,76.7286629944511,78.4719780548331,77.751931102211,74.590386764207,82.0118476002514,78.6924834375032,71.7655865647099,80.4291161407693,74.5356780198107,84.4392313459041,84.0546548110278,83.8350096406673,76.0638582733661,68.7070963004619,70.1875913018233,71.6465683062885,76.8002138438914,74.1946581015205,76.4524026346819,76.638445168836,72.282403769763,76.7841266049927,83.7630897306317,76.419007572971,75.3521437670793,78.61136206702,76.7749481051215,80.1669234367766,77.1645658059725,82.8582940284285,70.1081891696673,80.644894186189
2020-11-01,74.308229907749,73.3484126380725,71.198861403792,75.2833899079141,71.8947605749377,80.7149361199999,77.1715451885477,78.3240464212095,80.026721304118,73.9659903780864,75.4519442903748,67.5551805061485,82.3687272449582,78.5026631792535,77.5078177323988,77.740448169484,81.7255329440729,72.421964631034,72.046671313484,77.17841472555,78.016457241622,77.3880267484249,75.2889110545896,83.0020074476923,78.522258827312,72.2262748578243,81.2071381492098,74.4747009256288,84.1175298874174,83.7399672269302,83.2070685729812,76.8136431986655,71.2243630764271,70.26376876438,71.9096925252161,76.4610638418828,73.4026300183001,76.3562940601059,77.2378090400615,73.6120497091358,77.0285771732996,83.8679741528043,77.2880911310938,75.1788085997094,78.1161476908994,76.638578890612,81.234503112505,77.0196139243425,82.0082425371518,70.5562602527992,80.4611041515186
2020-12-01,74.8943510295538,74.5985426364964,72.3382783657373,75.3966428741288,72.598589333558,79.7126996965949,77.4077774327561,79.1768639189008,79.8406632758102,74.2516838050419,76.4687554899905,70.7143778095763,82.8247529073655,78.6892941736917,77.2112705581314,78.2706529313824,81.7782479071194,73.1587886812423,72.4337243013981,77.6440562531439,77.7638458177187,77.5362308340758,75.6466502271802,84.4132815225653,79.083643412107,71.7160756994465,80.4727108805463,74.4127485243994,83.7393366988711,83.8426651327886,83.0919204963469,77.1164036203412,71.0479014094217,69.8266882274545,72.5593594297081,77.0126172850627,72.6231660549729,76.6316989073649,76.869452002628,75.3637247813989,76.9461907346866,83.7604149184197,77.3511434484183,75.1929419260992,78.2698528839767,77.6066173607984,81.1125120991844,77.5153212188658,81.3182508828684,71.3819505625078,80.3763396834161
2021-01-01,74.9046506238269,74.66856162213,72.7281814739466,74.8708585258639,72.1220693427667,79.3253378179107,77.6277538392471,80.0691644847485,79.9232716241217,74.6707038066635,75.8137089811269,72.4790054839999,83.3400043572014,79.0212247749309,76.5417677319023,78.7494211564459,82.1460901028304,73.8545485820274,72.2665117745532,77.6827421561776,77.0375486528401,77.7712732244886,75.6244865657265,83.9956016694494,80.0753262148405,71.5618830385647,80.6429717005962,74.1728362540656,84.2265356694085,83.9010993125258,82.6366942056522,77.1749218336856,70.7046596129655,70.161909385376,73.3870582770004,76.5585396957189,72.4483315305044,76.5172050988517,76.598251683993,77.5679042093618,76.3899866927081,83.9879857959188,78.0825764268546,75.0589115029136,78.9490346989778,78.8743214519968,80.7357828293203,77.4895527698087,81.4682843271393,71.578737158767,80.9238288026016
2021-02-01,75.424920597421,74.9234071311993,73.4939486180979,75.7718609770707,72.2834064849442,79.7502704839843,77.547834216663,80.2453618859911,79.1012343399808,75.5495317648785,75.8175703695574,74.2078307270273,83.8394212583759,79.2343740391766,76.7696623310557,79.6147507502205,82.3031421138838,74.7408469433816,72.3360807424918,78.664248444565,76.8099895918629,76.9888815825417,75.8074450680613,82.4797653509399,81.423161983537,71.8024005318914,80.3384880817307,74.566412176401,83.7083583396248,83.5098632967994,82.5833542804038,76.8914792315377,69.7823581293229,71.6436605167322,73.6392606862315,76.5825104926647,73.153811607916,77.0061876395515,76.4452476847051,78.96594298534,76.3935226013276,85.335692535582,77.3006105373421,74.7844377457024,78.8864271582617,78.9790931697016,80.3567184448153,77.9120514105592,81.7935800243015,72.4347844353397,81.1280265225285
2021-03-01,74.0287781150112,74.8738360972254,73.6034826595167,76.3878240760782,72.6194454500541,80.4024873704667,77.7703464531038,80.2566037165944,79.2223679839032,75.854328149122,76.7078227109922,75.1249674021666,83.5104209384079,79.518736878554,77.4375402704045,78.8903492278107,82.6334460702844,75.9028931409637,72.5003628052494,79.1870632010846,78.3850192535235,76.7968471346923,76.1691992651965,81.5946790890374,83.2197500914388,71.5863395114784,80.9613968097388,74.9718927027066,83.8835355074548,83.2852216779783,82.7438900081061,76.9154353145602,69.9407994965318,72.6893085252335,73.9327803675947,76.7490492424844,74.6030085507862,77.3546091678895,76.5767785743523,79.7340363556719,76.7028810578608,84.5192716879855,76.9751634728682,74.9965168994454,78.8962517504837,79.2638437308738,80.6226003112293,78.4352965599346,82.5718364522096,73.1421444403774,81.072302002329
2021-04-01,74.2419037869813,74.6757678821956,73.6110974667685,77.1090187041387,73.1190695252754,81.1216024100947,77.5358483029871,79.246462729774,78.798411269294,76.0619925718612,77.1709059225747,76.2752321331983,83.0736553790326,80.1224987702507,78.4686816674701,78.8000260547984,82.5806954307191,76.7201280581306,72.9180723616797,80.0631916010038,79.6481724265944,76.8341019701421,76.0521523706656,81.2596953524987,82.7395162357137,71.9052086126881,81.6814824407395,75.7918224343439,84.6568562557707,82.8170697520784,83.3957587510743,76.8917545172668,70.4775266336988,73.2990213917816,74.5452114996654,77.0446908539924,76.1360309899803,78.1675872460594,77.0267091738489,79.9570867208501,76.7881948576549,84.8726637809713,76.3011485438682,75.5675090358888,78.6463590436725,79.7159143437153,80.9690757925119,78.4728038237193,83.5528002013907,73.3859709958232,80.9286369834281
2021-05-01,74.7693072047792,74.95505832548,74.2684386472373,77.152627950767,73.6938252763349,81.3908136502693,77.2600298933327,78.874459018156,78.1731502241051,76.2934985964494,77.3787802899835,76.3061147435945,83.4310437012563,80.9552772198572,79.3847183913058,78.5470317592116,82.7704358413394,76.1126204292899,73.3503982772201,81.1503948123568,79.5093313676837,77.3492428811191,75.9365448355586,81.6874159239927,81.987900723307,71.6296114897313,82.7020698187886,75.6284431328418,86.1718860563975,84.5611144337256,83.5932150999313,78.3292833529401,71.8340752928414,72.5157243151809,74.7579127464247,77.2508403768597,76.855665672465,78.8980251854624,77.0717020127039,80.2143614710015,77.2883756464702,85.0000115504679,77.1039118219008,76.8831667238126,79.5221763313959,80.6340790616645,81.5012142983396,78.6068544582717,83.7720833501611,73.7235717020549,80.4161387996037
2021-06-01,75.4407759172831,74.697719814894,74.1272651007689,77.0428762576444,74.3496999785263,81.5621138110683,78.3716795960377,78.6933802145598,78.6799211781622,77.0851382887197,77.3169601436747,76.2421570294038,83.5741649866256,80.3213603437104,79.4325153699787,78.7799762874339,82.7148334922075,73.8043078669353,73.8323494261303,81.1350858133845,79.0783861298188,77.7329828693588,75.4216485185583,82.2774105009417,80.3374558871643,71.7004829436016,83.6591869314608,75.8833633797773,86.9498951460601,85.648628819632,83.6354217963227,78.3948336576477,72.3541079712141,71.9940047156287,75.3052854087263,77.9346082258649,77.1887603705982,79.0727261606748,77.4513104787138,79.9138651198217,78.0243648469985,85.0345439101146,77.7603961689149,77.0410968467105,79.7745465338727,81.3017845520825,81.737997150723,78.9392447359606,83.2865563421471,73.7543560891782,79.7231587296867
2021-07-01,74.345122398624,74.8561792933728,74.5549427484311,77.5649412387861,74.9999575154531,81.6014809143118,79.0586194642756,80.1350485296644,79.3425418586853,77.7048324921691,77.7874206279263,76.231127044125,84.5672825814449,79.5988535886114,79.541215201389,78.6416740510939,83.3844403225258,73.0524831019729,74.8437502241002,80.957953010396,79.358567941026,78.5516114646863,75.3306093039083,83.1905975395434,81.1400576631917,72.0715866288027,84.090075615556,76.0031828927423,86.5476243889215,86.0059362145196,83.5711084237687,78.5545316019472,73.3782094328502,71.0430470534501,75.2908735575393,78.1952383196767,76.0478810848074,79.5181977629696,77.873593503852,79.8213739870611,78.055132416076,85.1691226005942,78.4738577888213,77.3293627063255,80.3904489750379,81.4626468153497,82.5404549259774,79.3375793914792,83.0333370425969,73.9557802053373,80.9429609786699
2021-08-01,74.4159316537329,74.9825410555181,74.6915352451554,78.3103399997023,74.9885428516534,81.4539181077073,79.7162933905171,81.2958926844263,79.8993098043734,77.4236733602458,78.709005565565,76.3543448031359,84.7422843895987,78.6098620114859,78.9919343691888,78.320490597783,83.2650340539479,73.501607252873,74.6824658131823,80.43186360991,79.5647202803779,79.7458448676868,75.1801481138752,83.2549067317857,81.2493384550723,71.7721532379045,84.173716495053,76.5252500298725,86.0075969172299,86.1016839188116,83.6673281065552,78.6954752928607,74.0585011506378,71.7022302779761,75.8721201368876,78.4431039790313,74.7875015910771,79.4764333578311,77.8342811764905,78.3948135057744,78.4630680720326,84.4304015942828,79.0065741576934,77.2479697707618,80.5262078359843,81.2222112367255,82.5019787841234,78.9730924460071,82.474131765121,73.8750141153133,82.3569106856197
2021-09-01,74.5968972938342,75.5592703018613,75.1084554879129,79.1016663111524,74.8477079233423,81.7195721301462,80.420551876925,82.3522059439398,80.4754965632328,76.9522167259186,79.5336833429091,77.2392747605897,84.7954785778429,78.8906340916346,80.0628681685229,77.9991702137716,82.6828625520712,74.9765509226452,74.9339022436392,80.9114991737285,80.1469243313379,81.226046698846,75.2930429338268,82.9801268663452,81.4567795813814,72.3441884631403,84.0166509151693,76.9266273641493,85.8149321099503,85.927188459341,83.8692480745502,78.8471620218294,74.4286522723004,72.5566260321549,75.9819919581034,77.798208984452,74.1848816245504,79.867424239565,77.4911348153248,79.5089070125075,77.9052039893504,84.0577082098145,78.3181201622744,77.6437979160763,80.5883414649664,79.8030165191208,83.5775792066557,79.5839952194823,82.7905224556254,74.4233242763623,82.7523697730135
2021-10-01,75.0942966121054,74.8182084607743,75.6307365853559,78.896684023757,74.6403189229015,82.735529488286,80.4239215589453,82.5643514686323,80.8309626248954,76.6163030174246,79.6089443467652,77.9248118832176,83.9104485525132,79.224136348656,80.1019580683281,78.2083028879333,82.5777854384212,75.4338923353014,74.9697819725481,81.1245011533885,79.4781953030663,82.3112874507338,75.9564983069734,82.6736985613618,81.2867035938765,72.4404899672567,83.7767517402511,77.4207225303704,85.9654974057899,86.043327172337,83.7149460655022,79.0504339655281,73.7452518769075,74.5611481929552,76.3718714862703,78.0000167281054,74.3213935878517,79.3081037426687,77.5980071562943,79.0559198008593,77.6102882876885,83.8810668043902,77.9166440347904,77.5854671125568,80.8945930631712,80.2330192203829,82.2706157067863,79.2771085383844,82.558996885116,74.7056140177963,83.1640315771348
2021-11-01,75.2893283198895,74.9529368130006,76.5073669613485,78.7030933483016,74.9422965984388,83.0803470081367,80.5620954539051,82.9913033128319,81.1626056662589,77.2870914995802,79.6798046691141,78.273664805993,83.9189892053982,79.9451998322316,81.0582225579906,78.6485063803335,82.4594220814274,76.421324339812,75.127936597892,81.9379945895252,79.105393463999,82.223418993556,75.89734238968,83.171646086114,81.6157296642286,72.5195182681026,83.937350049745,78.4950519973887,86.1788259919865,85.9499937169655,83.5023420326324,78.9726446893422,73.3327651176827,75.1192149463109,76.6431355159182,78.3714759350333,75.408053800942,78.9404319602259,77.9270554750293,80.1325684751407,76.4850355950083,83.992179782732,78.2454647215526,77.5916077860967,80.7163539687291,81.1185141633739,81.5887810933794,79.7132460591062,83.3265487320448,74.5902401737453,82.6406375943021
2021-12-01,75.7526183832059,75.0583622494853,77.740995891807,78.2622610687458,75.5622034401889,83.6874773844171,80.5253107221579,82.6502881205939,80.8525876996976,78.2950403830744,79.8090791324704,77.7032068777641,84.1779179538231,79.9610759092381,81.0770997752841,78.6529363003675,83.0382474945185,76.7219989142433,75.0758908846789,82.3345697157495,79.9761895529763,81.1379391967931,76.7026318268863,84.4919235817979,82.3180020925126,72.5990829506765,83.9564753318223,78.5022586739677,85.9624046652871,85.9618809428477,84.4145096470692,79.8453262355333,72.5941555111879,75.7464731297517,76.7193739839282,78.9393247799992,76.7023150498165,78.927584242579,77.7905847367363,80.2041382452633,75.9442332220297,84.4995421882635,79.1847738542831,77.6440984385441,80.5922482928258,82.414025702145,80.3193657568187,79.8975964533422,82.6312938911624,74.3265249901274,82.3057279082544
2022-01-01,77.0769623942924,76.5153872728748,76.830481016838,78.2633004782077,75.978416558685,83.6659654080683,80.580878117608,81.967921706167,80.748690638682,78.7162512718029,79.6254934479259,77.1134686159702,84.5933177300484,80.0330646288868,81.4999827820457,78.8515590896914,83.2894476679806,75.4383900569922,74.6150467136048,82.3940133520875,81.1794052760073,79.6806309886148,76.7400952841704,86.1986831456098,82.7483719976141,71.2911930921768,82.682742484326,78.6238351486974,86.0296804127348,85.5432697790043,84.30829419761,79.637110753488,73.1793337250218,75.3882261942063,77.497116380384,79.0480152865059,77.4556346098822,78.9527656267092,77.7418284081974,81.3559489116689,75.5527906158074,84.8942931879218,79.2718203525643,77.9563507465831,78.8222611663496,82.1115732189485,80.0430009321762,80.0433621893009,82.1074107815621,73.8905169230031,81.3757765440929
2022-02-01,77.9885126374381,77.5249896870082,76.1495585332577,78.9828300272659,76.72484923285,83.2525832084992,79.9050117869353,81.5252238880457,80.3170619886426,78.3923091710112,79.9667814212482,76.9401678370418,85.088323116582,80.2568226306233,81.5482335550026,79.6490554214843,83.3307618838721,74.7098995106826,74.2252248131954,82.195461476289,81.8420990779334,79.5014187048443,77.4083061724603,87.9522868725494,82.6442770626831,72.1572485042111,82.5396632347341,78.2913324543165,86.4640996445997,85.9739359612486,84.2676495687725,80.0714566572493,74.3576696715865,75.4043492932961,77.8654817933062,79.2313213264455,77.7903553752065,80.2777222919841,77.6054675948714,82.2450773840794,76.2346061713793,85.9554619940843,78.7950192790668,78.24202900979,78.149123530312,81.7376849361804,80.26425200442,79.8587217316588,80.7975292740568,73.8574263697905,81.1112409505261
2022-03-01,77.0439137180098,77.8875646791835,75.6545672928014,79.8073841411462,77.657930357881,83.0459567317832,81.0970123432995,82.6248276474733,79.1937153017844,77.8479357039073,79.6036037604911,77.2463118389248,86.016853302053,80.8973225581472,81.3251463598947,80.8701268751298,84.0101117838719,74.039665403908,74.1657754811526,82.4954777724692,82.3259311016233,78.990881032656,77.8156903710893,88.2168093478021,83.6013279076144,72.9227458944769,82.8204985895399,77.8844673254132,86.3692411283454,87.1646935196537,84.3209296023992,80.345490581776,75.2242457416361,75.7600720022532,78.310723900181,79.4560331608264,76.7173915118177,81.5899226332218,79.6734949688869,83.4155823201916,76.2379975537259,87.1238069172416,79.4003780346145,79.126522278809,78.7452944875429,81.5682064875558,80.725535219465,79.8423146457872,80.7225857970558,73.6437246760159,80.6066579538774
2022-04-01,75.8976065901634,76.6964384728645,75.470184613585,80.8202224173489,78.3439805495419,83.1820966545928,81.4393539031203,83.8218259942644,79.2350203356023,78.02261973413,79.9846589000899,76.8936318516405,86.4413822388927,81.5975001145473,81.3369749749966,81.4959872153005,84.1112760929353,74.928522959563,74.3982478462226,82.685752697865,82.2404309827063,79.226882561001,78.0016621026592,87.7043455757732,83.1749577169,74.4438224998389,83.648140871114,78.5551166186864,86.7903132452412,87.5734290541553,84.5282982346837,81.1440043976946,75.1935100696184,76.6655145847016,78.2014355133478,79.9296375774759,75.8799201009016,82.9020874992594,80.9695125174155,83.6683052573048,76.0299535524313,88.4762302954151,79.8311945058773,79.7502524723294,80.8457650456143,81.4600210072415,82.0535866058603,80.2440834710047,81.0272715170418,73.007050451171,81.0349545292607
2022-05-01,75.6492197656942,75.4412935657072,75.4662706472325,81.4594951981185,78.8691398275731,84.1211529803943,82.8331973563624,84.7342039052884,78.1283388304499,78.2762808601875,80.1361640135557,77.3572126130588,88.0628620231703,82.6803525810462,81.569500267093,82.0868563877939,84.4394464333692,75.4738225042716,74.4792328250072,82.8425837999077,82.0150215017086,79.0208735194189,77.833729871971,86.4458863152678,83.1881931173978,74.4114521969348,83.0544565883438,79.3974989609844,86.2845065852155,88.4408191636679,84.4456663816405,82.1212910171371,74.8652414783849,77.9213879803487,78.6045401715662,80.7099292049668,75.890274834707,83.6221933350562,81.4884930725591,83.4924943136585,76.316270375182,89.1452304167215,80.8527572432137,80.3998779869865,81.4908140981081,81.0836630167608,82.3566751065322,79.5302556234243,81.8598762956672,74.3040031043661,81.743386763059
2022-06-01,75.928027074626,74.7761933216864,74.8483203897027,80.8837553099107,78.8994942447641,84.708200412063,82.7619930351606,85.1161408069572,79.5128684272001,78.49408127058,80.2838227490942,77.8249854757384,88.5233084371166,82.3810770646001,82.3975038107399,82.4541105460766,83.9033444771966,76.2194238445056,74.6629538018499,82.9383779638856,82.7582332741578,79.9324298250551,77.9372023990865,85.2849507164052,83.0102756073581,73.8019066866364,82.7032353608666,79.6938309205388,86.7317054278604,87.5018823570233,83.827642595483,82.3509535390116,74.8722173166652,78.7864702165373,78.8862911668357,81.051716834256,75.8810491508233,82.7533893967956,80.3971785478013,83.3773402330922,77.1755147906119,88.5567501922241,80.3727934481956,80.253671548855,81.1761108677097,81.2875385643183,82.9699350171657,78.8579415458395,82.4485713966748,75.6081133468643,81.8277877348364
2022-07-01,75.9733975163486,74.960512562635,74.7815013579834,80.8226483487768,78.5194182882701,84.7756500228084,82.4764307215928,85.8445098645291,80.8144058103894,78.6048316502246,80.0249175836634,78.8422699236491,89.4070547713725,82.7712714536057,82.5559327717903,82.7712753200542,82.7413542385132,77.5468735407746,74.6129939903413,83.1335035510736,82.6013833049503,79.7387387608811,78.6399540322927,84.7081071426793,82.8418731290438,73.8277834030366,84.0930530744213,79.6942124618415,86.7081681312352,86.976599094665,84.0355290194868,83.021526262436,75.1603292766606,79.309436187831,79.1083738666484,81.1171773450231,76.2226020738945,81.8462473015606,80.1752111843931,83.6777754113607,76.9299794499221,87.649993185682,79.5103310695569,80.2590341743911,80.132820952503,81.6984983284652,82.4220978695268,78.7698154803072,82.4147949098767,76.3447286169802,81.8801637960358
2022-08-01,76.8060532138696,75.7530741086695,75.116977008127,80.8657519384917,78.2839823358716,84.1975504680576,81.7804463708922,85.3849802563546,82.0745755247564,79.3927412208748,79.4952790396444,79.4037338680179,87.7022767901571,82.0658273615193,82.705453798633,82.4003177788279,81.2824167113888,77.6751117883946,74.9176769670595,82.8096889441554,82.427789476132,78.521199080829,79.0680769740618,84.5092172391985,82.7576065241074,73.3871342822708,85.7672378501768,79.3305374772367,87.1952470737891,86.2959434017522,82.8713111205219,83.9514829420682,74.8846915577367,79.1329308840513,78.771115199104,80.0984302242946,77.1628596215652,80.7367593252143,80.1909023530432,84.0155793887915,76.9745563396108,87.8342710123427,78.6591266349927,79.8481348117757,80.5687560823933,82.3090905879055,82.856135923306,78.5058864798265,82.4952232180096,75.7151713554728,81.7506672928526
2022-09-01,77.6210401464906,75.9150796531143,75.7333172643654,80.8000811365929,78.0482426803119,83.5547755893537,81.9211888411461,85.1184885553608,82.9744992824202,80.2840833326367,79.3486229547994,79.777226864423,85.9308580213715,81.6584644264711,82.1788039047366,81.5710711427634,81.4416876022196,78.1660233988801,75.3900953594225,82.3908671647639,82.1235065935964,77.297526373525,78.9859708895809,85.2920882080226,83.2270913868653,73.2033422043755,86.9880207872749,79.0837697968826,87.3885831549951,85.6503618144795,81.8250423108422,85.0489819090543,74.4064337263813,79.0838104090201,78.6870511354911,79.7247113759723,77.6840887826801,80.8620389874454,80.7133041944559,83.8455894630072,76.8492043337218,87.3788556874747,78.5231743929091,79.3812328951347,81.5023088057319,83.2406680631812,82.2168647001791,78.9762558325718,82.1327934842373,75.1413118624743,81.512793350008
2022-10-01,79.6565059651885,76.5194022439077,76.3978295423365,80.2608499694976,77.8251509767797,83.9683331223105,81.894867219763,84.2834556003889,82.9450093154033,80.6366606083789,79.0489968583547,79.3302903263568,84.9061309077086,80.9456610566784,81.7304248950226,80.7994111311097,83.6231909996902,76.7683349161786,75.9427127432289,82.4137216751127,81.8495300345708,77.7827191451635,77.9499573920958,85.4348167822132,83.2959218296861,73.2810653336509,86.9093361002223,78.8611069921197,87.2911721023688,85.2458380359084,81.1050764693558,84.2719291695414,74.2478374391319,77.4700038345109,78.9872795857737,78.7590713238415,77.0267391986686,80.7821711058339,80.9765892751928,84.5434089846752,76.4723200601947,87.326363867002,78.7091700580233,79.0629253782312,81.9168740583279,83.9084034850225,81.5194027187173,79.0430472633604,82.7388387631064,75.3176505755881,83.1149839410349
2022-11-01,78.9422807555138,76.6364252244876,76.9628774353794,80.2605383606745,77.3242567183456,84.1036925601455,81.7231918106284,84.0573454680489,82.1824969989848,80.3895645858741,78.9667203866732,78.7146880728576,85.6286962876619,80.7216157742128,81.2882005865718,80.1939323563317,85.2898788664502,76.419751134742,76.1940992138875,82.5580732740387,81.3565818352116,78.0119265731218,76.8205683112545,84.8121576951337,83.2609302044148,73.1185047650112,86.4748376669409,79.1102022679194,87.3171030181637,85.5081059001879,80.1241591788525,83.8278432769521,76.0447541551915,76.6863795139405,79.167163314018,79.1334656138803,77.3032339475959,80.8391025559504,80.651638460357,83.4965094601853,76.2576193965659,86.2548476436018,78.7140757187482,79.0417688553787,82.4089421109131,84.2473435613293,81.7377659647096,79.2520716335594,82.8281850991451,75.6757596355066,84.4585092418544
2022-12-01,78.2139047018744,76.3348938034334,77.2499058977867,80.3018239174578,77.7599226121705,84.3511189659312,81.8648076639084,83.9128122469083,81.2749067954305,80.0553442002013,78.5759393829795,78.3754457583585,86.8699539656481,80.7417388690051,81.0686794663916,80.3917678166304,86.5215669774723,76.2170115139259,75.3055287785035,82.6419187079236,81.8565466481252,78.7214574011255,75.7533053378652,84.3351429141599,82.5279421308057,73.2355218242494,85.9791384761249,79.6357672912655,87.4609701719879,85.5518957247866,81.7121821569825,82.4299921716616,74.5415376066781,76.1329482832523,79.2789462605923,80.2199934393983,77.1088931517472,80.278977805632,80.388307150825,83.5396298274791,75.4592022458143,87.178311930606,78.2924644305126,79.1610812957067,82.3467348129225,84.247018462588,82.3628467227703,79.6752879882806,83.8711615996514,75.7922630397717,84.8673736453877
2023-01-01,77.2207079174791,75.8679051815364,76.9163427882977,80.7298384277853,77.8935809925598,84.8838157984419,81.8231843048275,84.1202622065426,81.3845090122324,79.7053654174205,78.2250228907591,78.523851295355,87.1019495047914,80.9918636443646,80.8352950757951,80.4140009109227,86.8263164504438,76.4018032231602,75.1396307434937,82.5486130729342,82.6884415551558,79.4287293517683,75.3572368362657,84.2031276978863,81.8609580829435,73.7760329087534,85.6891030415021,79.5013305281892,87.4869495429834,85.9786673861885,82.6234084405444,82.1298037276589,73.8983907936329,76.8505217532895,79.0510997216093,81.4421482858289,78.020370941718,79.7749508790561,80.5099087075103,82.6054462676112,75.3329928280445,87.3140501682826,78.4645688463826,79.6162514984284,82.7309717517421,83.8183701066656,82.9469372663357,80.4352046273532,84.9121620142402,75.2099360398774,85.7239650716053
2023-02-01,77.0188801272478,75.1964388781108,76.7580557367298,80.7398765268035,78.3182342195947,85.3565702810601,81.300877555962,83.9804757525111,81.03302958272,79.2812740552713,77.8636718606393,78.9790818211122,87.4282305802815,80.6291987070126,81.0172756271026,80.0469233484324,86.302272882642,76.4350148919638,74.7405634532221,82.3291113440549,84.0705390353409,79.6538590894985,76.1349330503106,85.3070183524476,81.7139535869168,74.5330195402058,85.2932175278678,79.225289984158,87.4009866419778,86.0675164662299,84.2476175169254,82.2835252285984,71.8673650133178,77.7816585619262,79.4927021767425,82.744471611331,77.3503113982025,79.6183897156445,80.5256945464546,82.9001234004128,75.8049682327919,87.0903489913958,79.4886053338589,80.2708768533853,82.7443687120478,84.8699806398602,82.6855683767785,81.5117198740998,85.8085936261524,74.4978523416979,85.5773918876155
2023-03-01,77.4424406729524,75.5411819106025,76.9707438156364,80.9221148066076,78.1465842294404,85.9618519751079,80.1907684147723,84.0406466189417,81.1907207060607,79.9529334723233,77.7333823303661,79.199442713661,87.8570260820681,80.2679578643483,80.6335378507288,79.9391968291358,85.6293500934432,75.9854504178986,75.872930791212,82.4361433444817,85.4538132374508,79.6881832417065,76.9748020586115,86.8670757679396,81.5594912714919,75.4818781271905,84.673364703763,78.4519758751307,87.3673689442882,86.2823412567157,84.541707938325,82.6184622983075,72.0080686182583,78.5370195003925,80.0678846173603,83.0026009161335,78.1939040083715,79.8322698330695,80.833196043484,81.7327351448716,76.2035704525598,87.314522227743,80.7470093199172,80.5357622145441,83.4055823305951,84.9606842171093,82.4237957023344,82.1824282738581,86.5953126355355,73.9315409442108,85.5955781664229
2023-04-01,77.6407527182729,75.3911755920633,77.2847541703521,81.2184410509956,78.3016920355858,85.6921606557913,79.8631021297926,83.2570979945686,81.4008702810802,80.4163071771897,78.5625307972726,80.3260420052412,88.0968651739834,79.2321157270937,80.5330050843936,79.968217671122,84.2778602586177,75.8600801136008,75.9399756651227,83.0252932280722,84.8331422991529,79.7895160060056,79.1617761994417,87.120589474438,82.3552301860927,76.2848810710065,84.4778722097389,78.5390140061933,87.6311388341308,86.1288473438268,85.0724783770358,82.7900668160789,73.0272529065151,79.0648069563499,80.3579290451337,83.0456111517353,78.8346054731028,79.8170561383703,81.1027379083944,82.4119540955103,77.6824123847345,87.6299225962478,80.4029078510276,80.5492124871435,83.4598116849573,85.5469356102018,82.0801389433026,82.5000970775206,85.9059110458926,72.9930289913109,84.8650872212662
2023-05-01,78.3899433449299,75.9881345160506,77.453631749476,82.3376726089312,78.2411198842723,85.373755021525,80.3219367204228,83.7279242882606,81.8057151271142,80.5014984458186,79.1860541166233,82.048726832938,88.3590067694196,79.0913292569086,80.3111019114938,80.301042447443,84.7255688412627,76.2443315468418,76.2162689683203,83.3245739386104,84.7845501835345,79.8698945563215,79.894302929989,87.763271076707,83.0339864846616,75.4408725973033,84.8095694675713,78.9895346649757,87.4105431273813,86.9373484818825,84.4854769262187,82.637209438123,73.7628587995027,79.7589118327397,80.4953479370513,82.5193349902754,79.6165735426387,80.6877778558531,81.5216384330628,84.2240244404896,78.7972016435141,89.0151162443756,79.8720356761901,80.1053948108739,83.5007915388708,85.5926786024397,82.5083626151711,82.7361107734105,85.4511571002918,73.2066228540765,84.3262197208176
2023-06-01,78.6874950965146,76.272915736879,77.8842953765055,82.3304740994206,78.3115444771056,84.6429758663985,82.2089900141518,84.0779963630314,82.6343517629533,80.6266581674371,79.6132863629582,82.78616980675,88.1922246215161,78.7634396420325,81.056815722636,80.3685312945401,84.8706270702322,76.6781119235906,75.9519965734235,83.8747957817029,83.8338938226164,78.8093852929628,80.6180926947423,86.7719774292146,84.0634120121987,75.2907082647726,84.4705651340157,79.0894397705693,87.0544357177174,86.6520662489724,84.5666735923178,82.6162415070827,74.7124682242388,79.6685631297636,80.4696977198875,81.9068954499547,80.4729307163584,81.316308530338,81.7615675564591,85.3782190473883,80.8895076819112,88.0128203427706,79.1346424736532,79.94823620397,83.5403031361808,85.73970623619,83.036221641034,82.6390153178098,84.7816086977064,74.1513907219573,83.7726492139272
2023-07-01,79.9564843682386,77.0819940211833,77.7939323924517,81.746210626352,78.194129994399,84.4055447477885,83.6387205755836,84.698699430677,83.3082409971716,80.4156992818446,79.8642264624922,82.0906151306459,88.4510240088826,78.9137694527929,81.7696170910347,80.6424704488056,86.1206922051345,76.016579797304,75.2006803399071,83.3447725186071,84.5462996744905,77.8488747568242,80.8278650371681,86.3742153238749,83.2975074010813,74.6226297230211,84.0372443711857,79.3221601904131,87.1180345719569,85.9903276119308,84.2136749602078,82.0422948949135,74.9624717670177,79.6821565228373,81.0011992362126,81.2790268290846,80.2351039652361,82.0683285015524,81.5870327872802,86.7786942810834,79.673244343731,88.0052808429287,78.9029661021187,80.1359870481074,83.9847480225726,86.0391395646371,83.8144601972446,82.8609027630695,84.8593910264082,75.5455839241442,83.4153017906685
2023-08-01,80.0828018400414,77.3010828755396,77.1065290721156,80.8611694562491,78.1078083878662,84.30550077608,84.9379757392254,85.4023242618679,82.6904041581762,80.4245888630966,80.2573432146296,80.6752837582614,87.1563639992263,79.2568341317776,81.87383846047,81.2880317957026,86.0043391164945,75.8864037359818,74.5021800012729,83.1065412234811,84.3465383339809,77.7639890186239,81.4641353170849,85.6774404426086,82.5467892324365,74.7326179379945,83.5172630219289,79.7981873738181,86.7500459131633,85.162041722019,83.7756824405587,81.6713496269164,75.4425196697242,79.6689491369851,81.0074712458064,81.2146430732488,80.2668835676188,82.4613535761732,81.4456431421332,85.4392580612754,79.4077726560296,87.0609643463811,78.6466000313729,80.4950327363619,83.4537375057147,84.9094864111651,84.0630546363234,81.7435704199873,83.749957735932,77.4511434344006,82.9264729680048
2023-09-01,79.19603020843,77.4108076790141,76.5862660759581,81.3279490180688,78.3942840577155,84.4304210756356,85.6617296820631,86.9692378943319,82.5996115495304,80.108625350733,80.5785724937359,80.4429311888015,86.71123372059,79.8186951467892,81.7364012918421,82.1174156010114,85.6604232560798,75.1579003901999,74.2724465964533,82.7608309810388,84.2660401359626,78.797575170599,81.3454840228096,85.657104701154,82.2741778374249,74.6285786454984,83.9015362797925,79.7059365588117,86.4782308027891,85.2408470953154,83.5264014405753,81.0492128356517,76.4605080054331,79.4997369525296,80.838697177983,81.3743918774875,80.1327103455708,81.9670107356419,81.0899547257035,85.0600349565404,78.774685078992,86.8172946484928,78.3902144141071,80.6437982788317,82.2007162591687,84.5067360750634,84.1776340219973,80.7015535082067,83.2382920226844,79.1833377629311,81.6259201033034
2023-10-01,78.3314812708317,77.7599106281689,76.7915415320921,81.9115058207188,78.3770894352531,84.5069355519288,85.9233976907484,87.8262279378595,82.3257551643296,80.0016066030845,80.9256997634838,79.9961964357979,86.4449625985149,80.9229840663969,81.4001227911038,82.5231192236917,85.0936218006134,75.4943722437582,74.7056606585841,82.5331551523861,84.1122289351641,79.1009812502824,81.1199311483687,86.4583428686452,82.2510524050174,74.3529388299557,83.9475628085787,79.9196287994875,85.9069190218821,85.3860775186587,83.9051423702222,80.5834526226158,77.0869963302647,78.8289616812235,80.0613664619228,80.8202526465394,80.7496382901388,81.8175955884435,80.9646256314318,83.6501519480831,78.8527433467744,86.8182875513125,78.5327683614128,80.4947300944564,80.841533548532,83.9107254066669,84.0703551303043,79.0968672887165,83.2663320498151,79.5582022311435,82.8421610237282
2023-11-01,77.9243097391414,78.1530947129823,76.4179387845717,82.7567025736841,78.3589388628184,85.1857147458328,85.4273565680247,88.3822597656912,81.9184817791751,79.9158970433079,81.0543428625125,80.003349729417,87.1829874405055,80.7929216417681,81.3843221518858,82.6560542638168,84.6209032348034,75.0744315130603,74.655696575769,82.7343024913672,83.6958004316949,80.314397561541,81.6348049393014,87.1005497667952,82.0118240355196,74.3929583237721,83.359835227051,79.0943967344994,86.1167039814323,85.3931035397742,83.7060915794188,80.4466734676555,78.2105125754466,78.5699778627069,79.6708053829619,81.0441868506283,80.7035006240337,82.0139371586469,81.8630219959691,83.0228308010767,79.0063176619812,87.2579496492606,78.3348394303791,80.5646639600996,80.5826507929773,84.4648210070928,84.1076304606097,78.7808447477673,84.1772979691743,77.0791310298263,83.317178062056
2023-12-01,78.0968942672081,77.4553328956508,76.2431333192676,83.065173465196,77.5722889378983,85.1805793225308,84.7885720937201,88.1037846947873,83.1116656041654,79.645702653285,81.2799468353475,79.585977415567,87.1811313620306,80.9916559357281,81.2625339000051,81.9796000184738,84.5612810754391,75.7205541646681,75.0416438822773,82.5124496268437,83.8625692445971,79.7681285426585,81.7146538787115,87.2095224186592,82.2253625513939,74.3100967682517,83.2052573438704,78.730673652719,86.3631949480889,85.4947403993468,84.174483882283,81.3777323312197,76.7637128565081,78.5127245604536,78.788616403225,81.3043810176267,80.9868746154548,82.5459091774869,83.1404957591672,82.2256980514112,79.5095089264296,87.7038704430865,78.6603070390496,80.1322774292039,81.5103073123991,84.3891790123557,83.8366104474399,79.3378564978456,85.0769441695841,75.719285140847,83.9391102593181
2024-01-01,78.1606569578759,76.2652711156917,75.8512212038854,82.6452391592413,77.3127157417377,84.9377373168006,84.4722689160824,87.1739218529449,83.0161557849425,79.6110155252515,81.2272337133217,78.9995916318843,86.2386548365053,80.9990941024964,81.1299856304883,80.3675333144783,84.8127140931914,76.0542280584213,74.9538985153226,82.8118261181854,83.0429273625882,80.45199469466,82.0905681372782,86.7365749140243,82.5593465023734,74.9240218548191,83.7032398125629,78.3248310854584,86.9612298785954,85.4747260786511,84.7165497890302,81.3098460876446,75.4587530927324,78.6653419801254,79.0804860207728,81.364603461861,80.0173959250277,82.8392229406222,83.8846488086896,82.2367404732691,79.0340331355506,88.1476982061884,78.4055259794838,80.1237743096677,82.1587009819554,84.4403770428054,83.7989675149134,79.4701064059351,85.4988453797023,74.2939191671329,83.6809890766264
2024-02-01,77.5675848247084,75.0473212060238,76.7210194085609,82.5089202473246,77.4994634622218,84.3215348032212,83.9168243105515,86.1030504864892,84.3346539200264,79.2574416816723,81.2975304891939,80.1383635544355,85.9168382901862,81.1894218982599,81.1658484240844,80.5477791900686,84.6494876839906,76.9001814879343,74.8490458571625,83.0898259814019,82.9875717083203,79.5909095422129,81.6186920279396,86.1344996767833,82.7408541668826,75.4675060226299,84.2812987457573,79.3368494484584,86.4189457826647,86.0585785852606,85.3149561022255,82.1204789613499,74.4344022676281,78.8573067922968,79.217683558325,81.5593430793939,80.1702258134624,83.0732952950767,83.900226119499,82.6013308425269,78.014970173496,88.1644567578125,78.9345521731744,79.9237440391354,82.296705983371,84.096555271619,84.5694421096611,79.0516263779819,85.2068636594319,74.5858139145531,83.996250557658
2024-03-01,77.4600996323695,75.4761894760657,77.376994259376,82.4345654708163,77.7133065757374,84.2368437218835,84.2328933840899,87.0825396871067,83.6346048131046,79.4236608612104,81.1427446567667,80.6527420812252,85.4608424639394,81.3038435018577,81.6851886438154,80.625482829735,84.6573104749162,77.6250739120754,74.4001925196889,83.4913776850388,83.465811219354,81.5727734549932,82.4684574805463,86.2262522009734,82.7832229167333,75.6098120118919,84.6822961661042,80.2164224200251,86.155437364983,86.3784363851026,86.4542283620276,82.1221553261738,73.8601937239134,78.7244672603206,79.4993822772987,81.3087321242523,79.388321266023,82.2894847077668,83.2134241752089,83.2015250051026,77.8781288094494,88.1052055938294,79.3245515730646,79.9228593286017,81.7445508346029,84.3522415609983,85.7241433813863,78.3794838848054,84.6192070112155,75.2117620879907,84.3936506339938
2024-04-01,77.260674326944,76.4294265660075,77.910878404576,82.5308161469192,77.8804726029593,84.3987306365096,83.8170296384456,87.6811720495794,85.2298301239765,79.6106907590864,80.7303935759448,80.6115312221841,85.8159552592055,81.4764948754863,81.6891856296344,81.8045217186085,85.0685076959597,77.1968667833579,75.4699890165599,83.4414755357876,84.0237256305772,82.0097545837437,82.363386669831,86.2575645131679,83.0870004146124,75.8654181020014,85.0562034785169,80.6582983524621,85.70079284554,85.2324224273994,86.4614583892379,82.2957848959225,75.1164003698049,78.5783322042723,79.928967566161,80.8208788171879,78.9390866344882,81.8508887513283,82.9819787138983,84.0505856382559,77.7273524825638,88.1177760515815,79.1017485486967,80.1480531040802,80.9686072508604,83.7394200306855,85.5630873731032,78.8318322500703,84.4583012964304,76.0045547927189,85.4673680825643
2024-05-01,77.3991675697695,77.3160928562564,78.3499520823036,82.9929935840613,77.9973150260277,83.7447784674778,83.431566556847,87.943775509625,83.3135339250505,79.9226913776772,80.1784216694186,81.0212584888404,86.0684612945322,81.5321233266462,81.7670572406282,81.7180843535756,85.0988555338775,77.1487239360202,75.6631926354655,83.2778870361732,84.3686424491506,82.6845723607945,82.6402185538793,87.0625423791852,83.2408469020466,75.7320027766652,85.2340763435519,81.5115786585467,85.7336042841254,84.2033372420184,86.9205587498644,82.0035525182695,75.7382742237805,78.259473001324,80.1110926978417,80.3405773064956,78.233001465362,81.5963155858824,82.5883258347495,83.8969322964894,78.0924663641006,87.6703290995858,79.2976078913418,80.3275469309184,80.401645464282,83.698633737781,85.2727008266753,78.8050854867046,84.5215319379962,76.9720417984621,85.4212183913186
2024-06-01,76.9254038277473,77.6666507320844,79.2096187574052,83.4031068037766,78.3043770961257,83.3990107543003,83.4196047166666,87.4279176798888,83.1142222684551,80.2370383029016,79.7662545486625,82.3939602390453,86.262068195313,81.0147056793133,81.1031518983271,81.9424968426222,84.7709783892759,76.7693426966942,76.0779007636528,83.9820384848592,84.4038323259173,82.4068275290042,81.3301478490961,86.6702817986538,83.3896575561464,76.3336234793264,84.477264725686,80.6002816341669,86.0011219463371,83.96056430234,85.6302797755677,82.4175798759081,76.1057649100214,78.628233913697,80.7511327949005,81.1671911698534,78.3793702685581,81.8543230578771,82.3250783488194,83.0962285058822,77.4642446539435,86.9237486634215,78.5885004659688,80.3724410899454,80.2061486767781,83.1229961495352,84.6647719424178,79.537772346963,85.0690423984737,76.4566230727354,85.6124923158982
2024-07-01,77.128602057735,77.4266677478558,79.666838972638,83.8865456297753,78.7404991846483,83.1647997127651,82.1565978777667,86.5633938258138,82.0015129991078,79.3780665196449,79.4747996057633,83.3643749174068,85.741112119349,82.0460613434198,81.0000097437493,81.8516562247422,83.8302710754867,76.3342764454896,76.1988603579028,83.9402507923836,83.9285152735707,82.1546585684336,80.9019864567751,86.7653275671449,83.8706154670777,76.3710351646468,83.6386855289137,80.4730879772929,85.9150865779391,84.2858672554393,84.9431349619892,82.8847626824435,76.2857261442207,79.0039604240069,80.7506954453931,82.083062820758,78.7846509943284,81.6025950816866,82.4986608975398,82.5523925976968,77.5448145164913,87.0151913293799,78.9972858135805,80.4136442608117,80.3732468999683,82.5226383888071,85.2879751154234,79.5355806842205,85.2842942274251,76.0579311359454,84.9205093718607
2024-08-01,77.6941165968497,76.9057730331447,80.1907158752111,83.7018719695877,79.1123014217729,83.7104975328592,80.7379765386566,86.0801224346821,81.318980279198,78.796834837422,78.7138157454263,81.8770078655985,85.7471982189413,82.728078023597,80.8272716019657,81.3801108628111,83.6460163524459,76.6604156597843,76.20854517892,83.8783512424954,83.8550015375074,81.7139697560667,80.1143176242707,87.174229726373,84.328457222784,76.8688772261801,83.0680365146028,79.6775332853513,86.322512415927,85.4614301252958,84.9425896266189,83.5107088942344,76.6871736546267,79.228926118795,80.2000923064092,82.4299261110242,79.5367748238344,82.1293328224921,82.2816891208059,81.2450380337309,77.2508837630515,87.5746062500345,78.9056763433617,80.2933439288306,80.4570550850012,82.2613962290222,84.6754859630425,79.8174360690543,85.9611135707165,75.6174630153376,84.4017438405897
2024-09-01,78.6436666899452,76.3128166080072,79.7519629233112,82.3649512959126,79.5300900945503,83.3375285904177,80.795016659283,84.823720683589,81.4076662373318,78.3685998678735,78.3052770817961,80.9478844326701,86.116791570433,83.1271724377494,81.3270288389959,81.5164463503147,83.8600534469692,76.8036790615695,75.5537292964874,83.5576326192151,85.403168274029,80.7077510615814,80.6101998535582,87.3459495355936,85.4070262252571,75.7824810678578,83.4482177942307,79.9621759340714,86.5716318753344,85.961361244399,85.3096707963055,82.7286731762475,76.9433443554249,79.5645727911328,79.8511738017458,82.2404790928446,80.1522147876453,82.3109725130789,82.252611933589,80.9774025143188,77.5412138752327,88.1883030940948,78.5571870640652,80.6635627545272,80.7789267283089,82.9630543107069,84.0002202219397,79.6144478452453,86.0690852791507,75.6134547828915,82.8239726578222
2024-10-01,79.7899812331288,76.2230253454385,79.0779110837634,80.9989345947882,79.287946948771,83.576133251592,82.6381849151202,83.5549409675761,81.4977011512719,78.1419769326826,77.7703695557357,80.7368231252381,86.395492079643,82.7927257909858,81.4357814560391,81.7834137009911,84.0497316677389,77.3518355652313,74.1445031637669,82.8193328162287,86.2236223216615,80.3224982862231,80.4791832209678,86.831662372307,84.0785920604453,75.9243571435558,83.5524514351543,79.5004934159288,87.0178718516797,86.4465324309114,85.7480865829803,82.6431806262065,77.3057698355447,80.0073701903562,79.6970039530362,82.0961598599694,79.7961751443566,82.2428775227966,81.5399068473428,81.0018073218517,77.1405326646292,88.1653104104888,77.8716670131163,80.8521272309264,80.5596615951241,84.0837600590723,83.8115846997003,79.8313437896129,86.4192045279514,75.2270021881546,82.9825636316821
2024-11-01,78.2792552375309,75.6681072844658,77.988950174008,81.0337586588316,78.907238063798,83.2207845190661,83.5444649333717,84.2029920339453,81.795388278345,78.0192892846932,77.6037097957728,82.3167316853297,86.3566421480799,82.4219998201669,81.8054406671929,82.5893733066209,83.8883699324774,77.7222713993507,73.7728437077558,82.7852754832865,86.878316264995,79.0867632745839,80.3553287387054,85.9367943412338,83.8420730802236,76.6551047639939,84.1502559113027,79.606460998354,87.7622220708561,87.0159237750099,84.6422930575875,82.7203248219748,77.5793638984428,80.1297953743639,79.5881443775591,81.7060525152205,79.1656960277971,82.0648446548736,81.3613025513635,81.2748831888672,77.8319680995468,88.1421148776935,77.4392894143325,81.0249968461831,80.6433058696086,85.3606662784007,84.0552787617341,79.5647754178575,85.7278050988838,75.0917601424302,82.7301491831449
2024-12-01,77.0610066172363,75.6404990650399,77.2658024962314,81.6254495608217,78.4639514569893,83.1667554829986,84.3465948411785,84.354774481559,81.8349544351817,78.1195296183569,77.7702198089329,83.2207092190893,85.4245918082795,82.1635420549207,81.7422501299281,83.3214103194075,83.7954196062193,77.57985760324,73.4948430981376,82.7878877441606,86.3134965858688,78.8433581714922,80.3942802721487,86.0157181187824,82.8710095315281,79.0745176957491,84.5696568105548,79.0991354256789,88.1934531130039,86.6332665270993,84.2035641089772,82.4160142459137,77.9169261249893,80.3814509761458,79.5606749480555,80.6842015412586,78.6645554087602,81.5440778357174,80.6594188115622,81.6007723124982,79.5154079479762,87.3252932808528,77.8815488630243,81.032141602524,80.9477554435773,85.4758995589928,84.9016906244902,79.4117399244214,85.0306809279733,75.8847178107054,82.7771514449009
2025-01-01,75.7872986369645,75.5220418023903,77.2644979248848,82.1724984536899,78.6438495612175,83.3804942183088,84.7477426666304,85.2707579844121,82.1636741355621,78.694207645435,78.3177780135123,83.2488412935659,85.4337636819066,82.2928558180691,81.9123540430923,83.501037276491,83.7555185715976,76.1632364993087,73.2005250479154,83.2259309684385,85.9629740975344,80.1059875962664,80.3270986143211,85.9875273252237,83.6111285255976,78.2484416015838,85.2785388946743,79.2311132268904,89.3625406763497,86.6023809475853,83.7845203677794,82.0297967339365,78.6905938627878,79.7035927646815,79.4727481126232,79.3995483895292,78.2648889701629,81.7444870739093,80.4331857838664,80.8259401042986,80.3413776200894,85.968957778945,78.4222004524789,80.7387355751907,81.1886998060889,83.7770305968021,85.1317446901299,78.9620443764095,84.0582583353067,76.9961132354685,83.5146202357327
2025-02-01,76.8002873285468,75.7514704942209,77.1817321464508,82.0649680764245,78.8868384504777,83.5042912642755,85.0865270044796,85.1682712371096,83.1736043529934,78.7899169434721,78.5985917399602,82.8416805870008,84.820462309844,82.378465958315,81.3804296996347,83.7591938213944,84.0348981093585,77.1589867903755,74.1796825425312,83.3491979404421,85.0907770739917,81.4511749505766,80.8118320605135,86.2722256161751,83.6613668664463,76.3303266096026,85.839950617205,79.5672134792092,88.8213102467031,85.3036836301528,83.1968889202353,82.0169993538291,79.0538479361317,79.5179413666733,79.9474364009152,79.4704928938016,78.0555252634756,82.3753790889555,80.7163231438433,79.6292182111624,81.6466706372808,84.7774606505367,79.3677680373289,80.4845177836568,81.129332627499,82.0565689466378,85.0826665450911,78.2674096627466,83.2099010983887,78.07574966881,83.957219784911
2025-03-01,77.8886732558622,75.7312568479985,76.9534471708082,81.7245620714134,78.9785514929104,83.2829027198887,84.9900115759873,86.1622654812556,84.9300892291925,79.3612591713541,79.4006509688809,82.5827353261051,84.913839323007,82.2413976692059,81.3317633615232,84.0415300854548,83.9315076802688,77.2682644169568,74.8131809782115,82.8693127284307,84.3186359953532,82.4166429555933,80.8464015910446,85.1352375107842,83.7717330230821,74.4177824620593,85.2624801087659,79.4869290678652,88.8317243692933,85.296687563565,82.796388370951,81.7814046269501,79.0335440217822,79.8164042683369,80.2240682848968,80.7324313552897,78.226291063923,82.3891770597491,81.1697045668372,77.522513331405,81.1999017786046,84.5007218116104,79.0614418711095,79.8988138705621,81.3450848042184,80.6043138459206,84.0239855820982,78.3680181912927,83.8221348549441,78.1519482769676,83.8865912033553
2025-04-01,79.2925582137154,76.3208659965283,76.702188729846,81.4790537148224,79.0020982101438,83.0953373820684,85.0122150224995,85.1679721150021,87.1941254027872,79.1022308158435,78.8917056450678,82.8045059211671,85.0190021865081,82.3960490895189,81.2655943010559,83.529977580474,84.0235354379493,77.8792582914084,75.9830795478933,82.5038477137544,83.42082364183,81.1335631340149,80.9589680481094,83.8123074596809,83.2395626362462,73.7093476557085,83.9266732295071,79.3965429865456,88.6414641717607,84.483737979318,82.6456968829369,81.5774163458191,78.946134501512,79.7756974890486,81.0580223595457,81.4886143638543,78.9813755438493,82.1210076204326,81.3752527236946,78.5345308440765,80.2239080642207,85.6069746497053,79.0635111128764,80.1835061651647,81.3117475401223,81.1154122959972,83.8021311864956,78.4427768851863,84.3526618869554,77.6112016343261,83.192251013495
2025-05-01,79.6715959655759,76.3994981481926,76.998105961566,80.9773468595965,79.1290792157851,83.157814990244,84.2611832064442,84.5664370745943,86.6563869840929,79.0689817926346,78.7046144265875,82.9292573487743,84.3465299230072,81.9955745317464,81.3212408087267,83.3306898452441,84.4577981477783,77.9547856919577,75.7584138327674,82.2932697343467,83.1161571582406,80.4905542042488,81.2923476202033,84.5217310417642,82.2642873058604,73.4963952812354,83.0834746363577,79.1574578643893,88.641751552047,85.4834724317865,83.7523065020738,81.9210001192111,78.4884282284404,80.0345169759257,80.7536268701971,81.4302954890495,79.686979093767,80.9980114854422,81.2023467115463,80.474913072154,79.0762108370501,86.6485918379028,79.3798665364396,80.2874648415321,81.2332239465268,81.5018838289115,84.0591500864561,78.7135799317027,85.051288899122,76.5700772683742,83.0884654635833
2025-06-01,79.495170403671,76.4294366144707,77.1145628100544,81.1071454690116,78.9719712164366,83.5396750119104,83.9691541656126,84.3113748878988,84.313902809056,79.1513969397111,78.9207656608115,83.6492567449586,84.2500998162235,81.6449782606204,82.1164186301883,82.9062662767427,85.1686354046183,78.0343963965549,75.567405137584,82.7205268464771,83.4017884046164,80.5191535362683,81.5980178594303,85.8656523235856,83.5366566046757,73.2507044749008,83.1981129247623,79.0951900991425,87.8939122024806,85.8692706520023,84.1302853813185,82.3456675341077,77.9021366319944,80.1367868439287,80.5530504534986,80.7201344143955,79.5215161783372,80.0537437548398,81.2742131306628,82.0251332410888,78.8099159296939,87.2654435616404,79.3537690592007,80.6735281467734,80.3653131718248,81.7679996592221,83.695117026193,78.7666814811831,85.5411146866813,75.7136772911687,81.9743928897578
2025-07-01,78.976070460052,76.2552507436695,77.3585475034101,80.6909640882766,78.6127006493652,84.140244918583,83.4112107008625,84.2224003081112,82.6492398478677,79.4882491900178,79.0171972675636,83.6502431445503,84.3463257262451,81.3094631707975,81.31226442552,82.4647712849211,85.3772890901216,78.2356729348544,75.5704660360248,82.9446857445762,83.1569992917528,81.6754624774116,81.3952078116809,86.3300915897793,83.4332253218592,73.6927759328706,83.925166909116,78.945240034052,87.780776001122,86.5566439800448,84.5024853185961,82.0724109608898,77.2554220069001,80.0374982391531,79.8330900613896,80.1671684217378,79.4170610535527,79.043912971423,81.6466764326139,83.5075753286601,77.9193832139243,87.0322274730082,79.4071576448561,80.4730233830741,79.8092015857351,82.1112008231899,82.9312274541186,79.0777702902437,86.5995575126323,74.5629633939683,83.0434838281836
2025-08-01,78.7688985478656,76.3711281664985,77.8852050371048,80.6851961713757,78.4764486348215,84.2171922051999,82.6297105506411,83.6672445173438,80.7407184477765,79.6165261081742,79.281224418718,83.668140835335,85.4045031704295,80.6024610081796,81.10905744558,82.428434394889,85.4975487938132,77.7946846015193,75.8568787355857,83.434705598099,82.1713877674031,82.4843427863727,81.3320696573802,85.9923125632241,83.8280945661785,73.3478730323188,83.8906734855175,78.8056207361664,87.499096443225,87.2942408470324,84.930763889712,81.7954216406136,77.0562011271845,79.2770824486939,79.6540415468294,80.1818657314151,78.9255318524454,79.423286631898,82.2235679204004,84.1541205595185,78.0627292856103,86.7822559957118,79.4956181814874,80.3944162787847,79.3148886903869,82.5430633238932,83.2086471952461,79.3862978501723,86.6550380720952,74.5124399028864,83.2607635799418
2025-09-01,78.5026149462434,76.8762645767811,77.801055207921,80.8215522581581,78.3224360724486,83.4961036024286,81.8783762914852,83.1877903403994,81.8713760223918,79.6025744749702,78.8940807788449,83.5438626039029,86.5325583680651,80.678144116629,80.9041983030617,81.9247190210271,85.7332255959853,77.4150913655955,76.019748032061,84.0302842444931,81.8975039631252,83.103877305147,80.9959869346117,85.3926264303516,84.0048738552619,73.7816277009358,83.5675047652292,78.4313443673315,87.965211328798,86.8718965797378,84.8540989650999,81.5977675837125,76.3051330285305,79.7403138375311,79.8779926296205,81.2226551312526,79.1204481717619,80.7458805458948,82.5450613780443,84.075813776259,79.0766536260246,85.9437217324922,80.1779842830207,80.0373043905494,79.8906294785063,83.4443314514837,84.2844040039302,79.7231206188403,85.3213641826201,74.8193314017958,84.0245534012646
2025-10-01,79.2435417443762,77.0068031048373,77.580111625106,80.8578185790637,78.5737713286885,82.4995403239087,81.4237973021585,82.5512021844071,82.7157759575706,79.453967810267,78.6721811941331,83.2267566435915,87.0209199777933,80.6771113260706,81.0831938510804,81.6532033602219,86.2016599652144,76.4375851002557,76.6065762175235,83.7865496933137,81.5186651794036,82.5794359886076,81.4821359383348,85.3685284206714,84.349144812111,73.175575858116,83.0669707018813,78.1789417401165,87.7540481549426,86.4213101459114,85.0048092357035,81.4941780478779,76.0746022537273,80.4502454803149,80.7774921408362,81.9469128818462,78.8509338726685,81.6525562193314,82.4059833403574,83.5472580948577,80.3027308269067,85.2922716316702,80.672997422044,80.0531853487282,80.1657646008043,82.6319650596937,84.520786658104,79.8493108808876,84.1113412447858,75.3008429597104,83.5516042839759
2025-11-01,79.4627063298377,77.437919262126,78.1524338960252,80.9771259215138,79.0275939544488,81.7199204126755,81.0455828461867,83.5482638581857,83.3916454905866,78.9842557162185,77.2470946601315,83.1650959571162,87.4656646133659,81.1901830086062,80.6806894336007,80.8865208738691,85.884568037237,74.9064845708631,76.8371093646284,82.9487122436856,81.9947614225274,81.3770984955078,81.5063731777403,85.3571532860272,84.66115762815,72.6600807644872,83.3694670859747,79.0537441959167,87.2258323053716,85.4435316149602,85.2642899405591,81.7615506851964,75.6743307028012,81.7883851668438,81.3454001928197,83.052760862831,78.8168618705806,82.8346223329051,82.5912771479014,82.3719069393514,81.3301634918323,83.7956309619379,80.9729572479866,80.1429359463204,80.7473472418348,81.8995451916491,82.5292771991158,79.9886857452518,83.4394566519381,75.5702730645954,82.9389370389041
2025-12-01,80.4496111529106,77.7059477972738,78.8452531664286,80.7781467688069,79.4682677965509,81.5112619996507,80.4737950421312,84.3822565218961,82.947353514956,79.4569662568195,77.4273097960695,82.7678272738032,87.3148235910384,80.9915217500651,79.8615811361621,80.6694006606701,85.2505485191009,75.2873990359222,77.4387734552451,82.1429694110693,82.2890608619879,81.8263453421036,81.1835693356661,85.0817110387241,84.5864948839957,72.490307438081,83.3270655827073,79.9318787349053,86.8738923089647,85.4172419106713,85.5975015136854,81.381198397324,75.2504355418514,82.5920786000208,81.6217465406153,81.8841574918076,78.2108051299534,81.7196961934884,82.7710981501554,81.610107122581,81.2692178999271,83.967369163689,80.92604114451,80.3309568005432,81.1176129314331,81.4616409302536,80.4974274222051,79.9862400353273,83.1499914568611,75.9357801139632,82.5428108734433
2026-01-01,80.7065085148869,78.2605298433914,79.7095563537737,80.7616019105921,79.8336687525866,81.24881718819,80.0255191114017,84.6593698472225,82.648436910455,79.4469056701095,77.950131486008,82.7712751685734,87.3642405360256,80.479003228167,80.5308421186064,80.976684060382,84.3289809525113,73.7563218440205,77.672431056601,82.2566001750098,81.4631122758833,82.1026753815562,80.8558003711176,84.457705000256,84.3826371627492,72.1243470095776,83.2581056502454,80.2108194800719,86.4981050493682,85.4728879384656,85.8494975266197,81.4244054829157,75.817446880713,82.2739422353517,81.6865290089335,81.2697365345941,78.9383058424453,80.9240866780289,82.8177914379457,81.532502427827,81.4222372371543,84.1862382503296,79.420050462003,80.4043877085757,81.2073819764809,81.5231962639931,80.4973237327737,79.8802497332037,83.1485125731924,75.9078956094954,81.8913559297523
2026-02-01,81.5875049601572,78.2215136420208,80.5076989223097,80.4608869844787,79.8286971689947,81.6705522795557,80.145244727201,84.9062721608261,81.1552562687703,79.9632076506579,79.2639351679389,83.2199402983061,87.361602408838,80.178854881665,81.8966165399061,81.0788914269151,84.3344105608155,75.1478299015993,77.2985723437657,83.51978574713,81.0537394698271,82.2748294240679,80.4461240539543,83.6863027491478,84.2037676890357,72.5646457763664,83.7846555676018,80.6622542174567,86.0017860467269,86.3257303586635,85.7392049235965,80.5390780342155,76.4842937021055,81.6361631177591,81.1416165376098,80.4269092981388,79.661937638685,79.5637167632518,82.2608892759907,81.1198643235217,81.652971395122,84.2489914181478,77.6195349377312,80.2932651111414,81.4485147702763,82.7778661358578,82.1480321758461,80.00235962872,83.4312135836767,75.4368593823368,81.5754351226229
