name,Dec 2020,Dec 2019,pop
White,47.56095282773805,50.72742836866077,60.358685
Black,17.883236211821433,19.013094784790184,11.97515
Hispanic,23.883507818298057,21.27233926043768,18.600922
Asian,7.395606520870944,5.052067361303397,6.6860256
Native American,1.0245486464543705,1.4822278459395928,0.7157905
More than one,2.2521479748171456,2.4528423788683873,1.6634271
