name,Sep 2022,Sep 2019
White,2.951170391754317,3.0952716462973857
Black,6.109982971078409,5.9693118146106805
Hispanic,4.119286981803615,4.044728799330962
Asian,2.8501781110381383,2.6114524048828884
Native American,5.310213349619492,7.051948503429735
More than one,5.602891028910864,6.043240069105965
