name,Jan 2021,Jan 2020
White,5.598449489771076,2.9585744525554585
Black,10.711313947510211,5.744569733049729
Hispanic,9.318176268864034,4.159030439134841
Asian,7.66995176636933,2.7220448601537393
Native American,10.603603215939424,7.631814581926004
More than one,9.485392049004417,5.306184281027209
