name,Sep 2022,Sep 2019,pop
White,48.19713110655536,51.34471895222873,59.90409
Black,20.682216598432333,19.59081960078847,12.130297
Hispanic,21.914494004904213,20.250194224010972,18.787395
Asian,5.43684785790733,4.72803227363757,6.7645135
Native American,1.0743732590415844,1.3851065062297074,0.72549534
More than one,2.6949371731591723,2.701128443104551,1.6882048
