name,Oct 2022,Oct 2019,pop
White,48.03879684456652,51.562998640659586,59.831066
Black,20.636140804110685,19.107991826666172,12.108591
Hispanic,21.933902093510447,20.407983658076578,18.838366
Asian,5.482677833446875,4.889818330255119,6.7953434
Native American,1.0802389975096636,1.3470644447625686,0.72212136
More than one,2.828243426855807,2.6841430995799764,1.7045122
