name,Nov 2021,Nov 2019,pop
White,46.85143756865118,51.197059383767076,60.096237
Black,20.12751916381057,18.786536608355696,12.071911
Hispanic,22.740609455044876,20.917338469019565,18.70465
Asian,6.465466797518199,4.938299802919896,6.7359824
Native American,1.0013644588773065,1.446435344107772,0.7316127
More than one,2.8136025560978695,2.7143303918299897,1.6596014
