name,Jul 2021,Jul 2019,pop
White,47.310625254379,49.75624784771972,60.383423
Black,19.006540060298573,20.558575257753255,12.021926
Hispanic,23.72359966524623,20.96424679824147,18.541355
Asian,6.396013187133105,4.701056941598846,6.678662
Native American,1.103687236214121,1.3609143721618555,0.7260625
More than one,2.459534596728974,2.6589587825248517,1.6485648
