name,Feb 2021,Feb 2020
White,5.349873871471308,2.9045546895947645
Black,10.257513412033143,5.83417919507842
Hispanic,9.081684837452944,4.260014841975244
Asian,6.803480953889028,2.6424923423318822
Native American,11.034620429748081,8.238656194183433
More than one,8.61735067280692,5.455751160267954
