name,Apr 2021,Apr 2019,pop
White,47.034025335183976,48.62312216192649,60.426903
Black,18.074640865469064,21.010342624047716,12.024374
Hispanic,25.263864005693794,21.898845117328957,18.587614
Asian,6.301202542486044,4.988069603546163,6.622599
Native American,1.2074123922281894,1.35160295008343,0.71303505
More than one,2.1188548589389367,2.128017543067244,1.6254795
