name,Feb 2022,Feb 2020
White,3.265663762738058,2.9045546895947645
Black,7.149392341126321,5.83417919507842
Hispanic,5.1602523581490445,4.260014841975244
Asian,3.8653379639301315,2.6424923423318822
Native American,7.828194653882796,8.238656194183433
More than one,6.561989303512367,5.455751160267954
