name,May 2021,May 2019
White,4.912862875300224,3.100394451787107
Black,9.569258022108777,6.749600580511999
Hispanic,8.39133366904912,4.492997630777607
Asian,5.8877883092417225,2.8650535689566117
Native American,10.422300715436075,7.2462189201239
More than one,8.123042098936612,5.349559757450753
