name,Apr 2024,Apr 2019
White,3.0417150543897087,3.0877276475793494
Black,5.638473687930355,6.7194338462187115
Hispanic,4.911780848165856,4.603484746516894
Asian,3.1174946455906585,2.9355485611093077
Native American,6.608187369140885,7.249411063924949
More than one,6.283480777561019,5.223651412293866
