name,Sep 2021,Sep 2019
White,4.3499511582053305,3.0952716462973857
Black,8.983700883839745,5.9693118146106805
Hispanic,6.737857897758098,4.044728799330962
Asian,5.312573427333513,2.6114524048828884
Native American,7.43673652525481,7.051948503429735
More than one,8.967807191291339,6.043240069105965
