name,Nov 2020,Nov 2019,pop
White,47.86841020136051,51.197059383767076,60.422512
Black,17.644823146271165,18.786536608355696,11.957632
Hispanic,23.556163669278575,20.917338469019565,18.555302
Asian,7.730743679461682,4.938299802919896,6.689928
Native American,0.9512299831245493,1.446435344107772,0.71862024
More than one,2.248629320503516,2.7143303918299897,1.6560085
