name,Sep 2021,Sep 2019,pop
White,47.15041286724788,51.34471895222873,60.295967
Black,19.704521901646753,19.59081960078847,12.064348
Hispanic,22.928016107569785,20.250194224010972,18.561329
Asian,6.503247212847472,4.72803227363757,6.694455
Native American,0.9875638792778424,1.3851065062297074,0.72624266
More than one,2.7262380314102646,2.701128443104551,1.6576593
