name,Apr 2021,Apr 2020,pop
White,47.034025335183976,49.864287358509344,60.229424
Black,18.074640865469064,17.00218359836536,11.99194
Hispanic,25.263864005693794,23.7032170624294,18.751053
Asian,6.301202542486044,5.553591512610741,6.640649
Native American,1.2074123922281894,1.4125066247792797,0.7080493
More than one,2.1188548589389367,2.46421384330588,1.6788924
