name,Mar 2023,Mar 2019,pop
White,46.21033353098761,48.55523351925373,59.72706
Black,19.29594942953087,20.873394619411357,12.19326
Hispanic,25.074533940140718,22.036831391453756,18.912167
Asian,5.303705703573751,5.197592829188485,6.7838936
Native American,1.3310271328686707,1.302642845592094,0.70331866
More than one,2.784450262898375,2.0343047951005793,1.6802983
