name,Oct 2023,Oct 2019
White,3.0230130960305095,3.120688619831258
Black,6.003786876643715,5.842209354658422
Hispanic,4.394170408468454,4.070415270262737
Asian,3.0715163617697074,2.69249231183482
Native American,6.791837138914211,6.9397308992413125
More than one,6.302912823438136,5.98050647951383
