name,Apr 2024,Apr 2019,pop
White,45.879183290466344,48.62312216192649,59.273785
Black,18.26991683102736,21.010342624047716,12.239461
Hispanic,25.650937706014798,21.898845117328957,19.181686
Asian,5.779628081868332,4.988069603546163,6.829675
Native American,1.194856836797779,1.35160295008343,0.7060633
More than one,3.2254772538253857,2.128017543067244,1.7693324
