name,Jan 2023,Jan 2020
White,2.8298954245786607,2.9585744525554585
Black,5.83757997811412,5.744569733049729
Hispanic,4.269346043488439,4.159030439134841
Asian,2.6998531057399116,2.7220448601537393
Native American,6.703808751225253,7.631814581926004
More than one,6.222211898461456,5.306184281027209
