name,Aug 2022,Aug 2019,pop
White,48.266996005189384,50.51448867364918,59.95365
Black,20.709763044666822,19.8504270838327,12.127798
Hispanic,22.091520101115766,20.814049369728533,18.770092
Asian,5.384820128109662,4.759805812406324,6.743567
Native American,1.0396247657843827,1.3517635830561237,0.7265917
More than one,2.5072759551339834,2.7094654773271314,1.6783122
