name,Jan 2021,Jan 2020,pop
White,47.19494640333418,49.98031185654657,60.30103
Black,17.889318946264904,19.336446472659382,11.98094
Hispanic,24.429707673476543,21.642834752991437,18.664227
Asian,7.198626783988129,5.062869246653202,6.676302
Native American,1.0599637779922428,1.5388942868733297,0.71740735
More than one,2.227436414944002,2.4386433842760775,1.6601043
