name,Dec 2021,Dec 2019,pop
White,46.2367064643508,50.72742836866077,60.040085
Black,20.571925522777338,19.013094784790184,12.067427
Hispanic,22.897757415209412,21.27233926043768,18.769379
Asian,6.432028341377623,5.052067361303397,6.737257
Native American,1.1287260344744607,1.4822278459395928,0.72899073
More than one,2.732856221810366,2.4528423788683873,1.6568565
