name,Apr 2021,Apr 2020
White,5.038275968224825,4.5667330173986
Black,9.70876514833035,7.83308989413787
Hispanic,8.641175465841025,7.014412489078957
Asian,6.064155844142462,4.657277830398838
Native American,10.998345804933903,11.007645968144567
More than one,8.123331978316022,8.11523649372618
