name,Jan 2022,Jan 2020,pop
White,45.81663881879995,49.98031185654657,59.971367
Black,20.692167397464996,19.336446472659382,12.080391
Hispanic,23.286587153164227,21.642834752991437,18.842033
Asian,6.288747811497672,5.062869246653202,6.730321
Native American,1.3006261710103404,1.5388942868733297,0.72300565
More than one,2.6152326480628107,2.4386433842760775,1.6528921
