name,Aug 2021,Aug 2019
White,4.5720021031627684,3.1213545589271736
Black,9.318377956315201,6.208578806944642
Hispanic,7.116145745935509,4.265261538407759
Asian,5.543637197863487,2.698569261795777
Native American,8.130484942668618,7.02093084387793
More than one,9.0614321406764,6.23638785102581
