name,Jan 2023,Jan 2020,pop
White,46.905012214312194,49.98031185654657,59.648872
Black,20.03787414138185,19.336446472659382,12.116259
Hispanic,23.298389543195437,21.642834752991437,18.99894
Asian,5.287346779734659,5.062869246653202,6.8046393
Native American,1.345942533605068,1.5388942868733297,0.7171926
More than one,3.125434787770795,2.4386433842760775,1.7140968
