name,Jun 2021,Jun 2019,pop
White,47.11039643900169,49.244904959375646,60.404713
Black,18.60926337145258,20.911444487875606,12.030158
Hispanic,24.379020007757752,21.343321697354988,18.546265
Asian,6.452236344532839,4.6299509690418805,6.654808
Native American,1.122194741750846,1.3725464764389037,0.724943
More than one,2.3268890955042933,2.4978314099129766,1.6391172
