name,Sep 2023,Sep 2019
White,2.9534292660327726,3.0952716462973857
Black,5.7705798409949915,5.9693118146106805
Hispanic,4.321835467983219,4.044728799330962
Asian,3.008295690166318,2.6114524048828884
Native American,6.728256250637756,7.051948503429735
More than one,6.266022469211173,6.043240069105965
