name,Oct 2020,Oct 2019
White,7.689097108219253,3.120688619831258
Black,13.777313840457591,5.842209354658422
Hispanic,12.245426673568746,4.070415270262737
Asian,11.14629311708692,2.69249231183482
Native American,12.145691878474175,6.9397308992413125
More than one,13.130411742428205,5.98050647951383
