name,Apr 2021,Apr 2019
White,5.038275968224825,3.0877276475793494
Black,9.70876514833035,6.7194338462187115
Hispanic,8.641175465841025,4.603484746516894
Asian,6.064155844142462,2.9355485611093077
Native American,10.998345804933903,7.249411063924949
More than one,8.123331978316022,5.223651412293866
