name,Dec 2022,Dec 2019,pop
White,47.335630026766104,50.72742836866077,59.733643
Black,20.5512182309579,19.013094784790184,12.101553
Hispanic,22.205864090764248,21.27233926043768,18.924335
Asian,5.396959731804467,5.052067361303397,6.802707
Native American,1.3154029160554492,1.4822278459395928,0.7265222
More than one,3.19492500365183,2.4528423788683873,1.7112303
