name,Sep 2020,Sep 2019,pop
White,49.58547348139081,51.34471895222873,60.611618
Black,16.08157328980627,19.59081960078847,11.943408
Hispanic,23.62490216606873,20.250194224010972,18.426228
Asian,7.49757287886492,4.72803227363757,6.6417694
Native American,0.9067583934032543,1.3851065062297074,0.71556795
More than one,2.303719790466024,2.701128443104551,1.6614025
