name,Apr 2023,Apr 2019
White,2.810452397885071,3.0877276475793494
Black,5.432908757030101,6.7194338462187115
Hispanic,4.693934171551161,4.603484746516894
Asian,2.6903957461164647,2.9355485611093077
Native American,7.6238601001782245,7.249411063924949
More than one,5.433339231479947,5.223651412293866
