name,May 2021,May 2019,pop
White,47.019267569903064,48.97273681393588,60.437828
Black,18.23895260456182,21.152633702203666,12.013515
Hispanic,25.1085850376477,21.41512265291892,18.564636
Asian,6.282154419679115,4.891294890723229,6.6345463
Native American,1.1775508250445816,1.366404518019759,0.7175143
More than one,2.1734895431637162,2.2018074221985464,1.6319653
