name,Oct 2023,Oct 2019,pop
White,46.989748021574016,51.562998640659586,59.446472
Black,19.707313850820498,19.107991826666172,12.152781
Hispanic,23.08819697846379,20.407983658076578,19.046543
Asian,5.855508900992626,4.889818330255119,6.9050455
Native American,1.2468291829735576,1.3470644447625686,0.7001847
More than one,3.1124030651755126,2.6841430995799764,1.7489755
