name,Aug 2021,Aug 2019,pop
White,47.3494902619414,50.51448867364918,60.345512
Black,19.444924618288184,19.8504270838327,12.039825
Hispanic,23.08423021314884,20.814049369728533,18.546917
Asian,6.468029697771032,4.759805812406324,6.687059
Native American,1.0150207469421817,1.3517635830561237,0.7226498
More than one,2.6383044619083664,2.7094654773271314,1.658045
