name,Sep 2020,Sep 2019
White,7.088589166180951,2.9997755509354382
Black,13.384774849161396,5.657131586257565
Hispanic,11.133898968156597,4.104898423000736
Asian,10.54372626987016,2.711848306543608
Native American,10.316956113348734,7.333226852442228
