name,Nov 2021,Nov 2019
White,3.9338298969989602,3.0894256918842102
Black,8.295638708569413,5.7234355786876945
Hispanic,6.015292618367029,4.136407829724584
Asian,4.766530062388154,2.7015210851766702
Native American,6.762184281892783,7.3236864877819965
More than one,8.41288145766168,6.031348035350435
