name,Sep 2023,Sep 2019,pop
White,47.07564632508523,51.34471895222873,59.51559
Black,19.428767776584806,19.59081960078847,12.165374
Hispanic,23.235153566087494,20.250194224010972,18.997581
Asian,5.884656998376865,4.72803227363757,6.891898
Native American,1.2664943038508132,1.3851065062297074,0.70379555
More than one,3.10928103001479,2.701128443104551,1.7257576
