name,Dec 2022,Dec 2019
White,2.8333578381469433,2.9997755509354382
Black,5.956237181261661,5.657131586257565
Hispanic,4.059496935398695,4.104898423000736
Asian,2.744865390257285,2.711848306543608
Native American,6.361083563232284,7.333226852442228
More than one,6.349949362362514,5.3300967956448915
