name,Nov 2020,Nov 2019
White,6.7743567707200745,3.0894256918842102
Black,12.628961574642346,5.7234355786876945
Hispanic,10.787240547617738,4.136407829724584
Asian,9.8446016375184,2.7015210851766702
Native American,11.34252652743685,7.3236864877819965
More than one,11.505758389300631,6.031348035350435
