name,Feb 2021,Feb 2020,pop
White,47.159103801063495,49.00175797556132,60.242416
Black,17.93949318002584,19.655813806404705,11.991355
Hispanic,24.972110675868034,22.25599931779664,18.723606
Asian,6.655879810792735,4.914274757359752,6.6632605
Native American,1.1525751124943715,1.6633670033450016,0.7173877
More than one,2.120837419755526,2.5087871395325823,1.6619753
