name,Aug 2023,Aug 2019,pop
White,47.15721451876835,50.51448867364918,59.535225
Black,19.302479244886786,19.8504270838327,12.178266
Hispanic,23.61495011036064,20.814049369728533,18.977507
Asian,5.720870837896775,4.759805812406324,6.887688
Native American,1.304802805308481,1.3517635830561237,0.71228
More than one,2.8996824827789704,2.7094654773271314,1.7090421
