name,Feb 2022,Feb 2020,pop
White,45.96995725377342,49.00175797556132,59.90398
Black,20.506430835034813,19.655813806404705,12.083666
Hispanic,23.382312233665253,22.25599931779664,18.914402
Asian,6.211784111192845,4.914274757359752,6.7203827
Native American,1.3586727262752487,1.6633670033450016,0.7276759
More than one,2.5708428400584107,2.5087871395325823,1.6499009
