name,Mar 2021,Mar 2020
White,5.15550891099727,2.9906135912792235
Black,9.905920443908851,6.134490108198785
Hispanic,8.804430041456945,4.711700537650496
Asian,6.300254812984667,2.8759321764915713
Native American,11.575663300317265,8.502797867452463
More than one,8.23700275971667,5.878633950621011
