name,Oct 2020,Oct 2019,pop
White,48.34622807620662,51.562998640659586,60.523746
Black,17.05216574153844,19.107991826666172,11.947249
Hispanic,23.673445415543434,20.407983658076578,18.487095
Asian,7.748248031412043,4.889818330255119,6.6718187
Native American,0.9083536295198189,1.3470644447625686,0.7154554
More than one,2.2715591057796423,2.6841430995799764,1.6546285
