name,Aug 2022,Aug 2019
White,3.007248123173017,3.1213545589271736
Black,6.229391343413961,6.208578806944642
Hispanic,4.2361429398478885,4.265261538407759
Asian,2.8907048802477178,2.698569261795777
Native American,5.245925866957062,7.02093084387793
More than one,5.355139208291059,6.23638785102581
