name,Dec 2023,Dec 2019,pop
White,46.451671527793145,50.72742836866077,59.297462
Black,18.832477574442574,19.013094784790184,12.183898
Hispanic,24.368626285713763,21.27233926043768,19.141262
Asian,5.895918103478935,5.052067361303397,6.898491
Native American,1.3312265136976773,1.4822278459395928,0.69972706
More than one,3.1200799948739095,2.4528423788683873,1.7791498
