name,Dec 2020,Dec 2019
White,6.116224406051994,2.9997755509354382
Black,11.611879854335527,5.657131586257565
Hispanic,9.910769653340523,4.104898423000736
Asian,8.538987738229938,2.711848306543608
Native American,11.198900867118946,7.333226852442228
More than one,10.378537958945461,5.3300967956448915
