name,Sep 2020,Sep 2019
White,8.910504373464638,3.0952716462973857
Black,14.725666512365034,5.9693118146106805
Hispanic,13.864798331110887,4.044728799330962
Asian,12.246616578902747,2.6114524048828884
Native American,13.843116605430955,7.051948503429735
More than one,14.849897438815399,6.043240069105965
