name,Dec 2023,Dec 2019
White,2.969353866066797,2.9997755509354382
Black,5.666240998825673,5.657131586257565
Hispanic,4.584323833572259,4.104898423000736
Asian,3.0703676557085355,2.711848306543608
Native American,7.309522364470296,7.333226852442228
More than one,6.061460008252154,5.3300967956448915
