name,Mar 2023,Mar 2019
White,2.857521761468893,3.1135116005648404
Black,5.685098115116459,6.739134805759874
Hispanic,4.670856126340512,4.681406194306306
Asian,2.7434273796874007,3.0911324896661414
Native American,6.981422137364652,7.101569221038731
More than one,5.623195367414222,5.069700066973383
