name,Jun 2023,Jun 2019,pop
White,46.278262957112105,49.244904959375646,59.565052
Black,19.033510863078604,20.911444487875606,12.214815
Hispanic,25.052730085911413,21.343321697354988,18.966095
Asian,5.765803037169146,4.6299509690418805,6.8583455
Native American,1.2318218114852009,1.3725464764389037,0.70441043
More than one,2.6378712452435353,2.4978314099129766,1.6912854
