name,Aug 2023,Aug 2019
White,2.9589022115889887,3.1213545589271736
Black,5.717437210429604,6.208578806944642
Hispanic,4.400905315483176,4.265261538407759
Asian,2.9263175440240143,2.698569261795777
Native American,6.8033396184845465,7.02093084387793
More than one,5.937539935370282,6.23638785102581
