name,Mar 2021,Mar 2020,pop
White,47.08630564384188,47.79960601681431,60.200417
Black,18.019718239717943,19.573537264266072,12.004076
Hispanic,25.16690069973918,23.374263818967798,18.763
Asian,6.385908637401673,5.062420735011433,6.6554832
Native American,1.242144730905249,1.6059380391566256,0.70934194
More than one,2.099022048394079,2.5842341257837638,1.6676912
