name,Jun 2021,Jun 2019
White,4.871599304300762,3.1322222283562517
Black,9.617618379553171,6.709315155516596
Hispanic,8.064182792621231,4.502456485947818
Asian,5.968527887785816,2.712438885093556
Native American,9.652797351845818,7.286439951297956
More than one,8.589189437868917,6.048574984803314
