name,Dec 2021,Dec 2019
White,3.5808328319574074,2.9997755509354382
Black,7.838224448487308,5.657131586257565
Hispanic,5.561449563913987,4.104898423000736
Asian,4.358642653433667,2.711848306543608
Native American,7.087711321140211,7.333226852442228
More than one,7.563295922738044,5.3300967956448915
