name,Jan 2022,Jan 2020
White,3.396712274035797,2.9585744525554585
Black,7.532850471960506,5.744569733049729
Hispanic,5.388090544923665,4.159030439134841
Asian,4.07614607132278,2.7220448601537393
Native American,7.918503667539794,7.631814581926004
More than one,6.943736151538713,5.306184281027209
