name,Jun 2023,Jun 2019
White,2.913814046407408,3.1322222283562517
Black,5.648490911874533,6.709315155516596
Hispanic,4.694849042140667,4.502456485947818
Asian,2.9763029575061326,2.712438885093556
Native American,6.649258923971524,7.286439951297956
More than one,5.426571064038881,6.048574984803314
