name,Jul 2021,Jul 2019
White,4.736031172859705,3.1145078969669986
Black,9.494929742092289,6.505410014760446
Hispanic,7.588483307505876,4.35628564600623
Asian,5.6986169917348635,2.702821631346458
Native American,9.099763775583309,7.153580143022942
More than one,8.80129934169759,6.248492542458521
