name,Oct 2022,Oct 2019
White,2.9605022042847913,3.120688619831258
Black,6.145890042557271,5.842209354658422
Hispanic,4.139107567861145,4.070415270262737
Asian,2.879695863891965,2.69249231183482
Native American,5.3690801189421915,6.9397308992413125
More than one,5.839332209392687,5.98050647951383
