date,OPEN,HIGH,LOW,CLOSE
1990-01-02,17.24,17.24,17.24,17.24
1990-01-03,18.19,18.19,18.19,18.19
1990-01-04,19.22,19.22,19.22,19.22
1990-01-05,20.11,20.11,20.11,20.11
1990-01-08,20.26,20.26,20.26,20.26
1990-01-09,22.2,22.2,22.2,22.2
1990-01-10,22.44,22.44,22.44,22.44
1990-01-11,20.05,20.05,20.05,20.05
1990-01-12,24.64,24.64,24.64,24.64
1990-01-15,26.34,26.34,26.34,26.34
1990-01-16,24.18,24.18,24.18,24.18
1990-01-17,24.16,24.16,24.16,24.16
1990-01-18,24.34,24.34,24.34,24.34
1990-01-19,22.5,22.5,22.5,22.5
1990-01-22,26.7,26.7,26.7,26.7
1990-01-23,24.72,24.72,24.72,24.72
1990-01-24,25.39,25.39,25.39,25.39
1990-01-25,25.63,25.63,25.63,25.63
1990-01-26,26.28,26.28,26.28,26.28
1990-01-29,26.44,26.44,26.44,26.44
1990-01-30,27.25,27.25,27.25,27.25
1990-01-31,25.36,25.36,25.36,25.36
1990-02-01,24.87,24.87,24.87,24.87
1990-02-02,24.32,24.32,24.32,24.32
1990-02-05,24.54,24.54,24.54,24.54
1990-02-06,24.69,24.69,24.69,24.69
1990-02-07,24.29,24.29,24.29,24.29
1990-02-08,23.77,23.77,23.77,23.77
1990-02-09,23.69,23.69,23.69,23.69
1990-02-12,24.38,24.38,24.38,24.38
1990-02-13,23.76,23.76,23.76,23.76
1990-02-14,22.05,22.05,22.05,22.05
1990-02-15,19.71,19.71,19.71,19.71
1990-02-16,20.78,20.78,20.78,20.78
1990-02-20,22.78,22.78,22.78,22.78
1990-02-21,23.89,23.89,23.89,23.89
1990-02-22,22.54,22.54,22.54,22.54
1990-02-23,23.69,23.69,23.69,23.69
1990-02-26,23.56,23.56,23.56,23.56
1990-02-27,22.69,22.69,22.69,22.69
1990-02-28,21.99,21.99,21.99,21.99
1990-03-01,21.9,21.9,21.9,21.9
1990-03-02,21.34,21.34,21.34,21.34
1990-03-05,22.03,22.03,22.03,22.03
1990-03-06,20.55,20.55,20.55,20.55
1990-03-07,19.1,19.1,19.1,19.1
1990-03-08,19.74,19.74,19.74,19.74
1990-03-09,20.3,20.3,20.3,20.3
1990-03-12,20.07,20.07,20.07,20.07
1990-03-13,21.05,21.05,21.05,21.05
1990-03-14,19.65,19.65,19.65,19.65
1990-03-15,18.81,18.81,18.81,18.81
1990-03-16,17.62,17.62,17.62,17.62
1990-03-19,18.29,18.29,18.29,18.29
1990-03-20,19.06,19.06,19.06,19.06
1990-03-21,20.1,20.1,20.1,20.1
1990-03-22,22.74,22.74,22.74,22.74
1990-03-23,20.46,20.46,20.46,20.46
1990-03-26,19.59,19.59,19.59,19.59
1990-03-27,21.01,21.01,21.01,21.01
1990-03-28,19.77,19.77,19.77,19.77
1990-03-29,18.46,18.46,18.46,18.46
1990-03-30,19.73,19.73,19.73,19.73
1990-04-02,22.84,22.84,22.84,22.84
1990-04-03,20.44,20.44,20.44,20.44
1990-04-04,22.03,22.03,22.03,22.03
1990-04-05,21.21,21.21,21.21,21.21
1990-04-06,21.76,21.76,21.76,21.76
1990-04-09,22.3,22.3,22.3,22.3
1990-04-10,21.69,21.69,21.69,21.69
1990-04-11,17.73,17.73,17.73,17.73
1990-04-12,19.8,19.8,19.8,19.8
1990-04-16,20.75,20.75,20.75,20.75
1990-04-17,20.38,20.38,20.38,20.38
1990-04-18,22.67,22.67,22.67,22.67
1990-04-19,22.46,22.46,22.46,22.46
1990-04-20,23.33,23.33,23.33,23.33
1990-04-23,24.16,24.16,24.16,24.16
1990-04-24,21.7,21.7,21.7,21.7
1990-04-25,20.86,20.86,20.86,20.86
1990-04-26,20.25,20.25,20.25,20.25
1990-04-27,22.19,22.19,22.19,22.19
1990-04-30,19.52,19.52,19.52,19.52
1990-05-01,18.43,18.43,18.43,18.43
1990-05-02,19.32,19.32,19.32,19.32
1990-05-03,17.81,17.81,17.81,17.81
1990-05-04,17.28,17.28,17.28,17.28
1990-05-07,17.65,17.65,17.65,17.65
1990-05-08,18.49,18.49,18.49,18.49
1990-05-09,18.64,18.64,18.64,18.64
1990-05-10,18.59,18.59,18.59,18.59
1990-05-11,19.81,19.81,19.81,19.81
1990-05-14,20.14,20.14,20.14,20.14
1990-05-15,19.49,19.49,19.49,19.49
1990-05-16,17.71,17.71,17.71,17.71
1990-05-17,17.27,17.27,17.27,17.27
1990-05-18,17.2,17.2,17.2,17.2
1990-05-21,16.72,16.72,16.72,16.72
1990-05-22,17.84,17.84,17.84,17.84
1990-05-23,17.18,17.18,17.18,17.18
1990-05-24,17.7,17.7,17.7,17.7
1990-05-25,17.32,17.32,17.32,17.32
1990-05-29,18.75,18.75,18.75,18.75
1990-05-30,17.44,17.44,17.44,17.44
1990-05-31,17.37,17.37,17.37,17.37
1990-06-01,17.09,17.09,17.09,17.09
1990-06-04,18.39,18.39,18.39,18.39
1990-06-05,18.97,18.97,18.97,18.97
1990-06-06,17.42,17.42,17.42,17.42
1990-06-07,16.88,16.88,16.88,16.88
1990-06-08,17.58,17.58,17.58,17.58
1990-06-11,16.34,16.34,16.34,16.34
1990-06-12,16.6,16.6,16.6,16.6
1990-06-13,17.38,17.38,17.38,17.38
1990-06-14,17.4,17.4,17.4,17.4
1990-06-15,15.9,15.9,15.9,15.9
1990-06-18,17.71,17.71,17.71,17.71
1990-06-19,15.23,15.23,15.23,15.23
1990-06-20,15.27,15.27,15.27,15.27
1990-06-21,14.72,14.72,14.72,14.72
1990-06-22,19.36,19.36,19.36,19.36
1990-06-25,17.06,17.06,17.06,17.06
1990-06-26,16.29,16.29,16.29,16.29
1990-06-27,16.0,16.0,16.0,16.0
1990-06-28,16.18,16.18,16.18,16.18
1990-06-29,15.5,15.5,15.5,15.5
1990-07-02,16.26,16.26,16.26,16.26
1990-07-03,16.11,16.11,16.11,16.11
1990-07-05,17.25,17.25,17.25,17.25
1990-07-06,16.41,16.41,16.41,16.41
1990-07-09,16.66,16.66,16.66,16.66
1990-07-10,16.92,16.92,16.92,16.92
1990-07-11,16.68,16.68,16.68,16.68
1990-07-12,17.06,17.06,17.06,17.06
1990-07-13,17.09,17.09,17.09,17.09
1990-07-16,16.75,16.75,16.75,16.75
1990-07-17,16.66,16.66,16.66,16.66
1990-07-18,18.9,18.9,18.9,18.9
1990-07-19,18.56,18.56,18.56,18.56
1990-07-20,15.63,15.63,15.63,15.63
1990-07-23,23.68,23.68,23.68,23.68
1990-07-24,21.79,21.79,21.79,21.79
1990-07-25,20.19,20.19,20.19,20.19
1990-07-26,20.26,20.26,20.26,20.26
1990-07-27,21.12,21.12,21.12,21.12
1990-07-30,21.16,21.16,21.16,21.16
1990-07-31,21.11,21.11,21.11,21.11
1990-08-01,21.64,21.64,21.64,21.64
1990-08-02,20.43,20.43,20.43,20.43
1990-08-03,28.74,28.74,28.74,28.74
1990-08-06,35.91,35.91,35.91,35.91
1990-08-07,32.75,32.75,32.75,32.75
1990-08-08,28.27,28.27,28.27,28.27
1990-08-09,24.39,24.39,24.39,24.39
1990-08-10,25.75,25.75,25.75,25.75
1990-08-13,25.74,25.74,25.74,25.74
1990-08-14,24.18,24.18,24.18,24.18
1990-08-15,23.31,23.31,23.31,23.31
1990-08-16,27.16,27.16,27.16,27.16
1990-08-17,27.53,27.53,27.53,27.53
1990-08-20,26.46,26.46,26.46,26.46
1990-08-21,28.9,28.9,28.9,28.9
1990-08-22,30.55,30.55,30.55,30.55
1990-08-23,36.47,36.47,36.47,36.47
1990-08-24,33.93,33.93,33.93,33.93
1990-08-27,29.63,29.63,29.63,29.63
1990-08-28,29.12,29.12,29.12,29.12
1990-08-29,27.38,27.38,27.38,27.38
1990-08-30,29.89,29.89,29.89,29.89
1990-08-31,29.9,29.9,29.9,29.9
1990-09-04,29.58,29.58,29.58,29.58
1990-09-05,28.52,28.52,28.52,28.52
1990-09-06,30.19,30.19,30.19,30.19
1990-09-07,28.73,28.73,28.73,28.73
1990-09-10,29.34,29.34,29.34,29.34
1990-09-11,28.38,28.38,28.38,28.38
1990-09-12,28.12,28.12,28.12,28.12
1990-09-13,29.33,29.33,29.33,29.33
1990-09-14,30.56,30.56,30.56,30.56
1990-09-17,29.55,29.55,29.55,29.55
1990-09-18,28.82,28.82,28.82,28.82
1990-09-19,27.88,27.88,27.88,27.88
1990-09-20,28.66,28.66,28.66,28.66
1990-09-21,30.04,30.04,30.04,30.04
1990-09-24,30.56,30.56,30.56,30.56
1990-09-25,28.81,28.81,28.81,28.81
1990-09-26,28.19,28.19,28.19,28.19
1990-09-27,28.67,28.67,28.67,28.67
1990-09-28,29.11,29.11,29.11,29.11
1990-10-01,28.06,28.06,28.06,28.06
1990-10-02,27.28,27.28,27.28,27.28
1990-10-03,27.9,27.9,27.9,27.9
1990-10-04,27.51,27.51,27.51,27.51
1990-10-05,27.85,27.85,27.85,27.85
1990-10-08,28.04,28.04,28.04,28.04
1990-10-09,30.71,30.71,30.71,30.71
1990-10-10,31.19,31.19,31.19,31.19
1990-10-11,33.98,33.98,33.98,33.98
1990-10-12,31.94,31.94,31.94,31.94
1990-10-15,31.64,31.64,31.64,31.64
1990-10-16,31.45,31.45,31.45,31.45
1990-10-17,31.37,31.37,31.37,31.37
1990-10-18,29.6,29.6,29.6,29.6
1990-10-19,27.86,27.86,27.86,27.86
1990-10-22,27.27,27.27,27.27,27.27
1990-10-23,27.57,27.57,27.57,27.57
1990-10-24,28.28,28.28,28.28,28.28
1990-10-25,29.04,29.04,29.04,29.04
1990-10-26,30.75,30.75,30.75,30.75
1990-10-29,31.54,31.54,31.54,31.54
1990-10-30,30.52,30.52,30.52,30.52
1990-10-31,30.04,30.04,30.04,30.04
1990-11-01,30.25,30.25,30.25,30.25
1990-11-02,30.03,30.03,30.03,30.03
1990-11-05,29.85,29.85,29.85,29.85
1990-11-06,29.11,29.11,29.11,29.11
1990-11-07,30.87,30.87,30.87,30.87
1990-11-08,30.79,30.79,30.79,30.79
1990-11-09,26.96,26.96,26.96,26.96
1990-11-12,25.6,25.6,25.6,25.6
1990-11-13,24.58,24.58,24.58,24.58
1990-11-14,22.89,22.89,22.89,22.89
1990-11-15,22.57,22.57,22.57,22.57
1990-11-16,21.34,21.34,21.34,21.34
1990-11-19,20.95,20.95,20.95,20.95
1990-11-20,20.09,20.09,20.09,20.09
1990-11-21,21.09,21.09,21.09,21.09
1990-11-23,20.98,20.98,20.98,20.98
1990-11-26,22.76,22.76,22.76,22.76
1990-11-27,22.86,22.86,22.86,22.86
1990-11-28,22.96,22.96,22.96,22.96
1990-11-29,23.91,23.91,23.91,23.91
1990-11-30,22.16,22.16,22.16,22.16
1990-12-03,22.29,22.29,22.29,22.29
1990-12-04,22.03,22.03,22.03,22.03
1990-12-05,20.94,20.94,20.94,20.94
1990-12-06,22.62,22.62,22.62,22.62
1990-12-07,22.59,22.59,22.59,22.59
1990-12-10,23.58,23.58,23.58,23.58
1990-12-11,23.75,23.75,23.75,23.75
1990-12-12,21.28,21.28,21.28,21.28
1990-12-13,23.05,23.05,23.05,23.05
1990-12-14,23.85,23.85,23.85,23.85
1990-12-17,24.85,24.85,24.85,24.85
1990-12-18,23.11,23.11,23.11,23.11
1990-12-19,23.08,23.08,23.08,23.08
1990-12-20,23.13,23.13,23.13,23.13
1990-12-21,22.66,22.66,22.66,22.66
1990-12-24,24.03,24.03,24.03,24.03
1990-12-26,24.18,24.18,24.18,24.18
1990-12-27,24.81,24.81,24.81,24.81
1990-12-28,25.05,25.05,25.05,25.05
1990-12-31,26.38,26.38,26.38,26.38
1991-01-02,26.62,26.62,26.62,26.62
1991-01-03,27.93,27.93,27.93,27.93
1991-01-04,27.19,27.19,27.19,27.19
1991-01-07,28.95,28.95,28.95,28.95
1991-01-08,30.38,30.38,30.38,30.38
1991-01-09,33.3,33.3,33.3,33.3
1991-01-10,31.33,31.33,31.33,31.33
1991-01-11,32.63,32.63,32.63,32.63
1991-01-14,36.2,36.2,36.2,36.2
1991-01-15,36.16,36.16,36.16,36.16
1991-01-16,33.2,33.2,33.2,33.2
1991-01-17,27.45,27.45,27.45,27.45
1991-01-18,25.39,25.39,25.39,25.39
1991-01-21,24.33,24.33,24.33,24.33
1991-01-22,24.9,24.9,24.9,24.9
1991-01-23,23.92,23.92,23.92,23.92
1991-01-24,22.86,22.86,22.86,22.86
1991-01-25,22.2,22.2,22.2,22.2
1991-01-28,23.05,23.05,23.05,23.05
1991-01-29,23.17,23.17,23.17,23.17
1991-01-30,21.37,21.37,21.37,21.37
1991-01-31,20.91,20.91,20.91,20.91
1991-02-01,21.04,21.04,21.04,21.04
1991-02-04,21.86,21.86,21.86,21.86
1991-02-05,21.46,21.46,21.46,21.46
1991-02-06,22.68,22.68,22.68,22.68
1991-02-07,23.6,23.6,23.6,23.6
1991-02-08,23.38,23.38,23.38,23.38
1991-02-11,22.56,22.56,22.56,22.56
1991-02-12,22.26,22.26,22.26,22.26
1991-02-13,20.86,20.86,20.86,20.86
1991-02-14,21.48,21.48,21.48,21.48
1991-02-15,19.57,19.57,19.57,19.57
1991-02-19,19.84,19.84,19.84,19.84
1991-02-20,22.26,22.26,22.26,22.26
1991-02-21,20.78,20.78,20.78,20.78
1991-02-22,21.01,21.01,21.01,21.01
1991-02-25,22.86,22.86,22.86,22.86
1991-02-26,20.38,20.38,20.38,20.38
1991-02-27,21.26,21.26,21.26,21.26
1991-02-28,21.23,21.23,21.23,21.23
1991-03-04,20.86,20.86,20.86,20.86
1991-03-05,20.45,20.45,20.45,20.45
1991-03-06,20.55,20.55,20.55,20.55
1991-03-07,21.05,21.05,21.05,21.05
1991-03-08,20.81,20.81,20.81,20.81
1991-03-11,20.88,20.88,20.88,20.88
1991-03-12,18.82,18.82,18.82,18.82
1991-03-13,16.09,16.09,16.09,16.09
1991-03-14,14.94,14.94,14.94,14.94
1991-03-15,14.9,14.9,14.9,14.9
1991-03-18,15.79,15.79,15.79,15.79
1991-03-19,16.11,16.11,16.11,16.11
1991-03-20,16.04,16.04,16.04,16.04
1991-03-21,16.86,16.86,16.86,16.86
1991-03-22,16.49,16.49,16.49,16.49
1991-03-25,16.76,16.76,16.76,16.76
1991-03-26,16.31,16.31,16.31,16.31
1991-03-27,16.55,16.55,16.55,16.55
1991-03-28,16.88,16.88,16.88,16.88
1991-04-01,17.42,17.42,17.42,17.42
1991-04-02,17.4,17.4,17.4,17.4
1991-04-03,17.61,17.61,17.61,17.61
1991-04-04,18.01,18.01,18.01,18.01
1991-04-05,17.63,17.63,17.63,17.63
1991-04-08,17.41,17.41,17.41,17.41
1991-04-09,20.12,20.12,20.12,20.12
1991-04-10,19.73,19.73,19.73,19.73
1991-04-11,17.24,17.24,17.24,17.24
1991-04-12,18.45,18.45,18.45,18.45
1991-04-15,16.5,16.5,16.5,16.5
1991-04-16,15.82,15.82,15.82,15.82
1991-04-17,15.47,15.47,15.47,15.47
1991-04-18,16.26,16.26,16.26,16.26
1991-04-19,15.68,15.68,15.68,15.68
1991-04-22,16.78,16.78,16.78,16.78
1991-04-23,17.02,17.02,17.02,17.02
1991-04-24,16.72,16.72,16.72,16.72
1991-04-25,17.15,17.15,17.15,17.15
1991-04-26,17.27,17.27,17.27,17.27
1991-04-29,18.27,18.27,18.27,18.27
1991-04-30,18.24,18.24,18.24,18.24
1991-05-01,17.77,17.77,17.77,17.77
1991-05-02,17.52,17.52,17.52,17.52
1991-05-03,17.24,17.24,17.24,17.24
1991-05-06,17.92,17.92,17.92,17.92
1991-05-07,17.46,17.46,17.46,17.46
1991-05-08,17.78,17.78,17.78,17.78
1991-05-09,17.17,17.17,17.17,17.17
1991-05-10,17.54,17.54,17.54,17.54
1991-05-13,17.66,17.66,17.66,17.66
1991-05-14,18.0,18.0,18.0,18.0
1991-05-15,18.38,18.38,18.38,18.38
1991-05-16,17.24,17.24,17.24,17.24
1991-05-17,16.64,16.64,16.64,16.64
1991-05-20,17.1,17.1,17.1,17.1
1991-05-21,16.07,16.07,16.07,16.07
1991-05-22,16.16,16.16,16.16,16.16
1991-05-23,16.11,16.11,16.11,16.11
1991-05-24,15.23,15.23,15.23,15.23
1991-05-28,15.67,15.67,15.67,15.67
1991-05-29,15.9,15.9,15.9,15.9
1991-05-30,16.02,16.02,16.02,16.02
1991-05-31,15.93,15.93,15.93,15.93
1991-06-03,16.87,16.87,16.87,16.87
1991-06-04,16.17,16.17,16.17,16.17
1991-06-05,16.4,16.4,16.4,16.4
1991-06-06,16.93,16.93,16.93,16.93
1991-06-07,16.98,16.98,16.98,16.98
1991-06-10,17.47,17.47,17.47,17.47
1991-06-11,17.32,17.32,17.32,17.32
1991-06-12,17.72,17.72,17.72,17.72
1991-06-13,16.99,16.99,16.99,16.99
1991-06-14,15.98,15.98,15.98,15.98
1991-06-17,15.5,15.5,15.5,15.5
1991-06-18,16.14,16.14,16.14,16.14
1991-06-19,17.44,17.44,17.44,17.44
1991-06-20,16.75,16.75,16.75,16.75
1991-06-21,16.51,16.51,16.51,16.51
1991-06-24,18.28,18.28,18.28,18.28
1991-06-25,17.85,17.85,17.85,17.85
1991-06-26,17.98,17.98,17.98,17.98
1991-06-27,17.87,17.87,17.87,17.87
1991-06-28,19.55,19.55,19.55,19.55
1991-07-01,18.64,18.64,18.64,18.64
1991-07-02,17.63,17.63,17.63,17.63
1991-07-03,19.47,19.47,19.47,19.47
1991-07-05,18.35,18.35,18.35,18.35
1991-07-08,20.29,20.29,20.29,20.29
1991-07-09,19.76,19.76,19.76,19.76
1991-07-10,19.19,19.19,19.19,19.19
1991-07-11,17.39,17.39,17.39,17.39
1991-07-12,18.29,18.29,18.29,18.29
1991-07-15,17.78,17.78,17.78,17.78
1991-07-16,17.49,17.49,17.49,17.49
1991-07-17,17.52,17.52,17.52,17.52
1991-07-18,15.77,15.77,15.77,15.77
1991-07-19,15.5,15.5,15.5,15.5
1991-07-22,16.9,16.9,16.9,16.9
1991-07-23,16.58,16.58,16.58,16.58
1991-07-24,16.41,16.41,16.41,16.41
1991-07-25,15.74,15.74,15.74,15.74
1991-07-26,15.45,15.45,15.45,15.45
1991-07-29,15.67,15.67,15.67,15.67
1991-07-30,15.47,15.47,15.47,15.47
1991-07-31,15.18,15.18,15.18,15.18
1991-08-01,15.47,15.47,15.47,15.47
1991-08-02,15.26,15.26,15.26,15.26
1991-08-05,15.92,15.92,15.92,15.92
1991-08-06,15.54,15.54,15.54,15.54
1991-08-07,15.56,15.56,15.56,15.56
1991-08-08,15.98,15.98,15.98,15.98
1991-08-09,15.45,15.45,15.45,15.45
1991-08-12,15.26,15.26,15.26,15.26
1991-08-13,14.73,14.73,14.73,14.73
1991-08-14,15.09,15.09,15.09,15.09
1991-08-15,15.19,15.19,15.19,15.19
1991-08-16,16.01,16.01,16.01,16.01
1991-08-19,21.19,21.19,21.19,21.19
1991-08-20,18.86,18.86,18.86,18.86
1991-08-21,15.62,15.62,15.62,15.62
1991-08-22,14.59,14.59,14.59,14.59
1991-08-23,14.41,14.41,14.41,14.41
1991-08-26,14.81,14.81,14.81,14.81
1991-08-27,15.46,15.46,15.46,15.46
1991-08-28,15.31,15.31,15.31,15.31
1991-08-29,14.82,14.82,14.82,14.82
1991-08-30,14.46,14.46,14.46,14.46
1991-09-03,16.57,16.57,16.57,16.57
1991-09-04,17.18,17.18,17.18,17.18
1991-09-05,17.31,17.31,17.31,17.31
1991-09-06,16.76,16.76,16.76,16.76
1991-09-09,17.73,17.73,17.73,17.73
1991-09-10,18.22,18.22,18.22,18.22
1991-09-11,17.96,17.96,17.96,17.96
1991-09-12,16.21,16.21,16.21,16.21
1991-09-13,17.88,17.88,17.88,17.88
1991-09-16,17.82,17.82,17.82,17.82
1991-09-17,17.68,17.68,17.68,17.68
1991-09-18,17.56,17.56,17.56,17.56
1991-09-19,17.56,17.56,17.56,17.56
1991-09-20,17.08,17.08,17.08,17.08
1991-09-23,16.38,16.38,16.38,16.38
1991-09-24,16.04,16.04,16.04,16.04
1991-09-25,15.68,15.68,15.68,15.68
1991-09-26,15.35,15.35,15.35,15.35
1991-09-27,16.31,16.31,16.31,16.31
1991-09-30,15.85,15.85,15.85,15.85
1991-10-01,14.81,14.81,14.81,14.81
1991-10-02,15.81,15.81,15.81,15.81
1991-10-03,17.04,17.04,17.04,17.04
1991-10-04,15.63,15.63,15.63,15.63
1991-10-07,18.58,18.58,18.58,18.58
1991-10-08,17.81,17.81,17.81,17.81
1991-10-09,18.54,18.54,18.54,18.54
1991-10-10,17.8,17.8,17.8,17.8
1991-10-11,17.6,17.6,17.6,17.6
1991-10-14,16.71,16.71,16.71,16.71
1991-10-15,16.22,16.22,16.22,16.22
1991-10-16,14.85,14.85,14.85,14.85
1991-10-17,16.32,16.32,16.32,16.32
1991-10-18,15.87,15.87,15.87,15.87
1991-10-21,16.66,16.66,16.66,16.66
1991-10-22,16.55,16.55,16.55,16.55
1991-10-23,16.26,16.26,16.26,16.26
1991-10-24,15.62,15.62,15.62,15.62
1991-10-25,15.75,15.75,15.75,15.75
1991-10-28,15.45,15.45,15.45,15.45
1991-10-29,15.55,15.55,15.55,15.55
1991-10-30,15.46,15.46,15.46,15.46
1991-10-31,15.48,15.48,15.48,15.48
1991-11-01,15.6,15.6,15.6,15.6
1991-11-04,16.35,16.35,16.35,16.35
1991-11-05,16.48,16.48,16.48,16.48
1991-11-06,16.47,16.47,16.47,16.47
1991-11-07,15.97,15.97,15.97,15.97
1991-11-08,15.43,15.43,15.43,15.43
1991-11-11,14.89,14.89,14.89,14.89
1991-11-12,14.04,14.04,14.04,14.04
1991-11-13,13.95,13.95,13.95,13.95
1991-11-14,13.96,13.96,13.96,13.96
1991-11-15,21.18,21.18,21.18,21.18
1991-11-18,18.28,18.28,18.28,18.28
1991-11-19,20.34,20.34,20.34,20.34
1991-11-20,20.4,20.4,20.4,20.4
1991-11-21,19.11,19.11,19.11,19.11
1991-11-22,21.2,21.2,21.2,21.2
1991-11-25,21.92,21.92,21.92,21.92
1991-11-26,19.8,19.8,19.8,19.8
1991-11-27,19.84,19.84,19.84,19.84
1991-11-29,20.26,20.26,20.26,20.26
1991-12-02,20.18,20.18,20.18,20.18
1991-12-03,19.7,19.7,19.7,19.7
1991-12-04,19.54,19.54,19.54,19.54
1991-12-05,20.19,20.19,20.19,20.19
1991-12-06,19.04,19.04,19.04,19.04
1991-12-09,19.74,19.74,19.74,19.74
1991-12-10,19.89,19.89,19.89,19.89
1991-12-11,20.57,20.57,20.57,20.57
1991-12-12,19.08,19.08,19.08,19.08
1991-12-13,17.88,17.88,17.88,17.88
1991-12-16,17.62,17.62,17.62,17.62
1991-12-17,18.12,18.12,18.12,18.12
1991-12-18,17.78,17.78,17.78,17.78
1991-12-19,17.96,17.96,17.96,17.96
1991-12-20,17.65,17.65,17.65,17.65
1991-12-23,16.61,16.61,16.61,16.61
1991-12-24,15.67,15.67,15.67,15.67
1991-12-26,15.44,15.44,15.44,15.44
1991-12-27,15.7,15.7,15.7,15.7
1991-12-30,17.63,17.63,17.63,17.63
1991-12-31,19.31,19.31,19.31,19.31
1992-01-02,19.69,20.15,18.88,18.95
1992-01-03,17.04,19.23,17.04,18.75
1992-01-06,16.23,19.49,16.08,18.96
1992-01-07,20.3,20.3,19.12,19.23
1992-01-08,17.53,19.27,17.3,18.72
1992-01-09,17.58,19.41,17.58,18.96
1992-01-10,18.5,18.89,18.3,18.45
1992-01-13,19.05,19.05,18.01,18.01
1992-01-14,17.73,17.73,16.16,17.01
1992-01-15,17.81,17.91,17.31,17.39
1992-01-16,18.43,18.43,17.42,17.64
1992-01-17,16.59,16.77,16.01,16.32
1992-01-20,16.57,16.72,16.24,16.42
1992-01-21,16.74,18.19,16.6,17.92
1992-01-22,17.54,17.58,16.72,16.75
1992-01-23,15.48,16.73,15.4,16.46
1992-01-24,16.23,16.33,15.65,16.24
1992-01-27,16.15,16.82,16.15,16.67
1992-01-28,17.07,17.7,16.99,17.67
1992-01-29,16.57,18.04,16.05,17.62
1992-01-30,16.87,17.75,16.87,17.49
1992-01-31,14.16,17.51,14.12,17.4
1992-02-03,17.08,19.21,17.01,18.2
1992-02-04,17.16,18.72,16.84,17.96
1992-02-05,18.15,18.35,17.98,18.22
1992-02-06,18.8,18.93,18.64,18.79
1992-02-07,18.43,19.31,18.13,18.51
1992-02-10,19.24,19.25,18.55,18.56
1992-02-11,19.24,18.57,17.61,17.7
1992-02-12,18.22,18.23,17.37,17.37
1992-02-13,15.42,18.03,15.35,17.45
1992-02-14,17.52,17.62,16.81,17.03
1992-02-18,17.79,18.32,17.38,18.22
1992-02-19,17.79,17.69,16.85,17.16
1992-02-20,15.66,17.32,15.59,16.72
1992-02-21,15.75,17.41,15.75,16.87
1992-02-24,17.47,17.55,17.07,17.13
1992-02-25,15.86,17.1,15.52,16.35
1992-02-26,15.66,16.74,15.66,16.64
1992-02-27,16.97,17.08,16.36,16.51
1992-02-28,15.34,17.17,15.34,16.68
1992-03-02,17.44,17.5,16.88,16.88
1992-03-03,17.36,17.41,16.92,17.26
1992-03-04,17.82,17.92,17.43,17.89
1992-03-05,18.57,18.89,17.94,18.47
1992-03-06,18.25,20.04,18.14,19.75
1992-03-09,20.67,20.68,19.66,19.68
1992-03-10,19.62,19.63,18.6,18.68
1992-03-11,19.23,20.34,19.18,19.79
1992-03-12,19.47,21.06,19.47,19.72
1992-03-13,18.39,18.88,17.98,18.35
1992-03-16,19.13,19.13,18.44,18.46
1992-03-17,17.78,17.84,16.79,16.79
1992-03-18,16.95,16.97,16.61,16.69
1992-03-19,16.73,16.85,16.44,16.52
1992-03-20,16.73,16.9,16.58,16.82
1992-03-23,17.63,17.63,16.73,16.73
1992-03-24,16.27,16.7,16.18,16.32
1992-03-25,16.41,16.41,16.08,16.19
1992-03-26,16.55,16.6,16.1,16.29
1992-03-27,15.88,16.09,15.46,16.02
1992-03-30,16.43,16.53,15.9,15.97
1992-03-31,16.45,16.56,15.98,16.18
1992-04-01,16.93,17.11,16.43,16.48
1992-04-02,16.25,17.17,16.11,17.06
1992-04-03,18.22,18.32,16.71,16.72
1992-04-06,17.18,17.2,16.59,16.72
1992-04-07,17.26,18.81,16.56,18.81
1992-04-08,20.06,21.44,19.66,20.15
1992-04-09,18.95,18.96,17.48,17.89
1992-04-10,17.39,17.43,16.79,16.85
1992-04-13,17.42,17.51,16.93,16.99
1992-04-14,16.82,16.82,15.88,15.98
1992-04-15,16.36,16.45,15.15,15.15
1992-04-16,15.17,15.58,14.83,14.85
1992-04-20,16.15,16.54,15.7,15.93
1992-04-21,16.0,16.86,15.74,16.53
1992-04-22,16.03,16.15,15.86,15.96
1992-04-23,16.1,16.75,15.83,15.83
1992-04-24,15.73,16.83,15.53,15.71
1992-04-27,16.93,16.93,16.38,16.49
1992-04-28,16.56,16.9,16.24,16.24
1992-04-29,16.38,16.4,15.86,15.95
1992-04-30,15.86,15.94,15.53,15.53
1992-05-01,14.87,17.36,14.84,16.61
1992-05-04,16.7,17.76,16.48,16.92
1992-05-05,15.56,17.12,15.49,16.66
1992-05-06,16.11,17.33,15.9,16.81
1992-05-07,15.8,17.29,15.67,16.54
1992-05-08,16.18,16.34,15.52,15.65
1992-05-11,15.87,15.9,15.17,15.17
1992-05-12,15.4,15.87,15.32,15.68
1992-05-13,15.88,15.88,15.19,15.19
1992-05-14,14.38,16.19,14.35,15.49
1992-05-15,14.38,16.06,14.1,14.82
1992-05-18,15.17,15.46,14.58,14.62
1992-05-19,13.95,14.4,13.44,13.57
1992-05-20,12.98,14.19,12.98,13.62
1992-05-21,14.01,15.12,13.92,13.92
1992-05-22,14.03,14.31,13.53,13.73
1992-05-26,13.93,15.28,13.77,14.92
1992-05-27,13.84,14.36,13.59,13.99
1992-05-28,14.25,14.57,13.72,13.77
1992-05-29,12.77,14.28,12.77,13.86
1992-06-01,14.47,14.84,13.92,14.43
1992-06-02,12.92,15.22,12.73,14.57
1992-06-03,13.24,14.97,13.24,14.35
1992-06-04,13.21,14.32,13.14,13.66
1992-06-05,14.57,14.96,14.5,14.65
1992-06-08,15.6,15.6,15.1,15.19
1992-06-09,15.28,15.98,15.17,15.97
1992-06-10,15.9,16.62,15.75,16.62
1992-06-11,16.91,16.95,16.29,16.29
1992-06-12,15.37,15.48,14.71,14.95
1992-06-15,16.11,16.11,14.72,14.76
1992-06-16,15.12,15.23,14.82,15.22
1992-06-17,15.76,18.08,15.74,18.08
1992-06-18,18.23,18.53,17.64,18.2
1992-06-19,17.43,17.53,16.28,16.31
1992-06-22,14.66,17.79,14.64,16.66
1992-06-23,14.27,15.29,14.17,14.53
1992-06-24,14.26,14.75,14.12,14.4
1992-06-25,13.93,15.0,13.85,14.4
1992-06-26,14.13,15.0,14.13,14.67
1992-06-29,13.94,14.41,13.21,13.21
1992-06-30,13.66,14.31,13.19,13.35
1992-07-01,13.43,13.57,12.98,13.34
1992-07-02,12.69,14.83,12.68,13.88
1992-07-06,14.27,15.43,14.27,14.87
1992-07-07,14.03,15.86,14.03,15.83
1992-07-08,14.17,16.36,14.17,15.53
1992-07-09,14.34,15.41,14.05,14.6
1992-07-10,13.93,14.12,13.56,13.7
1992-07-13,12.47,14.57,12.47,14.01
1992-07-14,14.26,14.39,13.29,13.5
1992-07-15,12.41,13.08,12.31,12.52
1992-07-16,12.13,12.88,11.78,12.27
1992-07-17,13.15,13.48,12.4,12.6
1992-07-20,13.54,13.54,12.62,12.66
1992-07-21,12.2,12.81,12.17,12.6
1992-07-22,11.36,14.01,11.36,13.57
1992-07-23,13.33,13.9,13.24,13.33
1992-07-24,12.25,14.16,12.25,13.37
1992-07-27,13.34,14.95,13.34,13.9
1992-07-28,11.5,14.0,11.5,13.05
1992-07-29,12.21,13.79,12.21,13.44
1992-07-30,13.45,13.79,12.98,13.5
1992-07-31,12.55,13.64,12.55,13.17
1992-08-03,14.05,14.33,13.2,13.83
1992-08-04,13.34,14.33,13.11,13.58
1992-08-05,12.41,14.34,12.41,13.82
1992-08-06,12.4,14.79,12.34,14.23
1992-08-07,13.93,14.28,13.17,13.94
1992-08-10,13.87,15.43,13.83,14.51
1992-08-11,15.32,15.92,15.09,15.09
1992-08-12,14.28,15.57,13.51,14.88
1992-08-13,13.45,15.79,13.44,15.34
1992-08-14,15.63,15.7,14.66,14.66
1992-08-17,14.32,15.54,13.83,14.61
1992-08-18,14.67,14.81,13.84,13.84
1992-08-19,14.67,14.84,13.91,14.35
1992-08-20,14.37,14.72,14.13,14.48
1992-08-21,13.74,15.48,13.4,15.01
1992-08-24,13.74,16.48,15.21,16.19
1992-08-25,14.87,16.52,14.87,15.62
1992-08-26,14.05,15.41,14.05,14.5
1992-08-27,14.05,13.86,12.88,13.66
1992-08-28,12.57,13.42,12.52,13.14
1992-08-31,12.66,13.89,12.66,13.58
1992-09-01,11.87,13.44,11.85,13.4
1992-09-02,12.69,13.09,12.57,12.73
1992-09-03,10.77,12.88,10.69,12.88
1992-09-04,12.92,13.16,12.75,12.98
1992-09-08,13.36,13.9,13.36,13.65
1992-09-09,13.03,13.92,13.01,13.36
1992-09-10,12.64,13.28,12.59,12.92
1992-09-11,12.39,13.02,11.96,12.47
1992-09-14,13.37,13.37,12.51,13.0
1992-09-15,11.53,13.75,11.53,13.63
1992-09-16,11.53,14.86,13.52,14.72
1992-09-17,13.61,14.41,13.61,14.31
1992-09-18,13.61,13.94,12.8,13.74
1992-09-21,12.99,13.72,12.96,13.45
1992-09-22,13.57,14.1,13.53,13.88
1992-09-23,13.72,14.11,13.71,13.83
1992-09-24,13.76,13.86,13.42,13.44
1992-09-25,13.77,14.98,13.54,14.8
1992-09-28,15.42,15.42,15.11,15.19
1992-09-29,15.23,15.36,14.87,14.97
1992-09-30,13.96,14.89,13.96,14.28
1992-10-01,15.44,16.31,15.03,16.31
1992-10-02,15.33,17.8,15.32,17.79
1992-10-05,19.77,25.13,19.37,20.01
1992-10-06,20.37,20.42,19.49,19.95
1992-10-07,19.07,21.08,18.9,21.02
1992-10-08,19.57,19.94,18.95,19.26
1992-10-09,19.57,21.0,19.67,20.51
1992-10-12,20.61,20.62,19.48,19.49
1992-10-13,16.84,18.44,16.15,17.9
1992-10-14,15.77,18.52,15.58,18.42
1992-10-15,18.11,18.15,16.91,17.11
1992-10-16,15.8,17.67,15.47,17.01
1992-10-19,16.89,17.35,16.43,17.31
1992-10-20,16.0,17.1,15.74,16.87
1992-10-21,17.08,17.08,16.62,16.62
1992-10-22,15.83,16.24,15.72,15.84
1992-10-23,17.11,17.21,16.46,16.46
1992-10-26,16.93,17.32,16.31,16.32
1992-10-27,16.33,16.75,16.13,16.24
1992-10-28,16.33,16.66,15.81,15.95
1992-10-29,15.68,15.83,15.39,15.47
1992-10-30,15.9,16.6,15.57,16.15
1992-11-02,17.02,17.13,16.57,16.67
1992-11-03,16.01,17.92,15.96,17.33
1992-11-04,16.33,16.87,16.17,16.28
1992-11-05,16.1,16.1,15.35,15.38
1992-11-06,15.66,15.68,14.65,14.69
1992-11-09,15.66,15.14,14.06,14.23
1992-11-10,14.51,14.71,14.27,14.37
1992-11-11,14.6,15.02,13.99,13.99
1992-11-12,16.36,16.36,14.32,14.37
1992-11-13,14.8,14.86,14.03,14.61
1992-11-16,14.68,14.89,14.64,14.86
1992-11-17,15.74,15.85,14.44,15.01
1992-11-18,14.98,14.98,14.18,14.55
1992-11-19,14.98,15.1,14.14,14.33
1992-11-20,14.98,14.2,13.44,13.67
1992-11-23,12.93,13.95,12.89,13.4
1992-11-24,12.54,13.37,12.46,12.66
1992-11-25,12.48,12.95,12.48,12.5
1992-11-27,11.63,12.67,11.52,12.58
1992-11-30,11.38,13.67,11.38,13.01
1992-12-01,12.94,13.89,12.76,12.8
1992-12-02,12.06,13.49,11.99,12.56
1992-12-03,12.09,12.78,11.84,12.03
1992-12-04,11.69,12.46,11.54,11.81
1992-12-07,12.0,12.61,11.7,12.0
1992-12-08,10.29,12.38,10.29,11.73
1992-12-09,10.29,13.34,10.93,12.58
1992-12-10,12.36,13.37,12.26,12.75
1992-12-11,12.36,13.52,11.01,12.34
1992-12-14,12.61,12.83,12.36,12.66
1992-12-15,12.61,12.92,12.37,12.41
1992-12-16,12.61,12.88,12.15,12.58
1992-12-17,12.03,12.6,11.86,12.14
1992-12-18,12.03,12.58,10.64,11.66
1992-12-21,12.03,11.97,11.2,11.65
1992-12-22,10.57,12.81,10.36,11.75
1992-12-23,10.57,11.9,11.27,11.51
1992-12-24,11.5,11.99,11.3,11.57
1992-12-28,12.67,12.85,12.11,12.22
1992-12-29,12.27,12.84,11.72,12.29
1992-12-30,12.14,13.6,12.14,12.6
1992-12-31,11.87,13.05,11.75,12.57
1993-01-04,12.96,13.92,12.91,13.36
1993-01-05,12.99,14.08,12.92,13.35
1993-01-06,12.88,14.17,11.86,13.37
1993-01-07,12.9,15.06,12.65,14.72
1993-01-08,13.75,14.39,13.61,13.77
1993-01-11,13.27,13.57,12.43,12.86
1993-01-12,11.82,13.87,11.74,12.78
1993-01-13,13.02,13.02,12.15,12.42
1993-01-14,12.29,12.33,11.93,11.99
1993-01-15,11.9,11.96,11.25,11.57
1993-01-18,12.15,12.17,11.49,11.49
1993-01-19,11.64,12.17,11.62,12.06
1993-01-20,12.21,12.34,11.85,12.15
1993-01-21,12.41,12.45,11.69,11.69
1993-01-22,11.63,11.74,11.22,11.3
1993-01-25,11.42,11.65,11.26,11.38
1993-01-26,11.08,11.5,10.98,11.45
1993-01-27,11.66,12.61,11.44,12.01
1993-01-28,12.08,12.46,11.9,12.04
1993-01-29,12.49,13.16,12.42,12.42
1993-02-01,12.51,12.92,12.18,12.33
1993-02-02,12.47,12.89,12.22,12.25
1993-02-03,11.98,12.34,11.79,12.12
1993-02-04,11.86,12.84,11.69,12.29
1993-02-05,12.56,13.45,12.49,12.9
1993-02-08,13.15,13.94,12.2,13.22
1993-02-09,13.63,13.76,13.43,13.48
1993-02-10,13.58,14.26,13.0,13.43
1993-02-11,13.05,13.65,12.63,12.69
1993-02-12,13.58,13.66,12.32,12.38
1993-02-16,13.44,16.45,13.35,15.76
1993-02-17,15.96,16.34,15.57,15.9
1993-02-18,14.69,16.65,14.32,15.56
1993-02-19,15.74,15.74,15.0,15.02
1993-02-22,15.03,15.25,14.34,14.7
1993-02-23,15.1,15.43,14.6,15.04
1993-02-24,14.0,15.03,14.0,14.72
1993-02-25,12.99,14.79,12.95,13.76
1993-02-26,13.47,13.82,13.12,13.16
1993-03-01,13.13,14.11,13.07,13.6
1993-03-02,13.76,13.8,12.49,12.49
1993-03-03,13.14,13.71,12.93,13.13
1993-03-04,12.52,14.02,12.5,13.44
1993-03-05,13.2,14.13,12.98,14.08
1993-03-08,15.0,16.3,14.95,16.22
1993-03-09,14.02,15.43,13.78,14.17
1993-03-10,14.63,14.72,13.85,13.91
1993-03-11,13.97,14.27,13.92,14.26
1993-03-12,15.6,16.37,14.91,15.66
1993-03-15,15.01,15.06,14.63,14.74
1993-03-16,13.05,14.68,13.05,14.51
1993-03-17,15.06,15.18,14.4,14.53
1993-03-18,14.33,15.07,14.17,14.17
1993-03-19,14.33,13.89,13.11,13.23
1993-03-22,13.97,14.42,13.65,13.66
1993-03-23,12.71,13.37,12.69,13.02
1993-03-24,12.23,12.89,12.06,12.44
1993-03-25,12.71,12.81,12.04,12.08
1993-03-26,10.66,12.38,10.66,12.21
1993-03-29,13.04,13.04,12.27,12.63
1993-03-30,12.58,12.82,12.23,12.23
1993-03-31,12.29,12.9,12.19,12.53
1993-04-01,13.04,14.05,12.7,13.02
1993-04-02,14.27,14.85,13.99,14.5
1993-04-05,14.43,15.06,14.06,14.12
1993-04-06,13.73,14.84,13.72,14.24
1993-04-07,13.75,14.58,13.58,13.64
1993-04-08,12.33,13.65,12.16,12.83
1993-04-12,12.33,12.78,11.52,11.93
1993-04-13,12.59,12.95,11.48,11.7
1993-04-14,12.33,12.41,11.61,11.76
1993-04-15,11.96,11.97,10.71,10.96
1993-04-16,11.11,11.5,10.74,11.29
1993-04-19,11.11,12.35,11.39,12.06
1993-04-20,11.82,12.54,11.75,11.94
1993-04-21,12.41,12.82,12.02,12.11
1993-04-22,11.58,13.01,11.45,12.68
1993-04-23,13.2,13.98,12.92,13.36
1993-04-26,14.06,15.45,13.99,15.25
1993-04-27,15.39,15.45,13.93,13.93
1993-04-28,15.39,13.78,11.28,13.12
1993-04-29,13.24,13.44,12.8,12.8
1993-04-30,11.26,12.67,11.25,12.42
1993-05-03,13.25,13.52,12.79,12.9
1993-05-04,13.05,13.07,12.1,12.14
1993-05-05,12.12,12.75,11.96,12.38
1993-05-06,12.83,13.72,12.58,13.22
1993-05-07,12.93,13.48,12.87,13.01
1993-05-10,13.42,14.71,13.25,13.72
1993-05-11,13.62,14.19,13.35,13.35
1993-05-12,12.98,14.11,12.87,13.56
1993-05-13,14.63,14.79,14.18,14.76
1993-05-14,14.63,14.97,14.02,14.39
1993-05-17,14.85,14.85,14.1,14.13
1993-05-18,14.52,14.62,14.08,14.19
1993-05-19,14.46,15.02,13.76,14.29
1993-05-20,14.46,15.11,13.31,13.98
1993-05-21,14.16,14.96,13.67,14.51
1993-05-24,14.16,14.8,14.09,14.1
1993-05-25,13.73,14.34,13.73,14.04
1993-05-26,13.2,13.82,12.88,12.88
1993-05-27,13.58,13.73,13.09,13.1
1993-05-28,13.21,13.86,13.12,13.47
1993-06-01,13.21,14.63,13.64,13.67
1993-06-02,13.59,14.21,13.18,13.48
1993-06-03,13.67,14.12,13.47,13.54
1993-06-04,12.96,13.51,12.86,12.86
1993-06-07,12.76,14.78,12.63,14.07
1993-06-08,15.22,15.22,14.27,14.74
1993-06-09,15.74,15.88,13.75,13.96
1993-06-10,13.59,14.24,13.29,13.31
1993-06-11,13.35,13.42,12.71,12.71
1993-06-14,12.32,12.36,12.18,12.33
1993-06-15,12.32,12.97,11.93,11.99
1993-06-16,12.32,12.84,11.87,11.87
1993-06-17,12.85,12.87,11.54,11.66
1993-06-18,11.73,12.4,11.73,12.24
1993-06-21,12.57,12.65,12.23,12.25
1993-06-22,11.67,12.07,11.39,11.65
1993-06-23,11.24,12.33,11.14,12.04
1993-06-24,12.91,12.97,12.24,12.25
1993-06-25,12.15,12.15,11.11,11.25
1993-06-28,12.13,12.88,11.07,11.11
1993-06-29,11.46,11.79,11.27,11.29
1993-06-30,11.22,11.72,10.86,11.26
1993-07-01,10.49,12.24,10.47,11.51
1993-07-02,11.6,11.67,11.26,11.33
1993-07-06,13.0,14.37,12.56,13.87
1993-07-07,13.43,14.15,12.95,13.05
1993-07-08,11.19,13.43,11.19,12.24
1993-07-09,11.28,11.84,10.19,10.8
1993-07-12,9.18,11.15,9.11,10.85
1993-07-13,9.18,11.81,10.27,11.02
1993-07-14,9.18,11.67,10.04,10.78
1993-07-15,10.94,10.95,10.45,10.6
1993-07-16,10.66,11.17,10.05,10.96
1993-07-19,11.44,11.74,11.09,11.46
1993-07-20,11.1,12.12,10.95,11.05
1993-07-21,12.05,12.28,11.91,11.97
1993-07-22,11.94,11.94,11.11,11.69
1993-07-23,11.15,11.78,10.86,11.32
1993-07-26,11.65,11.77,11.22,11.32
1993-07-27,11.87,12.22,11.31,11.34
1993-07-28,11.87,11.87,10.64,11.37
1993-07-29,11.54,11.85,11.15,11.25
1993-07-30,11.54,12.06,10.34,11.73
1993-08-02,11.81,12.06,11.43,11.47
1993-08-03,10.95,12.3,10.8,11.49
1993-08-04,10.92,12.23,10.81,11.71
1993-08-05,11.94,12.63,11.66,12.03
1993-08-06,12.18,13.18,12.01,12.33
1993-08-09,12.15,13.14,11.91,12.39
1993-08-10,11.97,13.1,11.9,12.31
1993-08-11,12.36,12.72,12.04,12.07
1993-08-12,12.22,13.17,12.15,12.38
1993-08-13,12.8,13.25,12.17,12.19
1993-08-16,12.37,12.44,11.77,12.01
1993-08-17,11.78,12.71,11.52,11.59
1993-08-18,12.06,12.25,11.38,11.52
1993-08-19,12.07,12.07,11.38,11.63
1993-08-20,11.29,12.11,11.24,11.62
1993-08-23,12.36,12.47,12.11,12.15
1993-08-24,11.94,12.66,11.7,11.8
1993-08-25,11.78,12.68,11.73,12.1
1993-08-26,11.85,12.77,11.54,12.14
1993-08-27,11.85,12.55,11.65,11.91
1993-08-30,11.34,12.28,11.23,11.74
1993-08-31,12.55,13.1,11.77,11.85
1993-09-01,11.3,12.22,11.3,11.48
1993-09-02,11.91,12.64,11.76,11.87
1993-09-03,11.56,11.73,10.75,11.16
1993-09-07,11.8,13.33,11.79,12.9
1993-09-08,12.26,13.89,12.24,13.24
1993-09-09,13.38,13.38,12.54,12.67
1993-09-10,12.16,12.16,11.29,11.7
1993-09-13,11.67,12.44,11.66,12.16
1993-09-14,13.49,13.83,12.67,13.15
1993-09-15,13.49,13.43,12.47,12.7
1993-09-16,13.49,13.78,12.73,13.36
1993-09-17,11.32,14.05,11.3,13.39
1993-09-20,13.66,14.73,13.42,14.6
1993-09-21,14.57,18.31,14.52,17.3
1993-09-22,14.78,14.81,13.73,13.75
1993-09-23,13.47,13.85,13.21,13.36
1993-09-24,12.58,12.78,12.35,12.47
1993-09-27,12.76,12.85,12.31,12.49
1993-09-28,11.91,12.86,11.84,12.19
1993-09-29,12.0,13.11,11.9,12.63
1993-09-30,13.08,13.23,12.54,12.99
1993-10-01,12.56,12.56,11.76,11.83
1993-10-04,13.27,13.6,12.75,12.85
1993-10-05,13.15,13.76,12.52,12.97
1993-10-06,13.07,13.13,12.38,12.68
1993-10-07,12.65,13.56,12.44,13.14
1993-10-08,12.65,13.42,11.6,12.04
1993-10-11,13.08,13.37,12.04,12.26
1993-10-12,14.64,14.79,12.01,12.41
1993-10-13,10.62,13.35,10.6,11.38
1993-10-14,12.35,12.4,11.0,11.0
1993-10-15,12.35,11.63,10.44,10.87
1993-10-18,12.27,12.27,11.18,11.33
1993-10-19,11.73,12.08,11.31,11.61
1993-10-20,11.2,11.68,11.2,11.32
1993-10-21,10.7,11.64,10.6,11.2
1993-10-22,10.75,11.75,10.75,11.48
1993-10-25,11.67,12.34,11.67,11.83
1993-10-26,10.04,12.2,10.0,11.83
1993-10-27,10.04,12.31,11.64,12.01
1993-10-28,11.95,12.1,11.72,11.88
1993-10-29,11.95,11.8,10.8,11.46
1993-11-01,12.02,12.19,11.77,11.78
1993-11-02,11.68,12.37,11.49,11.74
1993-11-03,11.72,13.87,11.53,13.26
1993-11-04,13.52,15.16,13.13,14.68
1993-11-05,14.57,16.46,14.56,14.97
1993-11-08,16.12,16.12,14.19,14.31
1993-11-09,13.92,14.36,13.16,13.94
1993-11-10,13.18,14.34,12.99,13.72
1993-11-11,13.25,14.66,13.02,13.88
1993-11-12,14.47,14.61,12.99,13.33
1993-11-15,13.79,15.3,13.78,14.46
1993-11-16,15.03,15.73,14.97,15.11
1993-11-17,15.69,16.29,15.17,15.57
1993-11-18,15.44,15.62,14.56,14.65
1993-11-19,14.99,15.51,14.53,15.03
1993-11-22,16.2,16.45,15.77,15.9
1993-11-23,16.2,14.86,13.86,14.27
1993-11-24,16.2,13.89,13.19,13.51
1993-11-26,13.3,14.53,13.29,13.77
1993-11-29,13.39,14.65,13.39,14.12
1993-11-30,13.39,14.63,13.48,13.76
1993-12-01,12.93,14.4,12.92,13.83
1993-12-02,14.22,14.22,13.51,13.51
1993-12-03,13.34,13.4,12.67,12.69
1993-12-06,14.5,14.53,12.78,12.84
1993-12-07,14.76,14.76,12.3,12.41
1993-12-08,14.2,14.24,12.46,12.46
1993-12-09,11.58,13.24,11.51,12.43
1993-12-10,12.62,12.69,12.15,12.6
1993-12-13,9.7,11.51,9.65,10.98
1993-12-14,10.71,11.23,10.64,11.13
1993-12-15,11.49,11.49,10.92,11.03
1993-12-16,11.15,11.18,10.59,10.9
1993-12-17,11.67,11.67,11.03,11.08
1993-12-20,11.11,11.47,10.73,10.75
1993-12-21,10.53,10.6,10.05,10.08
1993-12-22,10.03,10.03,9.28,9.31
1993-12-23,9.5,9.55,9.17,9.48
1993-12-27,9.5,9.79,8.89,9.7
1993-12-28,9.81,9.96,9.7,9.82
1993-12-29,10.11,10.84,10.03,10.46
1993-12-30,10.32,11.09,10.2,10.69
1993-12-31,10.59,11.66,10.52,11.66
1994-01-03,11.28,13.42,11.28,12.57
1994-01-04,12.87,12.87,11.81,11.91
1994-01-05,12.87,11.47,10.37,10.94
1994-01-06,11.47,11.74,10.34,11.27
1994-01-07,11.47,12.14,10.0,10.96
1994-01-10,10.64,11.3,10.28,10.74
1994-01-11,12.04,12.08,11.26,11.29
1994-01-12,12.21,12.41,11.56,11.65
1994-01-13,12.75,12.84,12.05,12.08
1994-01-14,11.14,11.22,11.0,11.15
1994-01-17,11.99,12.07,11.72,11.88
1994-01-18,11.7,11.72,11.31,11.63
1994-01-19,11.74,12.15,11.62,11.76
1994-01-20,11.81,11.83,11.16,11.16
1994-01-21,10.9,11.21,10.9,11.09
1994-01-24,11.59,11.93,11.23,11.6
1994-01-25,10.94,11.96,10.94,11.38
1994-01-26,11.76,11.87,11.07,11.17
1994-01-27,10.69,11.28,10.21,10.3
1994-01-28,9.86,10.31,9.59,9.94
1994-01-31,9.86,11.2,10.01,10.63
1994-02-01,10.81,11.21,10.51,10.65
1994-02-02,10.54,10.86,10.37,10.61
1994-02-03,10.63,11.26,10.63,10.75
1994-02-04,10.71,15.63,10.21,15.25
1994-02-07,10.71,15.37,13.86,13.96
1994-02-08,12.49,14.44,12.49,13.66
1994-02-09,12.91,13.89,12.75,13.3
1994-02-10,12.69,14.96,12.69,14.24
1994-02-11,15.18,15.18,14.2,14.46
1994-02-14,14.25,14.62,13.88,14.28
1994-02-15,14.15,14.15,13.4,13.4
1994-02-16,13.12,13.39,12.98,13.13
1994-02-17,12.75,14.33,12.59,13.79
1994-02-18,13.97,15.4,13.8,14.7
1994-02-22,14.95,15.17,13.52,13.52
1994-02-23,14.95,14.14,11.81,13.91
1994-02-24,15.54,16.31,14.78,15.96
1994-02-25,15.01,15.19,14.58,14.8
1994-02-28,15.01,15.21,13.86,14.87
1994-03-01,12.58,17.04,12.54,15.83
1994-03-02,17.82,17.94,16.08,16.08
1994-03-03,15.99,16.67,15.82,16.36
1994-03-04,15.65,16.63,15.63,16.0
1994-03-07,12.2,14.96,12.2,14.26
1994-03-08,12.2,16.39,16.07,16.23
1994-03-09,14.68,15.0,14.35,14.41
1994-03-10,14.68,16.93,16.08,16.55
1994-03-11,14.77,16.14,13.89,14.87
1994-03-14,14.77,17.48,16.52,16.61
1994-03-15,14.49,15.18,13.78,14.78
1994-03-16,15.35,15.89,14.49,14.51
1994-03-17,13.23,13.33,12.76,12.76
1994-03-18,13.74,13.74,13.2,13.32
1994-03-21,14.5,15.07,14.3,14.34
1994-03-22,13.94,13.97,12.75,13.39
1994-03-23,11.88,12.76,11.58,12.31
1994-03-24,12.22,14.14,12.22,13.43
1994-03-25,13.4,13.83,12.88,13.67
1994-03-28,15.69,16.24,14.9,14.9
1994-03-29,13.66,16.96,13.65,16.49
1994-03-30,17.11,18.84,17.11,18.59
1994-03-31,18.5,21.94,18.42,20.45
1994-04-04,18.5,28.3,23.61,23.87
1994-04-05,21.63,21.63,18.13,18.13
1994-04-06,16.84,18.34,16.8,17.38
1994-04-07,17.92,18.24,16.88,16.98
1994-04-08,16.5,17.58,16.42,16.92
1994-04-11,16.5,17.66,16.43,16.61
1994-04-12,16.5,17.45,16.24,16.42
1994-04-13,15.97,17.96,14.72,17.02
1994-04-14,17.13,17.26,16.15,16.27
1994-04-15,15.54,16.66,15.5,15.98
1994-04-18,16.08,17.88,15.98,17.22
1994-04-19,16.69,17.76,16.67,16.93
1994-04-20,16.8,18.14,16.48,17.01
1994-04-21,16.43,16.56,14.87,14.93
1994-04-22,14.16,15.4,14.07,14.94
1994-04-25,15.19,15.31,14.07,14.26
1994-04-26,14.19,14.8,13.78,13.8
1994-04-28,13.23,14.88,13.21,14.51
1994-04-29,13.05,14.34,13.05,13.77
1994-05-02,14.42,14.78,13.99,14.11
1994-05-03,13.03,14.45,13.03,13.81
1994-05-04,13.77,14.8,13.71,14.29
1994-05-05,13.62,15.34,13.62,14.56
1994-05-06,15.11,15.54,14.79,15.08
1994-05-09,16.4,16.65,15.86,16.16
1994-05-10,15.87,16.07,15.1,15.19
1994-05-11,14.93,16.28,14.75,15.55
1994-05-12,15.01,16.16,14.76,15.46
1994-05-13,15.55,16.11,14.48,14.54
1994-05-16,14.85,15.0,14.15,14.67
1994-05-17,14.67,15.22,14.08,14.08
1994-05-18,13.1,13.82,12.53,12.55
1994-05-19,12.09,12.46,11.44,12.33
1994-05-20,11.89,13.03,11.8,12.79
1994-05-23,13.26,13.94,13.24,13.49
1994-05-24,12.59,13.17,12.42,12.73
1994-05-25,13.01,13.47,12.39,12.43
1994-05-26,12.46,12.66,12.26,12.5
1994-05-27,12.84,13.01,12.42,12.49
1994-05-31,13.39,13.46,12.77,13.03
1994-06-01,13.16,13.47,12.54,12.72
1994-06-02,12.77,13.06,12.45,12.73
1994-06-03,13.28,13.36,12.1,12.19
1994-06-06,11.78,13.03,11.76,13.03
1994-06-07,13.35,14.12,13.04,13.05
1994-06-08,12.81,13.72,12.69,13.32
1994-06-09,13.27,13.28,13.1,13.21
1994-06-10,13.04,13.04,12.45,12.69
1994-06-13,12.34,12.61,11.66,11.92
1994-06-14,11.62,11.93,11.38,11.6
1994-06-15,11.36,12.39,11.21,11.52
1994-06-16,11.36,11.89,11.2,11.22
1994-06-17,10.52,12.33,10.48,12.31
1994-06-20,13.77,14.21,13.38,13.96
1994-06-21,13.7,14.99,13.6,14.7
1994-06-22,14.75,14.76,14.02,14.02
1994-06-23,13.31,14.28,13.29,14.12
1994-06-24,15.35,17.27,15.31,16.72
1994-06-27,17.36,17.71,15.51,15.53
1994-06-28,13.39,15.75,13.39,15.04
1994-06-29,14.63,14.75,14.26,14.42
1994-06-30,13.92,15.43,13.86,14.97
1994-07-01,14.89,15.26,14.36,14.36
1994-07-05,14.84,15.48,14.6,14.92
1994-07-06,15.12,15.63,14.44,14.7
1994-07-07,13.24,14.64,13.24,14.01
1994-07-08,14.88,14.88,12.85,13.26
1994-07-11,13.3,14.61,13.03,13.83
1994-07-12,13.9,14.16,13.04,13.4
1994-07-13,12.94,12.98,12.17,12.42
1994-07-14,12.69,12.88,11.39,11.64
1994-07-15,11.13,11.54,11.0,11.28
1994-07-18,11.49,11.68,11.16,11.44
1994-07-19,11.49,11.91,11.0,11.65
1994-07-20,11.51,12.13,11.5,11.7
1994-07-21,12.49,12.56,11.62,11.65
1994-07-22,10.96,11.89,10.96,11.22
1994-07-25,11.87,12.38,11.44,11.46
1994-07-26,11.78,12.02,11.65,11.66
1994-07-27,11.93,12.26,11.86,11.93
1994-07-28,11.99,12.15,11.69,12.03
1994-07-29,11.23,11.74,11.05,11.13
1994-08-01,11.71,11.76,11.13,11.17
1994-08-02,10.91,11.43,10.75,11.27
1994-08-03,11.42,11.61,11.15,11.35
1994-08-04,11.5,12.3,11.46,12.18
1994-08-05,12.85,12.98,12.33,12.34
1994-08-08,11.71,12.7,11.69,12.41
1994-08-09,11.12,13.32,11.12,12.54
1994-08-10,12.61,12.63,11.66,11.91
1994-08-11,11.55,12.89,11.27,12.13
1994-08-12,11.98,12.13,11.03,11.09
1994-08-15,11.92,12.73,11.65,12.06
1994-08-16,11.72,12.79,11.17,11.39
1994-08-17,11.17,11.62,11.16,11.54
1994-08-18,11.76,12.6,11.65,12.07
1994-08-19,12.71,13.34,12.44,12.83
1994-08-22,12.87,13.23,12.55,12.62
1994-08-23,11.78,11.85,11.14,11.75
1994-08-24,12.03,12.05,11.56,11.57
1994-08-25,11.62,12.27,11.52,12.02
1994-08-26,11.16,12.84,11.02,12.19
1994-08-29,12.81,12.81,11.66,11.82
1994-08-30,11.73,11.81,11.22,11.23
1994-08-31,11.18,12.43,11.18,11.97
1994-09-01,12.17,12.66,11.86,11.86
1994-09-02,11.21,11.73,11.17,11.4
1994-09-06,11.5,12.24,11.48,11.69
1994-09-07,11.83,12.49,11.6,11.81
1994-09-08,12.01,12.03,11.4,11.86
1994-09-09,11.62,13.56,11.62,13.12
1994-09-12,13.47,14.91,13.44,14.01
1994-09-13,12.96,14.59,12.96,13.77
1994-09-14,13.95,14.38,12.92,13.09
1994-09-15,11.87,13.0,11.43,11.88
1994-09-16,12.06,13.12,11.75,12.8
1994-09-19,12.89,13.26,12.71,13.06
1994-09-20,12.89,14.45,13.35,14.45
1994-09-21,13.65,16.08,13.63,14.49
1994-09-22,13.56,13.94,13.43,13.89
1994-09-23,13.79,14.87,13.79,14.53
1994-09-26,14.94,15.01,14.52,14.56
1994-09-27,14.9,15.13,14.13,14.13
1994-09-28,13.62,13.82,12.97,13.25
1994-09-29,13.55,14.4,13.23,13.97
1994-09-30,13.33,14.56,12.85,14.28
1994-10-03,15.69,16.4,15.42,15.44
1994-10-04,14.08,16.97,14.08,16.66
1994-10-05,16.26,16.72,15.0,15.92
1994-10-06,15.65,16.37,15.3,16.24
1994-10-07,15.31,15.73,14.85,14.92
1994-10-10,14.26,15.62,14.26,14.72
1994-10-11,13.93,14.16,13.4,13.55
1994-10-12,13.66,15.21,13.59,14.51
1994-10-13,12.75,14.97,12.75,14.9
1994-10-14,14.33,14.33,13.18,13.32
1994-10-17,14.25,15.31,14.13,14.76
1994-10-18,14.4,15.6,14.38,14.59
1994-10-19,13.91,15.33,13.87,15.13
1994-10-20,15.5,16.45,15.5,15.99
1994-10-21,16.14,16.46,15.81,15.91
1994-10-24,15.97,17.22,15.87,16.97
1994-10-25,17.18,17.18,16.11,16.13
1994-10-26,15.7,16.03,15.53,15.7
1994-10-27,15.2,15.9,15.2,15.67
1994-10-28,15.11,15.22,14.56,14.56
1994-10-31,14.73,15.17,14.2,14.56
1994-11-01,14.61,15.18,14.61,14.84
1994-11-02,15.28,15.47,14.41,15.34
1994-11-03,14.32,16.43,14.32,15.58
1994-11-04,14.99,16.87,14.87,16.75
1994-11-07,16.88,17.87,16.82,17.37
1994-11-08,15.57,16.92,15.54,16.3
1994-11-09,15.95,17.33,15.83,16.42
1994-11-10,16.11,16.74,15.67,16.0
1994-11-11,15.07,16.91,14.99,16.5
1994-11-14,16.96,16.99,16.68,16.68
1994-11-15,14.75,17.01,14.75,16.66
1994-11-16,15.73,16.03,15.56,15.56
1994-11-17,15.02,16.14,14.99,15.91
1994-11-18,15.77,16.27,15.61,16.0
1994-11-21,15.47,16.38,15.28,16.13
1994-11-22,16.57,17.39,16.02,17.24
1994-11-23,18.27,19.57,18.27,18.41
1994-11-25,17.64,18.51,17.23,17.44
1994-11-28,17.09,17.62,16.83,16.83
1994-11-29,16.01,16.76,15.65,16.15
1994-11-30,15.99,16.87,15.53,15.95
1994-12-01,15.49,17.04,15.42,16.69
1994-12-02,16.11,17.14,16.1,16.55
1994-12-05,15.88,17.03,15.69,16.1
1994-12-06,15.8,16.86,15.66,16.05
1994-12-07,16.61,17.64,16.17,16.28
1994-12-08,16.13,18.16,16.12,18.15
1994-12-09,17.0,17.22,16.01,16.04
1994-12-12,17.44,17.44,15.46,15.46
1994-12-13,15.04,15.17,14.33,14.48
1994-12-14,15.09,15.11,12.66,13.03
1994-12-15,13.79,13.79,12.67,12.87
1994-12-16,12.87,13.13,11.87,12.79
1994-12-19,12.87,13.67,13.02,13.02
1994-12-20,12.94,13.48,12.78,12.98
1994-12-21,12.9,12.94,11.91,12.05
1994-12-22,12.17,12.59,12.12,12.42
1994-12-23,11.96,12.04,11.74,11.82
1994-12-27,11.83,12.37,11.61,12.07
1994-12-28,11.4,13.21,11.36,12.81
1994-12-29,12.87,12.87,12.34,12.86
1994-12-30,12.48,13.48,12.34,13.2
1995-01-03,14.09,14.71,13.39,14.25
1995-01-04,13.87,14.15,13.53,13.53
1995-01-05,13.7,14.19,13.37,13.5
1995-01-06,13.67,13.76,12.79,13.13
1995-01-09,13.53,14.08,13.21,13.33
1995-01-10,12.49,13.25,11.97,12.52
1995-01-11,12.03,13.13,11.95,12.15
1995-01-12,12.74,13.56,12.64,12.83
1995-01-13,11.46,11.86,11.02,11.1
1995-01-16,11.45,11.53,11.06,11.14
1995-01-17,12.45,12.48,11.61,11.79
1995-01-18,11.24,11.9,11.21,11.57
1995-01-19,12.08,12.34,11.52,11.86
1995-01-20,12.08,12.48,12.0,12.15
1995-01-23,13.89,13.89,12.78,12.79
1995-01-24,12.13,12.51,11.84,11.94
1995-01-25,11.94,12.26,11.17,11.46
1995-01-26,10.9,11.52,10.89,11.25
1995-01-27,10.77,11.41,10.76,11.25
1995-01-30,11.63,12.67,11.43,12.26
1995-01-31,12.12,12.25,11.77,11.96
1995-02-01,11.74,11.95,11.53,11.73
1995-02-02,11.59,11.63,11.09,11.13
1995-02-03,10.56,11.47,10.51,10.98
1995-02-06,11.24,11.67,10.94,11.22
1995-02-07,11.01,11.41,11.0,11.17
1995-02-08,11.29,11.49,11.03,11.42
1995-02-09,11.42,11.98,11.23,11.63
1995-02-10,11.5,11.71,11.16,11.28
1995-02-13,11.74,11.77,11.29,11.41
1995-02-14,11.35,11.78,11.32,11.43
1995-02-15,11.49,11.74,11.28,11.52
1995-02-16,11.62,11.99,11.55,11.61
1995-02-17,11.44,12.06,11.29,11.71
1995-02-21,11.44,12.52,12.05,12.05
1995-02-22,11.03,11.76,11.03,11.39
1995-02-23,10.8,11.35,10.77,11.15
1995-02-24,10.95,11.32,10.78,10.84
1995-02-27,10.93,13.01,10.89,12.51
1995-02-28,12.33,12.39,11.73,11.75
1995-03-01,11.49,11.93,11.36,11.65
1995-03-02,11.66,12.02,11.46,12.02
1995-03-03,11.48,11.91,11.4,11.45
1995-03-06,12.19,12.65,11.84,12.17
1995-03-07,12.39,14.77,12.33,14.22
1995-03-08,13.21,14.27,13.21,13.72
1995-03-09,13.09,13.98,12.89,13.36
1995-03-10,13.27,13.27,11.7,12.38
1995-03-13,12.11,12.46,11.99,12.15
1995-03-14,11.68,12.61,11.4,12.1
1995-03-15,12.27,12.68,12.19,12.42
1995-03-16,12.27,12.38,11.78,11.95
1995-03-17,12.05,12.13,11.6,11.8
1995-03-20,11.88,11.9,11.34,11.34
1995-03-21,11.35,11.83,10.79,11.53
1995-03-22,11.36,11.72,11.27,11.29
1995-03-23,11.39,11.75,11.25,11.43
1995-03-24,11.23,11.24,10.98,11.19
1995-03-27,11.97,12.11,11.78,11.83
1995-03-28,11.51,11.65,11.29,11.33
1995-03-29,11.68,12.93,11.62,12.51
1995-03-30,12.59,13.03,12.3,12.62
1995-03-31,13.6,13.79,12.95,13.37
1995-04-03,12.52,14.09,12.42,13.5
1995-04-04,12.24,12.95,11.76,12.62
1995-04-05,12.98,13.34,12.73,12.96
1995-04-06,11.72,13.22,11.65,12.81
1995-04-07,13.14,13.66,12.72,12.85
1995-04-10,13.3,13.42,12.62,12.79
1995-04-11,12.59,13.6,11.64,12.73
1995-04-12,12.29,12.84,11.8,12.04
1995-04-13,11.22,11.87,11.1,11.48
1995-04-17,11.49,12.89,11.26,12.33
1995-04-18,12.21,13.07,12.16,12.96
1995-04-19,13.11,14.48,13.09,13.09
1995-04-20,12.16,12.94,12.09,12.1
1995-04-21,11.21,12.26,10.95,11.86
1995-04-24,11.78,12.09,11.55,11.92
1995-04-25,11.93,12.53,11.93,12.41
1995-04-26,12.78,12.84,12.25,12.28
1995-04-27,11.81,12.15,11.71,11.93
1995-04-28,11.54,12.37,11.51,11.75
1995-05-01,11.21,12.68,11.12,12.14
1995-05-02,12.18,12.33,11.78,11.88
1995-05-03,11.8,11.82,11.44,11.69
1995-05-04,11.46,13.46,11.4,12.64
1995-05-05,11.91,12.66,11.82,12.06
1995-05-08,11.37,12.37,11.29,12.22
1995-05-09,12.26,13.01,12.17,12.75
1995-05-10,12.94,13.44,12.81,13.08
1995-05-11,13.29,13.59,12.87,12.98
1995-05-12,11.2,12.61,11.18,11.84
1995-05-15,12.09,12.64,11.78,12.38
1995-05-16,12.13,12.65,12.03,12.2
1995-05-17,12.28,12.65,12.11,12.36
1995-05-18,11.89,13.49,11.89,13.13
1995-05-19,12.73,13.6,12.6,12.81
1995-05-22,12.22,12.27,11.49,11.68
1995-05-23,11.14,11.74,11.05,11.55
1995-05-24,10.29,11.85,10.08,11.26
1995-05-25,11.76,11.99,11.31,11.63
1995-05-26,11.63,12.56,11.63,12.2
1995-05-30,12.13,12.97,12.1,12.52
1995-05-31,12.49,12.96,12.05,12.85
1995-06-01,12.16,12.85,12.12,12.21
1995-06-02,12.77,13.31,12.41,12.98
1995-06-05,13.5,14.05,13.27,13.45
1995-06-06,12.96,13.63,12.91,13.0
1995-06-07,13.22,13.99,12.78,12.84
1995-06-08,13.01,13.03,12.63,12.89
1995-06-09,12.62,13.45,12.36,12.76
1995-06-12,12.0,12.72,11.71,11.91
1995-06-13,11.35,12.0,11.05,11.29
1995-06-14,12.16,12.19,11.01,11.29
1995-06-15,11.72,12.05,10.95,11.23
1995-06-16,10.36,10.95,10.36,10.75
1995-06-19,10.6,11.35,10.6,11.21
1995-06-20,11.26,11.47,11.1,11.16
1995-06-21,11.52,11.6,11.19,11.32
1995-06-22,10.92,11.73,10.88,11.44
1995-06-23,11.43,11.51,10.97,11.12
1995-06-26,10.98,12.12,10.98,11.8
1995-06-27,11.85,12.57,11.66,12.37
1995-06-28,12.3,12.41,11.61,11.74
1995-06-29,11.59,12.19,11.47,11.59
1995-06-30,11.07,11.51,10.75,11.38
1995-07-03,11.36,12.55,11.23,11.57
1995-07-05,11.86,12.39,11.19,12.1
1995-07-06,12.35,12.39,11.43,11.52
1995-07-07,11.76,12.11,11.72,11.77
1995-07-10,11.19,12.87,10.93,12.19
1995-07-11,11.97,13.06,11.87,12.25
1995-07-12,12.25,12.75,12.07,12.31
1995-07-13,11.13,13.3,10.92,12.56
1995-07-14,12.73,12.96,11.99,12.08
1995-07-17,12.35,12.69,12.22,12.26
1995-07-18,12.55,13.05,12.45,12.68
1995-07-19,13.48,15.26,12.99,13.49
1995-07-20,13.46,13.8,12.77,12.78
1995-07-21,11.94,13.27,11.73,12.37
1995-07-24,12.64,12.77,12.39,12.55
1995-07-25,12.73,13.05,12.54,12.77
1995-07-26,12.85,13.67,12.85,13.18
1995-07-27,13.34,13.35,13.02,13.18
1995-07-28,13.05,13.82,13.03,13.18
1995-07-31,13.22,13.87,13.22,13.49
1995-08-01,13.44,14.15,13.39,13.56
1995-08-02,13.28,13.98,13.09,13.66
1995-08-03,14.46,14.49,13.76,13.78
1995-08-04,12.9,13.81,12.83,13.21
1995-08-07,13.62,13.99,13.06,13.1
1995-08-08,13.25,13.31,13.06,13.06
1995-08-09,12.78,13.02,12.6,12.75
1995-08-10,12.87,13.35,12.57,13.0
1995-08-11,12.45,13.34,12.45,12.9
1995-08-14,12.69,14.35,12.67,13.24
1995-08-15,12.31,12.76,12.27,12.35
1995-08-16,11.6,12.59,11.47,12.45
1995-08-17,12.17,12.83,12.09,12.13
1995-08-18,11.47,12.27,11.36,12.03
1995-08-21,12.08,13.78,11.89,13.42
1995-08-22,12.54,12.98,12.43,12.6
1995-08-23,11.82,13.37,11.8,13.17
1995-08-24,13.31,13.52,12.86,12.94
1995-08-25,12.23,12.69,12.11,12.33
1995-08-28,12.15,13.2,12.05,12.48
1995-08-29,11.68,13.8,11.63,12.65
1995-08-30,11.77,12.42,11.74,12.03
1995-08-31,11.61,11.95,11.36,11.52
1995-09-01,11.15,11.68,10.83,11.29
1995-09-05,11.44,12.03,11.28,11.65
1995-09-06,10.31,12.08,10.19,11.65
1995-09-07,10.65,12.53,10.65,11.85
1995-09-08,11.01,11.94,10.49,11.16
1995-09-11,11.79,12.09,11.31,11.51
1995-09-12,11.67,12.15,11.32,11.46
1995-09-13,11.66,12.0,11.18,11.35
1995-09-14,11.29,11.93,10.87,11.1
1995-09-15,11.13,11.84,11.0,11.58
1995-09-18,12.38,12.72,12.3,12.34
1995-09-19,12.5,13.31,12.4,12.67
1995-09-20,12.75,12.81,12.35,12.35
1995-09-21,11.95,13.18,11.89,12.5
1995-09-22,12.79,12.94,12.37,12.46
1995-09-25,12.33,13.43,12.31,13.22
1995-09-26,12.21,13.23,12.08,12.9
1995-09-27,12.73,13.95,12.48,12.9
1995-09-28,11.72,12.87,11.67,12.46
1995-09-29,12.2,13.25,12.09,12.74
1995-10-02,12.4,14.37,12.29,13.95
1995-10-03,14.52,14.94,14.26,14.5
1995-10-04,13.31,15.42,13.31,14.86
1995-10-05,14.15,16.29,14.12,15.74
1995-10-06,13.45,14.71,13.45,13.98
1995-10-09,14.61,15.52,14.58,14.85
1995-10-10,14.61,16.47,14.97,14.97
1995-10-11,14.74,14.82,14.43,14.57
1995-10-12,14.34,14.64,13.66,14.24
1995-10-13,13.95,14.39,13.49,13.67
1995-10-16,15.04,15.35,14.57,14.62
1995-10-17,14.63,14.86,14.03,14.03
1995-10-18,12.57,14.56,12.55,14.05
1995-10-19,14.38,14.38,13.48,13.55
1995-10-20,13.46,13.77,13.13,13.46
1995-10-23,14.63,14.7,14.03,14.17
1995-10-24,14.01,14.33,13.85,13.85
1995-10-25,13.41,14.72,13.39,14.49
1995-10-26,14.47,16.99,14.41,15.59
1995-10-27,15.79,15.9,14.63,14.63
1995-10-30,14.48,14.8,14.25,14.26
1995-10-31,13.9,14.08,13.43,13.83
1995-11-01,13.98,13.98,13.39,13.41
1995-11-02,13.37,13.64,13.09,13.19
1995-11-03,12.12,13.08,12.12,12.26
1995-11-06,13.09,13.45,12.66,12.74
1995-11-07,12.92,13.99,12.78,13.05
1995-11-08,12.85,13.03,12.11,12.16
1995-11-09,12.35,13.19,12.31,12.46
1995-11-10,12.62,13.45,12.61,12.97
1995-11-13,13.52,14.1,13.01,13.2
1995-11-14,13.77,13.97,13.14,13.38
1995-11-15,13.44,13.9,12.94,12.95
1995-11-16,12.88,13.01,12.47,12.57
1995-11-17,12.61,12.8,12.35,12.49
1995-11-20,12.75,13.27,12.17,12.37
1995-11-21,11.89,12.34,11.73,11.74
1995-11-22,11.91,11.96,11.61,11.81
1995-11-24,11.91,12.8,11.81,11.87
1995-11-27,10.57,12.7,10.57,12.43
1995-11-28,11.94,12.26,11.52,11.57
1995-11-29,11.0,11.96,10.93,11.65
1995-11-30,10.9,11.92,10.9,11.58
1995-12-01,11.12,11.64,11.04,11.11
1995-12-04,11.12,11.35,10.06,10.66
1995-12-05,11.12,11.98,10.47,11.65
1995-12-06,10.84,13.17,10.82,12.7
1995-12-07,12.5,13.18,12.14,12.74
1995-12-08,12.5,12.67,10.15,11.12
1995-12-11,12.14,12.21,10.88,11.06
1995-12-12,10.38,11.34,10.07,10.63
1995-12-13,11.51,11.51,10.15,10.36
1995-12-14,10.67,11.44,10.27,11.07
1995-12-15,11.22,12.22,11.12,11.44
1995-12-18,11.22,14.86,11.02,14.55
1995-12-19,15.42,15.42,13.11,13.16
1995-12-20,11.84,12.34,11.11,12.2
1995-12-21,13.01,13.01,10.65,10.77
1995-12-22,11.29,11.58,10.97,11.51
1995-12-26,11.72,11.87,11.48,11.49
1995-12-27,11.24,12.65,11.19,11.98
1995-12-28,11.91,12.37,11.9,12.25
1995-12-29,12.59,13.14,12.31,12.52
1996-01-02,13.39,13.39,12.19,12.19
1996-01-03,11.53,12.29,11.45,12.1
1996-01-04,11.24,14.23,11.23,13.78
1996-01-05,14.02,14.74,13.55,13.58
1996-01-08,14.02,13.22,12.44,13.11
1996-01-09,13.04,15.48,13.04,15.21
1996-01-10,16.55,16.87,15.65,16.4
1996-01-11,15.76,16.1,14.62,14.69
1996-01-12,14.28,15.0,14.15,14.23
1996-01-15,14.12,15.13,14.03,14.99
1996-01-16,14.62,15.33,14.09,14.09
1996-01-17,14.0,14.31,13.55,14.25
1996-01-18,13.72,14.36,13.54,13.58
1996-01-19,13.55,13.57,12.59,12.7
1996-01-22,12.88,13.53,12.52,13.34
1996-01-23,13.56,13.67,13.32,13.56
1996-01-24,12.92,12.99,12.5,12.54
1996-01-25,12.31,12.99,12.28,12.94
1996-01-26,12.64,12.65,11.91,12.0
1996-01-29,12.07,12.34,12.05,12.19
1996-01-30,11.45,12.42,11.39,12.42
1996-01-31,12.37,13.04,12.35,12.53
1996-02-01,11.44,12.87,11.11,12.65
1996-02-02,12.51,13.48,12.42,13.23
1996-02-05,13.79,14.04,13.37,13.46
1996-02-06,13.99,14.68,13.51,14.59
1996-02-07,14.29,14.77,14.04,14.11
1996-02-08,13.96,14.11,13.43,13.89
1996-02-09,14.27,15.4,14.17,14.63
1996-02-12,14.53,14.99,14.43,14.69
1996-02-13,14.53,15.42,14.61,14.94
1996-02-14,15.02,15.6,14.68,15.59
1996-02-15,15.7,16.31,15.64,16.13
1996-02-16,14.93,16.35,14.93,15.37
1996-02-20,16.23,17.18,16.17,16.8
1996-02-21,15.53,15.56,14.47,14.47
1996-02-22,14.14,14.57,14.0,14.56
1996-02-23,14.93,15.81,14.64,14.78
1996-02-26,15.47,16.39,15.44,16.38
1996-02-27,16.51,17.03,16.45,16.63
1996-02-28,15.51,16.84,15.36,16.72
1996-02-29,16.88,17.39,16.37,17.04
1996-03-01,17.13,17.92,16.67,16.72
1996-03-04,16.78,17.03,16.2,16.67
1996-03-05,16.64,16.68,16.1,16.1
1996-03-06,16.03,16.58,16.03,16.56
1996-03-07,16.85,17.1,16.41,16.49
1996-03-08,18.86,21.36,17.5,20.7
1996-03-11,17.34,21.26,17.29,19.4
1996-03-12,18.37,19.81,18.22,19.09
1996-03-13,18.52,18.87,18.02,18.13
1996-03-14,17.79,18.2,16.93,16.93
1996-03-15,15.15,17.1,14.98,16.54
1996-03-18,16.5,17.39,16.49,17.31
1996-03-19,16.93,18.42,16.81,18.35
1996-03-20,18.3,19.45,18.28,18.66
1996-03-21,18.36,18.36,17.58,17.74
1996-03-22,17.41,17.42,16.93,17.05
1996-03-25,17.13,17.98,17.12,17.84
1996-03-26,18.23,18.26,17.66,17.8
1996-03-27,17.31,18.3,17.31,17.89
1996-03-28,17.8,18.32,17.68,18.16
1996-03-29,18.25,18.88,18.03,18.88
1996-04-01,18.42,18.71,17.88,17.9
1996-04-02,16.98,17.34,16.27,16.45
1996-04-03,16.36,16.56,16.16,16.33
1996-04-04,16.15,16.2,15.89,16.18
1996-04-08,16.15,20.78,18.15,18.72
1996-04-09,16.96,17.42,16.96,17.32
1996-04-10,17.79,20.46,17.52,20.22
1996-04-11,19.41,21.09,19.23,19.65
1996-04-12,18.69,18.73,17.31,17.38
1996-04-15,17.54,17.54,16.82,16.83
1996-04-16,16.51,16.56,16.21,16.45
1996-04-17,16.5,17.3,16.36,17.07
1996-04-18,16.69,17.06,16.24,16.41
1996-04-19,14.56,15.4,14.3,15.12
1996-04-22,14.76,15.7,14.76,15.38
1996-04-23,14.95,15.46,14.89,15.01
1996-04-24,14.01,15.13,13.99,14.91
1996-04-25,14.69,15.35,14.59,14.72
1996-04-26,14.56,14.93,14.46,14.75
1996-04-29,15.54,15.67,15.35,15.45
1996-04-30,15.75,16.01,15.71,15.83
1996-05-01,15.89,16.87,15.75,16.07
1996-05-02,16.75,18.96,16.72,18.62
1996-05-03,16.61,17.39,15.56,16.7
1996-05-06,16.89,17.87,16.72,16.92
1996-05-07,16.62,17.24,16.52,16.87
1996-05-08,17.2,18.69,15.78,15.78
1996-05-09,15.48,17.05,15.38,16.99
1996-05-10,16.2,16.32,15.3,15.61
1996-05-13,16.26,16.26,14.88,15.16
1996-05-14,15.01,15.18,14.66,14.9
1996-05-15,14.57,15.83,14.57,15.59
1996-05-16,16.01,16.01,15.53,15.71
1996-05-17,14.74,15.2,14.56,15.13
1996-05-20,15.05,16.36,14.89,15.8
1996-05-21,15.66,16.37,15.59,16.0
1996-05-22,16.0,16.1,15.46,15.5
1996-05-23,15.79,16.41,15.73,16.17
1996-05-24,15.58,15.76,15.44,15.54
1996-05-28,16.1,16.97,16.04,16.92
1996-05-29,16.97,17.75,16.75,17.15
1996-05-30,17.06,17.14,16.01,16.02
1996-05-31,15.74,16.29,15.5,16.07
1996-06-03,16.8,17.03,16.58,16.86
1996-06-04,16.35,16.39,16.12,16.18
1996-06-05,16.04,16.45,15.93,16.04
1996-06-06,16.34,16.86,16.33,16.84
1996-06-07,17.67,17.69,16.1,16.1
1996-06-10,16.57,17.16,16.55,16.78
1996-06-11,16.38,16.82,16.0,16.68
1996-06-12,16.47,17.2,16.35,17.0
1996-06-13,16.82,17.67,16.8,17.12
1996-06-14,17.1,18.88,16.7,18.64
1996-06-17,17.27,17.9,17.11,17.46
1996-06-18,16.69,17.47,16.64,17.45
1996-06-19,17.55,17.71,17.18,17.54
1996-06-20,17.08,17.31,16.73,16.97
1996-06-21,14.9,16.12,14.53,15.8
1996-06-24,16.08,16.38,15.75,15.91
1996-06-25,15.5,15.85,15.39,15.43
1996-06-26,15.07,15.57,14.95,15.23
1996-06-27,15.08,15.1,14.15,14.19
1996-06-28,13.92,13.92,13.55,13.68
1996-07-01,13.83,14.08,13.75,13.78
1996-07-02,13.93,14.45,13.92,14.19
1996-07-03,13.88,14.66,13.8,14.21
1996-07-05,16.25,16.84,14.92,16.09
1996-07-08,16.68,16.83,15.93,16.42
1996-07-09,16.02,16.02,15.43,15.49
1996-07-10,16.06,16.47,15.51,15.51
1996-07-11,15.81,19.2,15.76,17.81
1996-07-12,16.99,17.5,16.79,17.09
1996-07-15,17.14,20.11,17.13,20.11
1996-07-16,20.28,27.05,19.48,20.1
1996-07-17,19.38,20.34,19.12,19.22
1996-07-18,18.78,19.57,17.92,17.93
1996-07-19,16.74,17.86,16.73,17.26
1996-07-22,19.3,21.31,19.3,20.41
1996-07-23,19.3,21.8,19.28,21.55
1996-07-24,23.9,24.19,21.43,21.44
1996-07-25,19.59,19.69,18.61,19.39
1996-07-26,18.69,18.8,17.35,17.45
1996-07-29,18.56,20.51,18.44,20.09
1996-07-30,19.83,21.57,19.83,20.53
1996-07-31,19.88,20.2,19.27,19.46
1996-08-01,19.39,19.39,18.23,18.76
1996-08-02,16.38,17.49,16.16,16.19
1996-08-05,17.12,17.54,16.84,17.36
1996-08-06,17.75,17.88,16.93,16.93
1996-08-07,16.88,17.17,16.22,16.24
1996-08-08,16.28,16.58,15.97,16.04
1996-08-09,16.01,16.53,15.25,15.77
1996-08-12,16.14,16.5,15.45,15.57
1996-08-13,16.29,17.0,15.71,16.41
1996-08-14,16.53,16.61,15.84,15.96
1996-08-15,16.09,16.09,15.29,15.46
1996-08-16,15.0,15.73,14.57,14.81
1996-08-19,15.27,15.49,15.22,15.27
1996-08-20,15.19,15.54,14.73,14.73
1996-08-21,14.91,15.1,14.51,14.52
1996-08-22,13.9,13.91,13.22,13.71
1996-08-23,13.71,15.08,13.67,14.18
1996-08-26,14.74,15.66,14.7,15.38
1996-08-27,14.57,15.62,14.54,15.11
1996-08-28,14.88,15.98,14.84,15.1
1996-08-29,15.43,16.69,15.43,16.22
1996-08-30,16.09,17.25,16.09,17.01
1996-09-03,19.78,19.78,18.27,18.47
1996-09-04,18.61,19.07,18.55,18.64
1996-09-05,19.07,20.53,18.96,20.51
1996-09-06,18.15,18.19,16.84,17.1
1996-09-09,17.1,17.13,16.29,16.36
1996-09-10,16.42,16.8,16.25,16.25
1996-09-11,16.56,16.56,15.91,16.06
1996-09-12,15.36,16.09,15.36,15.97
1996-09-13,15.51,15.89,15.15,15.2
1996-09-16,15.4,15.96,15.24,15.43
1996-09-17,15.86,16.22,15.56,15.74
1996-09-18,16.27,16.46,15.76,15.86
1996-09-19,16.09,16.49,15.93,16.03
1996-09-20,14.57,16.18,14.55,15.65
1996-09-23,16.33,16.74,16.32,16.46
1996-09-24,16.55,16.9,16.13,16.45
1996-09-25,15.86,16.33,15.82,16.22
1996-09-26,16.13,16.51,15.7,16.11
1996-09-27,16.57,16.66,16.04,16.1
1996-09-30,16.33,17.08,16.21,16.95
1996-10-01,16.9,17.52,16.8,17.05
1996-10-02,16.92,17.12,16.69,16.78
1996-10-03,16.73,16.98,16.48,16.77
1996-10-04,15.46,15.46,14.78,14.8
1996-10-07,15.06,15.51,14.96,15.11
1996-10-08,15.35,15.63,15.02,15.58
1996-10-09,15.66,16.3,15.62,16.09
1996-10-10,16.33,16.35,15.92,16.26
1996-10-11,15.5,15.57,14.96,15.07
1996-10-14,14.77,15.38,14.63,15.13
1996-10-15,14.82,16.77,14.82,15.83
1996-10-16,15.82,16.07,15.59,15.6
1996-10-17,15.25,15.46,14.99,15.41
1996-10-18,15.52,15.55,15.02,15.08
1996-10-21,15.53,16.23,15.25,15.98
1996-10-22,16.29,16.79,16.24,16.4
1996-10-23,16.66,17.16,16.2,16.45
1996-10-24,16.17,17.0,16.17,16.89
1996-10-25,17.09,17.62,16.84,17.29
1996-10-28,17.27,18.36,17.13,18.34
1996-10-29,18.44,18.84,18.09,18.28
1996-10-30,18.17,19.21,18.17,18.48
1996-10-31,18.14,18.33,17.82,18.11
1996-11-01,17.29,18.3,17.26,17.89
1996-11-04,18.33,18.61,18.03,18.04
1996-11-05,17.32,17.67,16.97,17.65
1996-11-06,16.74,17.33,16.05,16.97
1996-11-07,16.84,17.52,16.66,17.21
1996-11-08,16.52,16.55,15.62,15.78
1996-11-11,14.73,14.73,13.88,14.04
1996-11-12,15.89,16.14,15.22,15.36
1996-11-13,14.94,15.41,14.7,14.89
1996-11-14,14.62,14.62,13.63,13.79
1996-11-15,13.61,14.88,13.45,14.36
1996-11-18,14.71,15.48,14.71,15.12
1996-11-19,15.04,15.61,14.96,15.23
1996-11-20,15.39,16.1,15.23,15.94
1996-11-21,16.08,16.53,15.77,15.77
1996-11-22,15.06,15.24,14.68,14.92
1996-11-25,15.47,16.03,15.17,15.91
1996-11-26,16.67,17.67,16.55,16.97
1996-11-27,17.0,17.22,16.86,16.96
1996-11-29,16.76,18.26,16.68,17.14
1996-12-02,18.66,18.73,17.93,17.93
1996-12-03,17.7,18.82,17.59,18.68
1996-12-04,18.76,18.92,17.91,17.93
1996-12-05,17.59,18.52,17.38,18.14
1996-12-06,20.36,21.88,18.44,18.82
1996-12-09,18.5,18.52,17.75,17.75
1996-12-10,17.36,17.91,17.19,17.88
1996-12-11,18.61,20.43,18.61,19.68
1996-12-12,18.69,20.45,18.66,20.45
1996-12-13,20.85,21.32,19.81,21.09
1996-12-16,21.04,22.04,20.73,21.99
1996-12-17,21.99,22.13,20.4,20.77
1996-12-18,20.07,20.08,18.94,19.42
1996-12-19,18.94,18.97,18.46,18.77
1996-12-20,16.84,19.72,16.83,18.85
1996-12-23,19.27,19.67,18.99,19.5
1996-12-24,19.22,19.22,18.68,18.68
1996-12-26,18.33,18.71,18.19,18.59
1996-12-27,18.67,19.13,18.67,19.13
1996-12-30,19.7,19.72,19.23,19.51
1996-12-31,19.86,20.92,19.8,20.92
1997-01-02,21.54,22.8,21.1,21.14
1997-01-03,19.82,19.92,19.04,19.13
1997-01-06,19.84,20.44,19.42,19.89
1997-01-07,20.46,20.71,19.31,19.35
1997-01-08,18.6,20.53,18.6,20.24
1997-01-09,19.99,21.1,19.87,20.91
1997-01-10,20.75,20.82,19.51,19.63
1997-01-13,19.47,20.23,19.28,19.84
1997-01-14,20.1,20.1,18.83,19.27
1997-01-15,19.39,19.74,19.14,19.4
1997-01-16,19.59,20.07,19.22,19.61
1997-01-17,19.78,19.82,18.6,18.63
1997-01-20,19.18,19.18,18.41,18.6
1997-01-21,18.69,18.7,17.8,17.81
1997-01-22,18.02,18.02,17.07,17.09
1997-01-23,16.67,18.59,16.36,18.47
1997-01-24,18.45,20.07,18.35,19.33
1997-01-27,20.17,20.52,19.76,20.16
1997-01-28,19.96,21.06,19.41,20.74
1997-01-29,20.6,20.69,20.22,20.23
1997-01-30,19.81,20.08,19.47,19.47
1997-02-03,19.89,20.07,19.56,19.58
1997-02-04,19.59,19.69,19.43,19.43
1997-02-05,19.55,21.39,19.5,21.06
1997-02-06,20.58,20.68,20.04,20.16
1997-02-07,18.82,19.88,18.71,18.9
1997-02-10,19.65,21.13,19.65,20.65
1997-02-11,20.31,20.72,19.97,19.97
1997-02-12,19.57,19.89,19.42,19.48
1997-02-13,19.3,19.73,19.1,19.23
1997-02-14,19.21,19.36,19.0,19.18
1997-02-18,19.76,20.06,19.65,19.7
1997-02-19,19.94,20.65,19.82,20.61
1997-02-20,20.93,21.54,20.69,21.41
1997-02-21,21.29,21.41,20.49,20.55
1997-02-24,20.94,20.96,19.84,19.84
1997-02-25,20.11,20.2,19.9,19.98
1997-02-26,19.4,21.25,19.4,20.74
1997-02-27,20.43,21.32,20.41,21.08
1997-02-28,21.55,21.55,20.76,21.1
1997-03-03,21.89,21.89,20.88,20.89
1997-03-04,20.75,20.83,20.27,20.62
1997-03-05,20.01,20.08,19.41,19.49
1997-03-06,19.48,20.51,19.47,20.48
1997-03-07,19.52,19.55,19.21,19.32
1997-03-10,20.14,20.14,18.98,19.0
1997-03-11,19.24,19.46,19.14,19.25
1997-03-12,18.72,19.81,18.71,19.61
1997-03-13,19.32,20.49,19.24,19.79
1997-03-14,19.86,19.95,19.58,19.81
1997-03-17,21.18,21.91,20.92,20.95
1997-03-18,20.85,21.56,20.77,21.26
1997-03-19,21.68,21.95,21.29,21.74
1997-03-20,21.52,21.91,21.02,21.22
1997-03-21,17.54,20.67,17.44,19.69
1997-03-24,20.0,20.72,19.95,20.06
1997-03-25,19.75,19.94,19.14,19.26
1997-03-26,18.6,18.75,18.23,18.32
1997-03-27,17.38,20.79,17.3,20.5
1997-03-31,21.54,22.44,21.21,22.14
1997-04-01,22.85,23.04,20.67,20.84
1997-04-02,21.29,21.76,20.46,21.3
1997-04-03,21.24,21.49,20.62,21.19
1997-04-04,20.7,20.72,19.15,19.23
1997-04-07,19.24,19.27,18.35,18.51
1997-04-08,18.65,18.78,18.42,18.44
1997-04-09,18.09,18.9,18.06,18.56
1997-04-10,18.62,19.02,18.62,19.01
1997-04-11,19.51,20.02,19.27,19.76
1997-04-14,19.82,20.13,19.09,19.09
1997-04-15,19.02,19.02,18.0,18.25
1997-04-16,18.43,18.51,17.57,17.64
1997-04-17,18.38,18.77,18.12,18.71
1997-04-18,18.14,19.14,18.13,18.75
1997-04-21,19.22,20.46,19.18,20.1
1997-04-22,19.88,20.0,19.06,19.52
1997-04-23,19.84,20.55,19.82,20.48
1997-04-24,20.26,20.99,20.15,20.83
1997-04-25,21.25,21.47,20.88,21.15
1997-04-28,22.21,22.26,21.04,21.34
1997-04-29,20.64,20.66,19.46,19.81
1997-04-30,20.0,20.29,19.2,20.06
1997-05-01,20.18,20.88,19.87,19.87
1997-05-02,18.88,18.88,17.28,17.51
1997-05-05,18.49,20.13,18.37,20.13
1997-05-06,21.37,22.26,20.83,20.85
1997-05-07,21.19,21.53,20.63,21.34
1997-05-08,21.4,21.48,20.35,21.26
1997-05-09,21.49,21.5,20.01,20.11
1997-05-12,20.44,20.85,20.07,20.25
1997-05-13,20.53,21.02,20.53,20.81
1997-05-14,20.48,21.32,20.48,21.09
1997-05-15,21.14,21.14,19.87,19.91
1997-05-16,18.73,21.82,18.58,21.57
1997-05-19,21.88,21.95,21.26,21.48
1997-05-20,21.49,21.72,19.13,19.26
1997-05-21,19.19,19.62,18.82,19.28
1997-05-22,19.01,19.24,18.68,18.77
1997-05-23,18.46,18.52,18.01,18.08
1997-05-27,19.26,19.92,19.12,19.36
1997-05-28,19.39,19.58,19.22,19.28
1997-05-29,19.1,19.77,18.82,19.02
1997-05-30,19.48,19.48,18.85,19.19
1997-06-02,21.08,21.19,20.76,20.85
1997-06-03,19.91,20.01,19.56,20.01
1997-06-04,19.99,20.39,19.88,20.1
1997-06-05,20.19,20.37,20.05,20.36
1997-06-06,19.44,19.48,18.92,18.94
1997-06-09,19.66,19.66,19.36,19.46
1997-06-10,19.28,19.28,18.79,19.04
1997-06-11,18.96,19.24,18.85,18.85
1997-06-12,18.7,18.94,18.2,18.51
1997-06-13,19.3,19.76,18.99,19.27
1997-06-16,19.77,20.21,19.73,19.77
1997-06-17,20.66,20.96,19.87,20.17
1997-06-18,20.38,20.66,20.26,20.45
1997-06-19,20.18,21.0,19.91,20.1
1997-06-20,20.24,20.36,19.8,20.2
1997-06-23,20.7,21.64,20.25,21.19
1997-06-24,20.73,21.58,20.5,20.74
1997-06-25,21.01,22.28,20.56,21.5
1997-06-26,21.75,22.13,21.4,21.82
1997-06-27,21.26,21.35,20.86,21.22
1997-06-30,21.47,21.91,21.34,21.53
1997-07-01,21.54,21.54,20.92,21.0
1997-07-02,20.74,20.74,19.64,19.7
1997-07-03,18.46,18.64,17.82,17.82
1997-07-07,18.71,19.38,18.44,19.13
1997-07-08,19.08,19.22,18.76,18.76
1997-07-09,18.58,20.51,18.57,20.4
1997-07-10,19.89,20.29,19.62,19.92
1997-07-11,19.29,19.34,18.72,19.06
1997-07-14,19.02,19.84,18.93,19.58
1997-07-15,19.51,20.1,18.98,19.0
1997-07-16,19.8,19.84,19.15,19.36
1997-07-17,19.97,20.82,19.9,20.54
1997-07-18,21.01,23.05,21.01,22.28
1997-07-21,23.55,23.71,23.34,23.51
1997-07-22,23.11,23.17,21.76,21.77
1997-07-23,21.31,21.57,21.04,21.3
1997-07-24,21.57,22.1,20.91,20.96
1997-07-25,20.64,20.97,20.48,20.82
1997-07-28,20.57,22.14,20.57,21.84
1997-07-29,22.28,22.37,21.81,22.02
1997-07-30,21.95,22.06,21.34,21.39
1997-07-31,21.34,21.98,21.24,21.48
1997-08-01,21.29,22.97,21.29,22.29
1997-08-04,23.0,23.34,21.92,21.94
1997-08-05,21.78,21.78,20.64,20.64
1997-08-06,20.87,20.89,19.96,20.05
1997-08-07,19.54,19.98,19.33,19.77
1997-08-08,21.37,23.23,21.03,22.46
1997-08-11,22.86,23.58,22.59,22.77
1997-08-12,22.13,23.9,22.03,23.75
1997-08-13,23.58,25.47,23.52,24.52
1997-08-14,23.7,23.88,23.11,23.11
1997-08-15,23.2,25.05,22.91,24.45
1997-08-18,26.11,26.31,24.37,24.37
1997-08-19,23.31,23.31,22.61,22.64
1997-08-20,22.57,22.63,21.03,21.09
1997-08-21,21.35,24.08,21.33,23.83
1997-08-22,25.3,26.24,24.67,24.74
1997-08-25,24.46,24.46,23.63,24.1
1997-08-26,24.4,24.91,24.2,24.73
1997-08-27,25.06,25.38,24.18,24.26
1997-08-28,24.79,25.53,23.79,24.51
1997-08-29,24.52,25.06,24.41,24.76
1997-09-02,25.85,25.91,24.46,24.53
1997-09-03,24.41,24.96,24.41,24.95
1997-09-04,25.01,25.6,24.75,25.27
1997-09-05,24.17,24.86,23.95,24.31
1997-09-08,24.5,24.54,23.97,24.4
1997-09-09,24.76,24.77,23.53,23.89
1997-09-10,24.2,24.64,24.09,24.64
1997-09-11,25.53,27.33,25.47,25.99
1997-09-12,25.6,26.36,24.94,25.17
1997-09-15,25.77,26.15,25.1,25.74
1997-09-16,24.77,25.1,23.61,23.77
1997-09-17,23.88,24.8,23.69,24.1
1997-09-18,23.76,23.87,22.76,23.48
1997-09-19,22.51,23.06,21.67,22.74
1997-09-22,22.87,22.87,21.99,22.08
1997-09-23,22.18,22.62,21.94,22.0
1997-09-24,22.13,23.88,21.43,22.64
1997-09-25,22.6,23.33,22.46,22.96
1997-09-26,21.96,22.67,21.82,22.26
1997-09-29,23.21,23.23,22.15,22.23
1997-09-30,22.32,22.91,22.05,22.91
1997-10-01,22.95,22.99,22.27,22.32
1997-10-02,22.55,22.73,22.26,22.27
1997-10-03,20.81,22.17,20.75,21.54
1997-10-06,21.98,22.23,21.59,21.61
1997-10-07,21.35,21.65,20.27,20.29
1997-10-08,20.39,21.91,20.39,20.77
1997-10-09,23.35,23.5,22.05,22.31
1997-10-10,20.29,20.54,19.75,19.75
1997-10-13,19.82,20.7,19.78,20.26
1997-10-14,19.86,20.97,19.85,19.99
1997-10-15,19.61,21.01,19.28,20.05
1997-10-16,19.74,21.05,19.49,20.53
1997-10-17,20.32,22.85,20.09,21.69
1997-10-20,21.4,21.46,20.67,20.72
1997-10-21,20.2,20.21,19.48,19.53
1997-10-22,19.56,20.17,19.56,19.86
1997-10-23,22.55,24.11,21.66,22.99
1997-10-24,20.93,23.49,20.88,23.17
1997-10-27,24.91,32.64,24.77,31.12
1997-10-28,45.69,48.64,30.69,31.22
1997-10-29,29.32,34.43,28.83,33.75
1997-10-30,36.71,38.56,35.84,38.2
1997-10-31,35.08,37.25,35.02,35.09
1997-11-03,32.18,32.67,31.9,32.09
1997-11-04,31.44,33.28,31.23,32.24
1997-11-05,32.31,32.66,31.18,32.18
1997-11-06,33.06,33.45,32.33,32.57
1997-11-07,36.2,38.22,34.77,36.27
1997-11-10,35.21,36.76,35.04,36.63
1997-11-11,36.92,36.92,36.3,36.38
1997-11-12,37.82,37.86,35.73,37.84
1997-11-13,37.24,38.46,36.43,36.64
1997-11-14,36.19,36.3,33.54,33.66
1997-11-17,32.56,32.62,31.13,31.58
1997-11-18,31.33,32.34,31.0,31.55
1997-11-19,31.12,31.27,29.84,29.93
1997-11-20,28.73,28.81,27.17,27.32
1997-11-21,26.68,27.67,26.42,26.65
1997-11-24,28.91,30.12,28.58,29.8
1997-11-25,28.94,30.32,28.89,28.95
1997-11-28,28.04,28.27,27.03,27.43
1997-12-01,27.86,27.86,25.97,26.01
1997-12-02,25.69,26.06,25.51,25.66
1997-12-03,25.21,25.55,23.46,23.92
1997-12-04,22.8,24.06,22.64,23.84
1997-12-05,22.34,23.05,20.41,22.65
1997-12-08,22.88,23.53,22.88,23.22
1997-12-09,23.45,23.79,23.1,23.36
1997-12-10,23.06,25.22,22.88,24.55
1997-12-11,26.82,28.01,26.56,27.63
1997-12-12,26.55,27.92,26.49,27.92
1997-12-15,28.18,28.81,27.32,27.37
1997-12-16,26.03,26.51,25.48,26.11
1997-12-17,25.57,26.79,25.41,26.33
1997-12-18,26.21,27.63,26.11,27.19
1997-12-19,29.23,33.08,29.11,29.18
1997-12-22,28.83,29.42,28.56,28.56
1997-12-23,28.69,29.86,28.21,29.86
1997-12-24,29.94,30.83,29.52,30.27
1997-12-26,29.39,30.04,29.26,29.27
1997-12-29,28.71,28.77,26.79,26.79
1997-12-30,26.27,26.28,24.35,24.38
1997-12-31,24.21,24.52,23.59,24.01
1998-01-02,24.34,24.93,23.42,23.42
1998-01-05,24.11,25.02,23.02,24.36
1998-01-06,25.2,25.97,24.87,25.66
1998-01-07,26.15,27.43,25.07,25.07
1998-01-08,26.24,26.7,25.62,26.01
1998-01-09,25.79,29.35,25.69,28.69
1998-01-12,25.79,31.08,28.02,28.02
1998-01-13,26.7,26.79,25.12,25.17
1998-01-14,25.04,25.04,23.62,23.75
1998-01-15,23.92,24.4,23.33,23.45
1998-01-16,21.45,22.36,20.55,21.65
1998-01-20,22.21,23.14,21.65,21.65
1998-01-21,22.75,23.59,22.38,22.53
1998-01-22,23.22,23.69,22.97,23.16
1998-01-23,22.72,24.41,22.7,23.32
1998-01-26,23.74,24.43,23.47,23.97
1998-01-27,23.16,23.17,22.0,22.27
1998-01-28,21.88,22.4,21.53,22.06
1998-01-29,21.97,21.97,21.08,21.65
1998-01-30,21.67,21.78,21.05,21.47
1998-02-02,21.32,21.56,21.23,21.36
1998-02-03,21.31,21.48,20.67,20.67
1998-02-04,21.0,21.17,20.31,20.55
1998-02-05,19.18,21.45,19.18,21.29
1998-02-06,20.97,21.25,20.48,20.51
1998-02-09,21.23,21.9,21.2,21.55
1998-02-10,21.21,21.27,20.36,20.66
1998-02-11,21.04,21.04,20.36,20.38
1998-02-12,20.62,21.22,19.66,19.73
1998-02-13,20.48,20.52,19.73,19.84
1998-02-17,20.43,21.0,20.23,20.76
1998-02-18,20.24,20.38,19.66,19.66
1998-02-19,19.89,20.19,19.72,19.88
1998-02-20,19.56,19.87,18.97,19.0
1998-02-23,19.14,19.72,18.97,18.99
1998-02-24,19.13,19.69,18.77,19.35
1998-02-25,19.01,19.29,18.39,18.62
1998-02-26,18.96,19.02,18.53,18.63
1998-02-27,18.66,18.94,18.39,18.55
1998-03-02,18.97,19.38,18.8,19.19
1998-03-03,19.43,19.58,19.04,19.04
1998-03-04,19.27,19.83,19.27,19.58
1998-03-05,20.87,21.06,20.26,20.93
1998-03-06,19.97,19.97,19.13,19.14
1998-03-09,20.2,20.45,19.72,20.23
1998-03-10,19.9,20.01,19.39,19.43
1998-03-11,19.41,19.56,18.76,18.89
1998-03-12,18.76,19.21,18.04,18.25
1998-03-13,17.69,19.43,17.58,18.71
1998-03-16,19.27,19.34,18.46,18.51
1998-03-17,18.42,19.04,18.25,18.66
1998-03-18,18.71,19.06,18.11,18.29
1998-03-19,17.9,18.53,17.7,17.76
1998-03-20,17.61,18.84,17.6,18.69
1998-03-23,19.65,20.18,19.55,19.98
1998-03-24,20.11,20.65,19.87,20.51
1998-03-25,20.59,23.55,20.59,22.54
1998-03-26,23.02,23.54,22.28,22.81
1998-03-27,22.44,24.23,22.41,23.47
1998-03-30,24.32,24.92,24.18,24.66
1998-03-31,24.23,24.35,23.41,24.22
1998-04-01,24.85,24.97,23.29,23.37
1998-04-02,23.07,23.07,21.81,21.98
1998-04-03,21.94,22.25,21.46,21.82
1998-04-06,21.84,22.64,21.84,22.47
1998-04-07,23.31,24.3,23.14,23.66
1998-04-08,23.01,23.5,22.72,23.17
1998-04-09,21.39,22.39,21.25,21.51
1998-04-13,22.99,23.57,22.77,22.77
1998-04-14,23.37,23.94,21.61,21.61
1998-04-15,21.46,21.71,20.78,20.89
1998-04-16,21.44,22.36,21.44,22.06
1998-04-17,22.32,22.32,20.69,20.76
1998-04-20,21.22,21.25,20.38,20.39
1998-04-21,20.51,20.54,19.64,19.91
1998-04-22,19.74,19.83,19.25,19.44
1998-04-23,20.4,20.77,19.43,20.6
1998-04-24,20.28,22.42,20.15,21.97
1998-04-27,20.28,27.47,24.95,26.09
1998-04-28,24.04,24.88,23.69,24.17
1998-04-29,23.36,23.69,22.54,22.78
1998-04-30,21.16,21.37,20.51,21.18
1998-05-01,20.72,20.92,19.3,19.34
1998-05-04,19.57,20.56,19.49,20.32
1998-05-05,20.94,21.73,20.73,21.46
1998-05-06,21.9,22.89,21.84,22.79
1998-05-07,23.65,23.9,22.93,23.39
1998-05-08,20.94,21.1,20.18,20.57
1998-05-11,20.08,21.4,19.67,21.05
1998-05-12,21.23,21.7,20.71,20.98
1998-05-13,20.29,20.72,20.22,20.44
1998-05-14,19.9,20.83,19.63,19.64
1998-05-15,19.61,21.05,19.33,20.44
1998-05-18,20.84,22.21,20.8,21.69
1998-05-19,20.74,21.13,20.11,20.39
1998-05-20,19.66,20.34,19.55,19.89
1998-05-21,19.7,19.95,19.22,19.38
1998-05-22,18.66,19.55,18.6,18.99
1998-05-26,19.66,22.07,19.63,22.07
1998-05-27,24.33,25.1,22.59,22.59
1998-05-28,21.79,21.92,20.51,20.74
1998-05-29,19.93,21.53,19.93,21.32
1998-06-01,22.71,23.32,22.15,22.83
1998-06-02,22.22,22.66,21.68,22.0
1998-06-03,21.1,22.89,21.04,22.85
1998-06-04,22.82,23.15,21.11,21.22
1998-06-05,20.48,20.52,19.77,19.78
1998-06-08,19.02,20.86,18.97,20.58
1998-06-09,20.45,21.05,20.34,20.52
1998-06-10,21.26,21.93,20.42,21.48
1998-06-11,21.87,23.65,21.87,23.57
1998-06-12,23.57,25.05,22.73,22.78
1998-06-15,24.77,26.03,23.89,25.94
1998-06-16,26.49,26.49,24.8,24.8
1998-06-17,23.38,23.51,22.27,22.89
1998-06-18,22.87,23.06,22.34,22.4
1998-06-19,21.48,22.12,21.31,21.92
1998-06-22,22.96,23.08,21.59,21.94
1998-06-23,21.18,21.18,20.14,20.17
1998-06-24,20.18,20.55,19.46,20.02
1998-06-25,19.5,20.32,19.36,20.25
1998-06-26,19.84,19.95,19.18,19.36
1998-06-29,19.39,19.58,18.93,19.57
1998-06-30,19.85,19.88,19.12,19.71
1998-07-01,18.99,19.35,18.0,18.0
1998-07-02,18.49,18.68,17.63,17.67
1998-07-06,19.06,19.18,18.59,18.63
1998-07-07,18.4,18.85,18.31,18.62
1998-07-08,18.24,18.32,17.52,17.82
1998-07-09,18.05,18.49,17.78,18.16
1998-07-10,17.86,18.54,17.58,17.92
1998-07-13,18.36,18.51,18.09,18.26
1998-07-14,18.32,18.32,17.6,17.88
1998-07-15,17.88,18.65,17.65,17.89
1998-07-16,17.56,18.07,16.86,16.97
1998-07-17,16.42,16.5,16.1,16.23
1998-07-20,17.73,17.73,16.81,17.34
1998-07-21,17.45,20.35,17.45,20.1
1998-07-22,20.53,21.3,20.16,20.32
1998-07-23,20.54,24.08,20.31,23.01
1998-07-24,22.54,24.54,22.54,23.01
1998-07-27,24.43,24.69,23.13,23.13
1998-07-28,23.69,26.68,23.43,25.25
1998-07-29,23.29,25.15,23.29,24.79
1998-07-30,23.81,23.81,22.66,22.66
1998-07-31,22.29,25.12,22.11,24.8
1998-08-03,26.15,26.31,25.38,25.98
1998-08-04,25.57,31.06,25.57,31.06
1998-08-05,31.78,32.59,28.73,29.83
1998-08-06,29.45,29.93,28.06,28.2
1998-08-07,27.66,27.66,25.35,27.02
1998-08-10,28.05,29.13,27.99,28.75
1998-08-11,32.54,33.67,31.91,31.91
1998-08-12,29.41,29.75,28.51,28.55
1998-08-13,28.2,29.98,28.17,29.92
1998-08-14,29.86,34.61,29.84,34.34
1998-08-17,34.77,34.77,31.86,31.86
1998-08-18,30.66,30.81,28.36,28.4
1998-08-19,27.56,29.26,27.35,28.69
1998-08-20,29.27,30.54,29.24,30.0
1998-08-21,32.59,36.93,32.59,33.14
1998-08-24,31.69,32.58,31.3,31.8
1998-08-25,29.31,30.82,28.49,30.33
1998-08-26,31.95,32.65,30.44,31.14
1998-08-27,33.65,39.48,33.65,38.55
1998-08-28,38.4,42.78,38.4,39.6
1998-08-31,39.74,45.02,38.8,44.28
1998-09-01,41.74,44.94,36.08,36.48
1998-09-02,35.21,36.76,34.02,36.76
1998-09-03,40.96,42.68,40.01,41.43
1998-09-04,40.66,44.19,40.58,43.31
1998-09-08,40.11,40.34,37.7,37.9
1998-09-09,37.86,39.8,37.56,39.66
1998-09-10,43.89,46.56,43.72,45.29
1998-09-11,47.95,48.06,43.74,43.74
1998-09-14,40.89,40.89,37.53,38.57
1998-09-15,38.37,38.73,36.43,36.58
1998-09-16,35.93,37.73,35.72,35.94
1998-09-17,39.43,40.11,38.82,39.23
1998-09-18,39.44,39.84,38.51,38.63
1998-09-21,42.74,42.74,38.39,38.58
1998-09-22,37.85,38.91,36.47,36.62
1998-09-23,35.03,35.14,32.44,32.47
1998-09-24,33.78,35.9,33.06,34.66
1998-09-25,37.14,37.29,33.91,34.55
1998-09-28,34.2,35.24,33.52,34.87
1998-09-29,37.17,38.39,35.74,36.08
1998-09-30,37.16,41.15,37.1,40.95
1998-10-01,41.9,43.98,41.85,43.48
1998-10-02,42.17,43.38,40.25,40.47
1998-10-05,42.65,45.56,42.3,42.81
1998-10-06,40.16,42.05,39.72,41.2
1998-10-07,40.98,44.84,40.66,43.51
1998-10-08,47.07,49.53,45.58,45.74
1998-10-09,43.28,45.36,41.85,42.2
1998-10-12,40.55,40.56,39.4,40.07
1998-10-13,40.97,41.6,39.96,40.23
1998-10-14,40.92,40.93,38.01,38.96
1998-10-15,39.61,39.66,32.41,33.34
1998-10-16,34.01,35.78,33.62,34.82
1998-10-19,35.94,36.01,32.41,33.13
1998-10-20,30.81,33.36,29.82,33.11
1998-10-21,33.27,34.55,32.99,33.21
1998-10-22,33.9,34.17,31.32,31.53
1998-10-23,31.9,32.7,31.69,32.27
1998-10-26,33.25,33.26,31.38,32.38
1998-10-27,31.2,33.27,30.74,32.95
1998-10-28,33.77,33.77,31.97,32.42
1998-10-29,32.09,32.26,29.39,29.5
1998-10-30,28.28,28.71,27.54,28.05
1998-11-02,28.31,28.72,27.2,27.26
1998-11-03,26.6,28.19,26.6,27.76
1998-11-04,26.98,27.94,26.5,27.37
1998-11-05,27.52,28.31,26.0,26.01
1998-11-06,25.91,26.47,25.6,25.7
1998-11-09,26.93,28.72,26.89,28.09
1998-11-10,28.2,28.59,27.31,28.17
1998-11-11,27.28,29.07,27.25,28.47
1998-11-12,28.63,29.66,27.93,29.28
1998-11-13,29.49,29.6,28.93,29.03
1998-11-16,28.79,29.58,28.78,28.9
1998-11-17,29.34,30.56,27.21,27.95
1998-11-18,28.13,28.46,27.13,27.13
1998-11-19,26.1,26.4,25.31,25.5
1998-11-20,26.1,24.01,22.43,22.47
1998-11-23,22.2,22.23,21.24,21.84
1998-11-24,22.32,23.65,22.1,23.28
1998-11-25,23.48,23.68,22.08,22.15
1998-11-27,22.43,22.47,21.98,22.09
1998-11-30,22.79,26.01,22.79,26.01
1998-12-01,27.38,27.4,24.84,24.97
1998-12-02,25.63,26.52,25.28,25.43
1998-12-03,25.53,28.77,25.13,28.7
1998-12-04,26.28,26.76,25.08,25.31
1998-12-07,25.59,25.96,24.82,24.9
1998-12-08,25.05,26.25,24.64,25.58
1998-12-09,25.78,26.48,25.49,25.66
1998-12-10,25.73,26.91,25.73,26.81
1998-12-11,27.93,28.83,27.29,27.72
1998-12-14,29.86,31.67,29.57,31.31
1998-12-15,31.38,31.38,29.42,29.42
1998-12-16,29.13,30.28,29.13,29.96
1998-12-17,29.42,29.42,27.94,27.96
1998-12-18,26.8,26.96,25.04,25.04
1998-12-21,24.64,24.64,23.09,23.86
1998-12-22,24.05,24.45,22.75,22.78
1998-12-23,21.89,22.06,20.08,20.21
1998-12-24,21.0,21.78,20.66,21.48
1998-12-28,22.92,23.97,22.91,23.5
1998-12-29,23.68,24.0,22.11,22.18
1998-12-30,22.03,23.56,22.03,23.34
1998-12-31,23.74,24.76,23.67,24.42
1999-01-04,25.38,26.96,24.74,26.17
1999-01-05,25.92,25.98,24.36,24.46
1999-01-06,23.36,23.38,22.68,23.34
1999-01-07,24.42,24.9,24.04,24.37
1999-01-08,22.95,24.08,22.81,23.28
1999-01-11,21.41,25.81,21.38,25.46
1999-01-12,25.59,28.32,25.55,28.1
1999-01-13,32.62,32.85,28.78,30.11
1999-01-14,30.46,33.66,30.2,32.98
1999-01-15,32.56,32.56,29.14,29.24
1999-01-19,28.86,30.61,28.8,29.24
1999-01-20,28.62,29.04,27.62,28.6
1999-01-21,29.55,31.37,29.23,30.92
1999-01-22,32.26,32.81,31.1,31.95
1999-01-25,32.22,32.71,31.13,31.13
1999-01-26,30.92,30.96,29.23,29.23
1999-01-27,28.28,29.81,28.24,29.73
1999-01-28,29.25,29.51,28.01,28.11
1999-01-29,27.77,28.55,25.9,26.25
1999-02-01,27.21,27.74,26.76,27.67
1999-02-02,28.19,29.46,28.11,28.16
1999-02-03,28.59,29.03,27.62,27.88
1999-02-04,27.62,29.49,27.58,29.48
1999-02-05,29.69,30.54,29.46,29.67
1999-02-08,29.53,30.77,29.53,30.27
1999-02-09,29.96,31.41,29.84,31.36
1999-02-10,31.59,31.75,30.45,30.45
1999-02-11,30.03,30.16,27.42,27.42
1999-02-12,27.85,30.46,27.85,29.76
1999-02-16,28.88,30.04,28.73,29.65
1999-02-17,30.21,30.95,29.16,30.65
1999-02-18,30.99,31.14,30.32,30.45
1999-02-19,30.01,30.12,28.61,29.3
1999-02-22,28.83,28.83,25.78,25.87
1999-02-23,25.92,26.9,25.92,26.49
1999-02-24,25.7,27.21,25.22,27.21
1999-02-25,27.95,29.71,27.8,28.01
1999-02-26,28.41,29.0,27.63,27.88
1999-03-01,29.34,29.87,28.14,28.37
1999-03-02,27.96,29.28,27.49,29.22
1999-03-03,28.85,29.9,28.82,29.04
1999-03-04,27.81,27.81,26.42,26.67
1999-03-05,24.78,25.44,24.08,24.08
1999-03-08,24.87,25.21,24.48,24.54
1999-03-09,25.28,25.29,24.25,25.02
1999-03-10,24.86,25.39,24.61,24.79
1999-03-11,24.31,24.98,23.82,24.37
1999-03-12,24.79,25.36,24.74,24.84
1999-03-15,25.81,25.9,25.18,25.24
1999-03-16,25.34,25.56,24.98,25.15
1999-03-17,24.93,26.49,24.9,25.57
1999-03-18,25.14,25.24,24.03,24.13
1999-03-19,24.07,24.35,23.39,24.32
1999-03-22,25.3,25.55,24.8,25.0
1999-03-23,25.97,27.74,25.84,27.27
1999-03-24,26.99,27.31,26.59,26.6
1999-03-25,25.32,25.38,24.33,24.33
1999-03-26,24.79,24.81,23.83,24.04
1999-03-29,23.87,23.96,23.45,23.54
1999-03-30,24.34,24.34,22.71,22.73
1999-03-31,22.03,23.3,22.0,23.26
1999-04-01,22.03,22.87,22.06,22.06
1999-04-05,22.88,23.2,22.18,22.19
1999-04-06,22.53,23.04,22.12,22.65
1999-04-07,22.53,23.26,22.1,22.81
1999-04-08,23.38,23.51,22.01,22.59
1999-04-09,22.16,22.59,21.55,21.77
1999-04-12,21.13,23.41,20.47,21.93
1999-04-13,22.16,23.35,22.01,22.73
1999-04-14,23.33,24.96,23.07,24.94
1999-04-15,25.22,26.24,23.91,23.93
1999-04-16,24.07,24.24,23.6,23.9
1999-04-19,23.59,26.5,22.93,26.42
1999-04-20,25.84,26.09,24.79,25.02
1999-04-21,24.86,24.88,23.31,23.31
1999-04-22,22.42,22.81,22.4,22.62
1999-04-23,22.6,23.13,22.37,22.76
1999-04-26,23.93,23.94,23.21,23.53
1999-04-27,23.04,23.71,23.02,23.36
1999-04-28,23.53,24.48,23.45,24.4
1999-04-29,24.5,25.55,24.32,25.06
1999-04-30,24.41,26.47,23.62,25.07
1999-05-03,24.41,25.77,24.11,24.15
1999-05-04,24.23,25.7,24.23,25.62
1999-05-05,25.72,27.22,25.17,25.19
1999-05-06,25.34,28.58,25.34,27.44
1999-05-07,26.15,26.42,25.36,25.36
1999-05-10,26.39,26.98,25.73,26.62
1999-05-11,25.86,26.21,25.33,25.62
1999-05-12,26.71,27.08,26.06,26.13
1999-05-13,25.56,25.56,24.76,25.02
1999-05-14,26.59,27.78,26.48,26.86
1999-05-17,27.98,29.21,27.27,27.28
1999-05-18,27.55,28.76,27.2,27.26
1999-05-19,25.86,26.41,25.08,25.08
1999-05-20,25.1,25.26,24.05,24.46
1999-05-21,24.12,24.84,24.05,24.4
1999-05-24,24.93,27.8,24.84,27.62
1999-05-25,27.71,29.14,26.87,28.9
1999-05-26,28.83,29.62,27.57,27.57
1999-05-27,27.59,28.68,27.55,28.12
1999-05-28,27.26,27.26,25.34,25.39
1999-06-01,27.12,27.99,26.6,26.62
1999-06-02,26.53,27.78,25.99,26.21
1999-06-03,25.82,26.7,25.66,26.2
1999-06-04,25.31,25.46,23.43,23.43
1999-06-07,24.4,24.49,23.66,23.78
1999-06-08,23.56,24.28,23.42,24.02
1999-06-09,23.84,24.26,23.63,23.9
1999-06-10,24.78,26.15,24.71,25.32
1999-06-11,24.87,27.01,24.69,25.9
1999-06-14,26.08,26.8,26.08,26.51
1999-06-15,26.16,26.23,25.33,25.91
1999-06-16,24.39,24.57,22.14,22.4
1999-06-17,22.74,23.12,21.77,21.95
1999-06-18,22.19,23.03,21.75,21.75
1999-06-21,22.32,22.9,21.77,21.81
1999-06-22,21.68,21.89,20.76,21.7
1999-06-23,22.21,22.48,21.31,21.32
1999-06-24,20.67,23.94,20.67,23.06
1999-06-25,21.36,22.25,20.85,21.76
1999-06-28,22.48,22.97,22.28,22.63
1999-06-29,23.54,23.55,22.49,22.51
1999-06-30,22.99,23.34,20.8,21.09
1999-07-01,20.57,21.43,19.63,19.69
1999-07-02,19.24,19.45,18.66,18.66
1999-07-06,19.93,20.75,19.64,20.73
1999-07-07,21.11,21.24,20.35,20.35
1999-07-08,20.97,21.01,19.88,20.24
1999-07-09,18.55,18.75,17.9,17.96
1999-07-12,19.3,20.12,19.3,19.73
1999-07-13,19.35,20.74,19.16,19.95
1999-07-14,19.44,20.38,19.38,19.71
1999-07-15,18.67,19.33,18.62,18.68
1999-07-16,18.05,18.48,17.07,17.42
1999-07-19,18.5,19.49,18.38,19.07
1999-07-20,19.96,21.95,19.96,21.79
1999-07-21,21.26,21.78,21.03,21.46
1999-07-22,21.9,23.38,21.73,23.05
1999-07-23,22.36,23.69,22.36,23.32
1999-07-26,24.76,25.74,24.26,24.98
1999-07-27,24.45,24.54,22.87,23.23
1999-07-28,23.34,23.73,22.57,22.85
1999-07-29,23.51,25.08,23.5,24.52
1999-07-30,23.81,24.71,23.29,24.64
1999-08-02,25.75,25.79,24.75,25.59
1999-08-03,25.25,26.54,25.25,26.27
1999-08-04,25.63,27.5,25.01,27.4
1999-08-05,28.83,29.92,26.94,27.01
1999-08-06,26.31,27.18,25.98,26.6
1999-08-09,27.41,27.98,27.09,27.66
1999-08-10,27.61,30.0,27.61,28.45
1999-08-11,27.19,27.27,25.37,25.39
1999-08-12,24.58,25.06,24.08,25.03
1999-08-13,23.66,23.8,22.27,22.31
1999-08-16,23.75,23.75,22.91,23.07
1999-08-17,22.09,22.86,21.67,21.67
1999-08-18,22.78,23.31,22.72,23.3
1999-08-19,24.57,24.96,24.22,24.39
1999-08-20,24.05,24.07,22.95,22.95
1999-08-23,23.13,23.13,22.52,22.55
1999-08-24,23.41,23.63,22.12,22.4
1999-08-25,21.92,22.41,20.83,20.96
1999-08-26,20.25,21.26,20.12,21.21
1999-08-27,20.9,22.01,20.9,21.83
1999-08-30,23.3,24.65,23.29,24.63
1999-08-31,24.41,25.54,23.74,24.45
1999-09-01,23.86,24.18,22.93,22.93
1999-09-02,24.25,25.56,24.25,24.53
1999-09-03,21.5,21.55,20.87,20.98
1999-09-07,22.4,23.65,22.35,23.44
1999-09-08,24.21,24.27,22.94,23.82
1999-09-09,23.91,24.08,23.01,23.01
1999-09-10,22.19,22.54,21.67,22.03
1999-09-13,22.8,23.35,22.7,22.89
1999-09-14,23.38,24.17,23.38,23.77
1999-09-15,22.97,24.89,22.75,24.56
1999-09-16,25.46,27.54,25.07,25.25
1999-09-17,24.33,24.5,23.14,23.3
1999-09-20,24.08,24.36,23.95,24.03
1999-09-21,24.51,26.07,24.2,25.65
1999-09-22,25.88,26.49,24.64,25.19
1999-09-23,24.13,27.84,24.02,27.84
1999-09-24,28.2,29.21,27.76,27.79
1999-09-27,27.06,27.15,26.06,26.4
1999-09-28,26.34,28.58,25.94,26.06
1999-09-29,25.51,26.69,24.86,26.49
1999-09-30,26.15,26.47,24.84,25.41
1999-10-01,25.58,26.29,24.93,24.93
1999-10-04,25.26,25.26,24.45,24.46
1999-10-05,24.68,26.46,24.33,24.79
1999-10-06,23.72,23.86,21.99,22.06
1999-10-07,22.44,23.82,22.32,23.58
1999-10-08,22.44,22.68,20.37,20.49
1999-10-11,20.71,21.05,20.36,20.63
1999-10-12,21.56,23.02,21.54,22.84
1999-10-13,22.62,26.57,22.57,25.96
1999-10-14,26.68,27.47,25.6,26.05
1999-10-15,27.31,29.4,27.31,28.75
1999-10-18,29.34,29.81,28.15,28.19
1999-10-19,26.25,26.56,24.85,26.56
1999-10-20,25.15,25.48,23.87,23.9
1999-10-21,25.53,25.71,23.99,24.02
1999-10-22,22.02,22.08,20.83,21.64
1999-10-25,23.78,24.15,23.16,23.6
1999-10-26,22.94,24.26,22.68,24.26
1999-10-27,24.32,25.38,24.07,24.2
1999-10-28,22.37,22.5,21.28,21.34
1999-10-29,20.63,22.37,20.3,22.2
1999-11-01,22.7,22.91,22.05,22.09
1999-11-02,22.09,23.32,21.29,23.1
1999-11-03,23.08,23.57,22.76,23.16
1999-11-04,22.47,23.31,22.43,23.0
1999-11-05,21.47,22.12,21.29,21.66
1999-11-08,22.57,22.58,21.72,21.87
1999-11-09,22.06,22.96,22.06,22.7
1999-11-10,22.6,22.69,21.98,22.26
1999-11-11,22.24,22.68,22.02,22.07
1999-11-12,21.99,22.94,21.64,21.65
1999-11-15,21.78,23.24,21.55,22.74
1999-11-16,22.13,22.77,20.73,20.73
1999-11-17,20.78,21.25,20.55,20.96
1999-11-18,20.59,20.7,19.56,19.76
1999-11-19,18.8,19.8,18.64,19.11
1999-11-22,20.37,20.46,19.66,19.98
1999-11-23,21.07,21.86,20.8,21.0
1999-11-24,20.7,20.85,20.1,20.26
1999-11-26,20.35,23.47,20.22,22.33
1999-11-29,24.27,24.29,23.11,23.57
1999-11-30,23.81,24.21,22.86,24.18
1999-12-01,23.41,23.41,22.23,22.23
1999-12-02,21.69,22.29,21.67,21.77
1999-12-03,19.74,19.82,18.69,19.32
1999-12-06,21.12,21.47,20.21,20.58
1999-12-07,20.93,21.55,20.8,21.09
1999-12-08,21.21,21.33,20.62,21.25
1999-12-09,20.8,22.31,20.72,21.19
1999-12-10,21.61,22.15,21.03,21.48
1999-12-13,21.96,22.48,21.57,21.72
1999-12-14,22.25,23.25,22.05,23.06
1999-12-15,23.25,23.77,21.83,22.03
1999-12-16,21.36,22.95,21.14,21.91
1999-12-17,21.39,21.46,20.84,21.35
1999-12-20,22.18,24.22,22.14,23.78
1999-12-21,22.98,24.02,22.09,22.66
1999-12-22,22.14,22.84,22.14,22.43
1999-12-23,21.59,21.63,20.87,21.12
1999-12-27,22.88,23.34,22.85,23.07
1999-12-28,23.61,23.69,22.86,22.97
1999-12-29,23.08,23.37,22.8,23.09
1999-12-30,23.51,25.17,23.15,24.76
2000-01-03,24.36,26.15,23.98,24.21
2000-01-04,24.94,27.18,24.8,27.01
2000-01-05,27.98,29.0,25.85,26.41
2000-01-06,26.68,26.71,24.7,25.73
2000-01-07,25.14,25.17,21.72,21.72
2000-01-10,21.89,22.49,21.36,21.71
2000-01-11,21.98,22.63,21.69,22.5
2000-01-12,23.05,23.49,22.41,22.84
2000-01-13,22.73,23.1,21.32,21.71
2000-01-14,19.83,20.15,19.51,19.66
2000-01-18,21.39,21.63,20.97,21.5
2000-01-19,22.15,22.16,21.44,21.72
2000-01-20,21.31,22.6,21.18,21.75
2000-01-21,21.55,21.91,20.5,20.82
2000-01-24,21.43,24.44,21.43,24.07
2000-01-25,23.79,24.28,22.87,23.02
2000-01-26,22.91,23.19,22.45,23.03
2000-01-27,22.37,24.39,22.03,23.54
2000-01-28,23.75,26.54,23.17,26.14
2000-01-31,26.78,27.43,24.94,24.95
2000-02-01,24.43,24.74,23.29,23.45
2000-02-02,23.02,24.74,22.62,23.12
2000-02-03,22.72,23.73,21.93,22.01
2000-02-04,20.77,21.77,20.69,21.54
2000-02-07,22.97,23.27,22.79,22.79
2000-02-08,21.68,22.08,21.17,21.25
2000-02-09,21.54,22.9,21.29,22.9
2000-02-10,23.36,23.55,22.75,23.07
2000-02-11,22.94,24.8,22.82,24.42
2000-02-14,24.67,24.89,24.27,24.38
2000-02-15,24.08,24.75,22.84,22.92
2000-02-16,23.2,23.83,22.74,23.51
2000-02-17,22.9,23.48,22.63,23.17
2000-02-18,23.37,26.37,23.37,26.0
2000-02-22,25.91,28.12,25.47,25.86
2000-02-23,25.2,25.37,23.56,23.89
2000-02-24,24.18,25.94,24.15,24.38
2000-02-25,24.13,25.37,23.58,25.2
2000-02-28,25.9,26.19,24.09,24.68
2000-02-29,23.76,23.88,23.24,23.37
2000-03-01,22.65,22.72,21.41,21.64
2000-03-02,21.62,22.1,20.93,21.06
2000-03-03,19.98,20.04,19.19,19.21
2000-03-06,20.38,21.74,20.33,21.5
2000-03-07,22.24,24.49,22.24,24.31
2000-03-08,24.57,25.2,23.48,23.82
2000-03-09,24.18,24.18,22.2,22.21
2000-03-10,20.89,21.69,20.84,21.24
2000-03-13,23.03,23.26,21.99,22.85
2000-03-14,22.75,24.41,22.33,24.41
2000-03-15,24.66,24.76,21.98,22.34
2000-03-16,21.65,21.92,20.49,20.77
2000-03-17,21.26,22.56,21.07,22.37
2000-03-20,22.31,23.26,22.28,22.96
2000-03-21,23.45,23.45,21.27,21.7
2000-03-22,21.91,22.02,21.22,21.49
2000-03-23,21.82,22.42,21.1,22.26
2000-03-24,22.45,23.96,22.12,23.31
2000-03-27,24.35,24.8,24.1,24.53
2000-03-28,24.99,25.2,24.47,24.86
2000-03-29,24.37,25.02,23.79,24.1
2000-03-30,23.95,25.87,23.79,25.47
2000-03-31,24.78,24.97,23.44,24.11
2000-04-03,24.99,25.86,24.03,24.03
2000-04-04,23.5,31.16,23.25,27.12
2000-04-05,28.56,30.01,27.77,28.41
2000-04-06,27.71,27.83,27.05,27.15
2000-04-07,25.64,25.64,23.58,24.39
2000-04-10,25.44,26.04,24.97,25.99
2000-04-11,27.67,28.08,26.64,27.25
2000-04-12,27.19,28.98,27.04,28.98
2000-04-13,28.46,29.4,27.78,29.4
2000-04-14,30.09,33.79,30.09,33.49
2000-04-17,33.7,34.31,28.47,28.95
2000-04-18,27.93,28.13,26.12,26.12
2000-04-19,26.54,27.23,26.27,27.02
2000-04-20,26.54,27.21,25.77,25.85
2000-04-24,27.79,28.5,27.25,27.37
2000-04-25,26.26,26.45,25.2,25.24
2000-04-26,25.39,27.24,25.27,26.97
2000-04-27,29.43,29.5,25.95,26.19
2000-04-28,25.62,26.8,25.61,26.2
2000-05-01,26.07,26.44,25.26,25.88
2000-05-02,26.81,28.5,26.5,28.5
2000-05-03,30.0,32.89,30.0,31.63
2000-05-04,31.45,32.06,30.56,30.77
2000-05-05,29.49,29.54,27.44,27.53
2000-05-08,28.8,29.05,28.2,28.2
2000-05-09,28.25,29.68,28.16,28.93
2000-05-10,29.68,30.6,28.9,29.87
2000-05-11,29.07,29.12,27.76,27.76
2000-05-12,26.33,26.33,25.61,26.05
2000-05-15,26.47,26.7,24.8,24.86
2000-05-16,24.46,25.15,24.09,24.34
2000-05-17,24.62,25.11,23.74,23.98
2000-05-18,23.42,24.03,23.29,23.96
2000-05-19,24.85,26.15,24.85,25.44
2000-05-22,26.25,27.9,25.98,26.0
2000-05-23,25.75,26.12,24.97,25.87
2000-05-24,25.96,26.73,24.19,24.32
2000-05-25,23.87,25.03,23.85,24.58
2000-05-26,24.61,24.91,24.2,24.47
2000-05-30,24.59,24.78,23.6,23.62
2000-05-31,24.09,24.09,23.23,23.65
2000-06-01,23.2,23.21,22.32,22.36
2000-06-02,21.32,21.68,21.3,21.48
2000-06-05,23.06,23.29,22.59,22.71
2000-06-06,23.2,23.24,22.72,23.05
2000-06-07,23.17,23.4,22.34,22.48
2000-06-08,23.36,23.53,22.77,22.77
2000-06-09,22.08,22.49,21.99,22.14
2000-06-12,22.22,22.75,22.13,22.32
2000-06-13,23.28,23.39,21.6,21.67
2000-06-14,21.61,21.74,21.0,21.48
2000-06-15,21.42,21.63,20.52,20.68
2000-06-16,20.54,20.9,20.3,20.5
2000-06-19,21.16,21.36,20.34,20.63
2000-06-20,20.81,21.23,20.7,20.88
2000-06-21,21.06,21.25,20.46,20.61
2000-06-22,21.54,22.29,21.43,22.0
2000-06-23,22.13,22.82,22.02,22.34
2000-06-26,24.85,25.01,22.45,22.45
2000-06-27,22.1,22.17,21.64,21.8
2000-06-28,21.87,21.87,19.99,20.29
2000-06-29,20.76,21.16,19.63,19.7
2000-06-30,19.68,19.78,19.39,19.54
2000-07-03,20.51,20.51,19.83,19.83
2000-07-05,20.63,21.65,20.56,21.16
2000-07-06,20.77,21.51,20.76,20.94
2000-07-07,19.68,20.25,19.17,19.22
2000-07-10,20.2,20.63,20.08,20.33
2000-07-11,19.64,20.45,19.43,20.11
2000-07-12,20.29,20.3,19.94,20.03
2000-07-13,19.9,20.17,19.76,20.03
2000-07-14,19.21,19.59,19.21,19.32
2000-07-17,20.02,20.13,19.13,19.45
2000-07-18,19.7,19.92,19.33,19.75
2000-07-19,19.28,19.83,19.19,19.65
2000-07-20,19.05,19.19,18.87,18.94
2000-07-21,19.04,19.39,18.77,18.94
2000-07-24,19.35,19.99,19.17,19.92
2000-07-25,19.46,19.74,19.35,19.39
2000-07-26,19.63,19.99,19.48,19.67
2000-07-27,19.26,20.19,19.26,19.6
2000-07-28,19.33,20.98,19.33,20.84
2000-07-31,20.98,21.17,20.54,20.74
2000-08-01,20.66,20.84,20.27,20.55
2000-08-02,20.2,20.2,19.82,20.0
2000-08-03,20.29,20.38,19.66,19.99
2000-08-04,18.75,18.97,18.53,18.62
2000-08-07,19.31,19.36,18.91,19.03
2000-08-08,18.89,19.07,18.75,18.79
2000-08-09,18.78,19.28,18.74,19.18
2000-08-10,18.97,19.19,18.83,19.19
2000-08-11,19.26,19.36,18.34,18.55
2000-08-14,18.98,18.99,17.84,17.88
2000-08-15,17.97,18.27,17.86,17.98
2000-08-16,17.81,18.12,17.69,18.02
2000-08-17,18.0,18.06,17.39,17.48
2000-08-18,17.17,17.51,16.99,17.05
2000-08-21,17.71,17.71,17.26,17.35
2000-08-22,17.83,17.83,17.27,17.47
2000-08-23,17.59,17.74,17.34,17.38
2000-08-24,17.42,17.59,16.95,17.04
2000-08-25,16.96,17.06,16.49,16.53
2000-08-28,17.11,17.11,16.28,16.54
2000-08-29,16.84,17.1,16.68,16.89
2000-08-30,17.13,17.96,17.11,17.69
2000-08-31,17.44,17.45,16.64,16.84
2000-09-01,16.81,17.77,16.47,17.53
2000-09-05,19.18,20.06,19.16,19.82
2000-09-06,19.7,20.92,19.7,20.79
2000-09-07,20.47,20.51,19.34,19.42
2000-09-08,18.81,19.07,18.46,18.46
2000-09-11,19.03,19.1,18.31,18.4
2000-09-12,18.33,19.04,18.15,18.59
2000-09-13,18.76,18.76,18.16,18.32
2000-09-14,18.24,18.51,17.96,18.26
2000-09-15,18.09,18.72,18.01,18.52
2000-09-18,18.88,20.35,18.78,20.25
2000-09-19,20.22,20.25,19.54,19.54
2000-09-20,19.99,21.18,19.92,19.93
2000-09-21,20.17,20.71,20.01,20.18
2000-09-22,22.09,22.66,20.74,20.74
2000-09-25,20.85,21.66,20.66,21.41
2000-09-26,21.5,22.09,21.1,21.88
2000-09-27,21.71,22.1,21.39,21.67
2000-09-28,21.28,21.31,19.4,19.47
2000-09-29,19.88,20.57,19.8,20.57
2000-10-02,20.98,21.56,20.8,21.23
2000-10-03,20.99,21.85,20.41,21.85
2000-10-04,22.18,22.66,21.21,21.54
2000-10-05,21.02,21.3,20.65,21.03
2000-10-06,20.53,23.35,20.43,22.71
2000-10-09,23.92,24.67,23.63,24.02
2000-10-10,23.77,25.02,23.72,24.86
2000-10-11,26.23,28.37,26.09,26.57
2000-10-12,27.21,30.55,26.95,30.51
2000-10-13,29.34,29.42,27.5,27.6
2000-10-16,27.33,27.65,26.59,26.79
2000-10-17,26.19,28.29,26.19,27.84
2000-10-18,30.7,30.8,28.17,28.72
2000-10-19,26.8,27.02,24.85,25.09
2000-10-20,24.63,24.63,23.02,24.24
2000-10-23,24.58,25.13,24.27,24.69
2000-10-24,24.14,24.81,23.6,24.28
2000-10-25,25.58,26.78,25.01,26.65
2000-10-26,26.64,30.08,26.43,28.62
2000-10-27,27.42,28.05,26.47,26.47
2000-10-30,26.23,26.48,25.07,25.46
2000-10-31,24.77,24.87,23.37,23.63
2000-11-01,24.07,24.86,23.91,24.28
2000-11-02,23.71,24.24,23.64,23.92
2000-11-03,24.05,24.06,23.51,23.67
2000-11-06,24.53,24.75,24.13,24.52
2000-11-07,25.12,25.41,24.73,24.91
2000-11-08,24.87,25.74,24.87,25.66
2000-11-09,26.79,28.46,26.18,27.2
2000-11-10,28.07,28.81,28.0,28.53
2000-11-13,29.13,30.57,28.74,29.06
2000-11-14,27.93,27.93,26.38,26.81
2000-11-15,27.24,27.25,25.85,26.15
2000-11-16,25.82,25.82,24.67,25.05
2000-11-17,25.5,25.88,24.47,24.81
2000-11-20,26.49,27.6,26.37,27.43
2000-11-21,27.43,27.64,26.52,26.62
2000-11-22,26.91,27.83,26.87,27.71
2000-11-24,27.32,27.32,25.99,26.0
2000-11-27,26.12,26.98,26.12,26.93
2000-11-28,26.99,27.84,26.78,27.64
2000-11-29,27.88,28.22,27.3,27.49
2000-11-30,28.64,31.11,28.43,29.65
2000-12-01,28.31,28.39,27.08,27.48
2000-12-04,28.55,28.74,27.65,27.78
2000-12-05,27.28,27.31,24.97,24.99
2000-12-06,24.32,25.21,23.89,25.07
2000-12-07,25.46,25.55,24.91,25.34
2000-12-08,23.74,23.84,22.38,22.41
2000-12-11,23.8,23.99,22.81,23.51
2000-12-12,24.03,25.36,23.97,24.88
2000-12-13,23.69,24.32,23.3,23.63
2000-12-14,23.4,25.41,23.4,24.86
2000-12-15,25.43,26.87,25.43,26.55
2000-12-18,26.79,27.89,26.43,27.7
2000-12-19,27.35,27.54,25.41,27.17
2000-12-20,29.95,32.02,29.43,31.74
2000-12-21,31.97,32.32,29.22,29.66
2000-12-22,28.75,28.83,27.55,27.55
2000-12-26,28.47,29.13,28.37,28.73
2000-12-27,28.88,28.95,27.96,28.14
2000-12-28,27.99,28.06,26.53,26.57
2000-12-29,26.35,26.96,26.32,26.85
2001-01-02,27.93,30.4,27.92,29.99
2001-01-03,29.63,29.96,25.99,26.6
2001-01-04,26.35,27.19,26.13,26.97
2001-01-05,27.81,29.04,27.21,28.67
2001-01-08,29.98,30.8,29.72,29.84
2001-01-09,29.47,29.53,27.77,27.99
2001-01-10,28.44,28.47,26.7,26.8
2001-01-11,26.68,26.71,25.65,25.79
2001-01-12,25.31,25.48,24.5,24.56
2001-01-16,25.59,25.68,24.88,25.28
2001-01-17,24.4,25.22,24.28,24.93
2001-01-18,24.48,24.53,23.18,23.37
2001-01-19,23.62,24.08,23.0,23.24
2001-01-22,24.27,24.31,23.24,23.25
2001-01-23,23.0,23.15,21.47,21.57
2001-01-24,21.98,22.41,21.87,22.03
2001-01-25,22.44,22.86,22.27,22.64
2001-01-26,22.52,23.05,22.44,22.57
2001-01-29,22.8,22.96,22.56,22.61
2001-01-30,23.07,23.35,22.47,22.57
2001-01-31,22.94,23.02,21.98,22.02
2001-02-01,22.39,22.68,21.61,21.66
2001-02-02,20.87,21.95,20.81,21.95
2001-02-05,22.75,23.01,22.18,22.19
2001-02-06,22.04,22.12,21.42,21.98
2001-02-07,21.63,22.36,21.44,21.67
2001-02-08,21.46,21.61,20.92,21.46
2001-02-09,21.67,22.24,21.16,22.03
2001-02-12,23.06,23.13,21.83,21.92
2001-02-13,21.64,21.66,21.12,21.37
2001-02-14,21.84,22.52,21.52,21.52
2001-02-15,21.51,21.51,20.22,20.27
2001-02-16,21.65,22.73,21.43,22.12
2001-02-20,23.43,24.76,23.16,24.69
2001-02-21,24.81,25.81,24.24,25.75
2001-02-22,25.96,28.41,25.96,26.76
2001-02-23,27.18,30.62,26.94,27.21
2001-02-26,27.18,27.48,25.43,25.43
2001-02-27,25.57,26.59,25.02,26.49
2001-02-28,26.37,28.82,26.05,28.35
2001-03-01,29.66,30.26,28.08,28.08
2001-03-02,29.08,29.34,26.82,27.43
2001-03-05,28.32,28.43,27.08,27.12
2001-03-06,26.26,26.28,25.58,25.89
2001-03-07,25.28,25.53,24.12,24.12
2001-03-08,24.42,24.9,24.23,24.29
2001-03-09,24.47,25.76,24.46,25.62
2001-03-12,27.88,30.54,27.74,30.32
2001-03-13,30.77,30.84,27.55,27.55
2001-03-14,30.37,30.71,28.86,29.61
2001-03-15,28.53,28.98,28.25,28.56
2001-03-16,28.78,29.91,28.56,29.91
2001-03-19,30.61,31.33,29.5,29.78
2001-03-20,30.02,31.27,29.3,30.96
2001-03-21,31.41,32.18,30.26,31.93
2001-03-22,32.41,35.45,32.35,32.84
2001-03-23,33.0,33.0,30.41,30.45
2001-03-26,30.0,30.24,29.04,29.04
2001-03-27,28.52,28.63,27.03,27.04
2001-03-28,28.26,28.98,28.21,28.58
2001-03-29,29.27,29.84,28.16,29.17
2001-03-30,28.76,29.32,28.3,28.64
2001-04-02,29.4,31.61,29.16,31.21
2001-04-03,32.92,35.2,32.92,34.72
2001-04-04,34.28,34.74,33.21,34.07
2001-04-05,32.51,32.51,29.88,29.94
2001-04-06,30.39,32.04,30.22,31.69
2001-04-09,31.94,32.55,31.38,31.91
2001-04-10,30.67,30.69,29.33,29.44
2001-04-11,28.94,29.13,28.4,28.46
2001-04-12,28.09,28.37,26.12,26.12
2001-04-16,26.85,27.18,26.22,26.33
2001-04-17,26.04,26.22,25.33,25.61
2001-04-18,24.58,24.65,23.01,24.13
2001-04-19,24.51,24.62,24.12,24.16
2001-04-20,24.67,25.45,24.5,25.38
2001-04-23,27.35,28.6,27.28,28.16
2001-04-24,27.7,28.61,27.23,28.49
2001-04-25,28.64,28.68,27.25,27.4
2001-04-26,26.41,26.41,25.62,25.96
2001-04-27,25.0,25.0,24.02,24.02
2001-04-30,24.21,25.74,23.9,25.48
2001-05-01,25.46,25.57,24.16,24.2
2001-05-02,24.6,25.04,23.97,24.23
2001-05-03,25.52,26.32,25.43,25.78
2001-05-04,26.49,26.49,23.88,23.91
2001-05-07,25.1,25.46,24.53,24.86
2001-05-08,24.49,25.35,24.44,24.44
2001-05-09,24.94,25.06,24.27,24.35
2001-05-10,23.69,24.67,23.55,24.0
2001-05-11,23.14,23.86,23.14,23.54
2001-05-14,24.23,24.5,24.06,24.26
2001-05-15,24.41,24.5,23.34,23.71
2001-05-16,23.17,23.22,21.17,21.89
2001-05-17,22.5,22.74,21.32,21.47
2001-05-18,21.46,21.71,21.17,21.23
2001-05-21,21.9,21.96,20.74,20.76
2001-05-22,21.53,21.56,21.09,21.35
2001-05-23,21.6,22.15,21.58,22.08
2001-05-24,21.85,21.89,20.55,20.57
2001-05-25,20.6,21.13,20.46,20.6
2001-05-29,22.16,22.37,21.93,22.14
2001-05-30,22.4,23.16,22.25,22.76
2001-05-31,22.96,23.16,22.33,22.64
2001-06-01,23.02,23.12,21.52,21.59
2001-06-04,21.64,22.07,21.33,21.38
2001-06-05,20.8,20.92,19.47,19.58
2001-06-06,20.09,20.64,19.93,20.39
2001-06-07,20.35,20.39,19.67,19.67
2001-06-08,19.62,20.44,19.58,19.92
2001-06-11,20.62,21.09,20.37,20.7
2001-06-12,21.21,21.68,20.43,20.7
2001-06-13,20.79,21.6,20.7,21.45
2001-06-14,22.13,23.12,22.12,23.12
2001-06-15,23.98,24.42,22.44,22.81
2001-06-18,23.26,23.54,22.93,23.17
2001-06-19,22.4,22.82,21.93,22.34
2001-06-20,22.05,22.29,21.6,21.71
2001-06-21,21.31,21.36,19.34,19.38
2001-06-22,19.82,20.2,19.59,20.02
2001-06-25,20.36,20.89,20.25,20.67
2001-06-26,21.45,21.65,20.75,21.2
2001-06-27,21.55,21.84,20.54,20.88
2001-06-28,20.18,20.18,19.52,20.01
2001-06-29,19.9,19.9,18.83,19.06
2001-07-02,19.75,19.75,18.74,18.76
2001-07-03,19.21,19.37,18.92,18.92
2001-07-05,20.14,20.39,19.7,20.09
2001-07-06,20.96,21.9,20.96,21.63
2001-07-09,22.71,22.96,22.3,22.48
2001-07-10,22.28,23.26,22.28,23.25
2001-07-11,24.17,24.91,23.59,24.01
2001-07-12,23.29,23.29,22.09,22.09
2001-07-13,22.03,22.12,21.02,21.14
2001-07-16,21.69,22.91,21.58,22.91
2001-07-17,23.54,23.6,22.46,22.61
2001-07-18,23.19,23.84,23.07,23.6
2001-07-19,22.58,23.07,21.84,22.51
2001-07-20,22.67,23.01,22.19,22.34
2001-07-23,22.64,23.87,22.51,23.74
2001-07-24,24.2,25.61,24.16,25.24
2001-07-25,24.92,25.23,23.92,24.0
2001-07-26,24.02,24.23,22.98,23.01
2001-07-27,23.02,23.13,21.93,22.0
2001-07-30,22.48,23.03,22.48,22.69
2001-07-31,22.31,22.45,20.79,21.62
2001-08-01,20.97,20.99,20.13,20.56
2001-08-02,20.33,20.48,19.69,20.09
2001-08-03,20.23,21.03,19.83,19.89
2001-08-06,21.07,22.26,20.88,21.89
2001-08-07,21.43,21.51,20.73,21.01
2001-08-08,21.52,22.57,20.72,22.32
2001-08-09,22.02,22.43,21.64,21.75
2001-08-10,20.56,21.53,20.37,20.55
2001-08-13,20.58,20.69,20.24,20.42
2001-08-14,19.95,20.54,19.93,20.48
2001-08-15,20.14,20.91,19.84,20.91
2001-08-16,21.26,22.15,21.06,21.54
2001-08-17,21.94,24.24,21.91,23.84
2001-08-20,24.83,24.85,22.87,22.87
2001-08-21,22.55,24.51,21.63,24.4
2001-08-22,22.71,23.28,22.34,22.44
2001-08-23,22.05,22.36,21.85,22.23
2001-08-24,21.3,21.31,19.7,19.71
2001-08-27,20.5,20.85,20.13,20.56
2001-08-28,20.9,22.12,20.9,22.0
2001-08-29,21.85,23.26,21.84,23.03
2001-08-30,23.16,25.84,23.16,25.41
2001-08-31,25.31,25.47,24.41,24.92
2001-09-04,26.11,26.17,24.19,25.85
2001-09-05,26.22,27.37,26.22,26.35
2001-09-06,27.23,28.73,27.23,28.61
2001-09-07,29.89,31.3,28.92,30.99
2001-09-10,33.11,33.34,31.84,31.84
2001-09-17,43.2,44.33,39.77,41.76
2001-09-18,41.07,42.17,38.87,38.87
2001-09-19,37.88,44.26,37.5,40.56
2001-09-20,41.4,43.76,41.17,43.74
2001-09-21,48.93,49.35,42.66,42.66
2001-09-24,41.32,41.49,37.2,37.75
2001-09-25,37.06,37.26,35.81,35.81
2001-09-26,35.0,35.74,34.49,35.26
2001-09-27,35.45,36.11,33.99,34.0
2001-09-28,33.08,33.08,31.74,31.93
2001-10-01,33.42,34.08,32.29,32.32
2001-10-02,32.41,32.64,31.16,31.18
2001-10-03,32.4,32.47,31.15,31.34
2001-10-04,31.37,32.16,30.31,31.97
2001-10-05,32.68,34.39,32.64,33.39
2001-10-08,35.66,36.18,34.84,35.12
2001-10-09,35.25,35.53,34.48,34.83
2001-10-10,34.17,34.17,31.34,31.6
2001-10-11,30.93,32.16,30.83,31.5
2001-10-12,32.48,36.56,32.27,35.27
2001-10-15,36.75,36.95,35.24,35.31
2001-10-16,34.81,35.32,32.85,32.88
2001-10-17,32.44,35.09,32.44,35.08
2001-10-18,35.42,35.61,34.85,34.95
2001-10-19,34.76,35.46,33.89,34.11
2001-10-22,34.47,34.66,32.17,32.25
2001-10-23,32.24,32.46,31.3,32.0
2001-10-24,31.74,31.84,30.8,30.95
2001-10-25,32.4,32.92,29.45,29.46
2001-10-26,30.02,30.02,28.11,28.42
2001-10-29,30.43,31.67,30.31,31.64
2001-10-30,33.24,34.77,33.0,33.46
2001-10-31,33.12,33.59,32.27,33.56
2001-11-01,33.97,34.57,32.0,32.31
2001-11-02,32.45,32.67,30.46,30.71
2001-11-05,31.14,31.21,30.23,30.5
2001-11-06,30.64,31.19,28.72,28.8
2001-11-07,29.41,29.54,28.11,29.13
2001-11-08,28.51,28.88,27.43,28.62
2001-11-09,28.99,29.05,27.34,27.44
2001-11-12,31.94,31.94,29.04,29.35
2001-11-13,27.95,28.02,26.34,26.47
2001-11-14,26.27,27.04,26.26,26.56
2001-11-15,26.33,26.46,25.53,25.56
2001-11-16,25.76,25.95,25.03,25.07
2001-11-19,25.43,25.43,24.46,24.46
2001-11-20,24.35,24.48,23.5,24.12
2001-11-21,23.86,24.42,23.84,24.19
2001-11-23,23.93,23.94,23.0,23.25
2001-11-26,24.22,24.74,23.75,23.79
2001-11-27,23.6,24.56,22.96,24.0
2001-11-28,24.57,25.91,24.29,25.9
2001-11-29,26.16,26.46,25.14,25.18
2001-11-30,25.05,25.3,23.6,23.84
2001-12-03,25.92,26.38,25.52,25.77
2001-12-04,25.41,25.75,24.08,24.08
2001-12-05,23.15,23.15,22.58,23.02
2001-12-06,23.5,24.14,23.35,23.71
2001-12-07,23.76,23.85,23.18,23.49
2001-12-10,24.97,25.87,24.58,25.62
2001-12-11,25.25,25.58,24.22,25.3
2001-12-12,25.0,25.91,24.66,24.87
2001-12-13,25.48,25.93,25.03,25.91
2001-12-14,25.28,25.53,24.23,24.63
2001-12-17,25.02,25.06,23.96,24.26
2001-12-18,23.43,23.71,23.19,23.29
2001-12-19,23.34,23.34,22.26,22.58
2001-12-20,22.56,23.69,22.48,23.67
2001-12-21,23.13,23.28,22.38,22.5
2001-12-24,23.06,23.11,22.62,22.62
2001-12-26,22.36,22.42,22.01,22.29
2001-12-27,22.01,22.01,21.59,21.59
2001-12-28,21.4,21.59,21.12,21.4
2001-12-31,22.5,23.8,22.46,23.8
2002-01-02,23.78,24.2,22.71,22.71
2002-01-03,22.22,22.43,21.33,21.34
2002-01-04,20.97,21.53,20.4,20.45
2002-01-07,21.41,22.15,21.35,21.94
2002-01-08,21.63,22.29,21.28,21.83
2002-01-09,21.3,22.42,20.66,22.13
2002-01-10,22.28,22.78,21.78,22.36
2002-01-11,22.29,22.84,21.92,22.6
2002-01-14,23.94,24.04,23.24,23.58
2002-01-15,23.39,23.74,22.58,22.7
2002-01-16,23.42,23.6,22.87,23.45
2002-01-17,23.34,23.55,22.13,22.25
2002-01-18,22.97,23.07,22.22,22.52
2002-01-22,22.93,23.83,22.76,23.61
2002-01-23,23.35,23.54,21.68,21.88
2002-01-24,21.19,21.34,20.74,21.15
2002-01-25,21.36,21.57,20.74,21.01
2002-01-28,21.24,21.88,21.11,21.14
2002-01-29,20.92,24.99,20.69,24.35
2002-01-30,24.58,26.88,23.22,23.22
2002-01-31,22.45,22.7,21.09,21.09
2002-02-01,21.12,21.43,20.95,21.12
2002-02-04,22.77,25.15,22.69,24.87
2002-02-05,25.26,26.19,24.51,25.45
2002-02-06,25.53,27.32,25.34,26.09
2002-02-07,25.99,26.54,24.24,25.11
2002-02-08,24.56,24.67,23.07,23.26
2002-02-11,24.04,24.04,21.78,21.78
2002-02-12,22.3,22.44,21.44,21.62
2002-02-13,20.92,21.17,20.55,20.85
2002-02-14,21.92,21.92,21.32,21.77
2002-02-15,21.98,22.79,21.54,22.37
2002-02-19,23.92,24.59,23.83,24.43
2002-02-20,23.78,24.94,22.62,22.66
2002-02-21,22.59,23.96,21.9,23.8
2002-02-22,24.04,24.44,22.75,22.86
2002-02-25,23.09,23.11,21.42,21.84
2002-02-26,21.36,22.25,21.35,21.68
2002-02-27,21.18,22.42,20.82,21.49
2002-02-28,21.12,21.59,20.71,21.59
2002-03-01,21.06,21.06,19.88,19.96
2002-03-04,20.69,20.95,20.35,20.5
2002-03-05,20.76,21.12,20.24,20.3
2002-03-06,20.27,20.49,19.55,19.94
2002-03-07,20.72,20.81,19.97,20.04
2002-03-08,19.76,20.22,19.27,19.27
2002-03-11,20.66,20.77,19.56,19.84
2002-03-12,20.52,20.57,19.51,19.59
2002-03-13,19.83,19.89,19.4,19.46
2002-03-14,19.45,19.56,18.98,19.2
2002-03-15,18.77,18.84,18.38,18.42
2002-03-18,18.79,19.4,18.74,18.93
2002-03-19,18.5,18.66,18.09,18.16
2002-03-20,18.7,18.75,18.33,18.46
2002-03-21,18.61,18.84,18.14,18.15
2002-03-22,18.34,18.38,17.62,17.77
2002-03-25,18.18,18.72,18.04,18.48
2002-03-26,18.44,18.44,17.81,18.13
2002-03-27,18.1,18.16,17.55,17.7
2002-03-28,17.23,17.51,17.02,17.4
2002-04-01,18.99,19.5,18.61,18.73
2002-04-02,19.12,19.41,19.12,19.16
2002-04-03,19.41,20.47,19.4,20.2
2002-04-04,19.9,20.09,19.46,19.78
2002-04-05,19.33,19.4,18.78,19.13
2002-04-08,20.35,20.46,19.57,19.61
2002-04-09,19.31,19.73,19.3,19.47
2002-04-10,19.22,19.28,18.17,18.19
2002-04-11,18.72,20.35,18.56,20.3
2002-04-12,19.96,20.19,19.31,19.42
2002-04-15,20.13,20.2,19.47,19.82
2002-04-16,18.58,19.03,18.06,18.11
2002-04-17,18.34,19.03,17.9,18.43
2002-04-18,17.82,19.8,17.82,19.29
2002-04-19,18.41,18.96,17.73,18.3
2002-04-22,19.41,20.09,19.34,19.77
2002-04-23,19.23,20.33,19.2,20.28
2002-04-24,20.01,20.86,19.71,20.77
2002-04-25,21.56,21.7,20.86,20.95
2002-04-26,20.72,22.14,20.67,22.14
2002-04-29,23.23,24.5,22.91,24.05
2002-04-30,24.03,24.03,21.64,21.91
2002-05-01,21.44,22.03,19.91,20.06
2002-05-02,20.11,20.51,19.91,20.07
2002-05-03,20.25,20.96,20.05,20.19
2002-05-06,20.99,22.57,20.83,22.56
2002-05-07,22.38,22.59,21.64,21.94
2002-05-08,21.3,21.31,20.21,20.39
2002-05-09,20.84,21.62,20.83,21.56
2002-05-10,21.83,22.71,21.77,22.41
2002-05-13,22.25,22.25,20.67,20.72
2002-05-14,19.87,20.08,19.2,19.35
2002-05-15,19.5,19.65,18.5,19.19
2002-05-16,19.31,19.31,18.48,18.5
2002-05-17,18.01,18.57,17.7,17.7
2002-05-20,18.76,19.42,18.76,19.24
2002-05-21,19.04,20.11,18.99,20.05
2002-05-22,20.25,20.71,19.54,19.58
2002-05-23,19.05,19.16,18.19,18.23
2002-05-24,18.22,19.03,18.22,18.9
2002-05-28,20.21,20.77,20.07,20.31
2002-05-29,20.41,20.79,19.73,20.39
2002-05-30,20.88,21.58,20.42,20.61
2002-05-31,20.26,20.26,19.43,19.98
2002-06-03,20.98,23.37,20.62,23.37
2002-06-04,23.6,24.82,23.31,23.89
2002-06-05,23.52,23.77,22.46,22.61
2002-06-06,22.97,24.64,22.94,24.16
2002-06-07,25.96,26.15,22.98,23.51
2002-06-10,24.18,24.28,23.05,23.72
2002-06-11,23.11,24.5,22.81,24.45
2002-06-12,24.18,25.5,23.85,24.15
2002-06-13,24.65,25.56,23.97,25.02
2002-06-14,28.43,28.78,25.8,25.96
2002-06-17,25.92,25.92,24.6,24.64
2002-06-18,24.75,24.81,24.06,24.24
2002-06-19,25.05,26.08,24.65,26.06
2002-06-20,26.1,27.56,26.0,27.48
2002-06-21,28.38,28.5,26.84,27.23
2002-06-24,27.93,29.02,26.46,26.98
2002-06-25,26.41,27.92,25.49,27.84
2002-06-26,29.99,30.98,28.41,28.42
2002-06-27,27.67,29.24,26.29,26.29
2002-06-28,25.74,25.88,24.88,25.4
2002-07-01,25.71,27.16,25.63,27.11
2002-07-02,27.56,29.78,27.56,28.96
2002-07-03,28.88,31.03,28.76,29.42
2002-07-05,27.3,27.3,25.68,27.11
2002-07-08,28.54,28.78,27.88,28.25
2002-07-09,27.96,30.34,27.79,30.22
2002-07-10,31.4,34.17,30.77,34.1
2002-07-11,34.42,36.35,33.85,33.85
2002-07-12,34.3,34.3,32.41,32.94
2002-07-15,35.07,38.38,34.86,35.03
2002-07-16,35.97,36.82,35.2,36.65
2002-07-17,34.25,36.73,33.62,35.45
2002-07-18,35.2,35.42,33.45,35.12
2002-07-19,36.42,38.17,35.98,38.17
2002-07-22,39.13,42.58,38.57,41.87
2002-07-23,42.27,46.13,42.05,44.92
2002-07-24,48.17,48.46,39.83,39.86
2002-07-25,40.65,42.05,38.89,39.27
2002-07-26,38.61,38.8,35.51,35.51
2002-07-29,33.89,33.89,31.19,31.33
2002-07-30,32.04,32.77,30.6,31.92
2002-07-31,32.78,33.68,32.03,32.03
2002-08-01,32.77,36.95,32.77,36.95
2002-08-02,37.53,43.93,36.86,41.29
2002-08-05,41.95,45.21,41.77,45.08
2002-08-06,43.06,43.06,40.28,42.03
2002-08-07,40.72,41.37,38.65,38.73
2002-08-08,38.53,39.06,36.19,36.33
2002-08-09,37.41,37.48,34.69,35.33
2002-08-12,37.23,37.52,36.83,37.05
2002-08-13,37.24,37.31,34.2,35.82
2002-08-14,35.56,35.99,32.35,32.36
2002-08-15,31.9,32.1,29.43,29.43
2002-08-16,29.88,29.95,28.01,28.81
2002-08-19,29.6,29.73,28.29,28.61
2002-08-20,29.52,30.22,29.18,29.59
2002-08-21,29.18,30.06,28.07,28.23
2002-08-22,28.64,28.64,27.61,27.75
2002-08-23,28.08,29.54,28.08,29.32
2002-08-26,30.73,31.93,29.63,29.89
2002-08-27,29.89,30.8,29.53,30.11
2002-08-28,31.24,33.6,31.19,33.32
2002-08-29,35.42,35.42,33.21,33.67
2002-08-30,33.64,33.64,31.93,32.64
2002-09-03,37.12,39.97,37.12,39.97
2002-09-04,39.21,39.71,37.05,37.44
2002-09-05,39.58,40.41,38.21,38.86
2002-09-06,36.88,37.35,35.99,36.33
2002-09-09,39.1,39.63,36.04,36.45
2002-09-10,35.98,35.98,35.08,35.08
2002-09-11,35.98,34.81,33.72,34.81
2002-09-12,36.24,37.74,36.1,37.5
2002-09-13,38.22,38.52,35.82,35.82
2002-09-16,37.34,38.55,36.64,36.74
2002-09-17,35.87,38.06,35.79,38.01
2002-09-18,38.68,39.71,36.96,37.52
2002-09-19,39.92,40.7,38.92,40.65
2002-09-20,39.93,40.23,38.72,38.98
2002-09-23,40.78,41.18,39.26,39.68
2002-09-24,40.95,41.34,39.57,40.52
2002-09-25,39.65,39.92,36.79,37.33
2002-09-26,36.09,36.15,34.6,34.6
2002-09-27,35.07,36.97,33.96,36.97
2002-09-30,41.07,41.86,38.89,39.69
2002-10-01,37.25,37.61,33.77,34.12
2002-10-02,35.16,36.97,34.42,36.83
2002-10-03,37.33,37.75,36.11,37.31
2002-10-04,39.18,40.29,38.67,39.46
2002-10-07,41.65,42.95,41.04,42.64
2002-10-08,42.09,43.44,39.96,41.02
2002-10-09,42.25,42.58,41.21,42.13
2002-10-10,39.13,39.39,37.54,37.55
2002-10-11,36.36,36.53,35.2,35.7
2002-10-14,36.92,37.18,36.02,36.04
2002-10-15,34.36,34.71,33.79,34.02
2002-10-16,34.91,36.27,34.91,36.0
2002-10-17,34.77,35.13,33.93,34.1
2002-10-18,34.6,34.73,33.34,33.53
2002-10-21,35.34,35.55,33.0,33.11
2002-10-22,34.39,34.76,33.61,34.09
2002-10-23,34.06,35.61,33.2,33.2
2002-10-24,32.99,34.43,32.53,34.03
2002-10-25,33.37,33.37,29.88,30.0
2002-10-28,30.78,31.67,30.31,31.07
2002-10-29,31.53,33.53,31.53,32.27
2002-10-30,32.5,32.5,30.79,31.23
2002-10-31,31.57,31.57,29.69,31.14
2002-11-01,31.57,31.7,28.62,29.3
2002-11-04,29.81,30.9,28.83,30.82
2002-11-05,31.01,31.72,30.43,31.23
2002-11-06,31.89,32.6,30.71,30.73
2002-11-07,31.42,31.85,30.76,31.42
2002-11-08,30.39,31.03,29.1,29.41
2002-11-11,30.63,31.64,30.41,31.3
2002-11-12,31.09,31.2,29.75,30.58
2002-11-13,31.21,31.9,30.5,31.24
2002-11-14,29.69,29.76,28.65,28.67
2002-11-15,27.92,28.23,26.44,26.65
2002-11-18,27.09,27.66,26.73,27.66
2002-11-19,28.12,28.15,26.63,27.41
2002-11-20,26.93,26.93,25.06,25.32
2002-11-21,24.6,24.75,23.41,23.81
2002-11-22,23.99,24.22,23.05,23.16
2002-11-25,23.92,25.42,23.62,24.07
2002-11-26,24.56,26.15,24.56,25.97
2002-11-27,25.15,27.42,23.97,27.25
2002-11-29,27.1,27.7,26.84,27.5
2002-12-02,28.35,28.61,27.28,27.46
2002-12-03,27.79,28.41,27.47,28.33
2002-12-04,29.1,29.51,28.27,28.92
2002-12-05,29.5,30.2,29.26,30.1
2002-12-06,30.64,30.64,28.77,28.88
2002-12-09,30.07,31.2,29.99,30.78
2002-12-10,30.44,30.49,28.65,28.76
2002-12-11,28.92,29.0,27.55,27.76
2002-12-12,27.95,28.16,27.23,27.29
2002-12-13,28.01,28.67,27.56,28.18
2002-12-16,28.25,28.29,26.22,26.24
2002-12-17,26.25,26.82,25.9,26.66
2002-12-18,27.29,28.55,27.29,28.29
2002-12-19,28.26,30.84,27.88,30.21
2002-12-20,28.59,28.75,26.59,26.71
2002-12-23,27.61,27.69,25.87,26.2
2002-12-24,26.39,26.82,26.38,26.49
2002-12-26,26.32,27.57,26.16,27.37
2002-12-27,27.72,29.97,27.52,29.55
2002-12-30,30.69,30.83,29.47,29.62
2002-12-31,29.08,29.62,28.6,28.62
2003-01-02,28.74,28.74,25.32,25.39
2003-01-03,25.55,25.55,24.68,24.68
2003-01-06,25.32,25.42,24.29,24.91
2003-01-07,25.13,25.69,24.91,25.13
2003-01-08,25.62,25.76,25.07,25.53
2003-01-09,24.9,24.9,24.02,24.25
2003-01-10,24.62,24.69,24.15,24.32
2003-01-13,24.95,25.48,24.68,24.9
2003-01-14,25.01,25.09,24.38,24.57
2003-01-15,24.85,26.01,24.85,25.51
2003-01-16,24.92,25.8,24.69,25.01
2003-01-17,25.39,26.0,25.2,25.7
2003-01-21,26.75,27.7,26.73,27.59
2003-01-22,28.16,29.08,27.77,29.01
2003-01-23,28.72,29.19,27.35,27.53
2003-01-24,28.47,32.41,28.45,31.51
2003-01-27,33.31,35.33,32.97,34.69
2003-01-28,34.42,34.47,31.82,31.93
2003-01-29,32.45,33.24,31.05,31.26
2003-01-30,31.38,31.5,30.66,31.32
2003-01-31,31.15,31.66,30.61,31.17
2003-02-03,32.45,32.45,30.87,31.02
2003-02-04,32.74,33.37,32.7,32.76
2003-02-05,32.76,33.22,31.98,33.04
2003-02-06,34.03,34.24,33.12,33.35
2003-02-07,33.3,34.31,33.19,34.01
2003-02-10,35.21,35.66,33.99,33.99
2003-02-11,33.18,33.97,32.72,33.68
2003-02-12,33.88,34.33,33.77,34.33
2003-02-13,34.99,35.2,33.33,33.7
2003-02-14,33.74,33.94,32.42,32.62
2003-02-18,32.12,32.12,31.11,31.11
2003-02-19,31.17,31.72,31.13,31.31
2003-02-20,30.97,31.27,30.86,31.16
2003-02-21,30.98,31.65,30.16,30.25
2003-02-24,31.46,32.31,31.46,31.98
2003-02-25,32.71,33.06,31.6,31.74
2003-02-26,32.12,32.21,31.75,31.94
2003-02-27,31.76,31.85,30.47,30.53
2003-02-28,29.84,29.84,29.06,29.63
2003-03-03,29.78,30.52,29.71,30.43
2003-03-04,31.05,31.98,30.98,31.83
2003-03-05,31.25,31.33,30.38,30.38
2003-03-06,31.04,31.53,30.69,31.37
2003-03-07,32.64,32.81,30.84,31.08
2003-03-10,33.37,33.85,33.08,33.31
2003-03-11,33.32,33.75,32.97,33.61
2003-03-12,33.69,34.4,33.32,33.51
2003-03-13,32.98,32.98,31.67,31.76
2003-03-14,30.85,31.25,30.45,30.98
2003-03-17,31.85,32.62,31.67,31.75
2003-03-18,31.51,31.51,30.24,30.43
2003-03-19,30.82,31.54,30.4,31.54
2003-03-20,31.81,32.0,30.41,30.44
2003-03-21,29.41,29.7,28.44,28.67
2003-03-24,30.53,31.0,30.33,30.39
2003-03-25,30.27,30.5,28.75,28.75
2003-03-26,28.62,28.79,27.89,28.23
2003-03-27,28.94,29.1,27.62,27.96
2003-03-28,28.21,28.25,27.58,27.75
2003-03-31,29.95,30.21,28.57,29.15
2003-04-01,29.58,29.58,28.18,28.36
2003-04-02,27.5,28.12,27.45,28.02
2003-04-03,28.32,28.44,27.54,28.21
2003-04-04,28.35,30.04,28.35,29.13
2003-04-07,28.86,28.86,27.68,28.45
2003-04-08,27.87,27.94,26.86,27.13
2003-04-09,27.08,27.23,26.13,27.11
2003-04-10,26.92,27.13,25.51,25.6
2003-04-11,24.42,25.2,24.31,24.44
2003-04-14,24.83,25.0,23.32,23.41
2003-04-15,23.24,23.42,22.44,22.56
2003-04-16,22.5,22.85,21.95,22.52
2003-04-17,22.11,22.38,21.33,21.5
2003-04-21,21.81,22.35,21.56,21.95
2003-04-22,21.83,21.86,20.26,20.7
2003-04-23,20.86,21.07,20.68,20.8
2003-04-24,21.03,21.27,20.31,20.33
2003-04-25,20.51,20.89,20.36,20.8
2003-04-28,20.89,20.96,20.65,20.84
2003-04-29,20.66,21.33,20.46,20.76
2003-04-30,21.04,21.56,20.87,21.21
2003-05-01,21.35,22.33,21.32,21.59
2003-05-02,21.09,21.42,20.63,20.63
2003-05-05,21.32,21.71,21.06,21.13
2003-05-06,21.0,21.35,20.4,20.8
2003-05-07,21.45,21.58,20.94,21.0
2003-05-08,21.66,21.66,20.7,21.24
2003-05-09,20.85,20.93,19.66,19.69
2003-05-12,19.96,20.02,19.39,19.52
2003-05-13,19.51,20.05,19.35,19.91
2003-05-14,20.02,20.29,19.82,20.0
2003-05-15,19.55,19.79,19.22,19.24
2003-05-16,19.26,19.42,18.24,18.4
2003-05-19,19.49,20.69,19.45,20.51
2003-05-20,20.49,21.68,20.3,21.29
2003-05-21,21.69,21.72,21.21,21.21
2003-05-22,20.99,21.0,19.56,19.78
2003-05-23,20.07,20.08,19.14,19.17
2003-05-27,20.68,20.75,19.66,19.99
2003-05-28,19.79,20.35,19.79,20.03
2003-05-29,19.72,20.74,19.66,20.43
2003-05-30,19.83,19.83,19.44,19.47
2003-06-02,20.35,20.98,20.06,20.85
2003-06-03,20.85,21.22,20.7,20.84
2003-06-04,20.95,20.95,20.5,20.62
2003-06-05,21.21,21.39,20.81,20.83
2003-06-06,20.41,21.44,20.16,21.25
2003-06-09,22.2,22.81,22.12,22.15
2003-06-10,21.87,21.87,20.64,20.64
2003-06-11,20.61,20.72,20.1,20.21
2003-06-12,20.74,21.04,20.39,20.41
2003-06-13,20.57,20.9,20.5,20.66
2003-06-16,21.28,21.28,20.22,20.22
2003-06-17,20.3,20.55,19.78,20.01
2003-06-18,20.25,20.33,19.74,19.76
2003-06-19,19.83,19.99,19.51,19.8
2003-06-20,19.54,19.59,18.89,19.14
2003-06-23,20.16,20.99,20.16,20.58
2003-06-24,20.29,20.89,20.24,20.75
2003-06-25,21.14,21.25,20.48,20.81
2003-06-26,20.19,20.47,19.4,19.4
2003-06-27,19.4,19.64,18.87,19.16
2003-06-30,19.31,19.63,19.21,19.52
2003-07-01,20.49,20.8,19.29,19.46
2003-07-02,18.91,19.4,18.84,19.03
2003-07-03,19.33,19.73,18.86,19.39
2003-07-07,19.99,20.32,19.84,20.06
2003-07-08,19.96,20.05,19.37,19.48
2003-07-09,19.5,19.63,18.93,18.93
2003-07-10,19.26,19.5,19.05,19.19
2003-07-11,18.75,18.89,18.26,18.47
2003-07-14,18.88,19.67,18.7,19.59
2003-07-15,19.7,19.93,19.38,19.55
2003-07-16,19.71,20.15,19.66,19.76
2003-07-17,19.8,20.45,19.8,20.22
2003-07-18,20.14,20.2,19.1,19.11
2003-07-21,20.06,20.36,19.78,19.78
2003-07-22,19.85,20.07,19.1,19.17
2003-07-23,19.44,19.6,18.6,18.64
2003-07-24,18.37,18.65,17.88,18.6
2003-07-25,18.6,18.88,17.65,17.75
2003-07-28,18.69,18.76,18.25,18.36
2003-07-29,18.6,19.5,18.32,18.67
2003-07-30,18.88,19.03,18.73,18.85
2003-07-31,18.82,19.58,18.36,19.49
2003-08-01,20.06,20.77,20.06,20.75
2003-08-04,22.16,22.86,21.25,21.27
2003-08-05,21.61,22.68,21.36,22.68
2003-08-06,23.26,23.89,21.48,21.5
2003-08-07,21.51,21.72,20.09,20.26
2003-08-08,19.78,20.21,19.48,19.59
2003-08-11,20.04,20.31,19.51,19.75
2003-08-12,19.11,19.55,17.75,17.94
2003-08-13,18.31,18.99,18.05,18.77
2003-08-14,18.96,18.96,18.2,18.47
2003-08-15,18.65,18.94,18.15,18.27
2003-08-18,18.72,18.85,18.01,18.18
2003-08-19,17.99,18.38,17.79,17.86
2003-08-20,18.07,18.33,17.81,17.82
2003-08-21,17.64,18.18,17.64,17.84
2003-08-22,17.74,18.63,17.73,18.55
2003-08-25,19.45,19.58,19.21,19.53
2003-08-26,19.77,20.3,19.45,19.49
2003-08-27,19.91,19.93,19.09,19.13
2003-08-28,19.09,19.59,18.45,18.48
2003-08-29,18.53,18.75,18.52,18.63
2003-09-02,19.31,19.83,18.95,19.02
2003-09-03,19.31,19.58,19.21,19.44
2003-09-04,19.58,19.64,18.7,18.71
2003-09-05,18.64,18.69,18.15,18.17
2003-09-08,18.3,18.59,18.25,18.26
2003-09-09,18.48,19.14,18.45,18.85
2003-09-10,19.26,20.15,19.26,20.01
2003-09-11,19.87,20.02,19.19,19.25
2003-09-12,20.58,20.66,18.51,18.68
2003-09-15,19.15,19.35,18.85,19.28
2003-09-16,18.94,18.94,17.95,18.03
2003-09-17,18.03,18.24,17.98,18.15
2003-09-18,18.14,18.15,17.56,17.57
2003-09-19,17.83,17.86,17.52,17.54
2003-09-22,19.08,23.9,19.03,19.65
2003-09-23,19.91,19.97,19.31,19.47
2003-09-24,19.53,21.26,19.44,21.22
2003-09-25,21.11,22.27,21.04,22.26
2003-09-26,22.28,22.73,21.85,22.23
2003-09-29,22.85,22.85,21.64,21.67
2003-09-30,22.04,23.26,22.03,22.72
2003-10-01,22.81,22.82,20.99,21.07
2003-10-02,21.23,21.45,20.71,20.8
2003-10-03,19.94,20.09,18.95,19.5
2003-10-06,20.69,20.69,19.45,19.51
2003-10-07,20.14,20.14,19.4,19.41
2003-10-08,19.26,19.61,19.08,19.18
2003-10-09,18.51,19.28,18.26,18.82
2003-10-10,18.92,18.92,18.42,18.45
2003-10-13,17.62,17.91,17.42,17.55
2003-10-14,17.4,17.79,17.2,17.37
2003-10-15,17.73,17.96,16.98,17.69
2003-10-16,17.58,18.05,16.86,17.19
2003-10-17,16.97,17.85,16.97,17.62
2003-10-20,17.84,18.07,17.04,17.04
2003-10-21,17.16,17.23,16.19,16.55
2003-10-22,17.1,17.98,17.1,17.67
2003-10-23,18.51,18.51,17.48,17.68
2003-10-24,18.25,18.68,17.67,17.71
2003-10-27,17.97,18.18,17.74,18.05
2003-10-28,17.79,17.89,16.77,16.82
2003-10-29,16.85,17.02,16.34,16.43
2003-10-30,18.45,18.45,16.01,16.33
2003-10-31,16.11,16.19,15.79,16.1
2003-11-03,16.33,16.7,16.22,16.55
2003-11-04,16.57,16.78,16.45,16.55
2003-11-05,16.99,17.32,16.55,16.86
2003-11-06,17.0,17.37,16.62,16.74
2003-11-07,16.63,16.93,16.5,16.93
2003-11-10,17.79,17.88,17.53,17.62
2003-11-11,18.14,18.53,17.5,17.54
2003-11-12,17.78,17.85,16.55,16.75
2003-11-13,17.05,17.13,16.43,16.47
2003-11-14,16.63,17.0,16.17,16.94
2003-11-17,18.14,19.36,18.04,18.6
2003-11-18,18.09,19.17,17.78,19.11
2003-11-19,19.14,19.51,18.65,18.8
2003-11-20,19.09,19.61,18.46,19.48
2003-11-21,19.08,19.4,18.82,18.98
2003-11-24,18.91,18.98,17.19,17.44
2003-11-25,17.4,17.87,16.4,16.71
2003-11-26,16.11,17.26,16.02,16.23
2003-11-28,16.51,16.62,16.16,16.32
2003-12-01,16.74,17.03,16.17,16.77
2003-12-02,16.89,16.89,16.17,16.27
2003-12-03,16.08,16.68,15.77,16.63
2003-12-04,16.48,16.83,16.29,16.3
2003-12-05,16.76,17.32,16.5,17.09
2003-12-08,17.55,17.59,16.52,16.54
2003-12-09,16.63,17.8,16.56,17.63
2003-12-10,17.66,18.27,17.58,17.87
2003-12-11,17.95,17.95,16.51,16.73
2003-12-12,16.19,16.98,16.09,16.41
2003-12-15,15.8,17.42,15.79,17.23
2003-12-16,17.27,17.45,15.9,15.93
2003-12-17,16.12,16.27,15.52,15.58
2003-12-18,15.59,16.19,14.66,16.16
2003-12-19,16.66,16.81,15.71,16.42
2003-12-22,17.06,17.31,16.61,16.94
2003-12-23,17.32,17.4,16.29,16.49
2003-12-24,16.65,16.77,16.24,16.66
2003-12-26,16.76,17.49,16.63,17.45
2003-12-29,17.81,17.86,17.07,17.09
2003-12-30,17.32,17.97,17.2,17.68
2003-12-31,17.49,18.86,17.41,18.31
2004-01-02,17.96,18.68,17.54,18.22
2004-01-05,18.45,18.49,17.44,17.49
2004-01-06,17.66,17.67,16.19,16.73
2004-01-07,16.72,16.75,15.5,15.5
2004-01-08,15.42,15.68,15.32,15.61
2004-01-09,16.15,16.88,15.57,16.75
2004-01-12,17.32,17.46,16.79,16.82
2004-01-13,16.6,18.33,16.53,18.04
2004-01-14,17.29,17.3,16.4,16.75
2004-01-15,17.07,17.31,15.49,15.56
2004-01-16,15.4,15.44,14.9,15.0
2004-01-20,15.77,16.13,15.09,15.21
2004-01-21,36.55,36.55,14.24,14.34
2004-01-22,14.2,14.87,14.01,14.71
2004-01-23,14.73,15.05,14.56,14.84
2004-01-26,15.78,15.78,14.52,14.55
2004-01-27,15.28,15.44,14.74,15.35
2004-01-28,15.37,17.06,15.29,16.78
2004-01-29,16.88,17.66,16.79,17.14
2004-01-30,16.55,17.35,16.55,16.63
2004-02-02,17.45,17.56,16.67,17.11
2004-02-03,17.29,17.78,17.17,17.34
2004-02-04,17.84,18.06,17.46,17.87
2004-02-05,17.91,17.99,17.6,17.71
2004-02-06,17.71,17.71,15.94,16.0
2004-02-09,16.54,16.82,16.12,16.39
2004-02-10,16.41,16.76,15.84,15.94
2004-02-11,15.9,16.16,15.26,15.39
2004-02-12,15.36,15.72,15.23,15.31
2004-02-13,15.12,16.03,14.86,15.58
2004-02-17,15.63,15.96,15.32,15.4
2004-02-18,15.51,15.76,15.3,15.59
2004-02-19,15.33,15.97,15.2,15.8
2004-02-20,15.85,16.55,15.82,16.04
2004-02-23,16.5,16.78,16.25,16.29
2004-02-24,16.38,16.76,15.77,15.9
2004-02-25,15.58,16.05,14.93,14.93
2004-02-26,15.32,15.33,14.69,14.83
2004-02-27,13.8,14.77,13.8,14.55
2004-03-01,14.91,15.05,14.4,14.44
2004-03-02,14.59,14.89,14.18,14.86
2004-03-03,14.73,15.27,14.47,14.55
2004-03-04,14.45,14.5,14.19,14.4
2004-03-05,14.81,14.82,13.83,14.48
2004-03-08,14.83,15.83,14.54,15.79
2004-03-09,15.57,16.74,15.56,16.6
2004-03-10,16.12,18.7,16.11,18.67
2004-03-11,18.81,20.69,17.63,20.67
2004-03-12,19.94,20.08,18.06,18.3
2004-03-15,18.98,21.39,18.86,21.13
2004-03-16,20.27,20.94,19.86,20.34
2004-03-17,19.54,19.55,17.98,18.11
2004-03-18,18.38,19.23,18.35,18.53
2004-03-19,17.98,19.25,17.89,19.15
2004-03-22,20.61,22.67,20.61,21.58
2004-03-23,21.06,21.33,20.01,20.67
2004-03-24,20.24,20.83,19.45,19.81
2004-03-25,19.58,19.58,17.61,17.88
2004-03-26,18.19,18.23,16.67,17.33
2004-03-29,17.11,17.17,16.29,16.5
2004-03-30,16.68,16.8,16.13,16.28
2004-03-31,16.33,16.96,16.23,16.74
2004-04-01,16.76,17.25,16.65,16.65
2004-04-02,15.21,16.55,15.21,15.64
2004-04-05,16.17,16.64,14.81,14.97
2004-04-06,15.35,15.53,15.07,15.32
2004-04-07,15.41,16.36,15.34,15.76
2004-04-08,14.96,16.82,14.96,16.26
2004-04-12,15.71,16.12,15.0,15.28
2004-04-13,15.29,17.98,15.29,17.26
2004-04-14,17.29,17.71,15.6,15.62
2004-04-15,16.02,16.78,15.22,15.74
2004-04-16,15.59,15.69,14.77,14.94
2004-04-19,15.73,16.08,15.33,15.42
2004-04-20,15.24,16.72,14.79,16.67
2004-04-21,16.61,16.94,15.55,15.6
2004-04-22,15.89,15.98,13.86,14.61
2004-04-23,12.89,14.56,12.89,14.01
2004-04-26,14.75,15.22,14.39,14.77
2004-04-27,15.05,15.17,14.37,15.07
2004-04-28,15.55,16.54,15.55,16.29
2004-04-29,16.36,17.27,15.87,16.6
2004-04-30,16.27,17.23,16.14,17.19
2004-05-03,17.69,17.72,16.61,16.62
2004-05-04,16.8,17.13,15.97,16.55
2004-05-05,16.43,16.55,15.64,15.77
2004-05-06,16.45,17.67,16.45,17.05
2004-05-07,17.22,18.17,16.44,18.13
2004-05-10,19.44,20.2,18.99,19.77
2004-05-11,19.23,19.28,17.94,18.57
2004-05-12,18.79,20.41,18.14,18.14
2004-05-13,18.78,18.92,17.97,18.86
2004-05-14,18.66,19.27,18.06,18.47
2004-05-17,19.7,20.45,19.65,19.96
2004-05-18,19.6,19.7,19.14,19.33
2004-05-19,18.48,18.93,17.58,18.93
2004-05-20,18.6,19.25,18.55,18.67
2004-05-21,18.73,18.74,18.0,18.49
2004-05-24,18.79,18.82,17.96,18.08
2004-05-25,18.41,18.42,15.73,15.96
2004-05-26,16.09,16.3,15.78,15.97
2004-05-27,15.74,15.86,15.19,15.28
2004-05-28,15.44,15.65,15.39,15.5
2004-06-01,16.6,16.96,16.19,16.3
2004-06-02,16.05,16.7,15.95,16.08
2004-06-03,16.43,17.04,16.16,17.03
2004-06-04,16.24,16.9,15.82,16.78
2004-06-07,16.6,16.7,15.33,15.39
2004-06-08,15.79,15.88,15.0,15.01
2004-06-09,14.56,15.46,14.56,15.39
2004-06-10,15.33,15.35,14.92,15.04
2004-06-11,15.04,15.04,15.04,15.04
2004-06-14,15.54,16.36,15.54,16.07
2004-06-15,15.34,15.35,14.72,15.05
2004-06-16,14.83,15.22,14.48,14.79
2004-06-17,15.06,15.58,15.0,15.15
2004-06-18,14.74,15.25,14.51,14.99
2004-06-21,15.61,15.62,14.96,15.26
2004-06-22,15.44,15.64,14.31,14.31
2004-06-23,14.6,14.82,13.75,13.98
2004-06-24,14.39,14.97,14.16,14.81
2004-06-25,14.78,15.29,14.47,15.19
2004-06-28,15.28,16.13,15.19,16.07
2004-06-29,15.22,16.28,15.22,15.47
2004-06-30,15.27,15.73,14.25,14.34
2004-07-01,14.74,15.57,14.41,15.2
2004-07-02,15.23,15.45,14.8,15.08
2004-07-06,16.25,16.75,16.13,16.25
2004-07-07,16.36,16.47,15.59,15.81
2004-07-08,15.86,16.36,15.5,16.2
2004-07-09,16.01,16.03,15.71,15.78
2004-07-12,15.25,15.61,14.61,14.96
2004-07-13,14.86,15.08,14.28,14.46
2004-07-14,14.9,16.59,13.34,13.76
2004-07-15,13.94,14.73,13.6,14.71
2004-07-16,14.27,14.58,13.95,14.34
2004-07-19,15.17,15.83,14.86,15.17
2004-07-20,15.53,15.57,13.98,14.17
2004-07-21,14.0,16.46,13.91,16.41
2004-07-22,16.65,17.1,15.29,15.75
2004-07-23,15.82,16.94,15.82,16.5
2004-07-26,17.22,17.93,16.98,17.3
2004-07-27,17.24,17.34,16.3,16.55
2004-07-28,16.77,17.41,15.94,16.15
2004-07-29,16.0,16.12,15.42,15.68
2004-07-30,15.85,15.89,15.27,15.32
2004-08-02,16.42,16.58,15.22,15.37
2004-08-03,15.56,16.05,15.28,16.03
2004-08-04,16.33,16.65,15.82,16.21
2004-08-05,16.19,18.41,16.17,18.32
2004-08-06,18.21,19.68,18.18,19.34
2004-08-09,19.97,19.97,18.63,18.89
2004-08-10,18.8,18.86,17.25,17.47
2004-08-11,18.15,18.49,17.84,18.04
2004-08-12,18.61,19.3,18.36,19.08
2004-08-13,18.91,19.25,17.97,17.98
2004-08-16,19.28,19.28,17.42,17.57
2004-08-17,16.58,17.28,16.16,17.02
2004-08-18,17.55,17.55,16.13,16.23
2004-08-19,16.54,17.55,16.31,16.96
2004-08-20,16.99,17.04,15.78,16.0
2004-08-23,16.68,16.71,15.79,15.88
2004-08-24,15.63,15.81,15.33,15.33
2004-08-25,15.4,15.76,14.81,14.98
2004-08-26,15.22,15.22,14.76,14.91
2004-08-27,14.91,15.02,14.67,14.71
2004-08-30,15.35,15.58,15.3,15.44
2004-08-31,15.64,15.85,15.28,15.29
2004-09-01,15.39,15.39,14.72,14.91
2004-09-02,14.97,15.05,14.18,14.28
2004-09-03,14.36,14.38,13.79,13.91
2004-09-07,14.52,14.64,14.03,14.07
2004-09-08,13.41,14.31,13.41,14.06
2004-09-09,14.12,14.41,13.7,14.01
2004-09-10,13.9,14.23,13.69,13.76
2004-09-13,13.64,13.78,13.16,13.17
2004-09-14,13.5,13.89,13.5,13.56
2004-09-15,13.88,14.67,13.68,14.64
2004-09-16,14.29,14.66,14.27,14.39
2004-09-17,14.11,14.43,13.93,14.03
2004-09-20,13.98,15.29,13.98,14.43
2004-09-21,15.98,15.98,13.38,13.66
2004-09-22,15.28,15.3,13.95,14.74
2004-09-23,14.85,15.08,14.61,14.8
2004-09-24,14.93,14.94,14.08,14.28
2004-09-27,14.86,31.36,14.55,14.62
2004-09-28,14.73,14.84,13.69,13.83
2004-09-29,14.09,14.14,13.2,13.21
2004-09-30,13.49,13.67,13.2,13.34
2004-10-01,13.11,13.11,12.6,12.75
2004-10-04,13.05,13.45,12.99,13.41
2004-10-05,13.51,14.19,13.51,13.95
2004-10-06,14.01,14.1,13.24,13.28
2004-10-07,13.33,14.66,13.32,14.5
2004-10-08,14.7,15.52,13.78,15.05
2004-10-11,14.69,15.27,14.28,14.71
2004-10-12,15.21,15.69,14.91,15.05
2004-10-13,13.92,15.63,13.92,15.42
2004-10-14,15.22,16.56,15.22,16.43
2004-10-15,16.28,16.49,14.72,15.04
2004-10-18,16.16,16.16,14.64,14.71
2004-10-19,16.32,16.32,14.32,15.13
2004-10-20,15.46,15.53,14.8,14.85
2004-10-21,14.98,15.19,14.28,14.54
2004-10-22,14.59,15.41,14.31,15.28
2004-10-25,16.07,16.71,16.02,16.58
2004-10-26,19.54,16.87,15.97,16.39
2004-10-27,16.48,16.53,15.66,15.72
2004-10-28,16.02,16.05,15.36,15.39
2004-10-29,15.83,16.29,14.96,16.27
2004-11-01,16.43,16.76,16.18,16.27
2004-11-02,15.99,16.32,15.21,16.18
2004-11-03,15.05,15.18,13.79,14.04
2004-11-04,13.83,14.02,12.95,13.97
2004-11-05,13.67,14.1,13.23,13.84
2004-11-08,2.58,14.48,13.68,13.8
2004-11-09,12.89,13.96,12.89,13.61
2004-11-10,13.16,13.51,12.79,13.08
2004-11-11,13.11,13.12,12.64,13.04
2004-11-12,13.24,13.48,13.04,13.33
2004-11-15,14.05,14.06,13.25,13.38
2004-11-16,13.41,13.67,13.2,13.21
2004-11-17,13.2,13.39,12.77,13.21
2004-11-18,13.22,13.29,12.96,12.98
2004-11-19,12.79,13.83,12.77,13.5
2004-11-22,13.71,13.71,12.94,12.97
2004-11-23,12.78,12.91,12.57,12.67
2004-11-24,12.58,12.89,12.56,12.72
2004-11-26,14.98,14.98,12.59,12.79
2004-11-29,12.99,13.69,12.93,13.3
2004-11-30,13.27,13.38,13.07,13.24
2004-12-01,13.1,13.12,12.77,12.97
2004-12-02,12.97,13.04,12.72,12.98
2004-12-03,13.02,13.06,12.4,12.96
2004-12-06,12.95,13.4,12.93,13.19
2004-12-07,13.07,13.74,12.96,13.67
2004-12-08,13.52,13.68,13.18,13.19
2004-12-09,13.52,13.71,12.77,12.88
2004-12-10,13.05,13.15,12.68,12.76
2004-12-13,12.37,12.61,12.13,12.54
2004-12-14,12.55,12.97,12.21,12.73
2004-12-15,12.41,12.88,12.23,12.35
2004-12-16,12.34,12.59,11.96,12.27
2004-12-17,12.34,12.75,11.87,11.95
2004-12-20,12.26,12.34,11.77,11.83
2004-12-21,11.78,12.0,11.37,11.55
2004-12-22,11.42,11.71,11.37,11.45
2004-12-23,11.41,11.64,11.14,11.23
2004-12-27,11.53,12.16,11.53,12.14
2004-12-28,12.25,12.4,11.97,12.0
2004-12-29,11.61,11.79,11.61,11.62
2004-12-30,12.25,12.61,12.18,12.56
2004-12-31,12.42,13.29,12.42,13.29
2005-01-03,13.39,14.23,13.25,14.08
2005-01-04,14.01,14.45,13.93,13.98
2005-01-05,13.98,14.09,13.26,14.09
2005-01-06,14.09,14.09,13.33,13.58
2005-01-07,13.47,13.51,12.94,13.49
2005-01-10,13.92,13.93,12.94,13.23
2005-01-11,13.44,13.68,13.05,13.19
2005-01-12,13.94,13.94,12.54,12.56
2005-01-13,12.7,12.86,12.37,12.84
2005-01-14,12.68,12.82,12.29,12.43
2005-01-18,13.13,13.15,12.3,12.47
2005-01-19,12.47,13.21,12.41,13.18
2005-01-20,13.37,14.11,13.28,13.83
2005-01-21,13.75,14.46,13.4,14.36
2005-01-24,14.38,14.75,14.17,14.65
2005-01-25,14.34,14.36,13.88,14.06
2005-01-26,13.84,13.84,13.06,13.44
2005-01-27,13.5,13.57,12.96,13.24
2005-01-28,13.15,13.56,12.83,13.24
2005-01-31,13.63,13.63,12.79,12.82
2005-02-01,12.8,20.13,12.02,12.03
2005-02-02,12.01,12.06,11.52,11.66
2005-02-03,12.03,12.12,11.72,11.79
2005-02-04,11.97,11.97,10.9,11.21
2005-02-07,11.53,11.75,11.36,11.73
2005-02-08,11.66,11.67,11.45,11.6
2005-02-09,11.52,12.02,11.41,12.0
2005-02-10,11.98,11.99,11.38,11.51
2005-02-11,11.64,11.82,11.25,11.43
2005-02-14,11.28,11.86,11.18,11.52
2005-02-15,11.57,11.76,11.13,11.27
2005-02-16,11.4,11.5,11.03,11.1
2005-02-17,11.25,11.91,11.21,11.77
2005-02-18,11.99,12.12,11.18,11.18
2005-02-22,12.18,13.2,12.09,13.14
2005-02-23,12.94,12.94,12.3,12.39
2005-02-24,12.51,12.51,11.48,11.57
2005-02-25,11.75,11.78,10.92,11.49
2005-02-28,11.89,12.5,11.73,12.08
2005-03-01,11.95,12.1,11.66,12.04
2005-03-02,12.88,12.91,12.2,12.5
2005-03-03,12.28,13.07,12.23,12.93
2005-03-04,12.49,12.5,11.94,11.94
2005-03-07,12.36,12.6,12.05,12.26
2005-03-08,12.06,12.5,11.95,12.4
2005-03-09,12.23,12.72,12.2,12.7
2005-03-10,12.62,12.97,12.42,12.49
2005-03-11,12.29,12.98,12.11,12.8
2005-03-14,12.82,12.99,12.36,12.39
2005-03-15,12.44,13.22,12.33,13.15
2005-03-16,13.3,13.81,13.19,13.49
2005-03-17,13.25,13.67,13.2,13.29
2005-03-18,13.65,13.67,13.08,13.14
2005-03-21,13.62,13.98,13.33,13.61
2005-03-22,13.76,14.28,13.15,14.27
2005-03-23,14.61,14.89,13.88,14.06
2005-03-24,13.86,13.88,12.97,13.42
2005-03-28,14.01,14.01,13.44,13.75
2005-03-29,13.96,14.68,13.38,14.49
2005-03-30,14.47,14.47,13.64,13.64
2005-03-31,13.71,14.1,13.57,14.02
2005-04-01,13.64,14.38,12.92,14.09
2005-04-04,14.53,14.76,13.96,14.11
2005-04-05,14.1,14.11,13.66,13.68
2005-04-06,13.75,13.76,12.89,13.15
2005-04-07,12.92,12.96,12.3,12.33
2005-04-08,12.06,12.65,11.52,12.62
2005-04-11,12.09,12.46,11.82,11.98
2005-04-12,11.66,12.83,11.19,11.3
2005-04-13,11.68,13.44,11.27,13.31
2005-04-14,13.4,14.6,12.67,14.53
2005-04-15,14.92,18.05,14.71,17.74
2005-04-18,18.33,18.59,16.41,16.56
2005-04-19,15.28,15.97,14.81,14.96
2005-04-20,14.86,17.25,14.52,16.92
2005-04-21,16.22,16.22,14.26,14.41
2005-04-22,14.54,16.32,14.2,15.38
2005-04-25,15.29,15.47,14.6,14.62
2005-04-26,14.27,15.15,14.27,14.91
2005-04-27,14.62,15.93,14.43,14.87
2005-04-28,14.19,16.87,14.19,16.86
2005-04-29,15.75,16.92,15.26,15.31
2005-05-02,15.45,16.01,15.08,15.12
2005-05-03,17.89,17.89,14.53,14.53
2005-05-04,14.44,15.38,13.7,13.85
2005-05-05,13.48,15.82,13.43,13.98
2005-05-06,13.29,14.06,13.11,14.05
2005-05-09,14.11,14.56,13.53,13.75
2005-05-10,14.05,15.11,14.03,14.91
2005-05-11,14.69,15.8,14.31,14.45
2005-05-12,14.43,16.23,14.16,16.12
2005-05-13,15.88,17.7,15.4,16.32
2005-05-16,16.87,16.87,15.67,15.68
2005-05-17,15.92,16.21,14.45,14.57
2005-05-18,14.11,14.18,13.3,13.63
2005-05-19,13.35,14.02,13.25,13.32
2005-05-20,13.57,13.73,13.07,13.14
2005-05-23,13.38,13.45,12.75,12.95
2005-05-24,13.12,13.3,12.53,12.69
2005-05-25,12.83,13.11,12.58,12.58
2005-05-26,12.23,12.38,11.65,12.24
2005-05-27,12.06,12.43,12.06,12.15
2005-05-31,12.69,13.45,12.67,13.29
2005-06-01,13.34,13.34,12.17,12.36
2005-06-02,12.35,12.43,11.8,11.84
2005-06-03,11.78,12.49,11.52,12.15
2005-06-06,12.68,26.83,12.21,12.28
2005-06-07,12.22,12.43,11.47,12.39
2005-06-08,13.1,13.11,12.05,12.7
2005-06-09,12.69,13.07,12.06,12.08
2005-06-10,12.16,12.4,11.9,11.96
2005-06-13,12.12,12.12,11.31,11.65
2005-06-14,11.65,12.02,11.52,11.79
2005-06-15,11.22,11.96,11.05,11.46
2005-06-16,11.24,11.36,11.04,11.15
2005-06-17,10.83,11.64,10.78,11.48
2005-06-20,12.51,12.53,11.31,11.47
2005-06-21,11.52,11.67,11.01,11.08
2005-06-22,10.96,11.31,10.81,11.05
2005-06-23,11.19,12.13,10.96,12.13
2005-06-24,12.27,12.32,11.95,12.18
2005-06-27,12.73,12.78,12.38,12.52
2005-06-28,12.31,12.31,11.55,11.58
2005-06-29,11.54,11.78,11.44,11.77
2005-06-30,11.72,12.1,11.5,12.04
2005-07-01,11.75,11.92,11.38,11.4
2005-07-05,12.41,12.41,11.53,11.68
2005-07-06,11.67,12.33,11.54,12.27
2005-07-07,13.91,13.92,12.48,12.49
2005-07-08,12.24,12.29,11.09,11.45
2005-07-11,10.96,11.41,10.53,11.28
2005-07-12,11.03,11.37,10.85,10.95
2005-07-13,11.09,11.44,10.8,10.84
2005-07-14,10.87,11.13,10.5,10.81
2005-07-15,10.61,10.9,10.13,10.33
2005-07-18,11.09,11.09,10.77,10.77
2005-07-19,10.63,10.79,10.36,10.45
2005-07-20,10.8,10.94,9.88,10.23
2005-07-21,10.23,11.21,10.23,10.97
2005-07-22,11.01,11.05,10.51,10.52
2005-07-25,11.12,36.56,10.7,11.1
2005-07-26,11.11,11.25,10.92,10.99
2005-07-27,11.03,11.03,10.34,10.36
2005-07-28,10.4,10.58,10.27,10.52
2005-07-29,10.24,11.73,10.24,11.57
2005-08-01,11.75,12.23,11.36,12.08
2005-08-02,12.0,12.03,11.69,11.75
2005-08-03,11.9,12.01,11.62,11.83
2005-08-04,12.12,12.57,11.99,12.52
2005-08-05,11.82,12.92,11.82,12.48
2005-08-08,12.56,13.29,12.56,13.21
2005-08-09,12.25,12.78,12.24,12.4
2005-08-10,12.03,12.56,11.51,12.38
2005-08-11,12.34,12.94,11.88,12.42
2005-08-12,12.36,12.98,12.18,12.74
2005-08-15,12.87,12.99,12.08,12.26
2005-08-16,12.37,13.89,12.28,13.52
2005-08-17,13.35,13.76,12.78,13.3
2005-08-18,13.47,13.88,13.01,13.42
2005-08-19,12.84,13.85,12.61,13.42
2005-08-22,13.67,13.89,13.2,13.42
2005-08-23,13.63,14.05,13.3,13.34
2005-08-24,13.56,14.18,13.0,14.17
2005-08-25,13.92,14.12,13.66,13.73
2005-08-26,13.79,14.2,13.65,13.72
2005-08-29,14.34,14.41,13.38,13.52
2005-08-30,13.49,14.18,13.47,13.65
2005-08-31,13.37,13.63,12.56,12.6
2005-09-01,12.86,13.37,12.31,13.15
2005-09-02,13.21,13.72,13.03,13.57
2005-09-06,14.17,14.18,12.9,12.93
2005-09-07,13.06,13.2,12.44,12.52
2005-09-08,12.72,12.94,12.37,12.93
2005-09-09,12.46,12.65,11.96,11.98
2005-09-12,11.66,11.89,11.45,11.65
2005-09-13,11.76,12.48,11.75,12.39
2005-09-14,12.79,13.26,12.67,12.91
2005-09-15,12.72,13.17,12.28,12.49
2005-09-16,11.89,11.93,11.07,11.22
2005-09-19,12.17,12.46,12.04,12.14
2005-09-20,12.23,12.96,11.83,12.64
2005-09-21,13.07,13.91,12.96,13.79
2005-09-22,13.85,14.39,13.31,13.33
2005-09-23,13.64,13.88,12.75,12.96
2005-09-26,13.27,13.47,12.64,13.04
2005-09-27,13.06,13.46,12.51,12.76
2005-09-28,12.6,12.98,12.37,12.63
2005-09-29,12.92,13.23,12.15,12.24
2005-09-30,12.42,12.44,11.92,11.92
2005-10-03,12.37,12.62,11.98,12.46
2005-10-04,12.5,13.21,12.11,13.2
2005-10-05,13.15,14.58,12.97,14.55
2005-10-06,14.53,15.63,14.04,14.96
2005-10-07,14.56,14.82,14.3,14.59
2005-10-10,14.93,15.61,14.87,15.55
2005-10-11,15.35,15.7,15.06,15.63
2005-10-12,15.56,16.27,15.04,16.22
2005-10-13,16.32,17.19,15.98,16.47
2005-10-14,15.99,16.03,14.83,14.87
2005-10-17,15.3,15.3,14.58,14.67
2005-10-18,14.92,15.4,14.79,15.33
2005-10-19,15.63,15.86,13.47,13.5
2005-10-20,14.18,16.19,13.98,16.11
2005-10-21,15.53,16.27,15.26,16.13
2005-10-24,16.18,16.44,14.61,14.74
2005-10-25,14.96,15.3,14.2,14.53
2005-10-26,14.8,14.88,13.72,14.59
2005-10-27,14.73,16.3,14.57,16.02
2005-10-28,15.45,15.61,14.11,14.25
2005-10-31,14.04,15.39,13.93,15.32
2005-11-01,14.85,15.66,14.65,14.85
2005-11-02,14.99,14.99,13.38,13.48
2005-11-03,13.12,13.23,12.5,13.0
2005-11-04,12.88,13.62,12.69,13.17
2005-11-07,13.11,13.65,12.76,13.1
2005-11-08,13.61,13.61,13.04,13.08
2005-11-09,13.14,13.36,12.42,12.8
2005-11-10,12.68,13.17,11.73,11.9
2005-11-11,11.82,11.96,11.63,11.63
2005-11-14,11.99,12.34,11.77,12.18
2005-11-15,12.16,12.69,11.7,12.23
2005-11-16,12.22,12.68,12.17,12.26
2005-11-17,11.92,12.2,11.25,11.25
2005-11-18,11.19,11.67,10.96,11.12
2005-11-21,11.18,11.38,10.71,10.82
2005-11-22,11.01,11.1,10.5,10.6
2005-11-23,10.96,11.03,10.67,10.96
2005-11-25,11.04,11.24,10.88,10.88
2005-11-28,11.34,11.99,11.33,11.84
2005-11-29,11.77,11.96,11.61,11.89
2005-11-30,11.84,12.13,11.55,12.06
2005-12-01,12.09,12.23,11.14,11.24
2005-12-02,11.1,11.23,10.94,11.01
2005-12-05,11.45,11.68,11.4,11.6
2005-12-06,11.16,11.59,10.96,11.52
2005-12-07,11.49,12.44,11.45,12.18
2005-12-08,11.88,12.41,11.73,12.21
2005-12-09,11.91,12.2,11.56,11.69
2005-12-12,10.86,11.81,10.83,11.47
2005-12-13,11.18,11.42,10.74,11.11
2005-12-14,10.75,10.79,10.39,10.48
2005-12-15,10.66,11.11,10.37,10.73
2005-12-16,10.7,10.75,10.15,10.68
2005-12-19,11.11,11.38,10.65,11.38
2005-12-20,11.32,11.45,11.0,11.19
2005-12-21,10.71,11.07,10.34,10.81
2005-12-22,10.82,10.89,10.28,10.29
2005-12-23,10.37,10.48,10.24,10.27
2005-12-27,10.97,11.65,10.83,11.57
2005-12-28,11.55,11.64,11.26,11.35
2005-12-29,11.36,11.67,11.14,11.61
2005-12-30,11.96,12.07,11.55,12.07
2006-01-03,12.25,12.51,10.99,11.14
2006-01-04,11.22,11.71,10.97,11.37
2006-01-05,11.43,11.84,11.31,11.31
2006-01-06,11.23,11.5,10.81,11.0
2006-01-09,11.35,11.35,10.98,11.13
2006-01-10,11.39,11.39,10.84,10.86
2006-01-11,11.03,11.16,10.83,10.94
2006-01-12,10.98,11.38,10.94,11.2
2006-01-13,11.4,11.61,11.11,11.23
2006-01-17,12.13,12.46,11.87,11.91
2006-01-18,12.62,12.7,12.2,12.25
2006-01-19,12.12,12.34,11.65,11.98
2006-01-20,12.1,14.56,11.89,14.56
2006-01-23,14.44,14.48,13.58,13.93
2006-01-24,13.79,13.83,13.14,13.31
2006-01-25,12.95,13.38,12.62,12.87
2006-01-26,12.89,12.91,12.19,12.42
2006-01-27,12.27,12.33,11.72,11.97
2006-01-30,12.22,12.46,12.07,12.39
2006-01-31,12.45,13.06,12.45,12.95
2006-02-01,13.03,13.03,12.34,12.36
2006-02-02,12.54,13.47,12.48,13.23
2006-02-03,13.37,13.7,12.64,12.96
2006-02-06,13.43,13.43,12.99,13.04
2006-02-07,13.2,13.67,12.97,13.59
2006-02-08,41.6,13.61,12.76,12.83
2006-02-09,12.56,13.15,12.27,13.12
2006-02-10,13.35,13.73,12.69,12.87
2006-02-13,13.34,13.7,13.05,13.35
2006-02-14,13.09,13.15,12.01,12.25
2006-02-15,12.43,12.95,12.21,12.31
2006-02-16,12.19,12.29,11.13,11.48
2006-02-17,11.64,12.21,11.52,12.01
2006-02-21,12.36,12.64,12.28,12.41
2006-02-22,12.27,12.3,11.68,11.88
2006-02-23,11.86,11.97,11.58,11.87
2006-02-24,11.94,12.06,11.42,11.46
2006-02-27,11.79,11.83,11.4,11.59
2006-02-28,11.74,12.36,11.71,12.34
2006-03-01,12.05,12.07,11.52,11.54
2006-03-02,11.79,11.95,11.56,11.72
2006-03-03,12.03,12.1,11.36,11.96
2006-03-06,12.22,12.91,12.22,12.74
2006-03-07,12.92,13.34,12.64,12.66
2006-03-08,12.83,13.34,12.26,12.32
2006-03-09,12.21,12.69,12.01,12.68
2006-03-10,12.52,12.6,11.79,11.85
2006-03-13,11.72,11.75,10.89,11.37
2006-03-14,11.61,11.72,10.53,10.74
2006-03-15,11.17,11.54,10.98,11.35
2006-03-16,10.59,12.05,10.57,11.98
2006-03-17,11.56,12.2,11.53,12.12
2006-03-20,11.23,12.21,11.13,11.79
2006-03-21,11.71,11.89,11.17,11.62
2006-03-22,11.71,11.79,11.11,11.21
2006-03-23,11.19,11.57,11.11,11.17
2006-03-24,11.23,11.48,11.09,11.19
2006-03-27,11.46,11.72,11.41,11.46
2006-03-28,11.69,11.9,11.38,11.58
2006-03-29,11.46,11.57,10.79,10.95
2006-03-30,11.03,11.73,10.7,11.57
2006-03-31,11.42,11.65,11.27,11.39
2006-04-03,11.47,11.62,11.03,11.57
2006-04-04,11.66,11.8,11.09,11.14
2006-04-05,11.24,11.36,11.06,11.13
2006-04-06,11.34,11.74,11.25,11.45
2006-04-07,11.44,12.31,11.2,12.26
2006-04-10,12.44,12.49,12.04,12.19
2006-04-11,12.09,13.06,12.06,13.0
2006-04-12,13.08,13.9,12.66,12.76
2006-04-13,12.93,13.0,12.28,12.38
2006-04-17,12.8,13.02,12.27,12.58
2006-04-18,12.55,12.55,11.31,11.4
2006-04-19,11.52,11.8,11.23,11.32
2006-04-20,11.3,11.67,11.02,11.64
2006-04-21,11.24,11.98,11.19,11.59
2006-04-24,12.26,12.42,11.67,11.75
2006-04-25,11.71,12.19,11.59,11.75
2006-04-26,11.76,11.79,11.34,11.76
2006-04-27,12.27,12.52,11.55,11.84
2006-04-28,12.13,12.13,11.42,11.59
2006-05-01,11.83,12.59,11.75,12.54
2006-05-02,12.2,12.27,11.93,11.99
2006-05-03,12.21,12.45,11.95,11.99
2006-05-04,11.92,12.16,11.71,11.86
2006-05-05,11.39,11.62,11.18,11.62
2006-05-08,11.98,12.06,11.81,12.0
2006-05-09,12.1,12.15,11.88,11.99
2006-05-10,12.22,12.32,11.78,11.78
2006-05-11,12.33,12.92,11.99,12.49
2006-05-12,12.71,14.26,12.71,14.19
2006-05-15,15.12,15.13,13.44,13.57
2006-05-16,13.49,13.61,12.98,13.35
2006-05-17,13.83,16.26,13.39,16.26
2006-05-18,15.54,17.09,14.96,16.99
2006-05-19,16.16,18.01,15.9,17.18
2006-05-22,18.55,19.62,16.73,17.72
2006-05-23,16.7,18.26,15.36,18.26
2006-05-24,17.87,19.87,17.13,17.36
2006-05-25,16.67,16.67,15.31,15.5
2006-05-26,14.92,15.04,14.26,14.26
2006-05-30,15.39,18.72,15.39,18.66
2006-05-31,18.09,18.09,16.41,16.44
2006-06-01,16.47,16.56,14.48,14.52
2006-06-02,14.17,14.97,13.92,14.32
2006-06-05,14.97,17.14,14.97,16.65
2006-06-06,16.72,18.56,16.65,17.34
2006-06-07,15.83,17.86,15.83,17.8
2006-06-08,17.92,20.75,17.88,18.35
2006-06-09,17.9,18.45,17.07,18.12
2006-06-12,18.13,21.25,17.89,20.96
2006-06-13,20.95,23.81,20.27,23.81
2006-06-14,23.45,23.49,21.45,21.46
2006-06-15,21.05,21.14,15.65,15.9
2006-06-16,16.56,18.13,16.52,17.25
2006-06-19,16.06,18.1,15.73,17.83
2006-06-20,17.52,17.65,16.39,16.69
2006-06-21,16.67,16.72,14.88,15.52
2006-06-22,15.95,16.66,15.56,15.88
2006-06-23,16.41,16.58,14.94,15.89
2006-06-26,16.55,16.61,15.49,15.62
2006-06-27,15.58,16.55,15.27,16.4
2006-06-28,16.02,17.0,15.78,15.79
2006-06-29,15.28,15.3,12.93,13.03
2006-06-30,12.9,13.47,12.74,13.08
2006-07-03,13.29,13.51,12.77,13.05
2006-07-05,13.92,14.77,13.86,14.15
2006-07-06,14.04,14.04,13.25,13.65
2006-07-07,13.9,14.45,13.43,13.97
2006-07-10,14.17,14.5,13.67,14.02
2006-07-11,14.31,14.68,13.1,13.14
2006-07-12,13.39,14.85,13.26,14.49
2006-07-13,15.17,17.83,15.17,17.79
2006-07-14,17.57,18.79,17.28,18.05
2006-07-17,18.73,18.76,17.75,18.64
2006-07-18,18.2,19.58,17.66,17.74
2006-07-19,17.62,17.62,14.47,15.55
2006-07-20,15.1,16.37,14.87,16.21
2006-07-21,16.23,17.56,16.23,17.4
2006-07-24,17.08,17.08,14.89,14.98
2006-07-25,15.44,15.68,14.31,14.85
2006-07-26,15.04,15.21,14.09,14.62
2006-07-27,14.26,15.39,14.07,14.94
2006-07-28,14.73,14.75,14.06,14.33
2006-07-31,15.01,15.13,14.86,14.95
2006-08-01,15.49,16.15,15.03,15.05
2006-08-02,14.93,14.93,13.92,14.34
2006-08-03,15.1,15.19,14.2,14.46
2006-08-04,14.03,14.91,13.65,14.34
2006-08-07,14.98,15.53,14.97,15.23
2006-08-08,15.2,15.55,14.86,15.23
2006-08-09,14.76,15.41,14.07,15.2
2006-08-10,15.56,15.73,14.45,14.46
2006-08-11,14.72,14.85,14.3,14.3
2006-08-14,14.15,14.43,13.41,14.26
2006-08-15,13.57,13.72,13.15,13.42
2006-08-16,12.69,12.95,12.11,12.41
2006-08-17,12.69,12.72,12.21,12.24
2006-08-18,12.11,12.52,11.57,11.64
2006-08-21,12.4,12.62,12.21,12.22
2006-08-22,12.42,12.42,11.93,12.19
2006-08-23,12.26,12.73,12.16,12.4
2006-08-24,12.24,12.58,12.21,12.4
2006-08-25,12.41,12.47,12.08,12.31
2006-08-28,12.92,12.92,12.07,12.18
2006-08-29,12.27,12.83,12.21,12.28
2006-08-30,12.14,12.35,12.1,12.22
2006-08-31,12.23,12.33,12.07,12.31
2006-09-01,12.14,12.33,11.91,11.96
2006-09-05,12.8,12.86,12.43,12.63
2006-09-06,13.06,13.88,13.06,13.74
2006-09-07,14.07,14.49,13.67,13.88
2006-09-08,13.79,13.8,13.05,13.16
2006-09-11,13.95,13.95,12.75,12.99
2006-09-12,13.04,13.14,11.55,11.92
2006-09-13,10.72,12.54,10.54,11.18
2006-09-14,11.36,12.02,10.74,11.55
2006-09-15,11.49,12.54,11.4,11.76
2006-09-18,12.28,12.41,11.58,11.78
2006-09-19,11.96,12.69,11.86,11.98
2006-09-20,11.75,11.75,11.34,11.39
2006-09-21,11.43,12.6,11.28,12.25
2006-09-22,12.47,13.28,12.47,12.59
2006-09-25,12.97,13.41,11.93,12.12
2006-09-26,12.23,12.23,11.51,11.53
2006-09-27,11.65,11.9,11.42,11.58
2006-09-28,11.64,12.06,11.59,11.72
2006-09-29,11.75,12.1,11.72,11.98
2006-10-02,12.45,12.72,12.11,12.57
2006-10-03,12.68,12.91,11.97,12.24
2006-10-04,12.64,12.64,11.62,11.86
2006-10-05,11.94,12.06,11.65,11.98
2006-10-06,11.99,12.17,11.55,11.56
2006-10-09,12.07,12.09,11.58,11.68
2006-10-10,11.77,11.89,11.47,11.52
2006-10-11,11.75,12.03,11.31,11.62
2006-10-12,11.5,11.51,11.09,11.09
2006-10-13,11.17,11.35,10.75,10.75
2006-10-16,11.07,11.2,10.91,11.09
2006-10-17,11.36,12.03,11.35,11.73
2006-10-18,11.44,11.83,11.33,11.34
2006-10-19,11.51,11.57,10.78,10.9
2006-10-20,11.06,11.23,10.44,10.63
2006-10-23,11.15,11.25,10.62,11.08
2006-10-24,11.25,11.27,10.78,10.78
2006-10-25,10.88,10.88,10.6,10.66
2006-10-26,10.56,10.96,10.47,10.56
2006-10-27,10.66,10.99,10.53,10.8
2006-10-30,11.36,11.43,10.92,11.2
2006-10-31,11.1,11.39,10.99,11.1
2006-11-01,10.93,11.68,10.89,11.51
2006-11-02,11.61,11.76,11.41,11.42
2006-11-03,11.16,11.43,10.34,11.16
2006-11-06,11.39,11.41,10.99,11.16
2006-11-07,11.06,11.19,10.87,11.09
2006-11-08,11.41,11.49,10.7,10.75
2006-11-09,10.65,11.07,10.57,11.01
2006-11-10,11.01,11.12,10.77,10.79
2006-11-13,11.19,11.26,10.69,10.86
2006-11-14,10.89,11.31,10.14,10.5
2006-11-15,10.47,10.61,10.13,10.31
2006-11-16,10.13,10.35,10.04,10.16
2006-11-17,10.37,10.48,10.05,10.05
2006-11-20,10.42,10.48,9.91,9.97
2006-11-21,10.05,10.06,9.84,9.9
2006-11-22,10.02,10.15,9.81,10.14
2006-11-24,10.81,10.86,10.56,10.73
2006-11-27,11.26,12.33,11.14,12.3
2006-11-28,12.48,12.55,11.56,11.62
2006-11-29,11.41,11.43,10.67,10.83
2006-11-30,10.88,11.3,10.58,10.91
2006-12-01,11.07,12.28,10.96,11.66
2006-12-04,12.01,12.01,10.98,11.23
2006-12-05,11.13,11.59,10.85,11.27
2006-12-06,11.39,11.55,11.19,11.33
2006-12-07,11.35,12.68,11.17,12.67
2006-12-08,12.58,12.67,11.91,12.07
2006-12-11,11.88,11.93,10.71,10.71
2006-12-12,11.2,11.39,10.35,10.65
2006-12-13,10.45,10.58,10.15,10.18
2006-12-14,10.74,10.75,9.64,9.97
2006-12-15,9.68,10.07,9.39,10.05
2006-12-18,10.64,10.91,10.4,10.6
2006-12-19,11.06,11.31,10.27,10.3
2006-12-20,10.3,10.33,10.03,10.26
2006-12-21,10.36,10.89,10.13,10.53
2006-12-22,10.59,11.46,10.59,11.36
2006-12-26,12.03,12.03,11.24,11.26
2006-12-27,11.12,11.12,10.59,10.64
2006-12-28,10.84,11.06,10.73,10.99
2006-12-29,10.95,11.65,10.71,11.56
2007-01-03,12.16,12.75,11.53,12.04
2007-01-04,12.4,12.42,11.28,11.51
2007-01-05,11.84,12.25,11.68,12.14
2007-01-08,12.48,12.83,11.78,12.0
2007-01-09,11.86,12.47,11.69,11.91
2007-01-10,12.34,12.5,11.43,11.47
2007-01-11,11.42,11.48,10.5,10.87
2007-01-12,10.93,10.93,10.14,10.15
2007-01-16,10.64,10.89,10.4,10.74
2007-01-17,10.9,10.9,10.35,10.59
2007-01-18,10.65,11.04,10.45,10.85
2007-01-19,10.8,11.03,10.24,10.4
2007-01-22,10.77,11.08,10.62,10.77
2007-01-23,10.77,10.94,10.22,10.34
2007-01-24,10.41,10.41,9.87,9.89
2007-01-25,9.99,11.38,9.95,11.22
2007-01-26,10.95,11.6,10.92,11.13
2007-01-29,11.5,11.6,10.92,11.45
2007-01-30,11.28,11.49,10.95,10.96
2007-01-31,11.09,11.26,10.27,10.42
2007-02-01,10.32,10.43,10.14,10.31
2007-02-02,10.3,10.36,9.96,10.08
2007-02-05,10.53,10.7,10.44,10.55
2007-02-06,10.55,10.88,10.44,10.65
2007-02-07,10.31,10.56,10.24,10.32
2007-02-08,10.49,10.91,10.4,10.44
2007-02-09,10.42,11.56,10.25,11.1
2007-02-12,11.33,11.88,11.3,11.61
2007-02-13,11.42,11.42,10.33,10.34
2007-02-14,10.19,10.26,9.7,10.23
2007-02-15,10.28,10.32,10.05,10.22
2007-02-16,10.42,10.44,9.98,10.02
2007-02-20,10.62,10.72,10.14,10.24
2007-02-21,10.48,10.53,10.17,10.2
2007-02-22,10.23,10.52,10.01,10.18
2007-02-23,10.41,10.7,10.36,10.58
2007-02-26,10.59,11.44,10.52,11.15
2007-02-27,12.12,19.01,12.1,18.31
2007-02-28,17.21,17.29,14.5,15.42
2007-03-01,17.76,19.4,15.36,15.82
2007-03-02,16.7,18.63,16.04,18.61
2007-03-05,20.4,20.41,18.13,19.63
2007-03-06,18.31,18.34,15.76,15.96
2007-03-07,16.25,16.27,14.52,15.24
2007-03-08,14.34,14.7,13.48,14.29
2007-03-09,13.7,14.62,13.67,14.09
2007-03-12,14.96,14.96,13.76,13.99
2007-03-13,14.87,18.42,14.6,18.13
2007-03-14,17.63,21.25,16.75,17.27
2007-03-15,16.91,16.91,15.27,16.43
2007-03-16,15.38,17.71,15.29,16.79
2007-03-19,15.82,15.82,14.58,14.59
2007-03-20,15.01,15.16,13.25,13.27
2007-03-21,13.27,13.67,11.21,12.19
2007-03-22,12.29,12.95,12.04,12.93
2007-03-23,13.13,13.18,12.46,12.95
2007-03-26,13.39,14.7,12.91,13.16
2007-03-27,13.35,13.9,13.35,13.48
2007-03-28,14.28,15.51,14.22,14.98
2007-03-29,14.45,16.05,14.34,15.14
2007-03-30,14.94,15.82,14.14,14.64
2007-04-02,14.91,15.46,14.4,14.53
2007-04-03,14.02,14.06,12.81,13.46
2007-04-04,13.82,13.91,13.2,13.24
2007-04-05,13.57,13.66,12.69,13.23
2007-04-09,13.26,13.56,12.89,13.14
2007-04-10,13.33,13.33,12.56,12.68
2007-04-11,12.72,14.08,12.72,13.49
2007-04-12,13.65,14.15,12.58,12.71
2007-04-13,12.67,13.0,12.13,12.2
2007-04-16,11.86,12.1,11.46,11.98
2007-04-17,11.7,12.17,11.5,12.14
2007-04-18,12.48,12.57,11.95,12.42
2007-04-19,13.16,13.27,12.41,12.54
2007-04-20,12.03,12.67,11.97,12.07
2007-04-23,12.6,13.08,12.48,13.04
2007-04-24,13.12,13.89,13.04,13.12
2007-04-25,12.74,13.23,12.58,13.21
2007-04-26,13.16,13.67,12.67,12.79
2007-04-27,13.12,13.26,12.41,12.45
2007-04-30,12.9,14.31,12.78,14.22
2007-05-01,14.1,14.6,13.48,13.51
2007-05-02,13.52,13.52,12.55,13.08
2007-05-03,13.01,13.36,12.89,13.09
2007-05-04,12.91,13.36,12.59,12.91
2007-05-07,13.34,13.37,13.11,13.15
2007-05-08,13.48,13.69,13.16,13.21
2007-05-09,13.43,13.5,12.54,12.88
2007-05-10,13.31,13.85,12.89,13.6
2007-05-11,13.47,13.47,12.63,12.95
2007-05-14,13.26,14.43,13.01,13.96
2007-05-15,13.88,14.3,13.27,14.01
2007-05-16,14.02,14.18,13.47,13.5
2007-05-17,13.62,13.82,13.25,13.51
2007-05-18,13.01,13.22,12.69,12.76
2007-05-21,13.24,13.3,12.7,13.3
2007-05-22,12.09,13.38,12.08,13.06
2007-05-23,12.77,13.28,12.55,13.24
2007-05-24,13.15,14.36,12.92,14.08
2007-05-25,13.81,13.87,13.23,13.34
2007-05-29,13.86,13.95,13.31,13.53
2007-05-30,14.18,14.29,12.82,12.83
2007-05-31,12.78,13.18,12.62,13.05
2007-06-01,12.77,13.01,12.43,12.78
2007-06-04,13.47,13.54,13.21,13.29
2007-06-05,13.58,14.17,13.54,13.63
2007-06-06,14.07,15.06,14.06,14.87
2007-06-07,15.08,17.09,14.89,17.06
2007-06-08,16.75,16.78,14.73,14.84
2007-06-11,15.31,15.47,14.24,14.71
2007-06-12,15.46,16.7,14.77,16.67
2007-06-13,16.05,16.1,14.67,14.73
2007-06-14,14.76,14.82,13.59,13.64
2007-06-15,13.01,13.97,12.58,13.94
2007-06-18,14.42,14.51,13.35,13.42
2007-06-19,13.78,13.8,12.79,12.85
2007-06-20,12.77,14.76,12.75,14.67
2007-06-21,14.8,15.56,14.17,14.21
2007-06-22,14.45,16.58,14.31,15.75
2007-06-25,16.5,17.24,15.41,16.65
2007-06-26,16.46,18.89,16.21,18.89
2007-06-27,18.87,18.98,15.44,15.53
2007-06-28,15.7,15.71,14.98,15.54
2007-06-29,15.25,17.13,14.62,16.23
2007-07-02,16.48,16.48,15.31,15.4
2007-07-03,14.96,15.3,14.85,14.92
2007-07-05,15.37,15.95,15.17,15.48
2007-07-06,15.36,15.59,14.67,14.72
2007-07-09,15.34,15.69,15.03,15.16
2007-07-10,15.88,17.68,15.83,17.57
2007-07-11,17.69,17.91,16.64,16.64
2007-07-12,16.39,16.39,14.93,15.54
2007-07-13,15.39,15.51,14.79,15.15
2007-07-16,15.57,15.83,15.27,15.59
2007-07-17,15.58,15.78,15.31,15.63
2007-07-18,16.38,17.06,15.95,16.0
2007-07-19,15.43,15.62,15.06,15.23
2007-07-20,15.39,18.53,15.36,16.95
2007-07-23,16.62,17.09,16.39,16.81
2007-07-24,17.63,19.09,17.48,18.55
2007-07-25,17.77,19.46,17.38,18.1
2007-07-26,19.41,23.36,19.3,20.74
2007-07-27,20.34,24.17,19.6,24.17
2007-07-30,23.64,23.64,20.86,20.87
2007-07-31,20.08,23.93,19.68,23.52
2007-08-01,23.71,26.22,23.26,23.67
2007-08-02,22.94,23.0,21.2,21.22
2007-08-03,21.52,25.55,21.09,25.16
2007-08-06,25.32,26.47,22.44,22.94
2007-08-07,23.33,23.74,20.79,21.56
2007-08-08,20.97,22.95,19.33,21.45
2007-08-09,24.46,26.9,23.84,26.48
2007-08-10,28.04,29.84,26.91,28.3
2007-08-13,28.02,28.02,25.48,26.57
2007-08-14,25.56,28.29,25.31,27.68
2007-08-15,28.22,31.76,26.16,30.67
2007-08-16,32.68,37.5,30.44,30.83
2007-08-17,25.25,31.46,25.23,29.99
2007-08-20,29.87,29.95,25.8,26.33
2007-08-21,26.39,26.72,24.77,25.25
2007-08-22,24.33,24.44,22.87,22.89
2007-08-23,22.47,23.61,22.05,22.62
2007-08-24,22.75,23.03,20.44,20.72
2007-08-27,22.24,22.83,21.96,22.72
2007-08-28,23.87,26.57,23.72,26.3
2007-08-29,25.87,26.02,23.44,23.81
2007-08-30,25.4,25.58,23.69,25.06
2007-08-31,23.53,24.07,22.47,23.38
2007-09-04,21.93,24.81,21.71,22.78
2007-09-05,24.03,25.45,23.8,24.58
2007-09-06,24.43,25.14,23.66,23.99
2007-09-07,25.98,26.97,25.6,26.23
2007-09-10,26.91,28.82,26.56,27.38
2007-09-11,27.11,27.21,25.19,25.27
2007-09-12,25.97,26.21,24.57,24.96
2007-09-13,25.01,25.32,23.83,24.76
2007-09-14,26.38,26.48,24.68,24.92
2007-09-17,26.45,27.08,25.8,26.48
2007-09-18,25.79,26.23,20.27,20.35
2007-09-19,19.96,20.57,19.17,20.03
2007-09-20,20.47,20.82,19.55,20.45
2007-09-21,19.44,19.81,18.37,19.0
2007-09-24,19.04,19.62,18.32,19.37
2007-09-25,20.25,20.46,18.44,18.6
2007-09-26,17.92,18.18,17.3,17.63
2007-09-27,17.12,17.47,16.95,17.0
2007-09-28,17.23,18.22,16.91,18.0
2007-10-01,18.44,18.44,17.11,17.84
2007-10-02,17.67,18.89,17.6,18.49
2007-10-03,18.88,18.99,18.31,18.8
2007-10-04,18.65,18.65,18.26,18.44
2007-10-05,17.55,17.56,16.44,16.91
2007-10-08,17.73,17.83,17.32,17.46
2007-10-09,17.15,17.28,16.09,16.12
2007-10-10,16.42,17.35,16.39,16.67
2007-10-11,16.15,19.73,16.08,18.88
2007-10-12,18.68,18.74,17.49,17.73
2007-10-15,18.14,20.01,17.95,19.25
2007-10-16,20.07,20.75,19.73,20.02
2007-10-17,18.76,20.11,18.28,18.54
2007-10-18,19.16,19.56,17.73,18.5
2007-10-19,19.15,22.96,19.02,22.96
2007-10-22,23.89,23.94,21.38,21.64
2007-10-23,21.29,21.43,20.13,20.41
2007-10-24,21.16,24.15,20.59,20.8
2007-10-25,20.84,22.4,20.04,21.17
2007-10-26,19.84,20.97,19.48,19.56
2007-10-29,19.93,20.24,16.84,19.87
2007-10-30,20.46,21.15,20.31,21.07
2007-10-31,20.53,22.09,18.3,18.53
2007-11-01,19.89,24.15,17.38,23.21
2007-11-02,22.56,25.17,22.56,23.01
2007-11-05,25.25,25.46,23.61,24.31
2007-11-06,23.5,23.74,21.24,21.39
2007-11-07,23.15,26.85,22.75,26.49
2007-11-08,26.45,29.15,25.32,26.16
2007-11-09,27.96,28.84,26.21,28.5
2007-11-12,30.57,31.09,24.47,31.09
2007-11-13,27.47,27.5,23.82,24.1
2007-11-14,23.35,27.03,23.07,25.94
2007-11-15,26.96,29.31,25.98,28.06
2007-11-16,27.04,28.12,25.12,25.49
2007-11-19,26.74,27.18,25.74,26.01
2007-11-20,26.12,27.35,23.62,24.88
2007-11-21,26.3,27.77,24.55,26.84
2007-11-23,26.42,26.42,25.35,25.61
2007-11-26,26.46,28.95,25.84,28.91
2007-11-27,28.14,28.24,26.23,26.28
2007-11-28,25.14,25.14,23.55,24.11
2007-11-29,24.59,24.61,23.35,23.97
2007-11-30,22.67,23.39,22.0,22.87
2007-12-03,23.59,24.49,23.4,23.61
2007-12-04,24.3,24.59,23.32,23.79
2007-12-05,22.72,23.03,21.87,22.53
2007-12-06,22.68,22.75,19.65,20.96
2007-12-07,20.69,21.01,20.29,20.85
2007-12-10,21.16,21.46,20.36,20.74
2007-12-11,20.69,23.7,19.77,23.59
2007-12-12,20.82,24.22,20.49,22.47
2007-12-13,23.53,24.04,22.41,22.56
2007-12-14,23.53,23.53,22.26,23.27
2007-12-17,24.13,24.86,23.42,24.52
2007-12-18,23.7,24.6,22.41,22.64
2007-12-19,22.62,22.68,21.3,21.68
2007-12-20,21.02,21.67,20.58,20.58
2007-12-21,19.82,19.82,18.28,18.47
2007-12-24,19.08,19.42,18.48,18.6
2007-12-26,19.37,19.47,18.6,18.66
2007-12-27,19.15,20.51,19.15,20.26
2007-12-28,19.59,21.05,19.44,20.74
2007-12-31,21.87,22.75,21.79,22.5
2008-01-02,22.58,24.05,22.4,23.17
2008-01-03,23.11,23.27,22.11,22.49
2008-01-04,23.5,24.3,23.25,23.94
2008-01-07,24.62,24.88,23.3,23.79
2008-01-08,23.27,25.6,22.63,25.43
2008-01-09,25.61,25.95,23.9,24.12
2008-01-10,24.56,24.61,22.62,23.45
2008-01-11,24.04,24.41,23.22,23.68
2008-01-14,23.76,23.93,22.65,22.9
2008-01-15,24.1,24.59,22.97,23.34
2008-01-16,23.9,24.38,22.85,24.38
2008-01-17,24.11,28.51,23.87,28.46
2008-01-18,27.55,29.3,26.27,27.18
2008-01-22,35.12,37.57,29.71,31.01
2008-01-23,33.84,34.42,22.82,29.02
2008-01-24,28.07,28.48,27.03,27.78
2008-01-25,26.19,29.76,25.93,29.08
2008-01-28,29.67,30.26,27.57,27.78
2008-01-29,26.61,27.96,26.55,27.32
2008-01-30,27.53,28.34,24.74,27.62
2008-01-31,28.78,28.81,25.45,26.2
2008-02-01,25.66,25.75,24.02,24.02
2008-02-04,25.09,26.03,24.85,25.99
2008-02-05,27.2,28.49,27.2,28.24
2008-02-06,27.75,29.31,27.04,28.97
2008-02-07,29.51,29.7,26.78,27.66
2008-02-08,27.98,28.89,27.22,28.01
2008-02-11,29.14,29.57,27.32,27.6
2008-02-12,26.56,27.17,25.25,26.33
2008-02-13,25.67,26.06,24.57,24.88
2008-02-14,24.64,25.64,23.98,25.54
2008-02-15,25.58,25.67,24.45,25.02
2008-02-19,25.39,26.59,24.73,25.59
2008-02-20,25.6,26.95,24.21,24.4
2008-02-21,24.42,25.45,23.74,25.12
2008-02-22,24.99,25.93,23.62,24.06
2008-02-25,24.06,25.07,22.69,23.03
2008-02-26,23.44,23.45,21.64,21.9
2008-02-27,21.9,23.01,21.83,22.69
2008-02-28,22.69,23.79,22.69,23.53
2008-02-29,23.54,26.91,23.54,26.54
2008-03-03,27.54,28.13,26.27,26.28
2008-03-04,27.19,27.42,25.51,25.52
2008-03-05,25.52,25.77,23.3,24.6
2008-03-06,25.45,27.9,25.04,27.55
2008-03-07,28.52,29.29,22.29,27.49
2008-03-10,28.13,29.73,27.92,29.38
2008-03-11,27.25,28.64,26.35,26.36
2008-03-12,26.39,27.25,24.9,27.22
2008-03-13,27.22,29.62,25.65,27.29
2008-03-14,27.31,32.89,26.02,31.16
2008-03-17,35.14,35.6,31.1,32.24
2008-03-18,32.24,32.24,25.58,25.79
2008-03-19,25.78,29.95,25.16,29.84
2008-03-20,29.84,29.84,25.8,26.62
2008-03-24,26.64,27.04,24.75,25.73
2008-03-25,25.75,26.42,25.17,25.72
2008-03-26,25.75,26.85,25.51,26.08
2008-03-27,25.55,25.98,24.91,25.88
2008-03-28,25.81,25.96,25.04,25.71
2008-03-31,25.71,26.77,25.35,25.61
2008-04-01,25.61,25.61,22.52,22.68
2008-04-02,22.64,23.65,22.39,23.43
2008-04-03,23.84,24.15,23.0,23.21
2008-04-04,23.0,23.31,21.75,22.45
2008-04-07,22.45,22.73,21.21,22.42
2008-04-08,22.42,23.16,22.36,22.36
2008-04-09,22.36,23.57,22.36,22.81
2008-04-10,22.8,23.22,21.63,21.98
2008-04-11,23.03,23.59,22.65,23.46
2008-04-14,23.46,24.35,23.46,23.82
2008-04-15,23.84,23.99,22.72,22.78
2008-04-16,22.03,22.09,20.5,20.53
2008-04-17,21.13,21.54,20.35,20.37
2008-04-18,20.37,20.37,19.21,20.13
2008-04-21,20.15,21.12,20.15,20.5
2008-04-22,20.47,21.6,20.47,20.87
2008-04-23,20.63,20.95,19.88,20.26
2008-04-24,20.26,20.77,19.21,20.06
2008-04-25,19.6,20.36,19.28,19.59
2008-04-28,20.14,20.25,19.37,19.64
2008-04-29,19.86,20.54,19.63,20.24
2008-04-30,20.24,20.81,19.69,20.79
2008-05-01,20.78,20.83,18.87,18.88
2008-05-02,18.87,19.11,17.97,18.18
2008-05-05,18.68,19.29,18.68,18.9
2008-05-06,18.9,19.57,18.11,18.21
2008-05-07,18.48,19.98,18.42,19.73
2008-05-08,19.73,19.92,18.62,19.4
2008-05-09,19.98,20.01,19.3,19.41
2008-05-12,19.17,19.48,16.92,17.79
2008-05-13,17.79,19.63,17.76,17.98
2008-05-14,17.98,17.98,16.19,17.66
2008-05-15,17.65,17.84,16.25,16.3
2008-05-16,16.3,17.92,16.3,16.47
2008-05-19,16.47,17.89,15.82,17.01
2008-05-20,17.02,18.42,17.02,17.58
2008-05-21,17.64,18.89,17.01,18.59
2008-05-22,18.92,19.11,17.82,18.05
2008-05-23,18.58,19.8,18.38,19.55
2008-05-27,20.78,20.95,19.42,19.64
2008-05-28,19.64,20.03,19.01,19.07
2008-05-29,19.08,19.17,17.54,18.14
2008-05-30,18.14,18.21,17.56,17.83
2008-06-02,17.83,20.45,17.83,19.83
2008-06-03,19.8,21.0,18.89,20.24
2008-06-04,20.64,21.31,19.76,20.8
2008-06-05,20.54,20.59,18.62,18.63
2008-06-06,18.63,23.79,18.63,23.56
2008-06-09,23.56,24.47,20.78,23.12
2008-06-10,24.37,24.42,22.31,23.18
2008-06-11,23.44,24.3,22.86,24.12
2008-06-12,23.61,23.98,19.46,23.33
2008-06-13,23.02,23.14,21.04,21.22
2008-06-16,21.22,22.84,20.73,20.95
2008-06-17,20.96,21.42,20.02,21.13
2008-06-18,21.67,22.86,21.26,22.24
2008-06-19,22.24,22.61,20.91,21.58
2008-06-20,21.58,23.7,21.58,22.87
2008-06-23,22.89,23.14,22.52,22.64
2008-06-24,22.69,23.48,21.68,22.42
2008-06-25,22.42,22.42,20.34,21.14
2008-06-26,22.23,23.99,22.15,23.93
2008-06-27,23.75,24.56,23.3,23.44
2008-06-30,24.25,24.26,23.27,23.95
2008-07-01,25.14,25.57,23.64,23.65
2008-07-02,23.4,25.96,22.7,25.92
2008-07-03,25.92,26.08,24.44,24.79
2008-07-07,25.48,26.91,24.73,25.78
2008-07-08,25.72,26.05,23.02,23.15
2008-07-09,23.16,25.39,22.59,25.23
2008-07-10,25.22,26.62,25.07,25.59
2008-07-11,25.56,29.44,25.56,27.49
2008-07-14,27.49,29.3,26.9,28.48
2008-07-15,28.47,30.81,27.01,28.54
2008-07-16,28.19,38.84,24.87,25.1
2008-07-17,24.58,25.5,23.99,25.01
2008-07-18,25.01,25.19,23.78,24.05
2008-07-21,24.05,24.58,23.04,23.05
2008-07-22,24.02,24.08,21.05,21.18
2008-07-23,21.23,22.08,20.73,21.31
2008-07-24,21.31,23.61,21.31,23.44
2008-07-25,23.45,23.45,22.31,22.91
2008-07-28,22.91,24.62,22.91,24.23
2008-07-29,24.2,24.22,21.96,22.03
2008-07-30,22.03,22.31,20.99,21.21
2008-07-31,22.33,22.96,21.45,22.94
2008-08-01,22.66,23.37,22.35,22.57
2008-08-04,23.53,23.86,22.94,23.49
2008-08-05,22.99,22.99,20.06,21.14
2008-08-06,21.66,21.66,19.75,20.23
2008-08-07,20.23,21.46,20.23,21.15
2008-08-08,21.15,21.69,20.11,20.66
2008-08-11,20.66,20.96,19.66,20.12
2008-08-12,20.64,21.51,20.38,21.17
2008-08-13,21.57,22.11,20.8,21.55
2008-08-14,22.3,22.3,20.07,20.34
2008-08-15,20.24,20.65,19.57,19.58
2008-08-18,19.58,21.44,19.58,20.98
2008-08-19,21.76,22.14,21.28,21.28
2008-08-20,21.3,21.67,20.39,20.42
2008-08-21,20.43,21.08,18.94,19.82
2008-08-22,19.83,19.83,18.64,18.81
2008-08-25,18.78,21.22,18.78,20.97
2008-08-26,20.98,21.27,20.48,20.49
2008-08-27,20.48,20.67,19.53,19.76
2008-08-28,19.36,19.66,19.22,19.43
2008-08-29,19.43,20.71,19.43,20.65
2008-09-02,20.65,22.3,20.47,21.99
2008-09-03,21.99,22.3,21.39,21.43
2008-09-04,22.02,24.15,21.91,24.03
2008-09-05,24.54,24.71,22.97,23.06
2008-09-08,22.22,24.06,22.12,22.64
2008-09-09,22.69,25.68,22.58,25.47
2008-09-10,25.47,25.48,23.8,24.52
2008-09-11,25.38,26.25,24.39,24.39
2008-09-12,24.8,26.67,24.8,25.66
2008-09-15,25.66,31.87,25.66,31.7
2008-09-16,31.7,33.7,30.24,30.3
2008-09-17,30.25,36.4,30.25,36.22
2008-09-18,36.1,42.16,33.1,33.1
2008-09-19,33.07,33.08,27.95,32.07
2008-09-22,32.4,34.22,30.81,33.85
2008-09-23,33.85,36.08,32.63,35.72
2008-09-24,35.7,36.71,34.16,35.19
2008-09-25,35.19,35.19,32.45,32.82
2008-09-26,32.82,36.4,32.82,34.74
2008-09-29,36.92,48.4,36.92,46.72
2008-09-30,43.77,43.8,38.86,39.39
2008-10-01,39.39,42.38,39.39,39.81
2008-10-02,39.82,46.48,39.82,45.26
2008-10-03,45.22,45.52,41.51,45.14
2008-10-06,45.12,58.24,45.12,52.05
2008-10-07,52.05,54.19,47.03,53.68
2008-10-08,53.68,59.06,51.9,57.53
2008-10-09,57.57,64.92,52.54,63.92
2008-10-10,65.85,76.94,28.13,69.95
2008-10-13,69.95,71.42,54.69,54.99
2008-10-14,55.1,59.81,46.35,55.13
2008-10-15,55.69,69.47,55.69,69.25
2008-10-16,69.21,81.17,66.51,67.61
2008-10-17,67.65,74.48,59.82,70.33
2008-10-20,70.4,70.4,52.7,52.97
2008-10-21,52.95,56.37,50.91,53.11
2008-10-22,63.12,72.56,53.0,69.65
2008-10-23,68.03,79.43,51.83,67.8
2008-10-24,67.8,89.53,67.8,79.13
2008-10-27,79.13,81.65,71.29,80.06
2008-10-28,73.3,78.98,65.66,66.96
2008-10-29,66.96,71.14,62.72,69.96
2008-10-30,69.83,69.83,62.67,62.9
2008-10-31,62.93,65.85,56.73,59.89
2008-11-03,60.17,60.77,53.63,53.68
2008-11-04,53.68,53.68,44.25,47.73
2008-11-05,47.73,55.62,46.87,54.56
2008-11-06,56.71,64.78,55.6,63.68
2008-11-07,63.68,63.68,56.03,56.1
2008-11-10,56.09,62.09,54.63,59.98
2008-11-11,59.98,64.73,58.58,61.44
2008-11-12,61.52,67.19,61.52,66.46
2008-11-13,66.45,69.99,58.66,59.83
2008-11-14,62.6,66.31,59.75,66.31
2008-11-17,69.57,69.59,65.1,69.15
2008-11-18,70.09,73.13,67.18,67.64
2008-11-19,68.46,75.0,67.34,74.26
2008-11-20,74.26,81.48,72.76,80.86
2008-11-21,80.74,80.74,71.63,72.67
2008-11-24,71.19,71.35,61.81,64.7
2008-11-25,64.76,65.49,60.25,60.9
2008-11-26,60.9,62.5,54.62,54.92
2008-11-28,56.02,56.82,50.5,55.84
2008-12-01,60.47,68.6,60.36,68.51
2008-12-02,66.68,67.01,62.31,62.98
2008-12-03,62.98,65.37,60.18,60.72
2008-12-04,62.19,65.08,60.21,63.64
2008-12-05,63.64,66.54,59.26,59.93
2008-12-08,58.86,59.87,57.35,58.49
2008-12-09,59.48,59.57,56.37,58.91
2008-12-10,58.91,58.91,53.79,55.73
2008-12-11,55.08,56.44,52.94,55.78
2008-12-12,55.78,58.84,54.26,54.28
2008-12-15,55.68,58.49,55.68,56.76
2008-12-16,56.76,56.76,50.91,52.37
2008-12-17,52.0,52.19,49.36,49.84
2008-12-18,49.84,49.84,44.5,47.34
2008-12-19,46.01,46.01,41.29,44.93
2008-12-22,44.93,46.69,42.75,44.56
2008-12-23,43.19,45.39,41.68,45.02
2008-12-24,45.02,45.02,44.15,44.21
2008-12-26,44.27,44.36,42.92,43.38
2008-12-29,43.35,46.24,42.16,43.9
2008-12-30,43.99,44.29,41.63,41.63
2008-12-31,41.63,41.63,37.96,40.0
2009-01-02,39.58,39.82,36.88,39.19
2009-01-05,39.24,40.22,38.3,39.08
2009-01-06,38.06,39.33,37.34,38.56
2009-01-07,38.56,43.82,38.56,43.39
2009-01-08,43.38,44.6,42.56,42.56
2009-01-09,41.18,43.13,41.05,42.82
2009-01-12,42.06,46.62,41.94,45.84
2009-01-13,45.84,47.08,43.23,43.27
2009-01-14,46.24,51.55,46.14,49.14
2009-01-15,49.14,55.16,49.14,51.0
2009-01-16,51.0,51.0,45.96,46.11
2009-01-20,50.12,57.36,49.27,56.65
2009-01-21,51.52,54.12,46.15,46.42
2009-01-22,50.65,51.76,46.51,47.29
2009-01-23,50.39,51.11,46.43,47.27
2009-01-26,47.89,47.93,44.29,45.69
2009-01-27,45.11,45.93,42.2,42.25
2009-01-28,42.25,42.25,33.48,39.66
2009-01-29,41.34,43.03,41.12,42.63
2009-01-30,42.63,45.53,42.09,44.84
2009-02-02,49.42,49.54,45.26,45.52
2009-02-03,45.52,45.52,42.43,43.06
2009-02-04,43.06,44.52,41.39,43.85
2009-02-05,43.83,46.23,42.32,43.73
2009-02-06,43.71,43.71,41.2,43.37
2009-02-09,45.4,45.45,43.04,43.64
2009-02-10,45.14,48.12,44.18,46.67
2009-02-11,46.67,46.67,44.5,44.53
2009-02-12,44.52,48.63,41.21,41.25
2009-02-13,41.6,43.02,40.73,42.93
2009-02-17,48.14,51.18,46.96,48.66
2009-02-18,48.66,50.29,46.0,48.46
2009-02-19,48.54,48.54,44.81,47.08
2009-02-20,47.08,52.04,47.08,49.3
2009-02-23,49.3,53.16,48.97,52.62
2009-02-24,52.5,52.56,44.28,45.49
2009-02-25,45.73,47.23,42.84,44.67
2009-02-26,43.75,45.33,41.91,44.66
2009-02-27,44.66,47.34,44.46,46.35
2009-03-02,49.96,53.25,48.35,52.65
2009-03-03,52.65,52.76,48.5,50.93
2009-03-04,48.02,48.83,45.02,47.56
2009-03-05,47.56,51.95,46.98,50.17
2009-03-06,50.17,51.95,47.65,49.33
2009-03-09,49.35,51.34,48.4,49.68
2009-03-10,49.68,49.68,43.88,44.37
2009-03-11,43.35,44.26,42.36,43.61
2009-03-12,43.53,43.98,40.75,41.18
2009-03-13,40.99,43.52,40.03,42.36
2009-03-16,42.36,44.23,42.36,43.74
2009-03-17,44.23,44.59,40.74,40.8
2009-03-18,41.14,42.39,38.98,40.06
2009-03-19,40.06,44.17,38.79,43.68
2009-03-20,43.6,47.63,43.07,45.89
2009-03-23,45.89,45.89,41.27,43.23
2009-03-24,43.24,44.0,41.63,42.93
2009-03-25,42.35,44.2,40.81,42.25
2009-03-26,42.25,42.25,40.17,40.36
2009-03-27,40.36,42.13,40.36,41.04
2009-03-30,44.86,46.28,44.86,45.54
2009-03-31,45.54,45.54,42.27,44.14
2009-04-01,45.42,45.6,42.26,42.28
2009-04-02,42.28,42.68,40.3,42.04
2009-04-03,42.03,42.03,39.64,39.7
2009-04-06,41.96,43.02,40.83,40.93
2009-04-07,41.48,42.5,40.36,40.39
2009-04-08,40.39,40.86,38.7,38.85
2009-04-09,37.22,37.74,36.53,36.53
2009-04-13,38.32,38.91,37.51,37.81
2009-04-14,37.95,38.5,36.88,37.67
2009-04-15,37.85,38.06,36.1,36.17
2009-04-16,36.04,36.8,34.88,35.79
2009-04-17,35.36,35.52,33.68,33.94
2009-04-20,33.94,39.58,33.94,39.18
2009-04-21,40.27,40.29,36.95,37.14
2009-04-22,37.14,38.19,36.01,38.1
2009-04-23,38.1,38.52,37.01,37.15
2009-04-24,36.86,37.53,36.37,36.82
2009-04-27,39.46,39.52,37.97,38.32
2009-04-28,39.43,39.64,37.42,37.95
2009-04-29,37.95,37.95,35.37,36.08
2009-04-30,36.09,36.71,34.5,36.5
2009-05-01,36.5,36.88,34.88,35.3
2009-05-04,35.3,36.24,34.31,34.53
2009-05-05,34.54,35.14,33.36,33.36
2009-05-06,33.36,33.7,32.43,32.45
2009-05-07,32.1,34.56,31.91,33.44
2009-05-08,32.36,32.72,31.19,32.05
2009-05-11,32.05,34.08,32.05,32.87
2009-05-12,32.68,33.29,31.57,31.8
2009-05-13,32.97,33.99,32.56,33.65
2009-05-14,33.65,33.96,31.32,31.37
2009-05-15,31.36,33.61,30.59,33.12
2009-05-18,32.91,32.91,30.0,30.24
2009-05-19,30.23,30.32,28.35,28.8
2009-05-20,27.47,29.16,26.57,29.03
2009-05-21,29.03,32.77,29.03,31.35
2009-05-22,31.36,32.71,30.57,32.63
2009-05-26,34.57,34.57,30.38,30.62
2009-05-27,30.8,32.53,29.62,32.36
2009-05-28,31.54,33.32,31.1,31.67
2009-05-29,31.67,31.67,28.85,28.92
2009-06-01,28.7,30.05,28.45,30.04
2009-06-02,30.04,30.13,28.3,29.63
2009-06-03,29.62,31.79,29.62,31.02
2009-06-04,31.02,31.02,29.92,30.18
2009-06-05,29.39,30.81,28.85,29.62
2009-06-08,30.84,31.82,29.33,29.77
2009-06-09,29.77,29.77,27.79,28.27
2009-06-10,26.9,29.74,26.9,28.46
2009-06-11,27.36,28.11,26.81,28.11
2009-06-12,28.08,28.5,27.73,28.15
2009-06-15,29.7,31.09,29.64,30.81
2009-06-16,30.81,32.75,30.07,32.68
2009-06-17,31.19,32.77,30.64,31.54
2009-06-18,31.54,31.54,29.6,30.03
2009-06-19,29.16,29.32,27.56,27.99
2009-06-22,30.4,32.05,30.3,31.17
2009-06-23,31.3,31.54,30.19,30.58
2009-06-24,30.58,30.58,28.79,29.05
2009-06-25,29.45,29.56,26.3,26.36
2009-06-26,27.09,27.22,25.76,25.93
2009-06-29,25.93,27.18,25.29,25.35
2009-06-30,25.36,27.38,25.02,26.35
2009-07-01,25.73,26.31,24.8,26.22
2009-07-02,26.22,28.62,26.22,27.95
2009-07-06,30.32,30.6,28.99,29.0
2009-07-07,29.0,30.94,28.9,30.85
2009-07-08,30.85,33.05,30.43,31.3
2009-07-09,30.23,30.49,29.28,29.78
2009-07-10,29.78,30.34,28.82,29.02
2009-07-13,28.36,29.24,25.42,26.31
2009-07-14,26.31,26.84,24.99,25.02
2009-07-15,25.05,26.06,23.83,25.89
2009-07-16,25.96,26.18,24.51,25.42
2009-07-17,25.42,25.55,23.88,24.34
2009-07-20,25.06,25.42,24.26,24.4
2009-07-21,24.28,25.14,23.81,23.87
2009-07-22,24.05,24.14,23.24,23.47
2009-07-23,23.71,24.05,23.21,23.43
2009-07-24,23.87,23.87,23.0,23.09
2009-07-27,24.06,24.86,24.02,24.28
2009-07-28,24.28,25.61,24.28,25.01
2009-07-29,25.47,26.18,25.41,25.61
2009-07-30,25.4,25.76,24.85,25.4
2009-07-31,25.4,26.22,24.93,25.92
2009-08-03,25.92,26.49,25.56,25.56
2009-08-04,25.55,26.16,24.89,24.89
2009-08-05,24.91,25.85,24.86,24.9
2009-08-06,24.9,26.15,24.47,25.67
2009-08-07,24.71,24.95,23.98,24.76
2009-08-10,24.76,25.82,24.76,24.99
2009-08-11,24.98,26.98,24.98,25.99
2009-08-12,25.99,26.5,25.11,25.45
2009-08-13,25.34,26.15,24.71,24.71
2009-08-14,24.77,25.94,24.26,24.27
2009-08-17,24.27,28.39,24.27,27.89
2009-08-18,27.89,27.89,26.08,26.18
2009-08-19,28.08,28.14,26.14,26.26
2009-08-20,26.45,26.45,24.75,25.09
2009-08-21,24.49,25.06,23.91,25.01
2009-08-24,25.01,25.7,25.01,25.14
2009-08-25,25.13,25.13,23.68,24.92
2009-08-26,24.91,25.56,24.69,24.95
2009-08-27,25.13,25.89,24.43,24.68
2009-08-28,24.44,25.5,24.28,24.76
2009-08-31,24.76,27.01,24.76,26.01
2009-09-01,26.01,29.23,26.0,29.15
2009-09-02,29.14,29.57,28.41,28.9
2009-09-03,28.9,28.9,26.98,27.1
2009-09-04,26.98,26.98,24.86,25.26
2009-09-08,25.26,26.15,25.26,25.62
2009-09-09,25.66,25.93,24.23,24.32
2009-09-10,24.4,24.76,22.82,23.55
2009-09-11,23.49,24.33,22.48,24.15
2009-09-14,25.39,25.39,23.32,23.86
2009-09-15,23.9,24.27,23.07,23.42
2009-09-16,23.29,23.92,22.78,23.69
2009-09-17,23.99,24.07,22.79,23.65
2009-09-18,23.65,24.43,23.14,23.92
2009-09-21,25.34,25.51,23.71,24.06
2009-09-22,23.81,23.98,23.06,23.08
2009-09-23,22.9,23.69,22.19,23.49
2009-09-24,23.67,25.37,23.44,24.95
2009-09-25,25.18,26.34,24.81,25.61
2009-09-28,26.26,26.4,24.85,24.88
2009-09-29,24.88,25.28,24.54,25.19
2009-09-30,25.19,26.45,24.76,25.61
2009-10-01,25.98,28.42,25.98,28.27
2009-10-02,29.34,29.56,27.98,28.68
2009-10-05,29.34,29.34,26.57,26.84
2009-10-06,26.39,26.41,25.19,25.7
2009-10-07,25.78,25.82,24.57,24.68
2009-10-08,24.68,24.69,23.9,24.18
2009-10-09,24.39,24.54,22.99,23.12
2009-10-12,23.12,23.53,22.67,23.01
2009-10-13,23.0,24.07,22.74,22.99
2009-10-14,22.08,22.89,21.55,22.86
2009-10-15,23.51,23.53,21.49,21.72
2009-10-16,21.72,22.6,20.98,21.43
2009-10-19,21.41,22.46,20.91,21.49
2009-10-20,21.55,21.76,20.9,20.9
2009-10-21,20.9,22.48,20.1,22.22
2009-10-22,22.22,22.77,20.33,20.69
2009-10-23,20.7,22.59,20.34,22.27
2009-10-26,23.06,24.86,21.89,24.31
2009-10-27,24.38,25.22,24.03,24.83
2009-10-28,24.83,27.94,24.83,27.91
2009-10-29,27.16,27.19,24.68,24.76
2009-10-30,24.76,31.59,24.76,30.69
2009-11-02,30.7,31.84,28.07,29.78
2009-11-03,30.62,30.8,28.77,28.81
2009-11-04,28.81,28.81,26.61,27.72
2009-11-05,27.28,27.39,25.41,25.43
2009-11-06,26.17,26.17,24.06,24.19
2009-11-09,24.19,24.24,22.78,23.15
2009-11-10,23.15,23.53,22.78,22.84
2009-11-11,22.84,23.68,21.61,23.04
2009-11-12,23.04,24.61,22.91,24.24
2009-11-13,24.25,24.43,23.22,23.36
2009-11-16,23.36,23.42,22.02,22.89
2009-11-17,22.81,23.33,22.27,22.41
2009-11-18,22.35,22.65,21.63,21.63
2009-11-19,21.63,24.2,21.63,22.63
2009-11-20,23.45,23.45,22.14,22.19
2009-11-23,21.98,21.98,20.9,21.16
2009-11-24,21.28,21.87,20.35,20.47
2009-11-25,20.23,20.57,20.05,20.48
2009-11-27,25.75,25.93,23.12,24.85
2009-11-30,24.95,25.57,24.19,24.51
2009-12-01,24.51,24.51,21.88,21.92
2009-12-02,21.89,22.19,21.01,21.12
2009-12-03,21.15,22.5,20.61,22.46
2009-12-04,21.18,22.76,20.62,21.25
2009-12-07,22.32,22.46,21.6,22.1
2009-12-08,23.28,23.97,22.84,23.69
2009-12-09,23.21,24.2,22.54,22.66
2009-12-10,22.66,22.66,21.77,22.32
2009-12-11,21.45,22.31,21.39,21.59
2009-12-14,21.59,21.59,20.57,21.15
2009-12-15,21.09,21.87,20.91,21.49
2009-12-16,21.5,21.5,20.46,20.54
2009-12-17,21.89,22.86,21.4,22.51
2009-12-18,21.84,23.02,21.68,21.68
2009-12-21,21.46,21.51,20.28,20.49
2009-12-22,20.39,20.4,19.54,19.54
2009-12-23,19.54,19.97,19.35,19.71
2009-12-24,19.67,19.67,19.25,19.47
2009-12-28,20.29,20.53,19.9,19.93
2009-12-29,19.87,20.12,19.62,20.01
2009-12-30,20.36,20.44,19.93,19.96
2009-12-31,19.96,21.83,19.89,21.68
2010-01-04,21.68,21.68,20.03,20.04
2010-01-05,20.05,20.13,19.34,19.35
2010-01-06,19.59,19.68,18.77,19.16
2010-01-07,19.68,19.71,18.7,19.06
2010-01-08,19.27,19.27,18.11,18.13
2010-01-11,16.93,17.74,16.86,17.55
2010-01-12,17.95,19.46,17.95,18.25
2010-01-13,17.94,18.72,17.56,17.85
2010-01-14,18.16,18.27,17.38,17.63
2010-01-15,17.63,19.02,17.63,17.91
2010-01-19,18.63,18.85,17.33,17.58
2010-01-20,18.51,19.69,18.44,18.68
2010-01-21,18.59,22.3,18.27,22.27
2010-01-22,22.27,28.01,22.27,27.31
2010-01-25,27.32,27.32,24.61,25.41
2010-01-26,26.03,26.22,22.77,24.55
2010-01-27,24.81,25.69,23.14,23.14
2010-01-28,22.79,25.3,22.69,23.73
2010-01-29,23.73,25.03,22.11,24.62
2010-02-01,24.33,24.33,22.58,22.59
2010-02-02,22.59,22.99,21.08,21.48
2010-02-03,22.11,22.11,21.33,21.6
2010-02-04,22.63,26.32,22.63,26.08
2010-02-05,25.69,29.22,25.37,26.11
2010-02-08,26.11,27.11,25.48,26.51
2010-02-09,26.51,26.56,24.78,26.0
2010-02-10,26.36,26.77,24.8,25.4
2010-02-11,25.82,26.11,23.87,23.96
2010-02-12,23.96,25.54,22.73,22.73
2010-02-16,23.51,23.57,22.13,22.25
2010-02-17,22.25,22.6,21.7,21.72
2010-02-18,21.72,22.21,20.6,20.63
2010-02-19,21.07,21.14,19.71,20.02
2010-02-22,20.16,21.0,19.59,19.94
2010-02-23,20.39,21.94,20.06,21.37
2010-02-24,21.23,21.58,20.22,20.27
2010-02-25,22.03,22.68,20.06,20.1
2010-02-26,19.88,20.53,19.32,19.5
2010-03-01,19.93,19.94,19.18,19.26
2010-03-02,18.83,19.36,18.6,19.06
2010-03-03,18.95,19.3,18.42,18.83
2010-03-04,18.86,19.27,18.58,18.72
2010-03-05,18.06,18.15,17.23,17.42
2010-03-08,17.95,17.96,17.56,17.79
2010-03-09,18.18,18.19,17.51,17.92
2010-03-10,18.0,18.6,17.43,18.57
2010-03-11,18.9,19.34,18.06,18.06
2010-03-12,17.97,18.53,17.58,17.58
2010-03-15,18.28,18.78,17.96,18.0
2010-03-16,17.78,18.01,17.42,17.69
2010-03-17,16.97,17.17,16.52,16.91
2010-03-18,16.96,16.99,16.31,16.62
2010-03-19,16.17,17.57,16.17,16.97
2010-03-22,18.3,18.34,16.77,16.87
2010-03-23,16.84,17.09,16.21,16.35
2010-03-24,16.85,17.92,16.83,17.55
2010-03-25,17.07,18.54,16.62,18.4
2010-03-26,18.27,18.69,17.35,17.77
2010-03-29,18.17,18.28,17.57,17.59
2010-03-30,17.64,18.08,17.13,17.13
2010-03-31,17.66,17.92,17.29,17.59
2010-04-01,17.01,18.09,16.79,17.47
2010-04-05,17.96,18.16,17.02,17.02
2010-04-06,17.39,17.54,16.08,16.23
2010-04-07,16.72,17.21,16.16,16.62
2010-04-08,17.21,17.8,16.3,16.48
2010-04-09,16.32,16.65,16.06,16.14
2010-04-12,15.67,16.0,15.23,15.58
2010-04-13,15.98,16.77,15.81,16.2
2010-04-14,15.8,16.38,15.55,15.59
2010-04-15,15.87,16.5,15.68,15.89
2010-04-16,16.19,19.7,16.11,18.36
2010-04-19,19.14,19.55,17.34,17.34
2010-04-20,16.84,16.89,15.73,15.73
2010-04-21,15.94,16.85,15.5,16.32
2010-04-22,17.48,18.19,16.2,16.47
2010-04-23,16.62,16.71,16.12,16.62
2010-04-26,17.52,17.53,17.07,17.47
2010-04-27,18.13,23.2,17.94,22.81
2010-04-28,22.08,23.03,20.86,21.08
2010-04-29,20.37,20.37,18.44,18.44
2010-04-30,18.75,22.39,18.41,22.05
2010-05-03,22.41,22.41,19.61,20.19
2010-05-04,22.46,25.7,22.46,23.84
2010-05-05,25.96,27.23,23.75,24.91
2010-05-06,25.88,40.71,24.43,32.8
2010-05-07,32.76,42.15,31.71,40.95
2010-05-10,28.65,30.89,25.68,28.84
2010-05-11,31.04,31.04,25.86,28.32
2010-05-12,26.56,26.67,24.98,25.52
2010-05-13,26.17,26.85,24.3,26.68
2010-05-14,28.4,33.24,28.4,31.24
2010-05-17,31.33,35.25,30.76,30.84
2010-05-18,28.67,34.17,28.09,33.55
2010-05-19,34.65,38.42,33.07,35.32
2010-05-20,41.79,46.37,40.3,45.79
2010-05-21,47.66,48.2,38.95,40.1
2010-05-24,41.74,41.74,35.57,38.32
2010-05-25,43.15,43.74,34.59,34.61
2010-05-26,32.54,35.02,24.1,35.02
2010-05-27,30.24,31.03,29.54,29.68
2010-05-28,30.23,33.3,29.53,32.07
2010-06-01,34.87,35.68,31.82,35.54
2010-06-02,34.39,34.57,29.94,30.17
2010-06-03,29.65,31.2,29.12,29.46
2010-06-04,32.93,36.12,31.81,35.48
2010-06-07,35.66,36.8,34.43,36.57
2010-06-08,36.53,37.38,33.36,33.7
2010-06-09,32.33,34.12,30.23,33.73
2010-06-10,31.0,31.77,29.69,30.57
2010-06-11,31.79,31.79,28.6,28.79
2010-06-14,27.94,28.72,26.98,28.58
2010-06-15,27.68,27.84,25.68,25.87
2010-06-16,26.72,26.72,25.34,25.92
2010-06-17,25.59,26.64,25.05,25.05
2010-06-18,24.87,24.88,23.3,23.95
2010-06-21,22.9,25.64,22.87,24.88
2010-06-22,25.14,27.05,24.41,27.05
2010-06-23,26.93,28.55,26.54,26.91
2010-06-24,27.61,30.27,27.53,29.74
2010-06-25,29.64,30.41,28.07,28.53
2010-06-28,29.2,29.9,28.47,29.0
2010-06-29,31.22,35.39,31.22,34.13
2010-06-30,33.95,34.63,31.74,34.54
2010-07-01,34.41,37.58,32.72,32.86
2010-07-02,31.71,31.88,29.35,30.12
2010-07-06,28.82,31.15,27.96,29.65
2010-07-07,29.56,29.56,26.84,26.84
2010-07-08,26.5,27.42,24.22,25.71
2010-07-09,25.35,25.67,24.37,24.98
2010-07-12,24.66,25.14,23.53,24.43
2010-07-13,23.29,24.57,23.12,24.56
2010-07-14,24.61,25.8,24.18,24.89
2010-07-15,25.08,27.24,24.74,25.14
2010-07-16,25.77,28.16,25.71,26.25
2010-07-19,27.02,27.3,25.12,25.97
2010-07-20,27.35,27.4,23.79,23.93
2010-07-21,23.61,26.63,23.59,25.64
2010-07-22,24.37,24.85,23.72,24.63
2010-07-23,24.79,25.17,23.32,23.47
2010-07-26,24.37,24.61,22.7,22.73
2010-07-27,21.89,23.57,21.86,23.19
2010-07-28,23.93,24.54,22.24,24.25
2010-07-29,23.4,25.54,23.04,24.13
2010-07-30,25.47,27.32,23.35,23.5
2010-08-02,23.07,23.24,21.74,22.01
2010-08-03,22.44,23.06,21.98,22.63
2010-08-04,22.69,23.69,22.16,22.21
2010-08-05,23.04,23.13,22.07,22.1
2010-08-06,23.34,23.89,21.72,21.74
2010-08-09,21.85,22.87,21.36,22.14
2010-08-10,23.3,24.24,22.17,22.37
2010-08-11,24.96,26.1,24.96,25.39
2010-08-12,27.21,27.21,25.18,25.73
2010-08-13,26.08,26.26,25.45,26.24
2010-08-16,27.41,28.1,25.38,26.1
2010-08-17,24.72,24.89,23.71,24.33
2010-08-18,24.3,25.23,23.4,24.59
2010-08-19,24.48,26.78,24.26,26.44
2010-08-20,26.73,27.0,25.49,25.49
2010-08-23,25.97,25.97,24.62,25.66
2010-08-24,27.91,28.77,26.32,27.46
2010-08-25,28.3,28.92,26.46,26.7
2010-08-26,26.45,27.55,25.86,27.37
2010-08-27,26.5,28.11,24.41,24.45
2010-08-30,25.88,27.21,25.41,27.21
2010-08-31,27.58,27.83,25.93,26.05
2010-09-01,25.13,25.13,23.86,23.89
2010-09-02,24.23,24.31,23.15,23.19
2010-09-03,21.99,22.78,21.24,21.31
2010-09-07,22.77,23.94,22.77,23.8
2010-09-08,23.51,23.56,22.92,23.25
2010-09-09,22.22,23.24,22.14,22.81
2010-09-10,22.64,22.87,21.76,21.99
2010-09-13,21.06,22.05,20.93,21.21
2010-09-14,21.69,21.97,20.85,21.56
2010-09-15,22.55,22.8,22.1,22.1
2010-09-16,22.65,22.83,21.71,21.72
2010-09-17,21.65,22.56,21.63,22.01
2010-09-20,22.47,22.58,21.25,21.5
2010-09-21,21.54,22.59,21.42,22.35
2010-09-22,22.56,23.19,21.91,22.51
2010-09-23,23.91,24.06,22.56,23.87
2010-09-24,22.61,22.61,21.71,21.71
2010-09-27,22.58,22.75,21.97,22.54
2010-09-28,22.92,24.28,22.4,22.6
2010-09-29,23.14,23.45,22.72,23.25
2010-09-30,22.85,24.52,22.39,23.7
2010-10-01,22.9,23.67,22.46,22.5
2010-10-04,23.63,24.34,23.3,23.53
2010-10-05,22.52,23.08,21.71,21.76
2010-10-06,21.82,22.13,21.46,21.49
2010-10-07,21.31,22.16,21.28,21.56
2010-10-08,21.58,21.64,20.29,20.71
2010-10-11,19.33,19.51,18.8,18.96
2010-10-12,20.0,20.1,18.55,18.93
2010-10-13,17.92,19.16,17.9,19.07
2010-10-14,19.59,21.02,19.4,19.88
2010-10-15,20.2,21.59,19.02,19.03
2010-10-18,20.43,20.71,18.88,19.09
2010-10-19,20.7,21.35,19.33,20.63
2010-10-20,21.2,21.2,19.67,19.79
2010-10-21,19.7,20.53,18.93,19.27
2010-10-22,19.36,19.36,18.76,18.78
2010-10-25,19.22,19.88,18.86,19.85
2010-10-26,20.52,21.01,20.22,20.22
2010-10-27,21.11,22.37,20.69,20.71
2010-10-28,20.28,21.41,20.18,20.88
2010-10-29,21.2,21.4,20.86,21.2
2010-11-01,21.65,22.54,20.92,21.83
2010-11-02,21.34,21.82,21.22,21.57
2010-11-03,21.66,22.02,19.54,19.56
2010-11-04,18.03,18.8,17.97,18.52
2010-11-05,18.07,18.44,17.92,18.26
2010-11-08,19.33,19.35,18.21,18.29
2010-11-09,18.51,19.39,17.83,19.08
2010-11-10,18.94,19.96,18.41,18.47
2010-11-11,19.44,19.75,18.48,18.64
2010-11-12,19.59,21.23,19.29,20.61
2010-11-15,20.33,20.37,19.14,20.2
2010-11-16,21.26,23.07,20.95,22.58
2010-11-17,22.19,22.21,21.22,21.76
2010-11-18,20.31,20.31,18.75,18.75
2010-11-19,19.15,19.72,17.76,18.04
2010-11-22,19.45,20.14,18.35,18.37
2010-11-23,20.25,21.45,20.24,20.63
2010-11-24,19.42,19.61,18.73,19.56
2010-11-26,21.17,22.22,20.28,22.22
2010-11-29,23.15,23.84,21.38,21.53
2010-11-30,23.27,23.79,22.42,23.54
2010-12-01,21.19,21.43,20.4,21.36
2010-12-02,21.13,21.13,19.1,19.39
2010-12-03,19.26,19.28,17.71,18.01
2010-12-06,18.8,18.85,17.95,18.02
2010-12-07,17.13,18.15,17.13,17.99
2010-12-08,17.97,18.32,17.69,17.74
2010-12-09,17.32,17.84,17.24,17.25
2010-12-10,17.06,17.63,17.06,17.61
2010-12-13,16.82,17.67,16.68,17.55
2010-12-14,17.6,17.95,17.22,17.61
2010-12-15,17.99,18.14,17.37,17.94
2010-12-16,18.03,18.27,16.88,17.39
2010-12-17,17.62,17.64,15.46,16.11
2010-12-20,16.22,16.86,15.78,16.41
2010-12-21,16.2,16.62,16.08,16.49
2010-12-22,16.52,16.56,15.45,15.45
2010-12-23,15.44,16.86,15.4,16.47
2010-12-27,18.26,18.32,17.66,17.67
2010-12-28,17.3,17.99,17.3,17.52
2010-12-29,17.49,17.49,17.02,17.28
2010-12-30,17.65,17.89,17.46,17.52
2010-12-31,17.91,18.13,17.75,17.75
2011-01-03,17.94,17.95,16.91,17.61
2011-01-04,17.34,18.24,17.33,17.38
2011-01-05,17.81,17.95,16.86,17.02
2011-01-06,16.8,17.56,16.79,17.4
2011-01-07,17.31,18.07,16.57,17.14
2011-01-10,18.35,18.63,17.54,17.54
2011-01-11,16.61,17.35,16.6,16.89
2011-01-12,16.26,16.5,16.17,16.24
2011-01-13,16.51,16.78,16.14,16.39
2011-01-14,16.67,16.71,15.37,15.46
2011-01-18,16.19,16.2,15.71,15.87
2011-01-19,15.89,17.67,15.86,17.31
2011-01-20,17.81,18.85,17.65,17.99
2011-01-21,17.03,18.61,16.6,18.47
2011-01-24,18.78,18.93,17.56,17.65
2011-01-25,18.22,18.55,17.59,17.59
2011-01-26,17.0,17.42,16.59,16.64
2011-01-27,16.84,16.89,15.81,16.15
2011-01-28,15.94,20.08,15.92,20.04
2011-01-31,19.61,19.96,17.1,19.53
2011-02-01,18.59,18.63,17.4,17.63
2011-02-02,17.82,17.84,17.28,17.3
2011-02-03,17.53,17.8,16.61,16.69
2011-02-04,16.64,16.74,15.89,15.93
2011-02-07,16.14,16.54,15.84,16.28
2011-02-08,16.29,16.6,14.86,15.81
2011-02-09,16.27,16.52,15.86,15.87
2011-02-10,16.74,17.07,16.0,16.09
2011-02-11,16.53,16.53,15.55,15.69
2011-02-14,16.07,16.26,15.22,15.95
2011-02-15,16.3,16.75,16.27,16.37
2011-02-16,16.31,16.74,15.84,16.72
2011-02-17,17.01,17.3,15.88,16.59
2011-02-18,16.59,16.91,15.54,16.43
2011-02-22,19.46,21.45,18.38,20.8
2011-02-23,20.84,23.22,20.3,22.13
2011-02-24,22.28,22.71,20.81,21.32
2011-02-25,20.41,20.44,18.88,19.22
2011-02-28,19.12,19.27,18.14,18.35
2011-03-01,17.63,21.01,17.63,21.01
2011-03-02,20.73,21.14,19.62,20.7
2011-03-03,19.27,19.27,18.25,18.6
2011-03-04,18.56,20.33,18.31,19.06
2011-03-07,19.37,21.77,18.95,20.66
2011-03-08,20.58,21.06,19.15,19.82
2011-03-09,20.05,20.96,19.41,20.22
2011-03-10,21.37,22.25,20.34,21.88
2011-03-11,21.72,21.75,19.97,20.08
2011-03-14,21.79,22.74,20.92,21.13
2011-03-15,25.66,25.72,23.31,24.32
2011-03-16,24.65,31.28,24.04,29.4
2011-03-17,26.94,27.54,25.44,26.37
2011-03-18,23.9,24.85,23.09,24.44
2011-03-21,22.1,22.16,20.22,20.61
2011-03-22,20.53,20.59,19.97,20.21
2011-03-23,20.59,21.05,18.19,19.17
2011-03-24,18.45,18.99,17.87,18.0
2011-03-25,17.87,18.08,17.07,17.91
2011-03-28,18.31,19.44,17.96,19.44
2011-03-29,19.17,19.78,18.0,18.16
2011-03-30,17.82,17.89,17.25,17.71
2011-03-31,17.9,17.95,17.41,17.74
2011-04-01,16.68,17.62,16.44,17.4
2011-04-04,17.63,17.85,17.39,17.5
2011-04-05,17.87,17.87,16.5,17.25
2011-04-06,16.75,17.15,16.5,16.9
2011-04-07,16.92,17.77,16.49,17.11
2011-04-08,16.51,18.33,16.51,17.87
2011-04-11,16.74,17.05,16.22,16.59
2011-04-12,17.58,18.46,16.88,17.09
2011-04-13,16.33,17.38,16.2,16.92
2011-04-14,17.77,18.08,16.08,16.27
2011-04-15,15.97,15.98,14.92,15.32
2011-04-18,18.3,19.07,16.81,16.96
2011-04-19,16.62,16.72,15.69,15.83
2011-04-20,14.31,15.39,14.3,15.07
2011-04-21,14.71,15.23,14.4,14.69
2011-04-25,15.64,16.06,15.5,15.77
2011-04-26,15.36,15.66,15.07,15.62
2011-04-27,15.37,16.42,15.13,15.35
2011-04-28,15.54,15.54,14.27,14.62
2011-04-29,14.56,14.99,14.49,14.75
2011-05-02,15.07,16.13,15.07,15.99
2011-05-03,16.35,17.29,16.13,16.7
2011-05-04,16.84,17.72,16.83,17.08
2011-05-05,17.68,19.11,16.74,18.2
2011-05-06,17.17,19.29,16.12,18.4
2011-05-09,18.59,18.59,17.04,17.16
2011-05-10,16.84,16.9,15.79,15.91
2011-05-11,16.27,17.49,16.23,16.95
2011-05-12,17.27,17.89,16.03,16.03
2011-05-13,16.02,17.56,15.98,17.07
2011-05-16,17.86,18.25,16.61,18.24
2011-05-17,18.54,19.09,17.47,17.55
2011-05-18,17.56,17.68,16.03,16.23
2011-05-19,15.9,16.56,15.5,15.52
2011-05-20,15.88,17.43,15.7,17.43
2011-05-23,20.03,20.03,17.47,18.27
2011-05-24,18.07,18.19,17.0,17.82
2011-05-25,18.26,18.26,16.7,17.07
2011-05-26,17.17,17.46,15.9,16.09
2011-05-27,16.11,16.27,15.36,15.98
2011-05-31,15.85,16.5,15.15,15.45
2011-06-01,15.95,18.48,15.95,18.3
2011-06-02,17.92,18.72,17.39,18.09
2011-06-03,18.23,19.87,17.12,17.95
2011-06-06,18.42,18.65,17.65,18.49
2011-06-07,18.13,18.48,17.39,18.07
2011-06-08,18.15,18.83,17.72,18.79
2011-06-09,18.2,18.31,17.26,17.77
2011-06-10,17.93,19.16,17.93,18.86
2011-06-13,19.1,20.02,18.41,19.61
2011-06-14,18.56,18.56,17.8,18.26
2011-06-15,19.31,21.66,19.03,21.32
2011-06-16,21.37,24.65,20.81,22.73
2011-06-17,21.56,22.39,20.35,21.85
2011-06-20,22.99,23.08,19.99,19.99
2011-06-21,19.46,19.46,17.72,18.86
2011-06-22,18.86,18.9,17.72,18.52
2011-06-23,20.23,21.5,19.22,19.29
2011-06-24,19.2,21.28,19.1,21.1
2011-06-27,21.6,21.82,20.27,20.56
2011-06-28,20.3,20.45,19.17,19.17
2011-06-29,18.62,18.83,16.32,17.27
2011-06-30,16.67,16.77,15.88,16.52
2011-07-01,16.06,16.29,15.12,15.87
2011-07-05,16.32,16.5,15.89,16.06
2011-07-06,16.46,17.08,16.32,16.34
2011-07-07,15.3,16.13,15.3,15.95
2011-07-08,17.14,17.14,15.95,15.95
2011-07-11,17.44,19.06,17.16,18.39
2011-07-12,19.55,20.13,18.25,19.87
2011-07-13,19.08,20.16,18.09,19.91
2011-07-14,20.08,21.58,19.35,20.8
2011-07-15,20.25,21.68,19.52,19.53
2011-07-18,21.25,21.93,20.9,20.95
2011-07-19,20.14,20.43,19.12,19.21
2011-07-20,18.81,19.65,18.61,19.09
2011-07-21,18.61,18.63,17.15,17.56
2011-07-22,17.22,17.95,17.14,17.52
2011-07-25,19.26,19.5,18.73,19.35
2011-07-26,19.75,20.5,19.56,20.23
2011-07-27,20.87,23.2,20.87,22.98
2011-07-28,22.83,23.99,21.2,23.74
2011-07-29,25.28,25.94,23.65,25.25
2011-08-01,22.63,25.63,22.46,23.66
2011-08-02,24.22,24.79,22.65,24.79
2011-08-03,23.58,25.23,22.76,23.38
2011-08-04,24.57,32.07,24.31,31.66
2011-08-05,28.48,39.25,27.54,32.0
2011-08-08,36.9,48.0,35.29,48.0
2011-08-09,42.12,47.56,34.28,35.06
2011-08-10,39.33,44.41,37.34,42.99
2011-08-11,41.94,42.88,37.5,39.0
2011-08-12,37.08,37.85,34.01,36.36
2011-08-15,34.73,34.83,31.47,31.87
2011-08-16,33.36,34.49,31.68,32.85
2011-08-17,32.09,33.32,30.81,31.58
2011-08-18,36.77,45.28,36.69,42.67
2011-08-19,45.34,45.4,39.99,43.05
2011-08-22,38.8,43.58,38.78,42.44
2011-08-23,41.89,42.54,35.83,36.27
2011-08-24,37.12,37.38,34.55,35.9
2011-08-25,34.43,40.14,34.05,39.76
2011-08-26,41.18,43.84,34.33,35.59
2011-08-29,33.81,33.81,32.21,32.28
2011-08-30,32.97,33.55,31.55,32.89
2011-08-31,31.2,32.53,30.16,31.62
2011-09-01,31.91,32.38,30.76,31.82
2011-09-02,34.29,34.74,32.7,33.92
2011-09-06,39.84,39.86,37.0,37.0
2011-09-07,34.24,34.7,33.38,33.38
2011-09-08,34.41,34.71,32.79,34.32
2011-09-09,35.53,40.74,35.53,38.52
2011-09-12,42.56,43.18,38.58,38.59
2011-09-13,38.68,39.43,36.69,36.91
2011-09-14,36.59,37.76,33.4,34.6
2011-09-15,33.43,33.98,31.75,31.97
2011-09-16,31.81,32.48,30.43,30.98
2011-09-19,34.8,35.33,32.35,32.73
2011-09-20,32.42,33.14,31.45,32.86
2011-09-21,33.0,37.32,32.45,37.32
2011-09-22,41.0,43.87,39.33,41.35
2011-09-23,42.17,42.82,40.42,41.25
2011-09-26,40.99,43.34,39.02,39.02
2011-09-27,36.59,38.57,35.32,37.71
2011-09-28,37.7,41.24,36.65,41.08
2011-09-29,38.62,42.0,38.03,38.84
2011-09-30,40.93,42.99,39.88,42.96
2011-10-03,44.25,45.55,41.51,45.45
2011-10-04,46.18,46.88,40.02,40.82
2011-10-05,40.73,41.2,37.51,37.81
2011-10-06,38.24,38.74,36.15,36.27
2011-10-07,35.67,37.82,35.19,36.2
2011-10-10,35.45,35.45,32.96,33.02
2011-10-11,33.95,34.24,32.62,32.86
2011-10-12,31.57,31.93,29.79,31.26
2011-10-13,31.99,32.76,30.48,30.7
2011-10-14,29.07,29.96,28.08,28.24
2011-10-17,30.35,33.39,30.12,33.39
2011-10-18,33.37,34.71,29.69,31.56
2011-10-19,32.92,35.47,31.91,34.44
2011-10-20,34.44,36.87,34.16,34.78
2011-10-21,32.76,32.98,31.32,31.32
2011-10-24,31.67,31.7,28.84,29.26
2011-10-25,30.68,32.46,30.32,32.22
2011-10-26,30.44,33.3,29.63,29.86
2011-10-27,24.72,26.46,24.7,25.46
2011-10-28,26.02,26.02,24.44,24.53
2011-10-31,27.09,29.97,27.01,29.96
2011-11-01,36.03,37.53,33.87,34.77
2011-11-02,33.53,34.27,32.55,32.74
2011-11-03,31.38,34.65,30.21,30.5
2011-11-04,31.46,32.56,30.14,30.16
2011-11-07,31.4,32.15,29.85,29.85
2011-11-08,29.34,30.49,27.47,27.48
2011-11-09,31.32,36.43,30.98,36.16
2011-11-10,33.09,35.5,32.12,32.81
2011-11-11,29.91,30.42,29.45,30.04
2011-11-14,31.42,32.85,31.13,31.13
2011-11-15,31.74,32.55,30.4,31.22
2011-11-16,32.66,33.51,30.54,33.51
2011-11-17,33.15,36.46,32.89,34.51
2011-11-18,33.16,33.99,31.92,32.0
2011-11-21,34.59,35.29,32.53,32.91
2011-11-22,33.12,33.39,31.28,31.97
2011-11-23,32.91,34.57,32.68,33.98
2011-11-25,34.61,34.77,33.12,34.47
2011-11-28,31.93,33.11,31.57,32.13
2011-11-29,31.76,32.02,30.56,30.64
2011-11-30,27.72,28.5,27.03,27.8
2011-12-01,27.63,27.89,26.64,27.41
2011-12-02,26.26,27.62,25.29,27.52
2011-12-05,26.74,28.31,26.0,27.84
2011-12-06,27.91,28.13,27.41,28.13
2011-12-07,28.61,29.58,28.44,28.67
2011-12-08,29.63,30.91,29.02,30.59
2011-12-09,29.61,29.61,26.29,26.38
2011-12-12,26.78,27.73,25.64,25.67
2011-12-13,24.72,26.28,23.27,25.41
2011-12-14,26.16,27.55,25.76,26.04
2011-12-15,24.38,25.28,24.14,25.11
2011-12-16,24.16,25.02,23.51,24.29
2011-12-19,25.14,25.38,24.38,24.92
2011-12-20,23.56,23.58,22.54,23.22
2011-12-21,22.52,23.94,21.12,21.43
2011-12-22,21.08,21.33,20.34,21.16
2011-12-23,21.1,21.21,20.72,20.73
2011-12-27,22.58,22.66,21.68,21.91
2011-12-28,22.12,23.56,22.11,23.52
2011-12-29,23.52,23.52,22.65,22.65
2011-12-30,22.86,23.46,22.65,23.4
2012-01-03,22.95,23.1,22.54,22.97
2012-01-04,23.44,23.73,22.22,22.22
2012-01-05,22.75,23.09,21.34,21.48
2012-01-06,21.24,21.72,20.58,20.63
2012-01-09,21.67,21.78,21.0,21.07
2012-01-10,20.14,20.69,20.05,20.69
2012-01-11,21.18,21.22,20.98,21.05
2012-01-12,21.01,22.03,20.46,20.47
2012-01-13,21.41,22.43,20.91,20.91
2012-01-17,20.9,22.25,20.69,22.2
2012-01-18,23.2,23.44,20.78,20.89
2012-01-19,20.49,20.87,19.45,19.87
2012-01-20,19.91,19.94,18.16,18.28
2012-01-23,19.22,19.31,18.55,18.67
2012-01-24,19.76,20.0,18.63,18.91
2012-01-25,19.35,19.55,17.15,18.31
2012-01-26,17.96,19.17,16.8,18.57
2012-01-27,19.16,19.16,18.26,18.53
2012-01-30,20.33,20.33,19.38,19.4
2012-01-31,19.07,19.84,18.13,19.44
2012-02-01,18.68,18.82,17.99,18.55
2012-02-02,18.38,18.5,17.98,17.98
2012-02-03,16.84,17.32,16.1,17.1
2012-02-06,17.98,18.02,16.11,17.76
2012-02-07,17.93,18.1,17.5,17.65
2012-02-08,17.79,18.46,17.53,18.16
2012-02-09,18.12,18.72,18.07,18.63
2012-02-10,20.1,21.98,19.02,20.79
2012-02-13,19.64,19.68,17.92,19.04
2012-02-14,19.45,20.76,18.95,19.54
2012-02-15,19.74,21.77,19.44,21.14
2012-02-16,21.59,21.76,19.22,19.22
2012-02-17,18.73,18.79,17.54,17.78
2012-02-21,18.41,18.94,17.65,18.19
2012-02-22,18.85,18.94,17.74,18.19
2012-02-23,18.73,18.97,16.64,16.8
2012-02-24,16.68,17.62,16.42,17.31
2012-02-27,19.1,19.25,17.58,18.19
2012-02-28,18.67,18.67,17.88,17.96
2012-02-29,17.8,18.75,17.53,18.43
2012-03-01,18.02,18.03,17.26,17.26
2012-03-02,17.65,17.65,17.14,17.29
2012-03-05,18.27,18.9,18.02,18.05
2012-03-06,20.57,21.24,20.3,20.87
2012-03-07,20.43,20.44,19.07,19.07
2012-03-08,18.08,18.46,17.76,17.95
2012-03-09,17.16,17.54,16.63,17.11
2012-03-12,15.79,16.67,15.23,15.64
2012-03-13,14.0,16.08,13.99,14.8
2012-03-14,14.42,16.19,14.39,15.31
2012-03-15,15.32,16.06,14.58,15.42
2012-03-16,14.43,15.24,13.66,14.47
2012-03-19,15.42,15.43,14.54,15.04
2012-03-20,15.82,15.95,15.11,15.58
2012-03-21,14.72,15.31,14.19,15.13
2012-03-22,16.04,16.58,15.56,15.57
2012-03-23,15.65,16.39,14.69,14.82
2012-03-26,14.51,15.03,14.26,14.26
2012-03-27,14.52,15.59,14.14,15.59
2012-03-28,15.58,17.27,15.4,15.47
2012-03-29,16.84,17.2,15.39,15.48
2012-03-30,14.88,15.98,14.67,15.5
2012-04-02,16.35,16.58,15.02,15.64
2012-04-03,15.61,16.65,15.56,15.66
2012-04-04,17.07,17.74,16.31,16.44
2012-04-05,17.02,17.13,16.29,16.7
2012-04-09,18.94,18.94,17.93,18.81
2012-04-10,19.1,21.06,18.62,20.39
2012-04-11,19.22,20.12,18.73,20.02
2012-04-12,19.63,19.74,17.2,17.2
2012-04-13,17.95,19.62,17.85,19.55
2012-04-16,18.87,20.42,18.6,19.55
2012-04-17,18.66,18.66,17.58,18.46
2012-04-18,19.02,19.17,17.7,18.64
2012-04-19,18.51,19.69,17.69,18.36
2012-04-20,17.92,18.05,16.97,17.44
2012-04-23,20.22,20.27,18.95,18.97
2012-04-24,19.22,19.22,18.09,18.1
2012-04-25,17.05,17.38,16.82,16.82
2012-04-26,16.97,17.04,15.75,16.24
2012-04-27,15.83,16.47,15.83,16.32
2012-04-30,17.04,17.41,16.92,17.15
2012-05-01,17.27,17.49,16.01,16.6
2012-05-02,17.25,17.63,16.78,16.88
2012-05-03,16.9,17.92,16.73,17.56
2012-05-04,18.03,19.28,17.81,19.16
2012-05-07,19.8,19.87,18.41,18.94
2012-05-08,19.44,20.91,17.95,19.05
2012-05-09,20.65,21.59,19.38,20.08
2012-05-10,19.25,19.88,18.77,18.83
2012-05-11,19.93,19.94,18.62,19.89
2012-05-14,21.47,21.87,20.94,21.87
2012-05-15,21.43,22.7,20.76,21.97
2012-05-16,21.54,22.69,20.83,22.27
2012-05-17,21.99,24.51,21.87,24.49
2012-05-18,23.27,25.14,23.07,25.1
2012-05-21,24.88,24.88,22.01,22.01
2012-05-22,21.76,23.19,19.98,22.48
2012-05-23,23.32,24.62,21.99,22.33
2012-05-24,22.0,23.22,21.48,21.54
2012-05-25,22.05,22.29,21.3,21.76
2012-05-29,21.7,22.47,20.99,21.03
2012-05-30,22.68,24.14,22.66,24.14
2012-05-31,23.83,25.46,22.78,24.06
2012-06-01,25.87,26.71,23.94,26.66
2012-06-04,26.35,27.73,25.72,26.12
2012-06-05,25.9,25.9,24.5,24.68
2012-06-06,23.76,23.89,21.8,22.16
2012-06-07,21.0,22.48,20.74,21.72
2012-06-08,22.54,23.1,20.29,21.23
2012-06-11,19.87,23.56,19.63,23.56
2012-06-12,23.15,23.9,22.09,22.09
2012-06-13,22.93,24.93,22.66,24.27
2012-06-14,24.19,24.81,21.55,21.68
2012-06-15,22.47,23.09,20.61,21.11
2012-06-18,21.76,21.98,18.24,18.32
2012-06-19,17.66,18.62,17.36,18.38
2012-06-20,17.96,20.05,17.09,17.24
2012-06-21,16.89,20.48,16.77,20.08
2012-06-22,18.65,19.37,17.9,18.11
2012-06-25,20.47,21.36,19.89,20.38
2012-06-26,20.01,20.57,19.42,19.72
2012-06-27,19.55,20.12,19.38,19.45
2012-06-28,20.33,21.19,19.6,19.71
2012-06-29,17.52,19.71,16.87,17.08
2012-07-02,17.62,18.19,16.66,16.8
2012-07-03,16.67,16.92,16.27,16.66
2012-07-05,17.61,18.22,17.18,17.5
2012-07-06,18.2,18.25,16.95,17.1
2012-07-09,18.17,18.32,17.73,17.98
2012-07-10,17.51,19.19,17.29,18.72
2012-07-11,17.98,19.17,17.84,17.95
2012-07-12,18.82,19.51,17.75,18.33
2012-07-13,17.78,17.82,16.36,16.74
2012-07-16,17.31,17.32,16.46,17.11
2012-07-17,16.72,17.46,16.09,16.48
2012-07-18,16.81,16.81,15.69,16.16
2012-07-19,16.06,16.7,15.45,15.45
2012-07-20,16.65,17.05,15.97,16.27
2012-07-23,20.41,20.49,18.34,18.62
2012-07-24,18.38,21.0,18.37,20.47
2012-07-25,19.79,20.67,18.99,19.34
2012-07-26,17.68,18.47,17.07,17.53
2012-07-27,17.11,17.3,16.52,16.7
2012-07-30,17.55,18.08,17.23,18.03
2012-07-31,18.4,19.09,18.26,18.93
2012-08-01,18.8,19.18,18.2,18.96
2012-08-02,19.05,19.25,17.56,17.57
2012-08-03,16.05,16.45,15.64,15.64
2012-08-06,15.85,16.27,15.82,15.95
2012-08-07,15.55,16.03,15.48,15.99
2012-08-08,16.46,16.47,15.27,15.32
2012-08-09,15.39,15.67,15.28,15.28
2012-08-10,15.34,15.5,14.73,14.74
2012-08-13,14.09,14.67,13.67,13.7
2012-08-14,13.91,15.06,13.91,14.85
2012-08-15,14.82,14.98,14.36,14.63
2012-08-16,14.88,15.15,14.28,14.29
2012-08-17,14.23,14.3,13.3,13.45
2012-08-20,14.11,14.78,13.99,14.02
2012-08-21,14.1,15.44,14.04,15.02
2012-08-22,15.32,15.52,14.75,15.11
2012-08-23,15.0,16.45,15.0,15.96
2012-08-24,15.99,16.0,15.18,15.18
2012-08-27,16.15,16.38,15.75,16.35
2012-08-28,16.32,16.92,16.01,16.49
2012-08-29,16.61,17.06,16.5,17.06
2012-08-30,17.48,18.05,17.44,17.83
2012-08-31,17.25,18.04,16.92,17.47
2012-09-04,18.65,18.96,17.85,17.98
2012-09-05,17.38,17.84,16.99,17.74
2012-09-06,17.3,17.3,15.6,15.6
2012-09-07,15.6,15.6,14.33,14.38
2012-09-10,14.27,16.28,13.97,16.28
2012-09-11,16.11,16.41,15.78,16.41
2012-09-12,15.59,16.31,15.43,15.8
2012-09-13,15.6,16.54,13.91,14.05
2012-09-14,13.82,14.71,13.51,14.51
2012-09-17,14.67,14.92,14.38,14.59
2012-09-18,14.51,14.88,14.17,14.18
2012-09-19,13.95,14.08,13.61,13.88
2012-09-20,14.63,14.67,14.07,14.07
2012-09-21,13.94,14.18,13.69,13.98
2012-09-24,15.06,15.06,13.87,14.15
2012-09-25,14.19,15.72,14.03,15.43
2012-09-26,15.83,17.08,15.83,16.81
2012-09-27,16.38,16.5,14.83,14.84
2012-09-28,15.23,15.77,14.95,15.73
2012-10-01,16.03,16.53,15.13,16.32
2012-10-02,15.85,16.5,15.7,15.71
2012-10-03,15.63,16.02,15.13,15.43
2012-10-04,15.23,15.33,14.53,14.55
2012-10-05,13.68,14.78,13.67,14.33
2012-10-08,15.19,15.46,15.04,15.11
2012-10-09,15.28,16.4,15.18,16.37
2012-10-10,16.52,16.79,16.13,16.29
2012-10-11,15.33,15.8,15.31,15.59
2012-10-12,15.41,16.18,14.96,16.14
2012-10-15,16.05,16.21,15.23,15.27
2012-10-16,14.84,15.23,14.5,15.22
2012-10-17,15.43,15.63,14.9,15.07
2012-10-18,15.25,15.5,14.68,15.03
2012-10-19,14.91,17.6,14.9,17.06
2012-10-22,17.44,17.98,16.62,16.62
2012-10-23,18.23,19.65,18.17,18.83
2012-10-24,18.22,18.67,17.93,18.33
2012-10-25,17.56,18.64,17.3,18.12
2012-10-26,18.03,18.64,17.52,17.81
2012-10-31,17.68,18.84,17.56,18.6
2012-11-01,17.77,17.79,16.45,16.69
2012-11-02,16.06,17.6,16.05,17.59
2012-11-05,18.33,18.7,18.13,18.42
2012-11-06,18.16,18.17,17.19,17.58
2012-11-07,17.72,19.4,17.62,19.08
2012-11-08,18.69,18.69,17.96,18.49
2012-11-09,18.8,18.81,17.67,18.61
2012-11-12,18.15,18.15,16.45,16.68
2012-11-13,17.36,17.38,16.12,16.65
2012-11-14,16.32,18.05,15.93,17.92
2012-11-15,17.74,18.64,17.62,17.99
2012-11-16,17.65,18.5,16.41,16.41
2012-11-19,15.88,15.98,15.1,15.24
2012-11-20,15.11,15.65,15.06,15.08
2012-11-21,14.96,15.43,14.77,15.31
2012-11-23,15.0,15.26,15.0,15.14
2012-11-26,15.63,15.84,15.47,15.5
2012-11-27,15.3,15.93,15.01,15.92
2012-11-28,16.43,16.98,15.47,15.51
2012-11-29,15.21,15.51,15.02,15.06
2012-11-30,15.26,16.17,14.89,15.87
2012-12-03,15.81,16.69,15.76,16.64
2012-12-04,16.66,17.37,16.38,17.12
2012-12-05,16.95,17.53,16.27,16.46
2012-12-06,16.59,16.85,16.31,16.58
2012-12-07,16.12,16.65,15.73,15.9
2012-12-10,16.47,16.47,15.96,16.05
2012-12-11,15.94,16.01,15.42,15.57
2012-12-12,15.6,16.09,15.41,15.95
2012-12-13,15.87,16.67,15.71,16.56
2012-12-14,16.68,17.15,16.61,17.0
2012-12-17,17.2,17.2,16.21,16.34
2012-12-18,16.39,16.43,15.46,15.57
2012-12-19,16.05,17.46,16.04,17.36
2012-12-20,17.26,17.96,17.11,17.67
2012-12-21,19.85,19.93,17.76,17.84
2012-12-24,18.46,18.66,17.84,17.84
2012-12-26,18.71,19.63,18.61,19.48
2012-12-27,19.39,20.9,19.11,19.47
2012-12-28,20.32,23.23,19.94,22.72
2012-12-31,22.14,22.72,17.88,18.02
2013-01-02,15.24,15.93,14.6,14.68
2013-01-03,14.77,14.92,14.24,14.56
2013-01-04,14.23,14.31,13.64,13.83
2013-01-07,14.53,14.53,13.71,13.79
2013-01-08,13.88,14.29,13.62,13.62
2013-01-09,13.32,13.93,13.22,13.81
2013-01-10,13.33,13.88,13.33,13.49
2013-01-11,13.55,13.79,13.22,13.36
2013-01-14,13.66,13.85,13.41,13.52
2013-01-15,13.97,13.99,13.33,13.55
2013-01-16,13.7,13.76,13.2,13.42
2013-01-17,13.45,13.7,13.16,13.57
2013-01-18,13.52,13.53,12.29,12.46
2013-01-22,13.28,13.32,12.43,12.43
2013-01-23,12.67,12.67,12.3,12.46
2013-01-24,12.73,13.5,12.4,12.69
2013-01-25,12.63,12.99,12.5,12.89
2013-01-28,13.29,13.91,13.29,13.57
2013-01-29,13.87,13.88,13.04,13.31
2013-01-30,13.64,14.33,13.6,14.32
2013-01-31,14.43,14.43,14.04,14.28
2013-02-01,13.37,13.38,12.72,12.9
2013-02-04,14.0,14.75,13.8,14.67
2013-02-05,14.21,14.21,13.39,13.72
2013-02-06,14.06,14.08,13.34,13.41
2013-02-07,13.47,14.41,13.43,13.5
2013-02-08,13.2,13.2,12.89,13.02
2013-02-11,13.37,13.42,12.91,12.94
2013-02-12,12.82,13.13,12.63,12.64
2013-02-13,12.88,13.19,12.67,12.98
2013-02-14,13.3,13.32,12.64,12.66
2013-02-15,12.47,12.89,12.24,12.46
2013-02-19,12.81,12.85,12.08,12.31
2013-02-20,12.32,14.68,12.32,14.68
2013-02-21,14.68,16.21,14.67,15.22
2013-02-22,14.6,15.02,14.16,14.17
2013-02-25,13.69,19.28,13.57,18.99
2013-02-26,17.5,18.23,16.75,16.87
2013-02-27,16.57,16.6,14.42,14.73
2013-02-28,15.0,15.6,14.16,15.51
2013-03-01,16.1,16.82,15.14,15.36
2013-03-04,16.16,16.16,14.01,14.01
2013-03-05,13.44,13.66,13.24,13.48
2013-03-06,13.18,13.77,13.17,13.53
2013-03-07,13.45,13.56,13.03,13.06
2013-03-08,12.67,13.3,12.49,12.59
2013-03-11,12.31,12.34,11.5,11.56
2013-03-12,11.79,12.93,11.74,12.27
2013-03-13,12.18,12.55,11.79,11.83
2013-03-14,11.7,11.75,11.05,11.3
2013-03-15,11.52,11.99,11.21,11.3
2013-03-18,13.47,13.64,12.57,13.36
2013-03-19,13.03,15.4,12.92,14.39
2013-03-20,13.18,13.18,12.3,12.67
2013-03-21,13.07,14.21,12.62,13.99
2013-03-22,13.34,13.85,13.19,13.57
2013-03-25,12.85,14.61,12.39,13.74
2013-03-26,12.95,13.21,12.69,12.77
2013-03-27,13.72,13.97,12.97,13.15
2013-03-28,12.91,13.07,12.54,12.7
2013-04-01,13.46,14.05,13.26,13.58
2013-04-02,13.11,13.18,12.76,12.78
2013-04-03,12.65,14.66,12.62,14.21
2013-04-04,14.1,14.79,13.89,13.89
2013-04-05,15.64,15.65,13.86,13.92
2013-04-08,14.04,14.5,13.19,13.19
2013-04-09,13.11,13.68,12.75,12.84
2013-04-10,12.66,12.88,12.32,12.36
2013-04-11,12.55,12.62,12.15,12.24
2013-04-12,12.61,13.12,11.99,12.06
2013-04-15,13.12,17.27,12.66,17.27
2013-04-16,14.72,14.87,13.91,13.96
2013-04-17,15.35,17.9,14.98,16.51
2013-04-18,16.34,18.2,16.32,17.56
2013-04-19,16.67,16.98,14.87,14.97
2013-04-22,15.08,16.0,14.04,14.39
2013-04-23,13.81,14.87,13.46,13.48
2013-04-24,13.57,13.75,13.36,13.61
2013-04-25,13.61,13.87,13.13,13.62
2013-04-26,13.94,14.18,13.49,13.61
2013-04-29,13.72,13.94,13.36,13.71
2013-04-30,13.71,14.28,13.51,13.52
2013-05-01,13.88,14.67,13.87,14.49
2013-05-02,14.48,14.48,13.58,13.59
2013-05-03,12.92,13.15,12.77,12.85
2013-05-06,13.06,13.19,12.66,12.66
2013-05-07,12.63,12.96,12.49,12.83
2013-05-08,12.87,13.04,12.62,12.66
2013-05-09,12.91,13.53,12.78,13.13
2013-05-10,13.08,13.45,12.54,12.59
2013-05-13,12.57,12.87,12.49,12.55
2013-05-14,12.61,13.21,12.54,12.77
2013-05-15,12.98,13.43,12.78,12.81
2013-05-16,13.07,13.46,12.79,13.07
2013-05-17,12.73,12.94,12.26,12.45
2013-05-20,13.28,13.28,12.84,13.02
2013-05-21,13.08,13.44,12.89,13.37
2013-05-22,13.45,14.45,13.05,13.82
2013-05-23,14.94,15.11,13.87,14.07
2013-05-24,14.59,14.79,13.99,13.99
2013-05-28,13.67,14.56,13.56,14.48
2013-05-29,15.3,15.65,14.59,14.83
2013-05-30,14.9,14.98,14.27,14.53
2013-05-31,15.02,16.35,14.36,16.3
2013-06-03,16.4,17.58,16.15,16.28
2013-06-04,16.16,17.25,15.82,16.27
2013-06-05,16.86,17.84,16.57,17.5
2013-06-06,17.7,18.51,16.6,16.63
2013-06-07,15.9,16.21,14.96,15.14
2013-06-10,15.16,15.6,15.1,15.44
2013-06-11,16.91,17.14,16.0,17.07
2013-06-12,16.51,18.6,16.43,18.59
2013-06-13,18.38,18.58,16.37,16.41
2013-06-14,16.63,17.26,16.03,17.15
2013-06-17,16.53,17.62,16.33,16.8
2013-06-18,16.81,16.95,16.46,16.61
2013-06-19,16.89,17.18,15.36,16.64
2013-06-20,18.4,21.32,18.01,20.49
2013-06-21,18.97,20.93,18.25,18.9
2013-06-24,20.87,21.91,18.58,20.11
2013-06-25,18.65,19.22,17.82,18.47
2013-06-26,17.23,18.06,17.08,17.21
2013-06-27,16.6,16.97,16.34,16.86
2013-06-28,17.25,17.69,16.19,16.86
2013-07-01,16.9,16.9,16.0,16.37
2013-07-02,16.49,16.93,15.88,16.44
2013-07-03,17.22,17.32,16.2,16.2
2013-07-05,15.59,16.28,14.89,14.89
2013-07-08,14.66,15.27,14.66,14.78
2013-07-09,14.33,14.65,14.26,14.35
2013-07-10,14.46,14.62,14.06,14.21
2013-07-11,13.57,14.2,13.57,14.01
2013-07-12,13.9,14.04,13.74,13.84
2013-07-15,13.98,14.11,13.5,13.79
2013-07-16,13.78,14.56,13.78,14.42
2013-07-17,14.2,14.44,13.76,13.78
2013-07-18,13.63,13.8,13.2,13.77
2013-07-19,13.89,13.97,12.54,12.54
2013-07-22,13.23,13.37,12.29,12.29
2013-07-23,12.15,13.06,12.07,12.66
2013-07-24,12.69,13.49,12.69,13.18
2013-07-25,13.47,13.54,12.91,12.97
2013-07-26,13.41,13.73,12.71,12.72
2013-07-29,13.54,13.86,13.38,13.39
2013-07-30,13.45,14.14,13.35,13.39
2013-07-31,13.55,13.83,12.94,13.45
2013-08-01,12.89,13.25,12.82,12.94
2013-08-02,12.66,12.74,11.98,11.98
2013-08-05,12.29,12.42,11.83,11.84
2013-08-06,12.19,12.93,12.06,12.72
2013-08-07,13.17,13.91,12.96,12.98
2013-08-08,12.5,13.13,12.37,12.73
2013-08-09,12.88,13.66,12.71,13.41
2013-08-12,13.52,13.57,12.8,12.81
2013-08-13,12.86,13.37,12.29,12.31
2013-08-14,12.48,13.09,12.35,13.04
2013-08-15,14.14,14.85,13.91,14.73
2013-08-16,14.56,14.88,13.62,14.37
2013-08-19,14.94,15.2,14.35,15.1
2013-08-20,15.22,15.25,14.29,14.91
2013-08-21,16.0,16.56,14.67,15.94
2013-08-22,15.26,15.26,14.66,14.76
2013-08-23,14.29,14.82,13.98,13.98
2013-08-26,14.37,15.01,13.9,14.99
2013-08-27,16.56,17.13,15.82,16.77
2013-08-28,16.96,17.11,16.1,16.49
2013-08-29,16.79,16.98,15.99,16.81
2013-08-30,16.75,17.81,16.7,17.01
2013-09-03,16.47,17.37,16.11,16.61
2013-09-04,16.88,17.01,15.77,15.88
2013-09-05,16.12,16.12,15.63,15.77
2013-09-06,15.35,16.81,15.17,15.85
2013-09-09,15.86,16.02,15.22,15.63
2013-09-10,14.89,15.09,14.5,14.53
2013-09-11,14.74,14.74,13.82,13.82
2013-09-12,13.93,14.39,13.73,14.29
2013-09-13,14.27,14.55,14.11,14.16
2013-09-16,14.1,14.49,13.87,14.38
2013-09-17,14.44,14.61,14.28,14.53
2013-09-18,14.68,14.68,13.23,13.59
2013-09-19,13.02,13.39,13.02,13.16
2013-09-20,13.3,13.47,12.52,13.12
2013-09-23,14.04,14.71,14.02,14.31
2013-09-24,14.17,14.37,13.75,14.08
2013-09-25,14.24,14.62,13.89,14.01
2013-09-26,13.8,14.4,13.58,14.06
2013-09-27,14.62,15.79,14.62,15.46
2013-09-30,17.49,17.49,16.16,16.6
2013-10-01,16.31,16.46,15.47,15.54
2013-10-02,16.4,16.81,16.13,16.6
2013-10-03,16.63,18.71,16.63,17.67
2013-10-04,17.72,17.87,16.66,16.74
2013-10-07,18.76,19.41,18.08,19.41
2013-10-08,19.01,21.01,18.98,20.34
2013-10-09,20.19,21.34,19.04,19.6
2013-10-10,17.66,17.92,16.29,16.48
2013-10-11,16.31,16.38,15.46,15.72
2013-10-14,17.08,17.74,15.8,16.07
2013-10-15,16.41,18.67,16.16,18.66
2013-10-16,17.14,17.15,14.67,14.71
2013-10-17,14.52,14.59,12.89,13.48
2013-10-18,12.86,13.53,12.34,13.04
2013-10-21,13.34,13.63,13.07,13.16
2013-10-22,12.99,13.92,12.93,13.33
2013-10-23,13.71,14.21,13.42,13.42
2013-10-24,13.5,13.62,13.15,13.2
2013-10-25,13.16,13.44,13.08,13.09
2013-10-28,13.62,13.72,13.22,13.31
2013-10-29,13.25,13.63,13.06,13.41
2013-10-30,13.72,21.26,13.64,13.65
2013-10-31,13.83,14.02,13.28,13.75
2013-11-01,13.46,13.92,13.22,13.28
2013-11-04,13.35,13.67,12.91,12.93
2013-11-05,13.22,13.64,12.86,13.27
2013-11-06,13.01,13.33,12.67,12.67
2013-11-07,12.99,14.14,12.93,13.91
2013-11-08,13.76,13.8,12.84,12.9
2013-11-11,12.85,12.93,12.4,12.53
2013-11-12,12.8,13.06,12.63,12.82
2013-11-13,13.35,13.35,12.46,12.52
2013-11-14,12.8,12.94,12.28,12.37
2013-11-15,12.12,12.45,11.99,12.19
2013-11-18,12.41,13.22,12.41,13.1
2013-11-19,13.03,13.68,12.88,13.39
2013-11-20,13.56,13.94,12.97,13.4
2013-11-21,13.09,13.09,12.44,12.66
2013-11-22,12.69,12.91,12.24,12.26
2013-11-25,12.55,12.92,12.49,12.79
2013-11-26,12.84,12.99,12.49,12.81
2013-11-27,12.81,12.98,12.44,12.98
2013-11-29,13.06,13.78,12.93,13.7
2013-12-02,13.91,14.31,13.78,14.23
2013-12-03,14.74,15.04,14.43,14.55
2013-12-04,15.03,15.71,14.22,14.7
2013-12-05,14.82,15.38,14.7,15.08
2013-12-06,13.97,14.09,13.62,13.79
2013-12-09,13.97,14.07,13.49,13.49
2013-12-10,14.14,14.22,13.69,13.91
2013-12-11,13.98,15.43,13.98,15.42
2013-12-12,15.44,16.09,15.21,15.54
2013-12-13,15.17,15.8,15.06,15.76
2013-12-16,15.64,16.08,15.3,16.03
2013-12-17,16.04,16.67,15.81,16.21
2013-12-18,15.95,16.75,13.74,13.8
2013-12-19,13.59,14.21,12.89,14.15
2013-12-20,13.61,13.87,13.12,13.79
2013-12-23,13.37,13.53,13.02,13.04
2013-12-24,12.85,12.89,12.48,12.48
2013-12-26,12.48,12.5,11.69,12.33
2013-12-27,12.21,12.59,12.2,12.46
2013-12-30,12.87,13.58,12.83,13.56
2013-12-31,13.43,14.35,13.38,13.72
2014-01-02,14.32,14.59,14.0,14.23
2014-01-03,14.06,14.22,13.57,13.76
2014-01-06,13.41,14.0,13.22,13.55
2014-01-07,12.38,13.28,12.16,12.92
2014-01-08,13.04,13.24,12.86,12.87
2014-01-09,12.83,13.26,12.83,12.89
2014-01-10,12.6,12.9,12.14,12.14
2014-01-13,12.18,13.65,11.82,13.28
2014-01-14,12.89,12.9,11.96,12.28
2014-01-15,12.15,12.4,11.81,12.28
2014-01-16,12.32,12.66,12.28,12.53
2014-01-17,12.34,12.93,12.04,12.44
2014-01-21,12.63,13.42,12.61,12.87
2014-01-22,12.57,13.12,12.55,12.84
2014-01-23,13.67,14.66,13.67,13.77
2014-01-24,14.95,18.14,14.92,18.14
2014-01-27,17.29,18.99,16.85,17.42
2014-01-28,17.27,17.28,15.8,15.8
2014-01-29,17.95,18.04,16.71,17.35
2014-01-30,16.37,17.39,15.96,17.29
2014-01-31,18.71,18.99,17.27,18.41
2014-02-03,18.57,21.48,18.34,21.44
2014-02-04,19.99,20.07,18.44,19.11
2014-02-05,19.59,20.72,19.13,19.95
2014-02-06,19.09,19.09,17.09,17.23
2014-02-07,16.15,16.31,15.09,15.29
2014-02-10,15.63,15.76,15.1,15.26
2014-02-11,15.29,15.29,14.08,14.51
2014-02-12,14.31,14.64,14.02,14.3
2014-02-13,15.24,15.24,13.98,14.14
2014-02-14,14.21,14.22,13.44,13.57
2014-02-18,13.95,14.51,13.77,13.87
2014-02-19,14.85,15.73,14.12,15.5
2014-02-20,15.28,15.8,14.59,14.79
2014-02-21,14.74,14.79,14.19,14.68
2014-02-24,14.83,14.83,13.97,14.23
2014-02-25,14.17,14.83,13.66,13.67
2014-02-26,13.83,14.54,13.73,14.35
2014-02-27,14.56,14.69,13.92,14.04
2014-02-28,14.22,14.79,13.49,14.0
2014-03-03,16.47,16.78,15.38,16.0
2014-03-04,14.53,14.54,14.0,14.1
2014-03-05,14.13,14.32,13.81,13.89
2014-03-06,13.82,14.42,13.73,14.21
2014-03-07,13.51,14.43,13.51,14.11
2014-03-10,14.76,15.28,14.2,14.2
2014-03-11,14.22,14.93,13.84,14.8
2014-03-12,15.37,15.64,14.43,14.47
2014-03-13,14.28,16.66,14.24,16.22
2014-03-14,16.74,18.22,16.09,17.82
2014-03-17,16.39,16.4,15.37,15.64
2014-03-18,15.42,15.47,14.16,14.52
2014-03-19,14.56,15.95,13.89,15.12
2014-03-20,15.58,15.62,14.5,14.52
2014-03-21,13.96,15.17,13.77,15.0
2014-03-24,14.7,16.07,14.56,15.09
2014-03-25,14.16,15.05,13.96,14.02
2014-03-26,13.64,15.28,13.46,14.93
2014-03-27,15.0,15.63,14.49,14.62
2014-03-28,14.15,14.86,13.73,14.41
2014-03-31,13.88,14.16,13.57,13.88
2014-04-01,13.43,13.56,13.06,13.1
2014-04-02,13.17,13.35,12.92,13.09
2014-04-03,13.02,13.7,13.02,13.37
2014-04-04,12.88,14.55,12.6,13.96
2014-04-07,14.96,16.01,14.57,15.57
2014-04-08,15.59,16.2,14.81,14.89
2014-04-09,14.58,14.94,13.7,13.82
2014-04-10,13.98,16.38,13.81,15.89
2014-04-11,16.66,17.85,15.89,17.03
2014-04-14,16.14,17.4,16.1,16.11
2014-04-15,16.14,17.5,15.47,15.61
2014-04-16,14.89,15.27,14.05,14.18
2014-04-17,14.09,14.17,13.07,13.36
2014-04-21,14.1,14.11,13.17,13.25
2014-04-22,13.13,13.26,12.9,13.19
2014-04-23,13.35,13.75,13.27,13.27
2014-04-24,13.36,14.08,13.09,13.32
2014-04-25,13.93,14.67,13.91,14.06
2014-04-28,14.27,15.28,13.82,13.97
2014-04-29,13.88,14.24,13.61,13.71
2014-04-30,14.05,14.18,13.34,13.41
2014-05-01,13.64,13.75,13.1,13.25
2014-05-02,13.15,13.5,12.83,12.91
2014-05-05,13.95,14.2,13.08,13.29
2014-05-06,13.65,13.9,13.28,13.8
2014-05-07,13.64,14.49,13.39,13.4
2014-05-08,13.69,13.88,12.92,13.43
2014-05-09,13.55,14.03,12.87,12.92
2014-05-12,12.46,12.58,11.88,12.23
2014-05-13,12.36,12.74,12.05,12.13
2014-05-14,12.42,12.51,12.03,12.17
2014-05-15,12.73,13.77,12.72,13.17
2014-05-16,13.31,13.66,12.26,12.44
2014-05-19,13.17,13.21,12.28,12.42
2014-05-20,12.69,13.3,12.32,12.96
2014-05-21,12.38,12.46,11.8,11.91
2014-05-22,11.93,12.09,11.68,12.03
2014-05-23,11.96,11.97,11.36,11.36
2014-05-27,11.69,11.84,11.5,11.51
2014-05-28,11.6,11.86,11.5,11.68
2014-05-29,11.58,11.82,11.41,11.57
2014-05-30,11.66,11.7,11.32,11.4
2014-06-02,11.69,12.17,11.29,11.58
2014-06-03,12.03,12.13,11.72,11.87
2014-06-04,12.15,12.33,11.91,12.08
2014-06-05,12.09,12.34,11.44,11.68
2014-06-06,11.32,11.39,10.73,10.73
2014-06-09,11.23,11.51,10.99,11.15
2014-06-10,11.3,11.66,10.93,10.99
2014-06-11,11.42,11.87,11.19,11.6
2014-06-12,11.81,12.81,11.71,12.56
2014-06-13,12.45,12.69,11.89,12.18
2014-06-16,12.65,12.87,12.28,12.65
2014-06-17,12.81,12.89,12.06,12.06
2014-06-18,11.8,11.91,10.57,10.61
2014-06-19,10.53,10.82,10.42,10.62
2014-06-20,10.4,11.02,10.34,10.85
2014-06-23,11.26,11.35,10.92,10.98
2014-06-24,11.02,12.27,10.87,12.13
2014-06-25,12.31,12.33,11.37,11.59
2014-06-26,11.51,12.51,11.5,11.63
2014-06-27,11.72,12.04,11.19,11.26
2014-06-30,11.75,11.81,11.3,11.57
2014-07-01,11.28,11.42,10.92,11.15
2014-07-02,11.18,11.18,10.56,10.82
2014-07-03,10.47,10.76,10.28,10.32
2014-07-07,11.15,11.54,11.01,11.33
2014-07-08,11.72,12.51,11.72,11.98
2014-07-09,11.74,12.05,11.5,11.65
2014-07-10,13.22,13.23,12.05,12.59
2014-07-11,12.5,12.68,12.07,12.08
2014-07-14,11.6,11.83,11.4,11.82
2014-07-15,11.53,12.47,11.46,11.96
2014-07-16,10.81,11.45,10.59,11.0
2014-07-17,11.35,15.38,10.85,14.54
2014-07-18,13.34,13.55,12.04,12.06
2014-07-21,12.85,13.62,12.46,12.81
2014-07-22,11.97,12.24,11.69,12.24
2014-07-23,11.54,12.16,11.41,11.52
2014-07-24,11.43,12.06,11.43,11.84
2014-07-25,12.03,12.75,12.03,12.69
2014-07-28,12.93,13.64,12.54,12.56
2014-07-29,12.35,13.35,12.12,13.28
2014-07-30,12.63,14.07,12.53,13.33
2014-07-31,14.35,17.11,14.26,16.95
2014-08-01,16.67,17.57,15.52,17.03
2014-08-04,16.64,16.8,14.69,15.12
2014-08-05,15.54,17.14,15.1,16.87
2014-08-06,17.22,17.3,15.7,16.37
2014-08-07,15.5,17.25,15.44,16.66
2014-08-08,16.43,17.09,15.53,15.77
2014-08-11,15.16,15.16,13.72,14.23
2014-08-12,14.42,14.74,13.76,14.13
2014-08-13,13.57,13.93,12.84,12.9
2014-08-14,13.05,13.13,12.42,12.42
2014-08-15,11.91,14.94,11.89,13.15
2014-08-18,12.85,12.85,12.26,12.32
2014-08-19,12.14,12.46,11.91,12.21
2014-08-20,12.23,12.24,11.6,11.78
2014-08-21,11.93,13.51,11.52,11.76
2014-08-22,11.88,12.48,11.47,11.47
2014-08-25,11.58,11.77,11.24,11.7
2014-08-26,11.33,11.93,11.33,11.63
2014-08-27,11.69,11.93,11.54,11.78
2014-08-28,12.38,12.73,12.05,12.05
2014-08-29,11.86,12.44,11.78,11.98
2014-09-02,12.32,13.41,12.23,12.25
2014-09-03,12.03,12.55,11.91,12.36
2014-09-04,12.4,12.99,11.7,12.64
2014-09-05,12.37,13.18,11.96,12.09
2014-09-08,12.64,13.09,12.4,12.66
2014-09-09,12.7,13.91,12.7,13.5
2014-09-10,13.36,14.06,12.86,12.88
2014-09-11,13.53,13.67,12.66,12.8
2014-09-12,12.85,14.27,12.85,13.31
2014-09-15,13.54,14.19,13.54,14.12
2014-09-16,14.48,14.53,12.72,12.73
2014-09-17,13.06,14.53,11.73,12.65
2014-09-18,12.55,12.58,11.98,12.03
2014-09-19,11.73,12.61,11.52,12.11
2014-09-22,13.14,13.98,13.13,13.69
2014-09-23,14.82,14.94,13.83,14.93
2014-09-24,14.62,14.93,13.24,13.27
2014-09-25,14.11,16.69,14.03,15.64
2014-09-26,15.77,15.98,14.31,14.85
2014-09-29,16.96,17.08,15.45,15.98
2014-09-30,15.49,16.43,15.18,16.31
2014-10-01,16.44,17.56,16.08,16.71
2014-10-02,16.7,17.98,15.9,16.16
2014-10-03,15.16,15.43,14.44,14.55
2014-10-06,14.46,15.77,14.05,15.46
2014-10-07,16.18,17.46,15.97,17.2
2014-10-08,17.35,18.03,14.97,15.11
2014-10-09,15.64,19.38,15.34,18.76
2014-10-10,19.11,22.06,18.14,21.24
2014-10-13,21.16,24.64,20.52,24.64
2014-10-14,23.77,24.55,21.48,22.79
2014-10-15,26.36,31.06,24.64,26.25
2014-10-16,29.26,29.41,24.61,25.2
2014-10-17,21.68,23.08,20.23,21.99
2014-10-20,22.11,22.16,18.51,18.57
2014-10-21,17.72,17.75,16.03,16.08
2014-10-22,16.06,18.43,15.56,17.87
2014-10-23,16.07,17.06,15.68,16.53
2014-10-24,16.43,18.06,16.09,16.11
2014-10-27,17.24,17.87,16.0,16.04
2014-10-28,15.69,15.78,14.39,14.39
2014-10-29,14.61,16.28,14.19,15.15
2014-10-30,15.31,15.75,14.07,14.52
2014-10-31,13.84,14.83,13.72,14.03
2014-11-03,14.41,14.99,14.23,14.73
2014-11-04,15.05,15.93,14.83,14.89
2014-11-05,14.15,14.99,14.15,14.17
2014-11-06,14.46,15.08,13.67,13.67
2014-11-07,13.71,14.16,13.01,13.12
2014-11-10,13.16,13.25,12.38,12.67
2014-11-11,12.71,13.18,12.6,12.92
2014-11-12,13.76,13.76,12.99,13.02
2014-11-13,13.33,14.31,12.87,13.79
2014-11-14,13.79,14.15,13.31,13.31
2014-11-17,14.7,14.73,13.84,13.99
2014-11-18,13.86,13.99,13.13,13.86
2014-11-19,14.01,14.78,13.83,13.96
2014-11-20,14.66,15.74,13.58,13.58
2014-11-21,13.16,13.8,12.9,12.9
2014-11-24,12.92,13.02,12.43,12.62
2014-11-25,12.55,13.02,12.23,12.25
2014-11-26,12.27,12.4,11.91,12.07
2014-11-28,12.64,13.49,12.36,13.33
2014-12-01,14.16,14.75,13.94,14.29
2014-12-02,14.1,14.17,12.85,12.85
2014-12-03,12.75,12.88,12.21,12.47
2014-12-04,12.7,13.23,12.09,12.38
2014-12-05,12.08,12.28,11.53,11.82
2014-12-08,13.05,14.67,12.55,14.21
2014-12-09,16.23,16.68,14.84,14.89
2014-12-10,15.56,18.92,15.4,18.53
2014-12-11,17.68,20.13,15.94,20.08
2014-12-12,20.51,23.06,18.34,21.08
2014-12-15,19.59,24.83,17.77,20.42
2014-12-16,23.55,25.2,19.6,23.57
2014-12-17,23.9,24.61,19.26,19.44
2014-12-18,17.14,18.51,16.07,16.81
2014-12-19,16.57,17.2,16.11,16.49
2014-12-22,16.32,16.88,15.03,15.25
2014-12-23,14.47,15.21,14.32,14.8
2014-12-24,14.52,14.54,14.01,14.37
2014-12-26,14.6,14.84,14.13,14.5
2014-12-29,16.04,16.14,15.06,15.06
2014-12-30,15.9,16.2,15.48,15.92
2014-12-31,15.91,19.91,15.86,19.2
2015-01-02,17.76,20.14,17.05,17.79
2015-01-05,19.19,21.29,19.19,19.92
2015-01-06,20.33,22.9,19.52,21.12
2015-01-07,20.15,20.72,19.04,19.31
2015-01-08,17.93,18.09,16.99,17.01
2015-01-09,16.44,18.42,16.44,17.55
2015-01-12,18.02,20.44,18.02,19.6
2015-01-13,18.21,21.58,17.65,20.56
2015-01-14,22.87,23.34,21.32,21.48
2015-01-15,21.23,23.31,20.86,22.39
2015-01-16,22.8,23.43,20.95,20.95
2015-01-20,20.07,21.37,19.58,19.89
2015-01-21,20.92,21.28,18.64,18.85
2015-01-22,17.98,19.23,16.07,16.4
2015-01-23,16.79,17.09,15.81,16.66
2015-01-26,16.96,17.43,15.52,15.52
2015-01-27,17.6,18.41,16.67,17.22
2015-01-28,16.97,20.44,16.92,20.44
2015-01-29,20.46,21.56,18.66,18.76
2015-01-30,20.23,22.18,19.24,20.97
2015-02-02,20.89,22.81,19.35,19.43
2015-02-03,18.41,18.89,17.2,17.33
2015-02-04,17.82,18.38,16.82,18.33
2015-02-05,17.29,17.43,16.67,16.85
2015-02-06,16.29,18.74,16.06,17.29
2015-02-09,19.16,19.28,18.21,18.55
2015-02-10,17.72,18.36,16.97,17.23
2015-02-11,17.43,17.81,16.82,16.96
2015-02-12,16.39,16.47,15.28,15.34
2015-02-13,15.11,15.64,14.69,14.69
2015-02-17,15.86,16.33,15.53,15.8
2015-02-18,16.74,16.74,15.44,15.45
2015-02-19,16.11,16.22,15.1,15.29
2015-02-20,15.73,16.29,14.27,14.3
2015-02-23,15.05,15.48,14.49,14.56
2015-02-24,14.5,14.63,13.53,13.69
2015-02-25,13.64,14.06,12.86,13.84
2015-02-26,13.55,14.57,13.55,13.91
2015-02-27,14.07,14.17,13.29,13.34
2015-03-02,13.9,13.9,12.87,13.04
2015-03-03,13.35,14.69,13.25,13.86
2015-03-04,14.31,15.33,14.13,14.23
2015-03-05,14.01,14.58,13.88,14.04
2015-03-06,14.61,15.83,14.18,15.2
2015-03-09,15.72,15.76,14.71,15.06
2015-03-10,16.47,16.91,16.03,16.69
2015-03-11,16.44,17.19,16.29,16.87
2015-03-12,16.45,16.45,15.3,15.42
2015-03-13,15.47,16.74,15.32,16.0
2015-03-16,15.78,15.89,15.36,15.61
2015-03-17,16.31,16.37,15.66,15.66
2015-03-18,14.6,16.29,13.38,13.97
2015-03-19,14.68,14.97,13.84,14.07
2015-03-20,13.52,13.53,12.54,13.02
2015-03-23,13.52,13.53,12.89,13.41
2015-03-24,13.36,13.68,12.59,13.62
2015-03-25,13.26,15.55,13.2,15.44
2015-03-26,16.64,17.19,15.23,15.8
2015-03-27,15.73,15.83,14.19,15.07
2015-03-30,14.76,14.76,14.08,14.51
2015-03-31,14.97,15.74,14.33,15.29
2015-04-01,15.32,16.66,15.08,15.11
2015-04-02,15.3,15.51,14.27,14.67
2015-04-06,15.75,15.76,14.04,14.74
2015-04-07,14.57,14.81,14.01,14.78
2015-04-08,14.59,14.77,13.75,13.98
2015-04-09,14.14,14.59,13.09,13.09
2015-04-10,13.2,13.26,12.51,12.58
2015-04-13,13.17,14.31,12.71,13.94
2015-04-14,14.34,14.74,13.64,13.67
2015-04-15,13.58,13.58,12.83,12.84
2015-04-16,13.27,13.35,12.5,12.6
2015-04-17,13.97,15.02,13.73,13.89
2015-04-20,13.67,13.67,12.83,13.3
2015-04-21,12.75,13.51,12.66,13.25
2015-04-22,12.97,13.8,12.57,12.71
2015-04-23,12.96,12.96,12.12,12.48
2015-04-24,12.21,13.02,12.16,12.29
2015-04-27,12.34,13.4,12.33,13.12
2015-04-28,13.26,14.23,12.41,12.41
2015-04-29,13.44,14.34,12.61,13.39
2015-04-30,13.89,15.29,12.49,14.55
2015-05-01,13.98,13.98,12.68,12.7
2015-05-04,13.12,13.18,12.1,12.85
2015-05-05,13.21,14.41,12.97,14.31
2015-05-06,13.93,16.36,13.89,15.15
2015-05-07,15.48,15.97,14.81,15.13
2015-05-08,13.36,13.42,12.7,12.86
2015-05-11,13.35,13.85,13.0,13.85
2015-05-12,14.73,15.13,13.73,13.86
2015-05-13,13.63,14.04,13.06,13.76
2015-05-14,13.14,13.29,12.72,12.74
2015-05-15,12.46,13.09,12.35,12.38
2015-05-18,13.08,13.22,12.55,12.73
2015-05-19,12.95,13.13,12.55,12.85
2015-05-20,12.9,13.27,12.62,12.88
2015-05-21,13.03,13.09,12.09,12.11
2015-05-22,12.37,12.37,11.82,12.13
2015-05-26,13.45,14.63,13.34,14.06
2015-05-27,14.16,14.41,13.05,13.27
2015-05-28,13.49,13.99,13.31,13.31
2015-05-29,13.59,14.43,13.4,13.84
2015-06-01,13.92,14.86,13.47,13.97
2015-06-02,14.72,15.05,13.59,14.24
2015-06-03,13.73,14.2,13.4,13.66
2015-06-04,14.57,15.49,13.99,14.71
2015-06-05,15.01,15.65,14.21,14.21
2015-06-08,14.84,15.5,14.67,15.29
2015-06-09,15.18,15.74,14.47,14.47
2015-06-10,14.24,14.37,12.96,13.22
2015-06-11,13.04,13.22,12.56,12.85
2015-06-12,13.31,14.02,13.3,13.78
2015-06-15,15.48,15.57,14.91,15.39
2015-06-16,15.62,15.62,14.81,14.81
2015-06-17,14.66,15.49,14.07,14.5
2015-06-18,14.03,14.03,12.54,13.19
2015-06-19,13.35,14.0,12.96,13.96
2015-06-22,13.42,13.46,12.43,12.74
2015-06-23,12.5,12.68,11.93,12.11
2015-06-24,12.57,13.33,12.01,13.26
2015-06-25,12.96,14.16,12.92,14.01
2015-06-26,14.13,14.91,13.64,14.02
2015-06-29,16.7,19.5,15.82,18.85
2015-06-30,17.6,19.8,17.49,18.23
2015-07-01,16.63,17.26,15.65,16.09
2015-07-02,15.43,17.48,15.39,16.79
2015-07-06,18.65,18.95,16.57,17.01
2015-07-07,17.22,19.2,15.93,16.09
2015-07-08,17.38,19.76,16.94,19.66
2015-07-09,17.46,20.05,17.2,19.97
2015-07-10,17.45,18.17,16.6,16.83
2015-07-13,15.29,15.36,13.82,13.9
2015-07-14,13.91,13.95,12.9,13.37
2015-07-15,13.35,13.97,12.81,13.23
2015-07-16,12.59,12.61,11.87,12.11
2015-07-17,11.77,12.22,11.77,11.95
2015-07-20,12.25,12.37,11.71,12.25
2015-07-21,12.42,12.79,12.21,12.22
2015-07-22,12.77,12.83,12.05,12.12
2015-07-23,12.06,13.08,11.73,12.64
2015-07-24,12.87,14.73,12.86,13.74
2015-07-27,15.6,16.27,15.03,15.6
2015-07-28,14.87,15.62,13.32,13.44
2015-07-29,13.57,13.59,11.85,12.5
2015-07-30,12.72,13.42,12.09,12.13
2015-07-31,12.03,12.63,11.82,12.12
2015-08-03,12.85,13.55,12.32,12.56
2015-08-04,12.66,13.22,12.29,13.0
2015-08-05,12.02,12.72,10.88,12.51
2015-08-06,12.2,14.25,12.16,13.77
2015-08-07,13.57,14.58,13.29,13.39
2015-08-10,12.73,12.78,12.18,12.23
2015-08-11,13.24,14.33,13.02,13.71
2015-08-12,15.19,16.28,13.45,13.61
2015-08-13,13.87,14.33,13.06,13.49
2015-08-14,13.69,13.87,12.8,12.83
2015-08-17,14.32,14.52,13.01,13.02
2015-08-18,13.41,13.94,13.17,13.79
2015-08-19,14.84,15.96,13.73,15.25
2015-08-20,16.55,19.24,16.13,19.14
2015-08-21,22.55,28.38,20.8,28.03
2015-08-24,28.03,53.29,28.03,40.74
2015-08-25,31.13,38.06,28.08,36.02
2015-08-26,31.13,35.62,28.67,30.32
2015-08-27,27.11,29.9,24.49,26.1
2015-08-28,26.69,29.2,25.77,26.05
2015-08-31,27.03,29.37,26.63,28.43
2015-09-01,31.91,33.82,29.91,31.4
2015-09-02,29.14,30.45,24.77,26.09
2015-09-03,25.21,26.31,23.45,25.61
2015-09-04,27.43,29.47,25.68,27.8
2015-09-08,25.05,26.25,24.13,24.9
2015-09-09,22.39,26.82,21.51,26.23
2015-09-10,26.87,27.22,23.53,24.37
2015-09-11,25.38,25.81,23.15,23.2
2015-09-14,24.03,25.32,23.64,24.25
2015-09-15,23.28,23.77,22.13,22.54
2015-09-16,22.57,22.94,21.09,21.35
2015-09-17,21.54,23.33,17.87,21.14
2015-09-18,23.07,23.99,20.98,22.28
2015-09-21,21.97,22.48,20.05,20.14
2015-09-22,22.97,26.29,22.25,22.44
2015-09-23,22.09,23.2,21.14,22.13
2015-09-24,23.53,25.3,21.81,23.47
2015-09-25,21.12,24.29,20.81,23.62
2015-09-28,25.02,28.33,24.94,27.63
2015-09-29,26.57,28.2,25.76,26.83
2015-09-30,24.64,25.88,23.25,24.5
2015-10-01,23.14,25.23,22.55,22.55
2015-10-02,23.99,24.47,20.35,20.94
2015-10-05,20.31,20.42,19.14,19.54
2015-10-06,19.54,20.32,18.82,19.4
2015-10-07,18.96,19.73,18.33,18.4
2015-10-08,18.62,19.02,16.34,17.42
2015-10-09,17.15,18.2,16.89,17.08
2015-10-12,17.68,17.81,16.15,16.17
2015-10-13,17.08,17.7,16.14,17.67
2015-10-14,17.67,18.78,17.3,18.03
2015-10-15,17.62,17.85,16.04,16.05
2015-10-16,15.64,16.86,15.05,15.05
2015-10-19,15.68,16.23,14.82,14.98
2015-10-20,15.17,16.34,14.72,15.75
2015-10-21,14.98,16.7,14.41,16.7
2015-10-22,15.02,15.92,14.45,14.45
2015-10-23,13.46,15.12,13.24,14.46
2015-10-26,14.76,15.43,14.68,15.29
2015-10-27,15.75,15.99,14.78,15.43
2015-10-28,15.14,15.73,12.8,14.33
2015-10-29,14.8,15.46,14.33,14.61
2015-10-30,14.6,15.39,14.0,15.07
2015-11-02,15.41,15.51,13.67,14.15
2015-11-03,14.33,14.73,13.81,14.54
2015-11-04,14.04,15.88,13.96,15.51
2015-11-05,15.39,16.39,15.0,15.05
2015-11-06,14.91,16.0,14.32,14.33
2015-11-09,15.34,17.09,15.14,16.52
2015-11-10,16.69,16.96,15.24,15.29
2015-11-11,15.07,16.15,15.02,16.06
2015-11-12,17.06,18.5,16.65,18.37
2015-11-13,18.68,20.67,18.2,20.08
2015-11-16,20.51,20.55,17.25,18.16
2015-11-17,17.82,19.59,16.86,18.84
2015-11-18,19.01,19.45,16.8,16.85
2015-11-19,16.25,18.26,16.0,16.99
2015-11-20,16.13,16.38,15.47,15.47
2015-11-23,16.15,16.74,15.38,15.62
2015-11-24,16.53,17.21,15.48,15.93
2015-11-25,15.55,15.89,15.05,15.19
2015-11-27,15.31,16.09,15.12,15.12
2015-11-30,15.55,16.57,15.52,16.13
2015-12-01,15.61,16.34,14.63,14.67
2015-12-02,15.04,16.49,14.71,15.91
2015-12-03,15.87,19.35,15.86,18.11
2015-12-04,17.43,17.65,14.69,14.81
2015-12-07,15.65,17.18,15.58,15.84
2015-12-08,17.69,18.33,16.52,17.6
2015-12-09,18.05,20.13,15.72,19.61
2015-12-10,19.25,19.72,18.13,19.34
2015-12-11,21.36,25.27,20.88,24.39
2015-12-14,24.7,26.81,21.47,22.73
2015-12-15,20.76,21.62,20.02,20.95
2015-12-16,19.25,20.24,17.12,17.86
2015-12-17,16.18,19.05,16.13,18.94
2015-12-18,19.34,23.3,18.75,20.7
2015-12-21,19.64,20.21,18.7,18.7
2015-12-22,17.61,18.22,16.6,16.6
2015-12-23,15.86,16.25,15.33,15.57
2015-12-24,15.44,15.88,14.45,15.74
2015-12-28,17.65,18.13,16.88,16.91
2015-12-29,15.91,16.48,15.63,16.08
2015-12-30,16.5,17.42,16.5,17.29
2015-12-31,17.97,20.39,17.51,18.21
2016-01-04,22.48,23.36,20.67,20.7
2016-01-05,20.75,21.06,19.25,19.34
2016-01-06,21.67,21.86,19.8,20.59
2016-01-07,23.22,25.86,22.4,24.99
2016-01-08,22.96,27.08,22.48,27.01
2016-01-11,25.58,27.39,23.83,24.3
2016-01-12,22.97,23.93,21.91,22.47
2016-01-13,21.72,26.11,21.44,25.22
2016-01-14,24.75,26.28,23.07,23.95
2016-01-15,28.96,30.95,26.67,27.02
2016-01-19,25.4,27.59,25.21,26.05
2016-01-20,27.78,32.09,26.59,27.59
2016-01-21,27.79,28.43,25.01,26.69
2016-01-22,24.21,24.55,22.22,22.34
2016-01-25,23.3,24.31,22.38,24.15
2016-01-26,23.75,24.02,22.33,22.5
2016-01-27,22.88,27.22,20.42,23.11
2016-01-28,22.15,23.81,21.9,22.42
2016-01-29,21.59,21.74,19.5,20.2
2016-02-01,21.32,23.66,19.61,19.98
2016-02-02,21.34,22.42,21.06,21.98
2016-02-03,21.49,27.7,21.42,21.65
2016-02-04,22.29,23.14,21.24,21.84
2016-02-05,22.09,24.11,21.91,23.38
2016-02-08,25.89,27.72,25.56,26.0
2016-02-09,28.3,28.31,25.99,26.54
2016-02-10,25.75,26.6,24.47,26.29
2016-02-11,29.01,30.9,26.67,28.14
2016-02-12,27.16,27.57,24.92,25.4
2016-02-16,24.96,25.52,23.32,24.11
2016-02-17,23.4,24.16,21.83,22.31
2016-02-18,22.16,22.53,21.29,21.64
2016-02-19,22.39,23.44,20.52,20.53
2016-02-22,20.14,20.35,19.02,19.38
2016-02-23,19.75,21.16,19.54,20.98
2016-02-24,22.28,22.87,20.26,20.72
2016-02-25,20.54,21.26,19.1,19.11
2016-02-26,18.89,20.13,18.46,19.81
2016-02-29,20.49,20.81,18.38,20.55
2016-03-01,19.84,20.17,17.66,17.7
2016-03-02,17.98,18.41,16.78,17.09
2016-03-03,17.25,17.56,16.32,16.7
2016-03-04,16.48,17.35,16.05,16.86
2016-03-07,17.98,18.04,16.87,17.35
2016-03-08,18.38,18.89,17.82,18.67
2016-03-09,18.56,19.11,18.31,18.34
2016-03-10,18.17,19.59,17.06,18.05
2016-03-11,17.09,17.27,16.28,16.5
2016-03-14,17.01,17.67,16.69,16.92
2016-03-15,17.6,17.85,16.84,16.84
2016-03-16,15.96,16.33,14.89,14.99
2016-03-17,15.34,15.38,13.82,14.44
2016-03-18,14.05,14.36,13.75,14.02
2016-03-21,14.57,14.73,13.79,13.79
2016-03-22,14.57,14.76,13.75,14.17
2016-03-23,14.57,15.03,14.33,14.94
2016-03-24,16.3,16.44,14.71,14.74
2016-03-28,15.65,16.04,14.89,15.24
2016-03-29,15.74,15.89,13.79,13.82
2016-03-30,13.69,13.89,13.06,13.56
2016-03-31,13.73,14.28,13.49,13.95
2016-04-01,15.23,15.28,13.0,13.1
2016-04-04,13.88,14.24,13.66,14.12
2016-04-05,15.39,15.72,14.93,15.42
2016-04-06,15.61,15.98,14.0,14.09
2016-04-07,15.14,16.77,14.68,16.16
2016-04-08,15.34,15.93,14.84,15.36
2016-04-11,15.34,16.26,14.83,16.26
2016-04-12,15.98,16.57,14.84,14.85
2016-04-13,14.49,14.53,13.6,13.84
2016-04-14,13.9,14.12,13.38,13.72
2016-04-15,13.77,14.19,13.58,13.62
2016-04-18,14.87,14.94,13.23,13.35
2016-04-19,13.18,13.88,12.98,13.24
2016-04-20,13.39,13.5,12.5,13.28
2016-04-21,13.2,14.14,13.16,13.95
2016-04-22,13.7,14.19,13.15,13.22
2016-04-25,14.07,14.76,13.86,14.08
2016-04-26,14.01,14.43,13.66,13.96
2016-04-27,14.15,14.95,13.5,13.77
2016-04-28,14.53,15.61,13.3,15.22
2016-04-29,15.21,17.09,14.91,15.7
2016-05-02,16.33,16.5,14.48,14.68
2016-05-03,14.92,16.42,14.91,15.6
2016-05-04,15.47,16.85,15.39,16.05
2016-05-05,15.54,16.45,15.22,15.91
2016-05-06,16.2,16.58,14.71,14.72
2016-05-09,15.2,15.39,14.17,14.57
2016-05-10,13.98,14.35,13.55,13.63
2016-05-11,13.92,14.69,13.29,14.69
2016-05-12,14.55,15.42,13.95,14.41
2016-05-13,15.15,15.47,13.97,15.04
2016-05-16,15.72,15.98,14.28,14.68
2016-05-17,14.57,16.12,14.48,15.57
2016-05-18,15.72,16.47,14.86,15.95
2016-05-19,16.37,17.65,16.28,16.33
2016-05-20,16.13,16.3,15.11,15.2
2016-05-23,16.33,16.47,15.4,15.82
2016-05-24,16.03,16.06,14.36,14.42
2016-05-25,14.19,14.33,13.64,13.9
2016-05-26,13.8,14.11,13.43,13.43
2016-05-27,13.49,13.76,13.04,13.12
2016-05-31,13.94,15.0,13.45,14.19
2016-06-01,14.45,15.25,14.18,14.2
2016-06-02,14.42,14.92,13.62,13.63
2016-06-03,13.78,14.66,12.9,13.47
2016-06-06,13.84,14.27,13.42,13.65
2016-06-07,12.77,14.05,12.72,14.05
2016-06-08,13.84,14.27,13.7,14.08
2016-06-09,14.01,14.85,13.99,14.64
2016-06-10,14.89,17.33,14.85,17.03
2016-06-13,18.24,21.01,17.89,20.97
2016-06-14,21.28,22.16,20.27,20.5
2016-06-15,20.25,20.45,18.63,20.14
2016-06-16,20.8,22.89,19.24,19.37
2016-06-17,19.42,20.03,18.71,19.41
2016-06-20,17.42,18.55,16.59,18.37
2016-06-21,17.67,18.96,16.91,18.48
2016-06-22,18.26,21.22,17.83,21.17
2016-06-23,19.54,19.79,17.25,17.25
2016-06-24,26.06,26.24,19.48,25.76
2016-06-27,24.38,26.72,22.93,23.85
2016-06-28,21.76,22.07,18.75,18.75
2016-06-29,18.12,18.27,16.48,16.64
2016-06-30,16.91,16.99,15.29,15.63
2016-07-01,15.59,15.86,14.61,14.77
2016-07-05,16.05,16.62,15.49,15.58
2016-07-06,15.87,17.04,14.96,14.96
2016-07-07,14.8,15.98,14.33,14.76
2016-07-08,14.64,14.75,13.19,13.2
2016-07-11,13.25,13.67,13.0,13.54
2016-07-12,12.93,13.93,12.75,13.55
2016-07-13,13.32,13.79,12.92,13.04
2016-07-14,12.5,13.37,12.14,12.82
2016-07-15,13.12,13.22,12.27,12.67
2016-07-18,12.75,13.12,12.33,12.44
2016-07-19,12.53,12.83,11.94,11.97
2016-07-20,11.94,11.97,11.4,11.77
2016-07-21,11.8,13.06,11.69,12.74
2016-07-22,12.8,12.88,11.97,12.02
2016-07-25,12.64,13.72,12.39,12.87
2016-07-26,12.88,13.5,12.8,13.05
2016-07-27,12.61,13.74,12.5,12.83
2016-07-28,12.51,13.52,12.36,12.72
2016-07-29,12.85,12.9,11.77,11.87
2016-08-01,11.89,12.98,11.86,12.44
2016-08-02,12.39,14.24,12.35,13.37
2016-08-03,13.53,13.91,12.73,12.86
2016-08-04,12.73,12.98,11.79,12.42
2016-08-05,12.08,12.26,11.18,11.39
2016-08-08,11.66,11.78,11.41,11.5
2016-08-09,11.4,11.92,11.02,11.66
2016-08-10,11.55,12.5,11.37,12.05
2016-08-11,11.93,12.11,11.38,11.68
2016-08-12,11.61,12.0,11.28,11.55
2016-08-15,11.81,12.17,11.58,11.81
2016-08-16,12.04,12.78,11.87,12.64
2016-08-17,12.57,13.71,12.14,12.19
2016-08-18,12.2,12.53,11.42,11.43
2016-08-19,11.67,12.28,11.33,11.34
2016-08-22,12.53,13.02,11.94,12.27
2016-08-23,12.15,12.44,11.72,12.38
2016-08-24,12.7,14.01,12.3,13.45
2016-08-25,13.62,14.09,13.29,13.63
2016-08-26,13.54,14.93,12.13,13.65
2016-08-29,14.09,14.43,12.9,12.94
2016-08-30,12.94,13.6,12.7,13.12
2016-08-31,13.14,14.34,12.97,13.42
2016-09-01,13.07,14.61,12.99,13.48
2016-09-02,13.47,13.9,11.9,11.98
2016-09-06,12.42,12.93,11.85,12.02
2016-09-07,11.89,12.45,11.77,11.94
2016-09-08,11.74,12.6,11.65,12.51
2016-09-09,12.52,17.54,12.52,17.5
2016-09-12,20.13,20.51,14.76,15.16
2016-09-13,15.98,18.97,15.83,17.85
2016-09-14,17.63,18.14,16.34,18.14
2016-09-15,17.97,18.07,15.74,16.3
2016-09-16,16.41,17.1,15.28,15.37
2016-09-19,15.14,15.96,14.6,15.53
2016-09-20,14.98,16.09,14.69,15.92
2016-09-21,15.07,15.65,12.98,13.3
2016-09-22,13.39,13.39,11.76,12.02
2016-09-23,12.0,12.58,11.93,12.29
2016-09-26,13.26,14.63,13.26,14.5
2016-09-27,13.36,14.76,12.97,13.1
2016-09-28,12.9,13.57,12.24,12.39
2016-09-29,12.53,15.69,12.14,14.02
2016-09-30,14.91,15.2,12.53,13.29
2016-10-03,13.75,14.42,13.42,13.57
2016-10-04,13.4,14.57,12.92,13.63
2016-10-05,13.56,13.68,12.7,12.99
2016-10-06,13.11,13.84,12.8,12.84
2016-10-07,13.52,14.15,12.21,13.48
2016-10-10,14.19,14.36,13.29,13.38
2016-10-11,13.71,16.47,13.69,15.36
2016-10-12,15.53,16.34,15.26,15.91
2016-10-13,16.88,17.95,16.14,16.69
2016-10-14,16.49,16.5,15.25,16.12
2016-10-17,17.01,17.11,16.13,16.21
2016-10-18,15.82,15.85,15.03,15.28
2016-10-19,15.45,15.68,13.87,14.41
2016-10-20,14.43,14.72,13.74,13.75
2016-10-21,14.04,14.53,13.27,13.34
2016-10-24,13.19,13.26,12.83,13.02
2016-10-25,12.91,13.86,12.73,13.46
2016-10-26,13.66,14.8,13.66,14.24
2016-10-27,14.37,15.43,13.6,15.36
2016-10-28,15.67,17.35,14.65,16.19
2016-10-31,16.31,17.63,16.25,17.06
2016-11-01,16.54,20.43,16.51,18.56
2016-11-02,19.09,19.82,18.56,19.32
2016-11-03,19.85,22.57,18.84,22.08
2016-11-04,21.86,23.01,19.2,22.51
2016-11-07,19.78,19.86,18.39,18.71
2016-11-08,18.92,19.91,17.7,18.74
2016-11-09,20.7,21.48,14.33,14.38
2016-11-10,14.01,16.3,13.26,14.74
2016-11-11,14.83,16.0,14.15,14.17
2016-11-14,14.69,15.56,14.39,14.48
2016-11-15,14.16,14.65,13.3,13.37
2016-11-16,13.51,14.49,13.51,13.72
2016-11-17,13.37,13.55,12.97,13.35
2016-11-18,13.56,13.74,12.85,12.85
2016-11-21,13.27,13.44,12.16,12.42
2016-11-22,12.26,12.83,12.2,12.41
2016-11-23,12.34,13.01,12.19,12.43
2016-11-25,12.52,12.74,12.31,12.34
2016-11-28,13.4,13.5,12.74,13.15
2016-11-29,13.07,13.55,12.62,12.9
2016-11-30,12.6,13.42,12.23,13.33
2016-12-01,13.4,14.72,13.05,14.07
2016-12-02,14.16,14.48,12.39,14.12
2016-12-05,13.75,13.77,12.14,12.14
2016-12-06,12.19,12.3,11.54,11.79
2016-12-07,11.59,12.24,11.33,12.22
2016-12-08,12.1,13.4,11.3,12.64
2016-12-09,12.59,12.72,11.67,11.75
2016-12-12,12.23,12.78,12.07,12.64
2016-12-13,12.46,13.42,12.34,12.72
2016-12-14,12.88,13.39,12.48,13.19
2016-12-15,13.07,13.24,12.46,12.79
2016-12-16,12.88,12.95,12.15,12.2
2016-12-19,12.5,12.52,11.67,11.71
2016-12-20,11.65,11.75,11.38,11.45
2016-12-21,11.44,11.49,10.93,11.27
2016-12-22,11.32,11.67,11.14,11.43
2016-12-23,11.38,11.81,11.35,11.44
2016-12-27,12.26,12.33,11.84,11.99
2016-12-28,11.89,13.04,11.85,12.95
2016-12-29,13.15,13.71,12.95,13.37
2016-12-30,13.2,14.68,13.05,14.04
2017-01-03,14.07,14.07,12.85,12.85
2017-01-04,12.78,12.8,11.63,11.85
2017-01-05,11.96,12.09,11.4,11.67
2017-01-06,11.7,11.74,10.98,11.32
2017-01-09,11.71,12.08,11.46,11.56
2017-01-10,11.59,11.79,11.31,11.49
2017-01-11,11.56,12.23,11.21,11.26
2017-01-12,11.48,12.6,11.32,11.54
2017-01-13,11.45,11.62,10.94,11.23
2017-01-17,12.2,12.75,11.79,11.87
2017-01-18,11.79,12.81,11.69,12.48
2017-01-19,12.58,13.28,12.17,12.78
2017-01-20,12.58,12.59,11.53,11.54
2017-01-23,12.3,12.62,11.59,11.77
2017-01-24,11.82,11.89,11.04,11.07
2017-01-25,10.79,11.05,10.51,10.81
2017-01-26,10.61,11.01,10.6,10.63
2017-01-27,10.57,10.82,10.3,10.58
2017-01-30,11.1,12.9,11.1,11.88
2017-01-31,12.29,12.99,11.79,11.99
2017-02-01,11.79,12.05,9.97,11.81
2017-02-02,12.37,12.47,11.62,11.93
2017-02-03,11.84,11.84,10.72,10.97
2017-02-06,11.37,11.84,11.09,11.37
2017-02-07,11.39,11.67,11.06,11.29
2017-02-08,11.19,11.82,11.15,11.45
2017-02-09,11.44,11.53,10.74,10.88
2017-02-10,10.85,10.95,10.55,10.85
2017-02-13,11.36,11.4,11.07,11.07
2017-02-14,11.17,11.34,10.73,10.74
2017-02-15,10.84,12.01,10.8,11.97
2017-02-16,12.02,12.86,11.69,11.76
2017-02-17,11.84,12.26,11.37,11.49
2017-02-21,12.05,12.09,11.5,11.57
2017-02-22,11.48,12.07,11.44,11.74
2017-02-23,11.66,12.46,11.54,11.71
2017-02-24,11.81,12.59,11.34,11.47
2017-02-27,11.78,12.14,11.53,12.09
2017-02-28,12.19,12.96,12.13,12.92
2017-03-01,12.31,12.58,11.78,12.54
2017-03-02,12.43,12.71,11.32,11.81
2017-03-03,11.96,11.97,10.94,10.96
2017-03-06,11.59,11.72,11.06,11.24
2017-03-07,11.27,11.58,11.04,11.45
2017-03-08,11.49,11.86,11.09,11.86
2017-03-09,11.75,12.43,11.62,12.3
2017-03-10,11.97,12.09,11.46,11.66
2017-03-13,12.16,12.23,11.29,11.35
2017-03-14,11.39,12.54,11.28,12.3
2017-03-15,12.12,12.25,10.6,11.63
2017-03-16,11.29,11.55,11.16,11.21
2017-03-17,11.38,11.38,10.78,11.28
2017-03-20,11.71,11.72,11.03,11.34
2017-03-21,11.15,12.85,10.92,12.47
2017-03-22,12.95,13.16,11.99,12.81
2017-03-23,12.65,13.17,12.18,13.12
2017-03-24,12.86,14.16,12.27,12.96
2017-03-27,14.78,15.11,12.48,12.5
2017-03-28,12.44,12.67,11.34,11.53
2017-03-29,11.54,11.7,11.03,11.42
2017-03-30,11.37,11.64,11.12,11.54
2017-03-31,11.61,12.54,11.5,12.37
2017-04-03,12.59,13.59,12.27,12.38
2017-04-04,12.71,13.07,11.7,11.79
2017-04-05,11.89,12.89,10.9,12.89
2017-04-06,13.11,13.22,11.7,12.39
2017-04-07,13.17,13.43,12.23,12.87
2017-04-10,13.24,14.11,12.94,14.05
2017-04-11,14.32,15.88,14.17,15.07
2017-04-12,15.16,16.16,14.84,15.77
2017-04-13,15.89,16.22,14.97,15.96
2017-04-17,16.19,16.28,14.6,14.66
2017-04-18,14.5,15.5,14.29,14.42
2017-04-19,14.0,15.15,13.46,14.93
2017-04-20,14.59,14.81,13.83,14.15
2017-04-21,13.85,15.33,13.85,14.63
2017-04-24,11.56,12.01,10.82,10.84
2017-04-25,10.81,11.15,10.22,10.76
2017-04-26,10.61,10.89,10.39,10.85
2017-04-27,10.72,11.08,10.33,10.36
2017-04-28,10.39,11.16,10.29,10.82
2017-05-01,10.92,11.04,9.9,10.11
2017-05-02,10.15,10.59,10.04,10.59
2017-05-03,10.56,11.15,10.4,10.68
2017-05-04,10.71,11.24,10.27,10.46
2017-05-05,10.51,10.98,9.99,10.57
2017-05-08,10.53,10.55,9.67,9.77
2017-05-09,9.87,10.14,9.56,9.96
2017-05-10,9.75,10.24,9.62,10.21
2017-05-11,10.34,11.23,10.32,10.6
2017-05-12,10.72,10.87,10.28,10.4
2017-05-15,10.54,10.88,10.25,10.42
2017-05-16,10.46,10.67,10.18,10.65
2017-05-17,11.89,15.59,11.53,15.59
2017-05-18,14.06,16.3,14.03,14.66
2017-05-19,14.23,14.23,11.72,12.04
2017-05-22,12.29,12.52,10.89,10.93
2017-05-23,11.0,11.0,10.56,10.72
2017-05-24,10.61,10.9,9.88,10.02
2017-05-25,9.82,10.29,9.72,9.99
2017-05-26,9.93,10.48,9.65,9.81
2017-05-30,10.61,10.84,10.14,10.38
2017-05-31,10.1,11.3,9.93,10.41
2017-06-01,10.42,10.54,9.69,9.89
2017-06-02,10.08,10.3,9.58,9.75
2017-06-05,10.08,10.28,9.6,10.07
2017-06-06,10.19,10.77,9.86,10.45
2017-06-07,10.48,10.93,10.12,10.39
2017-06-08,10.27,10.53,9.73,10.16
2017-06-09,9.93,12.11,9.37,10.7
2017-06-12,11.19,12.37,11.19,11.46
2017-06-13,11.12,11.14,10.26,10.42
2017-06-14,10.33,11.26,10.01,10.64
2017-06-15,11.06,12.01,10.74,10.9
2017-06-16,10.63,11.35,10.26,10.38
2017-06-19,10.57,10.6,10.01,10.37
2017-06-20,10.28,11.15,10.24,10.86
2017-06-21,11.03,11.4,10.4,10.75
2017-06-22,10.81,11.01,10.24,10.48
2017-06-23,10.25,10.69,9.85,10.02
2017-06-26,10.13,10.44,9.68,9.9
2017-06-27,10.04,11.31,9.8,11.06
2017-06-28,11.17,11.49,9.76,10.03
2017-06-29,9.79,15.16,9.73,11.44
2017-06-30,11.74,11.85,10.4,11.18
2017-07-03,11.07,11.45,10.28,11.22
2017-07-05,11.2,12.03,10.79,11.07
2017-07-06,11.2,13.05,11.18,12.54
2017-07-07,12.48,12.57,10.98,11.19
2017-07-10,11.26,11.73,10.61,11.11
2017-07-11,10.79,12.14,10.68,10.89
2017-07-12,10.85,10.85,10.08,10.3
2017-07-13,10.07,10.4,9.9,9.9
2017-07-14,10.09,10.14,9.5,9.51
2017-07-17,9.77,10.03,9.71,9.82
2017-07-18,9.86,10.35,9.66,9.89
2017-07-19,9.69,9.94,9.58,9.79
2017-07-20,9.66,10.28,9.5,9.58
2017-07-21,9.52,9.98,9.3,9.36
2017-07-24,9.94,9.97,9.26,9.43
2017-07-25,9.4,9.52,9.04,9.43
2017-07-26,9.25,9.66,8.84,9.6
2017-07-27,9.33,11.5,9.16,10.11
2017-07-28,10.62,11.3,10.26,10.29
2017-07-31,10.53,10.84,10.23,10.26
2017-08-01,10.19,10.56,9.95,10.09
2017-08-02,10.08,10.81,9.8,10.28
2017-08-03,10.47,10.6,9.9,10.44
2017-08-04,10.48,10.5,9.68,10.03
2017-08-07,10.19,10.32,9.76,9.93
2017-08-08,10.04,11.52,9.52,10.96
2017-08-09,11.49,12.63,11.11,11.11
2017-08-10,11.57,16.17,11.56,16.04
2017-08-11,16.17,17.28,14.5,15.51
2017-08-14,14.05,14.05,12.06,12.33
2017-08-15,11.78,12.37,11.45,12.04
2017-08-16,11.59,12.54,11.25,11.74
2017-08-17,11.81,15.77,11.54,15.55
2017-08-18,15.38,16.04,13.32,14.26
2017-08-21,14.59,14.74,13.07,13.19
2017-08-22,12.6,12.94,11.35,11.35
2017-08-23,11.51,12.59,11.39,12.25
2017-08-24,12.06,12.83,11.55,12.23
2017-08-25,12.2,12.45,11.1,11.28
2017-08-28,12.09,12.11,11.23,11.32
2017-08-29,13.33,14.34,11.48,11.7
2017-08-30,11.4,11.98,10.96,11.22
2017-08-31,11.07,11.22,10.34,10.59
2017-09-01,10.33,10.46,10.02,10.13
2017-09-05,11.75,14.06,11.41,12.23
2017-09-06,12.27,12.59,11.35,11.63
2017-09-07,11.93,12.07,11.32,11.55
2017-09-08,11.87,12.6,11.84,12.12
2017-09-11,11.38,11.39,10.51,10.73
2017-09-12,10.66,10.95,10.29,10.58
2017-09-13,10.72,10.86,10.33,10.5
2017-09-14,10.57,11.04,10.28,10.44
2017-09-15,10.51,10.74,10.0,10.17
2017-09-18,10.18,10.42,9.88,10.15
2017-09-19,10.16,10.3,9.85,10.18
2017-09-20,10.04,10.67,9.67,9.78
2017-09-21,9.74,10.21,9.54,9.67
2017-09-22,9.9,10.2,9.5,9.59
2017-09-25,10.08,11.21,9.79,10.21
2017-09-26,10.42,10.68,9.94,10.17
2017-09-27,9.9,10.42,9.63,9.87
2017-09-28,9.74,10.13,9.55,9.55
2017-09-29,9.59,9.83,9.36,9.51
2017-10-02,9.59,10.04,9.37,9.45
2017-10-03,9.3,9.75,9.3,9.51
2017-10-04,9.53,9.88,9.53,9.63
2017-10-05,9.48,9.62,9.13,9.19
2017-10-06,9.23,10.27,9.11,9.65
2017-10-09,9.92,10.53,9.88,10.33
2017-10-10,10.15,10.66,9.94,10.08
2017-10-11,9.95,10.38,9.72,9.85
2017-10-12,9.94,10.33,9.65,9.91
2017-10-13,9.95,9.98,9.44,9.61
2017-10-16,9.95,10.02,9.75,9.91
2017-10-17,9.85,10.46,9.78,10.31
2017-10-18,10.34,10.41,9.87,10.07
2017-10-19,10.22,11.77,9.99,10.05
2017-10-20,9.92,10.04,9.29,9.97
2017-10-23,10.25,11.08,9.94,11.07
2017-10-24,10.89,11.16,10.39,11.16
2017-10-25,11.34,13.2,10.99,11.23
2017-10-26,11.17,11.81,10.6,11.3
2017-10-27,11.12,11.12,9.74,9.8
2017-10-30,10.28,10.89,10.1,10.5
2017-10-31,10.34,10.37,9.9,10.18
2017-11-01,9.79,10.49,9.74,10.2
2017-11-02,10.44,10.89,9.67,9.93
2017-11-03,9.83,9.91,8.99,9.14
2017-11-06,9.63,9.74,9.38,9.4
2017-11-07,9.31,10.31,9.29,9.89
2017-11-08,9.79,10.27,9.5,9.78
2017-11-09,9.94,12.19,9.79,10.5
2017-11-10,10.78,11.58,10.5,11.29
2017-11-13,11.43,12.18,11.0,11.5
2017-11-14,11.53,12.61,11.45,11.59
2017-11-15,12.52,14.51,12.33,13.13
2017-11-16,12.47,12.52,11.38,11.76
2017-11-17,11.75,12.01,11.16,11.43
2017-11-20,11.96,12.08,10.44,10.65
2017-11-21,10.74,10.78,9.67,9.73
2017-11-22,9.6,9.88,9.32,9.88
2017-11-24,9.82,9.96,8.56,9.67
2017-11-27,10.07,10.26,9.79,9.87
2017-11-28,9.72,10.31,9.53,10.03
2017-11-29,9.91,10.93,9.81,10.7
2017-11-30,10.49,12.05,10.25,11.28
2017-12-01,11.19,14.58,10.54,11.43
2017-12-04,11.05,11.86,10.26,11.68
2017-12-05,11.38,11.67,10.65,11.33
2017-12-06,11.63,11.68,10.86,11.02
2017-12-07,10.9,11.32,10.12,10.16
2017-12-08,10.0,10.06,9.43,9.58
2017-12-11,9.74,10.08,9.28,9.34
2017-12-12,9.36,9.92,9.21,9.92
2017-12-13,9.78,10.21,9.65,10.18
2017-12-14,9.98,10.54,9.78,10.49
2017-12-15,10.12,10.2,9.22,9.42
2017-12-18,9.46,9.89,9.24,9.53
2017-12-19,9.4,10.15,9.18,10.03
2017-12-20,9.69,9.85,8.9,9.72
2017-12-21,9.59,9.86,9.2,9.62
2017-12-22,9.37,10.18,9.35,9.9
2017-12-26,10.19,10.46,10.13,10.25
2017-12-27,10.04,10.79,9.71,10.47
2017-12-28,10.29,10.44,10.07,10.18
2017-12-29,10.03,11.06,9.95,11.04
2018-01-02,10.95,11.07,9.52,9.77
2018-01-03,9.56,9.65,8.94,9.15
2018-01-04,9.01,9.31,8.92,9.22
2018-01-05,9.1,9.54,9.0,9.22
2018-01-08,9.61,9.89,9.32,9.52
2018-01-09,9.41,10.09,9.37,10.08
2018-01-10,10.11,10.85,9.82,9.82
2018-01-11,9.69,10.02,9.62,9.88
2018-01-12,9.74,10.31,9.54,10.16
2018-01-16,10.42,12.41,10.4,11.66
2018-01-17,11.35,12.81,11.18,11.91
2018-01-18,12.01,12.4,11.62,12.22
2018-01-19,12.3,12.33,11.18,11.27
2018-01-22,11.59,11.62,10.84,11.03
2018-01-23,10.77,11.57,10.76,11.1
2018-01-24,11.0,12.19,10.89,11.47
2018-01-25,11.27,12.01,11.2,11.58
2018-01-26,11.4,11.6,11.08,11.08
2018-01-29,11.71,13.84,11.68,13.84
2018-01-30,13.93,15.42,13.88,14.79
2018-01-31,14.23,14.44,13.41,13.54
2018-02-01,13.05,14.3,12.5,13.47
2018-02-02,13.64,17.86,13.64,17.31
2018-02-05,18.44,38.8,16.8,37.32
2018-02-06,37.32,50.3,22.42,29.98
2018-02-07,31.38,31.64,21.17,27.73
2018-02-08,27.29,36.17,24.41,33.46
2018-02-09,32.18,41.06,27.73,29.06
2018-02-12,27.25,29.7,24.42,25.61
2018-02-13,26.94,27.82,24.47,24.97
2018-02-14,23.48,25.72,18.99,19.26
2018-02-15,18.39,20.66,17.6,19.13
2018-02-16,18.74,20.99,17.44,19.46
2018-02-20,20.53,21.61,19.75,20.6
2018-02-21,20.76,21.04,16.97,20.02
2018-02-22,20.57,20.61,18.07,18.72
2018-02-23,17.96,18.8,16.47,16.49
2018-02-26,16.53,16.94,15.8,15.8
2018-02-27,15.83,18.98,15.29,18.59
2018-02-28,18.08,20.44,15.65,19.85
2018-03-01,19.96,25.3,19.57,22.47
2018-03-02,22.47,26.22,19.36,19.59
2018-03-05,21.55,21.57,17.94,18.73
2018-03-06,18.25,19.64,17.68,18.36
2018-03-07,20.11,20.49,17.52,17.76
2018-03-08,17.56,17.68,14.91,16.54
2018-03-09,16.41,16.75,13.31,14.64
2018-03-12,15.28,16.35,15.18,15.78
2018-03-13,15.7,16.98,15.03,16.35
2018-03-14,16.59,17.59,14.94,17.23
2018-03-15,16.99,17.41,15.96,16.59
2018-03-16,16.6,16.72,15.23,15.8
2018-03-19,16.63,21.87,16.56,19.02
2018-03-20,18.38,19.31,18.09,18.2
2018-03-21,17.76,18.37,16.26,17.86
2018-03-22,18.13,23.81,18.12,23.34
2018-03-23,24.02,26.01,21.63,24.87
2018-03-26,23.41,24.54,20.71,21.03
2018-03-27,20.33,24.06,19.84,22.5
2018-03-28,22.52,24.94,21.71,22.87
2018-03-29,22.87,23.05,19.6,19.97
2018-04-02,21.07,25.72,20.44,23.62
2018-04-03,23.03,23.38,20.92,21.1
2018-04-04,21.68,24.51,19.86,20.06
2018-04-05,19.76,20.21,18.57,18.94
2018-04-06,20.33,23.12,18.6,21.49
2018-04-09,21.27,22.02,20.34,21.77
2018-04-10,20.51,21.68,20.24,20.47
2018-04-11,20.95,21.66,19.64,20.24
2018-04-12,19.83,19.92,18.16,18.49
2018-04-13,18.27,18.45,17.26,17.41
2018-04-16,17.59,17.66,16.38,16.56
2018-04-17,16.16,16.27,14.57,15.25
2018-04-18,15.3,16.9,14.95,15.6
2018-04-19,15.55,16.92,15.16,15.96
2018-04-20,16.16,17.5,15.19,16.88
2018-04-23,17.29,17.56,15.79,16.34
2018-04-24,16.16,19.66,15.37,18.02
2018-04-25,18.14,19.84,17.75,17.84
2018-04-26,18.07,18.12,16.24,16.24
2018-04-27,16.22,16.77,15.25,15.41
2018-04-30,15.39,16.35,15.13,15.93
2018-05-01,15.78,16.82,15.42,15.49
2018-05-02,15.48,15.97,14.75,15.97
2018-05-03,15.78,18.66,15.43,15.9
2018-05-04,15.94,16.92,10.91,14.77
2018-05-07,15.32,15.52,14.51,14.75
2018-05-08,14.53,15.56,14.52,14.71
2018-05-09,14.54,14.63,13.38,13.42
2018-05-10,13.36,13.63,12.92,13.23
2018-05-11,13.22,13.44,12.65,12.65
2018-05-14,12.95,13.28,12.81,12.93
2018-05-15,13.13,15.01,12.5,14.63
2018-05-16,14.38,14.91,13.21,13.42
2018-05-17,13.54,13.86,12.65,13.43
2018-05-18,13.18,13.87,13.06,13.42
2018-05-21,13.44,13.59,12.78,13.08
2018-05-22,13.03,13.42,12.77,13.22
2018-05-23,13.5,14.6,12.49,12.58
2018-05-24,12.73,14.24,12.53,12.53
2018-05-25,12.44,13.52,12.29,13.22
2018-05-29,14.39,18.78,14.39,17.02
2018-05-30,16.6,16.64,14.65,14.94
2018-05-31,14.93,16.29,14.2,15.43
2018-06-01,14.92,14.93,13.37,13.46
2018-06-04,13.91,13.91,12.69,12.74
2018-06-05,12.91,13.34,12.3,12.4
2018-06-06,12.1,12.56,11.62,11.64
2018-06-07,11.66,13.28,11.22,12.13
2018-06-08,12.54,13.31,12.09,12.18
2018-06-11,12.52,12.69,12.14,12.35
2018-06-12,12.29,12.6,11.88,12.34
2018-06-13,12.13,12.95,11.98,12.94
2018-06-14,12.98,13.07,11.88,12.12
2018-06-15,12.19,13.16,11.93,11.98
2018-06-18,12.79,13.74,12.28,12.31
2018-06-19,14.61,14.68,13.21,13.35
2018-06-20,12.9,13.02,12.25,12.79
2018-06-21,12.54,15.18,12.18,14.64
2018-06-22,14.6,14.6,13.11,13.77
2018-06-25,15.07,19.61,14.56,17.33
2018-06-26,16.71,17.54,15.1,15.92
2018-06-27,16.52,18.19,14.76,17.91
2018-06-28,17.54,18.99,16.4,16.85
2018-06-29,15.73,16.51,14.66,16.09
2018-07-02,17.7,18.08,15.54,15.6
2018-07-03,15.37,16.45,14.68,16.14
2018-07-05,15.62,16.22,14.47,14.97
2018-07-06,14.99,15.45,13.34,13.37
2018-07-09,13.42,13.45,12.6,12.69
2018-07-10,12.52,13.21,11.93,12.64
2018-07-11,14.05,14.15,13.09,13.63
2018-07-12,13.07,13.33,12.42,12.58
2018-07-13,12.39,12.97,11.62,12.18
2018-07-16,12.46,12.97,12.13,12.83
2018-07-17,12.91,13.18,11.85,12.06
2018-07-18,11.87,12.47,11.44,12.1
2018-07-19,12.2,13.09,11.79,12.87
2018-07-20,13.0,13.58,12.49,12.86
2018-07-23,13.47,13.55,12.58,12.62
2018-07-24,12.61,13.21,11.66,12.41
2018-07-25,12.37,12.82,11.8,12.29
2018-07-26,12.45,12.53,11.78,12.14
2018-07-27,12.17,14.26,11.6,13.03
2018-07-30,13.63,14.46,12.98,14.26
2018-07-31,13.98,14.12,12.81,12.83
2018-08-01,13.09,13.63,12.45,13.15
2018-08-02,13.57,14.53,12.17,12.19
2018-08-03,12.43,12.46,11.07,11.64
2018-08-06,11.91,12.15,11.17,11.27
2018-08-07,11.12,11.24,10.52,10.93
2018-08-08,10.93,11.18,10.52,10.85
2018-08-09,10.94,11.31,10.17,11.27
2018-08-10,11.82,13.82,11.59,13.16
2018-08-13,14.5,15.02,12.95,14.78
2018-08-14,13.93,14.22,13.11,13.31
2018-08-15,13.52,16.86,13.44,14.64
2018-08-16,14.18,14.36,12.82,13.45
2018-08-17,13.18,13.96,12.4,12.64
2018-08-20,12.57,12.79,12.26,12.49
2018-08-21,12.47,12.89,12.09,12.86
2018-08-22,13.09,13.29,11.97,12.25
2018-08-23,12.03,12.68,11.65,12.41
2018-08-24,12.13,12.17,11.83,11.99
2018-08-27,12.37,12.48,12.02,12.16
2018-08-28,12.01,12.5,11.87,12.5
2018-08-29,12.34,12.55,12.09,12.25
2018-08-30,12.25,13.95,12.24,13.53
2018-08-31,13.54,14.03,12.82,12.86
2018-09-04,13.13,14.35,13.12,13.16
2018-09-05,13.69,14.3,13.23,13.91
2018-09-06,14.21,15.41,13.72,14.65
2018-09-07,14.72,15.63,14.31,14.88
2018-09-10,15.09,15.2,13.93,14.16
2018-09-11,13.96,14.92,13.21,13.22
2018-09-12,13.07,13.86,12.91,13.14
2018-09-13,12.91,12.91,12.3,12.37
2018-09-14,12.13,13.15,11.93,12.07
2018-09-17,12.72,13.75,12.32,13.68
2018-09-18,13.48,13.48,12.56,12.79
2018-09-19,12.61,12.77,11.66,11.75
2018-09-20,11.82,11.96,11.31,11.8
2018-09-21,11.76,12.03,11.1,11.68
2018-09-24,12.46,12.92,12.18,12.2
2018-09-25,12.28,12.6,11.8,12.42
2018-09-26,12.21,13.13,11.55,12.89
2018-09-27,12.77,13.0,11.94,12.41
2018-09-28,12.59,13.22,12.09,12.12
2018-10-01,11.99,12.4,11.57,12.0
2018-10-02,12.47,12.69,11.61,12.05
2018-10-03,11.66,12.14,11.34,11.61
2018-10-04,12.84,15.84,12.42,14.22
2018-10-05,14.29,17.36,11.72,14.82
2018-10-08,16.05,18.38,15.69,15.69
2018-10-09,16.12,17.49,15.27,15.95
2018-10-10,16.03,22.96,15.83,22.96
2018-10-11,23.07,28.84,20.65,24.98
2018-10-12,21.63,26.8,20.88,21.31
2018-10-15,21.97,22.89,19.47,21.3
2018-10-16,20.28,20.56,17.55,17.62
2018-10-17,17.06,19.55,17.06,17.4
2018-10-18,18.02,21.57,17.51,20.06
2018-10-19,19.24,21.08,18.39,19.89
2018-10-22,19.38,20.89,18.82,19.64
2018-10-23,22.18,24.66,20.18,20.71
2018-10-24,21.6,26.38,20.4,25.23
2018-10-25,24.78,24.78,22.06,24.22
2018-10-26,24.51,27.52,23.33,24.16
2018-10-29,24.48,27.86,22.01,24.7
2018-10-30,23.94,25.55,23.11,23.35
2018-10-31,22.72,22.8,20.39,21.23
2018-11-01,20.96,21.21,19.03,19.34
2018-11-02,18.52,21.61,18.05,19.51
2018-11-05,20.58,20.87,19.64,19.96
2018-11-06,19.84,20.6,19.69,19.91
2018-11-07,18.03,18.05,16.33,16.36
2018-11-08,16.18,17.2,16.09,16.72
2018-11-09,16.87,18.41,16.84,17.36
2018-11-12,17.26,20.71,17.25,20.45
2018-11-13,19.45,21.25,19.11,20.02
2018-11-14,20.52,22.36,19.3,21.25
2018-11-15,20.41,22.97,19.94,19.98
2018-11-16,20.04,21.36,18.1,18.14
2018-11-19,18.78,20.99,18.52,20.1
2018-11-20,20.76,23.81,20.37,22.48
2018-11-21,21.66,22.31,20.11,20.8
2018-11-23,21.23,22.65,20.65,21.52
2018-11-26,20.78,20.8,18.67,18.9
2018-11-27,19.41,19.93,18.7,19.02
2018-11-28,18.87,19.38,18.18,18.49
2018-11-29,18.65,20.48,18.59,18.79
2018-11-30,19.18,19.91,18.03,18.07
2018-12-03,16.04,17.28,15.94,16.44
2018-12-04,16.84,21.94,16.26,20.74
2018-12-06,23.53,25.94,20.94,21.19
2018-12-07,22.42,24.71,19.9,23.23
2018-12-10,23.95,25.94,22.5,22.64
2018-12-11,22.96,23.6,21.39,21.76
2018-12-12,21.91,21.91,20.5,21.46
2018-12-13,21.0,21.57,20.34,20.65
2018-12-14,21.57,22.47,20.95,21.63
2018-12-17,22.36,25.88,21.97,24.52
2018-12-18,24.68,26.14,23.64,25.58
2018-12-19,25.15,26.64,22.5,25.58
2018-12-20,26.09,30.3,24.68,28.38
2018-12-21,28.24,31.35,25.71,30.11
2018-12-24,29.29,36.1,29.16,36.07
2018-12-26,35.5,36.2,29.59,30.41
2018-12-27,31.2,33.8,29.66,29.96
2018-12-28,29.97,31.05,27.43,28.34
2018-12-31,27.59,27.64,25.33,25.42
2019-01-02,27.54,28.53,23.05,23.22
2019-01-03,25.68,26.6,24.05,25.45
2019-01-04,24.36,24.48,21.19,21.38
2019-01-07,22.06,22.71,20.91,21.4
2019-01-08,20.96,22.03,20.09,20.47
2019-01-09,20.44,22.8,19.48,19.98
2019-01-10,20.98,21.32,19.29,19.5
2019-01-11,19.68,20.16,18.12,18.19
2019-01-14,19.84,20.27,18.7,19.07
2019-01-15,18.53,19.2,17.98,18.6
2019-01-16,18.08,19.04,17.76,19.04
2019-01-17,19.51,19.72,17.85,18.06
2019-01-18,17.8,18.18,17.17,17.8
2019-01-22,18.53,21.15,18.2,20.8
2019-01-23,20.85,22.02,19.47,19.52
2019-01-24,19.69,20.25,18.63,18.89
2019-01-25,18.43,18.46,17.31,17.42
2019-01-28,18.56,20.42,18.42,18.87
2019-01-29,19.45,19.93,18.42,19.13
2019-01-30,19.15,19.31,17.54,17.66
2019-01-31,17.39,17.72,16.54,16.57
2019-02-01,16.63,16.83,16.08,16.14
2019-02-04,16.72,16.73,15.6,15.73
2019-02-05,15.79,15.94,15.04,15.57
2019-02-06,15.44,15.87,15.09,15.38
2019-02-07,15.66,17.89,15.51,16.37
2019-02-08,16.81,17.63,15.62,15.72
2019-02-11,16.17,16.5,15.34,15.97
2019-02-12,15.23,15.65,14.95,15.43
2019-02-13,15.46,15.91,15.0,15.65
2019-02-14,15.61,17.27,15.3,16.22
2019-02-15,16.82,16.82,14.79,14.91
2019-02-19,15.65,16.16,14.64,14.88
2019-02-20,14.92,15.19,13.99,14.02
2019-02-21,14.0,15.17,13.85,14.46
2019-02-22,14.46,14.47,13.51,13.51
2019-02-25,13.91,14.9,13.44,14.85
2019-02-26,15.16,15.28,14.52,15.17
2019-02-27,15.53,16.17,14.7,14.7
2019-02-28,15.17,15.24,14.39,14.78
2019-03-01,14.57,14.84,13.41,13.57
2019-03-04,13.77,16.98,13.38,14.63
2019-03-05,14.52,15.39,14.26,14.74
2019-03-06,14.91,16.11,14.74,15.74
2019-03-07,16.33,17.81,15.54,16.59
2019-03-08,17.38,18.33,16.02,16.05
2019-03-11,16.28,16.43,14.33,14.33
2019-03-12,13.97,14.7,13.61,13.77
2019-03-13,14.0,14.05,13.25,13.41
2019-03-14,13.35,13.84,13.16,13.5
2019-03-15,13.21,13.28,12.5,12.88
2019-03-18,13.13,13.8,13.0,13.1
2019-03-19,12.89,13.77,12.37,13.56
2019-03-20,13.54,14.3,13.05,13.91
2019-03-21,14.11,14.56,13.26,13.63
2019-03-22,13.77,17.52,13.62,16.48
2019-03-25,17.76,17.85,16.26,16.33
2019-03-26,16.22,16.3,14.67,14.68
2019-03-27,14.52,16.71,14.51,15.15
2019-03-28,15.38,15.62,14.41,14.43
2019-03-29,14.19,14.43,13.64,13.71
2019-04-01,13.9,14.01,13.32,13.4
2019-04-02,13.62,13.68,13.13,13.36
2019-04-03,13.06,14.27,12.85,13.74
2019-04-04,13.84,14.03,13.4,13.58
2019-04-05,13.46,13.47,12.17,12.82
2019-04-08,13.55,13.77,13.1,13.18
2019-04-09,13.46,14.39,13.31,14.28
2019-04-10,14.09,14.29,13.27,13.3
2019-04-11,13.37,13.58,12.91,13.02
2019-04-12,12.96,12.96,11.95,12.01
2019-04-15,12.46,13.14,12.24,12.32
2019-04-16,12.26,12.47,11.85,12.18
2019-04-17,12.12,13.02,11.03,12.6
2019-04-18,12.8,13.12,12.02,12.09
2019-04-22,13.21,13.36,12.38,12.42
2019-04-23,12.66,12.69,12.08,12.28
2019-04-24,12.53,13.23,12.26,13.14
2019-04-25,13.29,14.3,12.81,13.25
2019-04-26,13.44,13.62,12.49,12.73
2019-04-29,13.04,13.27,12.65,13.11
2019-04-30,13.11,14.05,12.88,13.12
2019-05-01,12.86,14.83,12.74,14.8
2019-05-02,14.35,15.92,13.8,14.42
2019-05-03,14.11,14.15,12.8,12.87
2019-05-06,12.89,18.8,12.89,15.44
2019-05-07,15.9,21.84,15.8,19.32
2019-05-08,18.95,21.74,18.29,19.4
2019-05-09,21.4,23.38,18.87,19.1
2019-05-10,18.79,20.19,15.57,16.04
2019-05-13,18.62,21.32,18.35,20.55
2019-05-14,19.4,19.65,17.45,18.06
2019-05-15,17.57,19.15,16.41,16.44
2019-05-16,16.69,17.13,15.16,15.29
2019-05-17,15.89,16.81,14.86,15.96
2019-05-20,15.88,17.63,15.46,16.31
2019-05-21,15.86,16.22,14.79,14.95
2019-05-22,15.06,15.44,14.42,14.75
2019-05-23,15.93,18.05,15.28,16.92
2019-05-24,16.34,16.52,15.52,15.85
2019-05-28,16.55,17.7,15.9,17.5
2019-05-29,18.55,19.04,17.62,17.9
2019-05-30,17.47,18.11,16.72,17.3
2019-05-31,19.05,19.72,18.01,18.71
2019-06-03,19.41,19.75,18.16,18.86
2019-06-04,18.74,18.74,16.97,16.97
2019-06-05,17.06,17.49,16.04,16.09
2019-06-06,16.25,16.54,15.36,15.93
2019-06-07,15.65,16.44,15.33,16.3
2019-06-10,16.3,16.47,15.84,15.94
2019-06-11,15.84,16.7,15.5,15.99
2019-06-12,16.26,16.43,15.78,15.91
2019-06-13,16.16,16.21,15.61,15.82
2019-06-14,16.0,16.4,15.21,15.28
2019-06-17,15.65,15.76,15.24,15.35
2019-06-18,14.89,15.54,14.62,15.15
2019-06-19,15.05,15.71,14.15,14.33
2019-06-20,14.04,16.03,13.19,14.75
2019-06-21,14.74,15.48,14.42,15.4
2019-06-24,15.46,15.56,15.23,15.26
2019-06-25,15.43,16.68,15.1,16.28
2019-06-26,16.1,16.6,15.47,16.21
2019-06-27,15.66,16.4,15.66,15.82
2019-06-28,15.7,16.13,15.08,15.08
2019-07-01,13.85,14.64,13.8,14.06
2019-07-02,14.16,14.3,12.9,12.93
2019-07-03,13.18,13.19,12.56,12.57
2019-07-05,13.0,14.47,12.04,13.28
2019-07-08,13.73,14.44,13.64,13.96
2019-07-09,14.47,14.71,13.99,14.09
2019-07-10,14.38,14.69,12.98,13.03
2019-07-11,13.01,13.33,12.39,12.93
2019-07-12,12.76,12.82,12.28,12.39
2019-07-15,12.58,13.02,12.49,12.68
2019-07-16,12.61,13.14,12.28,12.86
2019-07-17,12.62,13.97,12.24,13.97
2019-07-18,14.45,14.5,13.19,13.53
2019-07-19,13.31,14.45,13.09,14.45
2019-07-22,14.55,14.7,13.42,13.53
2019-07-23,13.42,13.52,12.55,12.61
2019-07-24,12.8,13.1,11.98,12.07
2019-07-25,12.24,13.54,11.69,12.74
2019-07-26,12.58,12.72,12.01,12.16
2019-07-29,12.15,13.17,12.15,12.83
2019-07-30,12.87,14.18,12.87,13.94
2019-07-31,13.83,16.55,13.46,16.12
2019-08-01,15.41,19.46,13.73,17.87
2019-08-02,17.69,20.11,17.04,17.61
2019-08-05,19.96,24.81,19.91,24.59
2019-08-06,22.29,22.87,19.77,20.17
2019-08-07,20.7,23.67,18.94,19.49
2019-08-08,19.36,19.89,16.82,16.91
2019-08-09,18.14,19.44,17.31,17.97
2019-08-12,17.87,21.26,17.77,21.09
2019-08-13,21.28,21.64,17.52,17.52
2019-08-14,17.81,22.71,17.75,22.1
2019-08-15,21.58,24.1,20.78,21.18
2019-08-16,20.48,20.5,18.41,18.47
2019-08-19,17.93,18.22,16.52,16.88
2019-08-20,16.78,17.7,16.45,17.5
2019-08-21,17.01,17.04,15.51,15.8
2019-08-22,16.12,17.68,15.63,16.68
2019-08-23,16.15,21.07,16.04,19.87
2019-08-26,20.34,21.33,19.06,19.32
2019-08-27,20.18,21.04,18.49,20.31
2019-08-28,20.55,21.64,19.1,19.35
2019-08-29,19.02,19.2,17.6,17.88
2019-08-30,17.94,19.18,17.09,18.98
2019-09-03,20.96,21.15,19.41,19.66
2019-09-04,18.23,18.83,17.26,17.33
2019-09-05,16.92,17.05,15.45,16.27
2019-09-06,15.92,16.06,14.91,15.0
2019-09-09,15.26,16.13,14.95,15.27
2019-09-10,15.53,16.52,15.11,15.2
2019-09-11,15.33,15.52,14.55,14.61
2019-09-12,14.69,14.94,13.85,14.22
2019-09-13,14.16,14.31,13.51,13.74
2019-09-16,14.89,15.29,14.5,14.67
2019-09-17,14.92,15.03,14.4,14.44
2019-09-18,14.61,15.8,13.8,13.95
2019-09-19,14.66,14.66,13.31,14.05
2019-09-20,13.94,15.84,13.35,15.32
2019-09-23,15.35,16.0,14.71,14.91
2019-09-24,14.77,17.62,14.33,17.05
2019-09-25,17.05,18.45,15.69,15.96
2019-09-26,16.23,17.09,15.35,16.07
2019-09-27,15.77,18.69,15.15,17.22
2019-09-30,17.23,17.35,16.2,16.24
2019-10-01,16.02,18.62,15.79,18.56
2019-10-02,18.75,21.46,18.75,20.56
2019-10-03,20.11,21.44,19.03,19.12
2019-10-04,19.42,19.97,16.97,17.04
2019-10-07,18.27,18.52,16.44,17.86
2019-10-08,17.61,20.38,17.42,20.28
2019-10-09,19.94,20.0,17.77,18.64
2019-10-10,19.28,19.8,17.56,17.57
2019-10-11,17.35,17.44,15.11,15.58
2019-10-14,15.66,16.5,14.51,14.57
2019-10-15,13.94,14.43,13.39,13.54
2019-10-16,13.94,14.26,13.6,13.68
2019-10-17,13.79,14.18,13.31,13.79
2019-10-18,14.2,15.16,13.78,14.25
2019-10-21,14.24,14.63,14.0,14.0
2019-10-22,13.99,14.61,13.7,14.46
2019-10-23,14.83,15.12,14.01,14.01
2019-10-24,13.98,14.34,13.4,13.71
2019-10-25,13.53,13.79,12.62,12.65
2019-10-28,13.01,13.14,12.66,13.11
2019-10-29,13.16,13.52,13.07,13.2
2019-10-30,13.23,13.77,12.27,12.33
2019-10-31,12.21,13.95,12.19,13.22
2019-11-01,12.99,13.12,12.25,12.3
2019-11-04,12.68,13.13,12.44,12.83
2019-11-05,12.85,13.28,12.25,13.1
2019-11-06,13.18,13.39,12.6,12.62
2019-11-07,12.59,12.89,12.26,12.73
2019-11-08,12.98,13.05,12.0,12.07
2019-11-11,13.15,13.49,12.66,12.69
2019-11-12,12.64,13.1,12.36,12.68
2019-11-13,12.91,13.9,12.88,13.0
2019-11-14,13.16,13.81,12.93,13.05
2019-11-15,12.95,12.97,11.92,12.05
2019-11-18,12.39,13.1,12.32,12.46
2019-11-19,12.33,13.01,12.16,12.86
2019-11-20,13.42,14.17,12.61,12.78
2019-11-21,13.35,13.86,12.49,13.13
2019-11-22,12.82,13.25,12.33,12.34
2019-11-25,12.51,12.59,11.73,11.87
2019-11-26,11.88,12.04,11.42,11.54
2019-11-27,11.55,11.79,11.44,11.75
2019-11-29,12.5,12.83,12.12,12.62
2019-12-02,12.69,15.27,12.55,14.91
2019-12-03,14.68,17.99,14.61,15.96
2019-12-04,16.38,16.4,14.12,14.8
2019-12-05,14.46,15.37,14.17,14.52
2019-12-06,14.37,14.47,13.19,13.62
2019-12-09,14.25,16.07,12.25,15.86
2019-12-10,15.8,16.9,14.93,15.68
2019-12-11,15.57,15.97,14.98,14.99
2019-12-12,14.94,15.55,13.6,13.94
2019-12-13,13.18,14.35,12.54,12.63
2019-12-16,12.47,12.53,11.71,12.14
2019-12-17,12.23,12.47,11.9,12.29
2019-12-18,12.24,12.7,11.93,12.58
2019-12-19,12.55,12.78,12.43,12.5
2019-12-20,12.55,12.61,12.04,12.51
2019-12-23,12.81,12.9,12.41,12.61
2019-12-24,12.65,12.84,12.56,12.67
2019-12-26,12.74,12.75,11.72,12.65
2019-12-27,12.61,13.72,11.89,13.43
2019-12-30,13.74,15.14,13.44,14.82
2019-12-31,14.84,15.39,13.75,13.78
2020-01-02,13.46,13.72,12.42,12.47
2020-01-03,15.01,16.2,13.13,14.02
2020-01-06,15.45,16.39,13.54,13.85
2020-01-07,13.84,14.46,13.39,13.79
2020-01-08,15.16,15.24,12.83,13.45
2020-01-09,12.95,13.24,12.53,12.54
2020-01-10,12.42,12.87,12.09,12.56
2020-01-13,12.84,13.09,12.32,12.32
2020-01-14,12.72,13.82,12.05,12.39
2020-01-15,12.79,12.83,11.95,12.42
2020-01-16,12.2,12.42,11.78,12.32
2020-01-17,12.21,12.48,11.75,12.1
2020-01-21,13.23,13.33,12.32,12.85
2020-01-22,12.45,13.01,12.31,12.91
2020-01-23,13.26,14.15,12.94,12.98
2020-01-24,12.75,15.98,12.62,14.56
2020-01-27,17.42,19.02,16.82,18.23
2020-01-28,16.94,18.03,15.69,16.28
2020-01-29,15.68,16.65,14.94,16.39
2020-01-30,17.82,18.39,15.3,15.49
2020-01-31,16.25,19.99,16.18,18.84
2020-02-03,18.64,18.88,17.1,17.97
2020-02-04,16.45,16.46,15.63,16.05
2020-02-05,16.29,16.32,15.02,15.15
2020-02-06,15.13,15.66,14.7,14.96
2020-02-07,15.07,16.16,14.81,15.47
2020-02-10,15.88,16.43,15.01,15.04
2020-02-11,14.91,15.27,14.38,15.18
2020-02-12,14.86,14.88,13.73,13.74
2020-02-13,14.43,15.44,14.0,14.15
2020-02-14,14.12,14.54,13.38,13.68
2020-02-18,14.98,15.49,14.53,14.83
2020-02-19,14.66,14.74,14.21,14.38
2020-02-20,14.54,17.21,14.49,15.56
2020-02-21,17.33,18.21,16.19,17.08
2020-02-24,22.25,26.35,22.0,25.03
2020-02-25,22.19,30.25,22.19,27.85
2020-02-26,26.63,29.57,24.76,27.56
2020-02-27,28.95,39.31,27.79,39.16
2020-02-28,42.02,49.48,39.37,40.11
2020-03-02,34.86,43.77,31.5,33.42
2020-03-03,33.64,41.06,24.93,36.82
2020-03-04,34.44,35.58,30.3,31.99
2020-03-05,33.61,42.84,33.54,39.62
2020-03-06,41.46,54.39,40.84,41.94
2020-03-09,41.94,62.12,41.94,54.46
2020-03-10,49.68,55.66,43.56,47.3
2020-03-11,52.24,55.82,49.98,53.9
2020-03-12,61.46,76.83,59.91,75.47
2020-03-13,71.31,77.57,55.17,57.83
2020-03-16,57.83,83.56,57.83,82.69
2020-03-17,82.69,84.83,70.37,75.91
2020-03-18,69.37,85.47,69.37,76.45
2020-03-19,80.62,84.26,68.57,72.0
2020-03-20,67.86,69.51,57.42,66.04
2020-03-23,74.08,76.74,60.46,61.59
2020-03-24,58.76,61.88,36.24,61.67
2020-03-25,61.44,68.86,58.03,63.95
2020-03-26,65.67,67.06,57.66,61.0
2020-03-27,64.95,69.1,61.8,65.54
2020-03-30,66.3,67.69,56.6,57.08
2020-03-31,56.69,58.75,50.88,53.54
2020-04-01,57.38,60.59,52.76,57.06
2020-04-02,54.46,57.24,50.45,50.91
2020-04-03,51.11,52.29,46.74,46.8
2020-04-06,44.17,45.73,43.45,45.24
2020-04-07,44.83,47.51,43.51,46.7
2020-04-08,45.9,47.28,42.53,43.35
2020-04-09,43.0,45.73,41.39,41.67
2020-04-13,44.6,45.04,41.17,41.17
2020-04-14,40.24,40.57,37.31,37.76
2020-04-15,39.4,43.23,39.34,40.84
2020-04-16,41.92,43.02,39.87,40.11
2020-04-17,39.5,40.26,37.63,38.15
2020-04-20,40.68,43.83,39.88,43.83
2020-04-21,44.28,47.77,43.77,45.41
2020-04-22,44.91,45.07,41.41,41.98
2020-04-23,41.3,42.47,39.06,41.38
2020-04-24,41.91,42.08,35.6,35.93
2020-04-27,36.29,36.44,32.51,33.29
2020-04-28,33.21,35.39,30.54,33.57
2020-04-29,32.48,33.19,30.71,31.23
2020-04-30,30.99,35.94,30.93,34.15
2020-05-01,38.17,39.57,36.59,37.19
2020-05-04,39.13,40.32,35.53,35.97
2020-05-05,34.82,36.22,31.95,33.61
2020-05-06,32.69,35.69,31.68,34.12
2020-05-07,32.12,32.28,30.37,31.44
2020-05-08,30.14,30.39,27.89,27.98
2020-05-11,28.46,31.46,26.97,27.57
2020-05-12,28.47,33.04,26.0,33.04
2020-05-13,32.74,37.42,30.77,35.28
2020-05-14,35.16,39.28,32.33,32.61
2020-05-15,32.5,35.13,31.04,31.89
2020-05-18,30.71,31.08,28.35,29.3
2020-05-19,28.73,30.74,28.37,30.53
2020-05-20,29.52,29.83,27.83,27.99
2020-05-21,28.97,30.2,27.67,29.53
2020-05-22,31.36,31.55,28.03,28.16
2020-05-26,27.72,28.58,27.18,28.01
2020-05-27,27.62,30.53,25.92,27.62
2020-05-28,27.82,29.89,27.43,28.59
2020-05-29,29.3,30.16,27.29,27.51
2020-06-01,28.94,30.6,28.11,28.23
2020-06-02,28.4,28.52,26.66,26.84
2020-06-03,26.75,26.98,25.04,25.66
2020-06-04,26.23,26.43,24.38,25.81
2020-06-05,24.79,25.09,23.54,24.52
2020-06-08,25.56,25.98,24.65,25.81
2020-06-09,25.93,27.7,25.71,27.57
2020-06-10,26.73,29.01,26.06,27.57
2020-06-11,30.45,42.58,29.49,40.79
2020-06-12,37.68,44.16,34.97,36.09
2020-06-15,44.09,44.44,34.28,34.4
2020-06-16,34.28,37.45,31.73,33.67
2020-06-17,33.28,35.17,32.25,33.47
2020-06-18,33.83,36.25,32.24,32.94
2020-06-19,32.07,35.12,30.4,35.12
2020-06-22,35.22,35.39,31.64,31.77
2020-06-23,31.71,31.71,29.26,31.37
2020-06-24,31.05,37.12,30.95,33.84
2020-06-25,36.59,36.93,31.59,32.22
2020-06-26,33.01,36.25,31.04,34.73
2020-06-29,35.05,36.31,31.78,31.78
2020-06-30,32.54,32.94,29.56,30.43
2020-07-01,30.96,31.76,28.2,28.62
2020-07-02,28.33,28.44,25.9,27.68
2020-07-06,27.76,28.33,24.92,27.94
2020-07-07,28.77,29.63,27.25,29.43
2020-07-08,28.95,30.2,27.24,28.08
2020-07-09,28.18,31.48,26.11,29.26
2020-07-10,30.86,30.91,27.13,27.29
2020-07-13,27.85,32.45,26.87,32.19
2020-07-14,31.14,33.67,29.21,29.52
2020-07-15,29.15,30.09,27.17,27.76
2020-07-16,28.41,29.29,26.98,28.0
2020-07-17,27.15,27.54,25.41,25.68
2020-07-20,26.94,27.08,24.35,24.46
2020-07-21,24.08,25.65,23.61,24.84
2020-07-22,24.56,26.26,24.13,24.32
2020-07-23,23.97,26.95,23.6,26.08
2020-07-24,27.96,28.58,25.53,25.84
2020-07-27,26.6,26.94,24.55,24.74
2020-07-28,24.86,25.85,24.05,25.44
2020-07-29,25.16,25.42,23.73,24.1
2020-07-30,25.04,28.29,24.64,24.76
2020-07-31,24.79,26.41,23.55,24.46
2020-08-03,25.75,26.01,22.17,24.28
2020-08-04,24.01,24.76,22.92,23.76
2020-08-05,23.44,23.61,22.86,22.99
2020-08-06,23.03,24.11,20.97,22.65
2020-08-07,23.45,24.02,22.02,22.21
2020-08-10,22.88,23.52,21.46,22.13
2020-08-11,21.85,24.93,20.28,24.03
2020-08-12,22.82,22.88,21.54,22.28
2020-08-13,22.2,22.92,21.45,22.13
2020-08-14,22.27,23.55,21.79,22.05
2020-08-17,22.52,22.82,21.34,21.35
2020-08-18,21.69,22.55,21.18,21.51
2020-08-19,21.6,22.98,20.99,22.54
2020-08-20,24.1,24.6,22.37,22.72
2020-08-21,22.58,24.47,22.06,22.54
2020-08-24,22.87,23.18,21.25,22.37
2020-08-25,22.16,23.43,21.53,22.03
2020-08-26,22.14,23.27,20.92,23.27
2020-08-27,23.42,27.09,21.44,24.47
2020-08-28,24.59,26.3,22.64,22.96
2020-08-31,23.91,26.5,21.77,26.41
2020-09-01,25.86,26.59,25.02,26.12
2020-09-02,26.01,27.07,25.53,26.57
2020-09-03,26.28,35.94,25.66,33.6
2020-09-04,34.62,38.28,29.5,30.75
2020-09-08,30.61,35.93,30.52,31.46
2020-09-09,31.68,31.78,28.12,28.81
2020-09-10,28.67,30.56,27.59,29.71
2020-09-11,28.63,29.73,26.51,26.87
2020-09-14,25.86,26.79,25.38,25.85
2020-09-15,25.92,26.0,24.92,25.59
2020-09-16,25.31,26.59,24.84,26.04
2020-09-17,28.22,28.92,26.26,26.46
2020-09-18,26.65,28.1,25.28,25.83
2020-09-21,28.04,31.18,27.39,27.78
2020-09-22,28.61,28.78,26.48,26.86
2020-09-23,27.02,29.73,25.19,28.58
2020-09-24,29.54,30.49,27.94,28.51
2020-09-25,28.17,30.43,26.02,26.38
2020-09-28,27.15,27.19,24.9,26.19
2020-09-29,26.81,27.43,25.98,26.27
2020-09-30,26.69,27.12,25.06,26.37
2020-10-01,25.78,27.11,25.33,26.7
2020-10-02,28.87,29.9,26.93,27.63
2020-10-05,29.52,29.69,27.27,27.96
2020-10-06,28.05,30.0,26.01,29.48
2020-10-07,29.26,29.76,27.94,28.06
2020-10-08,27.65,27.99,24.88,26.36
2020-10-09,26.2,26.22,24.03,25.0
2020-10-12,25.65,25.65,24.14,25.07
2020-10-13,25.67,26.93,25.16,26.07
2020-10-14,25.72,27.23,25.53,26.4
2020-10-15,27.1,29.06,26.82,26.97
2020-10-16,27.16,27.46,26.19,27.41
2020-10-19,27.36,29.69,27.04,29.18
2020-10-20,28.81,29.6,28.29,29.35
2020-10-21,29.12,30.55,28.37,28.65
2020-10-22,30.1,30.12,27.68,28.11
2020-10-23,28.47,28.67,27.26,27.55
2020-10-26,29.38,33.68,29.22,32.46
2020-10-27,32.04,33.77,31.85,33.35
2020-10-28,34.69,40.77,34.68,40.28
2020-10-29,38.8,41.16,35.63,37.59
2020-10-30,40.81,41.09,36.5,38.02
2020-11-02,38.57,38.78,36.13,37.13
2020-11-03,36.44,36.44,34.19,35.55
2020-11-04,36.79,36.85,28.03,29.57
2020-11-05,27.56,28.14,26.04,27.58
2020-11-06,27.87,29.44,24.56,24.86
2020-11-09,24.8,25.82,22.41,25.75
2020-11-10,25.36,26.77,24.35,24.8
2020-11-11,25.01,25.12,22.57,23.45
2020-11-12,24.39,27.27,23.53,25.35
2020-11-13,24.94,25.03,22.74,23.1
2020-11-16,23.66,24.08,22.43,22.45
2020-11-17,22.84,24.09,22.34,22.71
2020-11-18,22.86,23.92,21.66,23.84
2020-11-19,23.62,24.52,22.56,23.11
2020-11-20,23.43,23.73,22.13,23.7
2020-11-23,23.66,23.96,22.45,22.66
2020-11-24,22.04,22.48,20.8,21.64
2020-11-25,21.65,22.5,21.13,21.25
2020-11-27,21.52,21.6,19.51,20.84
2020-11-30,22.64,22.89,20.48,20.57
2020-12-01,20.21,20.92,20.0,20.77
2020-12-02,21.0,21.25,20.04,21.17
2020-12-03,21.24,21.88,20.72,21.28
2020-12-04,21.05,21.15,19.97,20.79
2020-12-07,22.04,22.62,21.17,21.3
2020-12-08,21.65,22.25,20.52,20.68
2020-12-09,20.66,22.93,20.1,22.27
2020-12-10,22.12,23.46,21.53,22.52
2020-12-11,22.49,25.14,22.48,23.31
2020-12-14,22.67,24.82,21.95,24.72
2020-12-15,24.0,24.07,22.73,22.89
2020-12-16,22.51,23.67,22.29,22.5
2020-12-17,21.98,22.27,21.52,21.93
2020-12-18,22.15,23.77,21.57,21.57
2020-12-21,24.25,31.46,24.23,25.16
2020-12-22,25.24,25.56,23.53,24.23
2020-12-23,23.49,23.68,22.13,23.31
2020-12-24,22.47,22.83,21.39,21.53
2020-12-28,22.11,22.12,21.15,21.7
2020-12-29,21.61,23.72,20.99,23.08
2020-12-30,22.58,23.15,22.41,22.77
2020-12-31,22.99,23.25,21.24,22.75
2021-01-04,23.04,29.19,22.56,26.97
2021-01-05,26.94,28.6,24.8,25.34
2021-01-06,25.48,26.77,22.14,25.07
2021-01-07,23.67,23.91,22.25,22.37
2021-01-08,22.43,23.34,21.42,21.56
2021-01-11,23.31,24.81,23.23,24.08
2021-01-12,23.49,25.15,22.83,23.33
2021-01-13,23.07,24.18,21.92,22.21
2021-01-14,22.22,23.47,21.66,23.25
2021-01-15,23.52,25.8,23.08,24.34
2021-01-19,23.03,23.56,22.53,23.24
2021-01-20,22.82,22.86,21.37,21.58
2021-01-21,21.34,22.22,21.09,21.32
2021-01-22,22.24,23.73,21.27,21.91
2021-01-25,22.31,26.63,22.2,23.19
2021-01-26,23.91,23.94,22.55,23.02
2021-01-27,23.82,37.21,23.71,37.21
2021-01-28,33.25,36.29,27.39,30.21
2021-01-29,35.16,37.51,29.24,33.09
2021-02-01,31.45,33.96,29.03,30.24
2021-02-02,28.01,28.08,25.31,25.56
2021-02-03,24.59,25.43,22.91,22.91
2021-02-04,23.44,23.44,21.68,21.77
2021-02-05,21.99,22.16,20.86,20.87
2021-02-08,21.89,22.07,21.23,21.24
2021-02-09,21.57,22.26,20.65,21.63
2021-02-10,21.64,23.85,19.69,21.99
2021-02-11,22.09,23.25,21.11,21.25
2021-02-12,21.6,22.45,19.95,19.97
2021-02-16,21.13,22.46,20.88,21.46
2021-02-17,22.02,23.44,21.09,21.5
2021-02-18,21.98,24.23,21.8,22.49
2021-02-19,23.1,23.19,20.84,22.05
2021-02-22,24.46,25.09,21.96,23.45
2021-02-23,22.82,27.01,22.5,23.11
2021-02-24,23.76,25.04,21.31,21.34
2021-02-25,21.73,31.16,21.52,28.89
2021-02-26,28.73,30.82,25.23,27.95
2021-03-01,25.2,25.39,23.17,23.35
2021-03-02,23.58,24.6,22.8,24.1
2021-03-03,22.8,26.79,22.45,26.67
2021-03-04,26.52,31.9,24.93,28.57
2021-03-05,29.48,30.03,24.33,24.66
2021-03-08,27.61,28.39,24.07,25.47
2021-03-09,25.11,25.25,22.9,24.03
2021-03-10,23.76,23.87,22.38,22.56
2021-03-11,22.5,22.5,21.45,21.91
2021-03-12,22.57,22.99,20.63,20.69
2021-03-15,21.84,21.86,19.87,20.03
2021-03-16,20.14,20.31,19.33,19.79
2021-03-17,20.1,20.95,19.18,19.23
2021-03-18,18.95,22.6,18.95,21.58
2021-03-19,21.43,23.17,19.9,20.95
2021-03-22,21.91,22.29,18.87,18.88
2021-03-23,19.46,21.58,18.8,20.3
2021-03-24,20.64,21.49,19.3,21.2
2021-03-25,20.8,23.55,19.81,19.81
2021-03-26,19.32,21.49,18.68,18.86
2021-03-29,20.4,21.6,19.42,20.74
2021-03-30,20.76,21.75,19.47,19.61
2021-03-31,19.8,20.11,18.85,19.4
2021-04-01,18.6,18.64,17.29,17.33
2021-04-05,18.16,18.4,17.35,17.91
2021-04-06,18.07,18.3,17.37,18.12
2021-04-07,17.99,18.17,16.87,17.16
2021-04-08,16.92,17.36,16.55,16.95
2021-04-09,17.05,17.34,16.2,16.69
2021-04-12,17.43,17.91,16.81,16.91
2021-04-13,16.99,17.86,16.43,16.65
2021-04-14,16.71,17.69,15.38,16.99
2021-04-15,16.78,16.92,15.94,16.57
2021-04-16,16.65,16.88,16.05,16.25
2021-04-19,17.04,18.61,16.78,17.29
2021-04-20,17.36,19.7,17.24,18.68
2021-04-21,18.48,19.29,16.91,17.5
2021-04-22,17.28,19.9,16.99,18.71
2021-04-23,18.56,18.78,16.8,17.33
2021-04-26,17.94,18.17,16.87,17.64
2021-04-27,17.62,18.16,16.97,17.56
2021-04-28,17.47,17.84,16.67,17.28
2021-04-29,16.88,18.87,16.77,17.61
2021-04-30,17.67,19.25,17.64,18.61
2021-05-03,18.65,19.12,17.8,18.31
2021-05-04,18.16,21.85,18.11,19.48
2021-05-05,18.84,19.58,17.89,19.15
2021-05-06,18.41,20.6,18.21,18.39
2021-05-07,18.45,18.57,16.68,16.69
2021-05-10,17.34,19.75,17.07,19.66
2021-05-11,21.17,23.73,20.71,21.84
2021-05-12,22.42,28.38,21.66,27.59
2021-05-13,26.03,28.93,22.23,23.13
2021-05-14,21.77,22.1,18.66,18.81
2021-05-17,19.89,21.58,19.67,19.72
2021-05-18,18.89,21.45,18.81,21.34
2021-05-19,22.46,25.96,21.88,22.18
2021-05-20,22.33,23.5,20.19,20.67
2021-05-21,20.42,20.89,19.53,20.15
2021-05-24,20.5,20.51,18.38,18.4
2021-05-25,18.35,19.29,16.87,18.84
2021-05-26,18.37,18.92,17.35,17.36
2021-05-27,18.03,18.17,16.52,16.74
2021-05-28,16.8,16.86,15.9,16.76
2021-06-01,17.24,18.53,15.68,17.9
2021-06-02,17.86,18.31,16.74,17.48
2021-06-03,17.73,19.27,17.45,18.04
2021-06-04,18.09,18.42,16.18,16.42
2021-06-07,17.34,17.35,15.78,16.42
2021-06-08,16.58,17.75,15.15,17.07
2021-06-09,17.18,17.96,15.55,17.89
2021-06-10,18.18,18.29,16.01,16.1
2021-06-11,16.18,16.2,15.15,15.65
2021-06-14,16.04,17.04,15.04,16.39
2021-06-15,16.27,17.35,16.14,17.02
2021-06-16,16.99,19.11,16.42,18.15
2021-06-17,18.49,19.22,16.71,17.75
2021-06-18,16.96,21.04,16.92,20.7
2021-06-21,21.74,21.82,17.81,17.89
2021-06-22,17.91,18.32,15.76,16.66
2021-06-23,16.25,16.84,14.86,16.32
2021-06-24,15.99,16.05,14.19,15.97
2021-06-25,16.04,16.17,15.21,15.62
2021-06-28,16.07,16.46,15.39,15.76
2021-06-29,15.69,16.31,14.1,16.02
2021-06-30,16.18,17.31,15.58,15.83
2021-07-01,15.62,16.01,15.31,15.48
2021-07-02,15.53,15.54,14.25,15.07
2021-07-06,15.77,17.94,15.73,16.44
2021-07-07,16.43,17.64,16.08,16.2
2021-07-08,17.74,21.29,17.74,19.0
2021-07-09,17.88,18.13,16.08,16.18
2021-07-12,16.85,17.52,16.14,16.17
2021-07-13,16.39,17.23,15.94,17.12
2021-07-14,17.34,17.51,15.95,16.33
2021-07-15,16.7,18.09,16.56,17.01
2021-07-16,16.8,18.7,16.03,18.45
2021-07-19,19.61,25.09,19.27,22.5
2021-07-20,20.89,22.97,19.37,19.73
2021-07-21,19.73,19.82,17.81,17.91
2021-07-22,17.59,18.45,17.4,17.69
2021-07-23,16.98,17.48,16.33,17.2
2021-07-26,18.67,19.39,17.53,17.58
2021-07-27,18.62,20.44,18.25,19.36
2021-07-28,19.41,19.62,17.52,18.31
2021-07-29,17.91,18.01,17.19,17.7
2021-07-30,19.69,19.72,17.53,18.24
2021-08-02,18.16,19.87,17.99,19.46
2021-08-03,19.17,20.44,17.7,18.04
2021-08-04,18.23,18.9,17.67,17.97
2021-08-05,17.73,17.84,17.23,17.28
2021-08-06,17.46,17.5,16.14,16.15
2021-08-09,17.12,17.39,16.59,16.72
2021-08-10,16.82,17.05,16.34,16.79
2021-08-11,16.81,17.09,15.87,16.06
2021-08-12,16.33,16.42,15.49,15.59
2021-08-13,15.68,15.72,15.19,15.45
2021-08-16,17.05,17.71,16.02,16.12
2021-08-17,17.31,19.56,16.71,17.91
2021-08-18,17.56,21.64,17.31,21.57
2021-08-19,23.12,24.74,20.37,21.67
2021-08-20,22.74,23.9,18.18,18.56
2021-08-23,18.83,18.95,16.95,17.15
2021-08-24,16.96,17.51,16.94,17.22
2021-08-25,17.42,17.5,16.46,16.79
2021-08-26,17.46,19.27,17.16,18.84
2021-08-27,17.95,18.22,16.11,16.39
2021-08-30,16.77,16.8,15.98,16.19
2021-08-31,15.98,17.07,15.91,16.48
2021-09-01,16.06,16.71,15.68,16.11
2021-09-02,16.27,16.98,15.73,16.41
2021-09-03,16.27,17.06,16.08,16.41
2021-09-07,16.94,18.39,16.89,18.14
2021-09-08,18.97,19.64,17.78,17.96
2021-09-09,19.44,19.54,17.17,18.8
2021-09-10,17.94,21.13,16.99,20.95
2021-09-13,19.64,21.18,18.76,19.37
2021-09-14,19.58,20.47,18.39,19.46
2021-09-15,19.3,20.27,18.01,18.18
2021-09-16,18.41,19.76,17.65,18.69
2021-09-17,18.37,21.51,18.35,20.81
2021-09-20,24.25,28.79,23.9,25.71
2021-09-21,23.41,25.6,21.71,24.36
2021-09-22,22.72,23.4,20.75,20.87
2021-09-23,19.91,20.21,18.42,18.63
2021-09-24,19.33,20.41,17.63,17.75
2021-09-27,17.78,19.32,17.74,18.76
2021-09-28,19.74,24.82,19.71,23.25
2021-09-29,22.07,23.79,21.45,22.56
2021-09-30,21.48,24.71,20.6,23.14
2021-10-01,24.78,24.89,20.64,21.15
2021-10-04,22.9,24.58,21.88,22.96
2021-10-05,22.92,23.17,20.62,21.3
2021-10-06,22.95,24.4,20.99,21.0
2021-10-07,20.54,20.76,19.07,19.54
2021-10-08,19.46,19.94,18.2,18.77
2021-10-11,19.93,20.45,18.11,20.0
2021-10-12,20.62,20.81,18.97,19.85
2021-10-13,20.14,20.23,18.44,18.64
2021-10-14,18.01,18.08,16.8,16.86
2021-10-15,16.64,16.85,15.72,16.3
2021-10-18,17.29,17.93,16.27,16.31
2021-10-19,16.09,16.31,15.57,15.7
2021-10-20,15.82,15.89,15.29,15.49
2021-10-21,16.06,16.11,14.92,15.01
2021-10-22,15.35,16.39,14.84,15.43
2021-10-25,16.14,16.33,15.1,15.24
2021-10-26,15.02,16.71,14.9,15.98
2021-10-27,15.79,17.29,15.54,16.98
2021-10-28,17.06,17.16,16.23,16.53
2021-10-29,17.4,18.06,16.13,16.26
2021-11-01,16.85,17.7,16.32,16.41
2021-11-02,16.54,16.65,15.89,16.03
2021-11-03,16.11,16.39,14.9,15.1
2021-11-04,15.06,16.14,14.73,15.44
2021-11-05,15.59,17.02,14.95,16.48
2021-11-08,17.23,17.69,16.44,17.22
2021-11-09,17.43,18.57,17.21,17.78
2021-11-10,17.74,19.9,17.22,18.73
2021-11-11,18.34,18.39,17.27,17.66
2021-11-12,17.49,17.69,16.15,16.29
2021-11-15,17.03,17.46,16.49,16.49
2021-11-16,16.86,17.08,16.03,16.37
2021-11-17,16.36,17.19,16.28,17.11
2021-11-18,16.81,18.15,16.38,17.59
2021-11-19,17.36,19.01,17.23,17.91
2021-11-22,18.2,19.59,17.35,19.17
2021-11-23,20.24,20.91,19.03,19.38
2021-11-24,19.17,20.96,18.52,18.58
2021-11-26,26.62,28.99,23.88,28.62
2021-11-29,25.31,25.69,21.71,22.96
2021-11-30,26.23,28.56,23.71,27.19
2021-12-01,24.92,32.61,22.38,31.12
2021-12-02,29.44,30.68,27.15,27.95
2021-12-03,26.95,35.32,25.89,30.67
2021-12-06,28.99,30.82,26.75,27.18
2021-12-07,24.58,24.69,21.58,21.89
2021-12-08,21.74,23.11,19.85,19.9
2021-12-09,20.31,22.12,19.94,21.58
2021-12-10,21.27,21.3,18.69,18.69
2021-12-13,19.29,21.18,18.96,20.31
2021-12-14,19.67,23.0,19.67,21.89
2021-12-15,21.6,23.47,19.02,19.29
2021-12-16,18.56,22.13,18.19,20.57
2021-12-17,20.7,23.26,20.49,21.57
2021-12-20,25.89,27.39,22.85,22.87
2021-12-21,22.28,22.68,20.9,21.01
2021-12-22,21.04,21.36,18.59,18.63
2021-12-23,18.81,18.93,17.62,17.96
2021-12-27,19.37,19.41,17.55,17.68
2021-12-28,17.78,18.47,17.51,17.54
2021-12-29,17.63,18.0,16.71,16.95
2021-12-30,17.3,17.79,16.62,17.33
2021-12-31,17.63,18.27,16.99,17.22
2022-01-03,17.6,18.54,16.56,16.6
2022-01-04,16.57,17.81,16.34,16.91
2022-01-05,17.07,20.17,16.58,19.73
2022-01-06,20.29,21.06,19.08,19.61
2022-01-07,19.85,20.8,18.57,18.76
2022-01-10,19.58,23.33,19.29,19.4
2022-01-11,19.62,21.0,18.2,18.41
2022-01-12,18.17,18.69,17.36,17.62
2022-01-13,18.06,20.61,17.45,20.31
2022-01-14,20.11,22.07,19.05,19.19
2022-01-18,21.18,23.2,21.18,22.79
2022-01-19,23.12,23.99,21.85,23.85
2022-01-20,23.46,25.89,21.68,25.59
2022-01-21,25.38,29.79,25.31,28.85
2022-01-24,28.2,38.94,28.02,29.9
2022-01-25,32.29,35.85,29.13,31.16
2022-01-26,29.35,33.04,26.9,31.96
2022-01-27,32.19,33.0,28.42,30.49
2022-01-28,30.27,32.82,27.28,27.66
2022-01-31,28.36,29.41,24.71,24.83
2022-02-01,24.57,25.33,21.96,21.96
2022-02-02,21.56,22.73,20.46,22.09
2022-02-03,22.63,25.81,22.3,24.35
2022-02-04,23.77,26.26,22.07,23.22
2022-02-07,24.09,24.82,22.02,22.86
2022-02-08,23.09,23.48,21.32,21.44
2022-02-09,21.27,21.3,19.93,19.96
2022-02-10,20.37,24.77,20.18,23.91
2022-02-11,24.39,30.99,23.33,27.36
2022-02-14,29.17,32.04,28.33,28.33
2022-02-15,28.09,28.09,25.33,25.7
2022-02-16,25.19,27.09,23.88,24.29
2022-02-17,24.83,28.37,24.76,28.11
2022-02-18,26.66,29.71,26.38,27.75
2022-02-22,31.8,32.04,28.4,28.81
2022-02-23,28.04,31.07,27.2,31.02
2022-02-24,37.5,37.79,29.45,30.32
2022-02-25,31.68,32.0,26.93,27.59
2022-02-28,32.44,33.51,28.43,30.15
2022-03-01,29.45,35.19,29.44,33.32
2022-03-02,34.2,34.41,30.12,30.74
2022-03-03,30.52,32.01,29.31,30.48
2022-03-04,31.9,34.65,31.47,31.98
2022-03-07,35.88,36.55,32.59,36.45
2022-03-08,36.19,37.52,32.78,35.13
2022-03-09,33.74,34.12,31.39,32.45
2022-03-10,33.03,34.03,30.23,30.23
2022-03-11,30.43,31.04,28.84,30.75
2022-03-14,31.03,33.18,30.06,31.77
2022-03-15,33.13,33.83,29.57,29.83
2022-03-16,29.02,29.8,26.29,26.67
2022-03-17,26.51,27.47,25.25,25.67
2022-03-18,26.36,26.82,23.85,23.87
2022-03-21,25.14,25.36,22.99,23.53
2022-03-22,24.02,24.02,22.7,22.94
2022-03-23,23.04,24.03,22.64,23.57
2022-03-24,23.61,23.79,21.49,21.67
2022-03-25,21.87,22.86,20.8,20.81
2022-03-28,22.14,23.33,19.54,19.63
2022-03-29,19.7,19.73,18.67,18.9
2022-03-30,19.38,20.51,18.72,19.33
2022-03-31,19.68,21.48,19.54,20.56
2022-04-01,20.62,20.86,19.41,19.63
2022-04-04,20.75,20.78,18.45,18.57
2022-04-05,18.79,21.57,18.55,21.03
2022-04-06,21.27,24.78,21.24,22.1
2022-04-07,21.97,23.82,21.12,21.55
2022-04-08,21.25,22.34,20.28,21.16
2022-04-11,23.09,24.42,22.09,24.37
2022-04-12,24.94,25.38,22.27,24.26
2022-04-13,23.52,24.45,21.37,21.82
2022-04-14,21.72,22.7,20.85,22.7
2022-04-18,24.52,24.6,21.98,22.17
2022-04-19,22.55,22.92,20.36,21.37
2022-04-20,21.13,21.32,19.75,20.32
2022-04-21,20.24,23.28,19.81,22.68
2022-04-22,22.71,28.27,22.62,28.21
2022-04-25,30.04,31.6,26.8,27.02
2022-04-26,27.38,33.81,27.06,33.52
2022-04-27,31.11,32.77,29.82,31.6
2022-04-28,29.91,32.0,28.0,29.99
2022-04-29,28.97,34.34,28.54,33.4
2022-05-02,33.35,36.64,31.74,32.34
2022-05-03,31.76,32.82,29.06,29.25
2022-05-04,29.12,29.42,24.94,25.42
2022-05-05,25.97,33.2,25.78,31.2
2022-05-06,32.23,35.34,29.83,30.19
2022-05-09,31.9,35.48,31.9,34.75
2022-05-10,33.66,34.84,32.24,32.99
2022-05-11,32.87,34.39,30.69,32.56
2022-05-12,33.74,34.76,31.7,31.77
2022-05-13,31.09,31.2,28.78,28.87
2022-05-16,30.01,30.23,27.36,27.47
2022-05-17,27.07,27.17,25.51,26.1
2022-05-18,26.74,31.49,26.21,30.96
2022-05-19,31.24,33.11,29.06,29.35
2022-05-20,28.78,32.91,28.06,29.43
2022-05-23,28.98,30.39,28.29,28.48
2022-05-24,29.43,31.07,29.04,29.45
2022-05-25,29.33,30.23,28.16,28.37
2022-05-26,28.42,28.46,27.11,27.5
2022-05-27,27.5,27.54,25.57,25.72
2022-05-30,26.16,26.81,26.08,26.54
2022-05-31,27.47,28.35,25.94,26.19
2022-06-01,26.05,27.73,25.38,25.69
2022-06-02,25.73,26.5,24.33,24.72
2022-06-03,24.91,25.96,24.76,24.79
2022-06-06,25.37,25.81,24.82,25.07
2022-06-07,25.54,26.24,23.88,24.02
2022-06-08,24.37,24.78,23.74,23.96
2022-06-09,24.29,26.24,23.82,26.09
2022-06-10,26.26,29.63,26.05,27.75
2022-06-13,31.37,35.05,31.29,34.02
2022-06-14,33.01,34.0,32.06,32.69
2022-06-15,32.39,32.77,27.76,29.62
2022-06-16,30.35,34.82,30.35,32.95
2022-06-17,32.84,33.31,30.47,31.13
2022-06-20,32.06,32.16,30.98,31.03
2022-06-21,30.63,30.65,29.33,30.19
2022-06-22,31.45,31.57,28.78,28.95
2022-06-23,29.29,29.77,28.74,29.05
2022-06-24,29.07,29.72,26.83,27.23
2022-06-27,28.3,28.66,26.93,26.95
2022-06-28,26.9,28.68,26.47,28.36
2022-06-29,28.8,29.36,27.85,28.16
2022-06-30,29.42,30.22,28.28,28.71
2022-07-01,29.53,29.59,26.69,26.7
2022-07-04,27.96,28.1,27.46,27.53
2022-07-05,27.37,29.82,27.3,27.54
2022-07-06,27.84,28.07,26.43,26.73
2022-07-07,26.73,26.79,25.66,26.08
2022-07-08,26.41,26.61,24.43,24.64
2022-07-11,26.42,26.74,25.79,26.17
2022-07-12,27.14,27.75,25.82,27.29
2022-07-13,27.35,29.06,26.23,26.82
2022-07-14,27.47,28.45,26.2,26.4
2022-07-15,26.72,26.72,24.13,24.23
2022-07-18,24.83,25.91,24.38,25.3
2022-07-19,25.12,25.41,24.23,24.5
2022-07-20,24.23,24.73,23.4,23.88
2022-07-21,24.07,24.67,22.92,23.11
2022-07-22,23.3,23.81,22.41,23.03
2022-07-25,24.33,24.57,23.19,23.36
2022-07-26,23.95,25.31,23.82,24.69
2022-07-27,24.27,24.41,23.02,23.24
2022-07-28,23.33,23.54,22.22,22.33
2022-07-29,22.13,22.16,21.21,21.33
2022-08-01,22.41,23.27,22.26,22.84
2022-08-02,24.08,24.68,22.67,23.93
2022-08-03,23.86,23.92,21.68,21.95
2022-08-04,22.06,22.66,21.44,21.44
2022-08-05,21.5,22.58,20.76,21.15
2022-08-08,21.74,22.01,20.83,21.29
2022-08-09,21.41,22.23,21.41,21.77
2022-08-10,22.28,22.34,19.54,19.74
2022-08-11,19.84,20.85,19.71,20.2
2022-08-12,20.34,20.35,19.12,19.53
2022-08-15,20.74,21.16,19.81,19.95
2022-08-16,20.23,20.39,19.5,19.69
2022-08-17,19.74,20.63,19.41,19.9
2022-08-18,20.51,20.61,19.43,19.56
2022-08-19,20.16,21.27,20.08,20.6
2022-08-22,22.41,24.62,22.39,23.8
2022-08-23,24.13,24.21,23.07,24.11
2022-08-24,24.37,24.86,22.73,22.82
2022-08-25,22.41,23.13,21.77,21.78
2022-08-26,22.07,25.9,21.67,25.56
2022-08-29,26.86,27.67,25.47,26.21
2022-08-30,25.75,27.69,25.13,26.21
2022-08-31,25.86,26.62,25.31,25.87
2022-09-01,26.88,27.45,25.25,25.56
2022-09-02,25.51,26.28,23.19,25.47
2022-09-05,26.51,26.85,25.84,25.99
2022-09-06,25.46,27.8,25.33,26.91
2022-09-07,26.93,27.15,24.54,24.64
2022-09-08,24.7,25.9,23.56,23.61
2022-09-09,23.49,23.57,22.64,22.79
2022-09-12,23.58,24.23,23.16,23.87
2022-09-13,23.67,28.15,23.53,27.27
2022-09-14,26.73,27.56,26.16,26.16
2022-09-15,26.1,26.93,25.42,26.27
2022-09-16,27.47,28.45,26.14,26.3
2022-09-19,27.69,27.95,25.56,25.76
2022-09-20,25.65,27.81,25.61,27.16
2022-09-21,28.03,30.18,25.55,27.99
2022-09-22,28.16,28.38,26.71,27.35
2022-09-23,27.68,32.31,27.58,29.92
2022-09-26,31.74,32.88,29.83,32.26
2022-09-27,31.2,34.14,30.3,32.6
2022-09-28,34.5,34.88,30.03,30.18
2022-09-29,31.67,33.46,31.16,31.84
2022-09-30,31.61,33.25,29.39,31.62
2022-10-03,33.0,33.06,29.63,30.1
2022-10-04,29.52,29.62,28.56,29.07
2022-10-05,29.36,30.11,28.5,28.55
2022-10-06,28.6,30.74,28.56,30.52
2022-10-07,30.37,32.02,29.88,31.36
2022-10-10,32.93,33.99,32.05,32.45
2022-10-11,33.56,34.43,32.45,33.63
2022-10-12,33.54,34.53,33.11,33.57
2022-10-13,33.6,33.87,31.63,31.94
2022-10-14,31.89,32.98,31.14,32.02
2022-10-17,32.27,32.59,30.7,31.37
2022-10-18,31.1,31.93,30.42,30.5
2022-10-19,30.94,31.9,30.76,30.76
2022-10-20,31.3,31.32,29.76,29.98
2022-10-21,30.21,30.44,29.24,29.69
2022-10-24,30.65,30.95,29.78,29.85
2022-10-25,29.8,30.0,28.22,28.46
2022-10-26,28.44,28.52,27.27,27.28
2022-10-27,27.51,27.67,26.94,27.39
2022-10-28,27.43,27.59,25.75,25.75
2022-10-31,26.91,27.07,25.84,25.88
2022-11-01,25.96,26.35,25.66,25.81
2022-11-02,26.04,26.62,25.39,25.86
2022-11-03,25.98,26.87,25.1,25.3
2022-11-04,25.63,25.71,24.0,24.55
2022-11-07,25.67,25.67,24.34,24.35
2022-11-08,24.71,26.16,24.24,25.54
2022-11-09,25.34,26.35,25.02,26.09
2022-11-10,26.51,26.59,22.84,23.53
2022-11-11,23.89,23.91,22.37,22.52
2022-11-14,23.99,24.33,22.86,23.73
2022-11-15,23.77,26.22,23.18,24.54
2022-11-16,24.29,24.72,23.99,24.11
2022-11-17,24.05,25.18,23.81,23.93
2022-11-18,24.03,24.12,22.98,23.12
2022-11-21,24.05,24.12,22.3,22.36
2022-11-22,22.59,22.71,21.28,21.29
2022-11-23,21.49,21.78,20.32,20.35
2022-11-24,20.5,20.54,20.31,20.42
2022-11-25,20.61,21.11,20.46,20.5
2022-11-28,22.09,22.5,21.65,22.21
2022-11-29,22.09,22.57,21.83,21.89
2022-11-30,21.7,22.63,20.31,20.58
2022-12-01,20.83,21.06,19.8,19.84
2022-12-02,20.42,20.96,18.95,19.06
2022-12-05,20.3,21.29,19.78,20.75
2022-12-06,20.69,22.6,20.38,22.17
2022-12-07,22.32,23.01,22.18,22.68
2022-12-08,22.81,23.28,22.06,22.29
2022-12-09,22.55,23.21,22.18,22.83
2022-12-12,24.4,25.05,24.18,25.0
2022-12-13,25.24,25.84,21.46,22.55
2022-12-14,22.83,23.47,21.07,21.14
2022-12-15,21.52,23.67,21.25,22.83
2022-12-16,23.26,23.83,22.09,22.62
2022-12-19,22.63,22.86,21.61,22.42
2022-12-20,23.17,23.39,21.35,21.48
2022-12-21,21.25,21.29,19.94,20.07
2022-12-22,20.08,24.3,20.01,21.97
2022-12-23,22.17,22.64,20.78,20.87
2022-12-27,21.67,22.8,21.59,21.65
2022-12-28,21.47,22.26,20.96,22.14
2022-12-29,22.25,22.31,21.36,21.44
2022-12-30,21.83,22.4,21.59,21.67
2023-01-03,23.09,23.76,22.73,22.9
2023-01-04,22.93,23.27,21.94,22.01
2023-01-05,22.2,22.92,21.97,22.46
2023-01-06,22.69,22.9,21.0,21.13
2023-01-09,21.75,21.98,21.27,21.97
2023-01-10,22.22,22.46,20.58,20.58
2023-01-11,20.8,21.25,20.62,21.09
2023-01-12,21.56,21.8,18.83,18.83
2023-01-13,19.0,19.41,18.01,18.35
2023-01-16,19.44,19.63,19.41,19.49
2023-01-17,19.89,20.22,19.21,19.36
2023-01-18,19.28,20.58,18.71,20.34
2023-01-19,20.43,21.71,20.17,20.52
2023-01-20,20.28,20.7,19.41,19.85
2023-01-23,20.21,20.33,19.55,19.81
2023-01-24,19.89,20.47,18.91,19.2
2023-01-25,19.56,20.9,18.99,19.08
2023-01-26,19.05,19.48,18.67,18.73
2023-01-27,18.9,19.0,17.97,18.51
2023-01-30,19.76,20.25,19.54,19.94
2023-01-31,20.12,20.7,19.13,19.4
2023-02-01,19.62,20.04,17.7,17.87
2023-02-02,17.74,19.25,17.06,18.73
2023-02-03,18.57,19.3,17.93,18.33
2023-02-06,19.23,19.81,19.21,19.43
2023-02-07,19.54,19.99,18.43,18.66
2023-02-08,18.88,20.12,18.55,19.63
2023-02-09,19.24,21.08,19.02,20.71
2023-02-10,20.74,21.94,20.44,20.53
2023-02-13,21.66,21.69,20.33,20.34
2023-02-14,20.72,20.75,18.48,18.91
2023-02-15,19.37,19.41,18.11,18.23
2023-02-16,18.26,20.27,18.23,20.17
2023-02-17,20.94,21.3,19.82,20.02
2023-02-20,21.06,21.28,20.96,21.23
2023-02-21,21.8,23.34,21.8,22.87
2023-02-22,23.03,23.63,22.02,22.29
2023-02-23,21.96,22.43,20.89,21.14
2023-02-24,21.35,22.9,21.32,21.67
2023-02-27,21.99,22.02,20.68,20.95
2023-02-28,21.3,21.37,20.1,20.7
2023-03-01,20.39,21.32,20.22,20.58
2023-03-02,21.41,21.42,19.55,19.59
2023-03-03,19.76,19.76,18.16,18.49
2023-03-06,19.05,19.19,18.49,18.61
2023-03-07,18.64,19.74,18.51,19.59
2023-03-08,19.71,20.01,19.0,19.11
2023-03-09,19.33,23.14,18.88,22.61
2023-03-10,23.34,28.97,21.79,24.8
2023-03-13,24.05,30.81,23.85,26.52
2023-03-14,26.85,27.24,22.27,23.73
2023-03-15,23.21,29.91,23.19,26.14
2023-03-16,26.19,27.49,22.97,22.99
2023-03-17,22.92,26.14,22.58,25.51
2023-03-20,27.77,28.91,24.0,24.15
2023-03-21,24.16,24.16,21.29,21.38
2023-03-22,21.8,22.38,19.94,22.26
2023-03-23,21.54,24.91,20.16,22.61
2023-03-24,22.11,25.21,21.6,21.74
2023-03-27,22.05,22.93,20.57,20.6
2023-03-28,20.53,21.4,19.91,19.97
2023-03-29,19.39,19.45,19.09,19.12
2023-03-30,19.12,20.08,18.85,19.02
2023-03-31,19.21,19.43,18.52,18.7
2023-04-03,19.79,19.83,18.54,18.55
2023-04-04,18.79,20.03,18.58,19.0
2023-04-05,19.42,20.08,19.0,19.08
2023-04-06,19.3,19.88,18.35,18.4
2023-04-10,19.39,20.05,18.93,18.97
2023-04-11,19.08,19.28,18.56,19.1
2023-04-12,19.38,19.98,18.25,19.09
2023-04-13,18.83,19.06,17.77,17.8
2023-04-14,17.94,18.12,17.07,17.07
2023-04-17,17.58,17.79,16.9,16.95
2023-04-18,16.94,17.34,16.58,16.83
2023-04-19,17.3,17.72,16.17,16.46
2023-04-20,16.85,17.69,16.33,17.17
2023-04-21,17.51,17.71,16.58,16.77
2023-04-24,18.22,18.24,16.74,16.89
2023-04-25,17.62,19.86,17.33,18.76
2023-04-26,18.66,19.61,17.87,18.84
2023-04-27,18.43,18.43,16.72,17.03
2023-04-28,17.21,17.65,15.72,15.78
2023-05-01,16.41,16.62,15.53,16.08
2023-05-02,16.27,19.81,16.26,17.78
2023-05-03,17.82,18.83,17.19,18.34
2023-05-04,19.17,21.33,18.67,20.09
2023-05-05,19.5,19.63,16.69,17.19
2023-05-08,17.73,17.88,16.83,16.98
2023-05-09,17.29,17.86,17.22,17.71
2023-05-10,17.58,18.31,16.36,16.94
2023-05-11,16.8,18.19,16.63,16.93
2023-05-12,16.83,17.92,16.38,17.03
2023-05-15,17.44,18.16,17.08,17.12
2023-05-16,17.54,18.3,17.26,17.99
2023-05-17,17.96,18.26,16.68,16.87
2023-05-18,16.92,17.15,16.05,16.05
2023-05-19,16.13,17.36,15.85,16.81
2023-05-22,17.45,18.13,16.82,17.21
2023-05-23,17.35,19.31,17.3,18.53
2023-05-24,18.8,20.81,18.8,20.03
2023-05-25,19.54,19.95,18.7,19.14
2023-05-26,19.07,19.56,17.27,17.95
2023-05-29,17.53,17.6,17.34,17.46
2023-05-30,17.56,18.34,16.98,17.46
2023-05-31,18.04,18.4,17.12,17.94
2023-06-01,17.24,17.59,15.58,15.65
2023-06-02,15.65,15.65,14.42,14.6
2023-06-05,15.28,15.29,14.66,14.73
2023-06-06,14.91,14.97,13.95,13.96
2023-06-07,14.14,14.29,13.77,13.94
2023-06-08,14.14,14.21,13.53,13.65
2023-06-09,13.78,14.14,13.5,13.83
2023-06-12,14.44,15.02,14.32,15.01
2023-06-13,14.99,15.06,14.47,14.61
2023-06-14,14.48,14.73,13.83,13.88
2023-06-15,14.09,14.52,13.79,14.5
2023-06-16,14.49,14.54,13.48,13.54
2023-06-19,14.09,14.19,14.01,14.19
2023-06-20,14.36,14.67,13.86,13.88
2023-06-21,13.88,13.89,13.1,13.2
2023-06-22,13.88,13.98,12.73,12.91
2023-06-23,13.24,13.8,12.88,13.44
2023-06-26,14.43,14.71,13.78,14.25
2023-06-27,14.11,14.34,13.59,13.74
2023-06-28,13.9,13.96,13.36,13.43
2023-06-29,13.64,13.85,13.41,13.54
2023-06-30,13.51,13.59,12.96,13.59
2023-07-03,13.85,13.85,13.47,13.57
2023-07-04,13.54,13.71,13.52,13.7
2023-07-05,14.19,14.74,14.05,14.18
2023-07-06,14.85,17.08,14.79,15.44
2023-07-07,15.97,16.06,14.33,14.83
2023-07-10,16.08,16.21,15.04,15.07
2023-07-11,15.02,15.25,14.63,14.84
2023-07-12,14.82,14.82,13.51,13.54
2023-07-13,13.44,13.61,13.12,13.61
2023-07-14,13.72,13.76,13.22,13.34
2023-07-17,13.78,14.0,13.43,13.48
2023-07-18,13.61,13.67,13.29,13.3
2023-07-19,13.32,13.84,13.12,13.76
2023-07-20,13.96,14.23,13.58,13.99
2023-07-21,13.87,13.89,13.37,13.6
2023-07-24,14.29,14.3,13.73,13.91
2023-07-25,14.02,14.09,13.82,13.86
2023-07-26,13.86,14.16,13.15,13.19
2023-07-27,13.14,15.02,12.74,14.41
2023-07-28,14.03,14.18,13.27,13.33
2023-07-31,13.98,14.09,13.57,13.63
2023-08-01,13.75,14.3,13.75,13.93
2023-08-02,15.7,16.48,14.95,16.09
2023-08-03,16.77,17.42,15.72,15.92
2023-08-04,16.01,17.39,14.57,17.1
2023-08-07,16.9,17.36,15.77,15.77
2023-08-08,16.28,18.14,15.96,15.99
2023-08-09,15.81,16.87,15.38,15.96
2023-08-10,15.58,16.86,14.6,15.85
2023-08-11,15.53,16.51,14.84,14.84
2023-08-14,15.88,16.06,14.77,14.82
2023-08-15,14.95,16.57,14.91,16.46
2023-08-16,16.54,16.93,15.8,16.78
2023-08-17,16.96,18.13,16.4,17.89
2023-08-18,17.8,18.88,17.14,17.3
2023-08-21,18.03,18.11,16.88,17.13
2023-08-22,16.96,17.58,16.61,16.97
2023-08-23,16.64,17.1,15.91,15.98
2023-08-24,15.57,17.32,15.48,17.2
2023-08-25,17.21,17.36,15.45,15.68
2023-08-28,16.24,16.28,15.0,15.08
2023-08-29,15.08,15.3,14.34,14.45
2023-08-30,14.53,14.7,13.83,13.88
2023-08-31,13.98,14.0,13.44,13.57
2023-09-01,13.56,13.56,13.02,13.09
2023-09-04,13.62,13.82,13.51,13.82
2023-09-05,14.15,14.47,13.7,14.01
2023-09-06,14.27,15.3,14.13,14.45
2023-09-07,14.81,15.69,14.4,14.4
2023-09-08,14.22,14.87,13.58,13.84
2023-09-11,14.17,14.33,13.74,13.8
2023-09-12,14.02,14.42,13.71,14.23
2023-09-13,14.42,14.68,13.41,13.48
2023-09-14,13.39,13.46,12.79,12.82
2023-09-15,12.7,14.17,12.68,13.79
2023-09-18,14.4,14.75,13.86,14.0
2023-09-19,14.11,14.88,13.86,14.11
2023-09-20,14.18,15.15,13.57,15.14
2023-09-21,15.49,17.54,15.1,17.54
2023-09-22,17.31,17.41,15.93,17.2
2023-09-25,17.25,18.41,16.79,16.9
2023-09-26,18.03,19.5,17.17,18.94
2023-09-27,18.29,19.71,18.03,18.22
2023-09-28,18.22,18.77,17.06,17.34
2023-09-29,16.87,17.74,15.83,17.52
2023-10-02,17.31,18.55,16.93,17.61
2023-10-03,17.81,20.48,17.52,19.78
2023-10-04,20.72,20.88,18.3,18.58
2023-10-05,18.67,19.58,18.26,18.49
2023-10-06,18.73,19.93,17.19,17.45
2023-10-09,19.54,19.6,17.56,17.7
2023-10-10,17.7,17.86,16.51,17.03
2023-10-11,16.95,17.78,16.09,16.09
2023-10-12,16.08,18.08,15.44,16.69
2023-10-13,16.53,20.78,16.5,19.32
2023-10-16,19.1,19.57,17.14,17.21
2023-10-17,17.41,18.54,16.97,17.88
2023-10-18,18.36,20.15,17.88,19.22
2023-10-19,19.73,21.4,18.55,21.4
2023-10-20,21.59,21.83,20.42,21.71
2023-10-23,21.83,23.08,19.48,20.37
2023-10-24,20.03,20.24,18.65,18.97
2023-10-25,19.39,21.24,18.86,20.19
2023-10-26,21.78,21.96,20.22,20.68
2023-10-27,20.39,22.07,19.72,21.27
2023-10-30,21.13,21.16,19.55,19.75
2023-10-31,19.86,19.86,17.97,18.14
2023-11-01,18.02,18.42,16.63,16.87
2023-11-02,16.59,16.62,15.58,15.66
2023-11-03,15.7,15.83,14.91,14.91
2023-11-06,15.39,15.58,14.84,14.89
2023-11-07,15.1,15.17,14.71,14.81
2023-11-08,14.91,15.09,14.3,14.45
2023-11-09,14.61,15.57,14.13,15.29
2023-11-10,15.09,15.45,14.16,14.17
2023-11-13,15.16,15.19,14.58,14.76
2023-11-14,14.83,14.86,13.91,14.16
2023-11-15,14.21,14.35,13.97,14.18
2023-11-16,14.12,14.42,13.68,14.32
2023-11-17,14.18,14.19,13.67,13.8
2023-11-20,14.26,14.31,13.39,13.41
2023-11-21,13.45,14.31,13.13,13.35
2023-11-22,13.08,13.25,12.82,12.85
2023-11-23,12.84,12.87,12.75,12.8
2023-11-24,13.03,13.17,12.45,12.46
2023-11-27,13.14,13.28,12.64,12.69
2023-11-28,12.78,14.3,12.56,12.69
2023-11-29,12.71,13.1,12.48,12.98
2023-11-30,13.07,13.39,12.82,12.92
2023-12-01,12.94,12.96,12.48,12.63
2023-12-04,13.28,13.7,12.98,13.08
2023-12-05,13.26,13.76,12.81,12.85
2023-12-06,12.78,13.03,12.64,12.97
2023-12-07,13.17,13.28,12.95,13.06
2023-12-08,13.14,13.24,12.35,12.35
2023-12-11,13.05,13.14,12.61,12.63
2023-12-12,12.69,12.74,11.81,12.07
2023-12-13,12.2,12.46,11.82,12.19
2023-12-14,11.96,12.74,11.84,12.48
2023-12-15,12.12,12.54,12.01,12.28
2023-12-18,12.62,12.64,12.4,12.56
2023-12-19,12.6,12.6,12.33,12.53
2023-12-20,12.63,13.93,12.29,13.67
2023-12-21,13.4,14.49,13.34,13.65
2023-12-22,13.72,13.96,13.0,13.03
2023-12-26,13.77,13.8,12.96,12.99
2023-12-27,13.02,13.04,12.37,12.43
2023-12-28,12.44,12.65,12.38,12.47
2023-12-29,12.55,13.19,12.36,12.45
2024-01-02,13.22,14.23,13.1,13.2
2024-01-03,13.35,14.22,13.33,14.04
2024-01-04,13.93,14.2,13.64,14.13
2024-01-05,14.24,14.58,13.29,13.35
2024-01-08,14.0,14.18,13.02,13.08
2024-01-09,13.2,13.45,12.74,12.76
2024-01-10,12.86,12.95,12.67,12.69
2024-01-11,12.64,13.31,12.35,12.44
2024-01-12,12.66,13.08,12.47,12.7
2024-01-15,13.23,13.34,13.2,13.25
2024-01-16,14.12,14.35,13.52,13.84
2024-01-17,14.59,15.4,14.38,14.79
2024-01-18,14.85,14.89,13.89,14.13
2024-01-19,13.8,14.58,13.28,13.3
2024-01-22,13.77,13.84,13.17,13.19
2024-01-23,13.2,13.29,12.53,12.55
2024-01-24,12.66,13.18,12.41,13.14
2024-01-25,13.18,13.58,13.06,13.45
2024-01-26,13.73,14.1,13.2,13.26
2024-01-29,13.98,15.35,13.59,13.6
2024-01-30,13.69,13.74,13.23,13.31
2024-01-31,13.42,14.61,13.18,14.35
2024-02-01,14.21,14.63,13.87,13.88
2024-02-02,13.95,14.23,13.39,13.85
2024-02-05,14.37,14.53,13.58,13.67
2024-02-06,13.57,13.78,12.98,13.06
2024-02-07,13.06,13.13,12.81,12.83
2024-02-08,12.95,13.17,12.74,12.79
2024-02-09,12.79,13.01,12.69,12.93
2024-02-12,13.48,13.94,13.34,13.93
2024-02-13,13.96,17.94,13.43,15.85
2024-02-14,15.38,15.47,14.22,14.38
2024-02-15,14.27,14.64,13.94,14.01
2024-02-16,13.94,14.71,13.75,14.24
2024-02-19,14.72,14.78,14.65,14.71
2024-02-20,15.09,15.91,15.07,15.42
2024-02-21,15.54,16.12,15.22,15.34
2024-02-22,14.28,14.64,14.12,14.54
2024-02-23,14.31,14.31,13.64,13.75
2024-02-26,14.17,14.2,13.66,13.74
2024-02-27,13.63,13.75,13.41,13.43
2024-02-28,13.52,13.9,13.44,13.84
2024-02-29,14.14,14.15,13.3,13.4
2024-03-01,13.34,13.66,13.08,13.11
2024-03-04,13.49,13.58,13.32,13.49
2024-03-05,13.75,15.1,13.75,14.46
2024-03-06,14.27,14.93,13.89,14.5
2024-03-07,14.98,14.98,14.25,14.44
2024-03-08,14.22,15.53,13.97,14.74
2024-03-11,15.51,16.04,15.13,15.22
2024-03-12,14.97,15.2,13.81,13.84
2024-03-13,13.89,14.04,13.67,13.75
2024-03-14,13.62,15.33,13.42,14.4
2024-03-15,14.33,15.53,14.14,14.41
2024-03-18,14.75,14.85,14.26,14.33
2024-03-19,14.5,14.86,13.8,13.82
2024-03-20,13.83,14.17,13.01,13.04
2024-03-21,12.98,13.08,12.4,12.92
2024-03-22,12.92,13.15,12.58,13.06
2024-03-25,13.67,13.67,13.11,13.19
2024-03-26,13.12,13.43,12.84,13.24
2024-03-27,13.13,13.34,12.66,12.78
2024-03-28,12.93,13.1,12.84,13.01
2024-04-01,13.61,14.15,13.55,13.65
2024-04-02,13.74,15.43,13.68,14.61
2024-04-03,15.0,15.18,14.25,14.33
2024-04-04,14.29,16.92,13.74,16.35
2024-04-05,16.45,16.75,15.53,16.03
2024-04-08,16.24,16.5,15.11,15.19
2024-04-09,15.34,16.63,14.94,14.98
2024-04-10,15.24,16.62,14.59,15.8
2024-04-11,16.02,17.61,14.91,14.91
2024-04-12,14.91,19.2,14.91,17.31
2024-04-15,16.94,19.46,16.26,19.23
2024-04-16,19.49,19.56,17.64,18.4
2024-04-17,18.24,19.11,17.54,18.21
2024-04-18,17.91,18.37,17.21,18.0
2024-04-19,21.33,21.36,18.17,18.71
2024-04-22,18.59,18.72,16.69,16.94
2024-04-23,16.72,16.76,15.69,15.69
2024-04-24,15.76,16.38,15.58,15.97
2024-04-25,16.25,17.55,15.27,15.37
2024-04-26,15.49,16.06,14.92,15.03
2024-04-29,15.37,15.42,14.63,14.67
2024-04-30,14.82,15.9,14.67,15.65
2024-05-01,15.75,16.22,14.35,15.39
2024-05-02,15.14,16.09,14.6,14.68
2024-05-03,14.51,14.58,13.48,13.49
2024-05-06,13.98,14.02,13.44,13.49
2024-05-07,13.52,13.64,13.16,13.23
2024-05-08,13.24,13.51,12.94,13.0
2024-05-09,13.08,13.29,12.68,12.69
2024-05-10,12.77,12.96,12.5,12.55
2024-05-13,13.26,13.66,13.25,13.6
2024-05-14,13.71,14.03,13.27,13.42
2024-05-15,13.73,13.94,12.38,12.45
2024-05-16,12.52,12.67,12.33,12.42
2024-05-17,12.28,12.48,11.91,11.99
2024-05-20,12.27,12.59,12.07,12.15
2024-05-21,12.3,12.56,11.84,11.86
2024-05-22,12.05,12.81,11.78,12.29
2024-05-23,11.53,13.37,11.52,12.77
2024-05-24,12.86,12.89,11.89,11.93
2024-05-27,12.41,12.49,12.35,12.36
2024-05-28,12.51,13.44,12.36,12.92
2024-05-29,13.75,14.32,13.69,14.28
2024-05-30,14.82,14.88,13.67,14.47
2024-05-31,14.5,14.87,12.84,12.92
2024-06-03,13.08,14.31,13.0,13.11
2024-06-04,13.51,14.08,13.11,13.16
2024-06-05,13.14,13.25,12.6,12.63
2024-06-06,12.75,12.98,12.54,12.58
2024-06-07,12.69,13.08,12.11,12.22
2024-06-10,13.09,13.28,12.62,12.74
2024-06-11,12.85,13.47,12.78,12.85
2024-06-12,13.1,13.15,11.94,12.04
2024-06-13,12.05,12.68,11.88,11.94
2024-06-14,12.22,13.45,12.12,12.66
2024-06-17,13.07,13.29,12.5,12.75
2024-06-18,12.7,12.74,12.24,12.3
2024-06-19,12.32,12.55,12.32,12.48
2024-06-20,12.5,13.55,12.18,13.28
2024-06-21,13.22,13.78,12.99,13.2
2024-06-24,13.85,13.88,13.15,13.33
2024-06-25,13.48,13.52,12.84,12.84
2024-06-26,12.81,13.24,12.37,12.55
2024-06-27,12.69,12.77,12.21,12.24
2024-06-28,12.24,12.76,11.87,12.44
2024-07-01,12.98,13.26,12.1,12.22
2024-07-02,12.67,12.88,11.85,12.03
2024-07-03,12.13,12.23,11.95,12.09
2024-07-04,12.1,12.35,12.09,12.26
2024-07-05,12.37,12.61,11.84,12.48
2024-07-08,12.91,12.91,12.31,12.37
2024-07-09,12.48,12.61,12.35,12.51
2024-07-10,12.51,12.92,12.39,12.85
2024-07-11,12.88,13.33,12.23,12.92
2024-07-12,12.87,12.89,12.11,12.46
2024-07-15,12.78,13.26,12.75,13.12
2024-07-16,13.38,13.47,12.95,13.19
2024-07-17,13.6,14.88,13.54,14.48
2024-07-18,14.27,16.43,14.08,15.93
2024-07-19,16.44,17.19,10.62,16.52
2024-07-22,16.79,16.89,14.75,14.91
2024-07-23,15.21,15.35,13.9,14.72
2024-07-24,15.35,18.46,15.18,18.04
2024-07-25,18.41,19.36,16.42,18.46
2024-07-26,17.97,18.05,16.37,16.39
2024-07-29,16.59,17.21,16.23,16.6
2024-07-30,16.64,18.32,16.26,17.69
2024-07-31,16.66,16.77,15.71,16.36
2024-08-01,16.2,19.48,15.95,18.59
2024-08-02,20.52,29.66,20.01,23.39
2024-08-05,23.39,65.73,23.39,38.57
2024-08-06,33.71,34.77,24.02,27.71
2024-08-07,24.77,29.76,21.97,27.85
2024-08-08,28.34,29.47,23.36,23.79
2024-08-09,23.78,24.52,20.26,20.37
2024-08-12,20.79,21.19,18.89,20.71
2024-08-13,20.06,20.79,17.95,18.12
2024-08-14,18.41,18.49,16.12,16.19
2024-08-15,16.27,16.68,14.77,15.23
2024-08-16,15.29,15.76,14.65,14.8
2024-08-19,15.94,16.07,14.46,14.65
2024-08-20,14.89,15.93,14.78,15.88
2024-08-21,16.25,17.17,15.92,16.27
2024-08-22,16.27,18.06,15.76,17.55
2024-08-23,17.12,17.21,15.61,15.86
2024-08-26,16.27,16.67,15.81,16.15
2024-08-27,16.21,16.81,15.37,15.43
2024-08-28,15.51,17.89,15.46,17.11
2024-08-29,16.54,16.57,15.19,15.65
2024-08-30,15.67,16.04,14.78,15.0
2024-09-02,15.87,15.99,15.48,15.55
2024-09-03,15.76,21.99,15.71,20.72
2024-09-04,23.2,23.31,19.34,21.32
2024-09-05,20.75,21.53,19.21,19.9
2024-09-06,21.98,23.76,18.83,22.38
2024-09-09,21.32,21.41,19.29,19.45
2024-09-10,19.86,20.74,18.9,19.08
2024-09-11,19.41,21.41,17.55,17.69
2024-09-12,17.62,18.59,16.89,17.07
2024-09-13,17.03,17.18,16.23,16.56
2024-09-16,17.16,17.69,16.91,17.14
2024-09-17,17.16,18.08,16.67,17.61
2024-09-18,17.58,19.39,17.11,18.23
2024-09-19,17.21,17.27,16.21,16.33
2024-09-20,16.35,16.68,15.81,16.15
2024-09-23,16.71,16.95,15.75,15.89
2024-09-24,15.87,16.67,15.27,15.39
2024-09-25,15.82,15.82,15.17,15.41
2024-09-26,15.06,15.83,14.9,15.37
2024-09-27,15.64,16.97,15.2,16.96
2024-09-30,17.01,17.79,16.47,16.73
2024-10-01,16.96,20.73,16.61,19.26
2024-10-02,19.65,20.36,18.58,18.9
2024-10-03,19.63,20.75,19.16,20.49
2024-10-04,20.48,20.48,18.48,19.21
2024-10-07,20.76,23.03,20.65,22.64
2024-10-08,22.92,23.14,21.14,21.42
2024-10-09,21.98,22.01,20.71,20.86
2024-10-10,20.91,21.39,20.64,20.93
2024-10-11,20.87,21.16,20.14,20.46
2024-10-14,20.86,20.86,19.69,19.7
2024-10-15,19.61,20.89,19.44,20.64
2024-10-16,20.77,21.01,19.45,19.58
2024-10-17,19.55,19.65,18.88,19.11
2024-10-18,19.3,19.32,17.99,18.03
2024-10-21,18.78,19.34,18.36,18.37
2024-10-22,18.79,19.44,18.05,18.2
2024-10-23,18.21,20.47,18.18,19.24
2024-10-24,18.87,20.24,18.63,19.08
2024-10-25,19.22,20.51,18.23,20.33
2024-10-28,19.11,19.88,18.91,19.8
2024-10-29,19.75,20.53,19.06,19.34
2024-10-30,19.33,20.44,19.3,20.35
2024-10-31,21.44,23.42,21.12,23.16
2024-11-01,22.96,23.09,21.16,21.88
2024-11-04,22.5,23.07,21.73,21.98
2024-11-05,21.98,22.06,20.2,20.49
2024-11-06,16.06,16.82,15.44,16.27
2024-11-07,15.86,15.86,15.13,15.2
2024-11-08,15.13,15.33,14.66,14.94
2024-11-11,15.33,15.56,14.89,14.97
2024-11-12,15.09,15.37,14.69,14.71
2024-11-13,15.09,15.26,13.77,14.02
2024-11-14,14.17,14.32,13.59,14.31
2024-11-15,15.02,17.55,14.56,16.14
2024-11-18,16.6,17.0,15.35,15.58
2024-11-19,15.44,17.93,15.37,16.35
2024-11-20,16.19,18.79,16.04,17.16
2024-11-21,17.1,17.99,15.73,16.87
2024-11-22,16.67,17.56,15.24,15.24
2024-11-25,15.23,15.72,14.54,14.6
2024-11-26,14.95,15.03,13.88,14.1
2024-11-27,14.28,15.13,13.96,14.1
2024-11-28,14.07,14.07,13.87,13.9
2024-11-29,14.0,14.15,13.49,13.51
2024-12-02,14.08,14.1,13.3,13.34
2024-12-03,13.38,13.77,13.19,13.3
2024-12-04,13.16,13.61,12.89,13.45
2024-12-05,13.46,13.7,13.26,13.54
2024-12-06,13.62,13.74,12.7,12.77
2024-12-09,13.36,14.23,13.35,14.19
2024-12-10,14.3,14.54,13.86,14.18
2024-12-11,14.42,14.43,13.52,13.58
2024-12-12,13.73,13.95,13.39,13.92
2024-12-13,13.57,14.25,13.24,13.81
2024-12-16,14.37,14.69,13.99,14.69
2024-12-17,14.98,15.94,14.78,15.87
2024-12-18,15.57,28.32,14.82,27.62
2024-12-19,21.61,24.12,20.16,24.09
2024-12-20,24.14,26.51,17.82,18.36
2024-12-23,18.09,20.02,16.74,16.78
2024-12-24,16.97,17.04,14.27,14.27
2024-12-26,14.99,15.93,14.55,14.73
2024-12-27,15.38,18.45,15.29,15.95
2024-12-30,17.21,19.22,16.44,17.4
2024-12-31,17.39,17.81,16.68,17.35
2025-01-02,17.21,19.5,16.96,17.93
2025-01-03,17.66,17.94,16.11,16.13
2025-01-06,16.77,16.87,15.71,16.04
2025-01-07,16.48,18.9,15.79,17.82
2025-01-08,17.91,19.5,17.37,17.7
2025-01-09,18.51,18.52,17.95,18.07
2025-01-10,18.29,20.31,18.05,19.54
2025-01-13,21.18,22.04,19.15,19.19
2025-01-14,18.79,19.66,18.24,18.71
2025-01-15,19.08,19.14,15.96,16.12
2025-01-16,15.87,16.6,15.64,16.6
2025-01-17,16.19,16.23,15.53,15.97
2025-01-20,16.46,16.59,15.8,15.81
2025-01-21,16.29,16.29,14.93,15.06
2025-01-22,14.89,15.29,14.59,15.1
2025-01-23,15.28,15.39,14.59,15.02
2025-01-24,15.02,15.16,14.58,14.85
2025-01-27,18.83,22.51,17.57,17.9
2025-01-28,18.29,18.39,16.25,16.41
2025-01-29,16.42,18.08,16.17,16.56
2025-01-30,15.93,16.42,15.32,15.84
2025-01-31,15.45,17.09,14.9,16.43
2025-02-03,20.36,20.42,17.66,18.62
2025-02-04,18.78,19.11,16.78,17.21
2025-02-05,17.54,17.75,15.77,15.77
2025-02-06,15.88,16.15,14.99,15.5
2025-02-07,15.38,16.66,14.79,16.54
2025-02-10,16.58,16.61,15.7,15.81
2025-02-11,16.13,16.42,15.75,16.02
2025-02-12,15.91,17.18,15.64,15.89
2025-02-13,15.97,16.33,14.98,15.1
2025-02-14,15.08,15.42,14.74,14.77
2025-02-17,15.38,15.57,15.34,15.37
2025-02-18,15.57,16.03,15.35,15.35
2025-02-19,15.14,15.96,15.05,15.27
2025-02-20,15.61,16.63,15.12,15.66
2025-02-21,15.63,19.03,15.28,18.21
2025-02-24,18.08,20.24,17.31,18.98
2025-02-25,19.09,21.48,18.85,19.43
2025-02-26,18.96,20.06,17.83,19.1
2025-02-27,18.25,21.47,17.67,21.13
2025-02-28,21.21,22.4,19.05,19.63
2025-03-03,19.83,24.31,19.25,22.78
2025-03-04,22.96,26.35,21.71,23.51
2025-03-05,23.03,24.84,21.37,21.93
2025-03-06,22.6,25.92,22.39,24.87
2025-03-07,24.85,26.56,23.09,23.37
2025-03-10,24.7,29.56,24.68,27.86
2025-03-11,27.94,29.57,26.18,26.92
2025-03-12,26.88,26.91,23.89,24.23
2025-03-13,24.92,26.13,23.46,24.66
2025-03-14,24.35,24.36,21.48,21.77
2025-03-17,22.89,22.95,20.32,20.51
2025-03-18,20.83,22.57,20.41,21.7
2025-03-19,21.84,22.1,19.42,19.9
2025-03-20,19.52,21.17,19.3,19.8
2025-03-21,20.02,21.14,19.15,19.28
2025-03-24,19.13,19.14,17.46,17.48
2025-03-25,17.58,17.77,17.02,17.15
2025-03-26,17.23,19.07,16.97,18.33
2025-03-27,18.36,19.28,17.95,18.69
2025-03-28,19.08,22.18,18.92,21.65
2025-03-31,24.11,24.8,21.67,22.28
2025-04-01,22.06,23.52,21.58,21.77
2025-04-02,22.3,23.66,20.68,21.51
2025-04-03,26.38,30.02,24.93,30.02
2025-04-04,30.12,45.61,29.99,45.31
2025-04-07,60.13,60.13,38.58,46.98
2025-04-08,44.04,57.52,36.48,52.33
2025-04-09,50.98,57.96,31.9,33.62
2025-04-10,34.44,54.87,34.44,40.72
2025-04-11,40.8,46.12,36.85,37.56
2025-04-14,34.76,35.17,29.75,30.89
2025-04-15,30.01,31.45,28.29,30.12
2025-04-16,33.24,34.96,29.48,32.64
2025-04-17,30.79,32.55,29.57,29.65
2025-04-21,32.75,35.75,31.79,33.82
2025-04-22,32.61,32.68,30.08,30.57
2025-04-23,28.75,30.29,27.11,28.45
2025-04-24,28.69,29.66,26.36,26.47
2025-04-25,26.22,27.2,24.84,24.84
2025-04-28,25.75,26.93,24.7,25.15
2025-04-29,24.76,25.99,23.76,24.17
2025-04-30,24.35,28.17,24.23,24.7
2025-05-01,23.94,25.18,23.3,24.6
2025-05-02,23.63,24.32,22.34,22.68
2025-05-05,24.25,24.63,22.81,23.64
2025-05-06,23.97,25.11,23.9,24.76
2025-05-07,24.56,25.62,23.29,23.55
2025-05-08,22.84,23.61,21.88,22.48
2025-05-09,22.4,22.82,21.83,21.9
2025-05-12,19.84,20.44,18.14,18.39
2025-05-13,18.69,18.85,17.65,18.22
2025-05-14,18.1,18.82,18.06,18.62
2025-05-15,19.19,19.38,17.77,17.83
2025-05-16,17.96,17.96,17.15,17.24
2025-05-19,19.84,19.92,17.92,18.14
2025-05-20,18.46,18.68,17.7,18.09
2025-05-21,18.77,21.05,17.77,20.87
2025-05-22,20.62,22.07,19.64,20.28
2025-05-23,20.14,25.53,19.83,22.29
2025-05-26,20.75,20.83,20.3,20.57
2025-05-27,20.63,21.01,18.95,18.96
2025-05-28,19.21,19.43,18.68,19.31
2025-05-29,18.25,20.2,18.11,19.18
2025-05-30,19.61,20.55,18.57,18.57
2025-06-02,19.81,20.45,18.36,18.36
2025-06-03,18.83,19.21,17.64,17.69
2025-06-04,17.68,18.07,17.41,17.61
2025-06-05,17.68,18.8,17.08,18.48
2025-06-06,18.16,18.35,16.65,16.77
2025-06-09,17.69,17.72,16.82,17.16
2025-06-10,17.5,17.99,16.68,16.95
2025-06-11,17.04,18.09,16.23,17.26
2025-06-12,17.87,18.87,17.43,18.02
2025-06-13,21.76,22.0,18.88,20.82
2025-06-16,19.78,20.22,18.67,19.11
2025-06-17,20.53,21.79,19.55,21.6
2025-06-18,20.9,21.58,19.59,20.14
2025-06-19,21.51,22.75,21.18,22.17
2025-06-20,20.74,21.07,19.11,20.62
2025-06-23,21.15,22.51,19.82,19.83
2025-06-24,18.19,18.72,17.33,17.48
2025-06-25,17.28,17.51,16.68,16.76
2025-06-26,16.67,16.78,16.11,16.59
2025-06-27,16.31,17.29,16.12,16.32
2025-06-30,17.19,17.43,16.55,16.73
2025-07-01,16.98,17.48,16.51,16.83
2025-07-02,16.75,17.37,16.54,16.64
2025-07-03,16.65,16.83,16.14,16.38
2025-07-04,16.93,17.67,16.92,17.48
2025-07-07,17.83,18.5,17.51,17.79
2025-07-08,17.41,17.44,16.54,16.81
2025-07-09,16.76,16.76,15.76,15.94
2025-07-10,16.23,16.24,15.7,15.78
2025-07-11,16.41,17.24,15.98,16.4
2025-07-14,17.73,17.85,16.91,17.2
2025-07-15,16.89,17.39,16.56,17.38
2025-07-16,17.66,19.48,16.69,17.16
2025-07-17,17.16,17.37,16.48,16.52
2025-07-18,16.43,16.81,16.28,16.41
2025-07-21,16.87,16.99,16.3,16.65
2025-07-22,16.75,17.48,16.43,16.5
2025-07-23,16.23,16.32,15.32,15.37
2025-07-24,15.39,15.54,14.95,15.39
2025-07-25,15.33,15.39,14.92,14.93
2025-07-28,15.15,15.54,15.0,15.03
2025-07-29,14.95,16.12,14.7,15.98
2025-07-30,15.87,17.27,15.44,15.48
2025-07-31,14.99,17.17,14.74,16.72
2025-08-01,17.4,21.9,17.39,20.38
2025-08-04,19.56,19.58,17.48,17.52
2025-08-05,17.21,18.94,17.11,17.85
2025-08-06,17.22,17.88,16.56,16.77
2025-08-07,16.41,17.64,15.98,16.57
2025-08-08,16.48,16.52,15.15,15.15
2025-08-11,15.81,16.36,15.52,16.25
2025-08-12,16.09,16.56,14.66,14.73
2025-08-13,14.62,14.81,14.3,14.49
2025-08-14,14.66,15.39,14.57,14.83
2025-08-15,14.43,15.18,14.4,15.09
2025-08-18,15.73,15.95,14.95,14.99
2025-08-19,15.23,15.91,14.76,15.57
2025-08-20,15.95,17.19,15.57,15.69
2025-08-21,15.72,17.24,15.65,16.6
2025-08-22,16.81,16.83,14.21,14.22
2025-08-25,15.05,15.19,14.24,14.79
2025-08-26,15.75,15.75,14.62,14.62
2025-08-27,14.66,15.23,14.66,14.85
2025-08-28,14.42,14.69,14.12,14.43
2025-08-29,14.31,15.97,14.31,15.36
2025-09-01,16.17,16.79,15.08,16.12
2025-09-02,16.65,19.38,16.55,17.17
2025-09-03,17.4,17.57,16.34,16.35
2025-09-04,16.22,16.35,15.28,15.3
2025-09-05,15.23,16.92,14.74,15.18
2025-09-08,15.58,15.65,14.99,15.11
2025-09-09,15.02,15.82,14.97,15.04
2025-09-10,14.98,15.63,14.63,15.35
2025-09-11,15.19,15.24,14.65,14.71
2025-09-12,14.62,14.97,14.41,14.76
2025-09-15,15.14,15.84,14.92,15.69
2025-09-16,15.6,16.38,15.44,16.36
2025-09-17,16.42,16.75,15.26,15.72
2025-09-18,14.93,15.8,14.33,15.7
2025-09-19,15.76,16.13,15.29,15.45
2025-09-22,16.14,16.35,15.78,16.1
2025-09-23,16.1,17.07,15.95,16.64
2025-09-24,16.57,17.21,16.18,16.18
2025-09-25,16.55,17.74,16.32,16.74
2025-09-26,16.89,17.05,15.29,15.29
2025-09-29,15.84,16.29,15.74,16.12
2025-09-30,16.49,16.7,16.02,16.28
2025-10-01,17.28,17.28,15.98,16.29
2025-10-02,16.12,16.92,15.93,16.63
2025-10-03,16.35,17.06,16.2,16.65
2025-10-06,16.74,17.09,16.29,16.37
2025-10-07,16.58,17.55,16.19,17.24
2025-10-08,17.17,17.2,16.23,16.3
2025-10-09,16.31,17.27,16.26,16.43
2025-10-10,16.36,22.44,16.23,21.66
2025-10-13,19.45,20.77,18.61,19.03
2025-10-14,21.46,22.94,19.18,20.81
2025-10-15,20.02,22.44,19.11,20.64
2025-10-16,20.49,25.43,19.85,25.31
2025-10-17,28.41,28.99,20.73,20.78
2025-10-20,20.53,21.02,18.23,18.23
2025-10-21,18.65,18.89,17.4,17.87
2025-10-22,17.84,21.01,17.73,18.6
2025-10-23,18.36,19.35,17.08,17.3
2025-10-24,17.02,17.22,16.02,16.37
2025-10-27,15.73,16.07,15.62,15.79
2025-10-28,15.95,16.55,15.66,16.42
2025-10-29,16.34,17.58,16.26,16.92
2025-10-30,16.26,17.41,15.73,16.91
2025-10-31,16.43,18.54,15.96,17.44
2025-11-03,18.06,18.83,17.0,17.17
2025-11-04,19.73,20.48,17.9,19.0
2025-11-05,19.37,20.02,17.31,18.01
2025-11-06,18.36,20.31,17.64,19.5
2025-11-07,19.52,22.72,19.08,19.08
2025-11-10,18.58,18.82,17.6,17.6
2025-11-11,17.9,18.01,17.25,17.28
2025-11-12,17.21,18.06,17.1,17.51
2025-11-13,17.61,21.31,17.51,20.0
2025-11-14,21.33,23.03,19.56,19.83
2025-11-17,19.58,23.44,19.54,22.38
2025-11-18,23.54,25.84,22.91,24.69
2025-11-19,24.52,24.79,21.93,23.66
2025-11-20,20.78,28.27,19.28,26.42
2025-11-21,25.97,27.84,22.54,23.43
2025-11-24,22.69,23.68,20.41,20.52
2025-11-25,20.55,21.77,18.39,18.56
2025-11-26,18.25,18.7,16.93,17.19
2025-11-27,17.22,17.36,17.05,17.21
2025-11-28,17.41,18.52,15.78,16.35
2025-12-01,18.05,18.33,16.58,17.24
2025-12-02,17.28,17.31,16.39,16.59
2025-12-03,16.43,17.28,15.93,16.08
2025-12-04,16.23,16.63,15.68,15.78
2025-12-05,15.58,16.18,15.28,15.41
2025-12-08,16.15,17.09,16.1,16.66
2025-12-09,16.66,17.2,16.45,16.93
2025-12-10,16.94,17.66,15.56,15.77
2025-12-11,16.84,16.88,14.85,14.85
2025-12-12,14.99,17.85,14.85,15.74
2025-12-15,16.51,17.35,15.99,16.5
2025-12-16,17.28,17.61,16.19,16.48
2025-12-17,16.45,18.0,15.82,17.62
2025-12-18,17.61,17.68,15.93,16.87
2025-12-19,16.31,16.53,14.91,14.91
2025-12-22,15.16,15.26,14.03,14.08
2025-12-23,14.09,14.45,13.64,14.0
2025-12-24,14.09,14.16,13.38,13.47
2025-12-26,14.12,14.29,13.52,13.6
2025-12-29,14.69,15.08,13.99,14.2
2025-12-30,14.43,14.62,14.04,14.33
2025-12-31,14.77,15.17,14.38,14.95
2026-01-02,14.85,15.42,14.46,14.51
2026-01-05,15.14,15.27,14.65,14.9
2026-01-06,15.0,15.21,14.63,14.75
2026-01-07,14.95,15.48,14.83,15.38
2026-01-08,15.69,15.85,15.15,15.45
2026-01-09,15.68,15.81,14.43,14.49
2026-01-12,16.06,16.66,15.03,15.12
2026-01-13,15.36,16.5,14.75,15.98
2026-01-14,16.33,18.1,16.22,16.75
2026-01-15,16.52,16.54,15.3,15.84
2026-01-16,15.44,16.29,15.3,15.86
2026-01-19,18.63,19.59,18.28,18.84
2026-01-20,19.94,20.99,18.64,20.09
2026-01-21,19.31,20.81,16.67,16.9
2026-01-22,16.65,16.67,15.27,15.64
2026-01-23,15.68,16.21,15.3,16.09
2026-01-26,16.9,17.39,15.8,16.15
2026-01-27,16.02,16.37,15.74,16.35
2026-01-28,16.09,17.18,16.05,16.35
2026-01-29,16.04,19.74,16.02,16.88
2026-01-30,18.72,19.27,16.67,17.44
2026-02-02,19.95,19.96,16.08,16.34
2026-02-03,16.16,20.37,16.05,18.0
2026-02-04,17.63,21.24,17.47,18.64
2026-02-05,19.24,23.1,19.06,21.77
2026-02-06,21.24,21.49,17.27,17.76
2026-02-09,17.95,19.2,16.9,17.36
2026-02-10,17.47,17.97,17.14,17.79
2026-02-11,17.87,18.96,16.75,17.65
2026-02-12,17.44,21.21,17.08,20.82
2026-02-13,21.48,22.4,18.92,20.6
2026-02-16,20.73,21.62,20.37,21.2
2026-02-17,21.74,22.96,19.76,20.29
