Date,Category,Assets,Nonfinancial assets,Real estate,Consumer durables,Financial assets,Deposits,Money market fund shares,Debt securities,U.S. government and municipal securities,Corporate and foreign bonds,Loans (Assets),Other loans and advances (Assets),Mortgages,Corporate equities and mutual fund shares,Life insurance reserves,Annuities,DC pension entitlements,DB pension entitlements,Miscellaneous other equity,Miscellaneous assets,Liabilities,Loans (Liabilities),Home mortgages,Consumer credit,Depository institutions loans n.e.c.,Other loans and advances (Liabilities),Deferred and unpaid life insurance premiums,Net worth,Household count,Minimum Income Cutoff,Maximum Income Cutoff
1989:Q3,pct99to100,3551429,801982,536080,265902,2749447,318294,98120,397350,305868,91482,71412,64729,6684,751405,42024,11293,95216,107118,840175,17039,151898,150161,99342,27117,1333,22369,1736,3399531,932934,244112,269339663
1989:Q3,pct80to99,10449211,3729226,3028476,700750,6719985,1222380,172455,396615,366077,30537,127538,47797,79740,927388,173814,203056,412909,1565327,1421664,96840,1498697,1490919,1153407,253683,1695,82135,7778,8950513,17677843,52161,244112
1989:Q3,pct60to80,4218171,1846536,1415868,430668,2371635,531266,58054,131597,99590,32007,26892,13792,13100,226085,77151,66574,81559,838753,283607,50096,824719,821265,561858,241303,372,17732,3453,3393452,18597874,32302,52161
1989:Q3,pct40to60,2972790,1250833,999838,250995,1721957,453567,19935,79929,64064,15865,24564,7577,16987,120511,33775,40254,39305,628717,247878,33521,425094,423581,258913,159522,730,4417,1512,2547697,18605233,20512,32291
1989:Q3,pct20to40,1748750,841808,669590,172218,906942,317186,11911,32903,31498,1405,38974,34266,4708,41505,21362,6687,49067,238036,128551,20759,189179,188223,113386,69864,249,4724,956,1559571,18612879,10366,20458
1989:Q3,pct00to20,652405,318964,243317,75647,333442,113774,2168,8077,6817,1260,4486,701,3785,23550,12066,966,7137,104377,47747,9093,63188,62648,24249,32719,154,5526,540,589217,18593339,0,10361
1989:Q4,pct99to100,3635701,818831,548992,269839,2816871,324846,104309,401925,309265,92660,79039,70686,8354,762133,42296,11964,100818,113754,858488,17298,160592,158583,105236,27243,1265,24839,2009,3475110,934906,,
1989:Q4,pct80to99,10637112,3783553,3076585,706968,6853559,1241086,179659,404576,369488,35088,133541,55359,78182,959763,178909,208455,430719,1598444,1420166,98241,1522411,1514369,1173824,260144,1648,78752,8042,9114702,17725490,,
1989:Q4,pct60to80,4305078,1869746,1434294,435452,2435332,536994,57387,132780,100498,32282,28372,15222,13151,232627,78635,71126,89608,864812,291831,51160,842921,839436,573655,247693,360,17727,3485,3462157,18644901,,
1989:Q4,pct40to60,3015464,1263281,1007885,255396,1752183,461870,21131,77858,61961,15897,28300,9590,18710,126945,36637,40788,40246,632349,251693,34364,436750,435188,265262,164169,703,5054,1562,2578714,18654329,,
1989:Q4,pct20to40,1772542,846289,668388,177901,926252,319970,12452,32753,30983,1770,40190,34909,5282,45892,22971,7629,47007,250565,125374,21449,198230,197223,115820,76282,264,4858,1008,1574311,18660540,,
1989:Q4,pct00to20,679598,338200,258173,80027,341398,115282,2299,8016,6571,1445,5059,898,4162,24744,12183,1078,6796,107143,49274,9524,66640,66096,26784,33753,150,5409,544,612958,18642074,,
1990:Q1,pct99to100,3615520,821283,556143,265140,2794237,321292,114276,398926,309513,89413,93608,83502,10105,697659,41357,12635,102855,119722,874096,17812,169238,167456,113594,24909,1532,27422,1782,3446282,936914,,
1990:Q1,pct80to99,10646798,3783713,3059806,723907,6863084,1238664,193188,406696,370437,36258,145973,69404,76569,911794,181498,213788,431525,1624039,1415053,100867,1546572,1538696,1203453,253274,2058,79911,7876,9100226,17772787,,
1990:Q1,pct60to80,4350655,1883233,1438615,444617,2467423,537868,57568,130231,99898,30333,31842,18613,13228,224225,79471,75654,90873,887036,299618,53036,852159,848724,591238,239209,445,17831,3435,3498496,18692039,,
1990:Q1,pct40to60,3042789,1276884,1009497,267387,1765905,465298,22798,73824,59135,14689,32278,11687,20591,127526,39064,41304,38433,634585,254822,35973,446624,444988,276489,161804,871,5824,1636,2596165,18703193,,
1990:Q1,pct20to40,1801303,860857,678005,182852,940447,320612,13404,32207,30271,1936,41445,35490,5955,48036,24551,8570,44008,262893,122054,22668,202147,201103,119664,76205,361,4872,1044,1599156,18708112,,
1990:Q1,pct00to20,701262,353998,270918,83080,347265,116737,2425,7330,5801,1529,6099,1496,4602,24270,12053,1190,6506,109667,50753,10235,73647,73124,30960,36919,191,5054,523,627615,18690724,,
1990:Q2,pct99to100,3680548,833019,564339,268680,2847529,318452,111301,411942,321822,90120,95790,83886,11905,712177,40826,13503,105938,125986,893748,17865,178572,176839,121492,24181,1217,29948,1733,3501976,938960,,
1990:Q2,pct80to99,10788756,3831507,3103011,728497,6957248,1237704,184734,421882,380653,41229,148225,73601,74623,949453,184951,225837,436914,1652683,1413597,101270,1568184,1560321,1226921,253625,1680,78095,7863,9220572,17819774,,
1990:Q2,pct60to80,4422245,1899180,1450741,448440,2523064,539096,54552,135369,105023,30346,31797,18573,13224,231789,80533,83254,94056,910893,308282,53444,864694,861280,604081,238973,362,17864,3414,3557550,18739304,,
1990:Q2,pct40to60,3068604,1277269,1005985,271283,1791335,469096,22866,73287,58730,14557,36683,14335,22348,134610,41655,43391,37290,637371,258892,36195,457948,456246,285514,163517,702,6512,1702,2610656,18751860,,
1990:Q2,pct20to40,1821507,866774,678494,188281,954732,321407,12930,32556,30211,2345,40969,34472,6497,52801,26151,9826,41114,275374,118674,22930,209377,208292,123025,79983,319,4965,1086,1612129,18755625,,
1990:Q2,pct00to20,725979,369800,282592,87207,356179,118207,2572,8724,6989,1735,6423,1466,4957,25608,12005,1357,6185,112301,52355,10442,78836,78324,34884,38432,155,4853,512,647143,18739314,,
1990:Q3,pct99to100,3582517,839282,578726,260557,2743235,318024,120152,425936,337370,88566,99532,85753,13779,554844,39880,14031,106048,131777,914879,18132,186207,184548,127963,23704,516,32365,1659,3396310,941042,,
1990:Q3,pct80to99,10706398,3845669,3104906,740762,6860729,1241759,196221,437404,392931,44472,152208,79631,72577,799837,187551,226129,428064,1675855,1413002,102701,1582807,1574980,1247645,256338,730,70266,7828,9123591,17866490,,
1990:Q3,pct60to80,4457593,1922152,1467990,454162,2535441,541490,54345,140987,111787,29200,32186,18958,13228,204321,81375,85492,91401,931989,317322,54534,878264,874875,615714,241249,157,17755,3389,3579329,18786712,,
1990:Q3,pct40to60,3097820,1298005,1016092,281913,1799815,474091,24407,72493,58718,13775,41453,17242,24211,127282,44104,42721,33798,639124,263281,37061,467861,466092,292432,166323,301,7036,1769,2629959,18800365,,
1990:Q3,pct20to40,1850034,886314,695371,190943,963720,322712,13753,32863,30210,2653,40302,33206,7095,51743,27747,10536,37498,287733,115197,23637,216954,215827,125695,84769,148,5215,1127,1633080,18803109,,
1990:Q3,pct00to20,749270,387459,299642,87817,361811,119701,2704,10678,8788,1890,6877,1529,5348,22966,11873,1428,5922,114762,54016,10884,83260,82761,37816,39919,65,4960,499,666010,18787869,,
1990:Q4,pct99to100,3724615,840663,584764,255900,2883951,324026,123901,449545,353945,95600,109425,93717,15708,624581,38998,14708,112458,137779,930149,18383,192964,191120,132715,22875,557,34973,1843,3531651,943160,,
1990:Q4,pct80to99,10883546,3818394,3068409,749985,7065152,1259208,199045,464395,405441,58954,162036,91724,70312,899739,190300,231448,448386,1701124,1405425,104046,1604906,1596891,1266091,258768,818,71214,8015,9278640,17912974,,
1990:Q4,pct60to80,4542037,1923817,1464895,458922,2618220,546962,52887,151961,119174,32788,34334,21148,13186,223748,82257,90033,100907,954229,325331,55571,891264,887858,626821,243007,175,17855,3406,3650773,18834282,,
1990:Q4,pct40to60,3147363,1309556,1019242,290314,1837807,482230,25316,74242,58607,15635,46243,20209,26033,139668,46590,43227,34940,641251,266227,37873,475735,473911,297089,168680,333,7809,1825,2671628,18848742,,
1990:Q4,pct20to40,1875140,892215,697771,194444,982926,325364,14013,33837,30121,3716,39010,31378,7632,58791,29352,11482,35006,300217,111547,24308,223206,222029,127567,89046,181,5236,1177,1651934,18850591,,
1990:Q4,pct00to20,774478,400793,311316,89477,373686,121239,2844,13275,10871,2404,7687,1990,5697,25686,11754,1540,5500,117302,55552,11307,86728,86229,39528,42015,74,4612,498,687751,18836414,,
1991:Q1,pct99to100,3862244,845599,588297,257302,3016644,322735,140615,432970,336394,96576,111802,94159,17643,737412,38135,15277,120987,143782,934484,18445,198043,196317,137648,20193,932,37544,1727,3664200,945314,,
1991:Q1,pct80to99,11101363,3821515,3064659,756855,7279848,1261426,223548,461964,393921,68043,165535,97853,67682,1046597,193107,233132,478405,1726150,1385506,104478,1612622,1604679,1283105,250394,1436,69745,7943,9488741,17959265,,
1991:Q1,pct60to80,4614192,1928019,1464298,463721,2686173,548959,54232,142925,109658,33267,34177,21162,13015,251339,83155,92900,114702,976407,331370,56005,891062,887689,636669,232818,303,17898,3374,3723129,18882028,,
1991:Q1,pct40to60,3178677,1311687,1015447,296239,1866991,486864,27827,68043,52282,15762,51366,23811,27555,155314,49097,42884,37646,643317,266516,38117,477782,475887,301468,165323,577,8519,1894,2700896,18897026,,
1991:Q1,pct20to40,1894820,894193,694144,200049,1000627,326490,15682,33051,28605,4446,37055,29157,7898,67362,30965,12254,32740,312749,107691,24588,224221,223004,129426,87909,348,5320,1217,1670599,18898103,,
1991:Q1,pct00to20,793164,414174,320557,93617,378990,122747,2964,9543,6791,2752,7880,2009,5871,29390,11638,1622,4994,119842,56845,11524,91949,91466,41375,45570,133,4388,483,701215,18884974,,
1991:Q2,pct99to100,3855477,851782,597979,253804,3003694,307498,135557,444144,347504,96640,110383,90705,19678,713936,37755,15922,125196,149993,944768,18542,206335,204772,145390,18988,273,40122,1563,3649141,947502,,
1991:Q2,pct80to99,11129171,3839355,3077214,762141,7289816,1234535,211505,480164,402806,77358,166286,101207,65079,1045678,196936,237303,487824,1753266,1371241,105078,1631688,1623858,1306992,248470,436,67961,7830,9497483,18005403,,
1991:Q2,pct60to80,4663115,1939639,1473125,466514,2723476,544321,50787,147548,114208,33341,32917,20011,12906,251779,84321,96914,119947,999721,338669,56552,901338,898005,649958,230021,92,17934,3334,3761777,18929969,,
1991:Q2,pct40to60,3201514,1320778,1018128,302650,1880736,484762,27663,66628,50971,15657,57373,28035,29338,160012,51795,43119,36953,645761,268204,38466,487528,485562,310403,165764,172,9223,1967,2713986,18945251,,
1991:Q2,pct20to40,1914035,904934,701525,203409,1009101,324710,14980,33467,28258,5209,35135,26790,8344,71427,32601,13147,29503,325401,103791,24940,230022,228766,132746,90495,113,5412,1256,1684013,18945672,,
1991:Q2,pct00to20,816620,430021,334841,95181,386599,124192,3122,10873,7761,3112,7942,1781,6162,29985,11621,1725,4586,122460,58313,11780,97415,96949,45162,47570,39,4179,465,719206,18933576,,
1991:Q3,pct99to100,3929022,854140,610078,244062,3074882,299586,135939,453406,362841,90565,114536,92829,21707,760641,36413,16542,132220,156162,950796,18642,215230,213831,152291,18456,214,42870,1399,3713791,949725,,
1991:Q3,pct80to99,11251211,3848545,3075243,773302,7402666,1222917,208574,490401,414392,76009,172561,110402,62159,1121501,198774,240599,510253,1779647,1351754,105685,1644138,1636421,1314448,246620,361,74992,7717,9607073,18051426,,
1991:Q3,pct60to80,4741215,1958533,1487161,471372,2782682,543190,48518,150198,120879,29318,33222,20550,12672,266058,84972,100525,130874,1022718,345302,57106,899647,896354,650341,227753,75,18185,3293,3841568,18978121,,
1991:Q3,pct40to60,3241861,1339259,1025647,313612,1902602,486237,28162,63276,50100,13176,63167,32360,30807,170370,54150,43150,38374,648053,268842,38820,493335,491296,313910,167076,140,10170,2039,2748526,18993452,,
1991:Q3,pct20to40,1946789,926238,720451,205787,1020551,324466,14869,33212,27968,5244,32035,23523,8512,77978,34216,13997,26641,338088,99752,25297,235863,234567,134935,94254,102,5276,1295,1710926,18993329,,
1991:Q3,pct00to20,843302,447150,351810,95341,396151,125686,3270,12659,9510,3149,8215,1944,6271,32205,11408,1821,4078,125062,59709,12039,100920,100472,48578,48341,32,3520,448,742382,18982242,,
1991:Q4,pct99to100,4125932,861258,621433,239825,3264674,298242,138531,456716,369493,87223,124655,101018,23637,921372,35579,17181,140352,162407,950785,18853,225709,224428,160178,18215,389,45646,1281,3900223,951982,,
1991:Q4,pct80to99,11522316,3860894,3082934,777960,7661423,1225014,209304,499988,419850,80139,184674,125884,58790,1319926,201689,244478,537712,1806643,1325167,106827,1674527,1666884,1334684,248772,700,82728,7643,9847789,18097375,,
1991:Q4,pct60to80,4842057,1973186,1499477,473709,2868871,545215,46710,150355,123256,27099,35210,23008,12203,301855,85903,104408,144140,1046092,350965,58016,911913,908653,660401,229648,144,18460,3260,3930144,19026500,,
1991:Q4,pct40to60,3288438,1353376,1033197,320179,1935062,490942,28939,59423,47698,11725,68096,36516,31579,189051,56706,43314,40624,650448,268008,39510,505552,503443,321937,170100,267,11139,2109,2782885,19041664,,
1991:Q4,pct20to40,1972008,936389,727322,209067,1035619,325605,14997,32993,27329,5664,26950,18843,8107,88202,35854,14877,23836,350850,95570,25886,244369,243033,138154,99538,217,5125,1336,1727639,19041102,,
1991:Q4,pct00to20,870025,462929,366222,96707,407097,127229,3416,13060,9701,3359,8588,2581,6007,36958,11298,1921,3514,127693,60998,12421,105158,104726,52526,49308,64,2828,432,764867,19031000,,
1992:Q1,pct99to100,4080987,869988,630275,239713,3210999,262058,147215,466392,380269,86123,115537,89913,25624,879985,34795,17755,143013,170058,955122,19069,235890,234692,169456,16635,427,48174,1198,3845097,954272,,
1992:Q1,pct80to99,11511448,3886585,3106930,779655,7624863,1154205,220090,518244,427969,90275,180672,125248,55424,1302003,204729,246224,538908,1849352,1302448,107989,1671887,1664288,1347400,239207,829,76853,7599,9839561,18143289,,
1992:Q1,pct60to80,4882553,1986800,1511506,475294,2895753,530526,46124,154143,127694,26449,31253,19494,11759,299272,86869,107295,146154,1077568,357607,58942,903800,900567,662977,219026,168,18395,3233,3978753,19075125,,
1992:Q1,pct40to60,3300377,1360971,1036505,324466,1939406,478620,30483,56890,45727,11163,75484,43015,32470,192998,59295,42985,38424,655827,268188,40212,511214,509036,329208,167780,309,11739,2178,2789163,19089922,,
1992:Q1,pct20to40,1981943,942705,729142,213563,1039238,319410,15781,33269,26749,6520,23633,15857,7776,92169,37502,15650,19904,364120,91314,26485,248665,247287,141608,100077,280,5323,1378,1733279,19089020,,
1992:Q1,pct00to20,893504,479700,380188,99512,413804,128550,3558,14411,10644,3766,7630,1838,5792,37259,11198,2004,3111,130850,62427,12808,111572,111153,57627,50628,77,2822,419,781933,19079874,,
1992:Q2,pct99to100,4053572,875177,637488,237689,3178396,252093,142867,456959,373648,83311,116071,88429,27642,863708,33355,18436,147693,164912,962980,19321,245995,244861,177404,16061,502,50894,1135,3807577,956595,,
1992:Q2,pct80to99,11585884,3908154,3123205,784950,7677730,1138258,209278,522659,424591,98068,186341,134347,51994,1311516,206417,251323,549381,1910552,1282678,109327,1683505,1675932,1358039,236295,1071,80528,7573,9902379,18189206,,
1992:Q2,pct60to80,4919442,1999933,1521329,478604,2919509,528442,42877,148077,123395,24683,30288,18988,11300,301533,87486,111756,152273,1091727,365064,59987,902581,899372,664915,215672,214,18571,3209,4016861,19124010,,
1992:Q2,pct40to60,3331888,1368279,1037128,331152,1963609,479150,30391,51359,41412,9947,82572,49220,33352,198909,61654,43429,37734,668208,269179,41025,518866,516619,334664,168964,390,12602,2247,2813022,19138259,,
1992:Q2,pct20to40,2001804,953006,734664,218343,1048797,318749,15157,32977,25752,7225,18389,10970,7419,97038,39138,16593,16204,380423,86968,27162,255554,254133,144429,104032,396,5276,1421,1746250,19137113,,
1992:Q2,pct00to20,920117,496725,394242,102484,423392,130054,3711,12472,8366,4106,7381,1821,5560,38140,10965,2115,2628,138712,63977,13237,115942,115536,61792,51309,101,2334,406,804176,19128889,,
1992:Q3,pct99to100,4105343,875686,651683,224003,3229657,247090,141770,464220,386471,77749,113370,83673,29697,899410,33113,19090,154592,159561,977853,19589,254698,253604,184448,15356,273,53526,1094,3850645,958951,225991,213830780
1992:Q3,pct80to99,11741255,3915892,3118255,797637,7825363,1132743,203868,533028,434082,98945,190551,142043,48508,1377122,210627,255465,570216,1971507,1269504,110732,1704387,1696821,1379838,237484,645,78854,7566,10036868,18235166,54012,225991
1992:Q3,pct60to80,5001135,2032564,1548937,483627,2968571,528783,40298,149586,128789,20797,28293,17460,10833,313591,88759,115773,163034,1105426,373951,61078,915062,911873,676822,216312,127,18613,3189,4086073,19173174,34261,54012
1992:Q3,pct40to60,3403745,1403406,1058988,344418,2000339,482168,30700,46932,39443,7489,90848,56602,34246,208640,64471,43649,38779,680458,271812,41880,529375,527060,342286,171223,228,13323,2315,2874370,19186711,20498,34261
1992:Q3,pct20to40,2052064,990650,770403,220247,1061414,319157,14885,32588,25150,7438,12776,5725,7051,103630,40819,17490,12781,396879,82541,27869,263085,261620,147398,108596,260,5367,1465,1788979,19185410,10872,20498
1992:Q3,pct00to20,955218,517514,415721,101793,437704,131610,3860,13847,9615,4232,6902,1581,5321,40183,10975,2218,2056,146650,65721,13682,120618,120224,65088,52962,60,2113,394,834600,19178070,0,10864
1992:Q4,pct99to100,4303301,894939,668243,226696,3408362,265137,134590,474459,389489,84970,124519,95076,29444,1048564,36902,19629,158230,158571,967610,20149,256836,255661,186047,15328,400,53886,1174,4046465,961339,,
1992:Q4,pct80to99,12011461,3951905,3147084,804821,8059556,1141477,195620,528076,429720,98356,186903,139129,47774,1538701,210746,267823,583222,2029964,1265448,111576,1725620,1718125,1392729,247239,918,77239,7495,10285841,18281214,,
1992:Q4,pct60to80,5098649,2060237,1569111,491126,3038412,531800,39782,144834,124786,20048,30377,18738,11639,349290,92316,119883,167510,1127923,372434,62261,936733,933465,692542,221583,202,19138,3268,4161916,19222639,,
1992:Q4,pct40to60,3448547,1419279,1072752,346527,2029268,481276,29960,48093,39893,8200,85747,53281,32466,219857,64460,47282,44509,700908,264654,42522,540245,537948,349217,175316,346,13069,2297,2908302,19235320,,
1992:Q4,pct20to40,2086635,994455,772906,221549,1092181,322087,15845,34692,27097,7594,12038,5132,6906,112168,41459,17385,16735,404820,86503,28448,272853,271383,153426,110787,355,6816,1470,1813783,19233947,,
1992:Q4,pct00to20,981280,524856,422107,102749,456424,132251,4467,13697,9550,4147,6771,1550,5221,43763,11458,2450,3888,150032,73627,14019,124289,123884,66943,54517,89,2334,406,856991,19227449,,
1993:Q1,pct99to100,4406291,912037,665593,246444,3494254,259324,134991,482495,384191,98305,142097,112891,29206,1097073,40603,20027,164695,155538,976754,20657,255836,254565,186188,13326,681,54370,1270,4150456,963760,,
1993:Q1,pct80to99,12159024,3983481,3187450,796031,8175543,1100014,199851,535399,420159,115240,190842,143785,47057,1593340,210639,275674,609577,2066097,1281959,112152,1728205,1720769,1392472,244208,1527,82562,7436,10430819,18327423,,
1993:Q1,pct60to80,5148982,2071050,1577937,493114,3077932,523293,40788,140736,117049,23688,34770,22298,12471,366451,95833,121869,177713,1138885,374322,63272,935088,931737,698717,212807,372,19841,3351,4213895,19272448,,
1993:Q1,pct40to60,3446372,1402952,1066193,336760,2043420,468581,30204,51271,39399,11872,80486,49757,30729,224173,64408,49875,52324,717172,261928,42997,539919,537641,351156,172871,613,13000,2278,2906453,19284154,,
1993:Q1,pct20to40,2096966,981371,755164,226206,1115596,319969,17647,37827,28757,9070,10381,3577,6804,117725,42098,17052,21091,412213,90678,28915,274947,273472,158223,106588,567,8095,1475,1822019,19282786,,
1993:Q1,pct00to20,998079,525827,417768,108060,472252,132721,5086,12641,8065,4575,7248,2098,5149,45173,11921,2644,5583,152709,82229,14296,128192,127773,67947,57462,157,2208,418,869888,19277075,,
1993:Q2,pct99to100,4468786,924463,677253,247209,3544323,268652,129709,479795,370738,109057,157857,128893,28964,1117318,44561,20437,167697,152479,984689,21129,257127,255760,187894,12496,640,54730,1367,4211659,966216,,
1993:Q2,pct80to99,12277417,4025326,3217477,807849,8252091,1089860,194720,528099,405288,122811,194777,148446,46331,1618071,211027,283856,619347,2102461,1297331,112543,1749442,1742065,1409266,250655,1384,80760,7377,10527975,18373868,,
1993:Q2,pct60to80,5215235,2110073,1607357,502716,3105162,522012,40652,131165,106218,24947,38734,25426,13308,378432,99499,124013,180651,1149907,375934,64163,956041,952607,717622,214244,372,20370,3434,4259194,19322650,,
1993:Q2,pct40to60,3477182,1419481,1077837,341644,2057702,463205,29709,52341,37986,14355,76039,47077,28962,226602,64444,52539,57196,733544,258725,43357,549681,547422,359245,174851,589,12737,2259,2927501,19333292,,
1993:Q2,pct20to40,2140290,1000992,773167,227825,1139298,321052,18818,39838,29951,9887,9001,2312,6689,122459,42749,16737,24727,419650,94965,29302,282546,281065,164509,106497,487,9572,1481,1857744,19331999,,
1993:Q2,pct00to20,1022581,536199,426995,109204,486383,133316,5696,10118,5433,4685,7623,2554,5069,45980,12435,2839,7356,155404,91083,14532,132745,132315,69809,59920,146,2439,431,889836,19327008,,
1993:Q3,pct99to100,4578867,935231,689311,245921,3643636,281122,126364,479171,358150,121021,162544,133823,28721,1184598,48650,20920,171381,149492,997712,21682,257881,256416,188290,12099,761,55265,1465,4320986,968710,,
1993:Q3,pct80to99,12462818,4067107,3245970,821138,8395710,1085850,192796,524709,390879,133830,189989,144392,45598,1692607,211646,294231,632294,2140144,1318136,113308,1784731,1777415,1425595,261320,1598,88902,7316,10678087,18420628,,
1993:Q3,pct60to80,5297293,2151443,1638832,512611,3145849,522157,40910,123634,96549,27085,39454,25304,14151,399134,103243,127186,184923,1161552,378348,65308,982887,979369,737566,220183,471,21148,3518,4314406,19373295,,
1993:Q3,pct40to60,3517169,1435577,1087807,347771,2081592,459228,29466,54410,36676,17734,72833,45662,27171,232205,64521,55712,62487,750231,256545,43953,560414,558175,366029,178683,723,12741,2239,2956755,19382810,,
1993:Q3,pct20to40,2192974,1025685,796731,228954,1167289,322784,20215,41914,30922,10992,9031,2463,6568,128614,43406,16532,28408,427161,99371,29853,291184,289697,170320,108052,533,10793,1486,1901791,19381654,,
1993:Q3,pct00to20,1048850,547042,437370,109672,501808,133940,6313,8096,3238,4858,7254,2269,4985,47798,12974,3055,9073,158149,100302,14854,135853,135410,70732,62330,175,2172,443,912997,19377304,,
1993:Q4,pct99to100,4710866,950620,699083,251537,3760245,289967,126985,498170,363066,135104,170252,141773,28479,1251711,52785,21244,173809,146213,1007006,22103,260458,258893,189269,13078,791,55754,1565,4450408,971241,,
1993:Q4,pct80to99,12660356,4114267,3282320,831947,8546089,1073953,197502,543978,388676,155303,188747,143884,44863,1766935,212321,299591,639295,2175161,1335180,113427,1818042,1810787,1437157,277741,1605,94283,7255,10842314,18467780,,
1993:Q4,pct60to80,5381959,2192577,1670044,522533,3189382,520514,41992,126301,94297,32004,41241,26236,15005,419849,107021,128013,186615,1171759,380049,66028,1011389,1007786,752939,232468,518,21862,3603,4370570,19424431,,
1993:Q4,pct40to60,3555460,1451257,1100204,351052,2104203,453378,29745,60797,37322,23476,69564,44194,25370,237796,64609,57713,66691,766484,253281,44145,573872,571653,372030,186185,769,12668,2219,2981587,19432785,,
1993:Q4,pct20to40,2237782,1042370,810012,232358,1195412,323753,22104,45532,32622,12910,8631,2182,6449,134786,44068,16082,31793,434648,103890,30126,303757,302266,176122,113544,503,12096,1492,1934025,19431821,,
1993:Q4,pct00to20,1078160,557899,445080,112820,520261,134549,6955,8865,3605,5260,7151,2249,4902,49612,13520,3225,10795,160820,109738,15029,137993,137537,72158,63152,182,2045,456,940167,19428020,,
1994:Q1,pct99to100,4721101,964411,699801,264611,3756689,295410,128932,535577,389401,146176,177600,149348,28251,1177423,56108,21545,174728,142998,1023753,22617,259021,257348,188701,11404,1113,56131,1673,4462080,973811,,
1994:Q1,pct80to99,12711854,4172426,3340021,832405,8539428,1054703,204494,560475,400282,160193,187892,143749,44144,1691716,211253,304197,639231,2211422,1360067,113977,1827754,1820554,1444988,280007,2205,93354,7200,10884101,18515402,,
1994:Q1,pct60to80,5427596,2220163,1692057,528107,3207433,517217,43359,132820,100305,32515,43043,27155,15888,414343,110368,128496,185286,1182544,382919,67038,1023050,1019360,766894,229272,771,22422,3690,4404547,19476108,,
1994:Q1,pct40to60,3557990,1442062,1094568,347494,2115928,445796,30196,66654,40380,26274,66529,42930,23599,233931,64387,59534,69643,783042,251608,44608,577137,574938,375623,185772,1122,12421,2199,2980852,19483294,,
1994:Q1,pct20to40,2263074,1044327,807867,236460,1218748,324021,24188,49111,35498,13613,8288,1920,6368,136690,44709,15598,34839,442210,108506,30587,307897,306399,181215,110952,652,13580,1498,1955178,19482570,,
1994:Q1,pct00to20,1103853,565138,448056,117082,538715,135151,7615,12258,7056,5202,7084,2240,4844,48398,13900,3388,12524,163539,119553,15304,141971,141501,72533,66470,264,2234,469,961882,19479213,,
1994:Q2,pct99to100,4760250,977517,707671,269847,3782733,296436,124673,578976,421338,157638,180806,152792,28014,1134559,59620,21749,178508,139605,1044725,23076,262193,260407,190419,11976,1490,56521,1786,4498057,976423,,
1994:Q2,pct80to99,12784379,4226509,3384031,842478,8557869,1026082,201125,578370,413442,164928,183978,140572,43406,1649525,210538,305754,652531,2246317,1389399,114250,1854428,1847280,1457706,293662,2892,93020,7148,10929951,18563570,,
1994:Q2,pct60to80,5491519,2258858,1721479,537379,3232661,511814,43456,141293,108336,32957,43748,26980,16768,414512,113825,127570,189633,1192556,386386,67868,1048803,1045025,782512,238418,1093,23002,3778,4442715,19528376,,
1994:Q2,pct40to60,3578413,1448689,1098137,350551,2129725,436027,29841,73354,44113,29241,63736,41962,21774,232100,64227,60635,74728,799417,250763,44898,590432,588254,382615,191890,1560,12189,2178,2987981,19534415,,
1994:Q2,pct20to40,2303864,1061462,821904,239558,1242401,323392,25519,53084,38755,14329,8339,2082,6257,139466,45358,14974,38352,449786,113201,30929,319864,318360,187388,115108,804,15061,1504,1984000,19533972,,
1994:Q2,pct00to20,1135868,577042,457241,119801,558827,135744,8244,16815,11698,5117,6772,2005,4767,47845,14316,3522,14156,166227,129671,15516,145249,144766,74477,67525,369,2396,483,990619,19530940,,
1994:Q3,pct99to100,4850839,984826,715611,269214,3866014,309286,125392,598237,429503,168735,184937,157161,27776,1157997,65710,22082,184037,136368,1058298,23669,265136,263240,191914,12834,1613,56878,1897,4585703,979078,,
1994:Q3,pct80to99,12925563,4252462,3394158,858303,8673101,1021353,206166,576251,412403,163848,181401,138737,42664,1677755,215170,311276,673902,2283469,1411198,115160,1881337,1874246,1471172,309564,3031,90479,7091,11044226,18612362,,
1994:Q3,pct60to80,5577002,2304100,1755537,548563,3272902,511883,44594,138591,106797,31794,44822,27163,17658,427141,118691,128493,197358,1203670,388534,69125,1077579,1073712,799035,249904,1239,23534,3867,4499423,19581282,,
1994:Q3,pct40to60,3623500,1470943,1113083,357860,2152557,431755,30136,76310,45140,31170,60971,41044,19927,234815,65020,62657,81073,816288,247946,45587,604421,602263,389622,199017,1730,11894,2157,3019080,19586223,,
1994:Q3,pct20to40,2359232,1088686,847112,241574,1270546,325193,27503,55451,40820,14631,8245,2104,6141,144330,46091,14543,42145,457466,118030,31549,332687,331177,193550,120235,776,16617,1510,2026545,19586095,,
1994:Q3,pct00to20,1166684,589138,468139,121000,577546,136414,8914,17410,12535,4874,6550,1864,4686,48729,15256,3692,15734,168996,139977,15875,148217,147721,76252,68398,402,2669,497,1018467,19583259,,
1994:Q4,pct99to100,4929800,993912,721821,272090,3935888,320965,129415,663279,481284,181995,189392,161885,27507,1130389,68967,22227,182938,132734,1071391,24191,270142,268133,193758,14912,2040,57422,2009,4659657,981777,,
1994:Q4,pct80to99,12990728,4265698,3397840,867858,8725030,1013810,216876,608456,431800,176657,179533,137655,41878,1651677,213835,311057,664510,2316933,1432633,115709,1924992,1917958,1483683,331727,3755,98793,7035,11065736,18661857,,
1994:Q4,pct60to80,5642447,2337592,1780700,556892,3304855,511330,46431,156660,122276,34383,46033,27517,18516,430068,122029,126770,192074,1212797,390517,70146,1112354,1108398,814313,268104,1649,24331,3956,4530094,19634877,,
1994:Q4,pct40to60,3660388,1489273,1128006,361266,2171115,426794,30854,87517,51247,36270,58169,40209,17960,234004,64751,63329,82281,832550,244816,46051,622466,620330,396636,209530,2270,11895,2136,3037921,19638797,,
1994:Q4,pct20to40,2401603,1102705,859096,243608,1298898,326748,29950,61329,45325,16004,8000,2063,5937,147534,46741,13846,44653,465108,122977,32013,349009,347494,199771,128960,890,17873,1515,2052593,19639010,,
1994:Q4,pct00to20,1199765,596754,474333,122421,603011,137087,9619,26269,21340,4929,6319,1772,4547,48499,15616,3808,17421,171660,150562,16152,149654,149143,78282,67935,530,2396,510,1050111,19636227,,
1995:Q1,pct99to100,5066641,1001381,723815,277566,4065260,339027,133210,657242,462987,194255,195067,167789,27278,1219275,73819,22623,190845,129839,1079380,24933,269331,267190,193518,13639,2299,57734,2141,4797310,984521,,
1995:Q1,pct80to99,13210879,4283644,3404556,879088,8927235,1018796,227302,596292,418404,177889,179088,137949,41139,1749642,215790,318376,696748,2358889,1449003,117309,1929334,1922342,1489135,335726,4113,93367,6992,11281545,18712130,,
1995:Q1,pct60to80,5727488,2370142,1803456,566686,3357346,513620,48230,143780,109990,33790,47680,28241,19439,455231,126243,128533,204298,1226266,391595,71869,1123353,1119304,826019,266541,1942,24802,4049,4604135,19689209,,
1995:Q1,pct40to60,3702316,1502003,1137112,364891,2200313,424657,31537,88263,49187,39076,55553,39455,16098,241291,65068,65764,90297,850469,240240,47173,626425,624311,399873,210292,2629,11516,2114,3075891,19692213,,
1995:Q1,pct20to40,2444595,1113924,866842,247082,1330671,329572,32407,62574,46046,16528,7735,1896,5838,154578,47444,13505,48827,473004,128091,32934,354464,352942,204951,127569,884,19537,1522,2090131,19692787,,
1995:Q1,pct00to20,1223795,604804,479421,125384,618991,137791,10331,21881,17185,4696,6242,1764,4478,50818,16300,3994,18935,174601,161429,16670,153669,153144,78938,70778,610,2817,525,1070126,19689900,,
1995:Q2,pct99to100,5239220,1007702,735311,272392,4231518,361134,139569,666692,461146,205546,199232,172184,27048,1315523,79448,23247,198433,133607,1088955,25678,270834,268558,193629,14009,2783,58137,2277,4968385,987313,,
1995:Q2,pct80to99,13413234,4281053,3388000,893053,9132181,1031448,242196,576002,412399,163603,177669,137274,40394,1855280,219325,332494,727399,2384292,1467167,118909,1959445,1952492,1503464,351159,4885,92984,6952,11453790,18763259,,
1995:Q2,pct60to80,5859042,2413094,1837452,575643,3445948,517625,50562,133407,104518,28890,48978,28604,20374,481806,130888,133417,215801,1267013,392855,73596,1154461,1150317,845112,277340,2466,25400,4144,4704581,19744327,,
1995:Q2,pct40to60,3757961,1531154,1158731,372423,2226807,424202,32533,87642,49053,38589,53003,38795,14208,249038,65668,69801,98010,862776,235836,48297,639252,637161,406016,216569,3301,11275,2091,3118709,19746548,,
1995:Q2,pct20to40,2503978,1143511,896656,246855,1360467,333164,35240,63465,47563,15902,7592,1859,5733,161870,48175,13477,52926,477377,133326,33857,365984,364456,210869,131564,953,21069,1529,2137994,19747494,,
1995:Q2,pct00to20,1254061,616126,492158,123968,637935,138501,11071,20348,16242,4107,6093,1689,4404,53291,17140,4246,20457,176979,172619,17189,156531,155991,79747,72485,774,2985,540,1097530,19744337,,
1995:Q3,pct99to100,5418583,996913,725880,271033,4421670,372442,141045,680735,461179,219556,202747,175927,26820,1439988,83523,23720,208444,137122,1105963,25941,274730,272314,195287,15080,3240,58707,2416,5143853,990154,251934,427079549
1995:Q3,pct80to99,13550467,4184752,3281728,903024,9365716,1021784,248853,579450,407375,172075,175987,136338,39648,1990613,219566,342004,769124,2407139,1493021,118175,2002993,1996080,1518997,368957,5570,102556,6913,11547474,18815323,59911,251934
1995:Q3,pct60to80,5953902,2413207,1830075,583131,3540696,516631,51905,130130,99918,30212,50164,28839,21325,513713,134701,136172,231904,1306396,395205,73775,1187410,1183171,863337,290596,3002,26236,4239,4766493,19800281,37073,59911
1995:Q3,pct40to60,3809561,1554776,1177688,377088,2254785,418616,32914,92494,49136,43357,50501,38202,12299,258632,65681,72755,107526,874660,233051,47956,655534,653466,413773,224410,3977,11305,2068,3154027,19801879,22825,37064
1995:Q3,pct20to40,2539174,1149696,902407,247290,1389478,334610,37461,66159,49137,17022,7495,1866,5629,170064,48863,13232,57488,481744,138594,33768,379550,378014,217322,137410,969,22313,1535,2159625,19803203,12289,22812
1995:Q3,pct00to20,1276385,618818,495360,123458,657567,139198,11788,19663,15670,3993,5928,1597,4331,56367,17662,4454,21950,179288,184097,17174,158914,158359,81621,73147,940,2651,555,1117471,19799593,0,12289
1995:Q4,pct99to100,5603593,1013539,743488,270051,4590054,371371,150317,683366,461671,221695,213429,187608,25820,1567556,80747,23864,213107,143913,1116388,25995,281252,278879,195693,17305,4274,61607,2373,5322341,993043,,
1995:Q4,pct80to99,13925427,4240382,3325603,914780,9685045,1034112,256282,609428,405584,203844,181566,142792,38774,2149053,229072,342840,809291,2426462,1527027,119912,2030833,2023691,1534049,384497,8105,97040,7141,11894595,18868366,,
1995:Q4,pct60to80,6085154,2429141,1842610,586530,3656014,515746,57008,140921,99469,41452,50863,29574,21289,542714,136683,143864,250248,1347537,395955,74475,1222820,1218566,874699,312129,4139,27599,4254,4862335,19857094,,
1995:Q4,pct40to60,3853347,1566682,1184518,382164,2286666,417110,34335,97877,50696,47181,51506,39143,12363,269688,67252,72689,113601,877780,236296,48531,671645,669561,417791,235844,5201,10725,2085,3181702,19858248,,
1995:Q4,pct20to40,2574920,1152742,902034,250708,1422178,341263,39209,69871,49394,20477,7662,1772,5890,178023,48655,13647,57581,489189,143092,33986,387553,386040,218255,145137,1423,21225,1514,2187366,19859949,,
1995:Q4,pct00to20,1279874,616068,490995,125073,663806,143254,12592,21984,15993,5991,7047,2951,4096,58721,17795,4187,21650,181479,177773,17324,158355,157799,80021,73247,1288,3243,556,1121520,19855701,,
1996:Q1,pct99to100,5694725,1025077,753443,271635,4669648,379458,168000,661945,439543,222402,219499,194699,24801,1626610,76650,24020,217139,150470,1119980,25877,283725,281401,197597,15730,3160,64914,2324,5411000,995974,,
1996:Q1,pct80to99,14219644,4311389,3383185,928205,9908255,1064731,277452,602286,392915,209371,183006,145123,37883,2235170,235908,344019,847926,2442770,1554157,120831,2069478,2062113,1560769,379737,5980,115628,7365,12150166,18922308,,
1996:Q1,pct60to80,6201889,2457343,1865925,591418,3744546,519212,63908,136750,91438,45312,50168,28925,21243,558989,137971,151675,268216,1387386,395643,74629,1242609,1238342,894355,311450,3006,29531,4267,4959280,19914678,,
1996:Q1,pct40to60,3882282,1574956,1187510,387446,2307327,419970,36721,94621,49457,45164,52459,40057,12402,276302,68348,72704,119434,880327,237853,48589,679209,677108,426420,236444,3434,10810,2101,3203073,19915555,,
1996:Q1,pct20to40,2615395,1163523,907985,255539,1451872,349712,41999,69917,47986,21931,8248,2118,6130,183884,48407,14076,57473,496616,147696,33845,383737,382245,220391,141563,878,19413,1491,2231659,19917632,,
1996:Q1,pct00to20,1284546,620817,492615,128202,663729,147312,13439,20077,12680,7396,8016,4175,3841,59637,17663,3924,21294,183586,171495,17285,160537,159981,79328,77284,754,2616,556,1124009,19912582,,
1996:Q2,pct99to100,5797731,1033580,767403,266177,4764151,372649,165792,686227,462506,223721,217826,194064,23762,1695055,73429,24146,218093,157023,1128133,25778,292084,289803,200919,16810,4153,67922,2281,5505647,998938,,
1996:Q2,pct80to99,14457363,4365304,3425183,940121,10092058,1064841,264482,625142,402051,223091,177743,140768,36975,2331301,244671,344203,873392,2458535,1585901,121849,2102383,2094788,1584389,387525,8534,114339,7596,12354979,18977034,,
1996:Q2,pct60to80,6319341,2484449,1890565,593884,3834892,515864,66985,149981,98543,51438,47217,26029,21187,577175,139756,158982,280781,1427229,396078,74844,1273044,1268762,909355,324288,4107,31013,4282,5046297,19972922,,
1996:Q2,pct40to60,3916622,1590574,1196918,393656,2326048,415972,36758,98733,53727,45007,53600,41180,12420,283652,69787,72484,123067,882758,240531,48706,696226,694108,435194,244121,4454,10338,2118,3220396,19973665,,
1996:Q2,pct20to40,2661296,1181005,923808,257197,1480291,354972,42276,73893,49890,24003,9620,3267,6353,190099,48186,14456,56716,504084,152246,33744,389241,387771,222694,145628,1276,18174,1469,2272056,19976120,,
1996:Q2,pct00to20,1295610,624712,496930,127782,670899,151194,14241,25572,16598,8974,8602,5033,3569,60783,17714,3654,20950,185687,165233,17267,162443,161887,79657,78208,1025,2997,556,1133167,19970136,,
1996:Q3,pct99to100,5838300,1048197,784836,263361,4790103,371619,173937,699598,476317,223281,218180,195471,22709,1686587,71695,24238,220337,163520,1134570,25823,300139,297904,204591,17828,4532,70952,2235,5538161,1001927,,
1996:Q3,pct80to99,14620918,4422746,3468642,954103,10198172,1076414,268586,615145,406362,208782,173792,137734,36058,2345390,256632,343371,906146,2473176,1615950,123571,2134720,2126894,1609525,394976,9819,112574,7826,12486197,19032431,,
1996:Q3,pct60to80,6416953,2508668,1910583,598084,3908286,515278,72249,152155,102648,49507,44538,23408,21131,580710,142370,165763,296669,1466771,396256,75525,1303246,1298950,925170,336701,4580,32499,4296,5113708,20031714,,
1996:Q3,pct40to60,3950847,1612939,1212690,400250,2337907,414745,37999,95824,56951,38873,54810,42379,12432,285779,71794,72024,127923,884962,242785,49260,712918,710783,444642,251630,4662,9848,2135,3237929,20032444,,
1996:Q3,pct20to40,2698471,1192394,932011,260384,1506077,361332,43853,74952,51104,23849,10903,4331,6571,193750,48011,14787,56135,511578,156831,33945,394535,393088,225214,149520,1419,16934,1447,2303936,20035279,,
1996:Q3,pct00to20,1303257,628324,499331,128993,674933,155056,15098,28972,19160,9812,9380,6093,3287,60289,18073,3375,20526,187763,158991,17409,164443,163886,80219,79192,1070,3405,557,1138815,20028258,,
1996:Q4,pct99to100,6029854,1065271,797247,268024,4964583,366128,184971,714641,491278,223363,238249,216604,21645,1774515,70169,23590,238739,169141,1158622,25816,306248,304062,207003,19281,3667,74112,2186,5723606,1004933,,
1996:Q4,pct80to99,14969426,4476437,3515325,961112,10492989,1078554,277108,615698,410861,204836,185603,150467,35136,2462399,269123,321111,1016968,2477729,1663640,125058,2172082,2164026,1631948,405971,7945,118162,8055,12797344,19088386,,
1996:Q4,pct60to80,6555035,2526165,1926234,599931,4028871,512591,78194,157633,107191,50442,46855,25775,21080,602847,145118,162130,346660,1501472,399323,76046,1335238,1330928,940225,352882,3660,34161,4310,5219798,20090940,,
1996:Q4,pct40to60,3999923,1632881,1231277,401604,2367042,411436,39550,95519,60402,35118,55217,42765,12452,294639,73896,66530,145970,885259,249362,49664,728203,726051,452287,260798,3405,9561,2152,3271719,20091757,,
1996:Q4,pct20to40,2721928,1187300,922237,265063,1534628,366566,45768,76852,52391,24461,10250,3450,6800,200701,47842,14117,58431,518886,161174,34041,400069,398644,227228,154947,996,15473,1425,2321859,20094976,,
1996:Q4,pct00to20,1310864,628981,496785,132195,681884,158766,15973,32861,22005,10856,11580,8575,3005,61901,18478,2911,19539,189534,152845,17496,164628,164071,79940,79998,690,3443,557,1146237,20086847,,
1997:Q1,pct99to100,6052393,1077377,808100,269277,4975015,363120,199621,676997,459589,217408,234483,213929,20554,1783203,67581,23779,235513,175810,1189054,25853,311155,309080,209381,17543,4888,77267,2075,5741238,1007945,,
1997:Q1,pct80to99,15098681,4526604,3553396,973208,10572076,1085499,291288,556842,395093,161750,177381,143193,34188,2494509,279491,323131,1026277,2493183,1717714,126762,2186430,2178195,1647941,396688,11450,122115,8235,12912251,19144786,,
1997:Q1,pct60to80,6625097,2548479,1944570,603909,4076619,511130,84923,135884,95842,40042,42456,21449,21007,609728,147312,170100,352874,1542000,403503,76708,1341672,1337358,949619,346857,5086,35797,4315,5283425,20150489,,
1997:Q1,pct40to60,4018233,1647111,1240830,406281,2371121,409355,41473,81019,57541,23478,56742,44318,12424,298011,75619,66746,146895,887570,257491,50201,733456,731283,457976,259558,4526,9224,2173,3284777,20151470,,
1997:Q1,pct20to40,2745442,1190953,921461,269492,1554489,372228,48085,72024,50299,21725,12143,5156,6986,204918,47640,14571,56705,526500,165449,34227,395988,394588,228802,150230,1508,14048,1400,2349454,20155078,,
1997:Q1,pct00to20,1307533,630107,495230,134877,677425,162439,16850,27444,16794,10651,12288,9598,2689,61812,18671,2665,19153,191656,146817,17630,168142,167588,79731,83299,993,3565,554,1139391,20145798,,
1997:Q2,pct99to100,6442186,1086938,823750,263188,5355249,361866,198567,674589,455503,219086,243868,224389,19480,2114005,66333,24504,253337,183307,1208973,25900,318288,316321,212402,18002,5417,80500,1967,6123899,1010957,,
1997:Q2,pct80to99,15743618,4577566,3594518,983047,11166053,1095825,278589,562489,391368,171121,179500,146225,33274,2872288,292756,340539,1137035,2517220,1761288,128525,2224318,2215900,1670864,401311,13327,130398,8418,13519301,19201517,,
1997:Q2,pct60to80,6852000,2583633,1978699,604935,4268367,510581,88840,138550,93964,44586,41371,20372,21000,679010,150254,185662,403565,1587124,406004,77406,1367771,1363452,964219,355927,5769,37536,4320,5484229,20210247,,
1997:Q2,pct40to60,4101526,1670188,1258615,411572,2431338,408176,41678,81114,58322,22792,57675,45159,12517,323966,77857,70569,165032,891464,263037,50771,747661,745468,466175,265443,4843,9007,2193,3353865,20211447,,
1997:Q2,pct20to40,2803170,1209011,938527,270484,1594158,378196,48583,73528,50185,23343,12818,5529,7289,220415,47478,15750,58718,534355,169883,34436,399145,397769,231039,152499,1738,12493,1376,2404025,20215452,,
1997:Q2,pct00to20,1322106,634798,501060,133739,687307,166086,17788,28324,16362,11963,14113,11676,2437,68700,19141,2549,17986,194055,140789,17776,169842,169290,79888,84856,1077,3470,551,1152264,20205011,,
1997:Q3,pct99to100,6697651,1097596,839552,258045,5600055,362659,209299,670215,448654,221561,246819,228423,18396,2303544,64961,25020,266895,190532,1234028,26083,325302,323441,217671,18551,3375,83844,1860,6372350,1013959,,
1997:Q3,pct80to99,16234598,4628515,3631062,997453,11606083,1110203,285330,570849,386311,184538,175737,143375,32362,3098695,305858,352035,1228580,2537814,1810026,130955,2276744,2268140,1707469,407305,7920,145446,8604,13957853,19258467,,
1997:Q3,pct60to80,7040292,2617011,2008238,608772,4423281,511121,95077,141539,91246,50292,38133,17120,21013,720966,153149,198407,446179,1630759,409407,78544,1401350,1397025,987783,366363,3446,39433,4325,5638942,20270102,,
1997:Q3,pct40to60,4178522,1697205,1278310,418895,2481317,408063,43152,81583,58667,22917,59180,46535,12646,340038,80065,73004,179955,894686,269834,51756,765692,763479,480063,271866,2567,8982,2214,3412830,20271553,,
1997:Q3,pct20to40,2854228,1223438,950576,272862,1630791,384587,50437,75155,49842,25313,14400,6771,7628,230994,47311,16656,59887,542169,174265,34930,402980,401629,234852,155215,812,10750,1351,2451248,20275964,,
1997:Q3,pct00to20,1333239,639549,505581,133967,693690,169740,18713,28923,15516,13407,15650,13452,2198,72526,19591,2379,16881,196354,134858,18074,171948,171399,81442,86505,419,3033,549,1161291,20264381,,
1997:Q4,pct99to100,6854210,1115143,850092,265050,5739068,367233,220846,693549,474240,219309,258785,241513,17271,2347160,61379,24948,262239,196873,1280153,25904,335719,333963,221537,20237,5189,87000,1756,6518491,1016943,,
1997:Q4,pct80to99,16501647,4704655,3699796,1004859,11796992,1132347,293059,568425,396466,171958,178885,147478,31408,3169484,314439,346338,1234313,2548147,1879903,131651,2307541,2298747,1723620,415962,13281,145884,8793,14194106,19315521,,
1997:Q4,pct60to80,7156382,2648248,2036993,611255,4508134,513669,101561,147355,99001,48354,37077,16095,20983,735163,154866,202583,451389,1669514,416429,78527,1426273,1421943,995176,380173,5576,41018,4331,5730109,20329942,,
1997:Q4,pct40to60,4220418,1715582,1295735,419847,2504836,409901,44693,81686,63652,18034,59806,47123,12684,346224,81466,71402,180287,895951,281769,51651,782343,780109,486814,280728,4033,8534,2234,3438074,20331655,,
1997:Q4,pct20to40,2877947,1220670,942051,278618,1657277,391893,52368,76990,52022,24967,14883,6999,7885,236717,47075,16746,57725,549790,178419,34669,409844,408518,236891,160713,1524,9390,1327,2468103,20336481,,
1997:Q4,pct00to20,1345700,643953,505621,138332,701747,173488,19646,33767,19842,13925,17985,16086,1898,73250,19595,2067,16396,198344,129236,17973,173347,172800,82320,86353,789,3339,547,1172353,20323806,,
1998:Q1,pct99to100,7304787,1128339,866593,261745,6176448,360196,242137,676371,452381,223990,274021,257899,16122,2736019,58788,25606,281375,205854,1290211,25871,342515,340924,226353,18705,5610,90257,1591,6962272,1019900,,
1998:Q1,pct80to99,17280891,4785021,3767473,1017548,12495871,1129925,316990,580171,384670,195501,184259,153827,30432,3608958,325186,361954,1354321,2587335,1913705,133066,2330102,2321169,1747288,406534,14904,152443,8932,14950790,19372566,,
1998:Q1,pct60to80,7415874,2694653,2080189,614465,4721221,510306,109807,148451,91440,57011,36701,15762,20939,815073,157140,217495,506947,1722928,417389,78985,1434875,1430548,1007847,373817,6138,42747,4327,5980999,20389654,,
1998:Q1,pct40to60,4313426,1745014,1319155,425859,2568412,405982,47215,81853,61744,20108,59893,47203,12690,375804,83251,74799,200114,902608,284899,51994,790662,788405,496453,279518,4175,8259,2257,3522764,20391617,,
1998:Q1,pct20to40,2934815,1235811,954427,281384,1699004,396100,55333,78359,50510,27849,14929,6814,8114,253967,46868,17854,59778,558090,183009,34718,406935,405635,239730,156360,1688,7857,1300,2527880,20396870,,
1998:Q1,pct00to20,1361694,650893,511833,139060,710801,176765,20509,32276,16542,15734,20756,19182,1574,81303,19806,1927,14953,201235,123237,18035,177574,177033,83774,89109,814,3336,541,1184120,20383183,,
1998:Q2,pct99to100,7453875,1151248,890429,260819,6302627,353885,248589,706249,476296,229953,283811,268858,14953,2788347,55992,26037,277424,217085,1319503,25704,351111,349519,230739,20002,5225,93554,1592,7102765,1022822,,
1998:Q2,pct80to99,17675531,4907977,3877270,1030708,12767554,1128717,315370,625171,394003,231169,184357,154914,29443,3689926,335599,370967,1365369,2651401,1966831,133846,2383374,2374161,1781657,417634,13972,160897,9214,15292157,19429490,,
1998:Q2,pct60to80,7565847,2752459,2133998,618460,4813388,507283,115584,167940,98589,69351,34268,13375,20893,831253,159321,229135,514810,1753115,421661,79018,1474739,1470389,1030457,389709,5698,44525,4349,6091108,20449126,,
1998:Q2,pct40to60,4373702,1774725,1343193,431531,2598977,402417,48195,91041,66601,24440,60530,47846,12684,382783,84975,76646,201355,906378,292720,51936,811343,809071,508900,288568,3566,8036,2272,3562359,20451304,,
1998:Q2,pct20to40,2979179,1255259,970044,285215,1723920,400324,56683,84397,52587,31810,15794,7458,8336,260151,46652,18649,57639,561750,187395,34488,413754,412476,243196,161557,1457,6266,1278,2565425,20456998,,
1998:Q2,pct00to20,1381762,664086,523111,140975,717677,179968,21499,38591,20594,17997,23323,22088,1234,82239,19979,1731,14352,200520,117524,17951,179422,178878,84753,90274,612,3239,544,1202340,20442410,,
1998:Q3,pct99to100,7153943,1164409,918264,246144,5989535,349246,273299,751715,522802,228913,306286,292515,13772,2395858,51014,25771,249816,227018,1333779,25730,359967,358770,235530,20859,5690,96690,1198,6793976,1025701,355533,2159400317
1998:Q3,pct80to99,17376449,4973486,3918893,1054593,12402962,1130773,344645,630710,411122,219587,195004,166547,28456,3293487,341544,359475,1265446,2701338,2004975,135567,2420956,2411794,1814999,425252,15761,155782,9162,14955492,19486178,68213,355297
1998:Q3,pct60to80,7574621,2822320,2196724,625596,4752300,505119,124465,181166,113598,67568,35739,14863,20876,762036,160337,230254,473828,1776297,423387,79673,1510021,1505711,1051555,401816,6318,46022,4310,6064600,20508244,42569,68213
1998:Q3,pct40to60,4398916,1834821,1389026,445795,2564095,399701,50997,94971,75132,19839,59229,46503,12726,359184,85900,73680,183535,907546,296887,52466,830688,828381,521306,295942,3718,7415,2308,3568228,20510581,26353,42569
1998:Q3,pct20to40,3014833,1288641,1002812,285828,1726192,404851,59942,87831,56278,31552,14794,6187,8606,251001,46366,18455,51207,565128,191955,34663,419834,418589,246721,165221,1635,5013,1245,2594999,20516731,13867,26353
1998:Q3,pct00to20,1401057,682309,543538,138772,718748,183155,22314,47577,29053,18524,27100,26188,912,73724,19711,1379,14699,199386,111621,18081,182671,182143,86045,91628,636,3834,528,1218386,20501383,0,13854
1998:Q4,pct99to100,7761837,1217418,952129,265289,6544419,374623,295193,726915,510674,216240,301278,286593,14685,2876334,57607,26002,291253,226880,1342117,26217,370691,370044,241413,24615,6560,97456,647,7391146,1028533,,
1998:Q4,pct80to99,18508213,5116071,4055956,1060115,13392142,1179696,377291,599772,416546,183226,194608,164953,29655,3900116,351086,388444,1435008,2793055,2036506,136560,2488154,2479564,1866346,436470,17935,158813,8589,16020059,19542595,,
1998:Q4,pct60to80,7827354,2855389,2225535,629854,4971966,524026,125671,173236,117116,56120,35429,14940,20489,873949,167752,236523,549657,1786359,419432,79932,1534348,1530069,1068149,411497,7177,43247,4279,6293006,20566982,,
1998:Q4,pct40to60,4522077,1851945,1410758,441187,2670131,414197,53564,87230,71282,15949,61030,48747,12283,405637,89774,78914,212609,928173,287162,51842,850632,848270,533413,302739,4363,7756,2362,3671444,20569405,,
1998:Q4,pct20to40,3050001,1302446,1008414,294032,1747555,405616,60150,79627,52658,26969,16316,7715,8601,265351,47929,19395,59042,567577,192118,34433,432705,431462,251322,172331,2164,5646,1242,2617296,20576024,,
1998:Q4,pct00to20,1405594,683303,540018,143285,722292,183768,21725,43735,28018,15717,24052,22843,1210,89960,20580,1575,12534,199188,107465,17709,187155,186659,87948,93620,1128,3963,496,1218439,20560081,,
1999:Q1,pct99to100,7716812,1243473,973649,269824,6473339,371745,316745,686972,469218,217755,297195,281596,15599,2837188,60031,25653,304192,225428,1321505,26684,378385,377102,246206,26303,6337,98257,1283,7338427,1031345,,
1999:Q1,pct80to99,18802627,5199414,4126809,1072605,13603212,1168441,409195,615773,406603,209170,194917,164054,30863,3945004,351896,400384,1471098,2870551,2038502,137450,2537998,2528977,1912561,435475,16462,164479,9021,16264629,19599016,,
1999:Q1,pct60to80,7905607,2903644,2268742,634902,5001963,527964,127170,173014,109534,63479,35423,15277,20146,885317,172929,233988,566422,1789107,410510,80121,1540439,1536002,1081365,407466,6650,40522,4436,6365168,20625649,,
1999:Q1,pct40to60,4583416,1889360,1445836,443524,2694056,414253,56156,86390,63346,23043,62635,50730,11905,415820,92104,80148,218728,946086,270586,51150,860494,858137,543127,302787,4048,8175,2357,3722922,20628087,,
1999:Q1,pct20to40,3071153,1329839,1031974,297865,1741314,398433,60508,75669,47334,28335,17687,9035,8652,262030,49371,19510,61758,569670,192522,34155,437790,436515,255229,172970,2102,6214,1275,2633363,20635183,,
1999:Q1,pct00to20,1395302,684877,542327,142550,710425,183029,21233,37492,21927,15565,21243,19711,1532,94860,20596,1643,11605,198519,102892,17312,192298,191777,89149,97397,1272,3959,520,1203004,20618809,,
1999:Q2,pct99to100,7997263,1284748,1001312,283436,6712515,365890,313137,647858,438368,209490,294924,278442,16483,3067379,64167,25567,323289,224443,1358654,27205,388579,387248,251799,29397,6713,99339,1331,7608684,1034166,,
1999:Q2,pct80to99,19482466,5357157,4272353,1084804,14125309,1150841,398608,592536,397785,194751,196650,164621,32029,4281346,356261,420647,1537784,2953722,2098313,138601,2624375,2615421,1966160,443307,16917,189036,8955,16858091,19655794,,
1999:Q2,pct60to80,8062914,2961370,2319525,641845,5101544,530307,124389,163725,104966,58759,35907,16145,19762,949289,179055,235574,596350,1794543,411922,80482,1562327,1557826,1099599,413129,6858,38241,4501,6500587,20684641,,
1999:Q2,pct40to60,4663121,1912847,1469261,443586,2750274,412778,56133,79962,57389,22573,63797,52361,11436,445091,95078,83310,229982,965102,268423,50617,878744,876361,555512,307453,4251,9145,2382,3784377,20687033,,
1999:Q2,pct20to40,3098077,1358429,1053158,305271,1739648,390414,58217,69062,43039,26023,18637,10031,8606,268435,50873,20019,65585,571912,192507,33988,447817,446526,259831,178016,2379,6301,1290,2650261,20694599,,
1999:Q2,pct00to20,1400822,693778,547875,145903,707045,182145,20942,32030,18111,13919,18650,16857,1793,105570,20959,1773,10525,198020,99458,16973,196221,195704,90788,100279,1638,2999,517,1204601,20677953,,
1999:Q3,pct99to100,7861928,1320592,1033196,287396,6541335,372868,326484,623827,420838,202989,303037,285660,17377,2828239,64425,24719,317883,222080,1429693,28080,400774,399414,259916,33379,5966,100152,1360,7461154,1037027,,
1999:Q3,pct80to99,19575948,5495181,4390155,1105026,14080767,1160502,416690,582220,394250,187970,207131,173912,33220,4099796,352501,416954,1488781,3022147,2192589,141456,2699197,2690326,2027988,454297,14087,193954,8871,16876751,19713283,,
1999:Q3,pct60to80,8090635,3028201,2376876,651326,5062433,539550,124788,160759,104376,56383,39591,20155,19435,919570,183104,225251,575826,1792303,419720,81972,1589783,1585220,1121446,422478,5795,35502,4563,6500851,20744352,,
1999:Q3,pct40to60,4719336,1956802,1506836,449967,2762534,417890,57899,76849,53582,23268,63733,52672,11061,439701,96619,80911,221633,981309,274845,51143,901798,899390,572109,314186,3552,9543,2408,3817538,20746644,,
1999:Q3,pct20to40,3120846,1398679,1088168,310511,1722167,385894,57892,64418,39902,24516,18185,9541,8644,258330,52264,19391,64954,573780,192504,34555,461221,459916,265705,185291,2029,6892,1305,2659625,20754666,,
1999:Q3,pct00to20,1401972,704416,557939,146477,697556,181867,20587,29173,16483,12690,17015,14918,2097,105462,20529,1723,10290,197025,96866,17020,201440,200927,94095,102264,1533,3036,512,1200532,20737898,,
1999:Q4,pct99to100,8636030,1362390,1061748,300641,7273640,392125,360023,585426,437181,148245,323692,305441,18252,3455226,76341,25440,350462,222746,1449431,32727,416317,414565,268525,38510,5854,101675,1752,8219713,1039960,,
1999:Q4,pct80to99,20874900,5624706,4508503,1116204,15250194,1196132,468430,502680,411150,91530,228017,193634,34384,4875066,373098,463679,1621580,3124395,2234625,162493,2798790,2789696,2073904,464573,13225,237994,9094,18076109,19771834,,
1999:Q4,pct60to80,8402338,3076143,2418527,657616,5326195,555415,129132,142720,115422,27298,46903,27812,19091,1063601,193506,239643,634137,1807132,418482,95523,1604552,1599869,1128802,431818,5487,33763,4683,6797786,20805177,,
1999:Q4,pct40to60,4877467,1989692,1540059,449633,2887775,429293,61874,62978,54468,8510,62288,51650,10639,498796,102511,90165,243943,1004046,268859,63022,923183,920767,584324,321976,3383,11083,2416,3954285,20807325,,
1999:Q4,pct20to40,3171968,1420201,1102658,317543,1751766,384601,59937,52954,39084,13870,16029,7401,8629,279480,54024,21139,71232,576568,192828,42974,474948,473617,270695,194401,2030,6492,1331,2697020,20815776,,
1999:Q4,pct00to20,1430333,713967,564510,149456,716367,182138,20216,27201,19692,7509,16383,14020,2364,125273,22474,2053,8891,197135,93390,21212,203658,203133,98012,102345,1669,1107,525,1226675,20799031,,
2000:Q1,pct99to100,8837213,1418472,1109190,309282,7418741,403509,383497,522630,397880,124750,325600,306584,19016,3622890,80103,25380,366794,221733,1433072,33534,429045,427653,276602,41759,6206,103086,1392,8408168,1042996,,
2000:Q1,pct80to99,21548128,5838831,4701486,1137346,15709296,1214968,503167,462464,391370,71094,232626,197250,35376,5143016,376628,485838,1677660,3208586,2239340,165004,2870654,2861972,2110662,461497,13593,276220,8682,18677474,19831801,,
2000:Q1,pct60to80,8574958,3164736,2496012,668723,5410222,567112,131779,126969,105932,21036,48135,29575,18560,1115789,199515,241819,658997,1812593,410738,96777,1597561,1592876,1128910,426409,5664,31893,4685,6977397,20867512,,
2000:Q1,pct40to60,4955898,2019856,1564446,455410,2936043,436671,64802,54799,48100,6699,62715,52867,9847,523878,105379,93715,253255,1023356,254163,63310,934991,932529,593412,323111,3555,12451,2462,4020907,20869479,,
2000:Q1,pct20to40,3223932,1468186,1143351,324835,1755746,381095,60932,45866,34981,10885,16115,7875,8241,284408,55544,21720,74551,578912,193225,43378,481984,480649,274939,197204,2272,6234,1335,2741948,20878322,,
2000:Q1,pct00to20,1439870,728436,576114,152322,711434,182036,19930,20741,14970,5771,14205,11801,2405,134481,22753,2198,8051,196642,89226,21170,207979,207477,101688,103786,2003,0,502,1231891,20861738,,
2000:Q2,pct99to100,8672117,1484842,1165014,319829,7187274,404955,377011,502425,373136,129289,315165,295406,19759,3365677,80498,24824,365454,219628,1497148,34489,443038,441545,285336,46886,5714,103608,1494,8229078,1046165,,
2000:Q2,pct80to99,21694896,6079009,4921935,1157074,15615887,1212754,488068,460902,378713,82189,226681,190341,36340,4936495,373102,491375,1650381,3281330,2326578,168220,2923306,2914647,2169842,474290,11864,258651,8658,18771590,19893536,,
2000:Q2,pct60to80,8630988,3259603,2580162,679441,5371385,573564,128866,125465,101287,24178,45626,27589,18037,1082032,203731,235944,647737,1811976,417949,98496,1623498,1618738,1147198,437952,5005,28583,4760,7007490,20931752,,
2000:Q2,pct40to60,5017189,2066217,1606172,460045,2950972,439007,64464,53377,43900,9477,64372,55308,9065,516820,107007,93416,248543,1040510,259425,64030,958607,956122,609475,331313,3134,12200,2485,4058582,20933508,,
2000:Q2,pct20to40,3250635,1509279,1176702,332577,1741356,374948,58604,43588,31953,11635,17785,9934,7852,274595,56972,21521,74627,580977,193657,44080,498229,496876,280811,206582,2069,7414,1352,2752406,20942697,,
2000:Q2,pct00to20,1445997,745337,589595,155742,700660,181514,19733,18410,12582,5828,11213,8775,2438,133527,22342,2216,7757,195753,86910,21285,213276,212775,105433,104748,1942,652,501,1232721,20926404,,
2000:Q3,pct99to100,8723464,1531848,1210153,321695,7191616,406826,395085,482871,354545,128327,321261,300780,20482,3279633,82880,24612,371998,218116,1572848,35485,458499,457072,294427,53331,4737,104578,1426,8264966,1049498,,
2000:Q3,pct80to99,22107310,6273946,5096070,1177876,15833363,1211397,513709,455772,369013,86759,234546,197270,37276,4915566,373711,508610,1661168,3361091,2426175,171617,3006601,2998109,2229114,492220,9233,267542,8492,19100708,19957393,,
2000:Q3,pct60to80,8755441,3350781,2661945,688836,5404661,580293,130704,123826,98434,25392,47986,30464,17522,1081587,209062,235641,652902,1814754,427575,100332,1655058,1650249,1164956,455386,3959,25947,4809,7100383,20998290,,
2000:Q3,pct40to60,5106123,2112713,1645429,467284,2993411,441577,66830,51856,40657,11199,64327,56038,8289,521837,109389,95805,250223,1059072,267645,64851,985842,983324,625749,342407,2449,12718,2518,4120282,20999818,,
2000:Q3,pct20to40,3296537,1560498,1223437,337061,1736039,368897,59107,41126,29465,11661,17298,9839,7459,270686,58475,21866,76135,583281,194315,44854,516951,515586,286790,219229,1650,7917,1365,2779586,21009294,,
2000:Q3,pct00to20,1456178,759733,604310,155423,696444,181020,19514,16650,11084,5566,9495,7034,2462,136332,22333,2323,7249,195089,85001,21437,216546,216053,109410,104499,1644,501,492,1239632,20993415,,
2000:Q4,pct99to100,8385756,1589150,1251424,337726,6796606,428944,425725,518483,380790,137693,346434,325244,21190,2754505,82998,23756,359483,215302,1604898,36078,472981,471149,300900,60049,5693,104507,1831,7912775,1053027,,
2000:Q4,pct80to99,22004376,6518640,5326328,1192313,15485735,1252610,559944,498438,394375,104063,258245,220053,38193,4380073,369567,503485,1582463,3427321,2480532,173056,3038685,3029961,2282554,513308,10910,223189,8724,18965690,20023723,,
2000:Q4,pct60to80,8744332,3430526,2732842,697684,5313806,597917,135049,142151,111791,30360,55823,38800,17023,984983,213205,224779,619531,1810288,429215,100865,1687986,1683052,1180456,476089,4678,21828,4934,7056346,21067524,,
2000:Q4,pct40to60,5112911,2132752,1664766,467986,2980159,454464,70612,57921,42874,15047,62628,55092,7536,488800,110945,93068,236954,1075092,265237,64439,1009947,1007421,638205,354544,2985,11687,2526,4102964,21068811,,
2000:Q4,pct20to40,3308354,1592444,1246597,345847,1715911,367957,61074,42702,29636,13066,14504,7425,7079,249439,59923,21176,74113,585253,194993,44776,537774,536382,291547,232893,2162,9779,1392,2770581,21078505,,
2000:Q4,pct00to20,1458905,772340,612139,160201,686565,181366,19314,20666,14772,5894,9158,6671,2487,127395,21859,2259,7264,193953,82194,21138,221710,221205,111564,104383,2236,3021,505,1237195,21063158,,
2001:Q1,pct99to100,8084282,1678147,1328860,349287,6406135,472468,470905,472514,312147,160368,336694,314660,22033,2341446,86124,23009,333512,213706,1618809,36948,479761,478332,306996,62882,3591,104863,1429,7604521,1056783,,
2001:Q1,pct80to99,22065677,6895441,5688812,1206629,15170236,1338376,629979,485453,341131,144322,252627,213300,39328,3949658,371692,501850,1441628,3507373,2515792,175805,3056525,3048249,2331751,513945,6321,196231,8276,19009151,20092881,,
2001:Q1,pct60to80,8773923,3577306,2871860,705446,5196617,626805,142239,131844,89773,42072,53552,36805,16747,905271,219024,215667,559679,1812733,427538,102265,1692000,1687067,1192494,473632,2782,18159,4932,7081923,21139846,,
2001:Q1,pct40to60,5150580,2178885,1709196,469690,2971694,478055,76029,57253,34030,23222,64548,57368,7181,460420,113637,91154,213439,1093852,258472,64834,1020455,1017878,649004,355990,1715,11169,2576,4130125,21140890,,
2001:Q1,pct20to40,3359934,1654457,1301655,352803,1705476,372052,64700,41274,24603,16671,16459,9365,7094,230715,61480,20654,69554,587675,195657,45256,545157,543762,295900,235409,1236,11217,1395,2814776,21150724,,
2001:Q1,pct00to20,1468698,800246,637354,162893,668452,182430,19124,14935,7890,7045,6666,3922,2744,120064,21995,2222,7580,193274,79030,21132,227867,227387,113480,107865,1359,4682,480,1240831,21136018,,
2001:Q2,pct99to100,8390209,1733187,1377084,356102,6657022,480935,472193,437800,277845,159954,337931,315068,22863,2553000,92871,22818,349799,206651,1664489,38536,490574,489275,315256,65832,2342,105845,1299,7899636,1060795,,
2001:Q2,pct80to99,22799172,7088684,5869393,1219291,15710488,1350519,627459,461681,312748,148933,256099,215657,40441,4267462,381363,519486,1500067,3580111,2584246,181995,3154774,3146716,2414457,524180,3873,204206,8058,19644399,20165219,,
2001:Q2,pct60to80,8994372,3660130,2948978,711153,5334241,637282,141116,123625,80340,43285,54418,37959,16459,968170,226856,215505,585260,1844110,431957,105941,1733010,1728036,1229899,480965,1736,15436,4975,7261362,21215653,,
2001:Q2,pct40to60,5268984,2216841,1745157,471683,3052143,484023,76583,54473,29499,24974,65422,58630,6792,489994,117696,93611,223075,1120378,259530,67359,1047073,1044459,671084,360653,1056,11666,2613,4221911,21216459,,
2001:Q2,pct20to40,3413734,1694832,1337337,357494,1718902,367426,63422,38283,21585,16699,17016,9946,7070,239129,63165,21013,72819,592857,196561,47211,557129,555722,302968,240220,776,11758,1407,2856604,21226343,,
2001:Q2,pct00to20,1482602,810485,647414,163072,672116,182202,19001,12207,5434,6773,4971,1996,2976,130152,22864,2331,6861,192932,76693,21902,234701,234232,116354,112399,897,4582,468,1247901,21212382,,
2001:Q3,pct99to100,7994070,1782525,1423325,359199,6211546,495293,495694,483579,329571,154008,382699,359001,23698,1988034,89671,22162,321399,198157,1694470,40388,513247,511555,328711,71075,3814,107956,1692,7480823,1065096,514258,2096712678
2001:Q3,pct80to99,22415177,7250934,6016006,1234927,15164243,1374819,661385,507216,363598,143619,295813,254250,41563,3618897,370214,520601,1350525,3639212,2636138,189422,3300181,3291902,2487086,530474,6245,268096,8280,19114995,20241090,82281,514258
2001:Q3,pct60to80,8974901,3753493,3035735,717758,5221408,650917,144284,143506,101909,41597,67712,51528,16184,843646,229344,207738,522025,1868313,433491,110433,1760980,1755878,1253319,485459,2792,14309,5101,7213922,21295339,51426,82281
2001:Q3,pct40to60,5286130,2269974,1793913,476062,3016156,492951,79617,59295,34520,24775,62884,56469,6414,440799,118073,92329,198306,1144475,256788,70639,1078574,1075949,694189,366203,1768,13789,2624,4207556,21295921,30855,51426
2001:Q3,pct20to40,3426028,1735934,1374627,361307,1690094,364144,64656,39301,23490,15811,12503,5448,7055,211716,64564,20620,67719,597726,197455,49690,572715,571280,311138,247872,1402,10869,1435,2853313,21305754,16816,30855
2001:Q3,pct00to20,1482609,821799,659692,162107,660810,182180,18875,16757,10573,6184,6140,2932,3209,116595,21700,2315,7167,192093,74041,22946,240179,239698,123109,113268,1645,1676,481,1242429,21292634,0,16816
2001:Q4,pct99to100,8460609,1869045,1493987,375058,6591564,509275,500749,453189,298785,154403,355928,331914,24015,2389053,102107,22700,335757,199915,1681060,41831,510883,509221,333849,68450,891,106031,1662,7949726,1069703,,
2001:Q4,pct80to99,23068160,7413977,6171944,1242033,15654183,1404511,711146,470809,326446,144363,276530,234926,41604,4011303,385679,523848,1446476,3660530,2571800,191551,3312167,3303910,2535114,558185,1301,209311,8256,19755994,20320700,,
2001:Q4,pct60to80,9293398,3824409,3091788,732621,5468990,681380,153822,129595,87339,42256,64952,48746,16206,924544,228735,220230,547612,1957935,448178,112004,1820845,1815846,1291500,511158,630,12557,5000,7472553,21379139,,
2001:Q4,pct40to60,5401585,2315040,1828505,486534,3086545,489783,86889,55682,31055,24627,65512,58336,7176,479272,118940,94215,206080,1166105,252262,71806,1106671,1104053,710086,380025,331,13611,2617,4294914,21379517,,
2001:Q4,pct20to40,3478326,1754942,1393556,361386,1723384,375754,65711,35906,20872,15034,16154,8855,7299,224098,63753,20973,68748,597251,204830,50206,591403,590000,321211,256650,248,11890,1403,2886923,21389193,,
2001:Q4,pct00to20,1514070,837339,670670,166668,676731,181575,19959,11970,5983,5987,5847,2738,3109,127499,25104,2427,7428,186709,84587,23627,243588,243063,120025,117359,284,5395,525,1270482,21376999,,
2002:Q1,pct99to100,8641150,1956829,1565339,391490,6684321,526598,472558,440991,292182,148810,344564,320181,24384,2467583,113649,22809,347300,199810,1705174,43285,524841,522972,352448,65045,262,105217,1869,8116309,1074576,,
2002:Q1,pct80to99,23274033,7578272,6337094,1241178,15695761,1441238,704488,447898,312220,135678,270315,228594,41721,3989483,399171,511482,1529329,3662106,2546585,193666,3353163,3344730,2582572,554795,361,207002,8433,19920870,20403670,,
2002:Q1,pct60to80,9529897,3903460,3160540,742920,5626437,713578,156617,122457,82362,40096,66929,50641,16288,924375,227594,225685,567526,2037970,470138,113566,1837379,1832444,1315216,504619,184,12425,4935,7692517,21466639,,
2002:Q1,pct40to60,5495780,2376200,1883325,492874,3119581,488497,90138,52985,30252,22733,67074,59022,8051,483283,119446,92588,211644,1184168,256799,72958,1136772,1134174,736165,382809,85,15114,2599,4359008,21466832,,
2002:Q1,pct20to40,3495851,1760536,1400557,359978,1735315,388207,63029,33080,19619,13461,18163,10507,7656,220534,62911,20620,69234,596269,212559,50709,605715,604336,335695,257126,63,11451,1379,2890136,21476263,,
2002:Q1,pct00to20,1536922,850819,680964,169855,686103,181186,21014,9532,4046,5486,6695,3619,3075,128124,28329,2423,7757,180596,96142,24305,252783,252202,126714,119121,68,6299,581,1284139,21465050,,
2002:Q2,pct99to100,8489957,2048998,1640220,408778,6440959,522734,438715,480803,303255,177548,322852,298142,24710,2226297,121925,22838,319681,199099,1740749,45266,538331,536485,371705,63378,-2826,104227,1847,7951626,1079665,,
2002:Q2,pct80to99,22907429,7733643,6489623,1244020,15173786,1433836,686673,498982,314482,184500,255477,213711,41766,3580056,405740,496156,1428328,3657307,2532991,198241,3403700,3395282,2647856,565399,-3623,185649,8418,19503729,20489475,,
2002:Q2,pct60to80,9610727,3973875,3218313,755563,5636851,734199,157794,138605,83567,55039,66019,49709,16310,848866,224631,229816,510259,2115489,494410,116762,1880697,1875863,1352755,513300,-1952,11759,4835,7730029,21557266,,
2002:Q2,pct40to60,5543371,2448644,1947768,500876,3094727,476936,92361,63003,31354,31650,69607,60791,8816,455391,118710,90297,187474,1201234,264069,75642,1177641,1175049,767731,391956,-777,16139,2592,4365730,21557290,,
2002:Q2,pct20to40,3485719,1757558,1397889,359670,1728161,395502,59673,36190,19320,16869,21433,13537,7896,202919,61964,20133,62490,595142,220447,52268,627411,626063,351434,263655,-548,11521,1348,2858308,21566410,,
2002:Q2,pct00to20,1551335,862901,688819,174082,688434,180161,21981,10287,3438,6849,6829,3861,2969,119192,30894,2396,8875,174208,108068,25545,261801,261174,133558,119956,-563,8224,626,1289534,21556196,,
2002:Q3,pct99to100,8133942,2136895,1722037,414859,5997047,544133,412959,486424,290636,195787,314712,289621,25091,1766419,127761,22918,288927,198370,1787335,47089,550769,548523,388408,60170,-3460,103406,2246,7583173,1084916,,
2002:Q3,pct80to99,22269870,7851255,6594856,1256399,14418615,1479235,680608,516590,296334,220256,252368,210481,41887,2903659,407113,482505,1311590,3652397,2530560,201991,3476717,3467961,2723560,577559,-4272,171114,8756,18793153,20577589,,
2002:Q3,pct60to80,9655776,4058747,3287517,771230,5597028,768548,160179,143459,77267,66192,69578,53184,16393,718432,220289,234794,447667,2193764,520905,119413,1938067,1933268,1401638,522725,-2385,11290,4799,7717708,21650447,,
2002:Q3,pct40to60,5589679,2537914,2021652,516262,3051765,478063,95230,68094,29928,38166,71084,61379,9705,402177,117038,88391,161415,1218495,273970,77809,1219378,1216815,800273,399976,-857,17423,2563,4370301,21650315,,
2002:Q3,pct20to40,3489714,1776851,1419920,356932,1712863,409031,57199,36851,17937,18914,23215,14959,8256,174682,60937,19723,55235,594035,228487,53466,646898,645569,367023,267738,-601,11409,1329,2842816,21659078,,
2002:Q3,pct00to20,1561445,878130,703028,175103,683315,180095,22895,9227,1526,7701,8077,5145,2932,103026,32969,2383,9939,167757,120350,26598,271664,270972,138258,123440,-570,9844,692,1289781,21649847,,
2002:Q4,pct99to100,8385893,2218445,1796448,421997,6167448,549506,419327,497371,273046,224325,302414,276945,25469,1957293,134329,23817,298881,199208,1735733,49568,563138,560859,405944,57937,-5683,102661,2279,7822755,1090278,,
2002:Q4,pct80to99,22609324,7973406,6710372,1263035,14635918,1491246,727612,561476,274532,286944,246001,204001,42000,3020400,409909,496793,1385570,3664217,2423868,208826,3564246,3555458,2800121,592960,-6710,169087,8788,19045078,20667486,,
2002:Q4,pct60to80,9951838,4143824,3360029,783795,5808014,793955,169329,156697,69985,86712,72285,55816,16470,747387,216282,253412,464192,2281303,529058,124113,1998151,1993444,1450208,535953,-3886,11169,4706,7953687,21745609,,
2002:Q4,pct40to60,5716264,2615678,2087116,528562,3100586,471456,102084,78742,27999,50742,73057,62471,10586,420001,115603,92875,165729,1239126,260011,81901,1264047,1261493,833583,410057,-1244,19097,2554,4452217,21745328,,
2002:Q4,pct20to40,3537436,1797033,1443676,353357,1740403,418578,58386,39574,16402,23172,25603,17000,8604,176850,59924,20596,55496,593439,235965,55993,668513,667214,382947,274170,-841,10937,1299,2868923,21753715,,
2002:Q4,pct00to20,1591859,893597,718159,175438,698262,179532,23957,9356,0,9356,9143,6258,2885,107533,35198,2587,10320,161849,130429,28358,280279,279538,143510,125930,-734,10831,741,1311580,21745414,,
2003:Q1,pct99to100,8448006,2304435,1864599,439835,6143572,584220,388280,479701,263601,216100,302190,276407,25783,1885182,143748,24352,297270,197631,1789584,51414,573638,570638,421711,52655,-5605,101877,3000,7874369,1095699,,
2003:Q1,pct80to99,22609019,8133639,6876693,1256946,14475379,1564641,709717,522330,260493,261836,250290,208274,42016,2815515,418537,498241,1404895,3650472,2428177,212563,3642744,3633350,2866092,591794,-6473,181937,9393,18966275,20758641,,
2003:Q1,pct60to80,10146460,4225624,3434209,791415,5920837,835980,169914,145263,65607,79656,79236,62775,16462,711430,213748,266133,458359,2356764,557250,126760,2034772,2030054,1491751,530688,-3840,11454,4718,8111688,21842178,,
2003:Q1,pct40to60,5790323,2670650,2138530,532120,3119673,479362,103766,72412,26951,45461,73436,62133,11303,408722,115192,94469,161504,1255115,271637,84058,1296328,1293819,862392,411378,-1138,21187,2509,4493995,21841754,,
2003:Q1,pct20to40,3544815,1798521,1447292,351228,1746294,435627,55269,35656,15325,20331,26188,17403,8785,166567,58988,20888,53651,592079,244203,57177,679729,678440,397669,271519,-775,10027,1289,2865086,21849765,,
2003:Q1,pct00to20,1615079,907986,729949,178037,707092,180086,24753,8431,0,8431,11179,8442,2737,103600,38015,2694,10878,154956,143089,29413,289950,289127,147625,131087,-610,11025,823,1325128,21842307,,
2003:Q2,pct99to100,9145221,2393711,1940823,452887,6751510,596716,363392,452593,240385,212208,343963,317809,26153,2383070,156902,25295,326272,197245,1852911,53150,593310,590097,443905,49626,-4894,101460,3213,8551911,1101126,,
2003:Q2,pct80to99,23437818,8282051,7022391,1259660,15155767,1591757,700702,484885,235042,249843,291220,249109,42111,3261702,434837,513539,1569815,3649475,2442109,215726,3845821,3836246,2968670,603414,-5564,269726,9575,19591997,20850529,,
2003:Q2,pct60to80,10562702,4318380,3515311,803069,6244322,865491,171431,134243,57750,76493,100203,83682,16521,806300,213160,285986,511646,2439460,587373,129029,2111481,2106830,1556750,539624,-3365,13821,4651,8451221,21939580,,
2003:Q2,pct40to60,5966941,2752609,2211452,541157,3214332,476518,105942,67281,24480,42801,68068,55905,12163,456202,116127,99302,179792,1273692,285551,85856,1352555,1350065,906589,419231,-936,25182,2490,4614386,21939016,,
2003:Q2,pct20to40,3581054,1809410,1460313,349098,1771643,447089,52830,32255,13678,18577,20601,11499,9102,179805,58154,21825,57317,591087,252569,58111,699927,698663,416749,275516,-649,7047,1263,2881127,21946673,,
2003:Q2,pct00to20,1662963,925837,745650,180187,737127,179908,25515,7885,0,7885,16732,14064,2668,116736,41597,2914,10979,148460,156061,30340,297834,296953,155717,134519,-457,7173,881,1365129,21939935,,
2003:Q3,pct99to100,9515639,2484029,2025225,458804,7031611,593388,333508,465724,274573,191152,335688,309303,26385,2620306,168559,25976,331039,196113,1905870,55440,612675,609410,468364,48185,-7371,100232,3265,8902964,1106507,,
2003:Q3,pct80to99,23723445,8419927,7148929,1270998,15303519,1585941,681126,464413,259473,204940,289538,247529,42009,3388330,447911,519568,1619839,3640656,2444706,221491,3922162,3912539,3061439,615056,-8109,244153,9623,19801283,20942623,,
2003:Q3,pct60to80,10844591,4416980,3598881,818098,6427611,885735,171207,129061,65807,63254,105869,89459,16411,836570,211692,301592,518059,2519086,615711,133028,2172232,2167674,1610270,549416,-5035,13023,4558,8672359,22037242,,
2003:Q3,pct40to60,6099979,2845635,2289549,556087,3254344,466145,106995,62038,28003,34035,68586,55914,12673,474661,116471,102043,180199,1290968,296954,89284,1405864,1403385,949268,429058,-1267,26327,2479,4694115,22036536,,
2003:Q3,pct20to40,3614310,1831283,1485249,346033,1783027,454434,49769,29243,14673,14570,21824,12745,9078,180613,57263,22343,56605,589831,260935,60168,726043,724810,435850,282659,-846,7146,1233,2888267,22043886,,
2003:Q3,pct00to20,1698374,944869,764046,180823,753505,179204,26132,6453,0,6453,18484,16086,2397,121466,44883,3064,11456,141610,168888,31865,310892,309960,165742,135301,-513,9430,932,1387482,22037710,,
2003:Q4,pct99to100,10164071,2576052,2107346,468706,7588019,601464,308428,512681,306173,206508,323845,297146,26698,3078625,179863,26997,357276,195620,1945395,57826,638958,635696,485318,45552,5676,99150,3261,9525113,1111790,,
2003:Q4,pct80to99,24457095,8577653,7297458,1280195,15879442,1604076,668160,513782,280363,233420,285328,243304,42024,3738453,460156,537305,1773017,3638738,2432742,227684,3990457,3980832,3142141,630149,6635,201908,9624,20466638,21034399,,
2003:Q4,pct60to80,11251484,4520084,3687301,832783,6731400,912481,171643,145425,73088,72337,111180,94779,16401,909190,209960,323399,566177,2602924,641705,137315,2245010,2240554,1662690,562051,4038,11776,4456,9006474,22134591,,
2003:Q4,pct40to60,6278544,2929389,2360371,569018,3349155,461450,108381,70322,31262,39060,69775,56382,13393,510768,116648,107568,196450,1309687,305124,92983,1452384,1449913,983139,438443,1124,27207,2471,4826159,22133738,,
2003:Q4,pct20to40,3666135,1851481,1507390,344090,1814654,464720,47234,31244,15410,15834,23820,14565,9256,187740,56348,23413,59700,588745,269281,62410,749816,748615,451989,287999,913,7713,1201,2916319,22140849,,
2003:Q4,pct00to20,1743169,965648,782839,182809,777522,178948,26715,7044,0,7044,20289,18045,2244,131574,48105,3313,11588,134947,181506,33492,323314,322333,170336,138739,555,12703,981,1419855,22135041,,
2004:Q1,pct99to100,11028058,2708789,2225407,483382,8319269,627228,283864,877662,662268,215394,324390,297271,27119,3350483,186821,27824,360360,199230,2022037,59370,650406,647136,502687,41098,5251,98101,3269,10377653,1116924,,
2004:Q1,pct80to99,25310891,8876916,7585615,1291302,16433975,1659381,654241,759734,509790,249944,292392,250203,42189,3871053,463283,548119,1815616,3680521,2459816,229819,4063975,4054340,3208311,628744,6005,211279,9635,21246917,21125330,,
2004:Q1,pct60to80,11760289,4678129,3828525,849603,7082160,949822,171675,260163,182370,77792,121246,104726,16521,939480,205816,342067,569343,2708830,674809,138910,2278959,2274605,1701910,557022,3724,11949,4354,9481330,22231053,,
2004:Q1,pct40to60,6485498,3025873,2444171,581702,3459625,465392,109452,111320,69464,41855,69188,54792,14396,528839,115183,111533,195587,1336674,322314,94145,1486008,1483545,1012879,440355,968,29344,2463,4999490,22230046,,
2004:Q1,pct20to40,3725824,1882398,1537899,344499,1843426,479770,44720,39733,23518,16216,24074,14375,9699,187226,55287,24169,58675,588963,277914,62895,762635,761465,467283,286571,783,6829,1170,2963189,22237007,,
2004:Q1,pct00to20,1818677,999653,812375,187278,819023,179392,27213,27514,20220,7295,23437,21195,2242,136289,50454,3509,12104,129858,195057,34194,332890,331859,175619,142682,424,13135,1031,1485787,22231338,,
2004:Q2,pct99to100,11303284,2825272,2339043,486228,8478013,639353,259394,804479,597508,206972,329630,302088,27542,3415814,195874,28424,361674,215262,2167194,60914,671391,667690,527568,37978,5179,96965,3701,10631893,1121855,,
2004:Q2,pct80to99,25576590,9077047,7767038,1310008,16499543,1686359,638484,699413,468141,231272,304048,261695,42353,3776773,470702,550816,1849807,3731821,2559386,231935,4192940,4182943,3314753,634998,5819,227372,9997,21383650,21214891,,
2004:Q2,pct60to80,12037572,4827054,3958917,868137,7210517,979057,171146,228928,156493,72435,133513,116870,16643,927153,202733,356901,569147,2780565,720879,140496,2346799,2342483,1766058,560457,3667,12302,4316,9690773,22326054,,
2004:Q2,pct40to60,6663236,3159143,2558319,600824,3504093,462868,110109,100306,62209,38098,67520,52102,15418,529653,114461,113630,193453,1360679,356117,95297,1541020,1538589,1059745,446300,897,31647,2431,5122216,22324881,,
2004:Q2,pct20to40,3770544,1919753,1577817,341936,1850791,491214,42175,36224,21950,14274,23414,13260,10154,179656,54275,24553,57350,591524,287037,63371,784335,783186,487503,289218,726,5740,1149,2986210,22331806,,
2004:Q2,pct00to20,1865048,1032443,844463,187980,832605,179361,27610,18178,11548,6630,27192,24947,2245,135676,53240,3642,12649,129921,210242,34896,345871,344770,185647,145588,346,13189,1101,1519177,22326011,,
2004:Q3,pct99to100,11700402,2959325,2456584,502741,8741078,641447,236134,869141,651047,218093,314129,286182,27947,3481537,204215,29159,358312,231590,2312298,63116,682396,678481,548068,36159,-1546,95800,3915,11018006,1126531,488098,1878174491
2004:Q3,pct80to99,25941148,9329000,8020422,1308577,16612149,1692549,622905,743970,492136,251834,298585,256092,42493,3676371,476590,558237,1861416,3785415,2658911,237201,4294201,4284023,3408446,651820,-1656,225413,10179,21646947,21302558,89322,487893
2004:Q3,pct60to80,12359843,4984755,4106469,878286,7375089,1002109,170362,249785,170644,79141,140305,123557,16748,913936,199203,374410,560000,2853681,767120,144178,2415340,2411098,1824776,575239,-1076,12157,4243,9944503,22419022,53593,89322
2004:Q3,pct40to60,6879767,3312795,2705722,607072,3566972,455677,110540,109535,67910,41624,69039,52624,16415,530379,113445,116882,187944,1385147,389954,98430,1592872,1590461,1099880,457194,-229,33616,2411,5286895,22417668,33881,53593
2004:Q3,pct20to40,3811434,1947853,1607574,340279,1863582,499922,39730,36922,22015,14906,26130,15551,10579,171707,53226,25164,55227,594110,296230,65213,808159,807038,505655,296418,-171,5135,1122,3003275,22424692,18924,33881
2004:Q3,pct00to20,1924549,1067209,876304,190905,857340,178977,27927,20937,13953,6984,29653,27425,2228,134994,55891,3816,13261,130054,225506,36324,356108,354947,192666,148044,-58,14295,1161,1568441,22418471,0,18888
2004:Q4,pct99to100,12391381,3025051,2524867,500184,9366329,678842,237123,962529,783169,179360,362429,334000,28429,3818203,210412,30301,396107,252919,2353539,63926,696619,692541,556043,37754,-2055,100799,4079,11694761,1130911,,
2004:Q4,pct80to99,27141527,9744395,8406433,1337962,17397132,1751256,619979,746038,560432,185606,315668,272893,42774,3983570,486738,589576,1991871,3914570,2753772,244095,4473987,4463647,3535007,671026,-2257,259871,10341,22667540,21387830,,
2004:Q4,pct60to80,12674197,5136918,4241951,894967,7537279,1008550,173859,269157,210655,58502,143061,126758,16303,985960,202328,377638,620960,2839321,766929,149516,2522976,2518688,1903939,600204,-1437,15982,4287,10151221,22509414,,
2004:Q4,pct40to60,7002722,3340428,2719687,620741,3662295,471544,110915,112597,83055,29542,64595,47102,17493,546048,116699,125346,212398,1409677,389976,102499,1629136,1626696,1131753,462701,-332,32573,2440,5373586,22507863,,
2004:Q4,pct20to40,3896375,1996141,1646789,349352,1900233,503982,40167,37345,25927,11419,22324,11111,11213,186927,57446,27447,61593,609772,285050,68180,819882,818673,512192,302163,-256,4574,1210,3076492,22515133,,
2004:Q4,pct00to20,2030014,1122817,927803,195014,907196,185953,27293,31819,26374,5445,29971,27151,2820,144493,55546,3690,12468,136459,241296,38207,360607,359464,201643,146271,-103,11653,1144,1669406,22508169,,
2005:Q1,pct99to100,12555574,3088737,2586415,502323,9466836,715915,225757,925211,743014,182196,373959,345039,28920,3843243,210439,30908,402306,270714,2404224,64159,690811,686672,553414,33446,-6069,105882,4139,11864762,1134991,,
2005:Q1,pct80to99,27691254,10113829,8755512,1358318,17577425,1808330,592967,738681,544671,194010,300448,257391,43057,3969736,484091,601988,1969519,4004546,2858821,248299,4579507,4569090,3653107,671079,-6726,251629,10417,23111747,21470315,,
2005:Q1,pct60to80,12771173,5277768,4370171,907598,7493405,1013528,173497,252618,191651,60966,134388,118536,15852,998967,202128,371165,620703,2804671,768666,153074,2610947,2606631,1989757,602410,-4228,18691,4317,10160226,22596820,,
2005:Q1,pct40to60,7093635,3398680,2769742,628938,3694955,487065,108824,110148,79131,31017,66697,48050,18647,537531,117683,129319,213683,1426744,392372,104888,1640472,1637998,1154231,454155,-1016,30627,2474,5453162,22595058,,
2005:Q1,pct20to40,3962591,2035539,1677160,358379,1927053,507383,39085,40968,28336,12632,25082,13174,11907,193469,61505,28838,62467,624228,274041,69987,812222,810926,514898,291613,-774,5189,1295,3150370,22602695,,
2005:Q1,pct00to20,2102454,1174623,975039,199584,927831,192981,26324,26710,20876,5834,27490,24031,3458,146638,53941,3407,12181,141411,257270,39478,367662,366541,203152,152271,-330,11448,1121,1734792,22594725,,
2005:Q2,pct99to100,12997771,3160332,2647658,512674,9837439,739376,219451,977610,790000,187610,394800,365444,29356,3979367,211840,31796,422356,289392,2507369,64082,706001,701578,561002,33170,-3619,111024,4424,12291770,1138778,,
2005:Q2,pct80to99,28560685,10514328,9139253,1375076,18046357,1836437,575711,777546,570185,207362,292466,249210,43257,4068071,484320,624563,2013369,4102994,3019793,251086,4725402,4714723,3790453,682088,-4198,246380,10679,23835283,21549648,,
2005:Q2,pct60to80,12962074,5420261,4500256,920004,7541814,1009559,174949,267151,202202,64949,128106,112789,15317,1033118,202664,369793,647271,2773006,780498,155699,2719523,2715144,2078294,617876,-2558,21531,4379,10242552,22680861,,
2005:Q2,pct40to60,7233321,3468433,2835053,633380,3764888,496059,107794,118394,85009,33385,67106,47422,19683,536367,119185,135713,225165,1445233,407477,106396,1674314,1671817,1189106,454695,-692,28709,2497,5559007,22678879,,
2005:Q2,pct20to40,4018575,2061655,1691644,370012,1956920,506824,38652,46036,31816,14220,26191,13707,12484,203354,65629,30714,65764,638976,263595,71185,820131,818743,521667,291912,-564,5728,1388,3198444,22686967,,
2005:Q2,pct00to20,2189941,1227647,1020432,207215,962294,199637,25470,31201,24835,6366,25526,21489,4037,151404,52604,3206,11654,146702,274460,40430,376765,375656,212237,152647,-284,11056,1108,1813176,22677800,,
2005:Q3,pct99to100,13445053,3222475,2715117,507358,10222579,772577,224443,890905,739628,151277,412371,382677,29694,4224245,215642,32504,448424,307925,2628349,65193,719383,715399,568733,33881,-3395,116180,3984,12725671,1142278,,
2005:Q3,pct80to99,29508460,10913328,9519601,1393727,18595132,1883858,579986,701121,548950,152171,280610,237285,43325,4275563,489559,640857,2085175,4198811,3199961,259631,4880911,4870572,3929967,698832,-4090,245862,10340,24627549,21625464,,
2005:Q3,pct60to80,13161108,5582279,4652210,930069,7578829,1010174,180302,228417,180662,47756,120264,105614,14650,1087539,204490,365237,685433,2738892,795922,162157,2834415,2830083,2168340,639636,-2423,24530,4332,10326693,22761158,,
2005:Q3,pct40to60,7384917,3548510,2906070,642439,3836408,509461,109039,103491,79871,23620,67929,47471,20458,541697,121582,140615,241093,1463062,426919,111521,1711840,1709282,1224735,458408,-721,26860,2558,5673077,22758953,,
2005:Q3,pct20to40,4108967,2117971,1742025,375946,1990996,508292,39649,44602,33646,10956,27769,14958,12811,216431,69845,32292,70119,653657,253452,74888,830835,829374,528469,295375,-609,6139,1461,3278133,22767536,,
2005:Q3,pct00to20,2274449,1285386,1077011,208375,989063,206700,24843,23431,18485,4946,23025,18548,4477,158645,51745,2954,11008,151914,292092,42707,384992,383931,221637,152252,-336,10378,1061,1889458,22757055,,
2005:Q4,pct99to100,13772178,3268609,2766187,502422,10503569,799304,244323,925856,752699,173157,432365,402472,29894,4301515,217081,33325,471508,326704,2684956,66630,733433,729738,575084,34670,-1741,121724,3695,13038745,1145497,,
2005:Q4,pct80to99,30320270,11290895,9875281,1415614,19029375,1917201,611803,748582,558463,190119,269947,226729,43218,4310584,489886,661325,2142224,4296277,3311751,269794,4998982,4988857,4057744,714056,-2210,219267,10124,25321288,21697397,,
2005:Q4,pct60to80,13340554,5722075,4780028,942046,7618479,1006201,190452,239290,179937,59353,112624,98812,13812,1110933,205030,362722,717830,2704490,799210,169698,2939771,2935463,2249767,659951,-1263,27008,4307,10400783,22837333,,
2005:Q4,pct40to60,7502190,3600439,2947558,652881,3901751,519717,113007,112176,81925,30251,67965,47134,20831,534768,123109,146515,254859,1481020,430946,117669,1744150,1741540,1255844,461732,-422,24386,2610,5758040,22834903,,
2005:Q4,pct20to40,4202524,2175177,1792292,382886,2027346,507737,42494,50918,36608,14310,28634,15875,12760,225050,74006,34072,73964,668386,242785,79300,841169,839631,533961,298745,-373,7297,1538,3361355,22843993,,
2005:Q4,pct00to20,2360475,1340740,1130319,210421,1019735,213649,24402,24988,18788,6199,20361,15662,4699,162079,50397,2734,10400,157207,308159,45360,393835,392814,230466,151400,-225,11173,1020,1966640,22832153,,
2006:Q1,pct99to100,14558051,3247027,2735131,511897,11311024,860463,245573,968464,799120,169344,460831,430992,29840,4933020,200760,34173,493501,346168,2701988,66083,752087,748360,585846,34433,1362,126719,3727,13805964,1148443,,
2006:Q1,pct80to99,31373922,11418424,9989170,1429253,19955498,2019841,607861,771665,584252,187413,266432,223634,42798,4907906,453202,682876,2193635,4400262,3381335,270484,5170154,5159981,4202178,721145,1859,234799,10173,26203768,21765081,,
2006:Q1,pct60to80,13489216,5741237,4788712,952525,7747979,1019508,194854,247905,189518,58387,107258,94569,12689,1235446,195952,360691,748118,2672321,794973,170951,3047109,3042779,2339814,671516,1015,30433,4330,10442107,22909006,,
2006:Q1,pct40to60,7579602,3593004,2937144,655859,3986599,545601,113400,117605,87854,29751,65567,45118,20449,562402,118049,152680,267850,1500010,425548,117887,1781900,1779255,1294959,461077,389,22830,2645,5797702,22906358,,
2006:Q1,pct20to40,4247324,2172578,1778708,393870,2074746,514729,43052,55271,40539,14732,27186,15173,12013,248681,77638,35907,77627,683290,231753,79612,849499,847874,541805,298454,363,7252,1625,3397825,22915925,,
2006:Q1,pct00to20,2422333,1363175,1145768,217407,1059158,221611,23544,28814,22542,6272,17915,13408,4507,177719,45427,2521,9800,162762,323197,45848,404067,403072,242336,150960,236,9540,995,2018266,22902753,,
2006:Q2,pct99to100,14560969,3255809,2749181,506628,11305161,884365,257337,927480,736712,190768,494885,465321,29564,4798844,200971,34731,498938,364998,2777089,65521,765917,762167,593558,33145,3602,131862,3750,13795052,1151122,,
2006:Q2,pct80to99,31691467,11650773,10199495,1451279,20040693,2045687,622877,787008,556002,231006,267825,225716,42109,4724310,450927,694272,2167605,4496239,3512803,271139,5332628,5322413,4348929,727396,5318,240771,10214,26358839,21828150,,
2006:Q2,pct60to80,13502406,5821439,4856931,964508,7680967,1011888,202555,237260,165627,71633,103476,92114,11363,1220541,195787,353697,746554,2635108,801913,172188,3157098,3152747,2435893,680415,2766,33674,4351,10345308,22975799,,
2006:Q2,pct40to60,7631799,3627732,2961402,666330,4004067,554223,115592,118740,81204,37536,61401,41925,19476,540371,119114,156415,268667,1517306,434143,118094,1816986,1814305,1332846,459205,1214,21039,2680,5814814,22972941,,
2006:Q2,pct20to40,4298048,2207787,1806843,400944,2090261,512553,44904,60083,41328,18755,24075,13338,10737,252023,81783,37248,78399,697920,221354,79917,854543,852831,548654,295513,1182,7482,1711,3443505,22982922,,
2006:Q2,pct00to20,2476314,1400185,1180643,219542,1076129,228619,22751,23074,15351,7724,15603,11606,3997,176528,43807,2231,9516,168035,339632,46333,416373,415405,252210,153938,813,8445,969,2059940,22968517,,
2006:Q3,pct99to100,14918775,3249500,2750345,499154,11669275,914553,277727,922496,749304,173192,513086,484012,29073,4985443,206256,35557,520884,384780,2843618,64877,775811,772097,596099,34223,4747,137027,3714,14142964,1153539,,
2006:Q3,pct80to99,32366722,11844238,10369097,1475141,20522484,2083475,652735,767339,565319,202020,252711,211557,41154,4865381,459212,715231,2218188,4601772,3635019,271421,5479820,5469616,4468007,748732,7613,245264,10204,26886902,21886240,,
2006:Q3,pct60to80,13594644,5881967,4904929,977038,7712677,1006597,212701,227318,164711,62608,93598,83708,9890,1263800,198344,351331,776732,2601828,807245,173183,3262768,3258406,2514500,703245,3760,36902,4362,10331876,23037333,,
2006:Q3,pct40to60,7699175,3640244,2962088,678156,4058931,565558,119035,115519,83217,32302,60004,41972,18033,537668,122058,162444,281648,1536186,440732,118079,1848949,1846230,1358814,466344,1880,19193,2718,5850227,23034279,,
2006:Q3,pct20to40,4362615,2243189,1835544,407645,2119426,511382,47789,61444,44313,17130,23859,14798,9062,264001,86087,39055,82061,712774,210903,80070,863211,861415,551966,299809,1887,7753,1796,3499404,23044571,,
2006:Q3,pct00to20,2533387,1428864,1207719,221145,1104523,235859,21913,22622,15605,7017,11456,8210,3246,182322,43210,2014,8904,173680,355802,46739,427838,426899,259038,159088,1353,7420,939,2105549,23029107,,
2006:Q4,pct99to100,15423054,3223045,2723959,499086,12200009,946386,307148,845174,678479,166695,535874,507101,28773,5412624,213565,36472,551516,405197,2880783,65269,784108,780375,595138,35491,7953,141793,3733,14638946,1155703,,
2006:Q4,pct80to99,33243007,11972160,10482427,1489733,21270847,2123709,697597,723519,529194,194325,241201,200769,40432,5249583,471698,739476,2308330,4713465,3725569,276699,5614127,5603890,4551013,764166,14588,274123,10237,27628880,21938985,,
2006:Q4,pct60to80,13690055,5897004,4911044,985960,7793051,1001144,225051,200612,140494,60118,85056,76408,8647,1349823,201974,350498,823575,2570897,806919,177504,3340111,3335731,2566045,722405,6699,40582,4380,10349944,23093228,,
2006:Q4,pct40to60,7742046,3614221,2930492,683729,4127825,577464,123561,106411,75493,30917,58400,41202,17198,548363,125747,169268,301053,1556009,440341,121209,1866973,1864221,1371291,470981,3982,17967,2752,5875073,23089998,,
2006:Q4,pct20to40,4412840,2255383,1840019,415364,2157457,510123,51716,60938,43816,17121,23447,15494,7953,282225,90453,41025,87250,727725,200157,82399,869121,867238,551850,303874,4189,7325,1883,3543719,23100463,,
2006:Q4,pct00to20,2580440,1447614,1223227,224387,1132826,243199,20956,15655,8726,6929,7903,5071,2832,193172,43016,1821,8102,179568,371139,48296,432884,431972,264007,159799,3126,5041,912,2147556,23084184,,
2007:Q1,pct99to100,15832258,3166657,2658940,507717,12665600,1009425,323348,875828,701388,174440,567421,538906,28515,5706153,216628,37078,568087,424982,2871770,64879,790977,787037,600393,33960,5593,147092,3939,15041281,1157619,,
2007:Q1,pct80to99,33826543,11968832,10468438,1500395,21857711,2225760,717570,757226,544440,212786,238312,198551,39761,5496137,475294,752834,2333109,4817078,3766162,278229,5699696,5689272,4651202,759525,10977,267568,10424,28126846,21986018,,
2007:Q1,pct60to80,13688748,5842827,4848265,994562,7845921,1009839,233704,208169,142538,65632,79635,72156,7479,1411445,203276,344468,843363,2535056,797627,179340,3395176,3390751,2624563,717768,4799,43621,4425,10293572,23143107,,
2007:Q1,pct40to60,7736635,3553410,2868147,685263,4183225,603183,125783,112847,78667,34181,55079,38546,16534,549844,127849,173477,310094,1574099,428967,122001,1881120,1878344,1393190,466205,3147,15802,2776,5855515,23139723,,
2007:Q1,pct20to40,4428105,2232862,1807046,425815,2195243,514924,54059,66439,47145,19294,21353,14343,7011,296982,94685,42459,89974,742348,188908,83112,865941,863966,554829,297917,3313,7906,1975,3562164,23150184,,
2007:Q1,pct00to20,2610425,1445343,1214464,230880,1165081,251182,19776,17421,9760,7661,5251,2737,2515,201070,41949,1548,7578,185170,385137,48999,445899,445006,273077,164797,2530,4603,893,2164526,23133409,,
2007:Q2,pct99to100,16122031,3128783,2618661,510122,12993248,1019940,343406,847574,694898,152675,614930,586779,28151,5900252,222884,38168,599455,435578,2905326,65737,798118,794223,602785,34865,4942,151630,3895,15323912,1159294,,
2007:Q2,pct80to99,34338814,11998042,10482158,1515884,22340772,2221220,743376,720267,543005,177261,252829,213870,38959,5639628,485512,783351,2425308,4931661,3851855,285765,5860114,5849712,4753130,772494,10901,313187,10402,28478700,22026975,,
2007:Q2,pct60to80,13741790,5819110,4814604,1004506,7922680,991940,243232,191341,136693,54648,80631,74357,6275,1455172,206275,346526,891544,2534329,796518,185172,3480045,3475613,2688438,735153,4443,47579,4432,10261745,23186591,,
2007:Q2,pct40to60,7740260,3524079,2833525,690553,4216181,605126,128341,106289,78397,27892,48000,32302,15699,544577,131123,181822,330079,1586425,427823,126576,1904157,1901344,1413768,469173,3345,15059,2812,5836104,23183080,,
2007:Q2,pct20to40,4435203,2224796,1789865,434931,2210406,508256,56837,65917,49101,16817,15508,9567,5940,309279,99004,44741,95294,750982,178148,86441,870359,868299,556781,300942,3571,7005,2060,3564844,23193326,,
2007:Q2,pct00to20,2641019,1452578,1216955,235624,1188441,258200,18471,15137,8478,6659,4280,2163,2117,206830,41525,1399,6728,184648,400136,51086,449620,448759,280292,164339,2795,1332,862,2191399,23176443,,
2007:Q3,pct99to100,16434242,3061854,2554367,507487,13372387,1045147,410131,999972,790217,209755,648829,620910,27919,5961791,225750,38907,618198,445535,2912267,65860,806207,802135,601480,37007,5968,157680,4072,15628035,1160735,692871,3141028529
2007:Q3,pct80to99,34809811,11931931,10401212,1530719,22877880,2245283,849394,898964,597130,301834,252320,214002,38318,5645950,488599,801521,2459113,5038723,3908255,289757,5932916,5922356,4848165,798598,16259,259334,10559,28876895,22061491,98213,692871
2007:Q3,pct60to80,13811677,5792097,4779132,1012965,8019579,980265,263137,250066,157625,92442,76118,70922,5196,1475462,207400,342754,915386,2530154,790183,188654,3574150,3569679,2751174,762660,5978,49867,4471,10237527,23223300,59648,98213
2007:Q3,pct40to60,7812266,3538665,2841953,696712,4273601,613470,136667,140623,90250,50373,44253,29047,15206,530927,133118,187196,340717,1597307,420380,128944,1929231,1926395,1429768,479643,5465,11519,2836,5883035,23219696,36508,59648
2007:Q3,pct20to40,4470468,2222681,1780712,441969,2247786,504243,64905,84592,56266,28326,13035,7856,5179,318400,103202,46410,98392,759260,167102,88244,882304,880153,556872,308333,6020,8928,2151,3588164,23229475,20541,36504
2007:Q3,pct00to20,2674596,1455542,1217451,238091,1219054,265547,16917,26585,15814,10771,1954,51,1903,209833,40402,1163,6140,183887,414260,52366,463599,462758,285212,169310,4825,3410,841,2210997,23212948,0,20529
2007:Q4,pct99to100,16062908,3053474,2543947,509526,13009434,1080402,463193,1004574,786699,217875,669692,643770,25922,5575365,222403,41295,605820,444783,2835485,66422,813939,809930,609661,39789,6923,153557,4009,15248969,1161957,,
2007:Q4,pct80to99,34866051,11888353,10341649,1546704,22977698,2362796,937125,927755,614043,313713,320613,282918,37695,5412997,495785,802829,2456683,5126709,3837798,296607,6006193,5995560,4887859,820171,17777,269753,10633,28859858,22089491,,
2007:Q4,pct60to80,13623343,5670342,4652929,1017413,7953001,990196,274727,252922,156676,96246,92046,86100,5946,1394657,209130,341177,871097,2557253,778062,191734,3592812,3588345,2758689,770351,6634,52672,4467,10030531,23253161,,
2007:Q4,pct40to60,7728759,3441190,2736468,704722,4287569,626228,142952,144091,91235,52856,47941,34145,13796,519849,135322,185221,328913,1603359,420927,132767,1963239,1960391,1452117,488856,5875,13543,2848,5765519,23249499,,
2007:Q4,pct20to40,4457864,2216906,1768713,448194,2240957,513783,71066,84578,55384,29194,5374,0,5374,308186,101665,44400,94674,752058,174001,91173,902363,900257,571134,313347,6677,9100,2105,3555501,23258538,,
2007:Q4,pct00to20,2704043,1448536,1200306,248230,1255507,267903,18263,27080,15146,11934,9945,7845,2101,217443,41977,1248,10014,182628,424841,54164,486823,485957,297675,176963,6696,4624,866,2217220,23242877,,
2008:Q1,pct99to100,15356532,2988144,2484872,503273,12368388,1118872,530462,1018071,792306,225765,693711,669659,24053,5046791,215328,43082,571132,443251,2621126,66560,818624,814007,617435,39624,8128,148820,4617,14537908,1163008,,
2008:Q1,pct80to99,34249300,11588534,10018945,1569589,22660766,2486731,1049613,960571,635560,325010,384096,346950,37146,5030923,495158,779891,2350688,5205163,3616538,301394,6086870,6075608,4913633,821693,19904,320378,11262,28162430,22112073,,
2008:Q1,pct60to80,13270763,5492509,4468582,1023927,7778254,1001384,289560,258064,158181,99883,107334,100625,6708,1288186,208811,328214,785328,2579425,738508,193441,3576741,3572179,2754888,753727,7516,56049,4562,9694022,23277319,,
2008:Q1,pct40to60,7623708,3387053,2669023,718029,4236655,640308,151089,148563,93302,55260,51094,38507,12587,499876,136124,177322,300922,1607487,388561,135309,1984796,1981972,1469904,488909,6486,16674,2823,5638912,23273638,,
2008:Q1,pct20to40,4432516,2200482,1747903,452579,2232034,523850,78843,84944,54947,29997,5692,0,5692,294103,99983,41126,87114,744460,178704,93216,910277,908199,584386,308082,7622,8109,2079,3522239,23281695,,
2008:Q1,pct00to20,2706828,1424833,1168851,255982,1281995,270230,19575,28450,15330,13120,17279,14908,2371,221505,42793,1162,14179,181027,430302,55494,513523,512600,309878,189973,9114,3635,923,2193305,23267346,,
2008:Q2,pct99to100,14916739,2925789,2436739,489050,11990950,1077743,508488,1084071,860886,223185,663868,640572,23296,4767478,212765,45431,566346,442892,2555489,66378,830731,825977,629850,43681,6641,145805,4754,14086008,1163947,,
2008:Q2,pct80to99,33862638,11300990,9712069,1588921,22561647,2450116,1007396,1001407,692588,308819,390372,352207,38164,4899442,503938,773037,2380298,5296071,3554947,304625,6010684,5999185,4898940,829406,14210,256629,11499,27851954,22130628,,
2008:Q2,pct60to80,13027637,5347759,4321074,1026685,7679878,975342,284959,272355,177196,95158,101590,93305,8285,1225366,210917,322649,756628,2608206,727754,194112,3527667,3523082,2710483,749121,5597,57880,4586,9499970,23297225,,
2008:Q2,pct40to60,7603567,3371054,2639472,731582,4232514,618991,148087,155790,103302,52488,67391,53654,13737,493770,138593,173204,294900,1613952,390949,136886,1995979,1993156,1478127,493922,4401,16706,2823,5607588,23293563,,
2008:Q2,pct20to40,4405289,2192563,1739573,452990,2212726,517921,76522,85754,57278,28476,8080,0,8080,286019,98417,38561,84791,737189,184882,94591,927273,925235,596838,312726,5232,10440,2038,3478016,23300442,,
2008:Q2,pct00to20,2727374,1410131,1150617,259514,1317243,271315,21074,35205,21816,13389,20004,16099,3905,230278,44531,1192,17705,179910,439560,56470,534031,533074,325045,191598,7466,8964,957,2193343,23287767,,
2008:Q3,pct99to100,14062504,2868279,2382662,485617,11194224,1105517,508907,1169928,929825,240102,639769,617236,22533,4048297,207352,47672,524806,441595,2433530,66852,824254,819648,624410,43841,10959,140437,4607,13238249,1164832,,
2008:Q3,pct80to99,33028973,11045210,9443525,1601685,21983763,2552075,1004061,1093466,749845,343621,400822,361540,39282,4311523,506742,758590,2239227,5375809,3430451,310997,6127858,6116360,4887825,841560,24916,362059,11498,26901115,22146545,,
2008:Q3,pct60to80,12673836,5203554,4175468,1028086,7470282,981392,285190,303134,197163,105971,98050,88007,10043,1083189,211462,313436,660919,2631188,705453,196870,3510779,3506213,2691815,742903,9583,61911,4566,9163057,23314328,,
2008:Q3,pct40to60,7534324,3334191,2594815,739376,4200132,628229,147872,173025,113634,59391,82417,67174,15244,460463,139994,167163,262627,1618253,379652,140438,2006327,2003488,1475822,498469,7936,21261,2839,5527997,23310725,,
2008:Q3,pct20to40,4367958,2172913,1716612,456301,2195045,525755,76719,90467,59237,31230,10892,0,10892,266005,96748,35548,76214,729546,189818,97332,933164,931176,603109,310235,9988,7843,1988,3434794,23316275,,
2008:Q3,pct00to20,2738359,1394997,1128330,266667,1343362,273438,22466,44650,29178,15471,23368,17659,5710,228413,45687,1168,21571,178387,446045,58169,557012,556033,328860,206805,15480,4888,978,2181348,23305549,,
2008:Q4,pct99to100,12816404,2805055,2321707,483348,10011349,1159067,583397,1310422,1062725,247697,495409,474248,21160,3000179,200170,49032,457874,438688,2249821,67290,823057,817692,619743,44182,11504,142263,5364,11993348,1165720,,
2008:Q4,pct80to99,31699452,10813206,9216212,1596994,20886246,2706171,1129524,1192583,838578,354005,299231,259713,39518,3373677,505840,710207,1978797,5437034,3235991,317190,5868810,5856564,4856329,845805,24447,129983,12246,25830641,22161214,,
2008:Q4,pct60to80,12168412,5053604,4033792,1019812,7114808,999275,302272,347484,238129,109355,51053,39768,11284,877850,211038,288280,523375,2644477,670198,199507,3463854,3459173,2654636,731613,9596,63329,4681,8704558,23330080,,
2008:Q4,pct40to60,7411348,3265496,2526913,738583,4145852,648823,157249,194444,132747,61697,118043,102767,15276,403674,140732,152893,213571,1618977,353566,143881,1994543,1991740,1467706,499062,7591,17381,2804,5416805,23326577,,
2008:Q4,pct20to40,4324885,2147689,1691359,456330,2177196,538694,85370,94687,62768,31919,19413,7041,12372,235144,95016,30856,63557,721302,193160,99997,942702,940738,608450,306893,9822,15573,1964,3382184,23330691,,
2008:Q4,pct00to20,2728563,1376822,1105642,271180,1351741,275920,23802,62897,46159,16738,15391,8695,6696,216239,46484,888,25160,176174,448958,59828,588027,586985,333202,216235,17077,20472,1042,2140537,23322100,,
2009:Q1,pct99to100,12086423,2736941,2260282,476659,9349482,1131731,575112,1380027,1101219,278808,438880,418938,19941,2561796,197085,52028,436544,434203,2075477,66600,812386,807325,617317,40094,9957,139957,5060,11274038,1166670,,
2009:Q1,pct80to99,31025656,10566557,8972064,1594492,20459099,2696267,1111338,1319105,880518,438587,279899,239850,40049,3053329,513504,712095,1926027,5480389,3049216,317929,5816449,5804332,4858555,829545,18669,97563,12116,25209207,22176025,,
2009:Q1,pct60to80,11848832,4911960,3900195,1011765,6936872,979698,300791,385884,250528,135356,36853,24085,12768,782192,212836,286391,469236,2648368,636106,198516,3419668,3415030,2643751,696822,7650,66807,4639,8429164,23345930,,
2009:Q1,pct40to60,7321685,3215216,2475295,739921,4106468,633596,156052,218217,139684,78533,135965,120078,15886,382751,142997,150524,196876,1616251,329338,143902,1987289,1984462,1471506,488750,5477,18729,2827,5334396,23342569,,
2009:Q1,pct20to40,4283960,2126655,1671592,455063,2157305,535462,84590,101512,62887,38625,26268,11830,14437,220254,93407,28426,58705,712483,195903,100296,933930,932020,616572,290923,7208,17317,1910,3350030,23345187,,
2009:Q1,pct00to20,2730653,1362039,1087884,274155,1368614,277203,25172,72135,51348,20787,15661,7614,8047,216908,48118,982,28187,173286,450724,60237,611049,609994,338886,232009,14377,24721,1056,2119604,23338831,,
2009:Q2,pct99to100,12198720,2678116,2213706,464410,9520603,1118588,539013,1187661,905301,282359,423669,405006,18663,3160522,196977,56400,476222,432602,1862724,66225,812092,807918,621218,40366,11760,134574,4175,11386628,1167739,,
2009:Q2,pct80to99,31577634,10342319,8741806,1600513,21235314,2714755,1044808,1231786,795748,436038,296238,255702,40536,3815574,527401,756553,2156222,5555541,2816246,320190,5805890,5794387,4838299,823660,21561,110867,11504,25771743,22192368,,
2009:Q2,pct60to80,11803868,4799583,3792274,1007309,7004285,966727,292684,324500,189668,134832,37118,22858,14259,882226,216258,304281,519743,2669018,593198,198534,3365986,3361476,2606028,676902,8887,69659,4510,8437883,23363330,,
2009:Q2,pct40to60,7340585,3207477,2460796,746681,4133108,624659,151129,193222,114815,78407,145667,129211,16456,431684,146376,158204,221591,1619775,295927,144874,1987306,1984423,1472309,484867,6269,20979,2883,5353279,23360152,,
2009:Q2,pct20to40,4271063,2110748,1657352,453396,2160314,535049,80592,94229,56014,38215,26360,9861,16499,237497,91893,27831,63891,704792,196929,101251,938667,936827,625331,285574,8562,17360,1840,3332396,23361259,,
2009:Q2,pct00to20,2737241,1355057,1078851,276206,1382184,278691,26438,46854,25132,21722,19241,9843,9398,246494,50362,1415,31336,171615,448745,60995,631185,630143,348390,237504,18393,25856,1042,2106056,23357152,,
2009:Q3,pct99to100,12775446,2637668,2188727,448941,10137778,1103093,490666,1286069,1013040,273029,412671,395346,17325,3774844,197398,60922,519188,431292,1795469,66167,804491,800567,616944,40656,13873,129093,3925,11970954,1168986,,
2009:Q3,pct80to99,32501355,10181405,8578080,1603326,22319949,2728153,956757,1272064,879752,392311,314298,273329,40968,4595607,542434,803528,2404319,5633735,2745081,323974,5807547,5796127,4812783,830420,25128,127796,11420,26693808,22211634,,
2009:Q3,pct60to80,11886421,4696711,3696435,1000276,7189711,952744,281017,343776,222037,121740,38449,22710,15739,983027,219983,323336,576510,2691264,580043,199559,3327857,3323381,2573502,667042,10378,72459,4476,8558564,23383728,,
2009:Q3,pct40to60,7423332,3196624,2443902,752722,4226708,614705,144271,201096,130939,70156,154361,137417,16945,480675,149966,166377,248952,1624002,295511,146792,1987230,1984326,1466177,487587,7280,23282,2904,5436102,23380778,,
2009:Q3,pct20to40,4274343,2103437,1653683,449754,2170906,534173,75103,93235,58740,34495,26089,7580,18509,254354,90404,27208,69619,697310,200548,102863,943181,941393,631123,282677,10319,17274,1788,3331163,23380404,,
2009:Q3,pct00to20,2792703,1352828,1076580,276248,1439875,280152,27505,58942,37903,21040,22887,12168,10719,276036,52718,1888,34492,170062,453092,62100,654536,653477,352899,250330,23515,26733,1059,2138167,23378471,,
2009:Q4,pct99to100,12704106,2621634,2171888,449746,10082472,1145400,466118,1238257,984671,253586,393698,377741,15957,3838282,196490,65155,533288,428776,1710373,66635,802434,799746,619519,41694,15227,123306,2688,11901672,1170467,,
2009:Q4,pct80to99,32797474,10103760,8490862,1612898,22693714,2859660,910168,1211737,883892,327845,323786,282385,41401,4798314,554741,836367,2517482,5698645,2652518,330296,5812929,5802412,4788280,832115,26683,155333,10517,26984544,22235211,,
2009:Q4,pct60to80,11805846,4617440,3616764,1000677,7188406,965636,274716,315321,213080,102240,36931,19681,17251,982696,223014,335698,582856,2706454,562819,202266,3277361,3273065,2533825,652979,11135,75126,4296,8528485,23408577,,
2009:Q4,pct40to60,7444542,3182481,2424460,758021,4262061,630336,140480,186429,128527,57902,164004,146545,17459,493874,153082,171036,256345,1625751,290435,150291,1989554,1986575,1464617,488592,7611,25755,2979,5454988,23405899,,
2009:Q4,pct20to40,4262260,2092440,1638381,454059,2169821,545060,72321,86206,57126,29080,27363,6788,20575,255292,88888,25792,70562,689491,203277,105568,948858,947149,639059,280123,11156,16810,1709,3313403,23404119,,
2009:Q4,pct00to20,2822514,1359645,1074913,284732,1462869,282655,28515,52999,33720,19279,25741,13664,12077,290865,54810,2264,37659,167996,455579,63786,675986,674958,361452,259515,27119,26872,1028,2146528,23404198,,
2010:Q1,pct99to100,12926022,2619350,2178155,441195,10306672,1126723,405466,1317591,1039865,277725,376928,362426,14502,4034495,193044,69330,549226,433716,1735045,65107,801640,797765,617797,40399,21560,118010,3875,12124382,1172242,,
2010:Q1,pct80to99,33444921,10062775,8448970,1613805,23382146,2866521,800016,1319305,938208,381097,333684,292002,41682,5140342,561819,862296,2639737,5845786,2685618,327021,5776917,5765286,4728538,814695,44291,177762,11631,27668004,22264489,,
2010:Q1,pct60to80,11845979,4551672,3557669,994003,7294307,950466,258065,348819,230027,118792,35841,17213,18628,1006761,224707,344709,592259,2765036,569059,198585,3188219,3183741,2469278,619186,17356,77921,4478,8657760,23439325,,
2010:Q1,pct40to60,7510401,3169758,2408237,761521,4340643,619066,131034,206409,137758,68650,172638,155012,17626,515747,155282,173895,264997,1643860,309960,147755,1974372,1971448,1449260,480319,13730,28139,2924,5536029,23436965,,
2010:Q1,pct20to40,4261582,2092611,1639836,452775,2168971,543701,65167,91100,57890,33209,28167,5870,22297,260092,87312,23916,71796,684776,208844,104101,951910,950213,643308,269296,21054,16556,1697,3309672,23433899,,
2010:Q1,pct00to20,2880009,1369164,1081659,287504,1510846,284194,29043,62997,40452,22545,28388,15167,13220,309285,56393,2595,40854,169092,464738,63267,713652,712538,367280,269162,48712,27384,1114,2166357,23435743,,
2010:Q2,pct99to100,12562754,2617319,2183426,433893,9945435,1109006,375877,1411189,1142814,268375,364654,351683,12971,3561561,184710,73034,519341,434871,1847000,64192,804890,800632,622571,41972,22896,113192,4258,11757864,1174367,,
2010:Q2,pct80to99,33193412,10018253,8408803,1609451,23175159,2875271,744300,1364800,1020447,344353,346071,304279,41792,4771337,558796,862136,2542316,5963522,2819891,326720,5755534,5743454,4695738,812808,45404,189504,12079,27437878,22300860,,
2010:Q2,pct60to80,11679781,4484782,3500263,984519,7194999,935902,249072,370997,263237,107759,35814,15992,19822,909300,223802,341194,522202,2815543,594303,196870,3125870,3121330,2420259,602211,17976,80883,4541,8553911,23477424,,
2010:Q2,pct40to60,7532234,3180406,2418144,762261,4351829,608280,125897,215834,154075,61759,180041,162677,17364,493664,155704,170271,241707,1664183,349184,147064,1973076,1970163,1446257,479674,13883,30349,2913,5559158,23475428,,
2010:Q2,pct20to40,4221127,2084408,1633532,450876,2136718,542614,61624,89465,59396,30069,28072,4507,23564,245777,85608,20668,65523,676417,217039,103913,958335,956672,651139,266938,21900,16695,1663,3262792,23471242,,
2010:Q2,pct00to20,2930481,1380389,1090478,289911,1550092,285805,29628,76736,54866,21870,30941,16863,14078,308953,56992,2712,43866,171075,479956,63427,734932,733771,376892,274850,53380,28650,1161,2195548,23474516,,
2010:Q3,pct99to100,13079912,2582083,2159101,422983,10497829,1116899,375257,1410211,1177782,232429,355960,344503,11457,4026398,186244,77986,554172,438957,1892226,63518,799850,797114,621664,44113,22744,108593,2737,12280062,1176901,614192,1741045418
2010:Q3,pct80to99,34185610,9867380,8255739,1611641,24318229,2936925,739927,1319686,1063954,255733,360467,318511,41956,5399714,576510,909195,2755650,6114548,2877994,327613,5727854,5716902,4658309,823555,40679,194358,10952,28457756,22345712,94564,613788
2010:Q3,pct60to80,11837698,4444042,3466113,977929,7393657,933376,248467,355338,274676,80662,36726,15660,21065,983014,228307,360027,563653,2883458,605356,195934,3074920,3070597,2373578,596338,16709,83971,4323,8762778,23524324,57760,94564
2010:Q3,pct40to60,7699401,3226536,2459506,767029,4472865,608868,125359,205692,160842,44850,187032,169836,17195,533751,159842,177965,263329,1691229,372701,147098,1971209,1968202,1438086,485815,11835,32466,3007,5728192,23522738,35598,57753
2010:Q3,pct20to40,4232359,2085058,1636128,448930,2147301,546881,61594,81894,59199,22695,27794,2856,24938,258647,84232,19491,69816,669369,223353,104229,963059,961481,656997,268209,19187,17089,1578,3269301,23517645,20380,35592
2010:Q3,pct00to20,3010547,1405856,1114003,291853,1604691,287988,30530,78027,59677,18350,33689,18686,15003,335272,59619,3245,47227,174309,490928,63856,751320,750201,383121,285696,50967,30417,1119,2259227,23521925,0,20378
2010:Q4,pct99to100,13625966,2597910,2155015,442894,11028056,1125596,415221,1347992,1054142,293850,365393,349764,15630,4449916,195613,75177,587462,424841,1976568,64276,802348,798523,612141,50483,22674,113225,3825,12823618,1179881,,
2010:Q4,pct80to99,35138598,9866899,8253635,1613264,25271699,2896129,828885,1419333,1010939,408394,379278,336488,42791,5855528,586321,944935,2896413,6226566,2910072,328237,5742660,5730721,4606978,869726,40922,213093,11940,29395937,22399991,,
2010:Q4,pct60to80,12073662,4385923,3405373,980550,7687739,940233,253099,362147,238060,124088,46124,26178,19945,1060535,227354,381185,626433,2978898,613558,198172,3075348,3070891,2331423,642690,16973,79805,4456,8998314,23581014,,
2010:Q4,pct40to60,7624174,3093289,2337549,755740,4530885,605614,129124,215042,142034,73007,168006,152304,15702,562613,157807,182921,283395,1714674,364199,147490,1948925,1945998,1392996,509170,11867,31964,2928,5675249,23579885,,
2010:Q4,pct20to40,4245405,2060102,1608063,452039,2185302,538340,65864,93285,59872,33413,26388,3999,22389,267758,83314,22845,74337,687937,219173,106063,975737,974144,645826,293127,18764,16428,1593,3269668,23574128,,
2010:Q4,pct00to20,2943306,1352522,1061507,291015,1590784,288863,31248,66127,42047,24080,37997,24362,13635,336596,57681,3495,46914,178878,479604,63380,734016,732890,368533,281614,53576,29167,1126,2209291,23578931,,
2011:Q1,pct99to100,14089632,2589055,2131310,457746,11500576,1188229,398584,1326657,1048803,277854,363307,343786,19521,4823158,206639,71714,612844,403883,2040569,64991,807199,803178,615379,48435,21776,117588,4021,13282433,1183266,,
2011:Q1,pct80to99,35650674,9766600,8140685,1625915,25884075,2964240,816551,1399668,1029056,370612,387945,344036,43909,6255453,599623,950238,2997806,6266500,2917391,328659,5771834,5759644,4608936,862752,38278,249678,12190,29878840,22462868,,
2011:Q1,pct60to80,12235026,4345679,3357281,988398,7889348,971969,241344,350018,240498,109519,52078,32780,19298,1128406,227315,387778,676618,3036356,617192,200274,3049642,3045184,2319707,633365,16261,75851,4458,9185384,23646642,,
2011:Q1,pct40to60,7564079,3013452,2262494,750958,4550627,625855,123893,204529,140466,64062,151922,136848,15074,587579,156393,180419,298007,1724010,350289,147733,1924871,1921973,1372524,506743,10842,31864,2898,5639208,23646003,,
2011:Q1,pct20to40,4240540,2031580,1576123,455457,2208961,540334,63249,92007,62924,29083,27481,6588,20893,274977,82469,24743,77558,704080,214259,107804,967489,965905,641971,292062,16658,15214,1584,3273051,23639816,,
2011:Q1,pct00to20,2890077,1311860,1022070,289790,1578218,290685,31107,63057,42167,20891,41810,28902,12908,335517,56068,3477,46446,180636,466563,62851,726880,725788,361609,284951,52421,26806,1092,2163197,23644696,,
2011:Q2,pct99to100,14225215,2613885,2132039,481846,11611330,1239984,389389,1332930,1029032,303899,382754,359709,23045,4804463,217220,68351,617383,382160,2110998,65698,809239,804972,613559,48540,20219,122654,4268,13415976,1186993,,
2011:Q2,pct80to99,35862830,9763796,8128816,1634979,26099034,3007793,816440,1486753,1037554,449199,415097,370207,44890,6241952,612005,959935,2998319,6301140,2930554,329046,5769763,5757278,4604546,871371,33773,247588,12485,30093067,22533069,,
2011:Q2,pct60to80,12364926,4347117,3350902,996214,8017810,998705,232087,367658,238161,129497,64023,45370,18653,1126307,227039,396458,689951,3091241,621986,202355,3041776,3037307,2307811,642549,14848,72099,4468,9323151,23719896,,
2011:Q2,pct40to60,7518468,2971289,2229038,742252,4547179,641039,119965,214417,136835,77582,135026,120660,14366,587778,154809,178959,297682,1732444,337126,147935,1899745,1896879,1346677,509935,9188,31079,2865,5618723,23719763,,
2011:Q2,pct20to40,4224439,2001854,1540061,461793,2222585,539682,61569,99066,65559,33507,25733,6347,19386,271548,81629,26848,77303,720293,209387,109526,965381,963804,636341,298531,13627,15305,1577,3259058,23713355,,
2011:Q2,pct00to20,2849177,1290197,998208,291989,1558980,292265,31057,62741,40203,22538,47055,34902,12153,324023,54347,3495,45963,182172,453556,62305,710449,709390,351735,282151,48465,27038,1059,2138729,23717931,,
2011:Q3,pct99to100,13563733,2621257,2136182,485074,10942476,1296505,379890,1449536,1128975,320561,379045,352600,26445,3951962,225546,64222,570866,357295,2200123,67487,815025,811381,613234,49469,20658,128020,3644,12748708,1191001,,
2011:Q3,pct80to99,34916200,9723276,8071521,1651754,25192925,3058692,814774,1635368,1128283,507085,421743,375663,46080,5350027,619669,935217,2754295,6305474,2963032,334634,5766743,5754681,4602472,886619,35397,230193,12062,29149458,22609319,,
2011:Q3,pct60to80,12271334,4361599,3357769,1003831,7909735,1027555,223030,420278,277248,143031,69006,50739,18267,975650,225532,388707,611123,3130503,630453,207898,3040729,3036378,2296085,656351,15625,68318,4351,9230605,23799462,,
2011:Q3,pct40to60,7405689,2941527,2199201,742325,4464163,658012,116085,237314,150272,87043,121150,107066,14084,535600,152370,169076,260776,1734994,327402,151382,1883239,1880358,1322504,518172,9685,29996,2882,5522450,23799837,,
2011:Q3,pct20to40,4217773,2006133,1544708,461426,2211640,539460,59874,108335,72110,36225,27406,8995,18411,245932,80731,27320,68582,735671,204824,113504,970466,968918,631333,307768,13918,15900,1547,3247307,23793395,,
2011:Q3,pct00to20,2802635,1268274,982055,286218,1534362,293825,30976,79673,56560,23114,50610,38890,11720,291628,52145,3213,45639,182524,441184,62945,708831,707845,342766,283796,53009,28274,986,2093804,23797349,,
2011:Q4,pct99to100,14027220,2623850,2120952,502898,11403370,1355268,385737,1434419,1112970,321449,354084,324608,29476,4257988,239462,61152,600677,336354,2308487,69742,819207,815596,610218,50360,21212,133806,3611,13208013,1195227,,
2011:Q4,pct80to99,35574449,9691501,8036845,1654656,25882948,3111701,840703,1655697,1142163,513535,408815,361812,47004,5681986,638980,958594,2874354,6354742,3014914,342462,5756310,5744180,4601965,904490,37680,200045,12130,29818139,22690345,,
2011:Q4,pct60to80,12497678,4351693,3345049,1006644,8145985,1057340,218958,418092,276465,141627,67388,49631,17757,1032146,227036,403919,669888,3193682,642598,214937,3048077,3043755,2288198,674435,16642,64480,4322,9449601,23884027,,
2011:Q4,pct40to60,7390085,2874994,2142807,732187,4515091,675655,114896,233697,147089,86608,109067,95555,13512,556939,151987,170896,278049,1746542,321143,156220,1864878,1862012,1296709,526212,10428,28663,2866,5525207,23884896,,
2011:Q4,pct20to40,4234585,1987971,1524088,463883,2246615,539137,60108,110496,75249,35247,31174,14002,17172,251345,80012,30080,72401,752905,200499,118457,976533,975000,625690,317863,14518,16928,1533,3258053,23878583,,
2011:Q4,pct00to20,2761755,1240613,956228,284386,1521142,295308,31214,76892,55077,21815,52017,40913,11104,288214,51057,3348,45117,184602,429283,64090,705144,704204,332159,282865,58807,30372,940,2056611,23881662,,
2012:Q1,pct99to100,14715735,2640255,2111442,528813,12075481,1394587,366750,1363503,1028965,334538,355308,323564,31744,4894922,246657,58637,643962,316084,2365247,69825,824359,819828,612221,49039,20372,138197,4531,13891377,1199609,,
2012:Q1,pct80to99,36525024,9666621,8006796,1659825,26858402,3123340,819560,1668225,1106443,561782,418592,371462,47130,6358667,644220,1007255,3057159,6413909,3007655,339820,5765489,5752497,4591365,899891,35214,226027,12992,30759535,22774872,,
2012:Q1,pct60to80,12774327,4332986,3320427,1012560,8441340,1078544,207524,403317,251208,152109,72894,56075,16820,1146678,224871,431201,755143,3262365,643774,215029,3015885,3011452,2267011,667605,15959,60877,4433,9758442,23972279,,
2012:Q1,pct40to60,7373548,2807482,2086314,721168,4566066,684606,109595,228440,134329,94111,94986,82856,12130,598066,149076,178848,305279,1760119,302564,154487,1837628,1834830,1271863,525039,9481,28447,2799,5535920,23973613,,
2012:Q1,pct20to40,4230995,1954503,1484459,470044,2276492,534761,57277,112856,75698,37158,30813,15703,15110,264846,79088,34043,78477,770693,194759,118878,970206,968661,620830,319126,12608,16097,1545,3260789,23967568,,
2012:Q1,pct00to20,2713342,1213975,927469,286506,1499367,296633,30881,64695,42794,21902,54875,44933,9942,291658,48573,3701,44322,187056,414144,62830,696248,695309,324671,284342,57532,28764,939,2017093,23969582,,
2012:Q2,pct99to100,14769013,2692815,2155017,537798,12076199,1414193,351866,1450886,1126087,324800,362214,328606,33608,4711632,248095,54576,637530,292085,2482982,70140,828511,823042,609699,49891,20005,143447,5469,13940503,1204085,,
2012:Q2,pct80to99,36461763,9754118,8086340,1667778,26707645,3093409,804807,1732955,1202036,530919,433302,386288,47014,6175281,637389,987283,3002374,6436911,3065649,338285,5764502,5750633,4584678,914841,34390,216723,13869,30697261,22861627,,
2012:Q2,pct60to80,12881220,4384645,3368343,1016302,8496575,1091238,197523,432131,291745,140386,79879,64002,15877,1116017,219552,425750,748926,3312525,657163,215870,3013836,3009290,2253482,682829,15863,57116,4547,9867384,24062904,,
2012:Q2,pct40to60,7334553,2813940,2098388,715552,4520613,684808,105027,233844,147116,86728,81117,70357,10760,588677,143988,170049,296405,1766574,296680,153443,1815769,1813039,1244647,531748,9119,27525,2730,5518784,24064657,,
2012:Q2,pct20to40,4227875,1956273,1486264,470008,2271602,526436,54963,116990,83257,33732,29816,16700,13116,257079,77986,34757,76231,787398,190158,119788,973385,971828,614933,328899,11564,16432,1557,3254490,24058997,,
2012:Q2,pct00to20,2694193,1209174,927648,281526,1485019,297920,30583,79299,59787,19511,58136,49330,8806,275437,44886,3457,43874,188113,401498,61818,685798,684859,314391,282260,58729,29480,939,2008395,24059821,,
2012:Q3,pct99to100,15341747,2750770,2201656,549114,12590977,1439522,363588,1435852,1086040,349812,361125,325867,35258,5048909,257635,51481,663636,269922,2628594,70712,827091,821418,603434,49965,19662,148357,5673,14514656,1208592,,
2012:Q3,pct80to99,37324445,9883219,8208527,1674692,27441226,3072770,840386,1820721,1199001,621720,440522,393639,46884,6535598,647409,1011278,3101114,6481844,3151613,337970,5789235,5775095,4585860,934809,33654,220772,14140,31535209,22949336,,
2012:Q3,pct60to80,13189223,4448861,3428908,1019953,8740362,1106562,196114,444365,281863,162501,84419,69367,15052,1176989,218580,441294,804195,3374530,675784,217533,3026524,3021971,2249858,702829,15801,53483,4553,10162699,24154589,,
2012:Q3,pct40to60,7370107,2804127,2095289,708839,4565980,687222,105179,242631,140540,102091,68522,58909,9613,610779,141872,171938,311217,1777388,296070,153162,1795231,1792530,1216397,540457,8788,26888,2701,5574876,24156702,,
2012:Q3,pct20to40,4263318,1966271,1495611,470660,2297047,518766,56010,123855,85481,38374,29933,18519,11414,262312,77124,37565,79407,805030,185808,121237,975151,973601,608429,338277,10561,16334,1550,3288167,24151519,,
2012:Q3,pct00to20,2673481,1207142,929793,277349,1466339,299253,30992,74878,54103,20775,60731,52890,7841,270582,42822,3594,43031,190019,389357,61080,676074,675170,301652,284115,60071,29331,903,1997407,24151091,,
2012:Q4,pct99to100,15637127,2800765,2237040,563724,12836362,1520679,390561,1414968,1090824,324144,368022,331413,36608,5103584,266260,48086,671525,246560,2733989,72128,840773,836831,609188,53951,19432,154260,3942,14796354,1213070,,
2012:Q4,pct80to99,37727231,10001313,8315986,1685327,27725918,3160759,905422,1763589,1228923,534665,454969,408366,46603,6600778,655447,1022652,3112342,6516940,3191316,341703,5763419,5750614,4575476,953824,33303,188010,12805,31963812,23036723,,
2012:Q4,pct60to80,13385594,4502827,3476327,1026500,8882767,1145883,199453,424851,289079,135772,91205,76950,14255,1188211,217065,450839,825694,3431820,685844,221900,3017296,3013022,2225592,722104,15888,49438,4274,10368298,24246022,,
2012:Q4,pct40to60,7347653,2779849,2076725,703124,4567804,713285,107975,224787,140263,84525,55896,47360,8536,615764,139372,170735,312588,1786244,285738,155419,1783042,1780262,1195236,550982,8590,25454,2780,5564611,24248418,,
2012:Q4,pct20to40,4285396,1972630,1499188,473442,2312766,520377,58971,121094,89598,31495,29267,19435,9832,260305,76223,39782,79488,822455,180351,124453,988497,987007,604772,355075,9730,17429,1491,3296899,24243781,,
2012:Q4,pct00to20,2646369,1203933,928611,275322,1442436,300425,31818,73186,56202,16984,64030,57092,6938,258970,40542,3621,42348,191551,374677,61267,668147,667369,296730,276968,62105,31567,777,1978222,24242105,,
2013:Q1,pct99to100,16513896,2890554,2305694,584859,13623342,1557598,367950,1341234,1038043,303190,357161,318822,38339,5829432,275781,45163,707142,237548,2831384,72949,819962,815520,590555,47170,19175,158621,4442,15693934,1217455,,
2013:Q1,pct80to99,39028970,10255032,8564352,1690681,28773937,3158282,873856,1689628,1213592,476035,452638,405688,46950,7361151,665277,1055969,3253772,6700621,3220192,342552,5799987,5786666,4589096,957110,32872,207588,13321,33228982,23122517,,
2013:Q1,pct60to80,13820031,4592505,3561071,1031434,9227526,1166145,187871,391603,274039,117564,92694,78861,13833,1316234,215985,470874,901284,3566533,693939,224364,3035114,3030791,2243362,725482,15948,45999,4322,10784917,24335890,,
2013:Q1,pct40to60,7398878,2766291,2073055,693236,4632587,720062,102379,204771,132002,72768,45631,37582,8049,659916,137160,174856,334593,1824508,272837,155874,1743421,1740687,1159044,548129,8362,25152,2735,5655457,24338476,,
2013:Q1,pct20to40,4322483,1981415,1503743,477672,2341068,513725,55760,117612,90876,26736,31056,22144,8913,274362,75334,43049,84259,844994,174485,126432,970701,969210,595197,348347,8849,16817,1491,3351782,24334433,,
2013:Q1,pct00to20,2634303,1209866,934658,275208,1424437,301605,31306,62570,48378,14192,65855,59396,6459,261068,38416,3839,41142,198821,359024,60790,658380,657625,275644,287535,64054,30392,755,1975923,24331574,,
2013:Q2,pct99to100,16803878,2993384,2397686,595698,13810494,1596546,356645,1184367,938962,245405,377073,337218,39854,5925327,283616,41685,715241,220547,3035417,74030,825008,819611,589235,47886,19226,163264,5397,15978870,1221686,,
2013:Q2,pct80to99,39549544,10488652,8793829,1694823,29060892,3157361,863190,1494325,1153526,340800,479334,432160,47173,7467388,671504,1065365,3263769,6892467,3361549,344639,5832802,5818588,4594693,973017,33594,217283,14215,33716742,23205442,,
2013:Q2,pct60to80,14063954,4697148,3663780,1033368,9366805,1187251,179868,322146,241660,80486,103341,89939,13402,1334246,213938,479526,924548,3671418,722856,227666,3045205,3040768,2238642,743155,16465,42507,4437,11018748,24422879,,
2013:Q2,pct40to60,7424702,2791933,2106750,685183,4632769,727399,98741,166322,117595,48728,33368,25827,7541,666874,134274,173147,336027,1856898,282605,157113,1725789,1723125,1135801,554142,8530,24652,2664,5698913,24425549,,
2013:Q2,pct20to40,4346283,2000839,1523343,477496,2345444,506915,53965,106655,88842,17813,29770,21768,8002,272914,74376,45190,84320,872234,170141,128962,975710,974207,590342,358886,8444,16535,1502,3370573,24422122,,
2013:Q2,pct00to20,2613641,1224541,954289,270252,1389099,302713,31053,43409,33796,9613,70666,64691,5976,249297,35920,3849,40318,204537,346741,60596,647876,647122,265886,283106,68255,29875,754,1965765,24418210,,
2013:Q3,pct99to100,17467275,3073232,2472945,600287,14394043,1646130,362174,1134517,907551,226967,370085,328855,41231,6287062,294548,38766,746422,204890,3234052,75397,831006,826110,590397,48999,18397,168318,4896,16636269,1225701,696485,2885222961
2013:Q3,pct80to99,40670662,10719262,9013334,1705928,29951400,3174979,885519,1456446,1148953,307493,480160,432810,47350,7847256,684114,1100554,3381867,7098194,3494232,348080,5867603,5853705,4618151,995559,31124,208871,13898,34803060,23284224,101702,696482
2013:Q3,pct60to80,14493056,4820632,3782655,1037977,9672423,1212748,177215,305232,234666,70566,105685,92689,12995,1398128,213515,500505,993865,3783523,750125,231881,3070504,3066167,2246133,765574,15726,38734,4337,11422551,24505677,59893,101700
2013:Q3,pct40to60,7544990,2833417,2151385,682032,4711573,738958,98086,155105,112504,42601,23625,16557,7067,688918,132494,177703,354938,1892020,290515,159211,1718450,1715777,1119543,564895,7604,23735,2673,5826540,24508308,36545,59893
2013:Q3,pct20to40,4407790,2030160,1553791,476369,2377630,501356,54298,105603,90372,15230,31114,23958,7156,277574,73491,48564,88334,899944,165259,132093,983372,981896,587385,370998,6692,16821,1475,3424419,24505496,20404,36545
2013:Q3,pct00to20,2612796,1242826,978956,263869,1369970,303638,31308,38054,30094,7960,72677,67152,5525,242517,34032,4083,38945,210790,333214,60711,639422,638738,257597,284272,66373,30496,684,1973373,24500726,0,20404
2013:Q4,pct99to100,18159529,3162605,2552484,610121,14996924,1681153,362187,1081091,851378,229713,382740,342527,40213,6758839,298118,41545,796491,224479,3293136,77145,845309,839989,594447,57254,20176,168111,5320,17314220,1229451,,
2013:Q4,pct80to99,41842040,10884637,9185099,1699537,30957403,3222849,892799,1401693,1094509,307183,497281,450200,47081,8314523,689883,1137272,3558500,7310470,3576116,356018,6001895,5987570,4612813,1006361,35432,332964,14325,35840145,23357877,,
2013:Q4,pct60to80,14748593,4868169,3827953,1040216,9880423,1201666,182165,286649,216335,70313,107476,94396,13080,1443013,216979,520711,1053664,3889210,740832,238058,3085259,3080785,2234246,786542,18543,41455,4474,11663334,24583261,,
2013:Q4,pct40to60,7643171,2851285,2166501,684783,4791886,749333,99258,154462,112305,42156,24415,17367,7048,693807,133927,184633,375824,1924861,287212,164153,1727729,1725038,1112501,577851,9141,25544,2690,5915442,24585722,,
2013:Q4,pct20to40,4456302,2057894,1580832,477062,2398408,502233,54694,100405,85238,15167,28816,22162,6654,283640,74363,49427,95597,903676,171441,134117,987468,985961,583669,381242,8001,13049,1507,3468834,24583503,,
2013:Q4,pct00to20,2613138,1240530,974917,265613,1372608,298000,30638,29991,22001,7991,72415,66942,5473,250655,36718,4853,38432,213198,335354,62353,636210,635454,257368,281216,70002,26867,756,1976929,24578119,,
2014:Q1,pct99to100,18792530,3244356,2618375,625981,15548174,1750325,357502,1085675,855650,230025,402177,363058,39119,7192293,300677,43799,818262,230584,3289410,77469,859653,853971,600396,62802,21138,169636,5681,17932877,1232948,,
2014:Q1,pct80to99,42701341,11028192,9343211,1684981,31673149,3338484,890680,1401158,1098956,302202,520829,474154,46675,8744404,693511,1149656,3602452,7384720,3590155,357100,5996093,5981396,4595252,998618,36412,351113,14697,36705248,23426557,,
2014:Q1,pct60to80,14867029,4903652,3864565,1039087,9963377,1205159,185727,288624,219712,68912,111178,98072,13106,1482428,219893,529357,1058233,3923329,719763,239687,3063012,3058412,2211160,785048,20138,42065,4601,11804016,24655777,,
2014:Q1,pct40to60,7704130,2886115,2204009,682106,4818015,774326,99625,160725,119749,40975,24551,17582,6969,697369,134978,185652,375425,1929933,270614,164817,1724959,1722248,1104303,583649,9540,24756,2711,5979171,24657950,,
2014:Q1,pct20to40,4470991,2059193,1580819,478374,2411798,508902,54502,99323,84474,14849,25634,19514,6120,289068,75193,49126,97980,902446,176460,133164,983913,982376,579755,382247,7909,12465,1537,3487078,24656295,,
2014:Q1,pct00to20,2612515,1238616,970077,268539,1373899,292130,29809,30013,22108,7905,72624,67243,5381,258189,39216,5420,38544,210279,335245,62430,640121,639296,258600,284451,66622,29622,825,1972394,24650530,,
2014:Q2,pct99to100,19528267,3342071,2705821,636250,16186196,1783514,336992,1097655,841062,256593,397637,359572,38065,7653795,304816,46221,850564,237287,3399557,78158,881303,875062,608900,72451,22511,171199,6241,18646964,1236216,,
2014:Q2,pct80to99,43709513,11194524,9513326,1681199,32514989,3383120,856335,1432854,1084245,348609,521523,475262,46261,9205079,700411,1168748,3696987,7464066,3725933,359931,6005583,5990350,4589245,1011092,38871,351142,15233,37703930,23490710,,
2014:Q2,pct60to80,15057310,4974796,3931789,1043006,10082515,1193813,184214,296525,216326,80199,107369,94244,13126,1527652,223659,541245,1083920,3960066,721567,242484,3072459,3067703,2195238,807693,22509,42263,4756,11984851,24723659,,
2014:Q2,pct40to60,7838869,2966168,2280087,686081,4872701,784005,97184,171806,123890,47916,26940,20038,6902,703265,136612,188311,383193,1935877,278920,166589,1736540,1733819,1101651,598190,10492,23486,2721,6102329,24725452,,
2014:Q2,pct20to40,4506751,2079968,1600088,479880,2426783,509566,52300,99773,82421,17352,24861,19236,5625,295384,76063,49135,102185,901237,183315,132964,995360,993788,577388,395615,8395,12391,1572,3511391,24724322,,
2014:Q2,pct00to20,2623683,1246338,975211,271127,1377345,286616,28502,29076,19981,9095,70325,65026,5299,266448,42051,6053,38443,207539,339381,62912,639883,638980,261462,278962,65129,33426,903,1983801,24718386,,
2014:Q3,pct99to100,19691872,3428999,2776929,652070,16262872,1825935,341042,1105713,846536,259177,411911,374943,36968,7535026,306751,48089,857638,242653,3509676,78438,901666,895883,617451,81335,23535,173562,5782,18790206,1239280,,
2014:Q3,pct80to99,44029907,11378862,9698534,1680328,32651045,3446199,872094,1437276,1089922,347354,540144,494397,45747,9065203,702682,1162089,3674309,7528864,3861392,360793,5920520,5905599,4593105,1026975,39529,245990,14921,38109387,23550781,,
2014:Q3,pct60to80,15090692,5045914,3996048,1049866,10044778,1186591,190666,299598,219902,79696,109164,96062,13102,1473194,226228,540885,1061483,3989229,723762,243978,3087321,3082558,2187292,830892,24207,40167,4762,12003371,24787343,,
2014:Q3,pct40to60,7887747,3021513,2331369,690143,4866235,797665,99113,178012,130736,47276,27609,20810,6799,676095,137422,184688,372482,1938756,287255,167138,1750014,1747227,1101631,615426,10787,19383,2787,6137733,24788682,,
2014:Q3,pct20to40,4521865,2099487,1615191,484297,2422378,511834,53222,99101,81868,17232,21996,16873,5123,287939,76856,47912,102104,899364,190146,131906,1008525,1006946,575633,407915,8070,15327,1580,3513340,24788035,,
2014:Q3,pct00to20,2625810,1254456,977632,276824,1371354,281085,27916,29375,20268,9107,69700,64508,5193,262730,44452,6468,38832,204218,343635,62945,649416,648482,264242,280402,60134,43705,934,1976394,24782113,,
2014:Q4,pct99to100,20222292,3492789,2823870,668919,16729503,1865728,343680,1093066,841472,251594,396779,360820,35960,7856237,311384,50475,882367,249192,3601702,78892,921925,916505,625660,90349,25119,175377,5420,19300367,1242165,,
2014:Q4,pct80to99,44792050,11509995,9838466,1671529,33282055,3504256,885084,1410848,1084741,326107,531092,485805,45287,9382431,710564,1177996,3735380,7604803,3977112,362489,5916725,5902037,4595606,1039694,42271,224466,14688,38875325,23607214,,
2014:Q4,pct60to80,15197820,5082773,4030403,1052370,10115046,1178505,196766,293938,219688,74250,101831,88735,13096,1495707,230257,551329,1073737,4024145,722801,246033,3104109,3099327,2178728,853643,27048,39908,4782,12093710,24847264,,
2014:Q4,pct40to60,7954332,3053419,2363332,690087,4900913,810241,100804,179001,135517,43484,31187,24451,6736,674956,139231,186573,375149,1943750,291801,168220,1762853,1760006,1101036,629594,11883,17493,2847,6191479,24848101,,
2014:Q4,pct20to40,4540317,2106335,1618969,487366,2433982,513704,53970,96628,80616,16012,22377,17692,4685,291194,77724,47752,105051,897756,196621,131205,1019908,1018318,573661,420218,8567,15871,1590,3520409,24847885,,
2014:Q4,pct00to20,2622681,1252167,970678,281489,1370513,275627,27257,27993,19372,8621,66233,61116,5116,268240,47415,7085,38878,201313,347300,63172,650255,649285,266817,276041,57454,48974,970,1972425,24842136,,
2015:Q1,pct99to100,20728450,3577972,2894322,683651,17150478,1960461,330948,1112529,885474,227055,395342,360731,34611,8065691,315691,52692,906377,255056,3676468,79222,933365,927515,629658,94084,26942,176832,5850,19795085,1244896,,
2015:Q1,pct80to99,45539496,11668668,10003459,1665210,33870827,3670926,866595,1406163,1130178,275985,535029,490673,44356,9584331,717741,1185439,3793947,7673121,4073949,363588,5896081,5880969,4581876,1030669,45833,222591,15112,39643414,23660453,,
2015:Q1,pct60to80,15317221,5130442,4074594,1055848,10186778,1193826,197790,298552,236727,61825,98464,85560,12904,1499554,234105,557768,1085096,4055077,718854,247695,3086500,3081582,2161129,849904,30514,40035,4918,12230721,24903857,,
2015:Q1,pct40to60,8046689,3101883,2410138,691745,4944806,846287,99746,184013,148641,35372,33332,26864,6467,667784,140914,186389,377499,1947094,292811,168937,1757822,1754959,1092325,633182,13337,16116,2863,6288866,24904164,,
2015:Q1,pct20to40,4564701,2115614,1625457,490157,2449087,524981,52756,96079,82830,13250,21016,16929,4087,291880,78575,47182,107887,895757,202733,130241,1014481,1012860,569241,418432,9362,15826,1621,3550220,24904322,,
2015:Q1,pct00to20,2621915,1250424,964694,285730,1371492,269944,26170,31422,24023,7400,63842,58942,4899,271474,50324,7635,38941,198096,350379,63264,656248,655205,266708,280833,54700,52964,1043,1965668,24898883,,
2015:Q2,pct99to100,21017098,3686633,2985637,700996,17330465,1992308,321588,1079979,886943,193036,383467,350156,33311,8125734,316899,54908,916635,260206,3799047,79694,953604,947446,637938,102371,28959,178178,6158,20063494,1247497,,
2015:Q2,pct80to99,45966175,11867056,10193087,1673969,34099119,3713540,854974,1349019,1131995,217024,529340,485916,43423,9631179,718417,1192026,3789721,7733499,4222043,365361,5937497,5922063,4600281,1045624,50170,225988,15434,40028678,23710944,,
2015:Q2,pct60to80,15378377,5212030,4143422,1068608,10166347,1182868,199919,286191,238619,47572,91762,79053,12709,1478257,236269,563831,1071159,4081855,724428,249809,3120138,3115102,2165320,874883,34636,40263,5036,12258239,24957557,,
2015:Q2,pct40to60,8133218,3188560,2488512,700048,4944658,855536,99283,180561,154193,26368,36625,30402,6224,652347,141441,185993,370194,1948728,303866,170085,1776121,1773236,1095792,647402,15159,14882,2885,6357097,24957330,,
2015:Q2,pct20to40,4582751,2136027,1638632,497395,2446724,525610,51971,92224,82116,10108,20888,17343,3545,289050,79326,46562,108433,893365,209731,129565,1026086,1024437,568187,430176,10453,15621,1649,3556666,24957798,,
2015:Q2,pct00to20,2626388,1261334,967264,294070,1365054,264671,25171,29708,23786,5922,60437,55736,4701,271592,52610,8183,39228,194551,355390,63513,655518,654408,269093,277285,51438,56591,1110,1970870,24952780,,
2015:Q3,pct99to100,20643568,3774064,3071301,702763,16869504,2017989,335619,1208673,1015458,193215,371960,340121,31838,7456658,315784,56486,890292,263593,3871689,80761,974415,968492,647075,110484,30956,179977,5923,19669153,1249994,,
2015:Q3,pct80to99,45549733,12036912,10356442,1680470,33512821,3744144,891915,1473744,1260178,213565,524168,481962,42206,8916135,714218,1168561,3618591,7775313,4316038,369994,5958006,5942703,4620659,1064813,53915,203316,15304,39591726,23759130,,
2015:Q3,pct60to80,15283071,5295184,4218599,1076584,9987887,1169532,210259,334097,287491,46607,84965,72560,12405,1332058,237170,555584,990752,4098956,720686,253828,3155211,3150138,2170419,901002,38747,39970,5073,12127859,25008800,,
2015:Q3,pct40to60,8157516,3267185,2556211,710974,4890332,862187,103105,209386,183844,25542,39913,34026,5886,594735,141099,178217,337574,1946506,304578,173032,1798274,1795337,1100629,664993,16788,12927,2938,6359242,25008056,,
2015:Q3,pct20to40,4607805,2176311,1678435,497876,2431494,525225,54205,99435,89546,9889,20653,17697,2956,268454,79999,44503,102958,890204,215734,130124,1038985,1037323,567515,442413,11207,16188,1662,3568820,25008763,,
2015:Q3,pct00to20,2627142,1268533,973503,295029,1358609,259473,24737,45296,39431,5864,56940,52500,4439,256048,54432,8474,40010,190256,358524,64419,660580,659428,272039,279362,46031,61996,1152,1966561,25004252,,
2015:Q4,pct99to100,21095773,3838128,3129270,708858,17257645,2091297,339538,1130020,1034904,95116,362105,331556,30549,7794930,318632,59171,921969,269961,3887986,82036,991723,985939,659115,111623,33468,181734,5784,20104050,1252411,,
2015:Q4,pct80to99,46291558,12171407,10488304,1683103,34120150,3868729,908031,1368339,1280079,88261,520872,479712,41160,9253886,718278,1195007,3715436,7847099,4348850,375623,5944969,5929717,4645478,1037888,61758,184592,15252,40346589,23805457,,
2015:Q4,pct60to80,15431257,5358502,4275227,1083275,10072755,1176478,217209,314189,296044,18145,78507,66342,12165,1360233,240217,571182,1018111,4131584,706531,258513,3147774,3142649,2176580,880963,45347,39759,5125,12283483,25058022,,
2015:Q4,pct40to60,8254331,3326287,2607329,718958,4928044,889162,105094,202239,193161,9077,43308,37663,5645,596430,142228,182679,346150,1950260,293885,176610,1801323,1798339,1109546,657431,20293,11069,2984,6453008,25056799,,
2015:Q4,pct20to40,4654811,2207557,1708321,499235,2447254,533027,55142,93697,89946,3751,20359,17878,2482,272612,80791,44812,107120,888047,220536,131112,1033310,1031632,568127,432979,13888,16638,1678,3621501,25057668,,
2015:Q4,pct00to20,2625143,1269055,971860,297195,1356089,254139,24010,43864,41339,2524,53549,49303,4245,262162,57071,9206,39951,187123,359460,65554,667029,665831,276959,279346,42351,67174,1198,1958114,25053728,,
2016:Q1,pct99to100,21455711,3914402,3189339,725063,17541308,2171117,328642,1172137,1084744,87393,376069,346437,29632,7949225,321751,61512,943005,275560,3859385,82905,1005061,998809,664683,115077,35746,183303,6253,20450649,1254774,,
2016:Q1,pct80to99,46868679,12307246,10620995,1686252,34561433,4006144,893610,1407585,1328734,78852,540050,499496,40554,9399603,722883,1204856,3764116,7910643,4332651,379292,5939169,5923463,4647720,1034760,66350,174634,15705,40929511,23850369,,
2016:Q1,pct60to80,15536432,5407433,4314953,1092480,10128998,1186332,219066,332491,316444,16047,79139,67055,12084,1357274,243409,578888,1026325,4159890,684287,261898,3148426,3143160,2170567,882233,50643,39716,5266,12388006,25105657,,
2016:Q1,pct40to60,8332672,3380785,2656071,724714,4951887,918920,104419,216485,208647,7838,44661,39075,5585,587730,143454,183062,347446,1952268,274479,178962,1804035,1801037,1106376,662783,22431,9447,2998,6528638,25104018,,
2016:Q1,pct20to40,4679410,2221698,1716928,504770,2457712,541993,54178,95398,92094,3304,17323,15144,2179,272345,81587,44323,109532,885520,224268,131244,1031260,1029550,565069,432768,14891,16823,1710,3648150,25104964,,
2016:Q1,pct00to20,2623215,1267075,963110,303965,1356140,248854,22947,49815,47537,2278,52131,47953,4178,264346,59772,9798,40041,183645,358552,66241,669123,667849,277667,284615,33819,71749,1274,1954093,25101632,,
2016:Q2,pct99to100,22014320,4022505,3274129,748375,17991815,2184041,306481,1199120,1137978,61141,376129,347252,28877,8216439,327504,64118,966176,310534,3957178,84094,1024193,1017654,672751,122257,38186,184459,6540,20990126,1257106,,
2016:Q2,pct80to99,47642979,12566931,10879575,1687356,35076049,4011879,855485,1432101,1379908,52193,546592,506467,40126,9664152,732971,1226229,3823076,7946174,4452893,384495,5987887,5971880,4671223,1048613,69518,182526,16007,41655092,23894311,,
2016:Q2,pct60to80,15717586,5508156,4406096,1102059,10209431,1168260,216746,348865,338477,10388,75372,63307,12065,1374108,248027,592117,1038677,4194726,686229,266304,3185312,3179932,2179215,905122,55586,40009,5381,12532274,25152140,,
2016:Q2,pct40to60,8454445,3470037,2742296,727741,4984407,920201,101632,229981,225135,4847,47625,42031,5594,585930,145657,186276,350338,1953799,280689,182281,1821820,1818799,1110832,675706,23926,8334,3021,6632625,25150169,,
2016:Q2,pct20to40,4699743,2241389,1728696,512693,2458354,539567,51743,96440,94322,2118,16003,14056,1947,274945,82463,44376,112297,877845,230640,132035,1040054,1038317,564079,442777,14991,16470,1737,3659689,25151102,,
2016:Q2,pct00to20,2648796,1278728,965229,313499,1370067,243896,21648,55964,54430,1533,49425,45267,4158,269033,63017,10495,40110,186376,362825,67279,660965,659624,279758,282317,22533,75016,1340,1987831,25148391,,
2016:Q3,pct99to100,22515374,4095990,3353107,742883,18419384,2255419,293325,1129334,1110221,19113,362456,334500,27956,8507809,331335,66801,999461,346051,4042396,84997,1046019,1040086,683662,129847,40955,185622,5933,21469355,1259434,869988,3795578700
2016:Q3,pct80to99,48368782,12682198,10986585,1695613,35686584,4132677,835969,1371141,1356034,15108,540859,501426,39433,9954512,739022,1250519,3928207,7986076,4559295,388307,6050049,6034483,4701180,1068302,73290,191712,15566,42318733,23937727,111580,869988
2016:Q3,pct60to80,15913133,5611848,4502504,1109344,10301285,1174907,217568,331040,328135,2906,67138,55196,11942,1395393,251601,606758,1069246,4231852,685992,269788,3228380,3223017,2190520,930857,61306,40335,5363,12684753,25197908,67758,111576
2016:Q3,pct40to60,8634453,3601254,2860129,741125,5033199,946377,100472,225630,224371,1259,52124,46617,5507,585792,147142,190205,360162,1956186,284381,184729,1848873,1845780,1119766,693030,25715,7269,3093,6785580,25195710,41328,67741
2016:Q3,pct20to40,4772966,2304237,1793578,510660,2468729,547184,50464,92751,92168,583,16344,14682,1662,278215,83279,44562,116704,870283,236724,132218,1052226,1050486,564477,454723,15202,16085,1740,3720740,25196533,23297,41327
2016:Q3,pct00to20,2688245,1318298,1006733,311565,1369947,238787,20543,49811,49357,454,45421,41347,4074,274295,65876,11222,40070,189286,366638,67998,657843,656478,283743,284831,9725,78179,1365,2030402,25194432,0,23297
2016:Q4,pct99to100,22652185,4138903,3404439,734464,18513282,2251266,288139,1053447,1053447,0,364540,336889,27650,8613091,342936,66200,994860,369561,4082887,86357,1059881,1054505,686250,125106,47653,195497,5376,21592304,1261776,,
2016:Q4,pct80to99,48620525,12914753,11202661,1712092,35705771,4196529,820808,1322478,1322478,0,524157,484930,39227,9999076,730121,1238608,3974317,7977997,4527643,394037,6051968,6037102,4723874,1083628,68658,160942,14866,42568557,23980986,,
2016:Q4,pct60to80,16062609,5687281,4571490,1115792,10375328,1216967,214823,313926,313926,0,63570,51397,12173,1432530,251910,596573,1067072,4253612,692167,272178,3264672,3259377,2202432,958304,58173,40469,5296,12797937,25243325,,
2016:Q4,pct40to60,8675266,3610235,2859450,750784,5065031,949194,98820,210023,210023,0,50048,44643,5405,593427,145227,191325,367776,1990714,279734,188744,1874211,1871078,1125321,712904,24930,7923,3133,6801055,25241022,,
2016:Q4,pct20to40,4839793,2350999,1839073,511926,2488794,561702,49189,90671,90671,0,16554,14463,2092,281391,84170,43063,117714,873835,235686,134818,1076142,1074398,570355,472067,14583,17393,1743,3763652,25241634,,
2016:Q4,pct00to20,2737785,1337432,1025763,311670,1400353,258785,22582,45928,45928,0,41343,37384,3958,283554,63130,11074,40700,197050,365459,70747,653493,652209,283698,284429,9301,74781,1285,2084292,25240111,,
2017:Q1,pct99to100,23366445,4186519,3452394,734125,19179926,2272886,278293,1034065,1034065,0,386672,359534,27138,9159453,359123,66475,1019283,395012,4121920,86742,1068809,1062623,689621,114887,53727,204388,6186,22297636,1264135,,
2017:Q1,pct80to99,49610495,13122361,11390450,1731910,36488135,4311542,795709,1324137,1324137,0,526012,487262,38751,10500996,730667,1267622,4154422,7988550,4493416,395062,6070532,6055227,4743810,1073831,63299,174288,15304,43539963,24024151,,
2017:Q1,pct60to80,16401808,5762669,4636747,1125922,10639138,1270097,210264,314303,314303,0,66169,53844,12325,1545578,254677,605900,1117536,4285144,698037,271432,3268062,3262631,2211466,955093,54624,41448,5432,13133745,25288472,,
2017:Q1,pct40to60,8827350,3655368,2895290,760078,5171982,962993,96267,203746,203746,0,45745,40545,5200,626348,144992,202528,395705,2029206,274643,189809,1887818,1884720,1131028,720125,23700,9867,3097,6939532,25286182,,
2017:Q1,pct20to40,4919218,2390288,1873112,517176,2528929,580713,47302,91237,91237,0,14109,11628,2482,295255,85202,43520,123547,878082,234585,135378,1083524,1081741,576338,474529,13489,17384,1783,3835694,25286488,,
2017:Q1,pct00to20,2834947,1386816,1070826,315991,1448131,278810,24499,47674,47674,0,38888,35119,3769,302534,61300,11280,40952,205595,364175,72423,654099,652830,284266,291958,8510,68097,1269,2180848,25285510,,
2017:Q2,pct99to100,23980483,4235852,3508326,727526,19744631,2210219,274672,1054540,1054540,0,394213,367215,26999,9473764,373120,66488,1031841,420128,4358179,87467,1083636,1077115,694127,108858,60789,213341,6521,22896846,1266505,,
2017:Q2,pct80to99,50367528,13330192,11585046,1745146,37037336,4260436,783833,1366334,1366334,0,515187,476370,38817,10757129,726502,1284338,4282593,7994015,4669256,397713,6119586,6104240,4772958,1081873,63049,186361,15346,44247942,24067207,,
2017:Q2,pct60to80,16711747,5861006,4730123,1130883,10850741,1287757,208107,331071,331071,0,64600,51879,12721,1619685,256229,609355,1147308,4314152,740714,271761,3303819,3298322,2226743,975120,54052,42406,5497,13407928,25333360,,
2017:Q2,pct40to60,9004265,3735529,2967788,767742,5268735,940902,94909,205784,205784,0,43250,38056,5194,645884,143917,210702,415989,2066850,308652,191896,1916400,1913312,1140048,736460,25027,11777,3088,7087865,25331189,,
2017:Q2,pct20to40,4994698,2438283,1919825,518458,2556414,585263,46228,94258,94258,0,13786,10699,3087,303411,86166,43388,127509,882142,237621,136642,1106173,1104362,583211,488612,15122,17416,1811,3888525,25331106,,
2017:Q2,pct00to20,2948288,1444340,1128026,316314,1503948,299092,26583,55338,55338,0,35475,31766,3710,316609,59002,11380,41330,213986,370677,74476,649809,648578,285472,291786,9812,61508,1231,2298480,25330640,,
2017:Q3,pct99to100,24458831,4286783,3568858,717925,20172047,2181411,290706,1006845,1006845,0,400792,374653,26139,9821038,388954,66535,1049601,445368,4431182,89617,1097112,1090437,699027,102303,66403,222704,6675,23361718,1268882,,
2017:Q3,pct80to99,51052742,13536166,11779942,1756224,37516576,4276308,813401,1338801,1338801,0,503544,465648,37895,11044227,726043,1302549,4436891,7999206,4668383,407223,6162100,6146865,4808647,1094646,58375,185197,15235,44890642,24110142,,
2017:Q3,pct60to80,17003813,5955924,4821996,1133929,11047889,1319818,213464,319614,319614,0,62714,49967,12746,1700064,258750,613517,1187299,4343134,752873,276643,3342854,3337318,2246776,996484,50943,43116,5535,13660960,25378002,,
2017:Q3,pct40to60,9140776,3792845,3017747,775098,5347932,933234,97271,193634,193634,0,40408,35607,4801,667247,143500,219244,440459,2104622,310026,198287,1947061,1943972,1150960,755677,24013,13323,3089,7193716,25376043,,
2017:Q3,pct20to40,5080693,2491682,1973617,518065,2589011,595672,47686,93049,93049,0,13189,9781,3408,312305,87186,43326,132417,886194,237105,140882,1127062,1125229,590560,502588,14236,17845,1834,3953631,25375496,,
2017:Q3,pct00to20,3044696,1498629,1183716,314913,1546067,319345,29326,52774,52774,0,31875,28490,3385,331520,57060,11493,41607,222411,370550,78106,650476,649293,286832,297485,9176,55799,1183,2394220,25375513,,
2017:Q4,pct99to100,25263968,4315131,3606373,708758,20948837,2176541,311434,1003895,1003895,0,389530,363992,25538,10411735,404960,66673,1071131,470914,4551569,90455,1110923,1104158,703137,97260,72558,231204,6765,24153045,1271264,,
2017:Q4,pct80to99,52124193,13724100,11940284,1783816,38400092,4339816,851994,1357608,1357608,0,476250,438888,37362,11579640,725811,1324938,4610971,8006081,4716579,410405,6237707,6222638,4840058,1111695,55867,215018,15070,45886485,24152941,,
2017:Q4,pct60to80,17362816,6034369,4887840,1146529,11328447,1362234,220259,326843,326843,0,55893,42932,12961,1822844,261337,619666,1235087,4373104,773870,277311,3389211,3383646,2264096,1026037,49092,44421,5564,13973605,25422407,,
2017:Q4,pct40to60,9316316,3843043,3052816,790227,5473273,935780,100352,190738,190738,0,39492,34946,4546,702352,143123,228811,468204,2142912,320798,200711,1980041,1976949,1160008,777112,24106,15723,3093,7336275,25420744,,
2017:Q4,pct20to40,5182235,2545847,2024328,521520,2636387,610283,49679,94664,94664,0,14933,11028,3905,326932,88212,43462,138049,890310,237484,142378,1152142,1150287,597343,521060,14532,17352,1855,4030093,25419668,,
2017:Q4,pct00to20,3151422,1551682,1234895,316787,1599740,339658,32306,57001,57001,0,27103,23955,3148,351717,55133,11642,41788,230946,372155,80291,643947,642815,287703,297621,9448,48042,1133,2507474,25420141,,
2018:Q1,pct99to100,25473036,4386573,3679656,706917,21086463,2211740,304539,1013467,1013467,0,396191,371378,24813,10399964,419498,66170,1054015,495650,4633846,91384,1121066,1112953,706577,87072,79038,240264,8113,24351970,1273644,,
2018:Q1,pct80to99,52477785,14029417,12219468,1809949,38448369,4483213,833122,1390514,1390514,0,465636,428955,36682,11489736,722384,1317668,4606525,8002688,4722860,414022,6252366,6236422,4856079,1100181,54125,226037,15945,46225419,24195592,,
2018:Q1,pct60to80,17577275,6151436,4991531,1159904,11425840,1422035,216908,339833,339833,0,54469,41322,13147,1842769,263101,611652,1211191,4397901,787717,278263,3389782,3384003,2269897,1021052,47686,45368,5779,14187494,25466587,,
2018:Q1,pct40to60,9444597,3912333,3109447,802886,5532265,955433,98372,190307,190307,0,36720,32503,4217,703272,142174,231106,468362,2179341,323766,203411,1993646,1990619,1164763,783637,24610,17609,3027,7450951,25465292,,
2018:Q1,pct20to40,5263348,2600763,2073179,527584,2662585,631939,48150,97161,97161,0,14435,10042,4394,327191,89194,42180,137184,894052,237036,144063,1160636,1158727,602969,523070,15267,17421,1909,4102712,25463632,,
2018:Q1,pct00to20,3259717,1617765,1296124,321641,1641952,360079,34463,63442,63442,0,23755,20898,2857,359259,52887,11533,42608,239131,372214,82581,645988,644847,288403,304864,10057,41524,1141,2613729,25464535,,
2018:Q2,pct99to100,25839680,4411595,3709394,702201,21428086,2153586,315252,1046523,1046523,0,406053,382053,24000,10593849,435746,65949,1056105,521104,4741982,91936,1138292,1130126,712545,79994,87464,250123,8166,24701388,1276020,,
2018:Q2,pct80to99,52921480,14196133,12361672,1834460,38725347,4441566,850385,1449878,1449878,0,458308,422400,35908,11609954,722404,1323448,4693052,8005396,4755137,415818,6275512,6259766,4889761,1103417,55433,211154,15746,46645968,24238080,,
2018:Q2,pct60to80,17820074,6231989,5060280,1171709,11588085,1441947,219865,364229,364229,0,54087,40758,13329,1898541,265769,609860,1223428,4425975,806386,277999,3423223,3417421,2287279,1036397,47934,45811,5802,14396851,25510554,,
2018:Q2,pct40to60,9580675,3986824,3171359,815465,5593851,935291,99530,194453,194453,0,33607,29776,3831,715846,141839,236608,482696,2217173,331840,204970,2023054,2020021,1176203,798056,26954,18808,3033,7557622,25509686,,
2018:Q2,pct20to40,5329532,2644778,2112636,532142,2684755,637386,48814,101299,101299,0,13553,8657,4896,332323,90228,41520,139620,898023,237029,144958,1184021,1182092,610493,535312,18032,18255,1929,4145512,25507397,,
2018:Q2,pct00to20,3366881,1671777,1346854,324923,1695104,380520,37270,74489,74489,0,20695,18175,2521,371313,50972,11537,43103,247597,373150,84457,645453,644365,290571,304998,12238,36558,1088,2721429,25508707,,
2018:Q3,pct99to100,26521813,4442425,3746019,696406,22079388,2079419,315592,1103445,1103445,0,418037,394878,23159,11100435,452592,65754,1074218,547451,4829458,92987,1154306,1145586,718908,73976,92946,259757,8720,25367506,1278388,,
2018:Q3,pct80to99,53745296,14381278,12527698,1853580,39364017,4368060,846224,1535909,1535909,0,453282,418149,35133,12049396,723550,1330492,4856599,8016224,4764271,420009,6323616,6307656,4929906,1118756,51878,207116,15960,47421679,24280392,,
2018:Q3,pct60to80,18167738,6326333,5146157,1180175,11841405,1454906,219083,401748,401748,0,54436,40882,13554,2008632,268736,608666,1266350,4458355,821171,279322,3468617,3462718,2309316,1061389,45541,46472,5899,14699121,25554317,,
2018:Q3,pct40to60,9721945,4041586,3215860,825726,5680359,908321,98818,203153,203153,0,30305,26886,3419,746023,141702,242426,509190,2256788,335599,208034,2058463,2055452,1189495,819250,26393,20314,3011,7663482,25553926,,
2018:Q3,pct20to40,5413211,2697896,2162811,535085,2715314,640011,48167,107048,107048,0,12481,7025,5456,344787,91280,40920,144861,902298,236567,146893,1208429,1206466,618505,551598,17590,18773,1962,4204782,25550974,,
2018:Q3,pct00to20,3489646,1729123,1402377,326745,1760523,400902,39767,91395,91395,0,17845,15685,2160,390059,49160,11553,43298,256419,373236,86889,646345,645286,292890,309596,11936,30864,1058,2843302,25552669,,
2018:Q4,pct99to100,24970303,4342419,3657380,685039,20627884,2083077,361051,1160102,1160102,0,416464,394162,22302,9574263,460695,64074,977417,570343,4865989,94409,1173469,1165240,723252,68294,102906,270788,8229,23796834,1280742,,
2018:Q4,pct80to99,51548475,14123047,12239265,1883782,37425428,4449735,932451,1622207,1622207,0,436540,402155,34385,10397293,706324,1269337,4478977,7987818,4718757,425990,6332320,6317009,4957861,1132206,54534,172408,15311,45216155,24322515,,
2018:Q4,pct60to80,17779675,6268518,5074750,1193768,11511157,1501697,233487,441925,441925,0,51224,37377,13847,1769505,266944,574901,1092542,4470706,826397,281829,3510902,3505060,2323577,1088549,46343,46590,5842,14268773,25597889,,
2018:Q4,pct40to60,9612421,4039720,3197090,842630,5572700,914586,105705,211551,211551,0,28249,25260,2989,661748,138294,231552,451066,2288876,328848,212223,2091435,2088387,1197866,839664,29798,21060,3047,7520986,25598012,,
2018:Q4,pct20to40,5403526,2709551,2171303,538248,2693975,656353,52987,112765,112765,0,13028,6924,6104,309463,92066,37060,130390,905139,235117,149606,1238569,1236600,625051,569694,21626,20228,1968,4164957,25594372,,
2018:Q4,pct00to20,3522535,1739194,1411056,328138,1783341,421541,43983,110316,110316,0,14132,12352,1779,366357,45548,10976,45539,263795,371420,89736,645648,644668,294011,308634,15118,26905,980,2876887,25596432,,
2019:Q1,pct99to100,26848315,4321225,3623639,697586,22527090,2100411,395693,1208707,1208707,0,426357,404827,21530,11134762,480448,64881,1039947,600190,4981019,94675,1177876,1168782,725141,57895,104566,281181,9093,25670439,1283080,,
2019:Q1,pct80to99,53840217,14133664,12228293,1905371,39706553,4559142,995167,1700727,1700727,0,430566,396736,33831,11915075,713305,1322530,4855307,8033995,4754339,426399,6312027,6296249,4970282,1120435,46634,158899,15778,47528190,24364434,,
2019:Q1,pct60to80,18390684,6263217,5055517,1207701,12127466,1554678,243437,480683,480683,0,51422,37104,14318,2062142,271441,595734,1219485,4521498,846317,280629,3506392,3500408,2327897,1083604,41792,47114,5985,14884291,25641281,,
2019:Q1,pct40to60,9854474,4037387,3187751,849636,5817087,926724,110402,218099,218099,0,25245,22629,2616,751287,139194,248683,510815,2335774,337942,212920,2097506,2094498,1200145,845681,26292,22379,3008,7756968,25641945,,
2019:Q1,pct20to40,5485797,2706194,2157111,549084,2779603,675185,56368,117979,117979,0,12492,5525,6966,346677,93210,38664,143341,910719,235066,149903,1241976,1239966,629775,571312,17827,21052,2010,4243822,25637600,,
2019:Q1,pct00to20,3643045,1766210,1427654,338555,1876835,442324,47838,129442,129442,0,11310,9889,1421,407544,44294,11392,44981,274041,372359,91309,643996,643032,293698,315543,12198,21593,964,2999049,25640008,,
2019:Q2,pct99to100,27580458,4426754,3730461,696293,23153704,2025865,385357,1272491,1272491,0,443245,422575,20670,11524829,496065,65135,1054445,613402,5177556,95314,1190242,1181369,728573,50569,111560,290666,8874,26390216,1285397,,
2019:Q2,pct80to99,54960730,14607882,12686003,1921878,40352849,4485283,969351,1795235,1795235,0,431117,397888,33229,12227409,711539,1350235,5006609,8073922,4873541,428606,6365299,6349948,5009712,1130530,45381,164324,15351,48595431,24406137,,
2019:Q2,pct60to80,18877392,6463140,5247484,1215657,12414251,1567686,239116,531019,531019,0,53649,38785,14864,2153859,273678,604393,1256717,4571991,881525,280619,3552921,3546953,2351912,1106437,40644,47959,5968,15324471,25684503,,
2019:Q2,pct40to60,10065449,4145529,3287978,857550,5919920,899644,107867,227379,227379,0,21599,19410,2188,774856,138537,259572,535640,2376374,363705,214748,2127356,2124326,1210191,862831,27129,24176,3029,7938093,25685722,,
2019:Q2,pct20to40,5597444,2787610,2234326,553284,2809834,677822,54360,124053,124053,0,11304,3355,7949,356319,94227,39047,148119,917228,236372,150981,1264299,1262276,636647,585410,18930,21289,2023,4333145,25680669,,
2019:Q2,pct00to20,3807898,1857741,1515806,341935,1950157,462793,50265,154820,154820,0,8958,7946,1011,424248,42179,11586,45223,280756,376027,93301,639387,638489,293929,316330,13093,15137,898,3168511,25683410,,
2019:Q3,pct99to100,27628662,4367598,3690637,676962,23261064,1982227,453678,1267660,1267660,0,465467,445755,19712,11471842,511943,65121,1048368,626153,5272882,95722,1201996,1192551,733622,43744,114596,300588,9445,26426667,1287689,867873,3820439881
2019:Q3,pct80to99,54983880,14511983,12560432,1951551,40471897,4473311,1095183,1821452,1821452,0,436587,403997,32590,12083504,710212,1365675,5061630,8108910,4885726,429709,6414746,6399172,5050850,1145041,40709,162573,15574,48569134,24447610,127269,867536
2019:Q3,pct60to80,19047027,6487669,5260482,1227187,12559358,1594251,258381,543537,543537,0,57442,41924,15518,2169975,276037,607192,1254965,4619954,897753,279872,3598280,3592213,2375761,1130020,37743,48689,6067,15448747,25727567,74020,127269
2019:Q3,pct40to60,10198231,4229781,3353658,876123,5968450,885787,117352,222953,222953,0,17449,15747,1702,773650,137956,267464,545327,2416013,368613,215886,2159676,2156670,1222266,883049,25546,25810,3006,8038555,25729346,45817,74020
2019:Q3,pct20to40,5679198,2845650,2292479,553172,2833548,685946,61543,126263,126263,0,9703,606,9096,355653,95254,38844,149373,923570,235816,151581,1285442,1283385,644181,600128,17325,21752,2057,4393756,25723587,25963,45817
2019:Q3,pct00to20,3907436,1911120,1571391,339729,1996316,483407,55351,162616,162616,0,6922,6379,543,432005,40101,11675,45858,287281,376057,95045,639257,638389,295298,322166,11882,9044,868,3268179,25726647,0,25963
2019:Q4,pct99to100,28346556,4360378,3688336,672042,23986178,2078318,471034,1228100,1228100,0,445787,427325,18462,12149450,503424,66534,1085781,631032,5229685,97032,1208232,1199179,741882,53582,112570,291145,9053,27138324,1289953,,
2019:Q4,pct80to99,56643223,14426633,12451266,1975367,42216590,4678308,1172855,1801388,1801388,0,435175,400811,34363,13134500,731279,1395802,5319495,8212809,4895999,438983,6481919,6466073,5064450,1179837,45320,176466,15847,50161304,24488854,,
2019:Q4,pct60to80,19314286,6491664,5253078,1238586,12822622,1642549,268394,511513,511513,0,60697,46669,14028,2276370,276611,611204,1338264,4644903,906536,285582,3638641,3632598,2400414,1144927,38690,48566,6044,15675645,25770498,,
2019:Q4,pct40to60,10440062,4254414,3367804,886610,6185649,933553,125242,217603,217603,0,21555,18392,3163,861560,141129,262727,572321,2424260,403216,222483,2186164,2183088,1242009,886797,26098,28184,3076,8253898,25772830,,
2019:Q4,pct20to40,5774561,2841136,2285151,555985,2933425,708139,65415,122384,122384,0,10202,2293,7909,369187,92736,42249,157974,965265,243750,156123,1290472,1288476,645701,604012,17944,20818,1996,4484089,25766380,,
2019:Q4,pct00to20,3892699,1868962,1526208,342754,2023737,482380,54916,147156,147156,0,7797,7134,663,464026,41070,11894,48534,284455,385227,96283,644248,643368,296863,323036,13576,9892,880,3248451,25769747,,
2020:Q1,pct99to100,25453120,4479726,3810926,668799,20973394,2179888,581388,1201635,1196803,4833,494577,477191,17386,9051620,491750,65697,944937,626814,5238517,96571,1213075,1203083,749244,56094,116561,281185,9991,24240045,1292190,,
2020:Q1,pct80to99,54149307,14851941,12857447,1994494,39297365,4894273,1429276,1790353,1785941,4412,493083,457130,35953,10285499,745910,1323317,4719029,8216377,4960489,439758,6510923,6493707,5065504,1170575,55835,201793,17216,47638383,24529932,,
2020:Q1,pct60to80,18727912,6675817,5428143,1247674,12052095,1693053,304126,486933,486017,916,81874,69131,12743,1732313,275500,566194,1082998,4618352,925107,285645,3619274,3613059,2416144,1105821,42449,48645,6215,15108638,25813378,,
2020:Q1,pct40to60,10421022,4396448,3501982,894466,6024574,983744,146812,214096,213648,449,19586,15114,4473,732850,143155,232882,466233,2412891,448573,223753,2187917,2184846,1258003,865475,30550,30817,3071,8233105,25816250,,
2020:Q1,pct20to40,5819283,2908106,2349662,558444,2911177,731242,80146,119301,119026,275,6902,0,6902,294250,90113,40766,135492,1003395,252588,156983,1271226,1269256,646145,580618,22956,19537,1970,4548057,25809130,,
2020:Q1,pct00to20,3884814,1907712,1562054,345658,1977102,481172,56672,135346,135125,221,12804,12019,785,414885,41408,11221,53990,277841,396194,95569,662497,661543,298053,334536,18835,10119,954,3222317,25812789,,
2020:Q2,pct99to100,27642572,4528472,3865690,662783,23114100,2400636,624145,1092382,1039916,52466,479585,463221,16364,10967527,489121,68617,1048651,628816,5217041,97577,1212465,1203289,758483,60454,111511,272841,9177,26430107,1294401,,
2020:Q2,pct80to99,57936070,15051880,13055433,1996447,42884191,5348508,1556999,1671148,1614756,56392,493822,456615,37207,12591567,779564,1422053,5290675,8288879,4993364,447612,6512795,6495648,5077061,1168988,56808,192792,17146,51423276,24570922,,
2020:Q2,pct60to80,19486198,6797057,5550760,1246297,12689141,1795027,320945,408137,396559,11578,85183,73638,11545,2053855,279309,602957,1288214,4627142,937960,290412,3615825,3609695,2438419,1081331,41813,48132,6130,15870373,25856302,,
2020:Q2,pct40to60,10927294,4513135,3618383,894752,6414159,1084984,158506,191422,185164,6258,23144,17578,5566,888849,148566,244894,541794,2414984,487549,229468,2191916,2188751,1278351,848891,28829,32679,3165,8735378,25859698,,
2020:Q2,pct20to40,6022799,2950204,2394140,556064,3072595,775159,87037,110566,107180,3387,5943,0,5943,337424,87761,47445,155364,1044093,260890,160915,1255384,1253485,647884,565328,20967,19308,1899,4767415,25851936,,
2020:Q2,pct00to20,3931636,1922522,1578250,344273,2009114,479861,56645,98115,95705,2410,13597,12735,862,473204,43599,12036,55663,273812,406105,96477,669342,668395,300370,337475,18336,12214,947,3262294,25855869,,
2020:Q3,pct99to100,28771659,4683627,4013401,670226,24088032,2465129,562950,1026579,1026579,0,449922,434399,15523,11896426,486017,70811,1090357,629140,5311047,99653,1218444,1209809,773645,68851,105980,261333,8635,27553215,1296588,,
2020:Q3,pct80to99,60370343,15616213,13555175,2061038,44754130,5490346,1483949,1610550,1610550,0,480317,441851,38466,13874930,812375,1487570,5563031,8343086,5147343,460632,6658038,6640735,5123052,1196867,56764,264053,17303,53712305,24611903,,
2020:Q3,pct60to80,20054578,7060601,5776714,1283887,12993977,1829020,309864,384758,384758,0,84110,73566,10544,2205394,282886,623840,1376216,4626504,972774,298611,3663679,3657593,2482260,1085489,40770,49075,6086,16390899,25899368,,
2020:Q3,pct40to60,11363347,4712295,3790331,921964,6651052,1119492,155007,184263,184263,0,27683,21069,6614,987743,153825,248763,571293,2413484,551070,238429,2228164,2224919,1312664,849133,26794,36328,3244,9135183,25903266,,
2020:Q3,pct20to40,6211792,3044644,2471993,572651,3167149,791621,81746,104995,104995,0,6335,1164,5170,357458,85388,52541,164435,1084228,271310,167091,1254727,1252894,653783,563758,18685,16668,1834,4957065,25894894,,
2020:Q3,pct00to20,4039689,1988393,1628528,359865,2051295,478172,54630,90749,90749,0,13397,12428,969,510079,45704,12562,58216,269080,420140,98567,678066,677114,306215,343523,17445,9931,953,3361622,25899081,,
2020:Q4,pct99to100,31192198,4829496,4153052,676444,26362702,2635536,521590,1033960,1033960,0,454664,439943,14721,13856765,486947,72843,1173113,635526,5391760,99997,1233047,1225297,791427,78932,104380,250558,7750,29959151,1298753,,
2020:Q4,pct80to99,64394287,16097981,13978068,2119913,48296306,5843811,1445251,1632008,1632008,0,496946,457470,39476,16227859,853753,1545553,6033574,8464333,5287881,465337,6811310,6794132,5157144,1221649,60604,354735,17178,57582977,24652952,,
2020:Q4,pct60to80,20957514,7297055,5979127,1317928,13660458,1908501,303359,383543,383543,0,92079,82471,9608,2535178,288670,641113,1541143,4660388,1005198,301285,3702942,3696951,2513784,1090998,41592,50577,5991,17254571,25942670,,
2020:Q4,pct40to60,11948936,4910578,3963768,946810,7038357,1199381,153866,187262,187262,0,29283,21779,7504,1146641,160609,250772,631083,2425175,612108,242177,2267159,2263816,1346624,849515,27204,40473,3343,9681776,25947044,,
2020:Q4,pct20to40,6443041,3127638,2540193,587445,3315402,826468,78618,104382,104382,0,5050,615,4436,401915,83131,57278,180628,1126733,281535,169664,1260755,1258995,659935,566380,19110,13571,1760,5182286,25938104,,
2020:Q4,pct00to20,4172370,2046673,1672940,373733,2125697,476206,52940,90150,90150,0,15236,14193,1044,569862,48641,13023,60244,266889,433759,98746,682213,681271,314281,341551,18798,6640,943,3490156,25942520,,
2021:Q1,pct99to100,32596151,5044894,4355564,689329,27551257,2843035,530991,834869,834869,0,448404,434081,14323,14947454,476779,73700,1196231,638058,5461739,99997,1241531,1233049,805839,85005,101100,241104,8482,31354620,1300898,,
2021:Q1,pct80to99,67265835,16869772,14703956,2165816,50396063,6271238,1506427,1370344,1370344,0,503482,462186,41295,17678213,872121,1550277,6214633,8543346,5417577,468405,6916208,6897817,5183801,1229720,62193,422104,18390,60349627,24694148,,
2021:Q1,pct60to80,21572911,7632862,6286861,1346001,13940049,2003487,311237,288221,288221,0,96879,87848,9032,2715313,288472,632934,1592404,4672532,1035698,302873,3716030,3709898,2542705,1074046,41438,51709,6132,17856881,25986305,,
2021:Q1,pct40to60,12432536,5145449,4181587,963862,7287087,1295224,160487,150327,150327,0,32018,23307,8710,1255015,163296,239739,646376,2428579,671123,244903,2289256,2285905,1375531,839817,26457,44101,3350,10143280,25991125,,
2021:Q1,pct20to40,6659535,3233775,2631723,602053,3425760,867577,81512,87975,87975,0,5309,1226,4083,426018,80530,59486,186359,1167855,291608,171530,1251606,1249879,664462,555935,18275,11207,1727,5407929,25981663,,
2021:Q1,pct00to20,4275910,2134309,1746152,388157,2141601,473797,52436,54081,54081,0,16443,15166,1277,610702,49330,13022,63105,263085,447052,98548,692646,691639,320068,347968,18980,4624,1007,3583264,25986280,,
2021:Q2,pct99to100,34474149,5440347,4722378,717970,29033802,2862082,512816,811327,782180,29146,449283,435401,13882,16148088,472741,75499,1246084,642004,5714013,99866,1283178,1275454,842702,102381,98158,232212,7724,33190971,1303024,,
2021:Q2,pct80to99,71106920,18302804,16018839,2283965,52804116,6322830,1510776,1336300,1301182,35118,515943,473130,42813,19242845,903436,1597619,6524995,8638185,5740317,470871,7205818,7187442,5357611,1311656,63801,454374,18376,63901102,24735569,,
2021:Q2,pct60to80,22609058,8264342,6845343,1418999,14344716,2017947,310975,269003,263018,5985,103304,94872,8432,2914671,291618,645097,1693842,4692854,1101343,304061,3904786,3898729,2666636,1138662,41352,52079,6057,18704272,26030368,,
2021:Q2,pct40to60,13125939,5562027,4549815,1012212,7563912,1310569,162576,145027,141447,3580,34073,24328,9745,1369855,168288,239104,681417,2435129,770620,247255,2405775,2402333,1461237,868366,25852,46878,3442,10720164,26035598,,
2021:Q2,pct20to40,6969088,3443413,2805111,638303,3525674,876212,81030,84425,82644,1781,4851,1175,3676,452795,78110,63723,196736,1209581,305075,173138,1298453,1296797,685728,583639,17604,9825,1656,5670635,26025669,,
2021:Q2,pct00to20,4514191,2316894,1895381,421513,2197297,471966,51324,46654,45618,1036,17971,16518,1453,654100,51278,13390,65629,259880,466894,98209,709007,708003,338779,345525,19234,4465,1004,3805184,26030455,,
2021:Q3,pct99to100,35053558,5671970,4936602,735369,29381587,2900632,482139,843147,786752,56395,460769,447267,13502,16204849,464548,76785,1231095,642740,5974035,100849,1298351,1290979,858615,110892,98054,223417,7372,33755207,1305133,,
2021:Q3,pct80to99,72866542,19111015,16738741,2372274,53755528,6413549,1487053,1388247,1314345,73902,538057,493717,44340,19613258,926237,1621716,6518134,8697978,6072582,478717,7358711,7340012,5436926,1350759,68634,483693,18699,65507832,24777292,,
2021:Q3,pct60to80,23084820,8649347,7176955,1472392,14435473,2040794,306611,274965,262382,12583,112532,104639,7894,2917396,292543,646143,1671787,4695070,1168807,308824,3992598,3986557,2737237,1154164,42763,52393,6041,19092222,26074956,,
2021:Q3,pct40to60,13580625,5846576,4797643,1048933,7734049,1334340,162301,151223,143385,7838,35424,24672,10752,1417258,171763,232764,668260,2434760,872969,252987,2457013,2453501,1504754,872209,26955,49583,3512,11123613,26080557,,
2021:Q3,pct20to40,7171759,3578255,2914661,663594,3593504,888248,78921,85878,82185,3693,3483,168,3315,452851,75557,66858,195694,1250239,318692,177082,1306970,1305374,693836,584255,18752,8531,1596,5864789,26070219,,
2021:Q3,pct00to20,4659803,2423809,1979190,444618,2235994,470037,49918,47379,45407,1972,20116,18486,1630,672245,52392,13557,68916,255320,487012,99102,723803,722784,344368,352813,21141,4462,1019,3936000,26075142,,
2021:Q4,pct99to100,36047781,5767110,5015117,751993,30280671,3025176,492879,728752,728619,133,460682,447540,13142,16916942,456240,77813,1273717,647826,6099424,101220,1321954,1314826,876337,121150,102696,214643,7128,34725826,1307227,,
2021:Q4,pct80to99,75021485,19420004,16952782,2467222,55601481,6676018,1549424,1233080,1232918,163,548920,503143,45777,20666055,948956,1634174,6792082,8805948,6263180,483643,7510832,7491719,5521819,1393772,80560,495569,19114,67510653,24819395,,
2021:Q4,pct60to80,23579492,8838143,7308724,1529420,14741349,2100264,314910,236707,236682,25,118231,110847,7383,3033253,293432,641615,1758488,4722217,1210584,311649,4093456,4087415,2810742,1177242,47135,52296,6041,19486036,26120164,,
2021:Q4,pct40to60,14018251,6037129,4947962,1089167,7981122,1395007,168998,133257,133242,16,37477,25787,11691,1503090,175223,223555,697711,2443965,945947,256892,2516222,2512647,1551531,877679,31574,51863,3575,11502029,26126091,,
2021:Q4,pct20to40,7346881,3652393,2962494,689899,3694489,915078,81917,76444,76436,8,3257,293,2964,468356,72995,69445,204735,1292559,329939,179764,1325436,1323898,702911,589528,23755,7704,1538,6021446,26115413,,
2021:Q4,pct00to20,4743153,2469134,2000879,468255,2274019,467629,49567,37373,37369,4,21452,19662,1790,704944,53493,13622,71544,252604,502468,99322,737631,736592,351150,353349,26712,5381,1039,4005522,26120434,,
2022:Q1,pct99to100,35516002,6147991,5373214,774777,29368011,3097856,472245,762707,762707,0,499903,487508,12395,15877402,441339,77486,1204979,626176,6206527,101390,1328612,1320943,887694,125509,101892,205849,7668,34187390,1309307,,
2022:Q1,pct80to99,75502562,20759329,18192169,2567160,54743232,6835306,1544000,1290110,1290110,0,595717,550073,45643,19874330,958072,1585533,6517015,8620524,6434996,487631,7637913,7617733,5607173,1420180,84780,505600,20180,67864649,24861958,,
2022:Q1,pct60to80,23799551,9423714,7833051,1590663,14375837,2137724,313298,248098,248098,0,135276,128671,6605,2847736,290778,607893,1634878,4597303,1249002,313851,4179509,4173354,2892999,1179966,48233,52155,6155,19620042,26166089,,
2022:Q1,pct40to60,14387067,6432140,5301684,1130456,7954927,1433588,170100,140725,140725,0,36116,24213,11904,1483247,176260,199394,645198,2394884,1015202,260212,2556164,2552570,1593351,872816,32298,54104,3594,11830903,26172293,,
2022:Q1,pct20to40,7568096,3848164,3128550,719613,3719932,933046,80940,78616,78616,0,2278,0,2278,442772,70225,69136,194164,1325797,340916,182042,1322963,1321463,709575,580465,24497,6926,1499,6245133,26161347,,
2022:Q1,pct00to20,4906411,2632094,2136928,495166,2274318,465431,48458,40852,40852,0,25141,23436,1705,697701,53263,13157,75105,238529,517356,99324,752259,751164,353196,363283,28283,6401,1096,4154152,26166425,,
2022:Q2,pct99to100,32718579,6435157,5659335,775822,26283422,3061832,474039,838347,838347,0,474723,463087,11636,12758493,422147,76829,1063978,599572,6411213,102248,1351997,1345079,908106,137630,102489,196854,6918,31366582,1311375,,
2022:Q2,pct80to99,72914213,21753427,19130037,2623391,51160785,6778090,1586267,1409798,1409798,0,580820,535667,45153,16842074,958390,1522095,5875988,8400932,6711380,494953,7746523,7726341,5699983,1472092,91426,462840,20182,65167690,24905057,,
2022:Q2,pct60to80,23368345,9903413,8281306,1622107,13464932,2129178,318758,276270,276270,0,132942,127086,5856,2303345,285827,567089,1380064,4446662,1306526,318270,4289899,4283816,2970751,1212016,50293,50757,6082,19078446,26212827,,
2022:Q2,pct40to60,14532970,6802339,5646629,1155710,7730631,1425726,175125,156394,156394,0,39029,27071,11958,1329933,175730,171594,541783,2342497,1107189,265629,2621479,2617792,1645047,883422,34212,55112,3687,11911491,26219253,,
2022:Q2,pct20to40,7696089,4020996,3289498,731498,3675093,932474,82773,84111,84111,0,1619,0,1619,367676,67318,68131,170916,1360617,353688,185771,1346405,1344977,720055,590805,26571,7547,1428,6349683,26208119,,
2022:Q2,pct00to20,4983505,2758124,2252653,505471,2225381,463884,47941,49825,49825,0,24464,22871,1593,638485,52169,12564,78299,221950,535712,100089,767412,766319,361773,363163,31131,10252,1093,4216093,26213211,,
2022:Q3,pct99to100,31527155,6177345,5394580,782765,25349809,3003988,483131,1000645,1000645,0,439964,428986,10978,11904999,409551,76789,1011785,579326,6336310,103320,1375664,1369088,929573,149957,101643,187916,6576,30151491,1313433,1197734,9454422018
2022:Q3,pct80to99,71300819,21004038,18320031,2684006,50296781,6677563,1644457,1654202,1654202,0,555526,510763,44763,16189468,972644,1486576,5669870,8252759,6690380,503336,7862206,7841681,5765260,1515397,95424,465600,20525,63438613,24948771,151328,1197734
2022:Q3,pct60to80,22914461,9775888,8118508,1657380,13138573,2111462,326608,341696,341696,0,127414,122203,5212,2149723,284478,539605,1291757,4332513,1309922,323396,4364251,4358182,3023767,1232648,51326,50441,6069,18550210,26260473,90796,151328
2022:Q3,pct40to60,14528653,6850901,5669168,1181733,7677752,1408586,181485,189612,189612,0,42194,30142,12053,1312662,177682,150598,503546,2304301,1135370,271718,2678174,2674418,1690304,892059,34840,57214,3757,11850479,26267064,54444,90796
2022:Q3,pct20to40,7716909,4011565,3264940,746625,3705343,928213,85539,95691,95691,0,3577,2502,1075,346053,64606,68455,163199,1398528,361519,189963,1363938,1362571,729454,598965,27196,6955,1367,6352971,26255828,31247,54417
2022:Q3,pct00to20,4909111,2673212,2154231,518982,2235899,462476,47626,72724,72724,0,23136,21618,1519,631131,52431,12212,80687,207990,544390,101094,782469,781360,371832,365260,32582,11686,1109,4126642,26260886,0,31166
2022:Q4,pct99to100,32237767,6122683,5332030,790653,26115084,2919619,522542,1260669,1260669,0,418635,407921,10714,12599787,415492,77128,1058269,566911,6170493,105539,1397411,1392093,942995,156587,104114,188397,5318,30840356,1316499,,
2022:Q4,pct80to99,71993060,20716930,18010527,2706403,51276130,6510752,1732461,2011345,2011345,0,533788,490097,43691,16950498,985324,1497233,5905356,8122045,6513290,514038,7880463,7860946,5823566,1547680,100220,389481,19518,64112597,25007013,,
2022:Q4,pct60to80,22889412,9541199,7869381,1671817,13348213,2077520,339622,460287,460287,0,120815,115774,5041,2270078,287843,544296,1374759,4264685,1277823,330483,4428005,4422108,3054331,1265814,53163,48800,5898,18461406,26321777,,
2022:Q4,pct40to60,14387874,6658065,5467148,1190917,7729808,1372699,188907,242564,242564,0,42921,31321,11600,1359290,179950,152705,535844,2280129,1096466,278334,2721759,2717922,1715332,909819,37111,55661,3837,11666115,26328383,,
2022:Q4,pct20to40,7657631,3914822,3160681,754141,3742809,914683,90649,112694,112694,0,5279,4392,888,362855,64909,68956,171291,1397893,359058,194541,1395108,1393770,737926,617039,29750,9055,1338,6262522,26317122,,
2022:Q4,pct00to20,4938333,2641468,2116084,525384,2296864,464072,48630,120546,120546,0,21586,20208,1378,649764,53570,12303,81043,202572,539263,103516,793528,792475,379944,361501,35083,15947,1053,4144805,26322191,,
2023:Q1,pct99to100,33302258,6162030,5365150,796881,27140227,2827914,611513,1442240,1442240,0,407468,396717,10751,13475860,424993,78504,1111739,573725,6079323,106949,1409569,1403782,955473,158976,100270,189064,5787,31892689,1320841,,
2023:Q1,pct80to99,73661230,20859474,18117673,2741801,52801756,6329878,1925377,2242900,2242900,0,523050,479211,43840,17907168,1005556,1552742,6175779,8202669,6415788,520848,7879192,7859235,5842746,1543257,92250,380982,19957,65782038,25089491,,
2023:Q1,pct60to80,23345112,9610955,7917673,1693283,13734157,2041169,367302,550406,550406,0,117404,112345,5058,2421755,293199,570241,1470661,4306728,1260319,334972,4416486,4410503,3051914,1259658,50184,48747,5983,18928626,26408591,,
2023:Q1,pct40to60,14560355,6702674,5495771,1206903,7857681,1333770,204740,280442,280442,0,43651,32011,11640,1417606,183568,165562,573161,2298249,1074469,282463,2731992,2728168,1728390,910852,33285,55641,3825,11828363,26415219,,
2023:Q1,pct20to40,7738554,3946374,3182779,763595,3792180,900245,101951,122638,122638,0,6336,5445,891,383988,65372,71583,180610,1403888,358166,197402,1399816,1398463,743984,619740,25386,9353,1354,6338738,26403921,,
2023:Q1,pct00to20,5031888,2663384,2130500,532884,2368504,466118,50536,161033,161033,0,20833,19450,1383,672968,55404,12783,81391,205361,537045,105031,796121,795044,388158,359503,30839,16544,1077,4235767,26409007,,
2023:Q2,pct99to100,34730638,6492411,5685893,806518,28238227,2784679,664294,1454222,1454222,0,408346,397682,10664,14364071,431206,79501,1163810,580826,6199185,108088,1422940,1417158,965517,163819,98628,189194,5782,33307698,1322127,,
2023:Q2,pct80to99,76461445,22130730,19357868,2772862,54330715,6244181,2036667,2258015,2258015,0,523743,480255,43487,18864871,1018646,1595711,6437004,8281939,6543602,526337,7942700,7922733,5880076,1560076,89202,393379,19967,68518744,25113915,,
2023:Q2,pct60to80,24178947,10099794,8386663,1713131,14079153,2023514,382791,556421,556421,0,117633,112630,5003,2575194,296627,590592,1566070,4347966,1283736,338610,4452660,4446673,3069840,1278778,48996,49058,5987,19726287,26434299,,
2023:Q2,pct40to60,14898229,6893943,5674120,1219824,8004286,1315342,213628,282950,282950,0,43508,32016,11493,1474737,185903,175850,610282,2314534,1101685,285866,2757311,2753482,1745818,919863,31856,55946,3829,12140918,26440934,,
2023:Q2,pct20to40,7945631,4112747,3338973,773774,3832883,893182,108529,123276,123276,0,6234,5403,831,405187,65613,73620,189736,1407114,360636,199757,1415548,1414194,749944,631422,23795,9033,1355,6530082,26429624,,
2023:Q2,pct00to20,5217997,2812308,2270571,541737,2405688,466785,51469,163770,163770,0,20845,19507,1338,695284,56640,13156,81446,208366,541651,106276,793455,792378,394502,352712,29272,15891,1078,4424541,26434716,,
2023:Q3,pct99to100,34193960,6553866,5749196,804671,27640094,2743149,719112,1481842,1481842,0,378442,367769,10673,13782707,428189,82340,1136844,571927,6206491,109050,1436100,1429966,976133,166918,97881,189033,6135,32757860,1321504,,
2023:Q3,pct80to99,76006725,22367105,19591483,2775622,53639620,6160889,2149571,2291287,2291287,0,493714,450191,43523,18239053,1012290,1724510,6301838,8184068,6551430,530968,8024484,8004232,5927645,1567046,87941,421600,20252,67982240,25102079,,
2023:Q3,pct60to80,24138314,10192981,8478651,1714329,13945334,2005363,398086,570930,570930,0,108581,103572,5009,2474791,294963,652170,1516550,4297084,1285123,341693,4490458,4484422,3096734,1289532,48486,49670,6036,19647857,26421841,,
2023:Q3,pct40to60,14890914,6929501,5707916,1221585,7961413,1297468,222430,288811,288811,0,44766,33256,11510,1437511,184769,207402,591015,2294928,1103516,288795,2781371,2777564,1767318,922442,31278,56526,3807,12109543,26428472,,
2023:Q3,pct20to40,7969904,4147662,3373983,773679,3822242,885808,115252,124578,124578,0,8598,7758,839,391330,65496,79732,185007,1404006,360655,201780,1427483,1426120,756595,638102,23166,8256,1363,6542421,26417168,,
2023:Q3,pct00to20,5235654,2840828,2299339,541489,2394826,466740,52272,170706,170706,0,18905,17561,1344,680780,56040,14275,81433,204569,541760,107346,789217,788123,401258,343904,28646,14315,1094,4446437,26422257,,
2023:Q4,pct99to100,35767408,6507849,5694928,812921,29259558,2759019,771980,1585509,1585509,0,389857,379240,10617,15274322,432582,79793,1232626,594966,6027491,111412,1450139,1443667,985093,171422,98021,189132,6472,34317268,1322177,,
2023:Q4,pct80to99,78155258,22196969,19417043,2779926,55958289,6192944,2257660,2413991,2413991,0,505083,461785,43297,19839006,1021525,1608779,6780304,8436227,6360421,542349,8077963,8057423,5963815,1585576,88140,419892,20540,70077295,25114855,,
2023:Q4,pct60to80,24630789,10119208,8400628,1718580,14511581,2012575,412601,626276,626276,0,112013,107039,4974,2732236,297375,596826,1693978,4428152,1250298,349251,4529250,4523162,3115384,1309554,48572,49652,6088,20101539,26435288,,
2023:Q4,pct40to60,15048301,6897238,5675492,1221746,8151063,1304338,230791,310919,310919,0,44237,32820,11417,1532090,186416,179033,660045,2345021,1062254,295918,2808036,2804246,1783819,932548,31365,56513,3790,12240265,26441923,,
2023:Q4,pct20to40,8004354,4113036,3335259,777777,3891318,888762,121703,129228,129228,0,7687,6885,802,426777,65658,74240,201842,1411279,357438,206704,1444578,1443206,762050,649588,23256,8312,1372,6559776,26430613,,
2023:Q4,pct00to20,5284696,2818820,2273199,545621,2465876,466916,52996,197601,197601,0,19618,18302,1316,717427,56919,13269,81259,214424,535497,109950,790710,789601,406897,339538,28738,14428,1110,4493986,26435704,,
2024:Q1,pct99to100,37480541,6653912,5832005,821907,30826629,2818265,790762,1555447,1555447,0,388552,377995,10556,16762039,442887,80920,1304832,600976,5969057,112892,1457503,1450274,991485,169859,99160,189770,7229,36023038,1326538,,
2024:Q1,pct80to99,80883076,22758112,19951851,2806261,58124964,6313546,2297938,2380861,2380861,0,503849,460799,43050,21435328,1043436,1653020,7141401,8508241,6297853,549491,8125620,8104403,5979183,1574094,89858,461268,21216,72757456,25197709,,
2024:Q1,pct60to80,25312402,10336880,8601422,1735458,14975521,2040645,418312,609221,609221,0,111567,106637,4930,2989023,303168,617385,1827353,4465723,1239162,353961,4518164,4511949,3117736,1294177,49302,50734,6215,20794238,26522498,,
2024:Q1,pct40to60,15326953,6986555,5753902,1232653,8340398,1330152,234062,304384,304384,0,44330,33031,11299,1626511,190333,189132,711936,2361494,1047807,300256,2813602,2809841,1790977,929153,32128,57582,3761,12513351,26529155,,
2024:Q1,pct20to40,8149948,4186403,3399985,786418,3963546,900357,124071,128145,128145,0,7849,7104,745,462141,66146,76332,214524,1417138,357132,209710,1442597,1441202,765552,644329,24057,7264,1395,6707351,26517807,,
2024:Q1,pct00to20,5385690,2885175,2332313,552862,2500515,468231,53370,188826,188826,0,19475,18200,1275,754034,58917,13651,81182,216865,534421,111541,798408,797261,410670,344751,29551,12290,1147,4587282,26522916,,
2024:Q2,pct99to100,38147299,6878665,6053763,824902,31268634,2743406,813248,1609878,1609878,0,383404,372932,10472,17099837,446734,81578,1325549,604660,6046173,114168,1468740,1461510,1001094,172425,97767,190224,7229,36678560,1329318,,
2024:Q2,pct80to99,82347854,23628361,20810625,2817736,58719493,6165422,2344706,2445234,2445234,0,498576,455868,42708,21801641,1051720,1678457,7245577,8552536,6379974,555650,8195905,8174657,6022742,1581767,87276,482872,21248,74151949,25250502,,
2024:Q2,pct60to80,25799434,10667776,8925200,1742576,15131658,2010389,424721,638303,638303,0,109964,105088,4875,3047436,305385,629170,1865074,4488836,1254348,358031,4550027,4543801,3140745,1303436,48295,51325,6226,21249408,26578067,,
2024:Q2,pct40to60,15506535,7107595,5869931,1237664,8398940,1298290,237746,315994,315994,0,44488,33336,11152,1648579,191817,194894,726613,2371678,1064810,304029,2834918,2831148,1809004,933056,30918,58171,3770,12671618,26584738,,
2024:Q2,pct20to40,8276835,4298305,3508569,789736,3978529,888283,126847,130580,130580,0,8258,7574,683,470242,66374,77535,218148,1420833,359107,212322,1452872,1451474,771752,650283,22709,6730,1398,6823963,26573367,,
2024:Q2,pct00to20,5517718,2985728,2430273,555455,2531990,469566,53728,202969,202969,0,19087,17859,1229,762727,59635,13871,81237,218358,537887,112924,796780,795631,416321,339888,28224,11198,1149,4720938,26578486,,
2024:Q3,pct99to100,39703116,6846123,6017316,828807,32856993,2744892,867739,1690776,1690776,0,413360,403025,10335,18407843,453522,82393,1387390,611085,6082202,115789,1476295,1469885,1009441,173641,96281,190521,6410,38226821,1331266,,
2024:Q3,pct80to99,84318694,23497632,20663919,2833714,60821062,6169393,2454712,2537459,2537459,0,528314,486164,42150,23192630,1066070,1712256,7552871,8625580,6418307,563468,8257653,8237061,6067945,1595876,84701,488538,20593,76061041,25287514,,
2024:Q3,pct60to80,26237909,10624672,8872169,1752504,15613237,2012251,439268,682940,682940,0,118986,114196,4789,3272857,309157,645055,1981170,4526864,1261480,363211,4586606,4580491,3167284,1314426,47264,51518,6114,21651303,26617025,,
2024:Q3,pct40to60,15690060,7101194,5856573,1244621,8588866,1299106,246139,333425,333425,0,43045,32118,10927,1729556,194380,202832,771778,2387133,1072601,308872,2860859,2857037,1826871,942066,29730,58370,3822,12829200,26623705,,
2024:Q3,pct20to40,8324902,4286305,3491873,794431,4038597,889146,133440,133828,133828,0,5823,5227,595,501104,66659,79136,229056,1424587,360146,215673,1462271,1460892,777514,655360,21410,6608,1379,6862631,26612318,,
2024:Q3,pct00to20,5569069,2972962,2413658,559305,2596107,470265,54387,225361,225361,0,20974,19812,1162,793673,60973,14164,80907,221050,539658,114696,806492,805379,421107,346393,26933,10947,1112,4762577,26617444,,
2024:Q4,pct99to100,39926008,6803143,5968281,834862,33122865,2800580,951823,1668819,1668819,0,311906,301704,10203,18607021,456078,81794,1387320,617567,6122402,117555,1453128,1446687,1021112,170052,64507,191015,6441,38472880,1333145,,
2024:Q4,pct80to99,84615786,23325496,20455779,2869717,61290291,6281625,2621840,2513891,2513891,0,424724,383112,41612,23408459,1071576,1682439,7553495,8699166,6461095,571980,8280042,8259402,6111914,1569782,45891,531816,20640,76335745,25323210,,
2024:Q4,pct60to80,26263537,10574719,8800354,1774365,15688818,2037255,460941,670225,670225,0,88338,83631,4707,3307295,310631,630575,1980115,4565172,1269419,368852,4562178,4556052,3188284,1286074,29081,52613,6126,21701358,26654598,,
2024:Q4,pct40to60,15758736,7099258,5838416,1260843,8659477,1323170,258672,328620,328620,0,46300,35588,10712,1742541,195367,195247,771369,2402671,1081368,314154,2853853,2850027,1846979,929929,13674,59445,3826,12904883,26661288,,
2024:Q4,pct20to40,8354890,4277433,3473277,804157,4077456,899363,143507,133105,133105,0,13165,12652,513,505877,66811,77718,229021,1428314,361249,219327,1440963,1439581,784501,643548,6038,5494,1381,6913927,26649884,,
2024:Q4,pct00to20,5555634,2959438,2392191,567247,2596197,470707,55239,218701,218701,0,14418,13319,1099,798783,61449,13904,81038,223767,541560,116629,797388,796273,428377,348674,10545,8676,1115,4758246,26655018,,
2025:Q1,pct99to100,39375079,6894165,6035171,858994,32480914,2868557,973629,1668825,1668825,0,327524,317465,10059,17922546,449536,81823,1355239,618003,6096290,118943,1436480,1428666,1026425,170047,39851,192343,7814,37938599,1342562,,
2025:Q1,pct80to99,84299646,23680534,20774207,2906327,60619112,6422264,2669915,2518404,2518404,0,441004,399977,41027,22710523,1058754,1669624,7399481,8717697,6432740,578706,8290326,8268441,6137035,1573939,25221,532247,21884,76009321,25502069,,
2025:Q1,pct60to80,26251725,10701291,8901037,1800254,15550435,2072233,467959,668382,668382,0,92916,88305,4611,3190165,307534,623237,1914782,4575113,1264873,373242,4560590,4554228,3197873,1286231,17221,52904,6362,21691135,26842861,,
2025:Q1,pct40to60,15781174,7153888,5880510,1273378,8627285,1353190,262679,328393,328393,0,46004,35551,10453,1705054,193115,190595,745961,2411137,1073098,318059,2857976,2854198,1853646,934118,6648,59787,3778,12923198,26849598,,
2025:Q1,pct20to40,8389801,4304256,3483807,820449,4085546,914037,146309,133592,133592,0,12277,11878,400,490281,66985,77095,223234,1437201,362493,222041,1441190,1439765,788333,644475,1337,5620,1425,6948611,26838114,,
2025:Q1,pct00to20,5585081,2997541,2415819,581721,2587540,473811,55756,216911,216911,0,15278,14263,1015,785556,59893,13787,81933,223667,542879,118069,799464,798280,430449,354562,4354,8915,1184,4785617,26843284,,
2025:Q2,pct99to100,41563605,7057728,6181297,876431,34505877,2867907,985957,1728565,1728565,0,322613,312680,9933,19777831,457127,83299,1452371,622317,6087704,120187,1431965,1424452,1035948,172120,22543,193841,7513,40131640,1351147,,
2025:Q2,pct80to99,87621691,24308576,21341817,2966758,63313116,6425395,2698926,2589223,2589223,0,435984,395468,40517,24695315,1075375,1723205,7884431,8777399,6423128,584734,8379599,8357866,6188483,1584532,13323,571527,21734,79242092,25665147,,
2025:Q2,pct60to80,27107270,10953602,9115270,1838331,16153668,2077374,472468,700231,700231,0,91354,86827,4528,3510231,312057,647707,2094953,4606424,1263692,377176,4591450,4585098,3224790,1296672,9517,54120,6352,22515819,27014512,,
2025:Q2,pct40to60,16127651,7267188,5968073,1299115,8860463,1353696,265238,341127,341127,0,46161,35930,10231,1821836,196104,202291,816057,2427339,1069058,321554,2879005,2875183,1871097,939844,3218,61025,3822,13248645,27021293,,
2025:Q2,pct20to40,8562442,4392245,3553117,839128,4170198,916604,147968,136283,136283,0,12695,12391,304,534273,67557,79624,240312,1446502,363908,224471,1451716,1450291,795182,650356,34,4718,1425,7110727,27009735,,
2025:Q2,pct00to20,5732933,3075541,2478367,597174,2657391,476930,56163,232366,232366,0,14872,13928,944,830620,61238,14248,81722,225252,544623,119358,797909,796733,435080,352781,1811,7062,1175,4935024,27014938,,
2025:Q3,pct99to100,43929656,7016529,6136322,880207,36913127,2875472,1036614,1744321,1744321,0,322533,312848,9685,21921341,462495,84443,1526856,626934,6190962,121157,1438080,1432019,1045380,173484,18137,195019,6061,42491575,1355271,,
2025:Q3,pct80to99,90444733,24129615,21116949,3012666,66315118,6442633,2800018,2608660,2608660,0,435364,395858,39507,26962551,1086955,1768524,8254026,8833896,6533067,589423,8499966,8479386,6238049,1598342,10549,632446,20579,81944767,25743492,,
2025:Q3,pct60to80,27681166,10913973,9048708,1865266,16767193,2083207,485644,708321,708321,0,91235,86856,4378,3879302,315162,668810,2235282,4635924,1284049,380258,4629297,4623140,3252475,1307285,7616,55764,6157,23051869,27096976,,
2025:Q3,pct40to60,16393625,7282321,5961495,1320826,9111303,1357318,272853,344448,344448,0,45902,36056,9846,1952537,198181,212689,870649,2440635,1091733,324360,2907840,2903923,1889978,948795,2491,62659,3917,13485785,27103777,,
2025:Q3,pct20to40,8651985,4396492,3546704,849789,4255493,919197,154049,137075,137075,0,12647,12479,168,584621,67885,81767,253463,1451748,366623,226417,1461921,1460529,801699,655631,0,3199,1392,7190064,27092184,,
2025:Q3,pct00to20,5786013,3064926,2459691,605235,2721087,478391,56702,236140,236140,0,14760,13921,838,880119,62235,14640,81254,227103,549356,120389,805409,804298,440267,358730,1339,3962,1111,4980604,27097403,,
2025:Q4,pct99to100,44754226,6975567,6094184,881382,37778659,2968485,1115260,1775166,1775166,0,313046,303551,9495,22565295,464500,83917,1549258,635241,6185298,123192,1449572,1442531,1053620,177144,16274,195492,7041,43304654,1354005,,
2025:Q4,pct80to99,91494316,23963612,20902649,3060963,67530704,6627734,2951235,2641623,2641623,0,424842,386108,38734,27634622,1091029,1746767,8363660,8922879,6527092,599221,8611309,8589933,6277546,1618173,9405,684810,21376,82883007,25719443,,
2025:Q4,pct60to80,27915199,10878694,8985498,1893196,17036505,2122091,504408,726242,726242,0,88350,84080,4270,3989927,316189,658586,2278927,4682133,1282872,386780,4673453,4667159,3275853,1327424,6820,57063,6295,23241746,27071663,,
2025:Q4,pct40to60,16531128,7289932,5945835,1344097,9241196,1397094,283759,351205,351205,0,45769,36198,9571,1990325,198902,207582,887626,2457639,1090740,330554,2937363,2933505,1907629,959747,2200,63929,3858,13593765,27078458,,
2025:Q4,pct20to40,8708847,4403778,3543373,860405,4305069,934837,163259,138075,138075,0,13110,13026,84,599580,67896,80737,257454,1453141,366283,230697,1476230,1474814,806975,666001,0,1838,1416,7232617,27066876,,
2025:Q4,pct00to20,5806228,3057580,2444076,613504,2748648,477474,57181,245553,245553,0,14119,13349,770,894093,62673,14451,80909,230697,548847,122651,807168,806013,445523,358141,1160,1190,1155,4999060,27072090,,
