Date,Category,Assets,Nonfinancial assets,Real estate,Consumer durables,Financial assets,Deposits,Money market fund shares,Debt securities,U.S. government and municipal securities,Corporate and foreign bonds,Loans (Assets),Other loans and advances (Assets),Mortgages,Corporate equities and mutual fund shares,Life insurance reserves,Annuities,DC pension entitlements,DB pension entitlements,Miscellaneous other equity,Miscellaneous assets,Liabilities,Loans (Liabilities),Home mortgages,Consumer credit,Depository institutions loans n.e.c.,Other loans and advances (Liabilities),Deferred and unpaid life insurance premiums,Net worth,Household count,Minimum Wealth Cutoff
1989:Q3,TopPt1,7.6,3.8,2,10.3,9.9,4.5,10.1,26.4,20.1,58.2,25.3,40.4,4.8,14.6,3.8,0.4,3.2,0.4,19.7,2.1,1.4,1.4,0.7,2.7,8,6.4,2.9,8.6,103864,7794570
1989:Q3,RemainingTop1,12.7,7.3,7,8.6,15.9,13.6,20.1,21.8,24.1,10.3,17.6,23.1,10.1,28.2,9.4,3.9,10.5,4.2,24.4,6.3,2.7,2.7,3,0.7,18,8.3,9.5,14.2,824835,2306199
1989:Q3,Next9,35,27.8,29.4,22.1,39.2,37.9,40.7,37.1,39.6,24.8,43.3,27.1,65.2,38.8,29.5,48.3,43,45.2,34.2,25.8,15.3,15.2,16.9,7.5,28.1,30.8,29.7,38,8368032,486991
1989:Q3,Next40,37.5,47.6,49.7,39.8,31.5,38.5,27.1,13.5,14.9,6.3,13.4,9.1,19.1,17.2,45.4,43,37.4,46.5,20.3,48.2,49.3,49.3,52,45.3,29.4,30.5,45.8,35.7,37209619,66091
1989:Q3,Bottom50,7.2,13.5,12,19.2,3.5,5.5,2,1.2,1.4,0.4,0.5,0.2,0.8,1.1,12,4.3,5.8,3.7,1.4,17.7,31.3,31.4,27.5,43.8,16.5,24,12.1,3.5,46513751,
1989:Q4,TopPt1,7.7,3.9,2.2,10.3,10,4.5,10.8,26.1,20.2,55.5,25.7,39.5,5.5,14.8,3.7,0.4,3,0.5,19.8,2,1.4,1.3,0.6,2.4,8,6.4,3.1,8.7,102687,
1989:Q4,RemainingTop1,12.7,7.4,7.2,8.5,15.8,13.4,20.3,22.1,24.3,11.6,18.1,23,10.8,28,9.1,4.1,10.5,4.4,24.4,6.3,2.8,2.8,3.1,0.8,17.9,9.3,10.3,14.2,828347,
1989:Q4,Next9,34.9,27.9,29.6,21.6,39,37.8,40.5,37,39.4,25.4,42.6,28,63.9,38.6,29.8,48.1,43.1,44.6,34.2,25.7,15.5,15.4,17.1,7.8,28,31.2,29.9,37.9,8378899,
1989:Q4,Next40,37.5,47.3,49.3,40.1,31.7,38.8,26.5,13.5,14.8,7.2,13.2,9.3,18.9,17.4,45.4,43.3,37.6,46.9,20.2,48.1,48.9,48.9,51.6,44.7,29.1,30.3,44.8,35.7,37313119,
1989:Q4,Bottom50,7.2,13.4,11.8,19.5,3.5,5.6,2,1.2,1.4,0.4,0.5,0.2,0.9,1.2,11.9,4.1,5.8,3.6,1.4,17.9,31.4,31.5,27.5,44.3,17,22.8,11.9,3.4,46639187,
1990:Q1,TopPt1,7.6,3.9,2.3,9.5,9.8,4.5,11.9,25.6,20.2,53,26.3,38.2,6.2,14.1,3.5,0.3,2.9,0.6,19.8,2,1.3,1.3,0.7,2.2,8,6.2,2.8,8.6,101616,
1990:Q1,RemainingTop1,12.6,7.4,7.2,8.4,15.7,13.1,20.4,22.5,24.4,12.7,17.2,20.6,11.6,27.9,8.7,4.2,10.5,4.5,24.4,6.2,2.9,2.9,3.1,0.8,17.8,10.2,9.4,14.1,831767,
1990:Q1,Next9,34.7,27.6,29.2,21.8,38.9,37.7,40.1,37.1,39.3,26.3,42.7,30.9,62.5,38.6,30.2,48,43.5,44,34.3,25.6,15.8,15.8,17.5,7.7,27.8,31.8,30.2,37.7,8391260,
1990:Q1,Next40,37.7,47.3,49.2,40.6,32.1,39.1,25.6,13.5,14.7,7.6,13.2,10,18.7,18.2,45.7,43.5,37.3,47.3,20.1,48.1,48.4,48.5,51.2,43.9,28.9,29.9,45.6,36.1,37415410,
1990:Q1,Bottom50,7.3,13.8,12.1,19.8,3.5,5.6,1.9,1.2,1.4,0.4,0.5,0.3,1,1.2,11.9,4,5.8,3.6,1.4,18.1,31.5,31.6,27.6,45.4,17.5,22,12,3.5,46763715,
1990:Q2,TopPt1,7.7,4,2.5,9.5,9.8,4.4,11.4,25.4,20.4,50,26.2,37.5,6.9,14.4,3.4,0.2,2.7,0.6,19.9,2,1.2,1.2,0.7,1.9,8.1,6.1,2.7,8.7,100649,
1990:Q2,RemainingTop1,12.7,7.6,7.4,8.2,15.7,12.8,20.5,22.8,24.6,14.1,18.5,22.2,12.3,27.6,8.4,4.2,10.6,4.7,24.4,6.1,3,3,3.2,0.9,17.5,11.1,9.1,14.2,835101,
1990:Q2,Next9,34.7,27.7,29.4,21.3,38.8,37.7,40.4,37,39.1,26.8,41.8,30.3,61.2,38.3,30.5,48.7,43.8,43.5,34.3,25.6,16.2,16.1,17.9,7.9,27.7,32.2,30.5,37.6,8405052,
1990:Q2,Next40,37.8,47.2,49,40.9,32.2,39.4,25.8,13.5,14.5,8.5,13,9.7,18.5,18.4,45.8,43.1,37.2,47.6,20,48,48.1,48.1,50.8,43.3,28.4,29.6,45.8,36.1,37516598,
1990:Q2,Bottom50,7.2,13.6,11.8,20,3.5,5.6,1.8,1.2,1.4,0.5,0.6,0.3,1,1.2,11.8,3.7,5.8,3.6,1.4,18.2,31.5,31.6,27.5,46,18.2,20.9,11.9,3.4,46887437,
1990:Q3,TopPt1,7.4,3.9,2.6,8.6,9.6,4.4,12.3,25,20.8,47.1,26.1,36.8,7.6,12.4,3.3,0.3,2.5,0.7,20.1,2,1.2,1.2,0.7,1.7,8.3,6.3,2.6,8.5,99781,
1990:Q3,RemainingTop1,12.5,7.6,7.4,8.3,15.4,12.5,20.6,23.2,24.7,15.5,19.5,23.3,13,27.7,8,4.4,10.7,4.9,24.4,6.1,3.1,3.1,3.2,1,17.2,12.1,8.7,14,838351,
1990:Q3,Next9,34.4,27.3,28.9,21.7,38.7,37.6,40.1,37,38.8,27.6,41,30.1,59.9,38.5,30.8,47.9,44.3,42.9,34.3,25.6,16.4,16.3,18.1,8.1,27.6,32.6,30.8,37.3,8420210,
1990:Q3,Next40,38.2,47.2,48.9,41.3,32.8,39.8,25.1,13.5,14.3,9.3,12.8,9.6,18.3,20.2,46.1,43.8,36.8,48,19.8,48,47.8,47.8,50.5,42.7,27.9,29.6,46,36.7,37616790,
1990:Q3,Bottom50,7.5,14,12.2,20.2,3.5,5.7,1.8,1.2,1.4,0.5,0.6,0.3,1.1,1.3,11.8,3.7,5.8,3.5,1.4,18.3,31.6,31.7,27.5,46.5,19.1,19.4,11.9,3.5,47010455,
1990:Q4,TopPt1,7.6,3.9,2.8,8,9.8,4.5,12.6,25.1,21.1,43.6,26.2,35.8,8.3,13.6,3.1,0.2,2.3,0.7,20.1,2,1.1,1.1,0.7,1.5,8.4,6.1,2.7,8.7,99009,
1990:Q4,RemainingTop1,12.6,7.6,7.4,8.2,15.5,12.2,20.7,23.5,24.8,17.4,19.3,22.2,13.7,27.2,7.7,4.5,10.7,5,24.4,6,3.2,3.2,3.3,1.1,17,13,9.2,14.1,841520,
1990:Q4,Next9,34.3,27.2,28.7,21.8,38.5,37.5,40.1,36.6,38.6,27.2,41.1,31.7,58.7,38.1,31.1,47.8,44.3,42.4,34.3,25.6,16.5,16.4,18.2,8.2,27.4,33.1,31,37.2,8436670,
1990:Q4,Next40,38,46.9,48.4,41.7,32.7,40,24.8,13.6,14.1,11.3,12.8,9.9,18.1,19.8,46.3,44,36.9,48.4,19.7,47.9,47.4,47.4,50.2,42,27.4,29.1,45.4,36.4,37716093,
1990:Q4,Bottom50,7.5,14.4,12.7,20.4,3.5,5.7,1.7,1.2,1.3,0.5,0.6,0.4,1.1,1.3,11.7,3.6,5.8,3.5,1.4,18.5,31.8,31.9,27.6,47.2,19.8,18.7,11.7,3.6,47132871,
1991:Q1,TopPt1,7.8,4,2.9,7.8,10,4.5,14.2,24.6,20.9,40.4,26.1,35.1,9,15.1,3,0.2,2.1,0.8,20,2,1,1,0.6,1.3,8.4,6.1,2.6,8.9,98330,
1991:Q1,RemainingTop1,12.8,7.7,7.5,8.1,15.6,12,20.9,23.9,25.1,19,20.5,23.6,14.5,26.7,7.3,4.6,10.6,5.2,24.4,6,3.4,3.3,3.4,1.1,16.8,13.9,8.7,14.2,844612,
1991:Q1,Next9,34.2,27.2,28.9,21.4,38.2,37.4,39.6,36.4,38.5,27.4,40.2,31.2,57.4,37.7,31.4,47.2,44.2,41.9,34.4,25.6,16.6,16.6,18.3,8.1,27.3,33.6,31.3,37,8454369,
1991:Q1,Next40,37.7,46.7,48.1,42,32.6,40.4,23.7,13.8,14.2,12.6,12.5,9.7,17.9,19.1,46.5,44.5,37.3,48.7,19.7,47.9,47.1,47.1,50,41.2,27,28.8,45.8,36.3,37814612,
1991:Q1,Bottom50,7.4,14.4,12.6,20.7,3.5,5.8,1.7,1.2,1.4,0.6,0.7,0.4,1.2,1.3,11.7,3.5,5.7,3.5,1.4,18.5,31.9,32,27.7,48.4,20.5,17.7,11.7,3.5,47254787,
1991:Q2,TopPt1,7.8,4,3,7.4,9.9,4.3,13.6,24.3,21.1,37.2,25.9,34.4,9.7,15,2.9,0.2,2,0.8,20,2,1,1,0.7,1.1,8.7,6,2.4,8.8,97742,
1991:Q2,RemainingTop1,12.7,7.7,7.6,8,15.6,11.6,20.9,24.3,25.2,20.6,22.6,26.5,15.2,26.5,7.1,4.7,10.6,5.4,24.5,5.9,3.4,3.4,3.5,1.2,16.4,14.7,7.9,14.2,847631,
1991:Q2,Next9,34.1,27.1,28.7,21.4,38.1,37.5,39.9,36.2,38.3,27.7,38.7,29.6,56.1,37.5,31.7,46.9,44.5,41.4,34.4,25.7,16.9,16.9,18.6,8.2,27.1,34,31.7,36.9,8473242,
1991:Q2,Next40,37.9,46.7,47.9,42.4,32.9,40.8,24,13.9,14,13.8,12.1,9.1,17.7,19.6,46.6,44.8,37.2,49,19.7,47.8,46.7,46.7,49.7,40.5,26.3,28.5,46.3,36.5,37912453,
1991:Q2,Bottom50,7.5,14.5,12.7,20.9,3.5,5.8,1.6,1.2,1.4,0.6,0.7,0.4,1.2,1.4,11.6,3.4,5.7,3.4,1.4,18.6,31.9,32,27.6,49.1,21.6,16.7,11.7,3.5,47376305,
1991:Q3,TopPt1,7.8,3.9,3.2,6.5,9.9,4.2,13.5,23.7,21.5,33.9,25.8,33.6,10.5,15.7,2.8,0.2,1.8,0.9,20,2,1,0.9,0.7,0.9,8.8,5.8,2.2,8.8,97240,
1991:Q3,RemainingTop1,12.8,7.7,7.6,8.1,15.6,11.3,21,24.7,25.3,22.2,23.4,27.2,16,26.2,6.7,4.8,10.6,5.5,24.5,5.9,3.5,3.5,3.5,1.3,16,15.2,7.2,14.3,850580,
1991:Q3,Next9,33.9,26.7,28.2,21.8,38,37.6,40,36.5,38.1,29.1,38.2,29.7,54.8,37.2,32,46.5,44.5,40.9,34.4,25.7,17.3,17.3,19,8.3,26.9,34.5,32,36.6,8493225,
1991:Q3,Next40,37.9,46.8,47.9,42.7,33,41.1,23.9,13.8,13.8,14.2,11.9,9,17.5,19.5,46.9,45.1,37.4,49.3,19.6,47.7,46.5,46.5,49.6,40,25.6,27.9,46.9,36.6,38009724,
1991:Q3,Bottom50,7.6,14.9,13.1,21,3.5,5.9,1.6,1.2,1.4,0.6,0.7,0.4,1.2,1.4,11.6,3.3,5.7,3.4,1.5,18.7,31.7,31.8,27.3,49.6,22.6,16.6,11.7,3.7,47497528,
1991:Q4,TopPt1,8,3.9,3.3,6,10.2,4.2,13.7,23.3,21.7,30.4,26,32.7,11.2,17.1,2.7,0.2,1.7,0.9,19.9,2,0.9,0.9,0.7,0.7,9,5.5,2.1,9.1,96821,
1991:Q4,RemainingTop1,12.9,7.7,7.7,8,15.8,11,21.1,25.1,25.4,23.9,22.8,25.6,16.8,25.9,6.3,4.9,10.6,5.7,24.5,5.8,3.6,3.6,3.5,1.3,15.7,15.6,6.6,14.4,853462,
1991:Q4,Next9,33.9,26.6,28.1,21.7,37.9,37.5,40,36.5,37.9,30.1,38.6,31.8,53.5,37,32.3,46.3,44.5,40.5,34.4,25.7,17.7,17.7,19.4,8.5,26.7,34.9,32.3,36.5,8514254,
1991:Q4,Next40,37.6,46.6,47.6,43.1,32.7,41.4,23.7,13.9,13.6,15,11.9,9.5,17.2,18.6,47.1,45.4,37.6,49.6,19.6,47.7,46.1,46.1,49.3,39.5,25,27.4,47.3,36.3,38106529,
1991:Q4,Bottom50,7.6,15.1,13.3,21.2,3.4,5.9,1.5,1.2,1.4,0.6,0.7,0.5,1.2,1.4,11.6,3.2,5.7,3.3,1.5,18.8,31.6,31.7,27.1,50,23.6,16.5,11.7,3.7,47618557,
1992:Q1,TopPt1,7.9,4,3.5,5.9,10.1,3.7,14.4,22.9,22,26.8,25.6,32,12.1,17,2.6,0.2,1.5,1,19.9,1.9,0.9,0.9,0.7,0.5,9.2,5.6,1.9,9,96482,
1992:Q1,RemainingTop1,12.9,7.8,7.8,7.9,15.8,10.4,21.2,25.6,25.5,25.7,26.9,31.3,17.6,25.6,6,5,10.6,5.8,24.5,5.8,3.6,3.6,3.5,1.4,15.3,16.5,6.2,14.4,856281,
1992:Q1,Next9,33.8,26.6,28.2,21.4,37.8,37.9,39.8,36.4,37.7,30.5,35.7,27.9,52.2,36.8,32.6,45.7,44.8,40.1,34.4,25.7,18.2,18.2,20,8.5,26.5,35.3,32.6,36.3,8536266,
1992:Q1,Next40,37.8,46.4,47.3,43.4,33,42,23.1,13.9,13.4,16.3,11,8.2,16.9,19.2,47.3,45.8,37.4,49.8,19.6,47.6,46,46,49.2,38.8,24.2,27.3,47.6,36.5,38202976,
1992:Q1,Bottom50,7.6,15.1,13.3,21.4,3.4,5.9,1.5,1.2,1.4,0.7,0.7,0.5,1.2,1.5,11.6,3.2,5.7,3.3,1.5,18.9,31.3,31.4,26.6,50.8,24.8,15.3,11.7,3.8,47739495,
1992:Q2,TopPt1,7.8,4,3.6,5.6,9.9,3.6,14,22.2,22.1,23,25.5,31.2,12.9,17,2.4,0.2,1.4,0.9,19.9,1.9,0.9,0.9,0.8,0.3,9.5,5.4,1.9,8.9,96221,
1992:Q2,RemainingTop1,12.8,7.9,7.9,7.8,15.5,10,21.2,26.1,25.7,27.7,28.7,33.3,18.5,25.4,5.6,5.1,10.7,5.3,24.5,5.7,3.7,3.7,3.5,1.5,14.8,17,5.8,14.3,859040,
1992:Q2,Next9,33.9,26.6,28.1,21.2,37.9,37.9,40.1,36.3,37.5,31.2,34.5,27.2,50.8,36.7,32.8,45.7,45,40.8,34.4,25.7,18.7,18.6,20.5,8.6,26.2,35.7,33,36.3,8559197,
1992:Q2,Next40,37.9,46.4,47.2,43.8,33.2,42.4,23.3,14.1,13.3,17.5,10.6,7.8,16.6,19.5,47.6,46,37.3,49.7,19.5,47.6,45.7,45.7,49.1,38.3,23.4,26.9,47.8,36.7,38299171,
1992:Q2,Bottom50,7.6,15.1,13.2,21.6,3.5,6,1.4,1.3,1.4,0.7,0.8,0.5,1.2,1.5,11.6,3.1,5.6,3.3,1.5,19.1,31,31.1,26.2,51.4,26.1,15,11.7,3.8,47860443,
1992:Q3,TopPt1,7.8,3.9,3.7,4.5,9.9,3.6,13.8,21.8,22.4,18.7,25.2,30.3,13.8,17.4,2.4,0.2,1.2,0.9,20.1,1.9,0.8,0.8,0.8,0.1,9.9,5.4,1.8,8.9,96033,9249520
1992:Q3,RemainingTop1,12.7,7.8,7.8,7.8,15.4,9.7,21.3,26.5,25.8,29.7,31.4,36.7,19.4,25.1,5.4,5.2,10.7,4.7,24.5,5.7,3.8,3.8,3.5,1.6,14.2,17.7,5.5,14.1,861743,2640236
1992:Q3,Next9,33.8,26.2,27.4,21.7,38.1,37.9,40.3,36.5,37.3,32.7,32.7,25.3,49.3,36.5,33.1,45.4,45.1,41.4,34.5,25.7,18.9,18.8,20.7,8.8,25.9,36.1,33.3,36.2,8582981,562650
1992:Q3,Next40,37.9,46.5,47.1,44.2,33.2,42.8,23.2,14,13.1,18.2,9.9,7.1,16.3,19.5,47.6,46.2,37.4,49.6,19.4,47.5,45.4,45.4,48.8,37.6,22.3,26.6,47.9,36.7,38395221,79609
1992:Q3,Bottom50,7.8,15.7,13.9,21.8,3.5,6,1.4,1.3,1.4,0.7,0.8,0.6,1.2,1.5,11.5,3,5.6,3.3,1.6,19.2,31,31.1,26.2,51.9,27.8,14.2,11.6,4.1,47981504,
1992:Q4,TopPt1,8,3.9,3.7,4.7,10.3,3.9,13.2,22.6,23.1,20.2,31.4,38.9,13.9,18.2,2.6,0.2,1.3,0.8,19.9,2,0.8,0.8,0.7,0.1,9.5,5.5,2,9.2,95915,
1992:Q4,RemainingTop1,12.9,7.7,7.7,7.8,15.6,9.9,21.8,26.5,25.8,29.4,28.1,31.8,19.4,25.9,6.1,4.9,10.9,4.5,25.1,5.8,3.7,3.7,3.6,1.5,14.2,17.3,6,14.3,864393,
1992:Q4,Next9,33.7,26,27.3,21.6,37.8,37.6,40.5,35.6,36.2,32.7,30.2,22.3,48.8,36.1,31.9,46.7,44,42.1,34,25.3,18.6,18.5,20.4,8.6,24.6,34.2,32.3,36.1,8607553,
1992:Q4,Next40,37.6,46.4,47.2,43.9,32.8,42.6,23.2,14,13.3,17.1,9.4,6.4,16.6,18.4,47.7,45.3,37.7,49.3,19.4,47.5,45.2,45.2,48.5,37.5,23.7,26.7,48.1,36.4,38491247,
1992:Q4,Bottom50,7.8,15.9,14.1,22,3.5,6,1.4,1.3,1.5,0.7,0.8,0.6,1.3,1.5,11.7,2.9,6.1,3.2,1.6,19.4,31.7,31.8,26.8,52.3,28,16.2,11.8,4,48102798,
1993:Q1,TopPt1,8.3,4.1,3.6,6.1,10.6,3.9,13.3,23.4,23.7,22.4,36.5,45.3,14.1,18.3,2.8,0.2,1.3,0.7,20,2,0.8,0.8,0.7,0,9.2,5.4,2.1,9.5,95868,
1993:Q1,RemainingTop1,13,7.9,7.9,7.6,15.8,10,22.3,26.5,25.9,28.9,23.5,25,19.5,26.6,6.6,4.8,11.1,4.2,25.6,5.9,3.8,3.8,3.6,1.4,14.2,16.6,6.5,14.5,866993,
1993:Q1,Next9,33.7,26.4,28.1,20.4,37.7,37.5,40.4,34.3,35.3,30.7,29.8,22.5,48.2,35.7,30.8,47.4,43,42.7,33.5,24.9,18.3,18.2,20.2,8.1,23.4,32.5,31.3,36.1,8632834,
1993:Q1,Next40,37.3,46.2,46.9,43.6,32.5,42.7,22.6,14.3,13.6,17.3,9.5,6.6,16.8,17.9,47.9,44.8,38.1,49.1,19.3,47.4,44.9,44.9,48.3,37,25.1,26.7,48.2,36.1,38587439,
1993:Q1,Bottom50,7.7,15.5,13.5,22.4,3.5,6,1.4,1.4,1.6,0.7,0.8,0.6,1.4,1.5,11.9,2.8,6.6,3.2,1.6,19.7,32.2,32.3,27.2,53.4,28.1,18.8,11.9,3.8,48224512,
1993:Q2,TopPt1,8.4,4.1,3.5,6.1,10.7,4.1,12.8,24.2,24.2,24.2,40.7,50.3,14.3,18.3,3.1,0.2,1.3,0.7,20.1,2.1,0.8,0.8,0.7,0,8.9,5.5,2.3,9.6,95889,
1993:Q2,RemainingTop1,13,7.8,7.8,7.5,15.9,10.1,22.8,26.6,26,28.5,19.8,19.9,19.6,27.3,7.2,4.6,11.3,4,26.1,6,3.8,3.7,3.6,1.4,14.1,16.2,7,14.5,869544,
1993:Q2,Next9,33.5,26.1,27.7,20.5,37.5,37.2,40.6,33.3,34.4,29.8,29.2,22.5,47.6,35.3,29.7,48.1,42.2,43.2,33.1,24.6,17.9,17.8,19.9,7.9,22.1,30.8,30.3,36,8658744,
1993:Q2,Next40,37.3,46.3,47.2,43.3,32.4,42.6,22.4,14.5,13.8,16.9,9.5,6.7,17.1,17.7,48,44.4,38.2,49,19.2,47.4,44.6,44.6,48,36.7,26.4,26.8,48.3,36.1,38684004,
1993:Q2,Bottom50,7.8,15.8,13.8,22.7,3.5,6,1.4,1.4,1.7,0.7,0.8,0.6,1.5,1.5,12,2.8,7,3.2,1.6,20,32.9,33,27.8,54,28.5,20.8,12.1,3.8,48346853,
1993:Q3,TopPt1,8.5,4,3.4,6,11,4.4,12.5,25,24.6,26,44.8,55.7,14.4,18.5,3.3,0.2,1.3,0.6,20.2,2.1,0.8,0.8,0.7,0,8.6,5.3,2.5,9.8,95977,
1993:Q3,RemainingTop1,13.2,7.7,7.7,7.6,16.1,10.3,23.3,26.6,26.1,28,18.6,18.3,19.7,27.9,7.8,4.4,11.5,3.7,26.6,6,3.8,3.8,3.7,1.3,14.1,15.4,7.5,14.7,872049,
1993:Q3,Next9,33.2,25.8,27.2,20.7,37.2,36.9,40.7,32.2,33.5,28.5,26.8,19.5,46.9,35,28.6,48.9,41.5,43.7,32.6,24.3,17.5,17.4,19.4,7.7,20.8,29.3,29.3,35.7,8685201,
1993:Q3,Next40,37.2,46.5,47.6,43,32.1,42.4,22.1,14.8,14.1,16.7,9,6,17.3,17.2,48.1,43.8,38.3,48.8,19,47.4,44.3,44.3,47.6,36.5,27.8,26.8,48.4,36,38781147,
1993:Q3,Bottom50,7.9,16.1,14.2,22.9,3.5,6,1.4,1.5,1.8,0.7,0.8,0.6,1.6,1.5,12.2,2.7,7.4,3.1,1.6,20.2,33.7,33.8,28.6,54.5,28.7,23.2,12.3,3.8,48470025,
1993:Q4,TopPt1,8.8,4,3.3,6.3,11.3,4.6,12.7,26.1,25.4,27.9,48.3,60,14.7,18.7,3.5,0.2,1.3,0.6,20.4,2.1,0.8,0.7,0.6,0.1,8.3,5.3,2.6,10.1,96133,
1993:Q4,RemainingTop1,13.3,7.6,7.6,7.5,16.4,10.5,23.7,26.5,26.1,27.6,16.9,16,19.8,28.4,8.4,4.3,11.7,3.5,27,6.1,3.8,3.8,3.8,1.3,14,14.8,8.1,14.8,874510,
1993:Q4,Next9,33,25.6,27.1,20.4,37,36.6,40.6,30.8,32.5,26.5,25.2,17.9,46.2,34.7,27.6,49.3,40.8,44.2,32.1,23.9,17.1,17.1,19.1,7.7,19.5,27.9,28.3,35.6,8712124,
1993:Q4,Next40,37,46.6,47.7,42.7,31.8,42.3,21.6,15.1,14.2,17.3,8.7,5.6,17.6,16.7,48.2,43.6,38.4,48.6,18.8,47.3,44,44,47.3,36.6,29.1,26.7,48.6,35.8,38879075,
1993:Q4,Bottom50,7.9,16.2,14.3,23.1,3.5,6,1.4,1.5,1.8,0.7,0.9,0.6,1.7,1.5,12.3,2.6,7.7,3.1,1.7,20.5,34.3,34.4,29.2,54.3,29,25.2,12.4,3.7,48594235,
1994:Q1,TopPt1,8.9,4.1,3.2,7.1,11.5,4.8,12.9,27.3,26.5,29.5,51.5,63.8,14.9,18.3,3.7,0.2,1.4,0.5,20.6,2.2,0.7,0.7,0.6,0,8,5.3,2.8,10.2,96354,
1994:Q1,RemainingTop1,13.4,7.6,7.7,7.3,16.4,10.6,24.2,26.4,26,27.2,15.4,13.9,19.9,29.2,8.8,4.1,11.9,3.3,27.5,6.2,3.8,3.8,3.8,1.2,14.1,14.4,8.6,14.9,876929,
1994:Q1,Next9,32.9,25.7,27.4,19.7,36.7,36.4,40.5,29.8,31.4,25.8,23.8,16.5,45.5,34.2,26.6,49.6,40.3,44.7,31.6,23.6,16.7,16.7,18.7,7.4,18.2,26.4,27.3,35.5,8739433,
1994:Q1,Next40,37,46.6,47.8,42.4,31.8,42.3,21,15,14.3,16.8,8.4,5.3,17.9,16.8,48.4,43.5,38.4,48.5,18.6,47.3,43.7,43.7,47,36.2,30.6,26.8,48.7,35.9,38977994,
1994:Q1,Bottom50,7.9,16,13.9,23.4,3.5,6,1.4,1.5,1.8,0.7,0.9,0.5,1.8,1.5,12.5,2.6,8.1,3,1.7,20.7,35,35.1,29.8,55.2,29.1,27.1,12.6,3.5,48719689,
1994:Q2,TopPt1,9,4,3.1,7.4,11.7,4.9,12.6,28.6,27.7,31,54.7,67.7,15.1,18,3.9,0.3,1.4,0.4,20.9,2.2,0.7,0.7,0.6,0,7.6,5.4,3,10.3,96641,
1994:Q2,RemainingTop1,13.4,7.6,7.7,7.2,16.6,10.8,24.7,26.2,26,26.9,14.6,12.8,19.9,29.9,9.3,4,12,3,27.9,6.3,3.8,3.8,3.9,1.2,14.2,14,9.2,15,879308,
1994:Q2,Next9,32.6,25.5,27.2,19.6,36.5,36.1,40.6,28.8,30.3,25.2,21.8,14.2,44.8,33.8,25.5,49.5,39.6,45.2,31.2,23.3,16.4,16.4,18.5,7.4,17,24.8,26.4,35.3,8767046,
1994:Q2,Next40,37,46.8,48.1,42.2,31.7,42.2,20.7,14.8,14.2,16.3,8,4.7,18.2,16.8,48.6,43.5,38.5,48.3,18.3,47.2,43.5,43.5,46.8,36.2,32.1,26.9,48.7,35.9,39078109,
1994:Q2,Bottom50,7.9,16.1,13.9,23.7,3.6,6,1.5,1.5,1.9,0.7,0.9,0.5,2,1.5,12.7,2.6,8.4,3,1.7,21,35.6,35.7,30.3,55.3,29.1,28.9,12.8,3.4,48846591,
1994:Q3,TopPt1,9.1,3.9,3,7.2,11.9,5.2,12.8,29.7,28.5,32.6,57.5,71.2,15.4,18,4.2,0.3,1.4,0.4,21.1,2.2,0.7,0.7,0.6,0.1,7.3,5.5,3.2,10.5,96992,
1994:Q3,RemainingTop1,13.5,7.4,7.5,7.2,16.7,11,25.1,26.1,25.9,26.5,13.6,11.6,20,30.4,10,3.9,12.1,2.8,28.4,6.4,3.8,3.7,3.9,1.1,14.1,13.6,9.7,15.1,881650,
1994:Q3,Next9,32.4,25.2,26.7,19.8,36.3,35.8,40.5,28,29.3,24.9,20.2,12.5,44,33.5,24.7,49.9,39.1,45.7,30.7,23,16.1,16.1,18.3,7.4,15.7,23.2,25.4,35,8794883,
1994:Q3,Next40,37,47,48.5,41.9,31.5,42.1,20.2,14.7,14.4,15.4,7.7,4.2,18.5,16.6,48.3,43.3,38.7,48.2,18.1,47.2,43.3,43.3,46.5,36.3,33.5,27,48.8,35.9,39179627,
1994:Q3,Bottom50,8.1,16.5,14.3,23.8,3.6,6,1.5,1.6,1.9,0.6,0.9,0.5,2.1,1.5,12.7,2.6,8.7,3,1.7,21.2,36.1,36.2,30.8,55.2,29.4,30.7,12.9,3.5,48975148,
1994:Q4,TopPt1,9.3,3.9,2.9,7.4,12.2,5.4,13.2,31.2,30.1,34.2,60.2,74.2,15.7,17.8,4.4,0.4,1.4,0.3,21.4,2.3,0.7,0.7,0.6,0.1,7,5.4,3.4,10.8,97407,
1994:Q4,RemainingTop1,13.6,7.4,7.4,7.2,16.9,11.2,25.5,25.9,25.8,26.1,12.7,10.3,20.1,31.1,10.4,3.8,12.4,2.6,28.8,6.5,3.7,3.7,3.9,1.1,14.2,13,10.2,15.2,883956,
1994:Q4,Next9,32.1,25,26.5,19.7,35.9,35.5,40.3,26.8,28,23.6,18.7,11.1,43.2,33,23.8,49.7,38.6,46.1,30.2,22.7,15.9,15.8,18.1,7.6,14.4,22.2,24.4,34.8,8822862,
1994:Q4,Next40,36.8,46.9,48.4,41.7,31.3,41.9,19.6,14.6,14.3,15.5,7.4,3.9,18.8,16.5,48.5,43.5,38.6,48,17.9,47.1,43.1,43,46.2,36.6,35,27,48.9,35.7,39282754,
1994:Q4,Bottom50,8.2,16.8,14.7,24,3.6,6,1.5,1.5,1.9,0.6,0.9,0.5,2.2,1.6,12.9,2.6,9,2.9,1.7,21.5,36.6,36.7,31.2,54.6,29.4,32.4,13.1,3.5,49105565,
1995:Q1,TopPt1,9.5,3.9,2.8,7.6,12.4,5.8,13.6,32,30.5,35.7,62.6,76.7,16,18.2,4.6,0.4,1.4,0.3,21.5,2.3,0.7,0.7,0.5,0.1,6.7,5.5,3.5,10.9,97884,
1995:Q1,RemainingTop1,13.7,7.3,7.4,7.1,17.1,11.4,25.8,25.8,25.9,25.7,11.6,9,20.2,31.4,10.9,3.7,12.4,2.4,29.3,6.5,3.8,3.7,4,1,14.3,12.7,10.8,15.4,886230,
1995:Q1,Next9,32,24.8,26.3,19.6,35.8,35.1,40.1,26,27.2,23.1,17.6,10.1,42.3,32.8,23,50.2,38.1,46.6,29.7,22.3,15.5,15.5,17.8,7.3,13.1,20.4,23.5,34.7,8850902,
1995:Q1,Next40,36.6,46.9,48.5,41.5,31.1,41.8,19,14.6,14.5,14.8,7.3,3.7,19.1,16,48.5,43.2,38.9,47.9,17.8,47.1,42.9,42.8,46,36.3,36.4,27.1,48.9,35.5,39387696,
1995:Q1,Bottom50,8.3,17.1,15,24.2,3.6,6,1.5,1.6,2,0.6,1,0.5,2.4,1.6,13,2.5,9.2,2.9,1.7,21.7,37.2,37.3,31.7,55.3,29.5,34.2,13.2,3.5,49238048,
1995:Q2,TopPt1,9.6,3.8,2.7,7.3,12.7,6.2,14.3,33,31.1,37.5,64.9,79.3,16.3,18.6,4.9,0.4,1.4,0.2,21.8,2.4,0.7,0.7,0.5,0.1,6.3,5.6,3.7,11.1,98423,
1995:Q2,RemainingTop1,13.9,7.2,7.2,7.2,17.4,11.6,26.1,25.7,25.9,25.3,10.7,7.9,20.3,31.7,11.5,3.5,12.4,2.6,29.8,6.6,3.8,3.7,4,1,14.4,12.3,11.4,15.6,888472,
1995:Q2,Next9,31.5,24.3,25.6,20,35.3,34.7,39.8,25.5,26.3,23.6,16.3,8.9,41.4,32.7,22.2,51.2,37.6,45.8,29.2,22,15.1,15.1,17.4,7.3,11.9,18.9,22.5,34.2,8878923,
1995:Q2,Next40,36.5,47.1,48.8,41.3,31,41.5,18.4,14.2,14.7,13.1,7,3.4,19.5,15.6,48.3,42.5,39.1,48.5,17.6,47.1,42.6,42.6,45.7,36.3,38,27.2,49,35.5,39494658,
1995:Q2,Bottom50,8.4,17.7,15.8,24.3,3.6,6,1.5,1.6,2.1,0.5,1,0.5,2.5,1.5,13.1,2.4,9.4,2.9,1.7,21.9,37.8,37.9,32.4,55.4,29.5,36,13.3,3.6,49372802,
1995:Q3,TopPt1,9.9,3.7,2.7,7.2,13,6.5,14.5,34.1,31.8,39,67.2,81.7,16.7,19,5.1,0.4,1.5,0.2,22.1,2.4,0.7,0.7,0.5,0.1,5.9,5.5,3.9,11.4,99023,13225574
1995:Q3,RemainingTop1,14.2,7.1,7,7.2,17.7,11.8,26.4,25.5,25.8,24.9,10,7,20.4,31.8,11.9,3.4,12.4,2.8,30.2,6.7,3.8,3.7,4.1,1,14.5,11.8,12,15.9,890686,2740019
1995:Q3,Next9,31.2,24,25.1,20.2,34.8,34.4,39.7,24.5,25.4,22.6,15,7.7,40.4,32.6,21.4,51.7,37.2,45,28.7,21.7,14.9,14.8,17.1,7.3,10.6,18.3,21.6,33.9,8906843,624642
1995:Q3,Next40,36.1,46.7,48.4,41.1,30.8,41.4,17.9,14.3,14.8,12.9,6.8,3.1,19.8,15.1,48.4,42.1,39.4,49,17.4,47,42.4,42.4,45.5,36.4,39.5,27.1,49,35.1,39603848,83069
1995:Q3,Bottom50,8.6,18.6,16.8,24.4,3.6,6,1.5,1.6,2.1,0.5,1,0.5,2.7,1.5,13.2,2.4,9.4,2.9,1.7,22.2,38.3,38.4,32.8,55.2,29.5,37.3,13.5,3.7,49510034,
1995:Q4,TopPt1,10,3.7,2.7,7,13.1,6.4,14.2,33.8,31.6,38.3,65.4,78.6,16,19.4,4.8,0.4,1.5,0.3,21.9,2.4,0.7,0.7,0.5,0.2,6.3,6.4,3.8,11.5,99681,
1995:Q4,RemainingTop1,14.2,7.2,7.1,7.2,17.7,11.7,26.1,25.6,26.1,24.7,10.3,7.5,20.9,31,11.5,3.6,12.6,3,29.7,6.6,3.8,3.8,4.1,1,13.9,12.1,11.8,15.9,892875,
1995:Q4,Next9,31.3,24.1,25.3,20.3,34.9,34.1,39.7,24.3,25.6,21.7,16.3,9.8,40.2,32.9,22,51.9,36.4,45.1,29.1,21.9,15,15,17.2,7.9,11.3,19.5,22.2,34,8934595,
1995:Q4,Next40,36,46.8,48.4,41.3,30.7,41.8,18.5,14.7,14.7,14.7,7,3.5,20.2,15.2,48.6,41.8,40.3,48.7,17.5,47.1,42.5,42.5,45.7,36.5,40.9,26.7,48.9,34.9,39715387,
1995:Q4,Bottom50,8.5,18.3,16.5,24.2,3.6,6,1.5,1.6,2.1,0.6,1,0.5,2.7,1.6,13,2.3,9.3,2.9,1.8,22,37.9,38,32.5,54.5,27.6,35.3,13.3,3.6,49649862,
1996:Q1,TopPt1,9.9,3.7,2.7,7.1,13,6.4,14.4,33.4,31,37.9,63.9,76.3,15.3,19.5,4.5,0.3,1.6,0.3,21.7,2.4,0.8,0.8,0.5,0.2,7.2,6.8,3.7,11.5,100386,
1996:Q1,RemainingTop1,14.2,7.2,7.3,7.1,17.6,11.7,25.7,25.7,26.3,24.4,11.3,8.7,21.5,30.4,10.9,3.8,12.7,3.1,29.3,6.6,3.8,3.8,4.2,1,12.3,12.1,11.5,15.9,895045,
1996:Q1,Next9,31.5,24.3,25.5,20.2,35,33.7,39.6,24.7,26,22.2,16.8,10.9,40,33,22.6,52.1,35.6,45.3,29.5,22,15.3,15.3,17.3,7.9,11.7,22.2,22.8,34.2,8962171,
1996:Q1,Next40,36.1,46.9,48.5,41.5,30.8,42.1,18.9,14.7,14.7,14.8,7.1,3.7,20.5,15.5,49.1,41.4,41,48.4,17.6,47.1,42.5,42.4,45.8,36.1,41.1,26,48.9,35,39829066,
1996:Q1,Bottom50,8.3,18,16.1,24.1,3.6,6.1,1.4,1.5,2,0.7,0.9,0.5,2.7,1.6,12.9,2.3,9.1,3,1.8,21.9,37.6,37.7,32.2,54.9,27.6,32.9,13.1,3.5,49792061,
1996:Q2,TopPt1,9.9,3.6,2.6,6.7,13,6.3,13.3,33.3,31.1,37.5,62.8,75,14.6,19.6,4.3,0.4,1.6,0.3,21.6,2.4,0.8,0.8,0.5,0.2,7.6,7.6,3.5,11.4,101125,
1996:Q2,RemainingTop1,14.2,7.3,7.3,7.1,17.5,11.6,25.7,25.7,26.5,24.1,13.3,11.1,22,29.8,10.4,4,12.9,3.2,28.9,6.6,3.9,3.8,4.2,1,11.8,12.4,11.3,15.9,897206,
1996:Q2,Next9,31.5,24.3,25.4,20.5,35.1,33.5,39.9,24.8,26.1,22.3,16.2,10.2,39.8,33.2,23.2,52.3,34.8,45.4,29.9,22.2,15.6,15.6,17.6,8.3,12.3,23.5,23.4,34.2,8989572,
1996:Q2,Next40,36.1,47.1,48.7,41.7,30.8,42.5,19.8,14.8,14.4,15.3,6.8,3.3,20.9,15.8,49.3,41.1,41.7,48.2,17.7,47.1,42.6,42.5,46,36,42.3,25.5,48.9,35.1,39944593,
1996:Q2,Bottom50,8.3,17.8,16,23.9,3.6,6.2,1.4,1.5,1.9,0.7,0.9,0.4,2.7,1.6,12.7,2.3,9,3,1.9,21.7,37.2,37.2,31.7,54.5,26,31,12.9,3.4,49936319,
1996:Q3,TopPt1,9.8,3.5,2.7,6.5,12.8,6.3,12.9,33.2,31.1,37.4,61.4,73.3,13.8,19.5,4.2,0.4,1.6,0.3,21.4,2.4,0.9,0.9,0.5,0.2,8,8.4,3.4,11.3,101886,
1996:Q3,RemainingTop1,14.1,7.3,7.4,7.1,17.4,11.5,25.5,25.7,26.7,23.8,15.3,13.4,22.6,29.4,10.1,4.2,13,3.3,28.5,6.6,3.9,3.8,4.2,1,11,12.7,11.1,15.8,899366,
1996:Q3,Next9,31.6,24.4,25.4,20.7,35.2,33.2,40,25.4,26.2,23.8,15.8,9.8,39.6,33.3,23.8,52.3,34.1,45.5,30.3,22.3,15.9,15.9,17.8,8.6,12.9,24.8,24,34.3,9016804,
1996:Q3,Next40,36.3,47.1,48.6,41.9,31,42.8,20.3,14.3,14.2,14.4,6.7,3,21.3,16.2,49.4,40.9,42.4,47.9,17.8,47.1,42.7,42.6,46.2,36,43.2,25.1,48.8,35.2,40061674,
1996:Q3,Bottom50,8.2,17.7,15.9,23.8,3.6,6.2,1.3,1.4,1.8,0.7,0.8,0.4,2.6,1.6,12.5,2.3,8.9,3,2,21.6,36.7,36.8,31.3,54.2,24.8,29,12.7,3.4,50082324,
1996:Q4,TopPt1,9.9,3.6,2.7,6.7,12.9,6.2,12.7,33.1,31.1,37.2,58.5,68.6,13,19.7,4,0.5,1.7,0.3,21.4,2.4,0.9,0.9,0.5,0.2,8.8,9,3.2,11.4,102656,
1996:Q4,RemainingTop1,14.1,7.4,7.6,7,17.3,11.4,25.2,25.7,26.8,23.5,14.6,12.7,23.3,28.9,9.8,4.5,12.8,3.4,28,6.5,3.9,3.8,4.2,1,9.7,12.8,10.9,15.8,901533,
1996:Q4,Next9,31.8,24.7,26,20.5,35.2,33,40,25.8,26.3,24.7,18.8,14.2,39.4,33.4,24.5,50.8,33.6,45.6,30.7,22.5,16.2,16.1,18,8.9,13.2,26.4,24.6,34.5,9043870,
1996:Q4,Next40,36.1,46.8,48.1,42.1,31,43.2,20.8,14,14,14,7.3,4.1,21.7,16.3,49.4,41.8,43.3,47.6,17.9,47.2,42.7,42.7,46.4,36.1,43.5,24.6,48.8,35,40180017,
1996:Q4,Bottom50,8.1,17.4,15.6,23.7,3.6,6.3,1.3,1.4,1.7,0.7,0.8,0.4,2.6,1.6,12.3,2.4,8.5,3,2,21.5,36.3,36.4,30.9,53.8,24.7,27.2,12.5,3.4,50229764,
1997:Q1,TopPt1,9.7,3.7,2.7,6.8,12.7,6.1,12.7,32.5,30.4,37.3,57.1,67.1,12.1,19.7,3.8,0.5,1.7,0.4,21.6,2.4,1,1,0.6,0.2,9,9.6,3.1,11.2,103421,
1997:Q1,RemainingTop1,14,7.5,7.7,6.9,17.2,11.3,24.9,25.8,27.1,22.9,17.5,16,24,28.5,9.4,4.7,13.1,3.5,27.4,6.5,3.9,3.9,4.2,1,9.5,13,10.5,15.7,903717,
1997:Q1,Next9,32,24.9,26.3,20.5,35.4,32.8,40,27.2,26.8,28.2,17.8,13,39.2,33.5,25.1,51.1,32.8,45.7,31.2,22.6,16.4,16.4,18.2,8.9,13.8,27.9,25.1,34.6,9070774,
1997:Q1,Next40,36.1,46.7,48,42.3,31.1,43.5,21.2,13.2,14.1,11.1,6.9,3.5,22.1,16.7,49.5,41.4,43.9,47.4,17.8,47.2,42.8,42.8,46.6,35.6,44.6,24.2,49,35,40299329,
1997:Q1,Bottom50,8,17.2,15.4,23.6,3.6,6.4,1.2,1.3,1.7,0.6,0.7,0.3,2.6,1.7,12.1,2.3,8.5,3.1,2,21.3,35.9,36,30.4,54.3,23.1,25.4,12.4,3.4,50378326,
1997:Q2,TopPt1,9.9,3.6,2.7,6.4,12.9,6,11.6,32.3,30.1,37,54.5,63.7,11.1,20.4,3.7,0.4,1.7,0.4,21.5,2.4,1,1,0.6,0.2,9.4,10,2.9,11.4,104170,
1997:Q2,RemainingTop1,14.2,7.5,7.7,6.9,17.3,11.2,24.8,25.8,27.3,22.6,18.6,17.3,24.7,27.9,9.2,4.7,12.9,3.6,27,6.5,3.9,3.9,4.2,1,8.9,13.1,10.1,15.9,905924,
1997:Q2,Next9,32.2,24.9,26.1,20.8,35.6,32.5,40.3,27.4,27,28.2,19.1,14.9,39,33.8,25.7,52.4,32.6,45.9,31.6,22.7,16.7,16.7,18.4,9.1,14.2,29.3,25.6,34.7,9097520,
1997:Q2,Next40,35.8,46.8,48.1,42.5,30.7,43.8,22.1,13.2,14,11.6,7.1,3.9,22.6,16.2,49.5,40.3,44.6,47.1,17.9,47.2,42.8,42.8,46.8,35.6,45.4,23.7,49.2,34.6,40419317,
1997:Q2,Bottom50,7.9,17.2,15.3,23.4,3.6,6.4,1.2,1.3,1.6,0.6,0.7,0.3,2.6,1.6,11.9,2.2,8.2,3.1,2,21.2,35.5,35.6,30,54.1,22,23.8,12.2,3.4,50527699,
1997:Q3,TopPt1,10,3.5,2.8,6.1,12.9,6,11.4,32,29.8,36.6,52.2,60.9,10.1,20.7,3.6,0.3,1.8,0.4,21.6,2.4,1.1,1.1,0.6,0.2,10.5,10.2,2.7,11.4,104890,
1997:Q3,RemainingTop1,14.3,7.6,7.7,6.9,17.3,11.1,24.6,25.9,27.5,22.5,20.9,20,25.4,27.5,8.9,4.8,12.8,3.7,26.6,6.4,3.9,3.9,4.2,1,7.2,13.1,9.7,15.9,908165,
1997:Q3,Next9,32.4,25,26.1,21.1,35.7,32.3,40.4,27.5,27.3,28,19.2,15.2,38.8,34,26.3,53.2,32.2,46,31.9,22.8,17.1,17,18.7,9.3,14.5,30.8,26.2,34.8,9124112,
1997:Q3,Next40,35.6,46.8,48,42.7,30.6,44.1,22.5,13.3,13.9,12.2,7,3.7,23.1,16.2,49.5,39.5,45.2,46.8,17.9,47.3,42.8,42.8,46.9,35.5,45.2,23.3,49.4,34.4,40539687,
1997:Q3,Bottom50,7.8,17.2,15.4,23.2,3.6,6.5,1.1,1.3,1.6,0.7,0.6,0.2,2.6,1.6,11.7,2.1,8,3.1,2.1,21.1,35.2,35.2,29.7,54,22.6,22.6,12.1,3.4,50677571,
1997:Q4,TopPt1,10.1,3.6,2.8,6.4,13,6,11.2,31.9,29.9,36.5,49,56.8,8.9,20.8,3.4,0.4,1.8,0.4,21.8,2.4,1.1,1.1,0.6,0.3,10.4,10.9,2.5,11.5,105567,
1997:Q4,RemainingTop1,14.3,7.7,8,6.8,17.2,11.1,24.4,26,27.7,22.1,21.9,21,26.3,27.2,8.5,5,13,3.8,26,6.4,3.9,3.9,4.2,1,7.3,13.3,9.3,16,910448,
1997:Q4,Next9,32.5,25.3,26.7,20.7,35.7,32.1,40.4,28,27.3,29.5,21.1,17.7,38.5,34,26.7,52.9,31.5,46.1,32.3,23,17.4,17.3,19,9.6,15,31.9,26.7,35,9150555,
1997:Q4,Next40,35.5,46.5,47.6,42.9,30.5,44.3,23,12.9,13.7,11.3,7.4,4.2,23.7,16.4,49.7,39.5,45.8,46.6,17.7,47.3,42.9,42.9,47.1,35.6,46.4,23,49.5,34.2,40660148,
1997:Q4,Bottom50,7.6,16.8,15,23.2,3.5,6.5,1.1,1.2,1.5,0.6,0.6,0.2,2.6,1.7,11.6,2.1,7.9,3.1,2.1,21,34.6,34.7,29.1,53.6,20.9,21,11.9,3.3,50827630,
1998:Q1,TopPt1,10.3,3.5,2.8,6.2,13.2,5.9,11.8,31.6,29.3,36.1,45.5,52.3,7.7,21.4,3.2,0.3,1.8,0.4,21.7,2.4,1.2,1.2,0.6,0.2,10.8,11.3,2.3,11.7,106189,
1998:Q1,RemainingTop1,14.4,7.7,8,6.8,17.3,11,24.1,25.9,27.9,22.1,22.4,21.5,27.2,26.8,8.2,5.1,12.9,3.9,25.7,6.4,3.9,3.9,4.1,1,6.8,13.4,8.7,16.1,912780,
1998:Q1,Next9,32.8,25.4,26.7,20.9,35.9,31.9,40.1,28,27.7,28.6,23.7,21.1,38.3,34.3,27.2,53.9,31.3,46.3,32.7,23.1,17.7,17.7,19.3,9.6,15.4,33.1,27.2,35.1,9176851,
1998:Q1,Next40,35.1,46.6,47.6,43.1,30.1,44.7,23,13.3,13.7,12.5,7.9,5,24.2,16,49.9,38.7,46.3,46.3,17.8,47.3,43,43,47.3,35.2,47.1,22.6,49.9,33.8,40780407,
1998:Q1,Bottom50,7.5,16.7,14.9,23,3.5,6.6,1.1,1.2,1.4,0.7,0.5,0.2,2.6,1.6,11.5,2.1,7.7,3.1,2.1,20.8,34.2,34.2,28.7,54,20,19.7,11.8,3.3,50977563,
1998:Q2,TopPt1,10.3,3.5,2.8,6.1,13.2,5.8,11.2,31.7,29.4,35.7,42,48,6.4,21.4,3,0.2,1.9,0.5,21.7,2.4,1.2,1.2,0.6,0.3,11.3,11.6,2.2,11.7,106743,
1998:Q2,RemainingTop1,14.5,7.8,8.1,6.8,17.4,10.9,23.9,26,28.1,22.1,24.1,23.4,28.2,26.5,7.9,5.2,13.1,4.2,25.3,6.4,3.9,3.9,4.1,1,5.9,13.4,8.7,16.1,915171,
1998:Q2,Next9,32.8,25.6,26.9,21,36,31.7,40.3,27.5,27.7,27.1,25.3,23.1,38,34.3,27.7,54.5,30.7,46.6,33,23.3,18,17.9,19.5,9.9,15.7,34.2,27.8,35.2,9203006,
1998:Q2,Next40,35,46.7,47.6,43.3,30,45,23.6,13.7,13.4,14.2,8.2,5.3,24.9,16.2,50,38.1,46.8,45.7,17.8,47.3,43,43,47.4,35.2,47.4,22.3,49.7,33.8,40900170,
1998:Q2,Bottom50,7.4,16.5,14.7,22.9,3.4,6.7,1,1.1,1.3,0.8,0.5,0.1,2.6,1.6,11.3,2,7.6,3.1,2.1,20.7,33.9,34,28.4,53.6,19.7,18.5,11.6,3.2,51127060,
1998:Q3,TopPt1,9.9,3.4,2.8,5.2,12.8,5.7,11.9,31.7,29.8,35.5,37.8,42.9,5,20.6,2.7,0.3,1.9,0.5,21.6,2.4,1.3,1.3,0.7,0.3,11.6,12.4,1.8,11.2,107216,14862269
1998:Q3,RemainingTop1,14.2,7.7,8,6.8,17.1,10.8,23.6,26.1,28.2,21.9,23.4,22.5,29.2,26.4,7.4,5.4,13.7,4.5,25,6.3,3.9,3.9,4.1,1,5.5,13.7,7.4,15.9,917629,3745365
1998:Q3,Next9,32.7,25.3,26.3,21.8,36.1,31.5,39.9,27.9,27.7,28.3,29.3,28,37.7,34.2,28.1,53.9,29.2,46.8,33.3,23.4,18.2,18.2,19.7,10.1,16,35.2,28.3,35.1,9229022,731127
1998:Q3,Next40,35.5,46.7,47.6,43.5,30.5,45.3,23.5,13.2,13.1,13.5,9.1,6.6,25.6,17.1,50.5,38.4,47.4,45.1,17.9,47.3,43.1,43,47.5,35.2,48,21.9,50.9,34.3,41019145,95832
1998:Q3,Bottom50,7.7,16.9,15.3,22.7,3.5,6.7,1,1,1.2,0.8,0.4,0.1,2.6,1.7,11.2,2,7.8,3.1,2.2,20.6,33.6,33.6,28.1,53.4,18.9,16.8,11.6,3.5,51275807,
1998:Q4,TopPt1,10.1,3.5,2.9,5.6,13,6,12.9,31.1,29.3,35.3,38.3,43.5,5.9,20.9,3,0.2,1.8,0.5,21.5,2.4,1.2,1.2,0.6,0.3,11,11.4,1.3,11.5,107599,
1998:Q4,RemainingTop1,14.6,8,8.2,7.2,17.4,10.8,23.9,26.5,28.6,21.5,24.9,24.3,28.8,26.1,7.8,5.3,13,4.7,25.3,6.5,4,4,4.2,1,6.7,14.2,5.5,16.2,920162,
1998:Q4,Next9,33.1,25.8,27.1,21,36.2,31.6,39.2,28.6,27.8,30.4,27.7,26,38.1,34.8,27.9,54.5,30.8,46.6,33.1,23.5,18.1,18,19.6,9.8,17,35.8,27.9,35.4,9254932,
1998:Q4,Next40,34.9,46.2,47,43.4,30,44.8,22.9,12.8,13.2,12,8.7,6.2,24.8,16.6,50.2,38.1,46.9,45.3,18,47.2,43.3,43.3,47.6,35.6,46.6,22.5,53.3,33.6,41137222,
1998:Q4,Bottom50,7.4,16.5,14.8,22.7,3.4,6.7,1.1,1,1.2,0.7,0.4,0.1,2.4,1.6,11.2,1.9,7.5,3,2.1,20.5,33.5,33.6,28,53.3,18.7,16,12,3.3,51423704,
1999:Q1,TopPt1,9.8,3.5,3,5.2,12.7,6.1,13.7,30.5,28.3,35,38.8,44,6.8,20.4,3,0.2,1.8,0.5,21,2.4,1.1,1.1,0.6,0.2,10.8,10.4,1.8,11.2,107900,
1999:Q1,RemainingTop1,14.6,8.1,8.3,7.7,17.4,10.7,24.1,26.6,29.1,21.7,26.2,25.9,28.5,26,7.9,5.3,12.8,4.8,25.7,6.6,4.1,4.1,4.3,1,7.3,14.7,7.7,16.2,922779,
1999:Q1,Next9,33.1,25.7,27,21,36.3,31.8,38.6,28.3,28,28.8,26.3,24.2,38.5,35.1,27.5,54.2,31.4,46.3,32.8,23.6,17.9,17.9,19.4,9.3,18,36.4,27.7,35.5,9280882,
1999:Q1,Next40,35,45.9,46.6,43.3,30.3,44.6,22.5,13.5,13.4,13.7,8.4,5.8,24,16.9,50.4,38.4,46.5,45.4,18.3,47.1,43.5,43.5,47.7,35.8,44.9,23.1,51.2,33.7,41255026,
1999:Q1,Bottom50,7.5,16.8,15.1,22.7,3.4,6.7,1.1,1,1.2,0.8,0.4,0.1,2.2,1.6,11.2,1.9,7.5,3,2.1,20.4,33.4,33.5,28,53.7,19.1,15.4,11.6,3.4,51571502,
1999:Q2,TopPt1,9.9,3.5,3,5.3,12.6,6.1,13.1,30,27.6,34.7,39.1,44.4,7.7,20.3,3.1,0.1,1.7,0.5,21.2,2.4,1,1,0.5,0.2,10.4,9,1.9,11.3,108130,
1999:Q2,RemainingTop1,14.7,8.3,8.4,8.1,17.5,10.5,24.5,26.9,29.4,21.6,27.2,27,28.1,25.8,8,5.2,12.6,5,25.9,6.8,4.2,4.2,4.4,1,8.3,14.8,7.8,16.4,925488,
1999:Q2,Next9,33.2,25.9,27.3,20.6,36.4,32.1,38.5,28.7,28.2,29.5,25.2,22.9,38.8,35.5,27.2,54.4,32.1,46.1,32.7,23.6,17.8,17.8,19.3,9,18.9,36.8,27.4,35.6,9307044,
1999:Q2,Next40,34.9,45.8,46.5,43.2,30.1,44.5,22.8,13.5,13.5,13.4,8.2,5.6,23.3,16.8,50.4,38.4,46.2,45.6,18.3,46.9,43.6,43.6,47.8,36.1,43.3,23.7,51.3,33.5,41373364,
1999:Q2,Bottom50,7.3,16.5,14.8,22.7,3.3,6.8,1.1,1.1,1.2,0.8,0.3,0,2.1,1.6,11.2,1.9,7.4,2.9,1.9,20.2,33.4,33.4,28,53.7,19.1,15.6,11.7,3.2,51720159,
1999:Q3,TopPt1,9.6,3.4,3,4.9,12.4,6.3,13.4,29.5,27.1,34.4,39.2,44.2,8.5,19.5,3.1,0.2,1.7,0.5,21.5,2.4,0.9,0.9,0.5,0.2,10.2,8.1,1.9,11,108300,
1999:Q3,RemainingTop1,14.6,8.4,8.4,8.6,17.4,10.5,24.8,27.1,29.8,21.6,26.2,25.9,27.8,25.7,7.9,5.3,12.6,5.1,26,6.9,4.2,4.2,4.4,1,8.8,15.2,7.9,16.3,928297,
1999:Q3,Next9,33.1,25.8,27.2,20.7,36.5,32.2,38.1,28.8,28.3,29.8,26,23.8,39.2,35.8,26.7,53.3,32.3,45.8,32.6,23.7,17.7,17.7,19.2,8.7,19.8,37.4,27.1,35.6,9333591,
1999:Q3,Next40,35.2,45.7,46.5,43.1,30.4,44.2,22.6,13.5,13.6,13.4,8.4,6.1,22.6,17.4,51,39.3,45.9,45.7,18.1,46.9,43.8,43.8,47.9,36.5,41.4,24.3,51.5,33.8,41493044,
1999:Q3,Bottom50,7.5,16.6,15,22.7,3.3,6.8,1.2,1.1,1.2,0.8,0.3,0.1,1.9,1.6,11.3,1.9,7.5,2.9,1.8,20.2,33.3,33.4,27.9,53.6,19.8,15,11.7,3.3,51870638,
1999:Q4,TopPt1,9.9,3.5,3.1,5,12.7,6.5,14.6,28.5,27,34.2,38.9,43.5,9.2,20,3.5,0,1.6,0.5,21.5,2.5,0.9,0.9,0.5,0.2,9.9,6.7,2.1,11.3,108422,
1999:Q4,RemainingTop1,15,8.6,8.5,9,17.7,10.5,24.8,28,30.1,20.6,23.2,22.6,27.5,25.6,8.7,5.1,12.3,5.3,26.2,6.7,4.3,4.3,4.4,1,9.5,15,9,16.6,931214,
1999:Q4,Next9,33.5,25.9,27.4,20.3,36.7,32.4,37.5,30,28.3,36.2,28.4,26.7,39.5,36.1,26.7,54.7,33.1,45.6,32.4,23.3,17.9,17.9,19.4,8.5,20.7,37.6,26.9,35.9,9360696,
1999:Q4,Next40,34.4,45.4,46,43,29.7,43.8,21.9,12.4,13.5,8.3,9.1,7.2,21.9,16.8,50,38.4,45.6,45.8,18.2,47.2,43.9,43.9,48.1,37,39.7,24.6,50.4,32.9,41614873,
1999:Q4,Bottom50,7.2,16.6,14.9,22.7,3.3,6.8,1.2,1,1.1,0.6,0.3,0.1,1.8,1.5,11.1,1.8,7.4,2.8,1.7,20.4,33,33.1,27.6,53.3,20.1,16.1,11.5,3.2,52023898,
2000:Q1,TopPt1,9.8,3.4,3.1,4.8,12.5,6.7,15.1,27.7,26.2,34,39.1,43.6,10,19.9,3.6,0,1.6,0.5,21.1,2.5,0.8,0.8,0.5,0.2,9.5,5.6,1.8,11.2,108506,
2000:Q1,RemainingTop1,15,8.8,8.6,9.4,17.7,10.4,24.9,28.5,30.4,20.4,23.5,22.9,27.4,25.5,8.8,5,12.2,5.4,26.6,6.8,4.4,4.4,4.4,1,10.4,14.9,7.9,16.7,934248,
2000:Q1,Next9,33.5,25.9,27.4,20.2,36.8,32.5,37.1,30.3,28.5,37.7,28,26.2,39.7,36.3,26.4,54.8,33.5,45.4,32.2,23.3,18.1,18,19.5,8.1,21.6,37.8,26.5,35.9,9388534,
2000:Q1,Next40,34.5,45.6,46.3,42.9,29.7,43.5,21.6,12.5,13.7,7.3,9,7.2,21.3,16.8,50.1,38.4,45.4,45.9,18.4,47.1,44.1,44.1,48.3,37.3,38.3,25,52,33,41739659,
2000:Q1,Bottom50,7.2,16.3,14.6,22.8,3.2,6.8,1.2,1,1.2,0.6,0.3,0.1,1.6,1.5,11.1,1.7,7.3,2.8,1.7,20.3,32.7,32.7,27.2,53.4,20.2,16.7,11.8,3.2,52180901,
2000:Q2,TopPt1,9.5,3.5,3.1,4.7,12.2,6.8,14.5,27.4,25.7,33.7,39.7,44.3,10.7,19.2,3.5,0,1.6,0.5,21.3,2.5,0.7,0.7,0.5,0.2,9.3,5.1,1.9,10.9,108563,
2000:Q2,RemainingTop1,14.9,8.9,8.7,9.7,17.7,10.3,25.3,28.5,30.7,20.7,25.7,25.5,27.2,25.4,8.7,5.1,12.2,5.5,26.7,6.9,4.4,4.4,4.5,1,11,15.6,8.2,16.6,937407,
2000:Q2,Next9,33.4,26,27.5,20,36.8,32.7,37,30.3,28.6,36.2,25.9,23.7,39.9,36.6,26.1,54.3,33.8,45.2,32.1,23.3,18,17.9,19.6,7.9,22.5,38.4,26.2,35.9,9417276,
2000:Q2,Next40,34.9,45.6,46.3,42.8,30.1,43.3,21.9,12.7,13.8,8.8,8.5,6.5,20.7,17.4,50.6,38.9,45.1,46.1,18.3,47,44.4,44.4,48.4,37.8,36.5,25.5,51.9,33.4,41868209,
2000:Q2,Bottom50,7.2,16.1,14.4,22.8,3.2,6.9,1.3,1.1,1.2,0.7,0.2,0.1,1.5,1.5,11.2,1.7,7.4,2.7,1.6,20.2,32.5,32.6,27,53.2,20.7,15.4,11.8,3.2,52342607,
2000:Q3,TopPt1,9.3,3.3,3.1,4.2,12.1,6.9,14.8,27.1,25.2,33.4,39.8,44.2,11.4,18.7,3.5,0,1.5,0.4,21.7,2.5,0.7,0.7,0.5,0.2,9.2,4.4,1.8,10.7,108606,
2000:Q3,RemainingTop1,14.9,9,8.7,10.1,17.6,10.2,25.4,28.7,31,20.8,25.3,25,27.1,25.3,8.7,5.1,12.1,5.7,26.7,6.9,4.4,4.4,4.5,1.1,11.5,15.9,8,16.6,940698,
2000:Q3,Next9,33.4,25.8,27.3,20.2,36.8,32.9,36.7,30.3,28.7,35.4,26.1,24,40.1,36.9,25.7,54.2,34.1,45,32.1,23.4,17.9,17.9,19.6,7.8,23.4,38.8,25.9,35.8,9447097,
2000:Q3,Next40,35.1,45.7,46.5,42.7,30.2,43.1,21.7,12.9,13.9,9.7,8.6,6.8,20.1,17.7,50.8,39,44.9,46.2,18.1,47,44.6,44.6,48.5,38.3,34.6,25.9,52.5,33.6,42001332,
2000:Q3,Bottom50,7.3,16.1,14.4,22.7,3.2,6.9,1.3,1.1,1.2,0.7,0.2,0.1,1.3,1.5,11.2,1.7,7.4,2.7,1.5,20.2,32.4,32.4,26.9,52.7,21.3,15,11.8,3.3,52509976,
2000:Q4,TopPt1,9,3.4,3.1,4.4,11.7,7.1,15.5,27.1,25.2,33.1,39.4,43.4,12.1,17.5,3.4,0,1.5,0.4,21.7,2.5,0.6,0.6,0.4,0.2,8.7,3.9,2.1,10.4,108644,
2000:Q4,RemainingTop1,14.7,9.2,8.9,10.4,17.4,10.2,25.5,28.8,31.2,21,22.3,21.7,27,25.2,8.6,5.2,12.2,5.8,26.9,7.1,4.4,4.4,4.6,1.1,12.5,17.2,9.2,16.4,944131,
2000:Q4,Next9,33.3,26,27.5,19.8,36.8,33,36.4,29.9,28.7,33.9,28.7,27.1,40.2,37.2,25.3,53.2,34.2,44.7,31.9,23.4,17.7,17.7,19.5,7.7,24.3,39.7,25.7,35.8,9478169,
2000:Q4,Next40,35.7,45.8,46.6,42.6,30.8,42.7,21.3,13.2,13.8,11.2,9.3,7.8,19.6,18.7,51.3,39.9,44.6,46.4,18.1,46.9,45,44.9,48.6,38.8,33.4,26.8,51.3,34.2,42139834,
2000:Q4,Bottom50,7.3,15.7,13.9,22.8,3.3,6.9,1.3,1,1.1,0.7,0.2,0.1,1.2,1.5,11.3,1.8,7.5,2.7,1.4,20.1,32.3,32.4,26.8,52.2,21.2,12.3,11.7,3.2,52683971,
2001:Q1,TopPt1,8.6,3.4,3.1,4.4,11.3,7.5,16.5,27.1,24.3,32.9,39.8,43.9,12.7,16.3,3.5,0.1,1.5,0.4,21.5,2.5,0.5,0.5,0.4,0.1,8.7,3.3,1.8,9.9,108691,
2001:Q1,RemainingTop1,14.5,9.3,9,10.7,17.2,10.4,25.4,28.2,31.5,21.4,24.2,23.9,26.7,25.1,8.7,5.2,12.4,5.9,27.1,7.2,4.5,4.5,4.6,1.1,12.7,18.5,8,16.2,947713,
2001:Q1,Next9,33.1,26,27.6,19.5,36.7,33.1,36,29.7,29,31.3,26.9,24.9,40.5,37.5,25.1,52.2,34.2,44.5,31.8,23.5,17.5,17.5,19.5,7.2,25.2,40.7,25.3,35.7,9510665,
2001:Q1,Next40,36.5,46.1,47,42.5,31.4,42.2,20.8,13.9,14.1,13.5,8.8,7.3,19,19.6,51.4,40.7,44.2,46.5,18.2,46.8,45.3,45.3,48.8,39.1,31.2,27.7,53.1,35,42284523,
2001:Q1,Bottom50,7.4,15.2,13.3,22.8,3.3,6.9,1.3,1.1,1.2,0.8,0.2,0.1,1,1.5,11.3,1.8,7.7,2.6,1.4,20,32.3,32.3,26.7,52.5,22.3,9.9,11.9,3.2,52865551,
2001:Q2,TopPt1,8.6,3.3,3.1,4.2,11.3,7.6,16.2,26.9,23.7,32.7,40,44,13.2,16.4,3.6,0,1.5,0.4,21.6,2.6,0.4,0.4,0.4,0.1,8.6,2.4,1.6,9.9,108755,
2001:Q2,RemainingTop1,14.6,9.5,9.1,11.1,17.3,10.3,25.6,28.1,31.8,21.5,24.7,24.4,26.5,25,9,5.2,12.2,5.6,27.2,7.2,4.5,4.5,4.7,1.1,13.1,18.8,7.5,16.3,951452,
2001:Q2,Next9,33.1,26,27.5,19.5,36.9,33.2,35.9,29.8,29.1,30.9,26.5,24.3,40.8,37.7,24.9,52.2,34.6,44.7,31.7,23.4,17.3,17.3,19.3,6.9,26.1,41.1,24.9,35.8,9544759,
2001:Q2,Next40,36.4,46.2,47,42.5,31.3,42,20.9,14.1,14.2,14,8.7,7.2,18.5,19.4,51.2,40.8,44.1,46.7,18.2,46.8,45.4,45.3,48.7,39.2,29.2,28.1,53.9,34.9,42436207,
2001:Q2,Bottom50,7.3,15.1,13.3,22.8,3.3,6.9,1.3,1.1,1.2,0.8,0.2,0.1,0.9,1.5,11.2,1.8,7.6,2.6,1.3,20,32.4,32.4,26.9,52.6,22.9,9.5,12.1,3.1,53055677,
2001:Q3,TopPt1,8.2,3.2,3.1,3.8,10.9,7.7,16.5,26.6,24,32.5,39.2,42.7,13.8,14.8,3.4,0.1,1.4,0.4,21.5,2.6,0.4,0.4,0.4,0.1,8,1.7,1.9,9.6,108850,14330862
2001:Q3,RemainingTop1,14.3,9.6,9.1,11.5,16.8,10.3,25.7,28.7,32,21.5,19.8,19,26.3,24.8,8.7,5.3,12.5,5.4,27.4,7.2,4.6,4.6,4.7,1.1,14.3,17.7,8.7,16,955358,4321933
2001:Q3,Next9,33,25.8,27.3,19.6,37,33.4,35.7,29.6,28.9,31,30.8,29.4,41.1,38.1,24.4,51.4,34.6,44.8,31.6,23.4,17.6,17.5,19.5,6.7,26.9,40.6,24.7,35.8,9580624,876228
2001:Q3,Next40,37,46.2,47.1,42.4,32,41.7,20.7,14,14,14.1,9.9,8.8,18,20.8,52.1,41.4,43.7,47,18.2,46.8,45.3,45.3,48.8,39.6,28.2,27.8,52.7,35.6,42595693,107358
2001:Q3,Bottom50,7.5,15.1,13.3,22.7,3.3,6.9,1.3,1,1.1,0.9,0.2,0.1,0.8,1.5,11.4,1.8,7.8,2.6,1.2,20,32.1,32.2,26.7,52.5,22.6,12.1,11.9,3.1,53255310,
2001:Q4,TopPt1,8.3,3.3,3.1,4.3,11,7.7,16.5,26.6,24,31.7,38.8,42.4,13.8,15.8,3.6,0.1,1.4,0.4,21,2.6,0.4,0.4,0.3,0.1,9.5,1.8,1.8,9.7,108983,
2001:Q4,RemainingTop1,14.5,9.6,9.3,11.1,17.1,10.9,24.8,28.3,31.5,21.8,23.1,22.6,26.1,25.1,9.7,5,12.2,5.1,27.9,7.3,4.7,4.7,4.9,1.2,17.2,20.6,8.9,16.2,959431,
2001:Q4,Next9,33.1,25.8,27.3,19.6,37.1,33.4,36,29.7,29.1,30.9,28.6,26.9,40.3,37.8,25.3,51.9,35.1,45.3,31.2,23.5,16.8,16.8,18.7,7,25.2,41,25.3,35.9,9618360,
2001:Q4,Next40,36.8,46.3,47.3,42.4,31.6,41.3,21.4,14.4,14.3,14.7,9.3,8,18.9,19.9,50.3,41.2,43.7,46.7,18.6,46.8,45.7,45.7,49.1,39.5,26.5,27.6,52.1,35.3,42763460,
2001:Q4,Bottom50,7.3,14.9,13.1,22.7,3.2,6.7,1.4,1.1,1.2,0.9,0.2,0.1,0.9,1.4,11.1,1.8,7.6,2.5,1.3,19.9,32.4,32.4,27,52.2,21.5,9.1,11.7,3,53465016,
2002:Q1,TopPt1,8.2,3.4,3.1,4.8,10.8,7.7,15.6,26.4,24.2,30.9,38,41.7,13.9,16,3.8,0.2,1.4,0.4,20.6,2.5,0.4,0.4,0.4,0.2,10.5,2,1.9,9.6,109154,
2002:Q1,RemainingTop1,14.5,9.7,9.5,10.7,17.1,11.4,24.1,28.1,31.1,22.1,24.7,24.5,25.9,25.2,10.7,4.9,12,4.9,28.2,7.5,4.8,4.8,4.9,1.2,20.2,22.2,9.8,16.2,963652,
2002:Q1,Next9,33.2,25.9,27.4,19.6,37.1,33.3,36.4,29.8,29.1,31.3,27.9,26.1,39.6,37.6,26.1,51.7,35.4,45.8,30.9,23.5,16.9,16.9,18.7,7.1,23.7,40.4,26.1,36,9657779,
2002:Q1,Next40,36.9,46.3,47.2,42.3,31.7,41,22.5,14.6,14.4,14.9,9.2,7.6,19.7,19.7,48.7,41.4,43.7,46.5,18.9,46.7,46,46,49.5,39.4,25.7,26.5,50.7,35.3,42938665,
2002:Q1,Bottom50,7.3,14.6,12.8,22.6,3.2,6.5,1.4,1.1,1.2,0.9,0.2,0.1,0.9,1.4,10.7,1.8,7.4,2.5,1.3,19.8,32,32,26.5,52.2,19.9,9,11.5,3,53683780,
2002:Q2,TopPt1,8,3.5,3.1,5.3,10.6,7.6,14.6,26.8,24.5,30.4,37.4,41.1,13.9,15.6,3.9,0.3,1.4,0.4,20.4,2.5,0.4,0.4,0.4,0.2,11.6,2.2,1.9,9.4,109359,
2002:Q2,RemainingTop1,14.4,9.8,9.7,10.3,17.1,11.9,23.5,27.5,30.6,22.6,27.9,28.3,25.7,25.4,11.4,4.7,12.1,4.6,28.5,7.6,4.8,4.8,4.9,1.2,22.6,24.6,10.1,16.2,967993,
2002:Q2,Next9,33.1,26.1,27.6,19.5,37.1,33.4,36.8,29.1,29.1,29.2,25.9,23.8,38.9,37.5,26.7,51.3,35.6,46.2,30.6,23.5,16.8,16.8,18.7,7.3,22.4,40,26.7,36,9698619,
2002:Q2,Next40,37.1,46.1,46.9,42.3,32,40.8,23.7,15.4,14.5,16.9,8.7,6.8,20.5,20.1,47.5,41.8,43.5,46.3,19.1,46.6,46.3,46.3,49.8,39.3,24.5,25.5,50,35.5,43120137,
2002:Q2,Bottom50,7.3,14.5,12.7,22.6,3.2,6.4,1.4,1.1,1.2,1,0.2,0.1,1,1.4,10.5,1.9,7.4,2.5,1.3,19.7,31.7,31.7,26.2,52,18.9,7.6,11.3,2.9,53910194,
2002:Q3,TopPt1,7.6,3.5,3.1,5.3,10.2,7.6,13.8,26.9,24.7,29.8,36.4,40,14,14.4,3.8,0.4,1.4,0.4,20.3,2.5,0.4,0.4,0.4,0.2,12.4,2.5,2.1,9,109595,
2002:Q3,RemainingTop1,14.2,9.8,9.8,9.9,16.9,12.4,22.8,27.1,30.2,23,29.3,29.9,25.4,25.5,12.1,4.6,12.2,4.4,28.8,7.7,4.9,4.9,4.9,1.2,25.1,27.1,11.5,16,972428,
2002:Q3,Next9,32.9,26,27.3,20,37.1,33.4,37.2,28.6,29.1,28,25.5,23.4,38.3,37.5,27.3,51,35.8,46.7,30.4,23.6,16.6,16.6,18.4,7.4,21.2,39.5,27.4,36,9740617,
2002:Q3,Next40,37.7,46,46.9,42.3,32.6,40.4,24.8,16.2,14.7,18.2,8.6,6.5,21.3,21.2,46.5,42.1,43.3,46.1,19.3,46.6,46.4,46.4,50,39.2,23.9,24.3,48.1,36,43306704,
2002:Q3,Bottom50,7.6,14.6,12.9,22.5,3.2,6.2,1.4,1.1,1.2,1,0.2,0.1,1,1.3,10.3,2,7.4,2.5,1.3,19.7,31.6,31.7,26.2,51.9,17.5,6.6,11,3,54142848,
2002:Q4,TopPt1,7.6,3.5,3.1,5.4,10.1,7.5,13.8,27.2,24.8,29.5,35.4,39,14,15.1,3.8,0.3,1.4,0.4,19.4,2.5,0.4,0.4,0.4,0.2,13.2,2.7,2.1,9,109858,
2002:Q4,RemainingTop1,14.3,9.8,9.9,9.6,17,12.9,22.1,26.6,29.9,23.4,31.5,32.5,25.2,25.8,12.7,4.3,12,4.1,29.5,7.7,5,4.9,4.9,1.3,27.2,28.9,11.8,16.1,976930,
2002:Q4,Next9,32.9,25.9,27.1,20.3,37.2,33.4,37.4,27.6,29.2,26.1,24.6,22.4,37.6,37.2,27.9,52,36.1,47.2,29.8,23.5,16.5,16.5,18.2,7.6,20.1,38.8,28,36,9783514,
2002:Q4,Next40,37.7,46.1,46.9,42.3,32.5,40.2,25.2,17.5,14.9,19.9,8.3,6,22.1,20.7,45.5,41.4,43.3,45.9,19.9,46.6,46.6,46.6,50.2,39.1,23.1,23,47.2,36,43497195,
2002:Q4,Bottom50,7.5,14.6,13,22.4,3.2,6,1.4,1.2,1.2,1.1,0.2,0.1,1.1,1.3,10.1,1.9,7.2,2.5,1.4,19.7,31.5,31.6,26.2,51.8,16.5,6.6,10.8,2.9,54380333,
2003:Q1,TopPt1,7.5,3.6,3.1,5.9,9.9,7.6,12.9,26.9,25,28.8,34.1,37.5,14.1,15,3.9,0.3,1.4,0.4,19.3,2.5,0.5,0.4,0.4,0.2,13.7,2.9,2.5,8.8,110146,
2003:Q1,RemainingTop1,14.2,9.9,10,9.3,16.9,13.4,21.5,26.5,29.5,23.5,31.5,32.6,25.1,26,13.5,4.1,11.8,3.9,29.7,7.8,5.1,5,5,1.3,29.2,29.8,13.9,16,981472,
2003:Q1,Next9,33,26,27.3,20.2,37.3,33.3,37.8,28,29.2,26.8,25.5,23.6,36.9,37,28.6,52.5,36.4,47.6,29.6,23.6,16.4,16.4,18,7.6,19.1,37.9,28.7,36.2,9827046,
2003:Q1,Next40,37.8,46.1,46.9,42.3,32.7,39.8,26.4,17.4,15,19.7,8.6,6.2,22.8,20.9,44.2,41.2,43.2,45.7,20,46.5,46.7,46.7,50.5,38.8,22.8,21.7,44.6,36.1,43690439,
2003:Q1,Bottom50,7.5,14.4,12.7,22.3,3.2,5.9,1.4,1.2,1.3,1.1,0.3,0.1,1.1,1.2,9.8,1.9,7.1,2.5,1.4,19.6,31.4,31.5,26.1,52,15.2,7.6,10.3,2.8,54621241,
2003:Q2,TopPt1,7.7,3.7,3.1,6.2,10.2,7.6,12.1,26.7,25,28.2,32.5,35.2,14.2,16.4,4.1,0.3,1.4,0.4,19.3,2.5,0.5,0.5,0.4,0.3,14.1,2.9,2.6,9.2,110454,
2003:Q2,RemainingTop1,14.4,9.9,10.2,8.9,17,13.8,20.8,26.4,29.2,23.7,24.8,24.8,24.9,26.2,14.3,3.8,11.5,3.7,29.8,7.9,5.1,5.1,5,1.3,31.1,26.7,14.6,16.2,986028,
2003:Q2,Next9,33.2,26.1,27.3,20.3,37.5,33.3,38.2,28.2,29.3,27.2,32,31.4,36.3,36.7,29.3,53.5,36.8,48,29.4,23.6,16.6,16.5,17.9,7.8,18.3,36.7,29.3,36.5,9870952,
2003:Q2,Next40,37.3,46,46.8,42.3,32.1,39.5,27.5,17.5,15.2,19.8,10.4,8.4,23.6,19.6,42.8,40.5,43.4,45.5,20.1,46.5,46.5,46.5,50.6,38.7,22.6,21.1,43.3,35.5,43885264,
2003:Q2,Bottom50,7.3,14.3,12.6,22.2,3.1,5.8,1.4,1.2,1.3,1.1,0.3,0.2,1.1,1.1,9.6,1.9,6.9,2.5,1.4,19.5,31.3,31.4,26.1,52,14,12.7,10.1,2.6,54864161,
2003:Q3,TopPt1,7.8,3.7,3.1,6.2,10.3,7.5,11.2,26.4,25.5,27.5,31.3,33.8,14.3,17,4.2,0.3,1.4,0.4,19.2,2.5,0.5,0.5,0.5,0.3,14.7,3.1,2.6,9.2,110779,
2003:Q3,RemainingTop1,14.5,10,10.2,8.7,17.2,14.2,20.2,26.6,28.8,23.8,25.9,26,24.7,26.4,15.1,3.6,11.4,3.4,30,8,5.1,5.1,4.9,1.3,32.7,29.3,15,16.3,990571,
2003:Q3,Next9,33.2,26,27.1,20.7,37.6,33.4,38.6,28.9,29.2,28.5,32.1,31.6,35.5,36.4,29.9,54.1,37.1,48.4,29.2,23.6,16.6,16.6,18.1,7.9,17.5,36.2,29.9,36.5,9914971,
2003:Q3,Next40,37.2,46,46.7,42.3,31.8,39.3,28.6,16.9,15.2,19.1,10.4,8.3,24.3,19.1,41.5,40.1,43.4,45.3,20.2,46.4,46.7,46.7,50.7,38.7,21.9,19.8,42.5,35.3,44080498,
2003:Q3,Bottom50,7.3,14.4,12.8,22.1,3,5.6,1.4,1.2,1.3,1.1,0.3,0.2,1.2,1.1,9.3,1.9,6.7,2.5,1.4,19.5,31.1,31.1,25.9,51.7,13.3,11.6,9.9,2.6,55107685,
2003:Q4,TopPt1,8,3.7,3.1,6.4,10.6,7.4,10.3,26.5,25.9,27.2,30,32.4,14.3,18,4.3,0.3,1.4,0.4,19.1,2.5,0.6,0.6,0.5,0.3,14.1,3.5,2.5,9.5,111119,
2003:Q4,RemainingTop1,14.7,10,10.3,8.3,17.5,14.6,19.5,26.5,28.5,24,27.4,27.9,24.6,26.6,15.8,3.3,11.2,3.2,30.3,8,5.3,5.3,5,1.3,34.9,33.6,15.3,16.5,995074,
2003:Q4,Next9,33.3,26,27,21,37.6,33.4,39,28.5,29.1,27.7,31.9,31.4,34.8,36.2,30.5,55.1,37.4,48.9,28.9,23.6,16.4,16.3,17.8,8.1,16.9,35.6,30.5,36.6,9958841,
2003:Q4,Next40,36.8,46,46.7,42.3,31.3,39.1,29.7,17.4,15.2,20,10.3,8.1,25.1,18.2,40.3,39.4,43.5,45.1,20.4,46.4,46.8,46.8,50.8,38.6,23.4,18.1,41.8,34.8,44274970,
2003:Q4,Bottom50,7.2,14.4,12.8,22.1,3,5.5,1.4,1.2,1.3,1.1,0.3,0.2,1.2,1,9.1,1.9,6.6,2.4,1.4,19.5,31,31,25.9,51.7,10.7,9.2,9.8,2.6,55350404,
2004:Q1,TopPt1,8.4,3.7,3.1,6.7,11.1,7.5,9.5,27.9,28.3,26.8,28.6,30.8,14.4,18.6,4.3,0.2,1.4,0.4,19.1,2.5,0.6,0.6,0.5,0.3,14.5,3.7,2.5,9.9,111469,
2004:Q1,RemainingTop1,14.9,10,10.5,8,17.8,15,18.8,26.8,27.9,24.2,27,27.4,24.3,26.8,16.4,3.1,11.1,3,30.3,8.1,5.4,5.4,5,1.3,36.2,34.7,15.7,16.7,999510,
2004:Q1,Next9,33.3,26,27.1,21.1,37.5,33.3,39.4,27.9,28.2,27.3,33.3,33.1,34.3,35.9,31.1,55.9,37.6,49.3,28.7,23.7,16.3,16.3,17.7,8.1,16.3,34.8,31.2,36.5,10002301,
2004:Q1,Next40,36.3,46.1,46.8,42.2,30.7,38.9,30.8,16.4,14.6,20.6,10.7,8.4,25.7,17.7,39.3,38.9,43.5,44.9,20.4,46.4,46.9,46.9,51,38.4,23.1,16.9,41.1,34.4,44467508,
2004:Q1,Bottom50,7,14.1,12.5,22,2.9,5.4,1.4,1,1,1.1,0.4,0.2,1.2,1,8.9,1.8,6.5,2.4,1.4,19.4,30.8,30.8,25.8,51.9,10,9.9,9.6,2.5,55590908,
2004:Q2,TopPt1,8.4,3.7,3.1,6.5,11.1,7.5,8.6,27.5,28.1,26.2,27.2,29.1,14.4,18.9,4.3,0.2,1.4,0.4,19.7,2.5,0.6,0.6,0.5,0.3,14.9,3.8,2.7,9.9,111826,
2004:Q2,RemainingTop1,14.9,10,10.5,7.7,17.8,15.3,18.2,26.7,27.7,24.3,25.8,26,24.1,27,17,2.9,11,3.1,30.1,8.2,5.4,5.4,4.9,1.4,37.4,35.1,16.8,16.7,1003853,
2004:Q2,Next9,33.3,26,26.9,21.6,37.6,33.3,39.8,28.2,28.4,27.8,35.3,35.6,33.8,35.7,31.6,56.3,37.8,49.3,28.8,23.7,16.4,16.4,17.8,8.2,15.7,34.1,31.7,36.5,10045088,
2004:Q2,Next40,36.4,46,46.7,42.2,30.6,38.6,32,16.6,14.9,20.5,11.2,9,26.4,17.5,38.3,38.7,43.5,44.8,20.1,46.3,46.9,46.9,51.1,38.3,22.8,16,39.4,34.3,44656942,
2004:Q2,Bottom50,7.1,14.3,12.8,21.9,2.8,5.2,1.4,1.1,1,1.1,0.4,0.3,1.3,0.9,8.7,1.9,6.4,2.4,1.3,19.3,30.6,30.7,25.7,51.9,9.4,10.9,9.3,2.6,55827789,
2004:Q3,TopPt1,8.5,3.8,3.1,6.9,11.3,7.4,7.8,27.7,28.5,25.9,25.7,27.4,14.4,19.2,4.4,0.2,1.4,0.4,20.1,2.5,0.6,0.6,0.5,0.3,15.6,4.1,2.8,10,112186,18647291
2004:Q3,RemainingTop1,15,10.1,10.6,7.4,17.9,15.7,17.5,26.5,27.3,24.5,27.7,28.2,23.9,27.2,17.7,2.7,10.9,3.1,29.9,8.3,5.4,5.4,4.9,1.4,38.2,37,17.5,16.8,1008076,5619597
2004:Q3,Next9,33.3,26.2,27.1,21.5,37.5,33.4,40.2,28,28.3,27.3,35.1,35.4,33.2,35.4,32.2,56.9,38.1,49.3,28.8,23.7,16.3,16.3,17.7,8.3,15,33.4,32.3,36.5,10086942,1073648
2004:Q3,Next40,36.3,45.8,46.5,42.2,30.5,38.5,33.1,16.7,14.9,21.1,11.1,8.7,27.1,17.3,37.3,38.3,43.4,44.8,19.8,46.3,47,47,51.2,38.3,21.7,14.6,38.3,34.2,44842098,110021
2004:Q3,Bottom50,7,14.1,12.6,21.9,2.8,5.1,1.4,1.1,1,1.2,0.4,0.3,1.3,0.9,8.5,1.8,6.3,2.3,1.3,19.3,30.6,30.7,25.7,51.7,9.4,10.9,9.1,2.5,56059638,
2004:Q4,TopPt1,8.7,3.7,3.1,6.6,11.6,7.4,7.5,27.9,28.7,24.8,27.4,29.3,14.4,19.7,4.7,0.2,1.4,0.5,20.4,2.5,0.6,0.6,0.5,0.3,15.8,4,3,10.2,112548,
2004:Q4,RemainingTop1,14.9,10.1,10.5,7.6,17.9,15.4,17.3,26.5,27.2,23.8,23.8,23.8,24.1,27.2,17.3,3.1,11.1,3.3,29.3,8.1,5.2,5.2,4.8,1.4,36.9,32.6,17.4,16.8,1012155,
2004:Q4,Next9,33.4,26.2,27.1,21.6,37.7,33.6,40.6,28.7,28.3,30.1,36.8,37.2,33.6,35.5,31.8,57.4,37.9,49.2,29.6,23.6,16.7,16.7,18,8.5,14.9,34.3,31.9,36.6,10127616,
2004:Q4,Next40,35.9,45.8,46.5,42.1,30,38.4,33.1,16,14.8,20.1,11.5,9.4,26.5,16.8,37.6,37.6,43.3,44.6,19.3,46.3,46.4,46.4,50.4,38.3,21.7,15.8,38.5,33.9,45021882,
2004:Q4,Bottom50,7.1,14.3,12.8,22.1,2.8,5.2,1.5,1,1,1.2,0.5,0.3,1.3,0.9,8.5,1.7,6.3,2.3,1.4,19.5,31.1,31.1,26.3,51.4,10.6,13.3,9.2,2.5,56285119,
2005:Q1,TopPt1,8.6,3.6,3.1,6.5,11.7,7.4,6.8,27,27.9,24.1,28.9,31.1,14.4,19.8,4.9,0.2,1.5,0.7,20.7,2.4,0.5,0.5,0.5,0.3,16.3,4.2,3.2,10.2,112908,
2005:Q1,RemainingTop1,14.9,10,10.5,7.7,17.8,15.1,16.9,26.3,27.2,23.3,25.7,25.9,24.2,27.2,16.9,3.4,11.4,3.5,28.7,8,5.1,5.1,4.8,1.4,35.3,31.3,17.1,16.7,1016075,
2005:Q1,Next9,33.5,26.4,27.3,21.5,37.8,33.8,41.1,29.2,28.7,31,34.3,34.3,34,35.5,31.5,57.3,37.7,49.1,30.4,23.6,16.7,16.6,17.9,8.3,14.7,35,31.6,36.7,10166931,
2005:Q1,Next40,35.8,45.5,46.2,42,29.9,38.4,33.6,16.4,15.1,20.4,10.7,8.4,26,16.6,38.1,37.4,43.1,44.5,18.8,46.4,45.9,45.9,49.6,37.9,21.3,16,38.9,33.9,45195493,
2005:Q1,Bottom50,7.2,14.4,12.9,22.4,2.8,5.2,1.5,1.1,1.1,1.2,0.5,0.3,1.4,0.9,8.6,1.7,6.4,2.3,1.5,19.7,31.8,31.8,27.2,52,12.3,13.6,9.2,2.5,56503197,
2005:Q2,TopPt1,8.8,3.6,3.1,6.6,12,7.4,6.2,26.6,27.6,23.5,30.5,32.9,14.3,20,5.2,0.2,1.6,0.8,21.2,2.4,0.6,0.5,0.5,0.3,16.4,4.4,3.5,10.4,113265,
2005:Q2,RemainingTop1,14.9,10.1,10.5,7.8,17.8,14.9,16.6,26.2,27.2,22.8,26.2,26.5,24.4,27.3,16.5,3.7,11.6,3.6,27.9,7.9,5,4.9,4.6,1.5,33.9,29.7,17.2,16.8,1019825,
2005:Q2,Next9,33.6,26.7,27.8,21.1,37.9,34.1,41.6,29.5,28.9,31.6,32.7,32.4,34.4,35.5,31.1,57.6,37.5,49,31.2,23.5,16.9,16.9,18.2,8.3,14.6,35.7,31.2,36.9,10204721,
2005:Q2,Next40,35.5,45.1,45.6,41.8,29.6,38.5,33.9,16.6,15.3,20.9,10.2,7.9,25.5,16.3,38.6,36.9,42.9,44.4,18.1,46.4,45.3,45.4,48.8,37.9,21.7,16.2,38.9,33.6,45362210,
2005:Q2,Bottom50,7.2,14.5,13,22.7,2.8,5.2,1.6,1.1,1.1,1.2,0.5,0.3,1.3,0.9,8.6,1.6,6.4,2.2,1.5,19.8,32.2,32.3,27.9,52.1,13.3,14.1,9.2,2.4,56712912,
2005:Q3,TopPt1,8.9,3.6,3.1,6.2,12.2,7.4,6.1,25.8,26.7,22.3,32.1,34.9,14.3,20.3,5.5,0.2,1.6,0.9,21.8,2.4,0.6,0.5,0.4,0.3,16.7,4.5,3.4,10.5,113617,
2005:Q3,RemainingTop1,14.8,10,10.4,7.9,17.8,14.6,16.4,26.2,27.2,22,27.3,27.8,24.6,27.3,16.2,4,11.8,3.8,27.2,7.7,4.8,4.8,4.5,1.5,32.3,27.9,16,16.8,1023392,
2005:Q3,Next9,33.7,26.8,27.9,21.2,38,34.3,42,30.3,29.3,34.5,30.6,29.9,34.7,35.6,30.7,57.6,37.3,48.8,32,23.4,17.2,17.2,18.5,8.4,14.5,36.4,31,36.9,10240824,
2005:Q3,Next40,35.2,44.8,45.4,41.7,29.3,38.5,33.8,16.4,15.6,20,9.5,7.1,25,15.9,38.9,36.6,42.8,44.3,17.4,46.5,44.8,44.8,48.1,37.9,21.9,16.5,40.2,33.3,45521309,
2005:Q3,Bottom50,7.4,14.8,13.3,22.9,2.8,5.3,1.6,1.2,1.2,1.2,0.5,0.3,1.3,0.9,8.7,1.6,6.5,2.2,1.6,20,32.6,32.7,28.5,52,14.7,14.7,9.4,2.5,56913302,
2005:Q4,TopPt1,8.9,3.5,3,5.9,12.3,7.3,6.8,25.3,26.2,22,33.9,36.9,14.4,20.4,5.7,0.2,1.7,1,22.1,2.4,0.6,0.6,0.4,0.2,16.8,4.8,3.4,10.5,113964,
2005:Q4,RemainingTop1,14.7,9.9,10.3,8.1,17.7,14.3,16.4,26,27.2,21.6,28.2,28.7,24.9,27.3,15.8,4.3,12,4,26.7,7.5,4.6,4.6,4.4,1.5,30.6,27.2,15.1,16.7,1026766,
2005:Q4,Next9,33.7,26.9,27.9,21.3,38,34.5,42.1,30.6,29.6,34.2,28.6,27.6,34.8,35.6,30.4,57.7,37.1,48.7,32.6,23.3,17.4,17.4,18.8,8.5,14.3,37.2,30.7,36.9,10275073,
2005:Q4,Next40,35.1,44.8,45.3,41.5,29.1,38.5,33.1,16.9,15.8,21,8.9,6.4,24.6,15.7,39.4,36.2,42.7,44.2,17,46.6,44.4,44.4,47.4,37.9,22.2,16.4,41.2,33.3,45672067,
2005:Q4,Bottom50,7.5,15,13.5,23.2,2.9,5.3,1.7,1.2,1.2,1.3,0.5,0.3,1.3,0.9,8.8,1.5,6.5,2.2,1.7,20.2,33,33.1,29,51.8,16,14.3,9.6,2.5,57103407,
2006:Q1,TopPt1,9.3,3.5,3,6,12.8,7.5,6.5,24.9,25.9,21.2,35.6,38.7,14.6,21.1,5.6,0.1,1.8,1.1,22.2,2.4,0.6,0.6,0.5,0.2,16.8,4.9,3.6,11,114302,
2006:Q1,RemainingTop1,14.9,9.9,10.3,8.2,17.9,14.1,16.1,25.9,27.2,21,27.7,28.1,25.4,27.2,14.9,4.6,12.2,4.1,26.2,7.5,4.5,4.5,4.2,1.6,29,24.6,14.7,16.9,1029933,
2006:Q1,Next9,34,27.1,28.2,20.9,38.1,34.7,42.6,30.9,29.7,35.4,27.7,26.7,34.7,35.7,29.8,57.9,37,48.6,33.2,23.3,17.8,17.7,19.2,8.5,14.2,37.8,30.3,37.1,10307306,
2006:Q1,Next40,34.4,44.4,44.9,41.4,28.5,38.4,33.1,17,15.9,21.1,8.5,6.2,24.2,15,40.7,35.9,42.5,44.1,16.6,46.6,43.9,43.9,46.7,37.9,22.9,17,41.6,32.6,45813759,
2006:Q1,Bottom50,7.4,15.2,13.7,23.5,2.8,5.3,1.8,1.3,1.3,1.3,0.5,0.3,1.2,0.9,9,1.5,6.6,2.1,1.7,20.3,33.3,33.3,29.5,51.9,17.2,15.7,9.7,2.4,57282265,
2006:Q2,TopPt1,9.2,3.4,3,5.7,12.8,7.4,6.7,24,25,21,37.3,40.3,14.8,21.1,5.8,0.1,1.8,1.2,22.5,2.3,0.6,0.6,0.5,0.2,16.8,4.9,3.8,11,114630,
2006:Q2,RemainingTop1,14.7,9.9,10.2,8.3,17.7,13.8,15.9,25.5,27.2,20.7,26.3,26.4,26,27.3,14.5,4.9,12.4,4.3,25.7,7.4,4.3,4.3,4.1,1.6,27.1,22.6,14.4,16.8,1032883,
2006:Q2,Next9,34,27.1,28.2,21,38.2,34.9,42.8,31.4,30.2,35,27.6,26.7,34.4,35.7,29.4,57.8,36.8,48.5,33.8,23.3,18,18,19.4,8.4,14.1,38.5,30,37.2,10337358,
2006:Q2,Next40,34.4,44.1,44.6,41.3,28.5,38.5,32.7,17.7,16.2,22,8.4,6.2,23.8,15,41.2,35.7,42.3,44,16.2,46.6,43.4,43.4,46,37.7,23.5,17.5,42.1,32.6,45945664,
2006:Q2,Bottom50,7.6,15.5,14,23.7,2.9,5.4,1.8,1.3,1.4,1.3,0.4,0.4,1,0.9,9.1,1.4,6.6,2.1,1.8,20.4,33.7,33.7,30,52.1,18.5,16.6,9.7,2.4,57448916,
2006:Q3,TopPt1,9.3,3.3,2.9,5.3,13,7.4,7.3,23.5,24.6,20,39.4,42.5,15.2,21.3,6.1,0.1,1.9,1.3,22.8,2.3,0.6,0.6,0.4,0.2,16.9,5,3.9,11.1,114947,
2006:Q3,RemainingTop1,14.7,9.8,10,8.5,17.7,13.6,15.9,25.5,27.2,20,27.7,27.8,26.7,27.3,14.2,5.2,12.6,4.4,25.2,7.3,4.2,4.2,4,1.6,25.1,20.7,13.9,16.9,1035604,
2006:Q3,Next9,34.1,27.2,28.2,21.1,38.3,35.2,43,31.9,30.4,36.9,25,23.9,33.9,35.7,29.1,58,36.6,48.4,34.3,23.3,18.1,18.1,19.6,8.4,13.9,39.1,29.7,37.3,10365064,
2006:Q3,Next40,34.1,44,44.5,41.1,28.2,38.5,32,17.6,16.4,21.8,7.5,5.4,23.4,14.7,41.5,35.3,42.2,43.9,15.8,46.6,42.9,42.9,45.4,37.4,24,17.9,42.6,32.4,46067057,
2006:Q3,Bottom50,7.7,15.7,14.3,23.9,2.9,5.4,1.9,1.4,1.4,1.3,0.4,0.4,0.8,1,9.1,1.4,6.7,2,1.9,20.6,34.2,34.2,30.5,52.3,20.1,17.4,9.8,2.4,57602398,
2006:Q4,TopPt1,9.5,3.2,2.9,5.1,13.2,7.4,8.2,22.6,23.7,19.3,41.4,44.7,15.5,21.8,6.5,0.1,1.9,1.3,23,2.3,0.6,0.6,0.4,0.2,16.7,5,4.1,11.3,115252,
2006:Q4,RemainingTop1,14.8,9.8,10,8.7,17.7,13.3,15.9,25.3,27.3,19.4,28.5,28.6,27.3,27.2,14,5.4,12.7,4.6,24.8,7.2,4.1,4.1,3.9,1.6,23.2,18.3,13.6,16.9,1038084,
2006:Q4,Next9,34.2,27.2,28.3,21,38.3,35.4,42.9,32.6,30.8,38.2,23,21.7,33.6,35.8,28.8,58.2,36.5,48.3,34.9,23.2,18.4,18.3,19.8,8.5,13.8,39.4,29.4,37.4,10390260,
2006:Q4,Next40,33.8,43.9,44.5,41,27.8,38.5,31,18,16.7,21.8,6.7,4.7,22.9,14.2,41.6,34.9,42.1,43.8,15.4,46.6,42.4,42.4,44.9,37.4,25.1,18.5,43.1,32,46177215,
2006:Q4,Bottom50,7.7,15.9,14.4,24.2,2.9,5.4,1.9,1.5,1.5,1.4,0.4,0.4,0.7,1,9.1,1.3,6.7,2,1.9,20.7,34.5,34.5,30.9,52.3,21.1,18.8,9.9,2.3,57741750,
2007:Q1,TopPt1,9.7,3.2,2.8,5.3,13.4,7.5,8.6,22.2,23.3,18.8,43.1,46.4,15.7,22.1,6.8,0.1,2,1.4,23,2.3,0.6,0.6,0.4,0.2,17.4,5.1,4.3,11.6,115541,
2007:Q1,RemainingTop1,14.9,9.8,10,8.7,17.7,13.1,15.8,25.2,27.2,19,27.6,27.6,28,27.2,13.7,5.7,12.9,4.7,24.5,7.1,4,3.9,3.8,1.6,20.3,16.8,13.6,17,1040310,
2007:Q1,Next9,34.4,27.4,28.6,20.6,38.4,35.5,43.1,32.9,31,38.5,22.4,21.1,33.4,35.8,28.4,58.2,36.4,48.2,35.4,23.2,18.6,18.6,20.1,8.3,13.5,40.1,29,37.6,10412783,
2007:Q1,Next40,33.4,43.6,44.1,40.9,27.6,38.4,30.5,18.2,16.9,22.3,6.5,4.6,22.4,13.9,41.9,34.7,42,43.7,15.2,46.6,42,42,44.4,37,24.9,18.8,43.1,31.6,46275415,
2007:Q1,Bottom50,7.6,16,14.5,24.5,2.9,5.5,2,1.5,1.5,1.4,0.4,0.4,0.5,1,9.2,1.3,6.7,2,2,20.8,34.8,34.8,31.2,52.9,23.8,19.2,9.9,2.2,57866012,
2007:Q2,TopPt1,9.8,3.2,2.8,5.2,13.5,7.4,9.1,21.7,22.8,17.7,44.1,47.1,16,22.3,7.1,0.1,2,1.5,23.1,2.3,0.6,0.6,0.4,0.2,17.8,4.9,4.4,11.7,115815,
2007:Q2,RemainingTop1,14.8,9.8,9.9,8.8,17.6,12.8,15.7,25.2,27.2,18.2,24,23.5,28.7,27.2,13.4,5.9,13,4.8,24.1,7,3.8,3.8,3.7,1.6,17.4,14.6,13.2,17,1042272,
2007:Q2,Next9,34.6,27.5,28.8,20.5,38.6,35.8,43.3,33.4,31.3,40.8,24.5,23.6,33,35.9,28.2,58.6,36.3,48.2,35.8,23.1,18.9,18.9,20.3,8.3,13.3,40.2,28.7,37.8,10432467,
2007:Q2,Next40,33.1,43.3,43.8,40.7,27.4,38.5,29.9,18.2,17.1,21.9,7,5.5,21.9,13.6,42.1,34.2,42,43.5,14.8,46.7,41.6,41.6,43.9,37,25.2,19.5,43.6,31.3,46360934,
2007:Q2,Bottom50,7.7,16.2,14.6,24.7,2.9,5.5,2,1.5,1.6,1.4,0.4,0.4,0.4,1,9.2,1.2,6.7,2,2.1,21,35,35.1,31.6,52.8,26.3,20.8,10,2.1,57974223,
2007:Q3,TopPt1,10,3.1,2.7,5,13.7,7.3,11.1,21.5,22.7,18.6,45.6,48.5,16.3,22.4,7.3,0.1,2.1,1.6,23.2,2.2,0.6,0.6,0.4,0.2,17.7,5.4,4.7,11.9,116070,25315497
2007:Q3,RemainingTop1,14.8,9.7,9.9,9,17.5,12.5,16.1,24.6,27.2,18.5,22.9,22.2,29.4,27.3,13.1,6.1,13.2,4.9,23.7,6.9,3.7,3.7,3.7,1.6,14.7,13.7,13.2,17.1,1043957,6996951
2007:Q3,Next9,34.7,27.5,28.9,20.4,38.6,36.1,42.7,33.2,31.4,37.6,24.3,23.4,32.8,35.9,27.9,58.7,36.1,48.2,36.3,23,18.9,18.9,20.5,8.4,13.1,41.4,28.4,38,10449148,1199685
2007:Q3,Next40,32.8,43.1,43.6,40.6,27.2,38.5,28.1,19.1,17.1,23.9,6.9,5.5,21.3,13.4,42.4,34,41.8,43.3,14.6,46.7,41.2,41.2,43.4,36.9,26.4,19.3,43.7,31,46433048,131691
2007:Q3,Bottom50,7.7,16.5,14.9,25,2.9,5.5,2,1.5,1.6,1.5,0.4,0.4,0.2,1,9.2,1.2,6.8,2,2.2,21.1,35.5,35.5,32,52.9,28.1,20.2,10.1,2,58065421,
2007:Q4,TopPt1,9.9,3.2,2.8,5.3,13.5,7.5,12.8,21.9,23.2,19,40.7,42.8,15.7,22.1,7.4,0.3,2,1.6,22.8,2.3,0.7,0.6,0.4,0.2,17.1,5.4,4.7,11.8,116307,
2007:Q4,RemainingTop1,14.7,9.7,9.9,8.7,17.4,12.7,16.8,24.4,26.8,18.8,18.7,17.8,28.9,27.3,13,6.3,13.2,5.1,24.1,6.8,3.7,3.7,3.7,1.7,14.7,13.7,13.2,17,1045365,
2007:Q4,Next9,34.9,27.7,29.1,20.4,38.8,36.4,41.9,33.2,31.5,37.3,31.2,31,33.7,36,28,58.2,36.7,48,36,23.1,18.9,18.8,20.4,8.4,13.6,40.2,28.6,38.3,10462796,
2007:Q4,Next40,32.9,43.2,43.7,40.8,27.4,37.9,26.6,18.9,16.9,23.6,9,7.9,21.6,13.6,42.3,34,41.3,43.4,14.9,46.7,41,41,43.1,36.8,26,19.8,43.5,31.2,46491641,
2007:Q4,Bottom50,7.6,16.3,14.6,24.9,2.9,5.4,1.9,1.5,1.5,1.4,0.4,0.4,0.1,1,9.2,1.2,6.8,1.9,2.2,21.1,35.8,35.8,32.4,52.8,28.6,20.9,10,1.7,58139414,
2008:Q1,TopPt1,9.6,3.3,2.9,5.3,13.1,7.7,14.4,22.4,23.7,19.3,37.1,38.8,15.1,21.6,7.4,0.6,2,1.6,22,2.3,0.7,0.7,0.5,0.2,16.4,5.1,4.9,11.6,116527,
2008:Q1,RemainingTop1,14.6,9.6,9.8,8.4,17.2,12.9,17.6,24.3,26.5,19.1,15.4,14.4,28.3,27.5,12.8,6.6,13.3,5.2,24.5,6.7,3.7,3.7,3.6,1.8,14.7,13.3,14.5,16.9,1046536,
2008:Q1,Next9,35,27.7,29.1,20.6,38.9,36.6,41.1,33.2,31.6,36.9,36.5,36.6,34.7,36.2,28.1,57,37.3,47.8,35.7,23.2,18.9,18.8,20.4,8.3,14,38.8,28.8,38.5,10473907,
2008:Q1,Next40,33.1,43.1,43.5,41,27.8,37.4,25.1,18.7,16.7,23.3,10.6,9.8,21.9,13.8,42.4,34.5,40.6,43.5,15.4,46.8,40.7,40.7,42.9,36.3,25.8,20.5,42,31.5,46539030,
2008:Q1,Bottom50,7.6,16.4,14.7,24.7,3,5.3,1.8,1.5,1.5,1.4,0.4,0.4,0,0.9,9.2,1.3,6.8,1.9,2.3,21,36,36.1,32.6,53.3,29,22.3,9.8,1.5,58199080,
2008:Q2,TopPt1,9.5,3.3,2.9,5.1,12.8,7.7,14.2,23.1,24.4,19.5,34.9,36.6,14.1,21.3,7.4,0.8,1.9,1.6,21.7,2.3,0.7,0.7,0.5,0.3,16.5,5.6,5,11.4,116734,
2008:Q2,RemainingTop1,14.6,9.5,9.8,8.2,17.3,12.9,17.7,24.2,26.1,19.2,18.7,18,27.1,27.5,12.8,6.9,13.3,5.3,24.9,6.7,3.7,3.6,3.5,1.9,13.9,14.1,14.9,17,1047523,
2008:Q2,Next9,35.1,27.6,29,21,39,37.2,41.2,33.2,31.6,37.4,35.7,35.6,36.6,36.3,28.3,56.2,38,47.6,35.4,23.3,19,19,20.7,8.4,14.2,38.3,29,38.6,10483114,
2008:Q2,Next40,33.1,42.9,43.3,41.2,27.9,36.9,25.1,18.2,16.5,22.6,10.5,9.5,22.1,13.9,42.3,34.7,40.1,43.6,15.7,46.8,40.7,40.7,42.8,36.4,24.5,20.6,41.4,31.5,46578136,
2008:Q2,Bottom50,7.7,16.6,15,24.6,3,5.2,1.8,1.4,1.4,1.3,0.4,0.4,0.1,0.9,9.2,1.4,6.8,1.9,2.4,21,35.9,36,32.4,53,30.8,21.5,9.7,1.5,58248065,
2008:Q3,TopPt1,9.2,3.4,3,5.2,12.3,7.8,14.4,23.8,25.2,20.1,32.6,34.4,13.1,20.5,7.5,1.1,1.9,1.6,21.1,2.3,0.7,0.7,0.5,0.3,15.1,4.9,5,11.2,116932,
2008:Q3,RemainingTop1,14.5,9.4,9.8,7.9,17.2,13.1,18,24,25.7,19.6,21.3,20.9,25.8,27.8,12.7,7.2,13.5,5.4,25.3,6.6,3.8,3.8,3.6,2,14.9,13.2,14.8,17,1048378,
2008:Q3,Next9,35.1,27.7,29.1,21.1,39.1,37.5,41.1,32.9,31.6,36.4,35.3,35.1,38.5,36.5,28.4,55.1,38.6,47.4,35.1,23.3,18.8,18.8,20.4,8.3,14.8,36.8,29.1,38.9,10491047,
2008:Q3,Next40,33.4,42.8,43.1,41.3,28.4,36.4,24.8,18,16.2,22.7,10.4,9.4,22.2,14.3,42.3,35.1,39.2,43.7,16.1,46.8,40.3,40.3,42.5,35.9,25.6,21.4,41.4,31.9,46611882,
2008:Q3,Bottom50,7.8,16.7,15,24.5,3,5.1,1.7,1.3,1.3,1.3,0.4,0.4,0.3,0.9,9.2,1.5,6.8,1.9,2.5,21,36.4,36.4,32.9,53.5,29.5,23.6,9.7,1.2,58290015,
2008:Q4,TopPt1,8.7,3.5,3.1,5.4,11.6,8.1,15.9,24.7,26.2,20.4,30.9,33.1,12.4,18.9,7.5,1.6,1.8,1.6,20.2,2.4,0.7,0.7,0.5,0.3,14.8,7,5.3,10.6,117123,
2008:Q4,RemainingTop1,14.5,9.4,9.8,7.6,17.4,13.3,18.6,23.9,25.3,19.8,40.9,42.8,25,28.2,12.4,7.7,13.9,5.6,25.8,6.5,3.8,3.7,3.6,2.1,14.7,16.2,16.2,17.1,1049154,
2008:Q4,Next9,34.9,27.8,29.3,21.1,38.8,37.7,40.3,32.6,31.4,36.1,21.6,19.4,39.8,36.8,28.5,52.8,39.5,47.2,34.7,23.4,18.4,18.4,20.3,8.2,15.1,36.5,29.3,38.8,10498337,
2008:Q4,Next40,34,42.8,43.1,41.5,29.1,35.9,23.5,17.5,15.8,22.4,6.3,4.4,22.4,15.3,42.4,36.2,37.9,43.8,16.7,46.8,40.3,40.3,42.3,35.6,25.2,20.7,39.8,32.5,46643192,
2008:Q4,Bottom50,7.9,16.5,14.8,24.4,3.1,5.1,1.7,1.2,1.2,1.2,0.3,0.3,0.4,0.8,9.2,1.7,6.9,1.9,2.6,20.9,36.8,36.8,33.3,53.8,30.2,19.5,9.4,1,58328577,
2009:Q1,TopPt1,8.4,3.5,3.1,5.5,11.2,8,15.9,25.3,26.8,21.4,28.2,30.5,11.7,18,7.5,1.9,1.8,1.6,19.3,2.4,0.7,0.7,0.5,0.3,15,7.6,5.2,10.3,117311,
2009:Q1,RemainingTop1,14.5,9.3,9.7,7.4,17.4,13.3,18.8,23.6,24.9,20.4,49.6,53,24.1,28.5,12.4,8,14,5.7,26.3,6.4,3.8,3.8,3.6,2.2,13.9,17.1,15.9,17.1,1049902,
2009:Q1,Next9,34.9,27.9,29.4,21.2,38.8,38.2,40.3,32.2,31.4,34.1,16.9,13.7,41.2,37,28.6,52,40.3,47,34.4,23.5,18.2,18.1,20.1,7.9,15.3,35.1,29.4,39,10505615,
2009:Q1,Next40,34.3,42.8,43,41.6,29.5,35.5,23.4,17.7,15.6,23,5,2.7,22.6,15.8,42.2,36.3,37.1,43.9,17.3,46.8,40,40,42.1,34.9,23.9,21.1,40,32.9,46674987,
2009:Q1,Bottom50,7.9,16.5,14.7,24.3,3.1,5,1.6,1.2,1.2,1.2,0.3,0.2,0.4,0.7,9.2,1.7,7,1.8,2.7,20.9,37.3,37.3,33.7,54.7,31.9,19.2,9.4,0.7,58367397,
2009:Q2,TopPt1,8.4,3.6,3.2,5.3,11.1,8,15.5,24.7,26.2,21.6,25.6,27.7,11,19.2,7.6,2,1.7,1.6,18.1,2.4,0.8,0.8,0.5,0.3,14.4,7.4,5,10.3,117499,
2009:Q2,RemainingTop1,14.7,9.2,9.7,7.2,17.6,13.4,18.9,23.5,24.9,20.6,50.4,54.2,23.3,28.1,12.4,8,13.6,5.8,27,6.4,3.8,3.8,3.6,2.3,14.1,16.9,14.5,17.3,1050675,
2009:Q2,Next9,35.1,28,29.5,21.5,39,38.6,40.5,32.6,31.9,34.1,18.2,14.8,42.5,37.2,28.9,52.9,40.7,46.8,34,23.6,18.2,18.2,20.1,7.8,15.6,33.6,29.6,39.2,10513513,
2009:Q2,Next40,33.9,42.5,42.7,41.8,29.3,35,23.6,18,15.8,22.5,5.5,3.1,22.7,14.8,42,35.5,37.2,44,18,46.8,39.9,39.9,41.9,34.7,24,21.9,41.3,32.5,46710192,
2009:Q2,Bottom50,7.8,16.7,15,24.1,3.1,4.9,1.6,1.2,1.3,1.2,0.3,0.2,0.5,0.8,9.1,1.7,6.8,1.8,2.9,20.9,37.4,37.4,33.8,54.9,31.9,20.3,9.6,0.7,58410122,
2009:Q3,TopPt1,8.7,3.6,3.2,5.1,11.3,8,14.8,25.5,27.1,21.5,23.3,25.1,10.3,20.1,7.7,2,1.6,1.6,17.7,2.4,0.8,0.8,0.5,0.4,13.7,7.2,5,10.6,117690,
2009:Q3,RemainingTop1,14.9,9.1,9.6,7,17.9,13.5,18.9,23.4,24.5,20.6,50.7,54.7,22.5,27.8,12.5,7.9,13.2,5.9,27.4,6.3,3.9,3.8,3.6,2.4,14.4,16.7,14.2,17.5,1051525,
2009:Q3,Next9,35.3,28.1,29.5,21.9,39,39.1,40.8,32.7,31.8,35.1,19.7,16.4,43.7,37.2,29.1,53.7,41.1,46.6,33.6,23.7,18,18,20,7.7,15.9,32.2,29.8,39.4,10522661,
2009:Q3,Next40,33.3,42.4,42.4,42,28.7,34.6,23.9,17.2,15.5,21.6,6,3.6,22.9,14.1,41.7,34.7,37.3,44.1,18.4,46.8,39.6,39.6,41.7,34.3,24.2,22.5,41.4,31.9,46751729,
2009:Q3,Bottom50,7.7,16.9,15.2,24,3,4.8,1.6,1.2,1.2,1.1,0.3,0.2,0.6,0.8,9.1,1.7,6.7,1.8,3,20.8,37.8,37.8,34.2,55.3,31.8,21.4,9.6,0.7,58460396,
2009:Q4,TopPt1,8.7,3.7,3.3,5.4,11.2,8.2,14.5,25.8,27.3,21.3,21.1,22.7,9.7,20.1,7.8,2.1,1.5,1.6,17.2,2.4,0.8,0.8,0.5,0.4,13.3,6.8,4.6,10.5,117888,
2009:Q4,RemainingTop1,15,9.1,9.6,6.7,18,13.7,19.1,23.3,24.2,20.6,52.5,57,21.8,27.8,12.5,7.9,13.1,6,27.8,6.2,3.9,3.9,3.6,2.5,14.4,16.3,11.8,17.6,1052504,
2009:Q4,Next9,35.5,28.3,29.7,21.9,39.2,39.3,41,33.2,31.9,36.8,20,16.4,44.8,37.4,29.2,54.1,41.6,46.4,33.2,23.7,18,18,20,7.6,16.2,31.1,30,39.6,10533691,
2009:Q4,Next40,33.2,42.2,42.2,42.1,28.7,34.2,24,16.6,15.4,20.3,6.1,3.6,23.1,13.9,41.5,34.2,37.1,44.2,18.8,46.8,39.4,39.4,41.5,34,24.1,23.1,43.7,31.8,46802520,
2009:Q4,Bottom50,7.6,16.8,15.1,23.9,3,4.7,1.5,1.1,1.2,1,0.2,0.2,0.7,0.8,9,1.7,6.7,1.8,3,20.8,37.9,38,34.3,55.6,32,22.7,9.9,0.6,58521868,
2010:Q1,TopPt1,8.8,3.8,3.4,5.4,11.3,8.2,13.3,26.3,27.9,22,19,20.5,9.1,20.3,7.8,2.3,1.5,1.6,17.3,2.4,0.9,0.9,0.6,0.4,11.7,6.6,5.1,10.6,118096,
2010:Q1,RemainingTop1,15.1,9,9.6,6.5,18.1,13.7,19.1,23.1,23.9,21,54,59,21.1,27.7,12.4,8,12.9,6.1,27.9,6.2,4,4,3.6,2.6,16.1,16,14.4,17.6,1053664,
2010:Q1,Next9,35.7,28.4,29.9,22.1,39.2,39.7,41.5,32.8,31.9,35.4,20.4,16.6,45.8,37.5,29.4,54.2,42.1,46.3,32.9,23.9,18,18,20,7.3,16.7,30.1,30.1,39.7,10547233,
2010:Q1,Next40,32.9,42.1,42.1,42.3,28.5,33.7,24.6,16.6,15.2,20.6,6.3,3.8,23.2,13.7,41.4,33.8,36.9,44.2,18.9,46.8,39.1,39.1,41.4,33.4,26.2,23.7,40.9,31.6,46865489,
2010:Q1,Bottom50,7.4,16.7,15,23.7,2.9,4.6,1.5,1.1,1.1,1,0.2,0.2,0.7,0.8,9,1.7,6.6,1.8,3,20.7,38,38.1,34.4,56.3,29.3,23.7,9.5,0.5,58598182,
2010:Q2,TopPt1,8.8,3.8,3.5,5.4,11.2,8.2,12.8,27.1,28.7,22,17.1,18.4,8.6,19.7,7.8,2.6,1.4,1.5,17.9,2.5,0.9,0.9,0.6,0.4,11.3,6.5,5.2,10.5,118317,
2010:Q2,RemainingTop1,15,9,9.6,6.3,18,13.8,19.2,23,23.6,21.1,54.9,60.1,20.6,27.8,12.2,8.3,13,6.2,27.8,6.2,4,4,3.6,2.7,16.1,16,15.3,17.6,1055057,
2010:Q2,Next9,35.8,28.6,30.1,22.2,39.4,40.2,41.7,32.9,31.8,36.4,21.2,17.3,46.8,37.8,29.5,53.4,42.8,46.5,32.7,24,18,18,20.1,7.3,16.9,29,30.2,39.9,10563918,
2010:Q2,Next40,32.9,41.9,41.7,42.5,28.5,33.3,24.8,16,14.9,19.6,6.6,4,23.4,14,41.5,33.9,36.1,44.1,18.7,46.7,39,39,41.3,33.2,26.1,24.2,39.9,31.5,46943558,
2010:Q2,Bottom50,7.5,16.7,15.1,23.6,2.9,4.5,1.4,1,1,1,0.2,0.2,0.7,0.8,9,1.8,6.6,1.7,2.8,20.7,38,38.1,34.4,56.4,29.6,24.4,9.3,0.5,58692986,
2010:Q3,TopPt1,9,3.9,3.5,5.3,11.4,8.3,13,27.7,29.2,21.5,15.5,16.6,8.1,20.2,7.9,2.7,1.3,1.5,18.1,2.5,0.9,0.9,0.6,0.5,11.4,6.5,4.8,10.8,118554,21329332
2010:Q3,RemainingTop1,15.2,8.9,9.5,6.1,18.2,13.9,19.5,22.8,23.3,20.9,55.2,60.6,20,27.7,12.2,8.2,12.8,6.2,27.8,6.1,4,4,3.6,2.7,15.5,16,12.5,17.7,1056736,6476581
2010:Q3,Next9,36.1,28.6,30,22.5,39.5,40.5,41.6,33.2,31.8,39,22.2,18.3,47.7,37.8,29.7,54.2,43.1,46.6,32.5,24.1,18,17.9,20.1,7.2,17.1,27.9,30.5,40,10584378,1214857
2010:Q3,Next40,32.4,41.7,41.5,42.7,28,32.9,24.5,15.3,14.7,17.7,6.9,4.4,23.6,13.5,41.2,33.2,36.2,44,18.8,46.7,38.8,38.8,41.1,33,25.2,24.6,42.6,31,47039651,87444
2010:Q3,Bottom50,7.3,16.9,15.4,23.5,2.8,4.4,1.4,1,1,0.9,0.2,0.2,0.7,0.8,9,1.8,6.6,1.7,2.8,20.6,38.3,38.4,34.6,56.6,30.8,25,9.6,0.5,58809926,
2010:Q4,TopPt1,9.3,4,3.5,5.7,11.6,8.3,13.6,26.6,28.1,22.6,15.9,16.8,9.6,20.7,8,2.3,1.4,1.4,18.7,2.5,0.9,0.9,0.6,0.5,10.9,6.1,5.1,11,118810,
2010:Q4,RemainingTop1,15.3,9,9.7,6.1,18.2,14,20,23,23.5,21.8,52.7,57.3,20.6,27.4,12.8,8.3,12.6,6.3,27.4,6.1,4,4,3.6,2.6,14.6,16.3,14.9,17.8,1058739,
2010:Q4,Next9,36.2,28.7,30.3,22.2,39.5,40.4,41.6,33.1,32.4,34.8,24,20.8,45.4,37.6,29.7,54.9,42.4,46.7,32.8,24,18,18,20.2,7.6,17,29,30.5,40.1,10609047,
2010:Q4,Next40,32.2,41.9,41.7,42.5,27.9,32.9,23.4,16.3,14.9,19.9,7.2,4.9,23.2,13.4,40.5,32.7,37.1,44,18.5,46.9,39,39,41.5,33.5,24.7,23.6,40.1,30.7,47155746,
2010:Q4,Bottom50,7,16.5,14.8,23.5,2.8,4.4,1.4,1,1,1,0.3,0.1,1.2,0.8,8.9,1.7,6.5,1.7,2.7,20.5,38,38.1,34.1,55.8,32.8,24.9,9.3,0.4,58951489,
2011:Q1,TopPt1,9.5,4,3.5,5.9,11.8,8.5,12.9,26.3,27.7,22.3,16,16.7,11,21.2,8.1,2.1,1.4,1.3,19.1,2.5,0.9,0.9,0.6,0.5,10.5,5.5,5.1,11.3,119084,
2011:Q1,RemainingTop1,15.5,9.1,9.8,6.2,18.2,14.1,20.3,23.1,23.5,21.9,51.9,56.5,21.1,27.2,13.5,8.7,12.4,6.4,27,6.1,4,4,3.6,2.5,13.3,16.3,15.5,17.9,1061050,
2011:Q1,Next9,36.2,28.7,30.3,22.1,39.5,39.9,42.2,33.6,32.9,35.7,24.5,21.8,43.4,37.5,29.8,54.7,41.8,46.7,33.1,23.8,18.3,18.3,20.5,7.4,16.9,30.3,30.6,40,10637575,
2011:Q1,Next40,32,41.9,41.8,42.3,27.8,33,23.2,16,14.9,19.2,7.3,5,22.9,13.3,39.8,32.9,37.9,44,18.2,47.1,39.2,39.2,41.9,33.1,23.9,22.8,39.5,30.5,47290051,
2011:Q1,Bottom50,6.8,16.3,14.6,23.5,2.8,4.5,1.4,1,1,0.9,0.3,0.1,1.7,0.8,8.8,1.7,6.4,1.7,2.6,20.4,37.7,37.7,33.5,56.5,35.4,25.1,9.3,0.4,59115531,
2011:Q2,TopPt1,9.5,4.1,3.5,6.4,11.8,8.7,12.4,25.9,27.2,22.7,16.5,17.1,12.2,21.2,8.1,1.9,1.5,1.2,19.5,2.5,0.8,0.8,0.6,0.5,10.3,5.4,5.2,11.3,119374,
2011:Q2,RemainingTop1,15.5,9.2,10,6.3,18.1,14.2,20.6,23.2,23.5,22.4,48.2,52,21.5,27,14.1,9,12.3,6.4,26.6,6.2,4,3.9,3.6,2.4,11.8,16.9,16.1,17.8,1063637,
2011:Q2,Next9,36.3,28.8,30.5,21.7,39.4,39.5,42.7,33.5,33.3,33.9,27,25,41.5,37.5,29.9,54.5,41.4,46.6,33.4,23.7,18.4,18.4,20.7,7.5,16.7,31.1,30.7,39.9,10669417,
2011:Q2,Next40,32,41.7,41.6,42.1,27.9,33.1,23,16.4,15,20,7.9,5.8,22.7,13.5,39.1,32.9,38.5,44.1,18,47.3,39.4,39.4,42.2,33.1,22.7,21.9,38.8,30.5,47439829,
2011:Q2,Bottom50,6.8,16.2,14.4,23.6,2.7,4.5,1.4,1,1,1,0.4,0.1,2.1,0.8,8.7,1.7,6.3,1.7,2.5,20.3,37.4,37.5,33,56.5,38.4,24.7,9.2,0.4,59298752,
2011:Q3,TopPt1,9.3,4.1,3.5,6.2,11.6,8.9,11.9,26,27.2,23,16.5,17,13.2,20.4,8.1,1.9,1.5,1.1,20.1,2.5,0.8,0.8,0.5,0.5,9.7,5.3,5,11.1,119677,
2011:Q3,RemainingTop1,15.2,9.3,10,6.5,17.9,14.3,20.9,23.2,23.4,22.7,47.9,51.7,21.9,27,14.7,9.5,12.5,6.5,26.2,6.2,3.9,3.9,3.6,2.2,11,17.8,15.3,17.7,1066471,
2011:Q3,Next9,36.1,28.6,30.3,21.9,39.4,39.1,43.1,33.4,33.6,32.8,27.3,25.5,40,37.6,30,53.2,41.1,46.6,33.7,23.5,18.5,18.5,20.9,7.5,16.7,31.7,30.8,39.8,10704024,
2011:Q3,Next40,32.5,41.8,41.8,41.9,28.4,33.2,22.7,16.4,14.8,20.5,7.9,5.7,22.4,14.2,38.6,33.5,38.6,44.2,17.7,47.6,39.6,39.6,42.6,33,22.4,21,39.6,31,47602343,
2011:Q3,Bottom50,6.9,16.3,14.4,23.5,2.8,4.6,1.4,0.9,0.9,1,0.4,0.1,2.5,0.7,8.6,1.8,6.3,1.7,2.4,20.3,37.1,37.2,32.4,56.7,40.3,24.2,9.3,0.4,59497848,
2011:Q4,TopPt1,9.5,4.1,3.5,6.5,11.7,9,11.8,25.6,26.7,23,16,16.3,14.2,20.8,8.2,1.6,1.6,1,20.6,2.5,0.8,0.8,0.5,0.5,9,5.3,4.9,11.3,119991,
2011:Q4,RemainingTop1,15.4,9.4,10.1,6.6,17.9,14.3,21.2,23.3,23.5,23,50.4,54.8,22.2,26.8,15.3,9.7,12.3,6.5,25.8,6.1,3.9,3.9,3.6,2.1,10.2,19,15.5,17.7,1069522,
2011:Q4,Next9,36.1,28.6,30.4,21.7,39.3,38.7,43.4,33.7,34,32.7,25.8,23.9,38.5,37.5,30.1,53.6,40.5,46.6,34,23.3,18.6,18.5,21,7.6,16.6,32.3,30.9,39.8,10740853,
2011:Q4,Next40,32.4,41.8,41.9,41.7,28.3,33.3,22.3,16.4,14.9,20.3,7.3,5,22.2,14.1,37.8,33.4,39.4,44.2,17.4,47.9,39.8,39.8,42.9,33,22.3,19.8,39.4,30.8,47774857,
2011:Q4,Bottom50,6.7,16,14.1,23.5,2.7,4.6,1.4,0.9,0.9,1,0.4,0.1,2.8,0.7,8.5,1.8,6.2,1.7,2.2,20.2,36.9,37,32,56.8,42,23.4,9.3,0.4,59709518,
2012:Q1,TopPt1,9.7,4.3,3.5,7,12,9.1,11,25,25.8,23.1,16.2,16.3,15.2,21.5,8.3,1.3,1.6,0.9,21,2.5,0.8,0.8,0.5,0.5,8.6,4.9,5.1,11.5,120315,
2012:Q1,RemainingTop1,15.5,9.5,10.3,6.6,18,14.4,21.4,23.5,23.6,23.3,49.5,53.5,22.7,26.6,15.8,9.7,12.1,6.6,25.4,6.2,3.9,3.9,3.6,2,8.8,19.1,17.2,17.9,1072759,
2012:Q1,Next9,36.2,28.7,30.7,21.3,39.3,38.4,44,33.8,34.6,31.9,26.5,25,37,37.3,30.1,54.6,39.8,46.6,34.2,23.2,18.8,18.8,21.3,7.5,16.5,33.3,30.9,39.7,10779355,
2012:Q1,Next40,32,41.7,41.7,41.5,28.1,33.4,22.2,16.8,15,20.7,7.4,5.2,22.1,13.9,37.3,32.8,40.4,44.3,17.2,48,39.9,39.9,43.3,32.8,21.4,19.2,37.6,30.4,47954634,
2012:Q1,Bottom50,6.5,15.8,13.8,23.6,2.7,4.7,1.4,1,1,1,0.5,0.1,3.1,0.8,8.5,1.7,6.1,1.7,2.1,20.1,36.6,36.6,31.3,57.3,44.8,23.5,9,0.4,59930459,
2012:Q2,TopPt1,9.8,4.3,3.6,7,12,9.2,10.4,25.1,25.9,22.9,16.4,16.4,16.2,21.4,8.2,1.2,1.7,0.8,21.6,2.5,0.7,0.7,0.5,0.5,8.1,4.8,5.4,11.6,120646,
2012:Q2,RemainingTop1,15.5,9.6,10.3,6.8,17.9,14.5,21.7,23.5,23.5,23.4,47.9,51.4,23.1,26.4,16.2,10.2,12,6.6,25,6.2,3.9,3.9,3.6,1.8,7.7,19.8,18.8,17.8,1076152,
2012:Q2,Next9,36.2,28.7,30.6,21.3,39.2,38.1,44.5,34.2,34.9,32.5,27.7,26.6,35.5,37.3,30.1,53.5,39.3,46.5,34.5,23.1,18.9,18.9,21.5,7.6,16.4,34.1,30.9,39.6,10818986,
2012:Q2,Next40,32.1,41.5,41.6,41.3,28.2,33.5,22,16.3,14.8,20.2,7.5,5.5,21.9,14.1,36.9,33.3,40.9,44.3,16.9,48.2,40.1,40.1,43.7,32.8,20.7,18.2,36.1,30.5,48138938,
2012:Q2,Bottom50,6.5,15.9,13.9,23.6,2.7,4.7,1.4,0.9,0.9,1,0.5,0.1,3.4,0.8,8.5,1.7,6.1,1.7,2,20,36.3,36.4,30.8,57.3,47.2,23.1,8.8,0.6,60157369,
2012:Q3,TopPt1,10,4.3,3.6,7.1,12.3,9.3,10.5,24.6,25.3,23.3,16.5,16.4,17,21.7,8.3,1,1.7,0.7,22.3,2.5,0.7,0.7,0.5,0.5,7.6,4.6,5.4,11.8,120982,
2012:Q3,RemainingTop1,15.5,9.7,10.4,6.9,17.9,14.6,22,23.6,23.6,23.7,47.3,50.6,23.5,26.2,16.8,10.4,11.9,6.7,24.5,6.2,3.9,3.9,3.6,1.7,6.5,20.3,19.3,17.8,1079670,
2012:Q3,Next9,36.1,28.7,30.6,21.3,39.1,37.9,44.7,34,35.3,31.1,28.2,27.4,34.1,37.2,30.2,53.8,38.7,46.5,34.8,23,18.9,18.9,21.5,7.6,16.2,34.9,31,39.5,10859197,
2012:Q3,Next40,31.9,41.6,41.7,41.1,28.1,33.6,21.5,16.8,14.9,20.9,7.6,5.6,21.7,14.1,36.4,33.2,41.7,44.4,16.5,48.4,40.2,40.3,44,32.7,20,17.4,35.6,30.3,48325032,
2012:Q3,Bottom50,6.4,15.7,13.7,23.6,2.6,4.7,1.4,0.9,0.9,1,0.5,0,3.6,0.8,8.4,1.7,6,1.7,1.9,19.9,36.2,36.3,30.4,57.5,49.7,22.8,8.8,0.6,60386947,
2012:Q4,TopPt1,10,4.3,3.6,7.3,12.3,9.5,10.8,24.3,24.8,22.8,16.7,16.5,17.9,21.9,8.3,0.8,1.7,0.6,22.8,2.5,0.7,0.7,0.5,0.5,7,4.6,4.9,11.8,121321,
2012:Q4,RemainingTop1,15.5,9.8,10.5,7,17.8,14.7,22.2,23.7,23.6,23.8,45.8,48.7,23.9,26.1,17.3,10.6,11.8,6.7,24.1,6.2,3.8,3.8,3.6,1.6,5.3,21.8,17,17.8,1083284,
2012:Q4,Next9,36.1,28.7,30.6,21.2,39.1,37.4,44.6,34.9,35.8,32.6,29.3,28.9,32.8,37.1,30.3,53.7,38.2,46.5,35.1,22.8,19.2,19.2,21.9,7.8,16.1,35.7,31.3,39.4,10899445,
2012:Q4,Next40,32,41.6,41.8,40.9,28.1,33.7,21,16.3,14.9,19.9,7.7,5.9,21.6,14.2,35.8,33.2,42.4,44.5,16.2,48.7,40.6,40.6,44.5,32.9,19.4,16,37.8,30.3,48510180,
2012:Q4,Bottom50,6.3,15.6,13.5,23.6,2.6,4.8,1.3,0.9,0.8,1,0.5,0,3.8,0.8,8.3,1.7,5.9,1.7,1.8,19.8,35.7,35.7,29.6,57.2,52.1,21.9,9.1,0.7,60615890,
2013:Q1,TopPt1,10.3,4.4,3.6,7.6,12.6,9.6,10.1,23.7,24.2,22.5,16.5,16.2,18.6,22.4,8.3,0.5,1.8,0.4,23.3,2.5,0.6,0.6,0.4,0.4,6.4,4.3,5,12,121661,
2013:Q1,RemainingTop1,15.6,9.9,10.6,7.1,17.9,14.7,22.4,23.8,23.7,23.9,46.4,49.4,24.1,25.9,17.9,10.7,11.6,6.8,23.7,6.2,3.9,3.9,3.7,1.4,4.2,21.8,18,17.8,1086962,
2013:Q1,Next9,36.2,28.8,30.8,20.9,39.1,37.1,45.2,35.5,36.2,33.6,29,28.7,31.8,37,30.3,54.3,37.6,46.6,35.4,22.7,18.9,18.9,21.5,7.6,16,36.5,31.3,39.4,10939181,
2013:Q1,Next40,31.8,41.7,41.9,40.8,27.9,33.8,20.9,16.1,15,19.1,7.5,5.7,21.5,13.9,35.2,32.9,43.2,44.4,15.9,48.9,40.5,40.5,44.6,32.4,18.8,15.4,36.7,30.2,48691644,
2013:Q1,Bottom50,6.2,15.2,13.1,23.6,2.6,4.8,1.3,0.9,0.9,1,0.5,0,4.1,0.8,8.3,1.7,5.8,1.7,1.7,19.7,36,36.1,29.8,58.1,54.6,22,8.9,0.7,60840897,
2013:Q2,TopPt1,10.3,4.5,3.7,7.7,12.6,9.7,9.6,22.9,23.2,21.7,16.9,16.6,19.2,22.5,8.4,0.4,1.8,0.3,24.1,2.5,0.6,0.6,0.4,0.4,5.8,4,5.2,12,122000,
2013:Q2,RemainingTop1,15.5,10,10.7,7.2,17.7,14.8,22.7,23.9,23.9,23.9,43.6,46,24.4,25.8,18.4,11,11.5,6.7,23.2,6.3,3.9,3.9,3.7,1.3,3.1,22.1,19.6,17.6,1090675,
2013:Q2,Next9,36.3,28.8,30.8,20.9,39.2,36.8,45.6,36.6,36.8,36.1,31,31,30.8,37,30.4,54.1,37,46.8,35.7,22.6,19.1,19,21.7,7.7,15.9,37.3,31.3,39.4,10977860,
2013:Q2,Next40,31.8,41.5,41.8,40.6,27.9,33.8,20.7,15.7,15.2,17.4,8,6.4,21.3,14,34.7,32.9,43.9,44.4,15.5,49.1,40.7,40.7,45,32.5,18.3,14.7,35.2,30.2,48866689,
2013:Q2,Bottom50,6.2,15.2,13.1,23.6,2.6,4.8,1.3,0.9,0.9,0.9,0.5,0,4.3,0.8,8.2,1.7,5.7,1.8,1.5,19.6,35.8,35.8,29.2,58,56.8,21.9,8.7,0.8,61058664,
2013:Q3,TopPt1,10.4,4.4,3.7,7.6,12.7,9.9,9.5,22.4,22.7,21.4,16.8,16.4,19.8,22.8,8.4,0.1,1.9,0.2,24.8,2.5,0.5,0.5,0.3,0.4,5.3,3.9,5,12.1,122335,26287447
2013:Q3,RemainingTop1,15.5,10.1,10.7,7.4,17.7,14.9,22.9,24,24,24.1,43.8,46.2,24.6,25.6,18.9,11,11.4,6.7,22.7,6.3,3.9,3.8,3.7,1.2,1.6,22.9,19.2,17.6,1094392,7537854
2013:Q3,Next9,36.2,28.7,30.5,21.1,39.2,36.4,45.8,37.1,37.2,36.7,31,31.1,29.9,36.9,30.5,54.7,36.5,47,36,22.5,19.1,19.1,21.8,7.8,15.8,38.1,31.5,39.3,11014935,1376386
2013:Q3,Next40,31.8,41.7,42,40.4,27.8,33.9,20.4,15.6,15.2,16.8,7.9,6.2,21.2,13.9,34.1,32.6,44.6,44.3,15.1,49.3,40.9,40.9,45.3,32.5,17.3,13.7,35.5,30.1,49032578,114790
2013:Q3,Bottom50,6.1,15.1,13.1,23.5,2.5,4.9,1.3,0.9,0.9,0.9,0.5,0,4.5,0.8,8.1,1.6,5.7,1.8,1.4,19.5,35.6,35.6,28.8,58.1,60,21.4,8.8,0.9,61265891,
2013:Q4,TopPt1,10.5,4.5,3.7,7.7,12.8,9.9,9.6,21.7,21.9,21.3,17.2,17,19.6,23,8.3,0.1,1.9,0.2,25,2.5,0.6,0.6,0.3,0.4,5.2,3.4,5,12.2,122666,
2013:Q4,RemainingTop1,15.6,10.1,10.7,7.4,17.7,15.3,22.5,24.1,24.1,24,41.4,43.5,23.9,25.9,18.7,10.2,11.4,6.4,23.3,6.3,4,3.9,3.8,1.3,2.9,19.4,19.4,17.6,1098086,
2013:Q4,Next9,36.4,28.7,30.5,20.9,39.3,36.4,45.8,37.3,37.4,37,32.7,32.9,31.5,36.7,30.5,56.1,36.9,47.5,35.3,22.4,19.2,19.1,21.7,7.9,15.5,37.5,31.4,39.4,11049977,
2013:Q4,Next40,31.6,41.9,42.2,40.5,27.6,33.6,20.8,15.9,15.6,16.8,8.2,6.7,20.8,13.6,34.4,32.1,44.2,44,15,49.3,41,41,45.7,32.9,18.2,16.1,35.4,30,49187196,
2013:Q4,Bottom50,6,14.9,12.9,23.5,2.5,4.8,1.3,1,1,0.9,0.5,0,4.1,0.8,8.1,1.5,5.6,1.8,1.4,19.5,35.3,35.3,28.4,57.5,58.1,23.6,8.8,0.9,61460009,
2014:Q1,TopPt1,10.6,4.5,3.7,8.1,13,9.9,9.5,21.3,21.4,21.1,17.8,17.6,19.4,23.2,8.2,0.1,2,0.3,24.9,2.4,0.6,0.6,0.4,0.4,5.2,3.3,5,12.3,122991,
2014:Q1,RemainingTop1,15.7,10.2,10.8,7.3,17.9,15.7,22.2,24.2,24.3,24,38.4,40.1,23.2,26.1,18.5,9.5,11.5,6.2,24,6.3,4,4,3.9,1.4,3.8,18.6,19.5,17.7,1101741,
2014:Q1,Next9,36.4,28.7,30.7,20.5,39.4,36.2,45.9,37.5,37.5,37.3,34.8,35,33.1,36.6,30.5,57,37.2,48,34.7,22.4,19.1,19.1,21.7,7.7,15.2,37.4,31.4,39.4,11083023,
2014:Q1,Next40,31.4,42,42.2,40.7,27.3,33.3,21.2,16,15.9,16.7,8.6,7.2,20.5,13.3,34.7,31.8,43.7,43.9,15,49.3,41.3,41.3,46.1,33,18.6,16.5,35.4,29.7,49330917,
2014:Q1,Bottom50,5.9,14.6,12.6,23.4,2.5,4.8,1.3,1,1,0.9,0.4,0.1,3.8,0.8,8.2,1.5,5.5,1.7,1.4,19.5,34.9,35,27.9,57.5,57.2,24.1,8.8,0.9,61641386,
2014:Q2,TopPt1,10.8,4.5,3.7,8.2,13.2,9.9,9.1,21,20.9,21.3,18,17.8,19.2,23.4,8,0.2,2.1,0.3,25.2,2.4,0.6,0.6,0.4,0.4,5.2,3.3,5.1,12.5,123311,
2014:Q2,RemainingTop1,15.9,10.2,10.9,7.3,18.1,16.1,21.8,24.3,24.4,24,37.7,39.4,22.6,26.3,18.2,8.9,11.5,5.9,24.5,6.3,4.1,4.1,4,1.5,4.9,18.2,19.8,17.9,1105345,
2014:Q2,Next9,36.4,28.7,30.7,20.4,39.4,36.2,46.1,37.4,37.6,36.6,35.5,35.5,34.7,36.4,30.6,58,37.6,48.4,34.1,22.4,19.1,19.1,21.7,7.8,14.9,37.4,31.3,39.3,11114228,
2014:Q2,Next40,31.1,42,42.2,40.8,26.9,33,21.7,16.4,16.1,17.2,8.5,7.2,20.1,13.1,35,31.5,43.3,43.7,14.9,49.3,41.7,41.7,46.6,33.4,19.2,16.8,35.1,29.3,49464737,
2014:Q2,Bottom50,5.8,14.6,12.5,23.4,2.4,4.8,1.3,1,1,0.9,0.4,0.1,3.4,0.8,8.2,1.4,5.5,1.7,1.4,19.5,34.5,34.6,27.4,56.8,55.7,24.3,8.7,1,61811125,
2014:Q3,TopPt1,10.8,4.6,3.7,8.4,13.2,10,9.2,20.6,20.5,21.1,18.5,18.4,19,23.3,7.9,0.3,2.2,0.3,25.4,2.4,0.6,0.6,0.4,0.5,5.3,3.6,4.9,12.5,123626,
2014:Q3,RemainingTop1,15.9,10.3,10.9,7.2,18.1,16.4,21.4,24.4,24.5,23.9,35.1,36.5,21.9,26.6,18,8.4,11.6,5.7,24.9,6.3,4.1,4.1,4,1.6,5.9,19.6,18.9,17.9,1108885,
2014:Q3,Next9,36.4,28.7,30.7,20,39.4,36.2,46,37.5,37.7,36.9,37.3,37.4,36.2,36.3,30.6,58.4,37.9,48.8,33.6,22.5,18.9,18.9,21.7,7.8,14.5,37.9,31.4,39.3,11143744,
2014:Q3,Next40,31.1,42.1,42.4,41,26.9,32.7,22,16.5,16.3,17.1,8.8,7.6,19.7,13,35.3,31.5,42.8,43.5,14.7,49.4,42.1,42.1,46.9,33.7,19.6,15.7,36,29.3,49589651,
2014:Q3,Bottom50,5.8,14.3,12.3,23.3,2.4,4.8,1.3,1,1,0.9,0.4,0.1,3.1,0.8,8.2,1.4,5.5,1.7,1.3,19.4,34.3,34.3,27,56.4,54.7,23.2,8.8,1,61970329,
2014:Q4,TopPt1,10.9,4.6,3.7,8.8,13.3,10,9.3,20.2,20.1,20.8,18.5,18.5,18.8,23.4,7.8,0.3,2.3,0.3,25.6,2.4,0.6,0.6,0.4,0.5,5.3,3.6,4.7,12.6,123935,
2014:Q4,RemainingTop1,16.1,10.3,11,7.1,18.3,16.8,21.1,24.4,24.6,23.9,35.4,36.9,21.3,26.8,17.8,7.8,11.7,5.5,25.4,6.4,4.2,4.1,4.1,1.7,7.2,19.4,18,18,1112349,
2014:Q4,Next9,36.5,28.8,30.8,19.7,39.4,36.1,46,37.7,37.8,37.6,37.3,37.2,37.7,36.2,30.7,59.3,38.2,49.2,33.1,22.5,18.8,18.8,21.7,7.9,14.1,38.1,31.4,39.4,11171726,
2014:Q4,Next40,30.9,42.2,42.5,41.2,26.6,32.4,22.4,16.6,16.5,16.8,8.5,7.3,19.4,12.8,35.5,31.3,42.4,43.4,14.6,49.4,42.4,42.5,47.3,34.1,20.3,15.7,36.9,29.1,49706655,
2014:Q4,Bottom50,5.6,14,12,23.3,2.4,4.7,1.2,1,1,0.9,0.3,0.1,2.8,0.8,8.2,1.4,5.4,1.6,1.3,19.4,33.9,34,26.5,55.8,53,23.2,9,1,62120099,
2015:Q1,TopPt1,11,4.7,3.7,9,13.4,10.1,9.1,19.9,19.8,20.4,18.8,18.8,18.7,23.5,7.7,0.4,2.3,0.4,25.7,2.4,0.6,0.6,0.4,0.5,5.3,3.6,4.7,12.6,124238,
2015:Q1,RemainingTop1,16.1,10.4,11.1,7,18.4,17.1,20.7,24.5,24.6,23.8,34.2,35.6,20.7,27,17.6,7.2,11.8,5.2,25.8,6.4,4.2,4.2,4.2,1.7,8.8,18.9,18.3,18,1115725,
2015:Q1,Next9,36.5,28.8,30.9,19.4,39.4,35.9,46.1,38.1,37.8,38.9,38.2,38.1,39.2,36.1,30.7,60,38.5,49.6,32.6,22.5,18.7,18.7,21.6,7.8,13.7,38.1,31.4,39.3,11198328,
2015:Q1,Next40,30.8,42.3,42.5,41.3,26.4,32.1,22.9,16.6,16.7,16.1,8.5,7.4,19,12.7,35.8,31.1,42,43.2,14.5,49.4,42.7,42.7,47.7,34.1,21.2,16,36.7,28.9,49816745,
2015:Q1,Bottom50,5.6,13.8,11.7,23.2,2.4,4.7,1.2,1,1,0.9,0.3,0.1,2.5,0.8,8.2,1.3,5.4,1.6,1.3,19.4,33.7,33.8,26.1,56,51,23.4,8.9,1,62261539,
2015:Q2,TopPt1,11,4.7,3.7,9.3,13.4,10.1,8.9,19.5,19.5,19.8,18.9,19,18.5,23.5,7.6,0.4,2.4,0.4,25.9,2.3,0.7,0.6,0.5,0.5,5.1,3.6,4.7,12.7,124535,
2015:Q2,RemainingTop1,16.2,10.4,11.2,6.9,18.4,17.4,20.3,24.5,24.7,23.6,34.1,35.5,20.1,27.2,17.4,6.7,11.9,5,26.2,6.4,4.3,4.3,4.2,1.8,10.6,18.3,18.3,18.1,1118999,
2015:Q2,Next9,36.5,28.8,31,19.1,39.5,35.9,46.3,38.4,37.9,40.6,38.5,38.3,40.6,36,30.7,60.7,38.7,50,32.2,22.5,18.6,18.6,21.5,7.9,13.3,38.1,31.3,39.4,11223704,
2015:Q2,Next40,30.8,42.3,42.5,41.5,26.3,31.9,23.4,16.6,16.9,15.1,8.2,7.1,18.7,12.6,36.1,30.9,41.6,43.1,14.4,49.4,43,43,48.1,34.5,22.4,16.3,36.7,28.8,49920916,
2015:Q2,Bottom50,5.5,13.7,11.6,23.2,2.4,4.7,1.2,1,1,0.9,0.3,0.1,2.1,0.7,8.3,1.3,5.3,1.6,1.3,19.3,33.4,33.5,25.8,55.4,48.7,23.8,8.9,1.1,62395751,
2015:Q3,TopPt1,10.8,4.7,3.7,9.1,13.3,10.1,9.3,19.6,19.6,19.6,19.1,19.2,18.4,23.3,7.4,0.6,2.5,0.4,26,2.3,0.7,0.7,0.5,0.5,5.1,3.6,4.6,12.5,124827,
2015:Q3,RemainingTop1,16.1,10.4,11.2,6.9,18.4,17.8,19.9,24.5,24.7,23.6,33.8,35.3,19.5,27.5,17.1,6.2,12.1,4.8,26.6,6.4,4.4,4.3,4.3,1.9,12.4,18.1,17.7,18,1122160,
2015:Q3,Next9,36.4,28.7,30.8,19.2,39.6,35.9,46,38.3,37.9,41,38.8,38.5,41.9,35.8,30.7,60.8,39.1,50.4,31.8,22.5,18.5,18.4,21.4,7.9,12.8,38.2,31.4,39.4,11248007,
2015:Q3,Next40,31,42.5,42.7,41.6,26.4,31.6,23.6,16.6,16.9,15,8,6.9,18.4,12.7,36.5,31.1,41,42.9,14.3,49.4,43.3,43.3,48.4,34.7,23.4,16.3,37.3,29,50020164,
2015:Q3,Bottom50,5.6,13.6,11.6,23.1,2.3,4.7,1.2,0.9,0.9,0.9,0.3,0.1,1.8,0.7,8.3,1.3,5.3,1.5,1.3,19.3,33.2,33.3,25.5,55.1,46.4,23.7,9,1.1,62523836,
2015:Q4,TopPt1,10.9,4.7,3.7,9.1,13.4,10.2,9.5,19.2,19.3,18.3,19.3,19.4,18.3,23.4,7.3,0.6,2.6,0.5,26.1,2.3,0.7,0.7,0.5,0.5,4.8,3.6,4.5,12.5,125113,
2015:Q4,RemainingTop1,16.2,10.5,11.2,6.9,18.5,18,19.5,24.7,24.8,23.2,33.4,34.8,18.9,27.6,16.9,5.6,12.1,4.5,27,6.4,4.5,4.4,4.3,2,14.8,17.9,17.2,18.1,1125195,
2015:Q4,Next9,36.4,28.6,30.6,19.2,39.6,35.8,45.9,38.4,37.9,45,39.3,38.9,43.3,35.7,30.8,61.9,39.3,50.7,31.4,22.5,18.5,18.4,21.4,7.7,12.3,38.4,31.4,39.3,11271392,
2015:Q4,Next40,31,42.8,43,41.8,26.2,31.4,23.9,16.7,17,12.6,7.7,6.7,18,12.6,36.7,30.7,40.7,42.8,14.3,49.5,43.6,43.6,48.7,34.7,25.2,16.4,37.9,28.9,50115486,
2015:Q4,Bottom50,5.5,13.5,11.5,23.1,2.3,4.7,1.2,0.9,0.9,0.8,0.2,0.1,1.5,0.7,8.3,1.3,5.2,1.5,1.3,19.3,32.8,32.9,25.1,55.2,42.9,23.7,9.1,1.2,62646899,
2016:Q1,TopPt1,10.9,4.7,3.7,9.4,13.4,10.2,9.3,19.1,19.1,18,19.9,20.1,18.1,23.4,7.2,0.6,2.7,0.5,26,2.3,0.7,0.7,0.5,0.4,4.7,3.6,4.5,12.5,125393,
2016:Q1,RemainingTop1,16.2,10.5,11.3,6.8,18.5,18.3,19.1,24.7,24.8,23.1,30.3,31.5,18.3,27.8,16.7,5,12.2,4.3,27.5,6.4,4.5,4.5,4.4,2.1,17,17.5,17.5,18.1,1128091,
2016:Q1,Next9,36.5,28.6,30.7,18.9,39.6,35.6,46.1,38.4,38,45.7,41.3,41,44.6,35.6,30.8,62.6,39.6,51.1,30.9,22.5,18.3,18.3,21.3,7.6,11.8,38.4,31.3,39.3,11294013,
2016:Q1,Next40,30.9,42.8,43,41.9,26.1,31.2,24.4,16.9,17.1,12.4,8.1,7.2,17.7,12.5,37,30.5,40.4,42.6,14.3,49.5,43.9,43.9,49.1,34.6,26.5,16.6,37.6,28.9,50207876,
2016:Q1,Bottom50,5.5,13.3,11.2,23,2.3,4.7,1.2,0.9,0.9,0.8,0.2,0.1,1.2,0.7,8.3,1.2,5.2,1.5,1.3,19.3,32.6,32.6,24.7,55.3,40.1,23.9,9,1.2,62766040,
2016:Q2,TopPt1,11,4.8,3.7,9.8,13.5,10.2,8.8,18.9,19,17.5,20.3,20.6,17.9,23.5,7.1,0.6,2.7,0.5,26.1,2.3,0.7,0.7,0.5,0.5,4.8,3.6,4.5,12.6,125668,
2016:Q2,RemainingTop1,16.3,10.6,11.4,6.6,18.6,18.6,18.6,24.8,24.8,23,28.7,29.7,17.7,27.9,16.5,4.4,12.3,4.2,27.8,6.4,4.6,4.6,4.5,2.1,19.2,16.7,17.5,18.2,1130836,
2016:Q2,Next9,36.5,28.7,30.9,18.4,39.6,35.7,46.4,38.4,38,47,42.5,42.2,46,35.5,30.9,63.6,39.8,51.3,30.5,22.5,18.2,18.2,21.1,7.6,11,38.4,31.3,39.4,11316023,
2016:Q2,Next40,30.8,42.9,43,42.1,25.9,30.9,25.1,17,17.2,11.7,8.2,7.3,17.4,12.3,37.2,30.2,40.1,42.5,14.2,49.5,44.2,44.2,49.4,34.9,27.5,17,37.6,28.7,50298331,
2016:Q2,Bottom50,5.4,13,10.9,23,2.3,4.6,1.1,0.9,0.9,0.8,0.2,0.2,0.9,0.7,8.3,1.2,5.2,1.5,1.3,19.3,32.3,32.4,24.4,54.8,37.5,24.3,9,1.2,62882363,
2016:Q3,TopPt1,11,4.7,3.7,9.5,13.6,10.3,8.5,18.6,18.6,16.8,20.6,20.8,17.8,23.6,7,0.6,2.8,0.5,26.3,2.2,0.7,0.7,0.5,0.5,4.8,3.5,4.3,12.6,125936,34016086
2016:Q3,RemainingTop1,16.4,10.5,11.3,6.7,18.7,18.8,18.1,24.9,24.9,22.8,28.4,29.4,17.2,28.1,16.3,3.8,12.3,4,28.1,6.5,4.7,4.7,4.6,2.2,21.7,16,16.4,18.2,1133417,8722025
2016:Q3,Next9,36.4,28.4,30.5,18.7,39.6,35.6,46.6,38.2,38.1,48.9,42.9,42.5,47.3,35.5,30.9,64.6,40,51.5,30.2,22.5,18.1,18.1,21.1,7.7,10.2,38.4,31.4,39.2,11337577,1548844
2016:Q3,Next40,30.8,43.1,43.3,42.2,25.8,30.7,25.7,17.3,17.4,10.7,7.9,7,17.1,12.2,37.4,29.8,39.8,42.5,14.1,49.5,44.4,44.4,49.7,35.1,28.8,17.4,38.7,28.7,50387845,124196
2016:Q3,Bottom50,5.4,13.2,11.2,22.9,2.3,4.6,1.1,0.9,0.9,0.8,0.2,0.2,0.7,0.7,8.4,1.1,5.1,1.4,1.3,19.3,32.1,32.2,24.1,54.6,34.5,24.7,9.2,1.3,62996970,
2016:Q4,TopPt1,10.9,4.7,3.7,9.2,13.5,10.1,7.8,18.2,18.2,NA,21.2,21.5,17.6,23.4,7.2,0.6,2.7,0.5,26.4,2.2,0.7,0.7,0.5,0.5,4.5,4.2,4.1,12.5,126198,
2016:Q4,RemainingTop1,16.4,10.5,11.3,6.6,18.7,18.3,18.6,24.9,24.9,NA,30.8,32.1,17,28.4,16.6,3.9,12,4,27.8,6.4,4.7,4.6,4.6,2.1,20.2,16.8,15.6,18.2,1135827,
2016:Q4,Next9,36.4,28.5,30.4,19,39.6,35.8,46.7,38.3,38.3,NA,40.2,39.6,46.8,35.5,30.7,64.3,40.4,51.5,30.4,22.5,18.1,18,21.2,7.6,9.8,36.4,31.4,39.2,11358804,
2016:Q4,Next40,30.9,43.3,43.5,42.2,25.8,31.1,25.8,17.6,17.6,NA,7.6,6.6,17.9,12.1,37.2,30,39.7,42.5,14.1,49.3,44.4,44.4,49.6,35.2,29.1,18.3,39.6,28.8,50477244,
2016:Q4,Bottom50,5.4,13.1,11,22.9,2.3,4.7,1.1,0.9,0.9,NA,0.2,0.2,0.7,0.7,8.3,1.2,5.2,1.4,1.3,19.4,32.1,32.2,24,54.6,36.3,24.3,9.3,1.3,63110782,
2017:Q1,TopPt1,10.9,4.6,3.7,9.1,13.5,10,7,17.9,17.9,NA,22.1,22.5,17.4,23.3,7.4,0.5,2.5,0.5,26.5,2.2,0.7,0.7,0.5,0.5,4.2,4.7,4.4,12.5,126455,
2017:Q1,RemainingTop1,16.4,10.5,11.3,6.5,18.8,17.9,19,24.8,24.8,NA,31,32.3,16.9,28.5,17,3.9,11.7,4.1,27.6,6.4,4.7,4.6,4.7,2,18.6,16.8,16.7,18.2,1138078,
2017:Q1,Next9,36.5,28.6,30.5,19.2,39.7,35.9,46.9,38.6,38.6,NA,38.9,38.2,46.2,35.6,30.5,64.6,40.7,51.5,30.6,22.7,18.1,18.1,21.4,7.4,9.4,34.4,31.2,39.3,11379741,
2017:Q1,Next40,30.8,43.3,43.6,42.2,25.7,31.5,26,17.8,17.8,NA,7.8,6.8,18.9,11.9,36.8,29.8,39.8,42.5,14,49.2,44.3,44.3,49.6,34.9,29.3,19.7,38.6,28.7,50566666,
2017:Q1,Bottom50,5.4,13,10.9,23,2.3,4.7,1,0.9,0.9,NA,0.2,0.2,0.7,0.7,8.3,1.2,5.2,1.5,1.4,19.5,32.2,32.2,23.8,55.3,38.4,24.5,9.1,1.3,63223998,
2017:Q2,TopPt1,11,4.6,3.7,8.9,13.6,9.8,6.3,17.6,17.6,NA,22.8,23.3,17.1,23.1,7.6,0.5,2.4,0.5,26.9,2.2,0.7,0.7,0.5,0.5,3.6,5.1,4.5,12.5,126707,
2017:Q2,RemainingTop1,16.4,10.5,11.3,6.5,18.9,17.4,19.5,24.7,24.7,NA,32.7,34.2,16.7,28.8,17.3,3.9,11.5,4.1,27,6.4,4.7,4.6,4.7,1.9,17.8,16.9,17.2,18.2,1140187,
2017:Q2,Next9,36.5,28.6,30.5,19.4,39.7,36.3,47.1,38.8,38.8,NA,36.6,35.8,45.6,35.6,30.3,64.7,41.1,51.5,30.9,22.8,18.1,18.1,21.6,7.3,9.3,32.4,31,39.3,11400402,
2017:Q2,Next40,30.6,43.2,43.5,42.2,25.5,31.7,26.1,18,18,NA,7.7,6.6,19.9,11.8,36.5,29.7,39.7,42.5,13.8,49,44.3,44.3,49.5,34.9,30.3,20.9,38.3,28.6,50656079,
2017:Q2,Bottom50,5.4,13.1,11.1,23.1,2.3,4.7,1,0.9,0.9,NA,0.2,0.1,0.8,0.7,8.2,1.2,5.3,1.5,1.3,19.6,32.2,32.2,23.7,55.4,39.1,24.6,9.1,1.4,63336633,
2017:Q3,TopPt1,10.9,4.5,3.7,8.6,13.5,9.7,6.3,17.2,17.2,NA,23.5,24.1,16.9,23,7.8,0.4,2.3,0.4,27,2.2,0.8,0.8,0.5,0.5,3.3,5.7,4.5,12.5,126956,
2017:Q3,RemainingTop1,16.4,10.4,11.2,6.4,18.9,17,20,24.7,24.7,NA,34.4,36.1,16.5,29,17.7,3.9,11.2,4.1,26.7,6.4,4.7,4.6,4.7,1.8,16.3,17.2,17.4,18.2,1142170,
2017:Q3,Next9,36.6,28.6,30.4,19.8,39.8,36.5,46.9,39,39,NA,34.3,33.4,44.8,35.7,30.1,64.9,41.4,51.4,31.2,22.8,18.1,18.1,21.8,7.2,8.9,30.5,30.9,39.3,11420799,
2017:Q3,Next40,30.6,43.3,43.6,42.1,25.5,32,25.9,18.2,18.2,NA,7.6,6.3,21,11.7,36.2,29.6,39.8,42.5,13.8,48.8,44.2,44.2,49.4,34.8,30.5,22,38.2,28.6,50745450,
2017:Q3,Bottom50,5.4,13.1,11.1,23.1,2.3,4.8,0.9,0.9,0.9,NA,0.2,0.1,0.8,0.7,8.2,1.3,5.4,1.5,1.4,19.8,32.3,32.3,23.5,55.8,40.9,24.6,9,1.4,63448704,
2017:Q4,TopPt1,11,4.5,3.7,8.2,13.6,9.6,6.4,16.9,16.9,NA,24,24.7,16.6,22.9,7.9,0.3,2.1,0.4,27.2,2.2,0.8,0.8,0.5,0.5,2.9,5.9,4.6,12.5,127201,
2017:Q4,RemainingTop1,16.5,10.4,11.2,6.4,19,16.6,20.6,24.6,24.6,NA,38.3,40.4,16.2,29.1,18,3.9,10.9,4.1,26.3,6.4,4.7,4.6,4.8,1.7,15.2,17,17.5,18.3,1144045,
2017:Q4,Next9,36.6,28.6,30.3,20.1,39.8,36.7,46.6,39.2,39.2,NA,30.6,29.3,44.1,35.7,30,65.1,41.7,51.4,31.4,22.9,18.1,18.1,21.9,7.2,8.6,29,30.8,39.3,11440944,
2017:Q4,Next40,30.5,43.4,43.7,42.1,25.3,32.3,25.6,18.4,18.4,NA,7,5.5,22.2,11.6,35.9,29.4,39.8,42.6,13.7,48.6,44.2,44.2,49.3,34.8,31.1,23.1,38.1,28.4,50834746,
2017:Q4,Bottom50,5.4,13.1,11.1,23.1,2.3,4.8,0.9,0.9,0.9,NA,0.2,0.1,0.9,0.7,8.1,1.3,5.4,1.5,1.4,19.9,32.3,32.3,23.4,55.8,42.1,24.9,9,1.4,63560228,
2018:Q1,TopPt1,10.9,4.4,3.7,8.1,13.5,9.5,5.6,16.7,16.7,NA,24.7,25.5,16.3,22.7,8.1,0.3,2.1,0.4,27.4,2.2,0.8,0.8,0.5,0.5,2.5,6.3,4.9,12.4,127445,
2018:Q1,RemainingTop1,16.5,10.4,11.2,6.3,19,16.1,21.1,24.4,24.4,NA,40,42.2,16,29.4,18.4,3.9,10.7,4.1,26,6.3,4.7,4.6,4.8,1.6,14.3,17.1,19.1,18.2,1145828,
2018:Q1,Next9,36.6,28.7,30.3,20.3,39.8,36.8,46.7,39.4,39.4,NA,28.3,26.9,43.2,35.8,29.8,64.9,42.1,51.4,31.6,23,18.1,18.1,22.1,6.9,8.4,27.4,30.6,39.3,11460852,
2018:Q1,Next40,30.5,43.4,43.7,42.1,25.3,32.7,25.8,18.6,18.6,NA,6.9,5.3,23.6,11.5,35.6,29.6,39.6,42.6,13.6,48.5,44.1,44.1,49.3,34.5,31.8,24.2,36.6,28.6,50923936,
2018:Q1,Bottom50,5.4,13.1,11.1,23.2,2.4,4.9,0.8,0.9,0.9,NA,0.2,0.1,0.9,0.6,8.1,1.3,5.5,1.5,1.4,20,32.3,32.4,23.2,56.5,43.1,25,8.8,1.5,63671221,
2018:Q2,TopPt1,10.9,4.4,3.7,7.9,13.5,9.3,5.3,16.5,16.5,NA,25.5,26.4,16,22.5,8.3,0.3,1.9,0.4,27.6,2.2,0.8,0.8,0.5,0.5,1.8,6.9,5,12.3,127686,
2018:Q2,RemainingTop1,16.5,10.3,11.1,6.2,19,15.7,21.6,24.3,24.3,NA,41.2,43.6,15.7,29.7,18.7,3.9,10.5,4.2,25.6,6.3,4.7,4.6,4.9,1.6,13.9,17.6,19.1,18.2,1147537,
2018:Q2,Next9,36.7,28.7,30.3,20.6,39.9,37.1,46.6,39.6,39.6,NA,26.3,24.8,42.2,35.8,29.6,64.8,42.5,51.4,31.8,23.1,18.2,18.1,22.3,6.8,8.4,25.4,30.5,39.4,11480534,
2018:Q2,Next40,30.5,43.3,43.6,42.1,25.3,32.9,25.7,18.7,18.7,NA,6.9,5.2,25.2,11.4,35.3,29.6,39.6,42.6,13.5,48.3,44.1,44.1,49.2,34.5,33,25.2,36.6,28.5,51012986,
2018:Q2,Bottom50,5.5,13.2,11.2,23.2,2.4,4.9,0.8,0.8,0.8,NA,0.2,0.1,1,0.6,8,1.4,5.5,1.5,1.4,20,32.3,32.3,23.1,56.6,43,24.9,8.8,1.6,63781700,
2018:Q3,TopPt1,10.9,4.3,3.7,7.7,13.5,9.1,4.8,16.4,16.4,NA,26.2,27.2,15.6,22.4,8.5,0.2,1.8,0.4,27.7,2.2,0.8,0.8,0.5,0.5,1.5,7.4,5.1,12.4,127927,
2018:Q3,RemainingTop1,16.6,10.3,11.1,6.1,19.1,15.3,22.1,24.2,24.2,NA,42.1,44.5,15.4,29.8,19,4,10.2,4.2,25.3,6.3,4.6,4.6,4.9,1.5,12.7,17.9,19.7,18.3,1149189,
2018:Q3,Next9,36.7,28.7,30.3,20.8,40,37.5,46.7,39.8,39.8,NA,24.6,23,41,35.9,29.5,64.8,42.8,51.4,32.1,23.2,18.1,18.1,22.5,6.8,8.1,23.6,30.4,39.5,11500004,
2018:Q3,Next40,30.3,43.4,43.7,42.1,25.1,33.2,25.7,18.8,18.8,NA,7,5.2,26.9,11.3,35,29.6,39.6,42.6,13.4,48.1,44.1,44.1,49.1,34.4,33.3,26.3,36.1,28.4,51101865,
2018:Q3,Bottom50,5.5,13.2,11.2,23.3,2.3,4.9,0.7,0.8,0.8,NA,0.2,0.1,1,0.6,8,1.4,5.6,1.5,1.5,20.1,32.3,32.4,23,56.9,44.4,24.8,8.7,1.5,63891681,
2018:Q4,TopPt1,10.4,4.3,3.7,7.3,13,9,5.6,16.3,16.3,NA,26.9,28,15.2,21.5,8.6,0.3,1.8,0.3,27.8,2.2,0.8,0.8,0.5,0.5,0.8,8.3,5,11.9,128168,
2018:Q4,RemainingTop1,16.3,10.3,11.1,6.1,18.9,14.9,22.6,24,24,NA,44.6,47.4,15,30.7,19.3,4.1,10,4.2,25,6.3,4.7,4.6,4.9,1.4,12.6,18.7,19.2,18.1,1150800,
2018:Q4,Next9,36.8,28.7,30.1,21.2,40.2,37.7,46,40,40,NA,21.6,19.9,39.8,35.9,29.2,63.8,43.6,51.4,32.3,23.3,18.1,18.1,22.6,6.7,8.1,21,30.3,39.6,11519275,
2018:Q4,Next40,30.8,43.3,43.5,42.1,25.6,33.5,25.1,19,19,NA,6.7,4.7,28.9,11.4,34.9,30.3,39,42.6,13.4,48,44.1,44.1,49.1,34.5,34.7,27.6,36.7,28.8,51190539,
2018:Q4,Bottom50,5.7,13.5,11.6,23.3,2.4,4.9,0.7,0.7,0.7,NA,0.2,0.1,1.1,0.5,8,1.5,5.6,1.5,1.5,20.2,32.3,32.4,22.8,56.9,43.7,24.5,8.8,1.6,64001182,
2019:Q1,TopPt1,10.8,4.3,3.7,7.5,13.4,8.9,6,16.2,16.2,NA,27.6,28.8,14.7,21.9,8.8,0.2,1.6,0.3,28,2.2,0.8,0.8,0.5,0.5,0.9,9,5.2,12.3,128410,
2019:Q1,RemainingTop1,16.6,10.3,11.2,5.9,19.1,14.5,23,23.8,23.8,NA,45.6,48.5,14.6,30.4,19.6,4,9.8,4.2,24.7,6.3,4.6,4.6,5,1.3,10.7,19.2,20.1,18.3,1152387,
2019:Q1,Next9,36.9,28.9,30.4,21.1,40.1,37.8,45.6,40.2,40.2,NA,19.7,18,38.3,36,29.1,64.5,43.6,51.3,32.5,23.4,18.1,18,22.8,6.5,7.6,18.8,30.1,39.7,11538359,
2019:Q1,Next40,30.1,43.1,43.3,42.1,25.1,33.8,24.6,19.1,19.1,NA,6.9,4.6,31.2,11.1,34.5,29.8,39.3,42.6,13.3,47.8,44.1,44.1,49,34.2,34.2,28.8,35.9,28.1,51278975,
2019:Q1,Bottom50,5.5,13.4,11.4,23.4,2.4,5,0.7,0.7,0.7,NA,0.2,0.1,1.2,0.6,7.9,1.5,5.7,1.5,1.5,20.3,32.4,32.4,22.7,57.5,46.6,24.3,8.6,1.6,64110218,
2019:Q2,TopPt1,10.8,4.3,3.7,7.4,13.4,8.7,5.2,16.1,16.1,NA,28.3,29.6,14.1,21.8,9,0.1,1.5,0.3,28.3,2.2,0.9,0.8,0.5,0.5,0.5,9.4,5.2,12.3,128653,
2019:Q2,RemainingTop1,16.6,10.3,11.1,5.9,19.1,14.1,23.5,23.6,23.6,NA,45.7,48.5,14.1,30.6,19.9,4,9.5,4.3,24.3,6.3,4.6,4.6,5,1.2,10.1,19.3,19.9,18.3,1153967,
2019:Q2,Next9,37,28.9,30.4,21.2,40.1,38.2,45.8,40.4,40.4,NA,18.6,17,36.6,36,29,64.8,43.9,51,32.8,23.5,18,18,22.9,6.5,7.5,17.2,30,39.7,11557269,
2019:Q2,Next40,30.2,43.2,43.4,42.1,25,34.1,24.8,19.2,19.2,NA,7.2,4.8,33.9,11,34.2,29.6,39.3,42.9,13.1,47.6,44,44.1,49,34.2,34.8,29.8,36.2,28.2,51367143,
2019:Q2,Bottom50,5.5,13.3,11.3,23.5,2.3,5,0.7,0.6,0.6,NA,0.2,0.1,1.3,0.6,7.9,1.5,5.7,1.5,1.5,20.4,32.5,32.5,22.6,57.6,47.2,24.4,8.7,1.6,64218807,
2019:Q3,TopPt1,10.7,4.2,3.6,6.9,13.3,8.5,6.5,15.8,15.8,NA,29,30.3,13.4,21.5,9.2,0,1.4,0.3,28.5,2.2,0.9,0.9,0.5,0.5,0.4,9.9,5.3,12.1,128898,38260416
2019:Q3,RemainingTop1,16.6,10.2,11,5.9,19.1,13.6,23.9,23.5,23.5,NA,45.1,47.8,13.5,30.9,20.3,4,9.3,4.3,24,6.3,4.6,4.6,5,1.1,8.7,19.6,20.5,18.3,1155558,10398796
2019:Q3,Next9,37,28.8,30.2,21.8,40.2,38.5,44.9,40.6,40.6,NA,18.1,16.6,34.7,36.1,28.8,64.9,44.3,50.6,33,23.6,18,17.9,23,6.4,7.1,15.4,29.9,39.7,11576019,1766396
2019:Q3,Next40,30.2,43.1,43.3,42,25.1,34.4,24,19.4,19.4,NA,7.7,5.2,37,11,34,29.6,39.2,43.3,13,47.5,44,44,48.9,34.1,34.8,30.8,35.7,28.2,51455008,156359
2019:Q3,Bottom50,5.6,13.8,11.9,23.5,2.4,5,0.7,0.6,0.6,NA,0.2,0.1,1.4,0.6,7.8,1.5,5.8,1.6,1.6,20.5,32.6,32.6,22.6,57.9,49,24.4,8.6,1.7,64326964,
2019:Q4,TopPt1,11,4.2,3.7,6.8,13.6,8.8,7.8,15.9,15.9,NA,28.9,29.9,16.5,21.9,9.3,0.3,1.4,0.4,28.3,2.3,0.9,0.9,0.5,0.5,0.7,9.8,5.4,12.4,129146,
2019:Q4,RemainingTop1,16.5,10.1,10.9,5.8,19,13.6,23.1,23.2,23.2,NA,43.7,46.4,13.1,30.1,20,4.4,9.5,4.4,24.1,6.2,4.6,4.6,4.9,1.2,11.2,20.2,20.1,18.2,1157175,
2019:Q4,Next9,36.8,28.8,30.2,21.9,39.9,38,44.4,40.7,40.7,NA,19,17.7,33.4,36.3,29,63.3,44.2,49.5,32.8,23.4,18,18,23,6.7,7.5,14.9,30.1,39.5,11594626,
2019:Q4,Next40,30.1,43.2,43.4,42.1,25.2,34.5,23.9,19.6,19.6,NA,8.2,5.8,35.8,11.1,33.9,30.5,39.3,44,13.3,47.6,44,44,49,34.3,33.5,30,35.8,28.2,51542573,
2019:Q4,Bottom50,5.5,13.8,11.8,23.4,2.4,5.1,0.7,0.6,0.6,NA,0.2,0.1,1.2,0.6,7.8,1.6,5.7,1.7,1.5,20.5,32.4,32.5,22.5,57.2,47.1,25.1,8.6,1.7,64434742,
2020:Q1,TopPt1,10.3,4.2,3.7,6.7,12.9,9,10.7,16.1,16.1,23.1,28.8,29.5,19.3,20.7,9.4,0.7,1.4,0.5,28.2,2.3,0.9,0.9,0.6,0.5,0.6,9.5,5.6,11.7,129398,
2020:Q1,RemainingTop1,15.8,9.9,10.7,5.8,18.3,13.6,22.4,22.8,22.8,31.8,35.5,37.3,12.7,30.7,19.8,5,9.7,4.4,24.2,6.1,4.7,4.7,4.8,1.3,14.4,20.6,21,17.5,1158830,
2020:Q1,Next9,36.5,28.8,30.1,22.1,39.8,37.6,43.2,40.7,40.7,32.7,25.4,24.8,32.3,36.4,29.1,59.9,45.1,48.4,32.6,23.3,18.1,18.1,23,6.8,8.2,14.8,30.2,39.3,11613126,
2020:Q1,Next40,31.5,43.4,43.6,42.1,26.5,34.7,23,19.7,19.8,11.5,10.1,8.2,34.6,11.6,33.9,32.6,38.2,44.9,13.4,47.8,44,44,49.2,33.9,33.3,29.1,34.6,29.6,51629976,
2020:Q1,Bottom50,5.8,13.6,11.8,23.3,2.5,5.1,0.8,0.7,0.7,0.9,0.2,0.2,1.1,0.5,7.9,1.8,5.6,1.8,1.5,20.5,32.2,32.3,22.4,57.5,43.6,26,8.5,1.8,64542340,
2020:Q2,TopPt1,10.9,4.2,3.8,6.7,13.5,9.3,12,16,15.8,22.2,28.7,29.2,21.8,21.7,9.6,0.8,1.3,0.6,28.1,2.3,0.9,0.9,0.6,0.6,1.1,9.7,5.6,12.3,129654,
2020:Q2,RemainingTop1,16,9.8,10.6,5.8,18.5,13.7,21.8,22.9,22.6,31.6,34.4,36.1,12.3,29.5,19.6,5.1,9.8,4.5,24.4,6,4.7,4.7,4.7,1.4,15.9,21.7,20.3,17.6,1160534,
2020:Q2,Next9,36.4,28.9,30.1,22.2,39.4,36.9,42.6,40.5,40.8,32.1,26.1,25.7,31.2,36.6,29.3,59.6,44.5,47.3,32.5,23.1,18.2,18.2,23,7,8.4,13.4,30.4,38.9,11631560,
2020:Q2,Next40,31.1,43.5,43.7,42.1,26.2,34.9,22.8,19.8,20,13.3,10.5,8.8,33.6,11.5,33.7,32.8,38.8,45.7,13.6,47.9,44.1,44.1,49.3,33.7,31.6,28.6,35.1,29.3,51717391,
2020:Q2,Bottom50,5.7,13.6,11.8,23.3,2.5,5.2,0.8,0.8,0.8,0.9,0.2,0.2,1,0.7,7.9,1.7,5.6,1.9,1.5,20.6,32,32.1,22.3,57.3,43,26.5,8.6,2,64649990,
2020:Q3,TopPt1,11.1,4.3,3.8,6.7,13.8,9.5,11.6,16,16,NA,28.6,28.9,24,22.2,9.7,0.9,1.3,0.7,28.1,2.3,1,1,0.6,0.6,1.6,8.9,5.6,12.5,129914,
2020:Q3,RemainingTop1,16,9.7,10.4,5.7,18.4,13.7,21.2,22.3,22.3,NA,34.7,36.5,12,28.8,19.4,5.4,9.9,4.6,24.4,5.9,4.7,4.7,4.6,1.5,17.3,21.1,19.8,17.5,1162298,
2020:Q3,Next9,36.2,28.9,30.1,22.2,39.1,36.6,42.9,40.9,40.9,NA,25.8,25.4,30.4,36.7,29.5,58.7,44.4,46.3,32.4,23,18.4,18.4,23.1,7.3,8.5,15.1,30.6,38.6,11649970,
2020:Q3,Next40,31.1,43.7,44,42.2,26.1,35,23.4,20.1,20.1,NA,10.7,9,32.7,11.5,33.6,33.3,38.9,46.5,13.7,48.1,44,44.1,49.4,33.7,29.9,27.4,35.4,29.3,51804991,
2020:Q3,Bottom50,5.7,13.5,11.7,23.3,2.5,5.2,0.8,0.8,0.8,NA,0.2,0.2,0.9,0.7,7.8,1.7,5.5,2,1.4,20.6,31.9,31.9,22.3,56.9,42.7,27.5,8.6,2.1,64757927,
2020:Q4,TopPt1,11.6,4.3,3.8,6.8,14.4,9.7,11.6,16.2,16.2,NA,28.5,28.6,26,22.8,9.9,1,1.3,0.8,28.1,2.4,1,1,0.6,0.7,1.9,8,5.6,13,130180,
2020:Q4,RemainingTop1,16.1,9.5,10.3,5.6,18.6,13.7,20.7,22,22,NA,32.1,33.6,11.7,28.1,19.2,5.6,10,4.7,24.5,5.9,4.7,4.6,4.4,1.6,19,20.2,18.9,17.6,1164134,
2020:Q4,Next9,36,28.9,30.2,22.2,38.7,36.2,43.1,40.9,40.9,NA,27.8,27.6,29.5,36.8,29.7,57.8,44.1,45.3,32.3,22.8,18.7,18.7,23.3,7.6,8.8,17,30.8,38.3,11668397,
2020:Q4,Next40,30.7,43.8,44,42.2,25.8,35.1,23.9,20.2,20.2,NA,11.4,9.9,31.9,11.5,33.4,33.9,39.2,47.2,13.8,48.3,44,44,49.5,33.8,28.9,26.4,36,29,51892948,
2020:Q4,Bottom50,5.6,13.5,11.7,23.3,2.5,5.3,0.8,0.8,0.8,NA,0.3,0.2,0.8,0.8,7.8,1.7,5.5,2.1,1.4,20.7,31.6,31.6,22.1,56.3,41.4,28.4,8.7,2.2,64866385,
2021:Q1,TopPt1,11.9,4.3,3.9,7,14.7,10,12.3,15.8,15.8,NA,28.3,28.4,27.7,23.1,10,1.3,1.3,0.9,28.1,2.4,1,1,0.7,0.7,2.2,7.5,5.8,13.2,130452,
2021:Q1,RemainingTop1,16.1,9.4,10.2,5.5,18.6,13.7,20.2,21.9,21.9,NA,30.6,32.1,11.5,27.6,19,6,10.2,4.7,24.5,5.8,4.7,4.6,4.3,1.7,20.4,19.8,19.7,17.5,1166052,
2021:Q1,Next9,35.8,29,30.3,22.1,38.4,35.7,42.8,41,41,NA,28.9,28.9,29,36.9,29.9,55.9,44,44.2,32.1,22.7,18.9,18.9,23.4,7.8,9,18,30.9,37.9,11686881,
2021:Q1,Next40,30.8,43.9,44.2,42.2,25.7,35.3,23.9,20.5,20.5,NA,11.9,10.5,31.1,11.5,33.3,35,39.1,47.9,14,48.4,44,44,49.6,33.7,27.7,25.6,35,29.1,51981437,
2021:Q1,Bottom50,5.5,13.3,11.5,23.3,2.6,5.4,0.8,0.9,0.9,NA,0.3,0.2,0.7,0.9,7.8,1.8,5.4,2.2,1.3,20.7,31.4,31.4,22,56.1,40.6,29.1,8.6,2.3,64975596,
2021:Q2,TopPt1,12.1,4.4,3.9,7.3,15.1,10,12.5,15.9,15.9,17.4,28.2,28.1,29.3,23.4,10.1,1.4,1.3,1,28.2,2.4,1.1,1.1,0.7,0.8,2.5,7.3,5.8,13.4,130730,
2021:Q2,RemainingTop1,16,9.3,10,5.3,18.7,13.7,19.7,21.9,21.7,32,28.7,30.1,11.3,27.2,18.8,6.2,10.3,4.8,24.5,5.7,4.6,4.5,4.1,1.8,21.8,20,19,17.4,1168063,
2021:Q2,Next9,35.6,29.1,30.4,21.8,38.1,35.5,42.8,40.9,41,37.1,30.3,30.4,28.4,37,30,54.8,43.9,43.2,32.1,22.6,19.1,19.1,23.5,8.4,9.2,18.1,31.1,37.6,11705465,
2021:Q2,Next40,30.8,44.2,44.6,42.3,25.5,35.4,24.1,20.4,20.6,13,12.5,11.1,30.4,11.5,33.2,35.7,39.2,48.7,14,48.6,43.9,44,49.5,34.1,26.6,25.1,35.4,29.2,52070630,
2021:Q2,Bottom50,5.5,13,11.2,23.4,2.6,5.4,0.8,0.9,0.9,0.6,0.3,0.3,0.6,0.9,7.8,1.8,5.4,2.3,1.2,20.7,31.3,31.3,22.2,54.9,39.9,29.6,8.7,2.3,65085795,
2021:Q3,TopPt1,12.2,4.4,3.9,7.4,15.3,10.1,12.6,16.1,16.1,16.9,28.1,28,30.7,23.4,10.2,1.6,1.2,1.1,28.4,2.4,1.1,1.1,0.7,0.8,2.7,7.1,5.8,13.5,131016,
2021:Q3,RemainingTop1,15.9,9.2,9.9,5.2,18.6,13.7,19.2,22,21.4,31.9,26.3,27.4,11.1,27,18.6,6.5,10.4,4.9,24.4,5.7,4.6,4.5,4,1.8,23.3,20.2,18.6,17.3,1170179,
2021:Q3,Next9,35.4,29.1,30.4,21.7,37.9,35.3,42.9,40.8,41,36.8,32.1,32.5,27.9,37.1,30.2,53.4,44,42.2,32.1,22.5,19.2,19.1,23.5,8.7,9.5,18.1,31.3,37.4,11724188,
2021:Q3,Next40,31,44.4,44.7,42.3,25.6,35.5,24.5,20.3,20.6,13.9,13.1,11.9,29.7,11.6,33.1,36.6,39,49.4,14,48.7,43.9,43.9,49.5,34.1,26,24.5,35.5,29.4,52160699,
2021:Q3,Bottom50,5.6,12.9,11.1,23.4,2.6,5.4,0.8,0.9,0.9,0.6,0.3,0.3,0.6,1,7.8,1.9,5.3,2.3,1.1,20.7,31.3,31.3,22.4,54.5,38.5,30.1,8.7,2.4,65197216,
2021:Q4,TopPt1,12.4,4.5,4,7.5,15.5,10.3,13.2,16.1,16.1,15.1,28.1,27.8,32,23.6,10.4,1.9,1.2,1.2,28.4,2.4,1.1,1.1,0.7,0.9,2.4,7.1,5.9,13.7,131309,
2021:Q4,RemainingTop1,15.8,9,9.8,5.1,18.6,13.7,18.8,21.2,21.2,32.2,24.9,25.9,10.9,26.7,18.5,6.9,10.5,5,24.4,5.6,4.6,4.6,3.9,1.9,25.3,20.7,18.4,17.2,1172410,
2021:Q4,Next9,35.2,29.2,30.5,21.7,37.7,35,42.6,41.1,41.1,39.8,33.2,33.7,27.5,37.1,30.3,51.7,43.9,41.2,32,22.4,19.2,19.2,23.4,9,10,17.6,31.5,37.2,11743092,
2021:Q4,Next40,31,44.3,44.7,42.3,25.6,35.6,24.5,20.8,20.8,12.4,13.6,12.4,29.1,11.6,33.1,37.6,39.1,50.1,14,48.8,43.9,43.9,49.4,34.3,26.3,24.1,35.4,29.4,52251820,
2021:Q4,Bottom50,5.6,13,11.1,23.4,2.6,5.5,0.8,0.9,0.9,0.5,0.3,0.3,0.5,1,7.8,1.9,5.3,2.4,1.1,20.8,31.2,31.3,22.5,53.9,36,30.5,8.7,2.4,65310092,
2022:Q1,TopPt1,12.2,4.5,4,7.6,15.6,10.4,13.4,16.3,16.3,NA,28,27.7,33.4,23.5,10.5,2.3,1.2,1.4,28.4,2.4,1.1,1.1,0.7,0.9,2.6,7.1,6.1,13.6,131610,
2022:Q1,RemainingTop1,15.5,8.9,9.6,5,18.4,13.7,18.3,20.9,20.9,NA,21.2,21.9,10.7,26.5,18.2,7.5,10.6,5,24.5,5.5,4.6,4.6,3.8,2,26.6,21.1,19,16.9,1174768,
2022:Q1,Next9,34.9,29.2,30.6,21.6,37.4,34.8,42.7,41.1,41.1,NA,36.1,36.8,26.8,37.3,30.4,48.6,44.3,39.8,32,22.3,19.1,19.1,23.2,9.2,10.2,17.2,31.6,36.9,11762219,
2022:Q1,Next40,31.6,44.5,44.9,42.3,26,35.7,24.8,20.8,20.8,NA,14.3,13.4,28.6,11.8,33.1,39.5,38.7,51.2,14.1,49,43.9,43.9,49.4,34.2,25.7,23.6,34.7,30.1,52344163,
2022:Q1,Bottom50,5.7,12.7,10.9,23.5,2.6,5.5,0.8,0.9,0.9,NA,0.3,0.3,0.5,1,7.9,2.1,5.3,2.6,1.1,20.8,31.3,31.3,22.8,53.7,35,31,8.7,2.5,65424657,
2022:Q2,TopPt1,11.7,4.5,4,7.5,15.3,10.3,13.9,16.6,16.6,NA,27.9,27.4,34.8,23,10.6,2.9,1.1,1.6,28.5,2.5,1.1,1.1,0.7,0.9,2.6,7.5,6.1,13.1,131921,
2022:Q2,RemainingTop1,15,8.8,9.5,5,18,13.6,17.9,20.6,20.6,NA,21.5,22.2,10.5,26.3,17.9,8.2,10.8,5,24.5,5.5,4.6,4.6,3.7,2.1,27.9,22.5,18.3,16.3,1177264,
2022:Q2,Next9,34.5,29.2,30.5,21.7,37.1,34.8,42.5,41,41,NA,35.9,36.5,26.2,37.5,30.5,44.8,45,38.8,31.9,22.1,19.2,19.1,23.2,9.6,10.4,15.4,31.8,36.5,11781609,
2022:Q2,Next40,32.8,44.7,45.1,42.4,26.9,35.8,24.8,20.8,20.8,NA,14.4,13.5,28.2,12.2,33.1,41.9,37.9,52,14.1,49.1,43.9,44,49.4,34.4,25.3,23.1,35.1,31.3,52437903,
2022:Q2,Bottom50,6,12.7,10.9,23.4,2.7,5.5,0.8,0.9,0.9,NA,0.3,0.3,0.4,1,7.9,2.3,5.2,2.6,1,20.8,31.2,31.3,23,53,33.7,31.5,8.7,2.7,65541145,
2022:Q3,TopPt1,11.7,4.6,4.1,7.5,15.3,10.3,14.4,17.2,17.2,NA,27.8,27.2,36,22.9,10.7,3.4,1.1,1.7,28.4,2.5,1.1,1.1,0.7,1,2.8,7.5,6.1,13.2,132240,46371442
2022:Q3,RemainingTop1,14.9,8.7,9.4,4.9,17.9,13.5,17.6,20.2,20.2,NA,22.3,23.2,10.3,26,17.7,8.8,11,5,24.6,5.4,4.5,4.5,3.6,2.2,29,23.2,18,16.3,1179908,11146919
2022:Q3,Next9,34.4,29.2,30.6,21.8,36.9,34.8,42.3,41,41,NA,35.1,35.8,25.6,37.7,30.6,41.4,45.3,37.8,31.8,22,19.3,19.3,23.4,9.9,10.6,14.7,32,36.4,11801304,2148377
2022:Q3,Next40,32.9,44.5,44.9,42.4,27.2,35.9,24.8,20.8,20.8,NA,14.5,13.6,27.8,12.4,33.1,43.9,37.5,52.8,14.3,49.2,44,44,49.4,34.5,24.7,22.6,35.1,31.4,52533213,241365
2022:Q3,Bottom50,6.1,12.9,11.1,23.4,2.7,5.5,0.9,0.8,0.8,NA,0.3,0.3,0.3,1,7.9,2.5,5.1,2.7,1,20.9,31,31.1,22.9,52.4,32.9,32,8.8,2.7,65659790,
2022:Q4,TopPt1,11.9,4.6,4.1,7.6,15.4,10.2,14.9,17.8,17.8,NA,27.7,27.1,36.2,23,10.7,3.3,1.1,1.8,28.2,2.5,1.1,1.1,0.7,1,2.6,8.2,5.9,13.4,132549,
2022:Q4,RemainingTop1,15,8.7,9.4,4.9,18.1,13.5,17.7,20,20,NA,23.7,24.6,10.3,26,17.7,8.8,11,5,24.7,5.4,4.5,4.5,3.5,2.2,29.2,24.9,16.6,16.5,1182663,
2022:Q4,Next9,34.4,29.2,30.6,21.7,36.9,34.9,42,40.9,40.9,NA,34.1,34.7,25.4,37.6,30.6,41.6,45.1,37.5,31.7,22,19.3,19.3,23.5,10,10.7,12.3,32.1,36.5,11828853,
2022:Q4,Next40,32.6,44.5,44.9,42.4,27,35.9,24.5,20.7,20.7,NA,14.2,13.3,27.8,12.4,33,43.8,37.7,53,14.4,49.2,44,44.1,49.4,34.7,25.2,22.5,36.4,31,52655850,
2022:Q4,Bottom50,6,13,11.1,23.4,2.7,5.5,0.9,0.7,0.7,NA,0.3,0.3,0.3,1,7.9,2.5,5.1,2.7,1,20.9,31,31,22.9,52.1,32.2,32.2,8.9,2.6,65813070,
2023:Q1,TopPt1,12,4.6,4.1,7.6,15.5,10.1,15.8,18.2,18.2,NA,27.7,27.1,36.2,23.2,10.7,3.1,1.1,1.8,28.1,2.5,1.2,1.2,0.8,1,2.9,8.2,6,13.5,132986,
2023:Q1,RemainingTop1,15.2,8.7,9.4,4.9,18.2,13.4,18,19.8,19.8,NA,24.4,25.4,10.3,26,17.8,8.5,10.9,5,24.8,5.4,4.4,4.4,3.5,2.2,28.8,25.1,17.1,16.6,1186563,
2023:Q1,Next9,34.5,29.2,30.5,21.7,37,35.1,41.5,40.8,40.8,NA,33.4,34,25.4,37.6,30.6,43.2,44.8,37.6,31.6,22,19.5,19.5,23.7,10,10.5,11.9,32.1,36.5,11867867,
2023:Q1,Next40,32.3,44.5,44.9,42.4,26.7,35.9,23.8,20.6,20.6,NA,14.1,13.1,27.8,12.2,32.9,42.8,38,52.9,14.5,49.2,44.1,44.1,49.4,34.7,24.3,22.5,35.9,30.8,52829519,
2023:Q1,Bottom50,5.9,13,11.1,23.5,2.6,5.5,0.9,0.6,0.6,NA,0.3,0.3,0.3,1,7.9,2.4,5.2,2.7,1,20.9,30.8,30.9,22.6,52,33.4,32.2,8.9,2.6,66030134,
2023:Q2,TopPt1,12.1,4.6,4,7.6,15.7,10.1,16.3,18.3,18.3,NA,27.7,27.1,36.3,23.3,10.7,2.9,1.1,1.7,28.2,2.5,1.2,1.2,0.8,1,3.1,8.1,6,13.5,133116,
2023:Q2,RemainingTop1,15.2,8.7,9.3,4.9,18.3,13.4,18.1,19.8,19.8,NA,24.4,25.4,10.3,26,17.9,8.3,10.9,5,24.7,5.4,4.4,4.4,3.4,2.2,28.6,24.8,17.1,16.6,1187718,
2023:Q2,Next9,34.5,29.1,30.4,21.6,37.1,35.1,41.3,40.8,40.8,NA,33.5,34,25.3,37.5,30.7,44.4,44.6,37.7,31.7,22,19.6,19.6,23.8,10.2,10.5,12.4,32.1,36.4,11879420,
2023:Q2,Next40,32.4,45.2,45.7,42.4,26.4,35.9,23.5,20.5,20.5,NA,14.1,13.2,27.8,12.1,32.9,42.1,38.2,52.8,14.4,49.3,44.1,44.1,49.4,34.9,24,22.5,35.9,30.9,52880948,
2023:Q2,Bottom50,5.8,12.5,10.6,23.5,2.6,5.5,0.9,0.6,0.6,NA,0.3,0.3,0.3,1,7.9,2.3,5.2,2.7,1,20.9,30.7,30.8,22.6,51.7,33.8,32.2,8.9,2.6,66094413,
2023:Q3,TopPt1,12,4.5,4,7.6,15.6,10.1,16.7,18.3,18.3,NA,27.7,27,36.3,23.2,10.7,2.5,1.1,1.8,28.2,2.5,1.2,1.2,0.8,1,3.1,7.9,6.1,13.4,133053,
2023:Q3,RemainingTop1,15.1,8.7,9.3,4.9,18.2,13.4,18.2,19.7,19.7,NA,26.3,27.5,10.3,26,17.8,7.8,10.9,5,24.7,5.4,4.3,4.3,3.4,2.2,28.5,24.1,17.5,16.5,1187159,
2023:Q3,Next9,34.5,29,30.3,21.7,37.1,35.2,41,40.8,40.8,NA,31.9,32.4,25.3,37.5,30.7,47.6,44.7,37.6,31.7,22,19.7,19.7,23.9,10.3,10.5,13.3,32,36.4,11873821,
2023:Q3,Next40,32.6,45.3,45.8,42.4,26.5,35.9,23.1,20.5,20.5,NA,13.8,12.8,27.8,12.2,32.9,40.1,38.1,53,14.4,49.3,44.1,44.1,49.3,35.2,23.9,22.6,35.6,31.1,52856025,
2023:Q3,Bottom50,5.8,12.4,10.5,23.5,2.6,5.5,0.9,0.6,0.6,NA,0.3,0.3,0.3,1,7.9,2.1,5.2,2.7,1,20.9,30.6,30.7,22.6,51.3,34,32.1,8.8,2.5,66063263,
2023:Q4,TopPt1,12.2,4.6,4,7.7,15.7,10.1,17.1,18.6,18.6,NA,27.7,27,36.3,23.5,10.7,2.9,1.1,1.7,28,2.5,1.2,1.2,0.8,1.1,3.1,7.9,6.1,13.6,133121,
2023:Q4,RemainingTop1,15.3,8.7,9.3,4.8,18.3,13.4,18.3,19.6,19.6,NA,25.6,26.7,10.3,26,17.9,8.3,10.8,5,24.8,5.4,4.3,4.3,3.4,2.2,28.6,24.2,17.9,16.7,1187763,
2023:Q4,Next9,34.6,29.1,30.4,21.6,37.1,35.2,40.8,40.8,40.8,NA,32.5,33,25.3,37.4,30.7,44.7,44.3,38,31.6,21.9,19.8,19.8,24,10.4,10.5,13.2,32,36.5,11879865,
2023:Q4,Next40,32.2,45.2,45.7,42.4,26.2,35.9,22.8,20.5,20.5,NA,13.9,12.9,27.8,12,32.9,41.9,38.5,52.6,14.5,49.3,44.1,44.1,49.2,35.3,23.9,22.6,35.3,30.7,52882926,
2023:Q4,Bottom50,5.7,12.5,10.5,23.5,2.6,5.5,1,0.5,0.5,NA,0.3,0.3,0.3,1,7.9,2.3,5.2,2.7,1,21,30.6,30.6,22.6,51.1,34,32.1,8.8,2.5,66096886,
2024:Q1,TopPt1,12.4,4.6,4,7.8,15.9,10.1,17.3,18.5,18.5,NA,27.7,27,36.4,23.7,10.7,2.7,1.2,1.7,28,2.5,1.2,1.2,0.8,1.1,3.1,7.6,6.2,13.7,133560,
2024:Q1,RemainingTop1,15.4,8.7,9.3,4.8,18.5,13.4,18.4,19.7,19.7,NA,25.8,26.9,10.3,26,18,8.1,10.7,5,24.9,5.3,4.3,4.3,3.4,2.2,28.6,23.4,18.6,16.8,1191681,
2024:Q1,Next9,34.6,29.1,30.4,21.5,37.2,35.1,40.7,40.8,40.8,NA,32.4,32.9,25.3,37.4,30.7,45.7,44.1,38.1,31.6,21.9,19.9,19.9,24.1,10.3,10.5,14.5,31.9,36.5,11919056,
2024:Q1,Next40,32,45.4,46,42.4,25.9,35.9,22.7,20.5,20.5,NA,13.9,12.9,27.8,11.9,32.8,41.2,38.8,52.5,14.5,49.3,44.1,44.1,49.3,35.2,24,22.6,34.6,30.5,53057386,
2024:Q1,Bottom50,5.6,12.3,10.3,23.5,2.6,5.5,1,0.6,0.6,NA,0.3,0.3,0.2,1,7.8,2.2,5.2,2.7,1.1,21,30.5,30.6,22.5,51.3,33.8,32,8.7,2.5,66314939,
2024:Q2,TopPt1,12.3,4.5,4,7.8,16,10,17.4,18.6,18.6,NA,27.7,27,36.4,23.7,10.7,2.7,1.2,1.7,28,2.5,1.2,1.2,0.8,1.1,3.2,7.4,6.2,13.7,133840,
2024:Q2,RemainingTop1,15.4,8.7,9.3,4.8,18.5,13.4,18.4,19.6,19.6,NA,26.2,27.3,10.3,26,18,8,10.7,5,24.8,5.3,4.3,4.3,3.3,2.2,28.5,23,18.6,16.8,1194178,
2024:Q2,Next9,34.6,29,30.2,21.5,37.2,35.2,40.6,40.8,40.8,NA,32.1,32.6,25.2,37.4,30.7,46.3,44,38.1,31.6,21.9,20,20,24.1,10.4,10.4,15.1,31.9,36.4,11944029,
2024:Q2,Next40,32.1,45.8,46.4,42.4,25.8,35.9,22.6,20.5,20.5,NA,13.8,12.8,27.9,11.9,32.7,40.9,38.9,52.5,14.5,49.3,44.1,44.1,49.2,35.3,23.7,22.6,34.6,30.6,53168550,
2024:Q2,Bottom50,5.5,12,10,23.5,2.6,5.5,1,0.5,0.5,NA,0.3,0.3,0.2,1,7.8,2.2,5.2,2.7,1,21,30.4,30.5,22.5,51.1,34.2,32,8.7,2.5,66453880,
2024:Q3,TopPt1,12.6,4.5,4,7.8,16.2,10,17.8,18.8,18.8,NA,27.7,27.1,36.5,23.9,10.7,2.5,1.2,1.7,28.1,2.5,1.2,1.2,0.8,1.1,3.3,7.4,6.1,14,134036,
2024:Q3,RemainingTop1,15.6,8.7,9.3,4.8,18.6,13.4,18.5,19.5,19.5,NA,24.3,25.2,10.3,26,18,7.9,10.7,5,24.8,5.3,4.3,4.2,3.3,2.2,28.3,22.9,17.8,16.9,1195928,
2024:Q3,Next9,34.7,29,30.3,21.5,37.2,35.2,40.4,40.7,40.7,NA,33.6,34.2,25.1,37.3,30.8,47.1,43.8,38.3,31.6,21.9,20,20,24.1,10.3,10.4,15.2,32,36.5,11961536,
2024:Q3,Next40,31.7,45.7,46.3,42.4,25.4,35.9,22.3,20.4,20.4,NA,14.1,13.2,27.9,11.8,32.7,40.4,39.1,52.4,14.5,49.3,44,44,49.2,35.2,23.4,22.6,35.4,30.2,53246484,
2024:Q3,Bottom50,5.5,12,10.1,23.5,2.5,5.5,1,0.5,0.5,NA,0.3,0.3,0.2,1,7.8,2.1,5.2,2.7,1,21,30.5,30.6,22.6,51.3,34.6,32,8.8,2.4,66551287,
2024:Q4,TopPt1,12.6,4.5,4,7.7,16.2,10.1,18.3,18.8,18.8,NA,27.5,26.8,36.6,23.9,10.7,2.7,1.2,1.6,28.1,2.5,1.2,1.2,0.8,1.1,5.1,7.1,6.1,14,134225,
2024:Q4,RemainingTop1,15.6,8.7,9.3,4.8,18.7,13.4,18.6,19.6,19.6,NA,31.4,33.1,10.3,26,18,8,10.7,5,24.8,5.3,4,4,3.3,2.2,26,22.1,17.8,17,1197617,
2024:Q4,Next9,34.7,29,30.3,21.5,37.2,35.1,40.1,40.7,40.7,NA,27.8,28,25,37.3,30.8,46.3,43.8,38.4,31.6,21.9,20.2,20.2,24.3,10.2,9.4,16.3,32,36.4,11978421,
2024:Q4,Next40,31.6,45.6,46.2,42.4,25.4,35.9,21.9,20.4,20.4,NA,13,11.8,27.9,11.8,32.6,40.9,39.1,52.3,14.5,49.3,44.1,44.1,49.1,35.1,18.7,22.7,35.3,30.1,53321649,
2024:Q4,Bottom50,5.5,12.2,10.2,23.6,2.5,5.5,1,0.5,0.5,NA,0.3,0.3,0.2,1,7.8,2.2,5.2,2.7,1,21,30.4,30.5,22.5,51.5,40.8,31.9,8.8,2.5,66645233,
2025:Q1,TopPt1,12.5,4.6,4,8,16.1,10.1,18.4,18.7,18.7,NA,27.5,26.8,36.7,23.8,10.7,2.7,1.2,1.7,28,2.5,1.2,1.2,0.8,1.1,6.3,7.1,6.3,13.9,135173,
2025:Q1,RemainingTop1,15.5,8.7,9.4,4.8,18.6,13.4,18.7,19.6,19.6,NA,30.4,31.9,10.3,26,18,8.1,10.7,5,24.8,5.3,4,3.9,3.3,2.2,24.5,22.2,19.1,16.9,1206075,
2025:Q1,Next9,34.6,29.1,30.4,21.3,37.1,35.1,40.1,40.7,40.7,NA,28.7,28.9,24.9,37.3,30.7,45.7,44,38.3,31.6,21.9,20.3,20.2,24.3,10.2,8.8,16.2,31.8,36.4,12063025,
2025:Q1,Next40,31.8,45.6,46.2,42.4,25.6,35.9,21.9,20.4,20.4,NA,13.1,12,27.9,11.8,32.8,41.3,39,52.3,14.5,49.3,44.2,44.2,49.2,35,15.7,22.7,34.2,30.3,53698262,
2025:Q1,Bottom50,5.5,12,10,23.6,2.6,5.5,1,0.5,0.5,NA,0.3,0.3,0.2,1,7.8,2.2,5.2,2.7,1,21,30.4,30.5,22.5,51.6,44.7,31.9,8.6,2.5,67115951,
2025:Q2,TopPt1,12.7,4.6,4,8,16.3,10.1,18.4,18.8,18.8,NA,27.5,26.8,36.9,24,10.7,2.6,1.2,1.7,28,2.5,1.2,1.2,0.8,1.1,7,6.9,6.2,14.1,136038,
2025:Q2,RemainingTop1,15.7,8.7,9.4,4.7,18.8,13.4,18.7,19.5,19.5,NA,30.9,32.5,10.2,26,18,7.9,10.7,5,24.9,5.3,3.9,3.9,3.3,2.2,23.6,21.6,18.8,17.1,1213788,
2025:Q2,Next9,34.7,29,30.4,21.2,37.2,35.1,40,40.7,40.7,NA,28.2,28.5,24.8,37.3,30.8,46.7,43.7,38.3,31.6,21.9,20.3,20.3,24.3,10.2,8.5,17,31.9,36.4,12140165,
2025:Q2,Next40,31.5,45.8,46.4,42.4,25.3,35.9,21.8,20.4,20.4,NA,13,11.9,28,11.7,32.7,40.6,39.3,52.3,14.5,49.3,44.2,44.2,49.1,35,13.8,22.7,34.5,30.1,54041645,
2025:Q2,Bottom50,5.4,11.9,9.8,23.6,2.5,5.5,1,0.5,0.5,NA,0.3,0.3,0.2,1.1,7.8,2.1,5.2,2.7,1.1,21,30.3,30.4,22.5,51.5,47.1,31.8,8.7,2.5,67545136,
2025:Q3,TopPt1,13.1,4.6,4,7.9,16.6,10.1,18.7,18.9,18.9,NA,27.5,26.8,37,24.2,10.7,2.5,1.2,1.7,28.1,2.5,1.2,1.2,0.8,1.1,7.2,6.5,6,14.4,136453,
2025:Q3,RemainingTop1,15.9,8.7,9.3,4.7,19,13.4,18.7,19.5,19.5,NA,31,32.6,10.2,26,18,7.8,10.6,5,24.8,5.3,3.9,3.9,3.2,2.2,23.4,20.8,17.3,17.3,1217493,
2025:Q3,Next9,34.8,29,30.3,21.3,37.2,35.1,39.9,40.7,40.7,NA,28.2,28.4,24.6,37.2,30.8,47.6,43.5,38.3,31.6,21.8,20.4,20.4,24.3,10.2,8.4,18.3,32.1,36.4,12177223,
2025:Q3,Next40,30.9,45.7,46.3,42.4,24.8,35.9,21.6,20.4,20.4,NA,13,11.9,28,11.6,32.7,40.1,39.5,52.3,14.5,49.3,44.1,44.1,49.1,35,13.4,22.7,35.8,29.4,54206611,
2025:Q3,Bottom50,5.3,12.1,10,23.6,2.5,5.5,1,0.5,0.5,NA,0.3,0.3,0.1,1.1,7.8,2.1,5.2,2.7,1,21,30.4,30.4,22.5,51.6,47.7,31.7,8.8,2.5,67751323,
2025:Q4,TopPt1,13.2,4.6,4,7.8,16.7,10.2,19.1,19,19,NA,27.5,26.8,37.1,24.3,10.7,2.5,1.2,1.6,28.1,2.5,1.2,1.2,0.8,1.1,7.2,6.3,6.2,14.5,136325,
2025:Q4,RemainingTop1,16,8.6,9.3,4.7,19,13.5,18.9,19.5,19.5,NA,31.8,33.4,10.2,25.9,18.1,7.8,10.6,5,24.8,5.3,3.9,3.8,3.2,2.2,23.3,20.1,18.3,17.4,1216356,
2025:Q4,Next9,34.8,28.9,30.3,21.4,37.2,35,39.7,40.7,40.7,NA,27.6,27.8,24.5,37.2,30.8,47.2,43.4,38.5,31.6,21.8,20.5,20.5,24.4,10.2,8.3,19.2,31.9,36.4,12165848,
2025:Q4,Next40,30.8,45.7,46.3,42.4,24.7,35.9,21.3,20.4,20.4,NA,12.9,11.7,28,11.5,32.6,40.3,39.6,52.2,14.5,49.3,44,44.1,49,35.1,13.2,22.8,34.9,29.2,54155974,
2025:Q4,Bottom50,5.3,12.2,10.2,23.6,2.5,5.5,1,0.5,0.5,NA,0.3,0.3,0.1,1.1,7.8,2.1,5.2,2.7,1,21.1,30.4,30.4,22.5,51.5,47.9,31.6,8.7,2.5,67688033,
