Date,Category,Assets,Nonfinancial assets,Real estate,Consumer durables,Financial assets,Deposits,Money market fund shares,Debt securities,U.S. government and municipal securities,Corporate and foreign bonds,Loans (Assets),Other loans and advances (Assets),Mortgages,Corporate equities and mutual fund shares,Life insurance reserves,Annuities,DC pension entitlements,DB pension entitlements,Miscellaneous other equity,Miscellaneous assets,Liabilities,Loans (Liabilities),Home mortgages,Consumer credit,Depository institutions loans n.e.c.,Other loans and advances (Liabilities),Deferred and unpaid life insurance premiums,Net worth,Household count
1989:Q3,Silent,17642579,5648622,4588052,1060570,11993957,2433384,309822,871920,745007,126913,277515,162988,114527,1707411,219472,274030,454999,3103469,2202945,138991,1267459,1257775,831943,308962,2354,114516,9684,16375120,48553376
1989:Q3,BabyBoom,5819220,3051282,2260997,790285,2767938,510450,52446,169718,124455,45263,16351,5874,10477,379142,137861,54773,228962,378316,754594,85324,1831801,1825637,1355516,445778,2171,22173,6164,3987419,39289625
1989:Q3,GenX,130957,89446,44121,45325,41511,12634,375,4833,4453,380,0,0,0,3891,2859,28,1229,545,12083,3034,53514,53386,23697,29467,7,215,128,77443,5177100
1989:Q3,Millennial,0,0,0,0,0,0,0,0,0,0,0,0,0,0,0,0,0,0,0,0,0,0,0,0,0,0,0,0,0
1989:Q4,Silent,17902150,5722357,4654554,1067803,12179793,2443599,315041,880321,747491,132830,293340,175874,117466,1755107,225896,281009,472661,3153640,2217863,141317,1291094,1281066,848059,315460,2299,115248,10028,16611056,48581895
1989:Q4,BabyBoom,5991988,3099507,2291886,807621,2892482,538869,61448,172200,126447,45753,21163,10789,10374,393084,142129,59860,240236,410715,765457,87319,1875966,1869546,1386793,459547,2081,21125,6420,4116022,39314788
1989:Q4,GenX,151358,98037,47878,50159,53321,17580,748,5388,4828,560,0,0,0,3913,3605,172,2298,2712,13505,3400,60484,60283,25730,34278,10,266,200,90874,5366102
1989:Q4,Millennial,0,0,0,0,0,0,0,0,0,0,0,0,0,0,0,0,0,0,0,0,0,0,0,0,0,0,0,0,0
1990:Q1,Silent,17962571,5735540,4643612,1091929,12227031,2433661,326221,873016,743557,129458,315488,194715,120773,1706233,229878,287891,478583,3202150,2228087,145824,1310354,1300507,874628,306337,2884,116660,9847,16652217,48563739
1990:Q1,BabyBoom,6030960,3136530,2315718,820812,2894430,546358,75882,170206,126221,43985,35755,25478,10277,327278,143985,64927,234904,430858,773501,90776,1911716,1905460,1429550,449396,2556,23958,6256,4119245,39352975
1990:Q1,GenX,164795,107897,53654,54243,56899,20453,1557,5993,5278,714,0,0,0,0,4131,323,712,4934,14806,3990,68317,68124,31221,36587,19,296,193,96478,5588046
1990:Q1,Millennial,0,0,0,0,0,0,0,0,0,0,0,0,0,0,0,0,0,0,0,0,0,0,0,0,0,0,0,0,0
1990:Q2,Silent,18181642,5802589,4707678,1094912,12379053,2424568,316402,897780,762699,135081,324125,200739,123386,1760041,234502,295184,487381,3250552,2242406,146113,1332913,1323068,897603,305505,2360,117600,9845,16848729,48501343
1990:Q2,BabyBoom,6147451,3162052,2324577,837475,2985399,555619,71585,179329,135032,44297,35763,25595,10168,346397,146802,80878,234116,456650,786522,91738,1946997,1940750,1461873,452531,2056,24290,6247,4200454,39403449
1990:Q2,GenX,178544,112907,52907,60001,65637,23774,968,6650,5696,954,0,0,0,0,4817,1105,0,7407,16621,4294,77701,77484,36441,40676,19,348,218,100843,5841384
1990:Q2,Millennial,0,0,0,0,0,0,0,0,0,0,0,0,0,0,0,0,0,0,0,0,0,0,0,0,0,0,0,0,0
1990:Q3,Silent,18157905,5828294,4717705,1110589,12329611,2419487,325405,922855,786948,135907,334363,208187,126176,1600136,238208,301486,484400,3297629,2257428,148216,1348715,1338904,913545,306669,1026,117663,9811,16809190,48397139
1990:Q3,BabyBoom,6083892,3225759,2383434,842325,2858133,570229,84445,190175,146723,43451,38194,28133,10061,160857,148857,78016,218330,473575,801520,93935,1979800,1973580,1493509,459696,882,19493,6220,4104092,39465470
1990:Q3,GenX,201835,124827,61587,63240,77008,28062,1731,7331,6132,1199,0,0,0,0,5465,836,0,10035,18749,4799,86839,86599,40212,45937,9,441,240,114996,6124564
1990:Q3,Millennial,0,0,0,0,0,0,0,0,0,0,0,0,0,0,0,0,0,0,0,0,0,0,0,0,0,0,0,0,0
1990:Q4,Silent,18400660,5793703,4673470,1120232,12606957,2425775,326101,971774,811784,159990,348409,219792,128617,1722402,241903,308045,504190,3344444,2263853,150061,1358177,1348142,921360,306643,1154,118985,10035,17042483,48253561
1990:Q4,BabyBoom,6315819,3251823,2400822,851000,3063997,598668,89977,207196,159777,47419,50326,40375,9951,249810,151148,83345,233006,494486,809950,96087,2022118,2015703,1526599,465907,970,22226,6415,4293702,39538300
1990:Q4,GenX,230701,139912,72103,67809,90789,34587,1929,8285,6598,1687,0,0,0,0,6199,1048,0,12972,20428,5340,94508,94194,41851,51841,13,488,314,136193,6436036
1990:Q4,Millennial,0,0,0,0,0,0,0,0,0,0,0,0,0,0,0,0,0,0,0,0,0,0,0,0,0,0,0,0,0
1991:Q1,Silent,18642508,5793092,4668658,1124434,12849416,2417640,347172,945061,774602,170459,355434,225606,129828,1897747,245504,314318,530056,3390667,2255681,150137,1355448,1345502,928919,294599,2034,119951,9946,17287060,48073044
1991:Q1,BabyBoom,6544500,3269732,2401483,868248,3274768,612014,113882,193805,145553,48251,52381,42545,9836,389667,153581,82858,258206,515366,805761,97249,2040669,2034311,1557015,452727,1664,22906,6358,4503831,39621201
1991:Q1,GenX,257452,152363,77262,75101,105089,39567,3815,9630,7496,2134,0,0,0,0,7014,894,1212,16214,20971,5771,99562,99228,43758,54882,31,557,334,157890,6774249
1991:Q1,Millennial,0,0,0,0,0,0,0,0,0,0,0,0,0,0,0,0,0,0,0,0,0,0,0,0,0,0,0,0,0
1991:Q2,Silent,18720926,5815989,4689738,1126251,12904937,2383431,333543,969060,789105,179956,361259,229479,131780,1904857,249850,320666,541080,3436548,2254211,150432,1368910,1359103,947759,289862,617,120865,9807,17352016,47858021
1991:Q2,BabyBoom,6582788,3306853,2430061,876792,3275935,596000,107128,202940,154223,48716,48777,39050,9727,367959,157124,86464,262097,540219,808573,98653,2074109,2067846,1592537,451481,496,23332,6263,4508679,39713433
1991:Q2,GenX,276219,163666,83011,80655,112553,40587,2944,10824,8179,2645,0,0,0,0,8055,1001,833,19835,22202,6272,111308,110963,50355,59963,11,635,345,164911,7137654
1991:Q2,Millennial,0,0,0,0,0,0,0,0,0,0,0,0,0,0,0,0,0,0,0,0,0,0,0,0,0,0,0,0,0
1991:Q3,Silent,18882680,5828267,4690934,1137332,13054413,2362466,328527,979366,810137,169229,368799,236289,132510,1997345,252314,326912,559344,3481762,2246920,150657,1379318,1369652,960198,286027,512,122915,9666,17503362,47610924
1991:Q3,BabyBoom,6765126,3365683,2484567,881115,3399443,595582,108075,211888,166670,45219,54937,45318,9619,431407,158734,88709,279511,564153,806334,100115,2088441,2082271,1599037,451385,401,31447,6171,4676685,39814258
1991:Q3,GenX,305593,179915,94888,85027,125678,44034,2731,11896,8883,3013,0,0,0,0,8885,1012,3587,23816,22901,6816,121373,121018,55268,65088,11,651,355,184220,7524699
1991:Q3,Millennial,0,0,0,0,0,0,0,0,0,0,0,0,0,0,0,0,0,0,0,0,0,0,0,0,0,0,0,0,0
1991:Q4,Silent,19166938,5833277,4696387,1136890,13333661,2352847,326851,983549,815374,168175,375513,244707,130806,2216320,255570,333120,579550,3526447,2232128,151766,1398612,1389045,977544,285467,998,125035,9567,17768326,47334189
1991:Q4,BabyBoom,7095239,3416695,2527284,889411,3678544,609355,112228,215677,172196,43481,72660,63142,9518,624242,161501,91966,302521,589475,796684,102233,2132157,2126038,1627310,457744,757,40227,6118,4963082,39922939
1991:Q4,GenX,358599,198060,106914,91146,160539,50045,2819,13309,9757,3552,0,0,0,16802,9958,1093,8107,28211,22681,7514,136461,136084,63026,72370,26,662,377,222139,7933834
1991:Q4,Millennial,0,0,0,0,0,0,0,0,0,0,0,0,0,0,0,0,0,0,0,0,0,0,0,0,0,0,0,0,0
1992:Q1,Silent,19182543,5852832,4722395,1130436,13329711,2282283,334286,1003644,827006,176639,376265,246845,129420,2203002,258786,339252,585469,3571650,2222258,152817,1408966,1399467,999201,273796,1184,125285,9499,17773577,47030249
1992:Q1,BabyBoom,7098552,3459061,2556629,902433,3639491,547697,125072,224746,181387,43359,57943,48519,9424,590317,164460,91768,298351,642768,791952,104417,2123946,2117849,1635284,444469,867,37229,6098,4974606,40038735
1992:Q1,GenX,369718,214857,115522,99335,154861,43389,3894,14959,10660,4299,0,0,0,10367,11141,894,5694,33357,22896,8270,150116,149707,73792,75088,37,790,408,219602,8363508
1992:Q1,Millennial,0,0,0,0,0,0,0,0,0,0,0,0,0,0,0,0,0,0,0,0,0,0,0,0,0,0,0,0,0
1992:Q2,Silent,19250027,5873743,4744803,1128940,13376284,2257970,321901,989688,809575,180113,379989,252085,127903,2219787,260737,345376,596200,3634429,2216116,154092,1421095,1411648,1014691,268652,1536,126769,9447,17828932,46701537
1992:Q2,BabyBoom,7182571,3497649,2581482,916168,3684922,542569,119554,217860,175722,42138,61025,51689,9336,584159,166104,97141,303986,694462,791219,106844,2136333,2130238,1643710,442858,1079,42591,6095,5046237,40160909
1992:Q2,GenX,380110,229883,121770,108113,150227,46208,2826,16955,11867,5088,27,0,27,6897,12173,1135,5729,25643,23511,9123,165014,164567,82842,80823,59,843,447,215096,8812171
1992:Q2,Millennial,0,0,0,0,0,0,0,0,0,0,0,0,0,0,0,0,0,0,0,0,0,0,0,0,0,0,0,0,0
1992:Q3,Silent,19413411,5888080,4747636,1140445,13525331,2241929,314523,995932,823803,172129,383558,257332,126225,2291682,264637,351437,611609,3697383,2217250,155390,1430184,1420770,1026298,266005,927,127539,9414,17983227,46350486
1992:Q3,BabyBoom,7432443,3595599,2677012,918586,3836844,548368,118668,225500,186813,38687,58966,49721,9245,638741,170375,100993,320730,746201,798915,109388,2175381,2169267,1678557,446779,625,43306,6114,5257062,40288723
1992:Q3,GenX,412906,252033,139340,112693,160873,51253,2191,18769,12934,5835,217,32,185,12154,13753,1254,9119,16895,25216,10052,181660,181165,91024,89149,41,951,495,231246,9278273
1992:Q3,Millennial,0,0,0,0,0,0,0,0,0,0,0,0,0,0,0,0,0,0,0,0,0,0,0,0,0,0,0,0,0
1992:Q4,Silent,19604537,5879725,4735797,1143928,13724811,2238293,312116,999939,823015,176924,389533,266718,122815,2477283,264793,352399,612427,3717142,2205120,155765,1431958,1422655,1025346,266783,1308,129218,9303,18172579,45979805
1992:Q4,BabyBoom,7847303,3685939,2759177,926762,4161364,578057,107233,225052,184623,40428,56502,46039,10463,801958,176634,119763,349471,832943,801626,112124,2219671,2213423,1709896,460414,934,42178,6249,5627631,40421283
1992:Q4,GenX,478034,280007,157229,122778,198027,57679,914,18861,12898,5963,320,148,172,33102,15914,2292,12196,22133,23530,11086,204947,204389,105661,97572,69,1087,558,273087,9760183
1992:Q4,Millennial,0,0,0,0,0,0,0,0,0,0,0,0,0,0,0,0,0,0,0,0,0,0,0,0,0,0,0,0,0
1993:Q1,Silent,19703715,5876966,4757848,1119118,13826749,2196094,320633,1018218,808921,209298,396252,276686,119565,2553845,264611,353491,619262,3735583,2213166,155596,1415578,1406376,1016803,255718,2155,131700,9201,18288137,45593293
1993:Q1,BabyBoom,8038500,3703048,2755379,947669,4335452,554608,106833,222809,175729,47080,69394,57691,11703,852747,182697,130971,391607,879826,829380,114579,2228018,2221621,1720873,451906,1623,47219,6397,5810483,40557081
1993:Q1,GenX,513499,296705,156879,139826,216794,53199,1101,19342,12969,6372,178,29,149,37344,18194,2678,20114,27205,25325,12113,218590,217960,117028,99638,138,1157,630,294909,10255951
1993:Q1,Millennial,0,0,0,0,0,0,0,0,0,0,0,0,0,0,0,0,0,0,0,0,0,0,0,0,0,0,0,0,0
1993:Q2,Silent,19769565,5891090,4762680,1128410,13878474,2178250,321427,1009330,781445,227884,403830,287598,116232,2599202,264685,354567,618801,3753853,2219491,155040,1412237,1403141,1015026,252848,1930,133337,9096,18357328,45195024
1993:Q2,BabyBoom,8279639,3803940,2846991,956949,4475699,564420,97877,212386,161032,51355,80072,67109,12963,873120,189285,142713,415786,926896,856303,116840,2272355,2265810,1759318,458987,1546,45959,6545,6007284,40694454
1993:Q2,GenX,552287,321502,170416,151086,230785,55427,0,19640,13137,6503,129,0,129,36540,20745,3142,22387,32695,26933,13146,242990,242283,134002,106827,142,1313,707,309297,10763548
1993:Q2,Millennial,0,0,0,0,0,0,0,0,0,0,0,0,0,0,0,0,0,0,0,0,0,0,0,0,0,0,0,0,0
1993:Q3,Silent,19900856,5904123,4764367,1139756,13996733,2165057,324558,1007303,755076,252227,407852,295012,112841,2694296,264812,355475,619821,3772079,2230397,155082,1408005,1399019,1007475,253250,2203,136090,8987,18492851,44789070
1993:Q3,BabyBoom,8588859,3909938,2945328,964610,4678921,580861,91506,204765,148075,56689,73005,58764,14241,945847,196111,158132,442846,976007,890303,119540,2337514,2330821,1802702,472678,1871,53570,6693,6251345,40831741
1993:Q3,GenX,608256,348027,186325,161701,260230,59163,0,19866,13263,6603,249,137,111,44812,23517,4027,25899,38643,29715,14338,267431,266642,148354,116741,188,1359,788,340826,11280946
1993:Q3,Millennial,0,0,0,0,0,0,0,0,0,0,0,0,0,0,0,0,0,0,0,0,0,0,0,0,0,0,0,0,0
1993:Q4,Silent,20076485,5923465,4778569,1144896,14153020,2146379,333755,1050373,757990,292383,412666,303227,109439,2788289,264869,356809,618466,3790227,2237226,153961,1409986,1401111,1001548,258863,2185,138515,8875,18666499,44379506
1993:Q4,BabyBoom,8885586,4007632,3027019,980613,4877955,588822,91528,213270,148413,64856,72591,57055,15536,1018795,202982,165035,463354,1019917,920160,121502,2397840,2390999,1833293,496985,1970,58751,6841,6487747,40967279
1993:Q4,GenX,662512,377894,201154,176739,284618,60914,0,20002,13185,6817,329,235,94,53605,26474,4024,27178,44941,31759,15394,297686,296811,164835,130321,214,1442,875,364826,11806113
1993:Q4,Millennial,0,0,0,0,0,0,0,0,0,0,0,0,0,0,0,0,0,0,0,0,0,0,0,0,0,0,0,0,0
1994:Q1,Silent,20119360,5945565,4812658,1132907,14173795,2123068,344972,1104307,795808,308499,417403,311226,106177,2734929,263477,358293,614420,3808573,2250797,153554,1393403,1384635,989472,251978,2965,140220,8768,18725957,43970405
1994:Q1,BabyBoom,8990886,4062585,3064037,998549,4928301,588731,93812,233306,164426,68881,72635,55784,16851,935506,208063,170616,476288,1065481,959908,123954,2427474,2420481,1863317,496029,2822,58312,6993,6563412,41099405
1994:Q1,GenX,675223,400377,205674,194703,274846,60499,0,19282,12690,6592,398,332,66,32066,29184,3850,25544,51702,35699,16623,315952,314984,177165,135869,340,1611,968,359270,12337021
1994:Q1,Millennial,0,0,0,0,0,0,0,0,0,0,0,0,0,0,0,0,0,0,0,0,0,0,0,0,0,0,0,0,0
1994:Q2,Silent,20206557,5973702,4837367,1136336,14232855,2094294,347169,1165735,840780,324954,419839,317073,102766,2719524,262308,360169,616067,3827195,2267904,152651,1395234,1386571,985865,254848,3841,142017,8662,18811324,43565840
1994:Q2,BabyBoom,9149749,4150283,3137315,1012968,4999466,578205,85689,258177,185158,73019,66953,48781,18172,884121,213461,171013,502607,1107867,1005298,126075,2476505,2469359,1891923,515194,3853,58389,7147,6673244,41226457
1994:Q2,GenX,697986,426092,215781,210311,271895,56997,0,17980,11742,6238,587,540,48,14362,32116,3021,29234,58845,40942,17811,349230,348162,197328,148538,513,1783,1068,348756,12871640
1994:Q2,Millennial,0,0,0,0,0,0,0,0,0,0,0,0,0,0,0,0,0,0,0,0,0,0,0,0,0,0,0,0,0
1994:Q3,Silent,20301815,5962912,4813595,1149317,14338903,2082186,356780,1181991,848360,333631,422536,323215,99322,2770401,265197,361810,621020,3846344,2277823,152814,1396559,1388006,981339,259072,3968,143627,8553,18905256,43169886
1994:Q3,BabyBoom,9440159,4262032,3238321,1023711,5178128,593532,85925,263371,187545,75826,63642,44143,19499,908704,224189,177997,536748,1153434,1041682,128903,2528119,2520824,1922508,537653,4220,56444,7295,6912040,41346772
1994:Q3,GenX,760847,465211,241725,223486,295635,60167,0,16887,11293,5594,747,715,33,11662,36550,2938,36481,66478,44477,19248,384699,383528,217698,163229,603,1999,1170,376148,13407942
1994:Q3,Millennial,0,0,0,0,0,0,0,0,0,0,0,0,0,0,0,0,0,0,0,0,0,0,0,0,0,0,0,0,0
1994:Q4,Silent,20397483,5931641,4779107,1152534,14465843,2068727,370973,1282240,919471,362768,424971,329476,95495,2771343,263483,364153,614210,3866111,2287268,152364,1405257,1396813,977832,267783,4853,146345,8444,18992226,42786615
1994:Q4,BabyBoom,9626676,4345948,3312035,1033913,5280728,605576,91862,307276,224979,82297,61548,40749,20800,870828,228828,175300,539302,1191271,1077647,131289,2596408,2588967,1948677,570555,5430,64305,7441,7030268,41458689
1994:Q4,GenX,800572,508344,270655,237689,292228,62431,311,13994,8822,5172,925,875,50,0,39627,1583,30365,74400,47981,20609,426953,425676,239934,182830,852,2060,1277,373619,13943896
1994:Q4,Millennial,0,0,0,0,0,0,0,0,0,0,0,0,0,0,0,0,0,0,0,0,0,0,0,0,0,0,0,0,0
1995:Q1,Silent,20520559,5905556,4748584,1156972,14615003,2063634,384101,1264981,888981,375999,428563,336450,92113,2886979,264282,365937,623687,3886847,2292319,153673,1390910,1382560,967094,262470,5241,147754,8350,19129649,42420100
1995:Q1,BabyBoom,9968553,4421633,3372648,1048985,5546919,631089,97269,291366,205402,85964,61770,39646,22124,974668,236679,185065,583580,1243225,1107374,134836,2615861,2608263,1970359,572034,6192,59679,7598,7352691,41560544
1995:Q1,GenX,886603,548710,293971,254739,337892,68740,1647,13686,9415,4271,1031,998,34,9187,43704,1793,42682,82996,50047,22379,449805,448410,254982,190042,1045,2341,1395,436798,14477472
1995:Q1,Millennial,0,0,0,0,0,0,0,0,0,0,0,0,0,0,0,0,0,0,0,0,0,0,0,0,0,0,0,0,0
1995:Q2,Silent,20654501,5857801,4688546,1169255,14796700,2063620,400294,1250311,882156,368155,431239,342536,88703,3005576,266291,367113,632510,3925563,2299197,154986,1388226,1379965,958712,265392,6142,149719,8261,19266275,42074416
1995:Q2,BabyBoom,10396594,4532555,3481440,1051115,5864040,664609,106951,285467,199580,85887,60144,36708,23436,1084242,245987,206003,625694,1307563,1139043,138337,2674565,2666811,2007818,591800,7618,59576,7754,7722030,41650675
1995:Q2,GenX,976400,602284,338322,263962,374116,77846,3927,11778,9185,2593,1184,1162,22,26990,48366,3565,54821,68917,52519,24203,483716,482197,272306,205934,1402,2555,1518,492685,15006643
1995:Q2,Millennial,0,0,0,0,0,0,0,0,0,0,0,0,0,0,0,0,0,0,0,0,0,0,0,0,0,0,0,0,0
1995:Q3,Silent,20748551,5718476,4543254,1175222,15030075,2050553,410774,1271365,878289,393076,433517,348208,85308,3151616,265874,368942,645303,3966686,2312962,152484,1393397,1385222,955637,270048,6910,152626,8175,19355154,41753636
1995:Q3,BabyBoom,10723677,4538466,3483640,1054826,6185211,673328,108526,286897,195286,91610,57948,33216,24732,1224267,251870,219071,678281,1366271,1179646,139108,2740049,2732143,2038967,615641,8995,68539,7906,7983628,41727420
1995:Q3,GenX,1075845,661219,386243,274976,414626,79399,4666,10369,8840,1529,1357,1345,12,53493,52252,4325,72853,53391,57324,25197,525684,524038,295733,223909,1792,2604,1646,550161,15529378
1995:Q3,Millennial,0,0,0,0,0,0,0,0,0,0,0,0,0,0,0,0,0,0,0,0,0,0,0,0,0,0,0,0,0
1995:Q4,Silent,21024626,5736769,4559665,1177104,15287857,2041850,425312,1308773,874322,434452,444599,360081,84517,3313271,263126,371035,660711,3998770,2307948,152463,1407836,1399788,952321,282731,9285,155451,8048,19616790,41460467
1995:Q4,BabyBoom,11141605,4601213,3532008,1069205,6540392,694972,119164,301220,198544,102676,64935,41235,23700,1370832,263311,225151,726493,1411725,1221130,141459,2787182,2779014,2064228,639208,12611,62966,8169,8354423,41789886
1995:Q4,GenX,1156084,680572,397575,282997,475513,86034,5265,13455,9942,3513,2540,2524,16,81651,53768,4905,78274,55865,67454,26302,557440,555734,303959,246221,2534,3021,1706,598644,16044046
1995:Q4,Millennial,0,0,0,0,0,0,0,0,0,0,0,0,0,0,0,0,0,0,0,0,0,0,0,0,0,0,0,0,0
1996:Q1,Silent,21217084,5794366,4613813,1180552,15422718,2045829,448842,1277121,837139,439983,452271,368633,83638,3410128,258517,373309,675253,4032616,2297671,151161,1410964,1403043,955105,281154,6267,160517,7920,19806120,41192149
1996:Q1,BabyBoom,11456829,4657441,3569228,1088213,6799388,735209,143718,291952,184800,107152,65022,42394,22628,1439800,272023,231547,773440,1450339,1253517,142822,2830924,2822501,2104913,628849,9354,79386,8422,8625905,41840260
1996:Q1,GenX,1224570,701299,407621,293678,523271,99356,8959,16522,12079,4443,4103,4069,35,90665,54406,5562,82788,58200,75637,27074,577408,575647,318841,252204,1591,3010,1761,647162,16550614
1996:Q1,Millennial,0,0,0,0,0,0,0,0,0,0,0,0,0,0,0,0,0,0,0,0,0,0,0,0,0,0,0,0,0
1996:Q2,Silent,21439454,5833381,4647887,1185494,15606073,2031970,450297,1323642,866737,456906,456153,373476,82677,3516955,255461,375902,685674,4068079,2291869,150070,1430340,1422536,961872,288498,8371,163796,7804,20009114,40944558
1996:Q2,BabyBoom,11741969,4728400,3632254,1096146,7013569,741949,135115,317942,204323,113619,52183,30661,21522,1518493,282549,236067,807619,1486742,1290654,144257,2870513,2861835,2131585,639684,12952,77614,8679,8871455,41881500
1996:Q2,GenX,1266540,717843,420667,297176,548697,101574,5123,17964,12255,5709,6271,6204,67,102616,55533,5955,79707,60494,85599,27861,614567,612748,338751,268398,2226,3373,1819,651973,17049448
1996:Q2,Millennial,0,0,0,0,0,0,0,0,0,0,0,0,0,0,0,0,0,0,0,0,0,0,0,0,0,0,0,0,0
1996:Q3,Silent,21564537,5874176,4681899,1192277,15690361,2026257,462995,1317754,882438,435316,461935,380247,81688,3549359,254886,378783,698281,4104998,2284963,150149,1449273,1441583,969918,295554,9020,167091,7690,20115263,40713566
1996:Q3,BabyBoom,11959579,4796867,3687495,1109373,7162712,760225,143671,330165,217275,112890,40917,20526,20392,1511840,296069,238719,849424,1520051,1325172,146457,2907815,2898884,2159107,649776,14641,75359,8931,9051764,41916562
1996:Q3,GenX,1304631,742225,438699,303526,562406,107962,5056,18727,12829,5898,8752,8643,109,91307,57620,6056,80030,62721,95249,28926,652912,651038,360337,284516,2422,3763,1874,651719,17540912
1996:Q3,Millennial,0,0,0,0,0,0,0,0,0,0,0,0,0,0,0,0,0,0,0,0,0,0,0,0,0,0,0,0,0
1996:Q4,Silent,21831465,5903618,4716252,1187366,15927847,2015248,478281,1327370,899483,427887,474141,393421,80720,3676090,254768,383895,730822,4143271,2294095,149866,1464689,1457111,974418,304796,6788,171110,7578,20366776,40495050
1996:Q4,BabyBoom,12325412,4833213,3706858,1126355,7492199,768069,157124,345979,231287,114693,63134,43889,19245,1611458,309994,206149,968018,1534291,1379612,148372,2953463,2944283,2187611,665006,11886,79780,9180,9371949,41948403
1996:Q4,GenX,1430153,780203,465994,314208,649950,110724,6159,19856,13358,6498,10479,10326,153,109453,59864,345,127467,64459,111260,29883,688315,686388,376602,304076,1689,4021,1927,741838,18025372
1996:Q4,Millennial,0,0,0,0,0,0,0,0,0,0,0,0,0,0,0,0,0,0,0,0,0,0,0,0,0,0,0,0,0
1997:Q1,Silent,21870586,5928964,4738555,1190409,15941622,2007958,496677,1213764,850344,363420,478811,399255,79557,3726183,253086,386688,736356,4182518,2309649,149932,1470348,1462927,978197,300404,9314,175012,7421,20400238,40284882
1997:Q1,BabyBoom,12500800,4881359,3738140,1143220,7619441,780574,176677,314937,208693,106244,42669,24601,18068,1623427,321857,213269,987408,1567521,1440581,150522,2960818,2951433,2203370,648714,16668,82681,9385,9539982,41979981
1997:Q1,GenX,1475992,810308,486893,323415,665683,115240,8887,21509,16120,5389,14012,13788,224,102573,61371,1034,113651,66680,129799,30927,705677,703731,391882,305057,2469,4323,1946,770315,18503192
1997:Q1,Millennial,0,0,0,0,0,0,0,0,0,0,0,0,0,0,0,0,0,0,0,0,0,0,0,0,0,0,0,0,0
1997:Q2,Silent,22361662,5964929,4770940,1193989,16396733,2003407,500441,1215551,840515,375037,487157,408326,78831,4094379,253575,388161,765624,4222510,2315849,150079,1486456,1479188,984324,305213,10294,179357,7268,20875206,40078938
1997:Q2,BabyBoom,13215576,4955524,3806681,1148843,8260052,796286,169371,318894,207623,111272,45126,28213,16913,1985772,336399,245350,1105351,1615704,1489055,152743,3001982,2992388,2229689,654095,19102,89502,9593,10213594,42014252
1997:Q2,GenX,1687368,841681,517548,324133,845687,121036,4232,24148,17567,6582,17062,16810,252,198232,63844,6062,164698,69311,145069,31993,738587,736623,410574,318730,2774,4544,1964,948781,18974739
1997:Q2,Millennial,0,0,0,0,0,0,0,0,0,0,0,0,0,0,0,0,0,0,0,0,0,0,0,0,0,0,0,0,0
1997:Q3,Silent,22716114,5985627,4782864,1202763,16730486,2001980,514719,1219302,826658,392644,495064,416843,78221,4325347,253908,390151,788722,4263131,2326912,151250,1505249,1498132,997374,310660,5677,184421,7118,21210864,39873091
1997:Q3,BabyBoom,13759559,5035039,3875079,1159960,8724520,815952,182305,321890,204474,117416,33672,17921,15752,2191721,350772,267746,1204269,1657402,1543065,155726,3056526,3046721,2271304,661385,11595,102437,9805,10703033,42054173
1997:Q3,GenX,1862858,882647,555376,327271,980211,128442,4983,27071,19104,7967,21182,20912,270,249697,66256,9604,205387,71782,162441,33366,782241,780261,440602,333761,1268,4630,1980,1080617,19440377
1997:Q3,Millennial,0,0,0,0,0,0,0,0,0,0,0,0,0,0,0,0,0,0,0,0,0,0,0,0,0,0,0,0,0
1997:Q4,Silent,22958469,6032564,4835346,1197217,16925905,2006124,529360,1231453,859713,371740,502468,425226,77242,4407227,250783,393958,792368,4304206,2358307,149652,1526903,1519933,1004249,318479,9204,188001,6970,21431566,39663217
1997:Q4,BabyBoom,14062773,5093769,3912938,1180832,8969004,843390,196696,342586,225967,116619,40050,25498,14553,2243852,361042,261970,1221713,1680678,1620225,156801,3084716,3074694,2279630,674061,18875,102128,10022,10978057,42102702
1997:Q4,GenX,1935062,921917,582005,339912,1013145,139018,6117,27733,19544,8189,24904,24570,334,256920,66994,8157,188268,73735,187377,33921,823449,821453,462480,351625,2312,5036,1996,1111613,19900472
1997:Q4,Millennial,0,0,0,0,0,0,0,0,0,0,0,0,0,0,0,0,0,0,0,0,0,0,0,0,0,0,0,0,0
1998:Q1,Silent,23513531,6076756,4874170,1202586,17436775,1993653,551796,1228821,824356,404466,508574,432457,76117,4841691,249186,395521,819048,4344978,2354369,149137,1536408,1529633,1013788,313780,9872,192193,6775,21977123,39445189
1998:Q1,BabyBoom,14903988,5198149,4004485,1193664,9705839,845943,227790,336925,211277,125647,53397,40061,13336,2657510,373392,291035,1347480,1755882,1657757,158729,3095348,3085147,2297948,658852,20964,107383,10201,11808640,42162795
1998:Q1,GenX,2193969,964826,621014,343812,1229143,139678,12404,31734,21654,10080,28589,28170,420,371923,68460,13079,250960,77190,200324,34802,850907,848934,489708,351411,2492,5323,1973,1343062,20355388
1998:Q1,Millennial,0,0,0,0,0,0,0,0,0,0,0,0,0,0,0,0,0,0,0,0,0,0,0,0,0,0,0,0,0
1998:Q2,Silent,23795982,6162956,4955965,1206991,17633026,1981829,561319,1308560,854634,453926,514446,439528,74918,4928445,247209,397679,822848,4354552,2368563,147575,1556656,1549950,1022695,321922,8785,196548,6706,22239325,39214881
1998:Q2,BabyBoom,15354198,5335835,4125387,1210448,10018363,850037,233717,370001,231738,138263,54117,42010,12107,2721958,385566,309357,1371488,1845261,1716847,160014,3159464,3148966,2340785,674115,19675,114391,10498,12194733,42237409
1998:Q2,GenX,2279717,1006963,656693,350270,1272754,140727,10885,34828,22298,12530,33519,33001,518,384296,69743,16129,236614,90434,220223,35355,897622,895577,516222,371707,2070,5578,2046,1382094,20805492
1998:Q2,Millennial,0,0,0,0,0,0,0,0,0,0,0,0,0,0,0,0,0,0,0,0,0,0,0,0,0,0,0,0,0
1998:Q3,Silent,23490648,6170528,4940161,1230367,17320119,1971946,585918,1349559,914366,435194,517639,443771,73868,4565343,241743,402031,807681,4363898,2366964,147396,1574551,1568216,1031660,327581,9507,199468,6335,21916097,38968169
1998:Q3,BabyBoom,15271550,5513976,4293805,1220172,9757574,857838,270516,409622,271717,137905,83823,72946,10877,2320007,393938,294218,1295300,1909550,1760346,162416,3205910,3195373,2379765,684482,21998,109129,10538,12065640,42329502
1998:Q3,GenX,2157621,1081481,735291,346190,1076140,143061,19228,34788,21902,12886,36689,36086,604,249940,69192,12766,135549,103265,235293,36367,943677,941799,544731,388656,2255,6158,1878,1213944,21251148
1998:Q3,Millennial,0,0,0,0,0,0,0,0,0,0,0,0,0,0,0,0,0,0,0,0,0,0,0,0,0,0,0,0,0
1998:Q4,Silent,24062255,6257210,5042272,1214937,17805045,2007802,610355,1266512,886671,379841,517484,443178,74307,5068067,250576,389557,840586,4328896,2379826,145383,1577102,1571243,1029013,326467,11634,204129,5860,22485153,38702219
1998:Q4,BabyBoom,16418803,5612306,4362834,1249473,10806496,908881,298339,409598,286292,123307,78759,66626,12133,2906073,404635,342770,1455699,2065559,1772365,163818,3288958,3278852,2439359,708810,24567,106116,10106,13129845,42440906
1998:Q4,GenX,2594018,1157056,787703,369353,1436962,165242,24900,34405,23331,11073,36471,35987,484,437208,79516,18525,263817,106779,232608,37493,997625,995974,580218,405994,3125,6636,1650,1596393,21692690
1998:Q4,Millennial,0,0,0,0,0,0,0,0,0,0,0,0,0,0,0,0,0,0,0,0,0,0,0,0,0,0,0,0,0
1999:Q1,Silent,23993592,6279082,5064699,1214383,17714511,2001791,635058,1236247,819463,416785,517371,442411,74959,5042832,252690,378945,850171,4292810,2363483,143114,1566203,1559929,1022393,317257,11312,208966,6275,22427389,38419374
1999:Q1,BabyBoom,16765212,5736804,4469358,1267445,11028408,900104,325583,401156,272901,128255,75660,62261,13399,2944378,407655,363524,1494159,2197017,1753986,165184,3348487,3338046,2495105,714923,22445,105573,10441,13416725,42568958
1999:Q1,GenX,2716112,1234722,855280,379442,1481390,161971,30366,37907,25600,12307,36069,35731,338,453010,86582,18855,289472,109534,219049,38574,1032714,1030536,610139,410218,3112,7067,2177,1683398,22130327
1999:Q1,Millennial,0,0,0,0,0,0,0,0,0,0,0,0,0,0,0,0,0,0,0,0,0,0,0,0,0,0,0,0,0
1999:Q2,Silent,24265284,6370217,5161726,1208491,17895068,1991482,635218,1159568,766460,393108,516622,441395,75228,5302136,257177,367188,865643,4256263,2402609,141161,1565263,1559020,1017596,313358,12342,215724,6243,22700022,38123269
1999:Q2,BabyBoom,17499136,5898056,4601651,1296405,11601080,885313,313276,387000,266168,120832,76537,61895,14641,3260649,413948,397811,1560817,2338895,1799935,166901,3450853,3440455,2561009,734383,22783,122280,10398,14048283,42709873
1999:Q2,GenX,2940244,1300056,900107,399949,1640187,155580,22933,38604,27029,11576,35407,35167,240,554325,95268,21892,337055,112585,226733,39804,1081948,1079612,645086,423840,3630,7056,2336,1858296,22564237
1999:Q2,Millennial,0,0,0,0,0,0,0,0,0,0,0,0,0,0,0,0,0,0,0,0,0,0,0,0,0,0,0,0,0
1999:Q3,Silent,24069927,6425748,5209388,1216360,17644179,1999223,651716,1113022,732552,380469,515747,439923,75825,5058509,255645,358700,857196,4218528,2474169,141725,1567072,1560878,1018343,311365,10802,220369,6194,22502856,37817540
1999:Q3,BabyBoom,17726289,6087857,4766830,1321026,11638433,898267,328305,385002,268887,116115,99853,83944,15908,3087871,412914,393271,1522473,2455332,1884629,170517,3538612,3528271,2628649,759432,19009,121181,10341,14187677,42859863
1999:Q3,GenX,2974449,1390267,976952,413316,1584181,161082,24319,39222,27990,11232,33092,32991,101,504719,100884,16977,299698,114783,247419,41985,1148530,1146046,694267,441099,3150,7530,2485,1825918,22994598
1999:Q3,Millennial,0,0,0,0,0,0,0,0,0,0,0,0,0,0,0,0,0,0,0,0,0,0,0,0,0,0,0,0,0
1999:Q4,Silent,24765373,6477786,5269105,1208681,18287587,2023531,688245,964397,747273,217124,517148,440950,76198,5747551,271244,343123,886091,4182171,2494797,169290,1573678,1567275,1017687,309483,10687,229418,6403,23191695,37505821
1999:Q4,BabyBoom,19172854,6229065,4879947,1349119,12943789,937661,375106,375119,301042,74077,146749,129590,17159,3816019,434177,470110,1649525,2630964,1913794,194565,3631230,3620701,2661321,786020,17735,155624,10529,15541624,43015141
1999:Q4,GenX,3454808,1480247,1046953,433294,1974561,178513,36260,34444,28682,5762,29416,29416,0,733872,116534,28886,394629,118887,249022,54096,1216540,1213671,745255,458119,3225,7072,2869,2238268,23421587
1999:Q4,Millennial,0,0,0,0,0,0,0,0,0,0,0,0,0,0,0,0,0,0,0,0,0,0,0,0,0,0,0,0,0
2000:Q1,Silent,24967391,6601215,5386591,1214625,18366176,2036527,715208,858513,683381,175132,516062,440953,75109,5941387,274518,331009,899067,4144908,2479974,169004,1570301,1564228,1014497,300103,11581,238048,6073,23397090,37191747
2000:Q1,BabyBoom,19928987,6470257,5089903,1380354,13458730,960316,405995,340955,280318,60636,154803,136544,18259,4066742,439880,507019,1706893,2774970,1903289,197869,3684912,3674703,2678119,793495,18009,185079,10209,16244075,43171921
2000:Q1,GenX,3683621,1567045,1114104,452941,2116576,188549,42904,34001,29535,4466,28532,28455,77,816332,125523,32641,433349,121943,236502,56300,1267001,1264225,793597,460167,3704,6757,2776,2416620,23845383
2000:Q1,Millennial,0,0,0,0,0,0,0,0,0,0,0,0,0,0,0,0,0,0,0,0,0,0,0,0,0,0,0,0,0
2000:Q2,Silent,24801298,6724648,5506864,1217784,18076651,2036117,711473,833589,640122,193467,512978,438978,74000,5674118,272813,321663,894051,4107138,2543017,169694,1569451,1563380,1014296,298683,10604,239797,6071,23231847,36878955
2000:Q2,BabyBoom,20169975,6740319,5327745,1412574,13429656,961805,391033,335430,271458,63972,138733,119413,19320,3873892,438995,516974,1688859,2898751,1983205,201982,3747979,3737781,2735425,823163,15686,163507,10198,16421996,43326417
2000:Q2,GenX,3740548,1679320,1204970,474350,2061227,188820,34239,35149,29992,5158,29131,28962,170,761138,131845,30658,411590,124286,255446,58925,1342524,1339542,848374,479925,3437,7806,2982,2398024,24266162
2000:Q2,Millennial,0,0,0,0,0,0,0,0,0,0,0,0,0,0,0,0,0,0,0,0,0,0,0,0,0,0,0,0,0
2000:Q3,Silent,24817108,6799655,5573204,1226451,18017453,2036598,732717,805271,606068,199203,512558,439680,72877,5590215,273959,310658,897055,4070324,2617500,170599,1573579,1567627,1014422,299746,8643,244817,5952,23243528,36571079
2000:Q3,BabyBoom,20735195,7006137,5570386,1435751,13729058,964066,413991,331075,266824,64250,154591,134249,20342,3855426,441853,545528,1705274,3034078,2076891,206285,3839725,3829655,2789953,861299,12244,166159,10070,16895470,43474840
2000:Q3,GenX,3892750,1783727,1297755,485973,2109023,189347,38238,35756,30306,5450,27765,27495,270,760001,140039,32670,417346,127001,279167,61694,1426193,1423111,906071,506028,2785,8227,3081,2466558,24684104
2000:Q3,Millennial,0,0,0,0,0,0,0,0,0,0,0,0,0,0,0,0,0,0,0,0,0,0,0,0,0,0,0,0,0
2000:Q4,Silent,24461807,6922851,5701991,1220860,17538956,2063548,766905,865998,637709,228289,517495,445684,71810,5017897,271893,303424,880346,4033390,2649401,168660,1571167,1565009,1008611,301804,10741,243853,6158,22890640,36271754
2000:Q4,BabyBoom,20736767,7236693,5767502,1469191,13500074,1009228,456034,376221,304931,71289,204779,183449,21330,3359535,440136,538274,1640889,3144986,2121703,208290,3895912,3885652,2848002,903332,14182,120137,10260,16840855,43613406
2000:Q4,GenX,3816060,1876308,1364604,511704,1939752,210483,48779,38143,31598,6545,24518,24151,368,607763,146469,26826,358573,128833,285964,63402,1502004,1498509,948614,536131,3743,10021,3495,2314056,25099384
2000:Q4,Millennial,0,0,0,0,0,0,0,0,0,0,0,0,0,0,0,0,0,0,0,0,0,0,0,0,0,0,0,0,0
2001:Q1,Silent,24242923,7161298,5943633,1217664,17081626,2117398,816935,826796,531051,295745,515469,443123,72346,4554716,274126,295846,849054,3998660,2664009,168616,1553022,1547206,1001839,293574,6502,245292,5816,22689901,35984617
2001:Q1,BabyBoom,20886283,7637394,6140412,1496982,13248889,1098905,519470,337294,248390,88905,190389,167863,22526,2965768,444141,536599,1520347,3278488,2145742,211746,3920816,3910921,2898860,914140,8336,89585,9895,16965467,43738326
2001:Q1,GenX,3773887,1985791,1453689,532102,1788095,253884,66572,39183,30132,9050,24689,24434,256,487090,155685,22112,255992,131465,285547,65877,1547927,1544548,988927,542010,2166,11445,3379,2225960,25512182
2001:Q1,Millennial,0,0,0,0,0,0,0,0,0,0,0,0,0,0,0,0,0,0,0,0,0,0,0,0,0,0,0,0,0
2001:Q2,Silent,24584881,7240133,6024699,1215434,17344748,2126689,820732,775228,473911,301318,516405,443654,72751,4803524,281415,285631,862902,3988600,2710162,173459,1552297,1546632,1002388,289730,4173,250341,5664,23032584,35713301
2001:Q2,BabyBoom,21711368,7882102,6364616,1517486,13829266,1113984,516844,314477,224580,89897,195671,171982,23689,3259571,455132,565051,1579195,3404845,2205388,219106,4044075,4034364,3002378,935668,5124,91194,9711,17667292,43845815
2001:Q2,GenX,4052824,2081924,1536049,545875,1970901,261714,62198,38364,28960,9403,23782,23620,163,584812,168267,24082,295784,143594,297924,70379,1620888,1617444,1045252,558851,1382,11958,3444,2431936,25922675
2001:Q2,Millennial,0,0,0,0,0,0,0,0,0,0,0,0,0,0,0,0,0,0,0,0,0,0,0,0,0,0,0,0,0
2001:Q3,Silent,24068330,7281063,6064558,1216505,16787266,2143181,848224,836967,546587,290380,532467,459252,73215,4145379,273666,278239,828360,3979605,2741529,179649,1568093,1562257,1009987,283830,7065,261375,5836,22500237,35461444
2001:Q3,BabyBoom,21582269,8135917,6603235,1532682,13446352,1140285,547200,371413,284954,86459,276207,251364,24842,2671213,443974,567343,1449963,3505289,2246077,227388,4163207,4153375,3047164,953848,8044,144318,9832,17419063,43932085
2001:Q3,GenX,3902564,2179675,1624263,555412,1722889,275604,69086,41275,32120,9155,19078,19013,64,402829,171508,20183,188747,155082,303966,75532,1719100,1715251,1131629,570096,2557,10969,3848,2183464,26331041
2001:Q3,Millennial,25752,18003,11242,6761,7749,1235,0,0,0,0,0,0,0,267,4418,0,69,0,811,949,15477,15379,8771,6576,0,32,98,10275,771266
2001:Q4,Silent,24524586,7388401,6163697,1224705,17136184,2169483,863733,780760,496157,284603,526838,453407,73431,4518594,293736,277249,832324,4016282,2675194,181992,1544634,1538648,989989,297936,1529,249194,5985,22979952,35231549
2001:Q4,BabyBoom,22444135,8329863,6773071,1556792,14114272,1178447,589938,336565,243904,92661,236044,210167,25877,3112254,453404,585723,1542220,3591103,2258207,230368,4264641,4254926,3180584,975794,1692,96856,9715,18179494,43994523
2001:Q4,GenX,4212328,2272450,1698963,573487,1939879,292566,84492,39535,30231,9304,22041,21941,100,523397,172020,21420,237080,161060,308793,77475,1761430,1757783,1136058,608515,466,12744,3647,2450898,26737207
2001:Q4,Millennial,35100,24037,14721,9317,11063,1784,113,290,189,102,0,0,0,1524,5158,1,479,0,523,1191,14853,14735,5154,9581,0,0,117,20247,988997
2002:Q1,Silent,24608634,7476593,6252177,1224416,17132041,2200919,843260,745147,481748,263398,528388,454266,74121,4506305,312416,278856,833715,4053229,2645418,184389,1541652,1535359,992887,299065,438,242970,6293,23066982,35021609
2002:Q1,BabyBoom,22919201,8540943,6967237,1573706,14378258,1222676,581657,322778,229128,93650,221543,194560,26983,3180444,461103,579768,1621482,3641839,2311725,233242,4298543,4288778,3224508,962250,462,101558,9765,18620658,44035211
2002:Q1,GenX,4400339,2377309,1789316,587993,2023030,313177,82701,38310,29465,8845,23809,23738,71,524854,171800,16983,276629,165851,329493,79423,1849800,1846195,1222025,611066,123,12982,3605,2550539,27140105
2002:Q1,Millennial,45458,31271,19091,12179,14187,2532,225,710,338,371,1,0,1,1779,5781,0,963,0,761,1436,20659,20526,9391,11134,0,0,133,24799,1219053
2002:Q2,Silent,24381440,7550202,6322099,1228103,16831238,2206788,815853,830496,494020,336476,528708,454340,74368,4139361,326759,281127,793554,4091315,2627085,190191,1542537,1536076,999119,306382,-4521,235096,6460,22838903,34828483
2002:Q2,BabyBoom,22807836,8726188,7132362,1593827,14081648,1222437,563367,355091,231208,123884,186502,158514,27988,2889430,462242,569210,1536730,3680846,2376872,238919,4357974,4348316,3297173,967168,-4663,88638,9658,18449861,44057400
2002:Q2,GenX,4346701,2509815,1904337,605478,1836886,311425,77620,41814,29719,12095,27008,26897,111,403786,168494,11300,186823,170290,355451,82876,1961837,1958437,1315128,630627,-1105,13786,3399,2384864,27538417
2002:Q2,Millennial,52560,39413,23832,15582,13147,2721,357,469,469,0,0,0,0,143,6368,0,0,27,1325,1737,27233,27085,13619,13466,0,0,148,25327,1461077
2002:Q3,Silent,23880165,7599404,6351127,1248277,16280761,2244914,796880,856422,471233,385189,533540,458436,75104,3532775,338087,283314,749409,4130805,2619733,194884,1546091,1539203,1003013,313728,-5458,227920,6888,22334073,34649032
2002:Q3,BabyBoom,22532186,8947268,7336883,1610385,13584917,1273772,555481,360358,213063,147295,176692,147614,29078,2345933,458448,561330,1437219,3719090,2453019,243575,4464789,4454940,3407986,970221,-5427,82160,9849,18067397,44064346
2002:Q3,GenX,4226578,2648090,2034146,613945,1578487,336614,76180,43183,28651,14532,28800,28718,82,189688,162653,6071,88146,174771,386512,85870,2061634,2058141,1393694,651302,-1261,14406,3493,2164944,27930823
2002:Q3,Millennial,61499,45030,26853,18177,16469,3806,529,681,681,0,1,0,1,0,6919,0,0,153,2343,2036,30980,30824,14467,16357,0,0,156,30519,1714712
2002:Q4,Silent,24132771,7658546,6396470,1262076,16474225,2263476,815217,918607,441341,477266,539035,463238,75798,3659350,350530,281182,751817,4173328,2517991,203691,1551177,1544079,1008605,322538,-8754,221691,7098,22581593,34480118
2002:Q4,BabyBoom,23149781,9164118,7541315,1622803,13985663,1291668,594053,377488,192483,185005,158152,128001,30152,2544959,456147,597451,1507996,3785271,2420665,251813,4580860,4571074,3513658,978453,-8498,87461,9787,18568921,44059302
2002:Q4,GenX,4442291,2767878,2147431,620447,1674412,344749,90632,46214,27233,18981,31313,31251,61,225157,157251,11448,120375,180422,376040,90812,2170600,2167281,1478171,676325,-1846,14631,3319,2271691,28316006
2002:Q4,Millennial,67771,51441,30582,20858,16331,4380,792,908,908,0,4,0,4,0,7317,0,0,121,367,2442,35736,35572,15879,19693,0,0,164,32035,1979602
2003:Q1,Silent,24090362,7754570,6497616,1256954,16335792,2319704,789226,858723,424418,434305,544639,468774,75865,3494581,366620,281094,741512,4213764,2517583,208345,1550157,1542449,1010778,323726,-8593,216537,7709,22540205,34318602
2003:Q1,BabyBoom,23445280,9359122,7724820,1634302,14086158,1369111,575668,360036,180109,179927,165719,134638,31082,2444360,459679,613663,1529637,3808444,2503456,256384,4680929,4670717,3608950,963239,-8078,106607,10212,18764350,44045522
2003:Q1,GenX,4534406,2864450,2231168,633282,1669957,384669,85789,43907,26323,17584,32161,32022,139,152074,154493,12019,115408,184402,411157,93878,2247534,2243883,1551089,680203,-1772,14362,3651,2286872,28692645
2003:Q1,Millennial,83654,62714,37668,25045,20941,6434,1015,1127,1127,0,0,0,0,0,7434,0,0,408,1745,2777,38540,38380,16424,21956,0,0,160,45114,2255391
2003:Q2,Silent,24653935,7837001,6573288,1263713,16816934,2348127,769741,797702,387030,410671,553599,477141,76458,3921726,387239,278605,765368,4256128,2526460,212240,1575417,1567395,1026048,330452,-7494,218389,8022,23078518,34161343
2003:Q2,BabyBoom,24621198,9571804,7923273,1648531,15049394,1400948,565143,338677,158531,180146,260340,228218,32122,2972732,470900,652029,1679369,3853442,2595546,260269,4897227,4886944,3733999,965840,-6831,193936,10283,19723971,44026259
2003:Q2,GenX,4983512,3000232,2355458,644774,1983280,400789,83650,41423,24433,16990,26846,26709,138,309359,155465,18228,210909,189276,450733,96601,2382448,2378839,1668455,700175,-1539,11747,3609,2601064,29059424
2003:Q2,Millennial,98054,72961,43921,29040,25093,7616,1278,1340,1340,0,1,0,1,0,7174,0,176,572,3836,3101,45836,45678,19877,25463,0,338,158,52218,2541722
2003:Q3,Silent,24877142,7900272,6617038,1283234,16976871,2356429,743011,773390,435087,338303,556472,480714,75758,4059195,405980,277600,762478,4297616,2525201,219499,1587171,1578923,1042437,337947,-11080,209619,8248,23289971,34005204
2003:Q3,BabyBoom,25272947,9815542,8151971,1663571,15457405,1400793,545672,340855,179338,161517,255013,222158,32855,3203588,479203,676088,1727045,3886119,2675801,267228,4967128,4956882,3817149,971741,-9954,177947,10246,20305819,44004768
2003:Q3,GenX,5236985,3146740,2494857,651883,2090245,399689,78504,40625,26498,14127,28504,28164,340,359162,154821,20899,227189,193643,486204,101004,2536165,2532722,1800964,721243,-2107,12621,3443,2700820,29415023
2003:Q3,Millennial,109265,80168,48013,32155,29097,7936,1550,2062,1606,457,0,0,0,0,6773,0,484,886,5860,3545,59404,59250,30383,28744,0,124,154,49861,2838239
2003:Q4,Silent,25451904,7982307,6684263,1298043,17469597,2379211,721142,853573,478295,375278,560235,484407,75828,4397644,424258,274338,781871,4339650,2510453,227224,1610473,1602025,1047851,345722,9088,199364,8449,23841431,33847045
2003:Q4,BabyBoom,26320461,10064885,8384259,1680626,16255577,1423942,532160,380625,197927,182698,243429,209665,33764,3658682,486955,719057,1863131,3931381,2741490,274725,5077402,5067228,3933959,978641,7594,147034,10175,21243059,43984301
2003:Q4,GenX,5661901,3283122,2620360,662762,2378779,411039,75403,44414,28186,16228,30574,30149,425,497998,153700,28600,316557,198505,516267,105721,2648747,2645521,1883867,745359,2234,14060,3226,3013154,29758124
2003:Q4,Millennial,126232,89993,53823,36170,36239,8947,1856,1888,1888,0,0,0,0,2025,6167,0,2650,1124,7543,4040,63316,63171,29936,33210,25,0,146,62915,3144585
2004:Q1,Silent,26379934,8171027,6859542,1311484,18208907,2424572,698733,1345569,951804,393765,565902,489020,76883,4539206,437482,272131,777176,4386857,2531609,229669,1608899,1600238,1051624,346567,8306,193742,8661,24771035,33683727
2004:Q1,BabyBoom,27616754,10454860,8751103,1703756,17161895,1483034,518113,676971,479764,197207,258183,223254,34930,3910307,486057,751423,1903729,4050228,2846356,277494,5159732,5149614,4014022,965692,6843,163057,10118,22457022,43968114
2004:Q1,GenX,5983101,3439202,2758381,680821,2543899,442055,72137,53586,36062,17524,30643,30289,354,559683,147701,33641,327688,206458,562485,107822,2736378,2733368,1968916,748634,1980,13838,3010,3246723,30087409
2004:Q1,Millennial,149448,106670,64966,41704,42778,11324,2182,0,0,0,0,0,0,4173,5602,25,3092,533,11497,4350,69863,69730,34126,35579,25,0,133,79585,3460405
2004:Q2,Silent,26457767,8282290,6943433,1338857,18175477,2452005,675094,1228505,867464,361040,571436,493480,77956,4478162,453166,271270,770646,4423229,2619922,232043,1625145,1616049,1068670,350621,8115,188643,9096,24832622,33512112
2004:Q2,BabyBoom,28346768,10803979,9080443,1723536,17542789,1515169,502829,604199,412658,191541,283738,247614,36124,3948719,489688,771310,1937301,4186254,3023258,280325,5286137,5275771,4120683,963365,6597,185127,10366,23060630,43959460
2004:Q2,GenX,6242799,3639601,2951691,687910,2603197,458139,68471,53040,36678,16362,29866,29591,275,534429,143753,35352,332735,199831,637690,109889,2886703,2883577,2106692,761613,1894,13378,3126,3356096,30401557
2004:Q2,Millennial,168941,114841,70031,44811,54100,12897,2524,1785,1048,737,277,277,0,3415,4677,33,3397,457,19984,4652,84370,84262,45228,38939,27,68,108,84571,3785341
2004:Q3,Silent,26795169,8470830,7133072,1337757,18324340,2465887,651652,1317331,931893,385439,576085,497200,78885,4412578,468045,269293,759306,4458225,2707632,238305,1626096,1616681,1078560,358717,-2337,181741,9415,25169073,33329059
2004:Q3,BabyBoom,29161284,11171270,9432783,1738487,17990015,1527977,488068,656913,448052,208861,269629,232319,37310,3988279,492179,799095,1952043,4328515,3200342,286973,5410041,5399573,4236182,974230,-1920,191082,10468,23751243,43961592
2004:Q3,GenX,6464020,3824171,3123475,700695,2639850,463092,64995,54820,36852,17968,32128,31913,215,505707,138792,39204,321601,192950,712526,114035,3018572,3015506,2214747,787743,-476,13492,3066,3445448,30699252
2004:Q3,Millennial,196670,134666,83746,50920,62004,13723,2883,1224,908,316,0,0,0,2360,3554,76,3211,306,29518,5149,94367,94287,50003,44185,-3,102,80,102303,4119038
2004:Q4,Silent,27340323,8624604,7277567,1347037,18715719,2482420,652903,1355113,1073825,281288,575280,495496,79785,4719193,470152,262049,790320,4413698,2748151,246441,1666085,1656661,1106134,362249,-3084,191363,9423,25674238,33132086
2004:Q4,BabyBoom,30559265,11520148,9758364,1761784,19039117,1611892,489841,747413,576141,171272,329939,290773,39166,4325800,506253,839950,2098175,4522920,3272800,294135,5541484,5530804,4317622,995672,-2678,220188,10680,25017781,43976707
2004:Q4,GenX,6998952,4062950,3329697,733254,2936002,489222,63577,53575,39644,13931,31478,31478,0,613957,149116,51813,401333,226101,735925,119905,3182879,3179569,2356631,810383,-672,13228,3310,3816073,30979513
2004:Q4,Millennial,237675,158048,101903,56144,79627,16592,3016,3384,0,3384,1352,1269,83,6251,3649,185,5570,0,33685,5943,112760,112673,60191,51816,-6,672,87,124915,4461092
2005:Q1,Silent,27430985,8763941,7420206,1343735,18667044,2495339,637059,1296494,1010103,286391,572831,492227,80604,4742790,465219,258376,789837,4361446,2796597,251056,1674674,1665299,1122261,354990,-8893,196941,9375,25756311,32921334
2005:Q1,BabyBoom,31182550,11826682,10044991,1781691,19355868,1695591,471416,733883,552413,181469,317401,276350,41051,4354117,507883,850927,2116059,4653671,3356677,298241,5672856,5662035,4471962,986739,-8297,211631,10821,25509694,44002773
2005:Q1,GenX,7293706,4314927,3547977,766950,2978779,514578,54918,60474,45164,15310,36960,36960,0,588328,152445,56159,370709,256931,763293,123985,3253113,3249641,2432309,804894,-1944,14382,3471,4040593,31242718
2005:Q1,Millennial,269440,183626,120864,62762,85814,19694,3062,3486,0,3486,871,684,187,4349,4239,165,4254,266,38827,6603,100978,100882,42028,58351,-9,511,96,168462,4810912
2005:Q2,Silent,27805830,8938236,7607245,1330991,18867595,2489184,628772,1343748,1045620,298127,570062,489124,80938,4862734,461653,252696,802226,4307950,2894765,253806,1710916,1701479,1149884,354184,-5321,202732,9437,26094915,32697601
2005:Q2,BabyBoom,32128787,12115496,10310237,1805259,20013291,1753093,461494,804119,608825,195294,322045,279149,42896,4494363,512476,877847,2190596,4798916,3497573,300769,5782705,5771582,4574311,996654,-5244,205861,11122,26346083,44036701
2005:Q2,GenX,7711558,4581566,3772107,809459,3129992,524035,48654,66720,49602,17118,41284,41284,0,610089,157360,65021,388201,288855,812660,127113,3413064,3409251,2579534,815594,-1329,15452,3813,4298494,31489582
2005:Q2,Millennial,316191,217358,144707,72650,98833,21579,3108,3351,0,3351,804,505,300,4496,4753,222,4556,582,48193,7189,115452,115350,49030,65957,-20,383,102,200739,5167861
2005:Q3,Silent,28085511,9081413,7752537,1328877,19004097,2492148,635914,1185673,971997,213675,566168,485751,80417,5072405,460611,248132,819543,4251884,3008216,263403,1745774,1736647,1177087,355658,-4957,208858,9128,26339737,32461684
2005:Q3,BabyBoom,33188136,12477321,10659034,1818287,20710815,1830216,470439,732131,574112,158020,318794,274199,44595,4743163,522120,894941,2289357,4940310,3659092,310251,5900822,5889906,4676708,1014047,-5229,204381,10916,27287314,44075402
2005:Q3,GenX,8245977,4869872,4036537,833335,3376105,544046,48719,67809,54533,13277,46583,46583,0,681265,165068,71155,426641,321035,869631,134153,3582875,3579304,2730763,833528,-1361,16374,3570,4663103,31720820
2005:Q3,Millennial,363332,241343,163927,77416,121989,24652,3191,6354,600,5754,423,20,403,7286,5064,232,5710,1032,59756,8289,132905,132784,57324,75152,-28,337,122,230427,5531302
2005:Q4,Silent,28323425,9191789,7862965,1328824,19131636,2485337,661625,1229282,969456,259825,560588,481885,78703,5135629,456801,242752,833399,4194080,3057441,274702,1775938,1767044,1200408,356516,-2544,212663,8894,26547487,32214379
2005:Q4,BabyBoom,34132117,12814468,10979806,1834662,21317649,1895209,503820,790438,599018,191420,319063,273031,46032,4827545,527011,918489,2376283,5084773,3753217,321800,5979216,5968399,4761192,1030081,-2871,179997,10817,28152902,44115785
2005:Q4,GenX,8643387,5125658,4265597,860061,3517730,556145,57699,76445,59290,17155,51768,51768,0,675807,170080,79172,454590,353742,899953,142330,3744026,3740581,2873720,849461,-794,18194,3445,4899362,31937150
2005:Q4,Millennial,399260,266019,183295,82723,133241,27119,3339,5645,657,4988,478,0,478,5950,5617,280,6513,1489,67196,9618,152160,152019,67547,84497,-24,0,140,247101,5900598
2006:Q1,Silent,28783953,9151892,7840546,1311346,19632062,2513627,662999,1251248,1001904,249343,552583,477663,74921,5657991,433274,237155,845670,4135535,3067428,274552,1813621,1804803,1228668,354071,2017,220047,8818,26970332,31956485
2006:Q1,BabyBoom,35255417,12810218,10955347,1854871,22445199,2026495,506626,850744,657387,193357,336879,289978,46901,5458425,495298,943639,2459003,5240224,3805797,322069,6083496,6072554,4840920,1036272,2432,192931,10941,29171921,44154762
2006:Q1,GenX,9177726,5283208,4382557,900651,3894518,607398,55320,82143,64535,17608,55253,55253,0,928589,154283,87712,478668,387288,913779,144086,3926263,3922680,3048575,854767,743,18595,3583,5251463,32139285
2006:Q1,Millennial,453352,290127,196185,93942,163225,34234,3338,5590,0,5590,475,0,475,20169,8175,342,7189,1764,71791,10158,181436,181283,88775,92475,33,0,153,271916,6275110
2006:Q2,Silent,28626204,9167180,7856903,1310277,19459024,2498791,676837,1218804,918403,300401,542551,473130,69421,5537420,427907,233331,843127,4074174,3131744,274339,1844683,1835948,1254353,349739,5407,226449,8735,26781521,31688799
2006:Q2,BabyBoom,35692968,12984953,11113748,1871206,22708015,2086417,526487,838809,607924,230885,366053,318950,47103,5336091,497635,953151,2477257,5382459,3921318,322337,6203564,6192505,4950137,1037903,7023,197442,11060,29489404,44189244
2006:Q2,GenX,9365585,5504323,4576436,927887,3861262,615356,59323,90352,68131,22220,57753,57430,323,826078,157802,91808,444213,420613,952146,145819,4093460,4089745,3208220,859867,2334,19324,3715,5272125,32327944
2006:Q2,Millennial,476246,307269,207408,99861,168977,36770,3369,5682,1766,3915,908,509,399,13029,9045,306,5084,2361,81726,10698,201838,201672,99380,102103,132,57,166,274408,6654201
2006:Q3,Silent,28699868,9146815,7835077,1311738,19553052,2488689,699696,1170191,915075,255116,530487,468129,62358,5680420,428000,227806,854576,4013051,3186454,273682,1868943,1860323,1271311,349196,7195,232621,8621,26830924,31412118
2006:Q3,BabyBoom,36518915,13127704,11240149,1887555,23391211,2158402,559975,845402,632521,212881,358788,312388,46401,5529929,510480,977271,2560174,5540411,4028196,322182,6316508,6305374,5040103,1054354,10201,200716,11134,30202407,44216140
2006:Q3,GenX,9748771,5693392,4739479,953913,4055378,630055,68806,93283,72974,20309,65181,63740,1440,873123,167374,100186,468008,454936,987123,147304,4250066,4246269,3333173,889384,3602,20111,3797,5498704,32503840
2006:Q3,Millennial,507765,320090,215017,105072,187676,40279,3422,7862,1899,5963,259,0,259,15143,9314,369,5659,2621,91547,11202,222879,222698,103837,118507,243,111,181,284886,7037235
2006:Q4,Silent,28859946,9087484,7787968,1299516,19772462,2478288,731104,1063400,824892,238508,519966,462724,57242,6011955,430256,221733,872738,3951925,3212337,278760,1889537,1881006,1279341,348459,12672,240534,8531,26970410,31127240
2006:Q4,BabyBoom,37456764,13161904,11260805,1901099,24294860,2233360,607274,783520,573039,210482,360242,313994,46247,5960266,527520,1006270,2676399,5708329,4103601,328079,6401672,6390427,5077462,1068197,19400,225368,11245,31055092,44232363
2006:Q4,GenX,10221883,5823316,4839064,984253,4398567,646194,84144,94648,74392,20256,71488,69328,2160,1037723,179383,110081,522784,489991,1009861,152268,4369876,4365951,3429871,908217,7812,20051,3926,5852007,32667690
2006:Q4,Millennial,552850,336722,223331,113391,216128,44184,3507,10739,3880,6860,184,0,184,25846,9295,476,7904,2615,99109,12269,246239,246043,112670,131843,652,878,196,306611,7423572
2007:Q1,Silent,28914063,8955654,7677734,1277920,19958409,2496435,746433,1088752,833511,255241,510001,457259,52742,6230121,427792,217522,878749,3888651,3194471,279482,1894772,1886239,1293182,338753,8674,245630,8533,27019291,30834961
2007:Q1,BabyBoom,38106230,13016746,11099955,1916791,25089484,2366016,633181,836461,606911,229550,381607,335418,46189,6259131,535682,1018648,2738080,5862382,4128846,329451,6395897,6384413,5095485,1054613,15235,219080,11484,31710333,44234822
2007:Q1,GenX,10514147,5885385,4861939,1023446,4628763,698451,91172,102333,79601,22733,75319,72563,2757,1139596,186397,115231,527811,524773,1013007,154674,4503314,4499103,3567178,904764,5928,21234,4211,6010833,32820210
2007:Q1,Millennial,588273,352147,225673,126474,236126,53412,3455,10384,3914,6470,126,0,126,32782,9811,463,7566,2928,102247,12953,284826,284621,141410,142042,522,648,205,303447,7812577
2007:Q2,Silent,28831698,8865719,7601305,1264414,19965979,2461316,764831,1016516,811725,204791,500485,452560,47925,6365025,428796,210466,896304,3819575,3215717,286949,1913770,1905361,1305336,337712,7692,254621,8410,26917927,30536079
2007:Q2,BabyBoom,38716662,12935383,11003658,1931725,25781279,2400357,664706,813633,610976,202657,439176,393402,45774,6459631,550409,1056815,2855934,6002816,4199689,338112,6492703,6481160,5140950,1066156,15538,258516,11544,32223959,44220428
2007:Q2,GenX,10845622,5983180,4925071,1058109,4862442,688810,100737,103115,83303,19812,74301,70901,3400,1194536,197244,128065,585926,593913,1034482,161314,4640008,4635720,3690740,918210,6170,20599,4288,6205614,32962115
2007:Q2,Millennial,625135,363106,225733,137373,262029,54200,3389,13260,4568,8692,2216,2173,43,36544,9873,661,10244,7320,109919,14402,315931,315710,158168,154888,598,2055,222,309204,8203612
2007:Q3,Silent,28927573,8744010,7490766,1253244,20183563,2439203,829924,1240392,889281,351111,491493,447343,44150,6394275,426031,205506,903366,3751038,3211991,290345,1926799,1918405,1314214,338083,10049,256059,8394,27000774,30231391
2007:Q3,BabyBoom,39383519,12858255,10916104,1942151,26525264,2461428,767280,1030996,722582,308414,464695,418977,45719,6528779,557929,1076194,2924981,6129627,4240900,342455,6534011,6522257,5202125,1086050,23148,210934,11754,32849508,44186093
2007:Q3,GenX,11071555,6037202,4950490,1086712,5034353,695874,140247,125836,92726,33109,77240,73389,3851,1184218,204114,135532,599203,661881,1044663,165546,4786814,4782266,3794133,954481,10182,23469,4549,6284741,33094122
2007:Q3,Millennial,630411,363304,217468,145835,267107,57451,3700,3579,2713,867,3080,3080,0,35092,10399,719,10396,12319,114893,15479,340781,340549,162200,176938,1136,276,232,289629,8596039
2007:Q4,Silent,28345710,8580495,7339860,1240635,19765215,2473464,875611,1253756,888863,364893,483456,440440,43017,6027926,419493,205948,867241,3740637,3120757,296925,1912911,1904697,1314503,333957,11841,244396,8214,26432799,29921749
2007:Q4,BabyBoom,39456799,12778561,10808750,1969810,26678239,2558142,855176,1050163,730410,319753,589611,546198,43413,6296466,569546,1073357,2902397,6222451,4211141,349789,6610007,6598119,5236963,1102765,26496,231895,11888,32846792,44130018
2007:Q4,GenX,10952628,5957010,4853345,1103665,4995618,741520,172165,132778,95608,37170,63511,59140,4372,1076225,205590,135984,587127,686164,1025585,168968,4869912,4865339,3845571,982773,10974,26020,4573,6082716,33216960
2007:Q4,Millennial,687831,402736,242057,160679,285095,68182,4375,4302,4302,0,9033,9001,32,27882,11653,881,10434,17537,113631,17186,372539,372286,180096,189983,1270,937,253,315292,8989454
2008:Q1,Silent,27437564,8304128,7064771,1239357,19133435,2509991,937860,1274452,896951,377501,486522,444267,42256,5555757,408881,210711,814543,3728081,2905507,301130,1891110,1882744,1311762,321118,14200,235664,8366,25546454,29608217
2008:Q1,BabyBoom,38949408,12539997,10542525,1997472,26409411,2659953,964141,1078235,747987,330248,704553,663109,41444,5920810,573174,1033995,2793250,6299286,4027427,354589,6665686,6653193,5243259,1091264,30887,287783,12493,32283722,44055579
2008:Q1,GenX,10560386,5820874,4706125,1114748,4739512,791188,211912,140248,98961,41287,53416,48643,4773,891744,202565,125383,496278,709865,945919,170995,4924207,4919052,3889774,989982,12210,27086,5155,5636179,33331411
2008:Q1,Millennial,692289,416556,244755,171801,275733,80243,5229,5728,5728,0,14715,14631,84,13072,13577,709,5293,23581,94886,18701,409829,409578,205328,199644,1473,3132,252,282460,9384393
2008:Q2,Silent,26736721,8036873,6797134,1239739,18699848,2472479,905731,1322352,964663,357689,474421,426789,47632,5274967,403267,212923,785871,3717695,2826571,303570,1853921,1845635,1302269,314093,10801,218471,8287,24882800,29291913
2008:Q2,BabyBoom,38725272,12362406,10345454,2016952,26362865,2615710,937680,1158684,837409,321275,709065,666009,43057,5783998,586079,1018500,2796552,6396715,4002407,357475,6489994,6477236,5110999,1098048,23905,244284,12759,32235278,43967441
2008:Q2,GenX,10381004,5725471,4611126,1114345,4655532,746543,197870,148237,105685,42552,53001,48696,4304,834348,204962,121890,511303,734497,930932,171948,4989326,4983981,3941029,1002511,7926,32514,5346,5391677,33438273
2008:Q2,Millennial,700247,423535,245830,177706,276712,76695,5246,5309,5309,0,14816,14342,474,9040,14853,761,6942,29311,93671,20067,493123,492857,284986,205801,915,1155,266,207124,9781621
2008:Q3,Silent,25802903,7802333,6574658,1227675,18000570,2497996,897537,1429097,1031242,397855,466085,412015,54070,4657442,394557,216826,729379,3704849,2697512,309290,1834287,1826220,1287923,304189,20050,214057,8068,23968615,28973956
2008:Q3,BabyBoom,38013886,12169539,10132609,2036931,25844346,2697116,944843,1279335,930919,348416,722106,677071,45035,5207545,592873,991420,2657182,6475517,3912195,364215,6653673,6640856,5156991,1095197,41464,347205,12817,31360212,43870273
2008:Q3,GenX,9868044,5599162,4476233,1122930,4268882,783879,197353,161620,112105,49515,51616,48008,3608,532902,203863,114639,398804,758392,890628,175186,4978810,4973510,3903684,1023090,15324,31412,5300,4889234,33538343
2008:Q3,Millennial,721121,448111,257913,190198,273011,87414,5483,4616,4616,0,15513,14521,991,0,16693,692,0,36019,84614,21967,492622,492331,263244,221337,2025,5726,291,228499,10181908
2008:Q4,Silent,24627451,7565850,6366320,1199530,17061601,2546333,968968,1561723,1152530,409192,405831,349302,56530,3799585,383950,228176,650640,3687983,2513738,314674,1778462,1770167,1270151,294425,20777,184814,8295,22848989,28655466
2008:Q4,BabyBoom,36713216,11970741,9928356,2042385,24742476,2825170,1064933,1466470,1108196,358274,519683,474735,44948,4307178,595848,913356,2405902,6523453,3749730,370755,6455296,6441776,5149140,1089916,42705,160015,13520,30257920,43768739
2008:Q4,GenX,9062143,5446136,4323693,1122443,3616007,852006,241181,173828,119883,53945,70674,67140,3534,0,200516,90612,205793,780977,822089,178330,4956718,4950717,3862330,1029621,14594,44172,6002,4105425,33632418
2008:Q4,Millennial,746255,479146,277257,201889,267109,104442,6533,496,496,0,2351,1056,1295,0,18965,11,0,44240,66138,23934,490516,490232,258444,229827,1961,0,284,255739,10586021
2009:Q1,Silent,23733196,7329326,6153193,1176132,16403870,2520582,951812,1695455,1188899,506556,381966,321384,60581,3314689,377880,229838,610897,3667132,2339397,314222,1732067,1724066,1259908,277126,16778,170254,8002,22001128,28337559
2009:Q1,BabyBoom,35967592,11776562,9729398,2047164,24191031,2805786,1058925,1589066,1172127,416939,474976,429352,45624,3902541,607322,910135,2337053,6541525,3593073,370629,6448652,6435190,5198846,1055276,35250,145818,13463,29518940,43667507
2009:Q1,GenX,8832692,5310192,4192469,1117723,3522500,823665,235602,191848,124647,67202,74840,71660,3180,0,202168,90292,167624,802235,756714,177513,4922640,4916813,3846173,1011578,10039,49023,5828,3910052,33721294
2009:Q1,Millennial,763729,503290,292253,211037,260439,103924,6714,511,511,0,1744,0,1744,0,20578,181,0,54088,47582,25117,477411,477095,241659,234162,1273,0,316,286318,10994727
2009:Q2,Silent,23487138,7089126,5925526,1163600,16398012,2507619,904769,1517898,1015486,502412,373159,308634,64525,3775599,375104,221844,623058,3652491,2131169,315301,1698470,1691043,1246340,266276,20305,158122,7427,21788668,28021355
2009:Q2,BabyBoom,36496600,11636034,9579627,2056408,24860565,2812440,1009929,1356696,938176,418520,501883,455654,46229,4691175,624997,970317,2520197,6612580,3387941,372410,6402592,6389602,5134748,1043571,41823,169459,12991,30094007,43571244
2009:Q2,GenX,9164321,5248023,4136800,1111223,3916298,811937,213402,191897,121256,70640,71022,68194,2828,307223,207493,111304,325749,825743,672756,177774,4921538,4916376,3849362,1003567,11732,51714,5162,4242783,33805768
2009:Q2,Millennial,781051,520117,302833,217284,260934,106472,6564,11760,11760,0,2228,0,2228,0,21673,1218,0,62528,21905,26585,518527,518152,281124,235458,1570,0,374,262525,11408795
2009:Q3,Silent,23585396,6882604,5732392,1150212,16702792,2492462,844247,1567266,1116465,450801,366808,298569,68238,4200518,372937,212731,634949,3638234,2054789,317851,1664992,1657826,1230342,256388,24686,146410,7166,21920404,27707973
2009:Q3,BabyBoom,37537638,11556639,9494798,2061840,25981000,2815185,941097,1479445,1086399,393046,532072,485343,46729,5418084,643803,1033993,2709275,6688723,3343208,376115,6435056,6422082,5139617,1036651,49800,196014,12974,31102582,43484616
2009:Q3,GenX,9708484,5192579,4093903,1098676,4515905,797024,183745,198811,129886,68925,67139,64637,2502,739673,213460,134117,498963,849415,654435,179124,4901040,4896017,3811242,1016553,14008,54214,5023,4807444,33886638
2009:Q3,Millennial,822082,536851,316312,220539,285230,108348,6231,9660,9660,0,2736,0,2736,6268,22702,2418,9893,71295,17311,28366,523754,523345,272227,249119,1999,0,409,298328,11828992
2009:Q4,Silent,23209906,6745330,5612603,1132726,16464576,2528331,809286,1467751,1092343,375407,357805,285788,72017,4194908,369346,206501,624076,3620933,1962802,322838,1631060,1624628,1215400,246174,27320,135734,6432,21578845,27398530
2009:Q4,BabyBoom,37810355,11508714,9427787,2080926,26301641,2923790,908518,1413762,1062940,350822,545476,498219,47258,5591111,659894,1076251,2781933,6742644,3275248,383013,6405934,6393667,5079013,1028766,54599,231289,12267,31404421,43412289
2009:Q4,GenX,9894232,5135959,4027066,1108893,4758273,851683,168355,195998,132296,63703,64948,62798,2150,852619,217731,150132,575106,871998,627378,182325,4900788,4896763,3803544,1022219,14821,56180,4025,4993444,33964699
2009:Q4,Millennial,922250,587397,349810,237587,334852,124943,6159,13437,13437,0,3294,0,3294,20685,24054,3427,17077,81538,9573,30667,569340,568846,308796,257858,2192,0,493,352910,12256086
2010:Q1,Silent,23174677,6616671,5503340,1113331,16558006,2509949,734200,1579435,1143812,435624,349179,274407,74772,4297177,363023,201680,614649,3620769,1969878,318068,1601128,1594258,1192515,230861,46038,124844,6870,21573549,27094146
2010:Q1,BabyBoom,38558690,11533014,9444190,2088824,27025675,2922168,817794,1540175,1148359,391815,559783,512379,47404,5898474,670765,1107906,2861909,6934216,3334303,378183,6338440,6325175,4978134,999994,85084,261963,13265,32220250,43358931
2010:Q1,GenX,10120877,5085616,3983226,1102390,5035261,832337,131220,213052,138472,74580,62890,60905,1985,1028040,218747,162787,657089,900680,650113,178305,4855685,4850564,3758188,1003914,30158,58305,5120,5265193,34040749
2010:Q1,Millennial,1014671,630027,383770,246257,384643,126216,5578,13558,13558,0,3794,0,3794,43032,26022,4369,25222,86601,18970,31281,611458,610995,346624,258288,5424,660,463,403212,12690845
2010:Q2,Silent,22629654,6484873,5396277,1088595,16144781,2492500,692823,1628330,1235938,392392,341723,265492,76231,3875546,351456,203196,572910,3615710,2054332,316254,1565687,1558766,1175401,221271,48837,113257,6921,21063967,26795938
2010:Q2,BabyBoom,38564953,11546739,9453236,2093504,27018213,2923272,775266,1671076,1302053,369022,578915,531811,47103,5528485,671484,1100238,2762191,7131395,3498792,377100,6255142,6241434,4874162,993873,90010,283390,13708,32309811,43329208
2010:Q2,GenX,9870362,5059861,3966332,1093528,4810502,813589,112939,218815,146043,72771,60763,58697,2065,860636,213470,161813,580041,900197,711846,176395,4851596,4846082,3751989,1002369,30848,60877,5514,5018766,34115585
2010:Q2,Millennial,1054820,674084,418800,255284,380736,127517,5371,10799,10799,0,4192,0,4192,25923,29201,4770,19813,78309,42403,32437,680212,679739,411305,260940,5744,1750,472,374608,13134036
2010:Q3,Silent,22788377,6388206,5316750,1071456,16400171,2497257,683973,1555966,1267134,288832,336272,258346,77926,4194124,350609,192916,577421,3617624,2078456,315554,1523018,1516955,1156870,213084,45631,101371,6063,21265359,26505026
2010:Q3,BabyBoom,39776214,11519118,9416162,2102955,28257096,2972295,779463,1668127,1366177,301951,601421,554468,46953,6112932,693277,1162979,2917536,7385163,3586315,377589,6210948,6198144,4818423,994497,86044,299181,12804,33565265,43327787
2010:Q3,GenX,10313266,4989380,3905564,1083816,5323886,825509,112136,212549,151140,61409,58409,56311,2097,1164560,220624,185656,724668,902113,742393,175270,4830592,4826322,3716427,1020380,25716,63799,4270,5482674,34190003
2010:Q3,Millennial,1167670,714251,452114,262138,453419,135876,5560,14207,11680,2527,5566,928,4638,65181,30247,6359,34222,66971,55395,33835,723653,723075,440035,275765,4731,2544,578,444017,13586428
2010:Q4,Silent,22982255,6243409,5187985,1055424,16738846,2483253,718372,1631176,1171798,459378,354066,279007,75059,4496461,358685,177480,586500,3565044,2053726,314084,1489054,1482389,1112892,221022,43510,104965,6665,21493201,26222241
2010:Q4,BabyBoom,40516133,11358826,9260091,2098735,29157307,2941822,859336,1618787,1204668,414119,598111,550662,47450,6550709,684267,1221306,3039291,7639994,3623974,379708,6180304,6166994,4725468,1039806,89153,312567,13310,34335828,43357775
2010:Q4,GenX,10906322,5009535,3905619,1103916,5896786,832478,139006,235496,152161,83335,64785,61436,3349,1396042,233555,204212,844144,940981,827756,178332,4842704,4837374,3672659,1075238,26813,62664,5330,6063618,34264512
2010:Q4,Millennial,1246401,744875,467448,277427,501527,137221,6727,18468,18468,0,6225,1990,4235,89736,31583,7560,45019,65775,57718,35495,766972,766409,446878,310744,5300,3486,563,479430,14048591
2011:Q1,Silent,22974336,6112848,5061466,1051382,16861488,2513484,689534,1592890,1180292,412598,367811,293210,74601,4751670,368275,169749,589035,3497566,2009125,312349,1449500,1442662,1080482,213629,38592,109960,6838,21524836,25947269
2011:Q1,BabyBoom,40956119,11160017,9057516,2102502,29796102,3008347,846184,1591562,1207624,383937,579329,530535,48794,6937812,679143,1234083,3128449,7773507,3636019,381667,6087534,6074340,4626573,1019518,87415,340834,13194,34868585,43416038
2011:Q1,GenX,11422917,5025318,3900995,1124323,6397600,904863,131958,232983,157498,75485,71707,67603,4105,1603084,248503,206510,937861,973992,904986,181152,4864826,4859212,3706646,1066781,25040,60744,5614,6558091,34338466
2011:Q1,Millennial,1316657,760042,469986,290056,556615,154618,7052,18500,18500,0,5696,1593,4103,112523,32586,8027,53934,70402,56134,37143,846055,845459,506425,328381,5190,5463,596,470602,14520307
2011:Q2,Silent,22824554,6035246,4996539,1038708,16789307,2533038,669281,1670289,1175036,495253,389426,315664,73762,4703340,377149,161197,577502,3429491,1968063,310531,1411042,1404011,1047276,212818,32210,111708,7030,21413512,25679509
2011:Q2,BabyBoom,41093520,11048841,8941681,2107160,30044679,3053796,844550,1627368,1190972,436396,596219,546299,49921,6923054,673339,1253339,3137270,7897782,3654306,383656,6023550,6010427,4566774,1023862,81866,337925,13123,35069970,43497883
2011:Q2,GenX,11742148,5101911,3949731,1152180,6640236,963399,129189,246558,161985,84573,76196,71319,4877,1618651,262800,210890,956160,1006344,986184,183865,4872443,4866502,3714259,1070006,21452,60784,5942,6869704,34410932
2011:Q2,Millennial,1384835,802139,491113,311026,582695,169236,7485,19352,19352,0,7847,3914,3933,111027,33759,8620,55669,75834,55054,38813,889318,888690,532358,346391,4593,5347,628,495517,15001162
2011:Q3,Silent,22101913,5940181,4895802,1044379,16161732,2554789,648929,1836285,1282668,553617,401066,326946,74120,4032542,383464,160726,534292,3355572,1940527,313540,1376436,1369610,1014933,211059,31458,112160,6825,20725478,25418359
2011:Q3,BabyBoom,40283012,10990499,8878967,2111532,29292513,3106240,841668,1818248,1345092,473155,578039,526490,51548,6054702,662792,1221680,2953513,7970623,3692834,392175,5947037,5934626,4496498,1027872,87581,322675,12411,34335975,43598619
2011:Q3,GenX,11458416,5184832,4023691,1161141,6273583,1027190,126125,263754,173468,90285,82655,77213,5442,1213503,274161,197059,785826,1036045,1076816,190450,4904980,4899455,3727228,1086938,23745,61543,5526,6553435,34480976
2011:Q3,Millennial,1334024,806553,492976,313577,527471,185828,7907,12219,12219,0,7202,3304,3898,50053,35577,8291,37650,84220,56841,41684,956580,955869,569733,376306,5507,4322,711,377444,15490741
2011:Q4,Silent,22172696,5857605,4827383,1030222,16315091,2576661,646425,1837655,1282351,555304,401414,327940,73473,4232972,395363,149337,538465,3291899,1926388,318513,1344460,1337569,983633,211293,31012,111630,6891,20828236,25163219
2011:Q4,BabyBoom,40860658,10865644,8756184,2109460,29995014,3160926,864755,1811099,1335189,475910,526522,473842,52680,6373573,664616,1261088,3058540,8118686,3751641,403569,5901404,5889270,4459497,1037780,94697,297295,12134,34959254,43713551
2011:Q4,GenX,12023945,5206780,4029661,1177119,6817165,1093134,131835,267854,178786,89068,90855,84737,6118,1392971,292543,208288,895001,1069047,1176982,198655,4926546,4920932,3728957,1102225,26852,62898,5614,7097399,34547663
2011:Q4,Millennial,1428474,840593,512740,327854,587881,203688,8601,12687,12687,0,3753,0,3753,69103,36014,9277,48480,89194,61913,45171,997739,996976,582852,404927,6727,2470,764,430735,15988629
2012:Q1,Silent,22366521,5775944,4762688,1013256,16590577,2582844,615745,1817188,1215384,601804,410062,339934,70128,4669024,400172,132883,549471,3231061,1868393,313734,1304823,1297446,950312,204963,26790,115381,7377,21061698,24913488
2012:Q1,BabyBoom,41662681,10723200,8611133,2112067,30939481,3179248,843926,1732861,1226393,506467,517468,465094,52374,7032744,651676,1337410,3211152,8283011,3748052,401933,5786711,5774129,4341982,1021967,92720,317460,12582,35875970,43837988
2012:Q1,GenX,12745822,5230308,4027742,1202566,7515513,1134961,123079,272676,179348,93328,96624,89564,7061,1738958,302347,232374,1057800,1102594,1255208,198892,4929450,4922931,3742812,1093451,25066,61602,6519,7816372,34610060
2012:Q1,Millennial,1557946,886369,535343,351026,671577,215419,8837,18310,18310,0,3314,0,3314,114111,38290,11019,65919,93561,56490,46309,1088831,1088070,652854,424661,6589,3966,761,469115,16494412
2012:Q2,Silent,22098101,5728414,4719960,1008454,16369687,2574471,589931,1888308,1324854,563454,420546,353918,66628,4504189,399066,131440,530924,3163404,1857381,310028,1271542,1263680,918830,204564,23927,116359,7862,20826559,24668564
2012:Q2,BabyBoom,41723506,10779972,8668413,2111560,30943534,3160799,829025,1868507,1383308,485199,518532,466744,51788,6849491,625749,1312801,3178523,8385733,3812695,401677,5729021,5715961,4283645,1029379,93838,309099,13060,35994485,43967237
2012:Q2,GenX,12966732,5390717,4179440,1211277,7576015,1152441,116686,279540,192116,87424,101690,93791,7898,1672613,304797,220800,1033177,1133009,1361339,199923,4938475,4931045,3740367,1103760,24963,61955,7430,8028257,34667233
2012:Q2,Millennial,1580278,911862,554189,357673,668416,220293,9127,9750,9750,0,3697,831,2866,97829,42283,10831,62717,101460,62715,47716,1142762,1142004,678989,452764,6942,3310,758,437516,17007674
2012:Q3,Silent,22302649,5709569,4707941,1001628,16593080,2570261,595255,1954980,1300881,654099,427381,363703,63678,4713185,406072,120819,530627,3101294,1865733,307473,1241981,1233960,890058,204403,21185,118314,8021,21060668,24427847
2012:Q3,BabyBoom,42537341,10865895,8754984,2110911,31671446,3150405,861727,1882107,1337948,544160,507667,456349,51318,7200746,617732,1352547,3264282,8524861,3906440,402933,5742026,5729048,4286132,1036166,95086,311664,12978,36795315,44096603
2012:Q3,GenX,13631796,5531029,4309435,1221593,8100767,1176457,125325,292835,195820,97015,107098,98520,8578,1868993,317483,231846,1133630,1164933,1480324,201842,4943055,4935333,3728358,1120333,24936,61706,7721,8688741,34718248
2012:Q3,Millennial,1690535,953897,587422,366475,736638,226971,9962,12379,12379,0,3106,619,2487,122244,44155,11938,74060,107646,74730,49447,1162244,1161445,661082,489551,7330,3481,800,528291,17528001
2012:Q4,Silent,22175879,5687772,4691929,995843,16488106,2603083,618098,1878375,1321084,557292,437546,376760,60785,4718986,412049,113035,519805,3038116,1840450,308562,1205852,1198501,858097,204198,18723,117483,7351,20970026,24190735
2012:Q4,BabyBoom,42970385,10924926,8810497,2114430,32045458,3236027,922450,1846355,1360335,486020,510462,459752,50710,7260039,607513,1373670,3282294,8646619,3950765,409265,5567481,5556105,4125017,1049562,97142,284384,11376,37402904,44221396
2012:Q4,GenX,14094680,5646879,4409444,1237435,8447801,1267651,142488,286843,202570,84273,111751,102595,9156,1924157,328974,236307,1164486,1195832,1582528,206783,4982842,4976470,3751036,1137049,25314,63071,6373,9111837,34762171
2012:Q4,Millennial,1788427,1001739,622006,379733,786688,254647,11163,10902,10902,0,3630,1509,2122,124431,46374,12703,77399,115002,78174,52262,1304998,1304030,772844,522096,7869,1219,969,483429,18054978
2013:Q1,Silent,22474126,5713757,4731280,982477,16760370,2605257,584617,1774066,1282560,491506,440477,380650,59827,5191000,418814,101117,523520,3007013,1807394,307094,1180417,1172778,834856,201202,16237,120483,7639,21293709,23956627
2013:Q1,BabyBoom,44300026,11091602,8976764,2114839,33208423,3241010,891800,1738871,1294910,443962,485370,434190,51180,8012970,599148,1426563,3398448,9019519,3982799,411926,5739034,5727522,4295696,1033254,99012,299560,11512,38560992,44336922
2013:Q1,GenX,14983272,5806400,4550084,1256316,9176873,1304966,131421,279598,204580,75019,117235,107652,9583,2314482,341579,251889,1305442,1238570,1682160,209530,4926978,4920059,3704881,1127441,25606,62131,6919,10056294,34798068
2013:Q1,Millennial,1961136,1083905,684447,399458,877231,266183,11284,14881,14881,0,1953,0,1953,183711,48413,14181,94782,107923,79508,54412,1181136,1180140,617464,551876,8404,2396,996,780000,18588190
2013:Q2,Silent,22269523,5724692,4750205,974487,16544830,2608353,564264,1534394,1191715,342678,457757,399042,58715,5220096,423835,94092,512199,2969912,1853177,306751,1155176,1147064,808409,201619,14314,122722,8112,21114347,23724923
2013:Q2,BabyBoom,44875738,11288716,9177982,2110734,33587022,3246740,880778,1494276,1159507,334769,510524,459042,51482,8112036,586726,1444443,3414027,9348103,4133272,416097,5716478,5704464,4252448,1041663,103553,306800,12013,39159260,44438487
2013:Q2,GenX,15557050,6043197,4779256,1263942,9513852,1344438,126782,255043,200545,54498,120925,110943,9982,2392485,352026,255269,1339009,1287078,1827602,213195,4943782,4935933,3712959,1134117,27209,61649,7849,10613268,34825005
2013:Q2,Millennial,2099691,1139891,732234,407658,959799,278653,11637,33512,22613,10899,4346,2576,1770,191429,51043,14958,98989,113008,105260,56963,1236955,1235961,640782,582794,9440,2945,994,862736,19127223
2013:Q3,Silent,22457407,5747517,4771997,975520,16709891,2617536,563543,1474484,1171314,303171,461680,404034,57646,5430085,431805,82412,512522,2936160,1892054,307611,1129328,1121352,785770,201007,10998,123577,7975,21328080,23495021
2013:Q3,BabyBoom,46071654,11509359,9398535,2110824,34562294,3268132,901134,1428581,1125562,303019,492675,440936,51739,8486014,581190,1499516,3509635,9699724,4273779,421915,5683330,5671981,4224802,1047372,100556,299251,11349,40388324,44521400
2013:Q3,GenX,16403402,6266774,4996901,1269873,10136628,1396433,131517,250843,202697,48146,125878,115531,10347,2602311,366407,271642,1466260,1336692,1970778,217866,4987817,4980271,3739880,1153283,25193,61915,7546,11415585,34842049
2013:Q3,Millennial,2264106,1195879,785634,410245,1068226,295709,12406,41049,24567,16482,3113,1521,1592,223044,52791,16605,115956,116786,130786,59980,1309883,1308789,668754,628635,9169,2232,1094,954223,19671662
2013:Q4,Silent,22645943,5776424,4812444,963980,16869519,2589645,563931,1373545,1074656,298889,456511,398683,57828,5673886,426413,73773,525202,2953658,1920120,312833,1144656,1136627,779899,203222,12173,141333,8029,21501287,23266183
2013:Q4,BabyBoom,47525985,11663244,9543107,2120138,35862741,3364247,908900,1381834,1074206,307628,524352,474642,49711,9049707,604022,1546042,3652615,10000998,4398165,431859,5761751,5749647,4193831,1050308,107866,397642,12104,41764234,44582032
2013:Q4,GenX,16844871,6348410,5080523,1267887,10496461,1391741,135214,243926,196020,47906,126220,115692,10528,2765763,364481,298917,1599132,1400195,1947920,222951,5010258,5002445,3735961,1179578,29579,57327,7813,11834613,34848641
2013:Q4,Millennial,2445974,1277042,851712,425330,1168933,309601,13696,54986,36885,18101,6059,4577,1482,255120,55072,19708,141560,111042,137886,64203,1367205,1366079,685353,657360,11678,11688,1126,1078769,20221269
2014:Q1,Silent,22798410,5801677,4858274,943403,16996734,2583662,559110,1337956,1048235,289721,453354,395649,57706,5891712,420127,69582,523711,2943021,1902338,312161,1141702,1133645,771433,199605,11964,150644,8057,21656709,23037125
2014:Q1,BabyBoom,48587335,11775533,9652731,2122802,36811802,3518687,907477,1417983,1110066,307917,567379,519756,47624,9575087,624378,1557111,3695810,10066033,4448856,433000,5667075,5654271,4110131,1028760,106923,408457,12804,42920260,44621014
2014:Q1,GenX,17128271,6411207,5144670,1266537,10717065,1428227,136333,244306,197349,46957,125937,115250,10687,2912022,361234,314168,1619192,1452327,1900409,222909,5013082,5005055,3729747,1188339,30067,56902,8027,12115190,34845727
2014:Q1,Millennial,2634519,1371708,925381,446327,1262812,338750,14923,65272,44999,20274,10322,8969,1354,284930,57729,22150,152183,119910,130044,66597,1445893,1444728,738155,680111,12806,13655,1165,1188627,20776517
2014:Q2,Silent,23056175,5839069,4905166,933902,17217106,2556126,536418,1338064,1003620,334444,438637,381078,57559,6127684,415429,64247,527680,2933615,1966243,312963,1145329,1137162,764744,201849,12267,158301,8167,21910847,22806426
2014:Q2,BabyBoom,49814649,11949617,9816405,2133213,37865032,3608944,874881,1470064,1114795,355269,572049,526389,45660,10132082,648253,1577678,3776898,10139148,4628744,436292,5585031,5571370,4024843,1033798,108588,404141,13661,44229618,44640042
2014:Q2,GenX,17565692,6558647,5292079,1266569,11007044,1422257,128504,249363,195809,53554,126842,116017,10825,3073343,360006,332840,1681439,1504858,1903404,224188,5052780,5044372,3737943,1217037,32251,57142,8408,12512912,34834632
2014:Q2,Millennial,2827878,1456531,992671,463860,1371347,353308,15724,70198,53700,16497,11128,9894,1234,318513,59923,24947,169275,128452,150284,69595,1547987,1546797,806355,711318,14802,14322,1190,1279890,21338055
2014:Q3,Silent,22935390,5890130,4966922,923208,17045260,2534813,541760,1310764,981980,328784,431494,374299,57195,5973490,408647,63373,519238,2921200,2028391,312088,1139772,1131915,759886,202417,11842,157771,7857,21795618,22572663
2014:Q3,BabyBoom,50329779,12111474,9964730,2146743,38218306,3714137,890307,1507900,1148396,359504,607438,563744,43694,10071122,666880,1560728,3768234,10186805,4807750,437003,5428507,5414815,3962790,1033311,106223,312490,13692,44901273,44640811
2014:Q3,GenX,17583344,6657605,5383960,1273645,10925739,1427774,134657,250346,197221,53125,126453,115515,10938,2955944,355948,339033,1646840,1556183,1908554,224007,5106167,5098241,3752285,1252661,32232,61063,7926,12477178,34816676
2014:Q3,Millennial,2999379,1570022,1080090,489932,1429357,372584,17328,80065,61636,18429,15139,14035,1105,299630,62916,26997,172535,138895,171170,72099,1643016,1641724,864393,754556,15965,6810,1292,1356362,21906533
2014:Q4,Silent,23034248,5915984,5009485,906499,17118264,2512179,545444,1253314,950938,302376,411486,354554,56932,6114225,404473,58608,519655,2910815,2076203,311863,1142379,1134792,754627,204465,12107,163593,7588,21891869,22334416
2014:Q4,BabyBoom,51246924,12198959,10046395,2152564,39047965,3813717,903002,1508588,1163750,344838,595604,553687,41917,10479174,691652,1576250,3822882,10253264,4965108,438724,5349120,5335323,3900307,1037018,107178,290820,13796,45897804,44625016
2014:Q4,GenX,17834544,6701315,5424700,1276615,11133230,1430719,140135,246726,196974,49752,127977,116939,11037,3053393,355397,356401,1681666,1608516,1907826,224475,5148556,5141034,3764310,1280074,34622,62029,7522,12685988,34793182
2014:Q4,Millennial,3213775,1681220,1165138,516082,1532555,391445,18978,92846,69743,23103,14431,13438,993,321974,65053,29953,186359,148366,188199,74949,1735721,1734330,922265,787983,18435,5647,1391,1478054,22482602
2015:Q1,Silent,23084584,5941839,5049191,892648,17142745,2524094,531807,1216454,968968,247487,396127,340402,55725,6179188,399966,55296,519714,2898396,2110623,311079,1138354,1130711,746987,200523,12560,170641,7642,21946230,22090263
2015:Q1,BabyBoom,52165334,12322571,10163036,2159535,39842763,4007125,885241,1557946,1256900,301045,606301,566594,39708,10768240,715557,1579291,3875225,10306432,5101768,439637,5267647,5253108,3845704,1013467,108549,285388,14538,46897687,44594354
2015:Q1,GenX,18126989,6792890,5513751,1279139,11334099,1498652,136791,246530,204422,42108,128466,117389,11077,3098733,354468,369768,1714481,1660325,1901363,224523,5144826,5137030,3754200,1282582,37939,62309,7796,12982163,34765472
2015:Q1,Millennial,3441564,1787703,1246685,541018,1653862,436554,20166,107828,77582,30246,16130,15315,816,334552,67359,32751,200327,159048,201440,77708,1793670,1792240,954045,810531,21638,6025,1430,1647894,23066909
2015:Q2,Silent,22989490,5989994,5102877,887117,16999495,2496480,521942,1132274,945763,186511,376247,321717,54530,6144519,392466,52125,513129,2883658,2175909,310746,1146106,1138461,744468,202978,13159,177856,7645,21843384,21838783
2015:Q2,BabyBoom,52754845,12494461,10314568,2179893,40260384,4091043,874026,1525867,1280573,245294,600441,562800,37641,10896513,732097,1580871,3878682,10345850,5293612,441382,5250823,5235644,3822400,1019019,109850,284375,15179,47504022,44550520
2015:Q2,GenX,18313067,6958709,5665246,1293463,11354358,1493269,135421,238415,205296,33119,129771,118681,11090,3074078,349552,382851,1696920,1711626,1917341,225112,5199624,5191657,3777281,1309787,42155,62434,7966,13113444,34734870
2015:Q2,Millennial,3646606,1908475,1333863,574613,1738131,453740,21518,121127,86021,35106,16059,15407,651,333049,70846,35656,206639,171069,227642,80787,1872410,1870929,992462,845958,25652,6858,1482,1774196,23660105
2015:Q3,Silent,22539278,6020848,5132537,888311,16518429,2464758,538179,1217644,1037695,179949,355829,303015,52814,5633874,382723,53908,489289,2864226,2205446,312553,1149387,1141962,741679,203785,13428,183070,7425,21389891,21578553
2015:Q3,BabyBoom,52621579,12694441,10499092,2195349,39927138,4163790,909882,1764099,1519024,245075,595613,560201,35412,10233200,743042,1538686,3751818,10353213,5427027,446768,5200975,5185598,3793441,1020783,109076,262298,15376,47420604,44495209
2015:Q3,GenX,17993762,7103018,5810483,1292534,10890744,1481375,147898,257407,225046,32361,131066,120024,11042,2699356,341639,381637,1547767,1761528,1913179,227891,5264698,5257026,3803654,1344351,45543,63477,7673,12729063,34702698
2015:Q3,Millennial,3714216,1999881,1412380,587502,1714335,468626,23881,131480,94183,37297,16089,15626,463,257656,75299,37595,191303,185861,241598,84946,1970412,1968834,1039564,894147,29595,5529,1578,1743804,24262841
2015:Q4,Silent,22535056,6039280,5155219,884061,16495777,2462215,542804,1096170,1028846,67324,336026,284589,51437,5780890,376656,47433,492900,2849651,2196096,314934,1147344,1140102,738226,198611,14874,188390,7242,21387713,21308154
2015:Q4,BabyBoom,53538475,12832468,10624746,2207722,40706007,4317639,925632,1682506,1573991,108516,593864,560361,33503,10661907,763189,1568582,3832415,10412641,5494204,453428,5099212,5083564,3739530,989198,111155,243682,15648,48439262,44430117
2015:Q4,GenX,18354136,7198031,5904786,1293245,11156105,1525445,154621,242280,228819,13462,132323,121328,10996,2813763,338953,404531,1612361,1814394,1885963,231470,5285206,5277745,3838996,1320226,54115,64408,7460,13068931,34670277
2015:Q4,Millennial,3925206,2101157,1495559,605598,1824049,507534,25966,131391,103818,27573,16487,16176,311,283692,78417,41512,211061,197387,240986,89616,2054366,2052696,1119054,892195,36961,4486,1671,1870840,24875764
2016:Q1,Silent,22482019,6044691,5170796,873895,16437328,2462805,530959,1103267,1045028,58239,325240,274395,50846,5805283,370727,43726,491264,2831950,2156566,315540,1143366,1136065,731854,195030,15083,194098,7301,21338653,21026163
2016:Q1,BabyBoom,54287660,12931414,10710066,2221348,41356246,4481962,911815,1781490,1682780,98710,630975,598836,32139,10892637,783902,1574189,3875291,10458191,5508204,457590,5033736,5017321,3706322,970570,108102,232327,16415,49253924,44356940
2016:Q1,GenX,18585477,7297965,5994707,1303258,11287512,1577356,152576,248722,236807,11915,131297,120288,11009,2841171,336693,419556,1638946,1866944,1840616,233636,5301070,5293296,3843997,1325889,58333,65077,7774,13284407,34638931
2016:Q1,Millennial,4140963,2224570,1585828,638742,1916392,551236,27511,140432,113584,26848,21861,21642,219,291432,81535,44969,224964,210441,228236,93776,2118901,2117185,1149909,920747,42361,4169,1715,2022062,25499526
2016:Q2,Silent,22555831,6103270,5245284,857986,16452561,2420907,506529,1098611,1061983,36628,308990,258449,50541,5898063,367091,38240,490304,2809235,2197524,317068,1147525,1140243,728463,196372,14677,200731,7282,21408306,20731158
2016:Q2,BabyBoom,55247355,13122607,10889325,2233282,42124749,4531742,874915,1866368,1799206,67162,645869,614847,31023,11249748,810829,1596220,3925979,10488378,5670961,463741,5027639,5010607,3698247,974206,102707,235446,17033,50219716,44277373
2016:Q2,GenX,18961972,7462903,6144857,1318046,11499069,1552720,143728,253028,245204,7824,131627,120575,11052,2925034,337985,440126,1673659,1952291,1851846,237024,5353006,5345073,3870527,1348940,60411,65196,7933,13608966,34609981
2016:Q2,Millennial,4412711,2398966,1716556,682410,2013745,562475,28564,144464,123858,20607,24659,24509,150,311762,83734,49026,240732,219550,250123,98656,2192061,2190284,1180621,957275,46945,5442,1778,2220650,26134775
2016:Q3,Silent,22548188,6113356,5251808,861548,16434833,2413714,491811,1024123,1014245,9878,286972,237233,49738,6000508,361468,32414,493451,2785565,2227578,317231,1149179,1142274,724490,196307,14281,207195,6905,21399009,20421720
2016:Q3,BabyBoom,56246376,13361411,11112577,2248834,42884965,4681040,856156,1788086,1767948,20138,639264,609530,29734,11637318,833181,1622179,4012656,10527396,5819537,468152,5000155,4983240,3671075,975793,96598,239774,16915,51246221,44193112
2016:Q3,GenX,19471538,7654059,6341072,1312987,11817479,1595972,140310,245230,242983,2247,133429,122381,11047,3022532,336835,462107,1744205,2038391,1859027,239443,5423699,5416378,3907042,1381030,62976,65331,7321,14047839,34584751
2016:Q3,Millennial,4626852,2485000,1797178,687822,2141851,604625,30065,142269,135108,7161,24678,24623,54,335660,86771,53368,263538,228382,269284,103212,2310357,2308438,1240741,1008460,52337,6900,1919,2316495,26782161
2016:Q4,Silent,22114422,6052701,5198889,853812,16061720,2401656,474384,964310,964310,0,277772,229003,48769,5883624,350000,35857,493679,2723934,2141893,314611,1124935,1118531,709083,200074,13457,195917,6404,20989487,20097016
2016:Q4,BabyBoom,56378620,13519922,11273081,2246841,42858698,4726876,846733,1690580,1690580,0,616647,586673,29974,11774600,824524,1583246,3994361,10559306,5764233,477591,4967074,4950857,3635302,989333,101560,224662,16217,51411546,44105623
2016:Q4,GenX,20268385,7848099,6510643,1337455,12420286,1674965,142125,247517,247517,0,143954,132311,11643,3211462,350110,472505,1799649,2132799,1999017,246185,5470696,5463725,3938327,1394860,58637,71901,6971,14797689,34564317
2016:Q4,Millennial,4826737,2618882,1920262,698620,2207854,630945,31119,134066,134066,0,21838,21719,119,333383,92859,55236,274751,246731,278432,108493,2417662,2415556,1309218,1052170,49644,4524,2106,2409075,27441847
2017:Q1,Silent,21993020,5979186,5136240,842946,16013835,2403198,451869,943419,943419,0,275195,227911,47284,6031064,342533,33088,506060,2664860,2054269,308280,1095936,1089500,692244,197502,12404,187349,6436,20897085,19758579
2017:Q1,BabyBoom,57336569,13666048,11417714,2248334,43670520,4817592,827456,1681328,1681328,0,626907,596924,29983,12398508,826681,1603430,4078391,10624046,5705178,481004,4923282,4906635,3581526,974828,105480,244801,16648,52413286,44015454
2017:Q1,GenX,21492809,8088899,6717972,1370927,13403910,1783870,141076,257175,257175,0,151921,139684,12237,3618755,369449,501986,1960600,2229545,2140089,249445,5485384,5477571,3967420,1379814,53306,77030,7813,16007425,34548774
2017:Q1,Millennial,5137865,2769890,2046895,722995,2367975,672379,31934,133241,133241,0,23574,23413,160,381839,97297,58821,306392,263140,287241,112117,2528242,2526067,1395338,1078280,46157,6292,2175,2609623,28112041
2017:Q2,Silent,21816222,5910864,5079902,830963,15905358,2352960,436132,953508,953508,0,268368,221672,46696,6026032,332923,32178,512587,2603890,2083778,303002,1073837,1067558,676438,199597,12826,178698,6279,20742385,19408532
2017:Q2,BabyBoom,58162165,13856906,11613353,2243553,44305259,4765380,821167,1747450,1747450,0,614595,584065,30529,12766289,823368,1605772,4120155,10680149,5874445,486489,4912992,4896309,3537456,982049,112936,263869,16683,53249173,43922924
2017:Q2,GenX,22615310,8374785,6979225,1395560,14240525,1797165,143909,273972,273972,0,161473,148456,13017,3919457,385833,525690,2082334,2326355,2370356,253982,5535118,5526877,4004760,1385068,54828,82221,8241,17080192,34537970
2017:Q2,Millennial,5413310,2902647,2166653,735994,2510663,668164,33124,132395,132395,0,22076,21792,285,404703,102813,62012,331495,280878,356520,116482,2657475,2655184,1483906,1115995,47261,8021,2291,2755835,28790468
2017:Q3,Silent,21532977,5834329,5015491,818838,15698647,2321794,440753,909922,909922,0,259797,215454,44343,6032480,324822,31063,520672,2542203,2012625,302515,1048906,1042855,661485,200160,11937,169273,6051,20484070,19048997
2017:Q3,BabyBoom,58835251,14050339,11813564,2236775,44784912,4771564,856242,1684928,1684928,0,601706,571573,30133,13170045,824286,1610206,4179858,10735793,5849552,500731,4897247,4880685,3505472,986181,116697,272334,16562,53938004,43828353
2017:Q3,GenX,23728506,8630481,7213465,1417016,15098025,1849703,159297,278501,278501,0,170592,156973,13619,4241564,404650,550039,2225966,2423678,2530304,263730,5590282,5581772,4047353,1396183,50346,87890,8510,18138224,34531755
2017:Q3,Millennial,5684818,3046880,2303357,743523,2637937,682727,35560,131365,131365,0,20426,20147,280,432311,107735,65356,361778,299261,377637,123782,2790229,2787802,1568491,1166659,44166,8485,2427,2894589,29474847
2017:Q4,Silent,21429493,5735579,4920077,815502,15693914,2303318,448963,901200,901200,0,245887,203267,42619,6173266,316757,29399,529627,2480404,1967801,297290,1027806,1022007,645768,202787,11675,161777,5800,20401686,18682098
2017:Q4,BabyBoom,59918392,14210839,11965617,2245222,45707553,4819247,900629,1707843,1707843,0,561451,531329,30122,13842088,825415,1620579,4252341,10794198,5876914,506847,4914970,4898587,3471910,999288,122074,305314,16383,55003421,43732060
2017:Q4,GenX,25044888,8885783,7436290,1449492,16159105,1930147,178058,291526,291526,0,181248,166867,14381,4687917,423672,576243,2386723,2521696,2713112,268762,5646232,5637509,4084569,1411648,48814,92478,8723,19398656,34529977
2017:Q4,Millennial,6008176,3181972,2424552,757420,2826205,711599,38371,130179,130179,0,14615,14277,338,491948,112733,68970,396540,317970,414628,128650,2924963,2922390,1650098,1217062,43039,12190,2573,3083213,30162903
2018:Q1,Silent,20967156,5667291,4860453,806838,15299865,2306170,429280,901951,901951,0,237966,197370,40596,5954712,307351,31737,522161,2416501,1899768,292268,997041,991030,627060,199107,11632,153230,6011,19970115,18309957
2018:Q1,BabyBoom,60231760,14448884,12196462,2252422,45782876,4936018,887551,1756526,1756526,0,550322,520356,29966,13847577,822732,1588167,4189132,10834349,5857014,513486,4856968,4839702,3405352,982992,128150,323208,17265,55374792,43634363
2018:Q1,GenX,25994538,9206345,7719666,1486679,16788193,2056818,179178,307714,307714,0,189884,174715,15169,4845132,440645,589038,2406033,2619110,2880478,274165,5657177,5647144,4105857,1395184,48374,97729,10032,20337362,34532485
2018:Q1,Millennial,6302305,3375766,2592826,782941,2926539,765433,39546,128534,128534,0,13034,12656,379,474770,118511,71366,402557,338803,440179,133805,3052299,3049695,1750420,1242593,42628,14054,2604,3250006,30852356
2018:Q2,Silent,20593446,5568864,4770535,798330,15024581,2255472,426524,920229,920229,0,231076,192705,38371,5852235,299376,32239,522237,2353808,1845475,285910,971682,965939,610663,199508,12519,143248,5744,19621764,17934698
2018:Q2,BabyBoom,60728941,14588045,12329898,2258147,46140897,4893581,910808,1855007,1855007,0,544912,515203,29710,14078669,823993,1574521,4193059,10884610,5863986,517751,4813630,4796581,3353031,985546,137601,320402,17049,55915312,43535581
2018:Q2,GenX,27003137,9474837,7953801,1521036,17528300,2077736,191904,330037,330037,0,198039,182044,15995,5107466,459912,607780,2498643,2717602,3060954,278227,5705827,5695614,4143975,1395251,52486,103902,10213,21297310,34539128
2018:Q2,Millennial,6532799,3511349,2707962,803387,3021450,763505,41881,125600,125600,0,12275,11867,408,483456,123675,74384,424066,359249,475109,138251,3198415,3195656,1859181,1277869,45448,13158,2759,3334384,31540930
2018:Q3,Silent,20389636,5472628,4685552,787076,14917008,2196203,413700,955370,955370,0,224964,188867,36097,5920950,291880,32526,528214,2292880,1779169,281153,946711,941054,595358,199696,11918,134082,5657,19442925,17558442
2018:Q3,BabyBoom,61648671,14746974,12488062,2258912,46901697,4824008,912420,2008309,2008309,0,543405,513959,29446,14654454,826490,1562657,4252566,10948353,5844009,525028,4789272,4772017,3312655,991439,141812,326111,17255,56859399,43436034
2018:Q3,GenX,28186028,9717628,8165976,1551652,18468400,2080850,197937,359168,359168,0,205928,189031,16897,5528479,479967,627119,2654004,2817403,3233416,284128,5766815,5755985,4187404,1409424,49472,109686,10830,22419213,34549755
2018:Q3,Millennial,6835313,3681410,2861334,820077,3153902,750559,43595,119852,119852,0,12091,11649,442,535449,128683,77509,459733,378899,503709,143824,3356978,3354109,1963603,1334007,43082,13417,2869,3478335,32226345
2018:Q4,Silent,18938207,5256684,4472291,784393,13681523,2179106,440896,988763,988763,0,214674,180856,33818,4860940,277256,41410,489605,2225506,1685827,277540,921836,916632,578747,201278,13255,123351,5205,18016371,17183314
2018:Q4,BabyBoom,59504790,14534037,12263822,2270216,44970752,4887914,1005925,2169054,2169054,0,521709,492504,29204,12974049,807192,1452672,3912434,10942804,5762462,534536,4745727,4729165,3265941,1002107,153283,307834,16562,54759063,43336040
2018:Q4,GenX,27784704,9755723,8169916,1585807,18028981,2173340,234478,389768,389768,0,214534,196638,17896,4949557,487684,616300,2375120,2913064,3383725,291413,5821877,5811347,4217425,1421247,56100,116574,10530,21962827,34564215
2018:Q4,Millennial,6609234,3676006,2844816,831189,2933229,786628,48365,111281,111281,0,8721,8232,489,294083,137740,77518,398770,405303,514514,150305,3502903,3499821,2059504,1382409,47688,10219,3082,3106331,32906326
2019:Q1,Silent,19359352,5110576,4345806,764770,14248776,2168532,456280,1015059,1015059,0,208465,176665,31800,5503524,272249,35681,512114,2172095,1634535,270242,888599,883370,560611,197414,11267,114079,5228,18470753,16811435
2019:Q1,BabyBoom,61848482,14424831,12152395,2272435,47423652,4975455,1075824,2320043,2320043,0,518318,489131,29187,14713219,816348,1507204,4125935,11066442,5768013,536848,4671679,4654653,3209983,986691,151841,306139,17026,57176803,43235920
2019:Q1,GenX,29709182,9866441,8236692,1629749,19842741,2281987,264319,420009,420009,0,222412,203313,19099,5900864,511662,656154,2702364,3017657,3570820,294492,5815614,5804196,4230910,1404473,46144,122669,11418,23893568,34582357
2019:Q1,Millennial,7145515,3826050,2945072,880978,3319465,832490,52481,100528,100528,0,8196,7601,595,499880,141632,82844,473463,420022,553675,154253,3603880,3600714,2145434,1405893,40056,9332,3166,3541635,33578593
2019:Q2,Silent,19176698,5082893,4333286,749608,14093805,2109937,433242,1050611,1050611,0,204439,174794,29645,5495615,263980,33321,515804,2098147,1624509,264201,867877,862994,547227,198304,11368,106094,4883,18308821,16444929
2019:Q2,BabyBoom,63039559,14827209,12556864,2270345,48212350,4905648,1055594,2514514,2514514,0,526004,496873,29131,15152418,815053,1524910,4172170,11141114,5863538,541386,4695044,4678491,3205846,995125,158685,318834,16554,58344515,43135990
2019:Q2,GenX,31075898,10265537,8603585,1661952,20810361,2286049,263759,455567,455567,0,229988,209565,20423,6277723,529728,684680,2850167,3137326,3796431,298942,5868798,5857449,4272208,1410569,46643,128029,11349,25207100,34604029
2019:Q2,Millennial,7597216,4113017,3208325,904692,3484199,817461,53720,84306,84306,0,9441,8728,714,535764,147464,87058,508612,457086,624247,159041,3707784,3704427,2205682,1448109,40041,10594,3357,3889432,34240869
2019:Q3,Silent,18604223,4924687,4174705,749982,13679536,2068255,473423,1038988,1038988,0,201991,174625,27365,5251054,256056,32491,511781,2025302,1562635,257560,844435,839626,533619,197668,10376,97962,4809,17759788,16085918
2019:Q3,BabyBoom,63178634,14834217,12552582,2281634,48344417,4888758,1190280,2553277,2553277,0,541975,512924,29051,15094685,814155,1524963,4147087,11204783,5840025,544427,4687243,4670484,3184990,999505,160148,325841,16759,58491391,43036572
2019:Q3,GenX,31972033,10466322,8774178,1692145,21505711,2325766,317597,475437,475437,0,237539,215643,21896,6438037,548066,707789,2920672,3256011,3976246,302552,5924395,5912418,4314431,1422840,41539,133608,11977,26047639,34629081
2019:Q3,Millennial,7689545,4128575,3227613,900962,3560970,822150,60187,76778,76778,0,12066,11215,851,502852,153227,90727,525981,495786,657940,163276,3843326,3839854,2288937,1504136,35738,11043,3472,3846219,34890876
2019:Q4,Silent,18860688,4815763,4065155,750608,14044925,2086313,493232,988762,988762,0,191925,166409,25516,5708942,254259,31495,495734,1959198,1576624,258440,816616,811910,520935,189745,11374,89856,4705,18044072,15736407
2019:Q4,BabyBoom,64441104,14767696,12465968,2301727,49673408,5056758,1256978,2460282,2460282,0,550135,520874,29261,16056824,821961,1504979,4296936,11227628,5884269,556658,4685984,4669266,3162609,1008659,156570,341429,16718,59755120,42938029
2019:Q4,GenX,32786284,10449012,8749691,1699321,22337272,2462451,342993,477243,477243,0,226008,204701,21307,6745386,551050,750373,3125819,3433056,3913316,309578,5964715,5952849,4325404,1448651,47885,130909,11866,26821569,34657410
2019:Q4,Millennial,8323312,4210716,3291030,919686,4112596,917724,64653,101855,101855,0,13145,10641,2504,743942,158978,103563,603880,542842,690205,171810,3982362,3978756,2382372,1545136,38369,12878,3606,4340950,35526434
2020:Q1,Silent,17366302,4834581,4086556,748025,12531721,2105346,583035,948053,945559,2494,202983,179045,23938,4233851,250142,42003,419308,1878441,1614476,254083,783328,778299,506754,174764,14077,82704,5028,16582974,15397929
2020:Q1,BabyBoom,61312412,15165686,12848278,2317408,46146726,5232543,1505591,2395116,2388223,6893,660046,630576,29470,12748907,821950,1337511,3827419,11071560,5988115,557967,4639834,4622000,3118426,976900,161227,365447,17834,56672578,42840910
2020:Q1,GenX,31332646,10730609,9025768,1704841,20602037,2605745,434396,481043,479481,1562,215182,194379,20803,5142667,549514,748782,2642058,3597261,3875271,310117,5952800,5939854,4322641,1425710,63702,127801,12945,25379846,34689111
2020:Q1,Millennial,8444097,4488874,3549612,939262,3955223,1019737,75398,123453,123297,156,30614,26585,4030,385991,166230,111780,513893,608408,743605,176113,4088950,4085342,2485272,1535744,48181,16144,3609,4355146,36145753
2020:Q2,Silent,18361215,4807107,4068419,738688,13554108,2179241,619582,852251,819054,33197,194613,172237,22376,5291340,252811,33273,429593,1811028,1636333,254043,750344,745553,493933,163737,13882,74000,4791,17610871,15071897
2020:Q2,BabyBoom,64622383,15378007,13060619,2317388,49244376,5609212,1623655,2111142,2030867,80276,668974,639501,29474,15108419,844593,1415892,4204300,11032625,6057283,568281,4571519,4554093,3077207,960408,153540,362939,17426,60050863,42745809
2020:Q2,GenX,33397590,10892209,9193665,1698543,22505381,2885645,479069,457838,438820,19018,205938,185672,20266,6090815,561330,820427,3093990,3770630,3823599,316101,5943964,5931503,4329695,1411862,64154,125792,12461,27453626,34724327
2020:Q2,Millennial,9565382,4685948,3739951,945997,4879434,1210075,81972,150539,150539,0,31747,26377,5370,821851,169185,128410,652479,663443,785696,184037,4191899,4188114,2599733,1526459,46687,15235,3785,5373483,36747141
2020:Q3,Silent,18838436,4871487,4119004,752483,13966949,2177361,578463,791744,791744,0,182399,161255,21144,5823220,255092,28603,419343,1742887,1710841,256995,727713,723067,484596,154997,13453,70021,4647,18110722,14759726
2020:Q3,BabyBoom,66666883,15911265,13536597,2374668,50755618,5718460,1538837,2003586,2003586,0,653250,623634,29616,16361005,866186,1446260,4364865,10958388,6259631,585150,4592654,4575399,3049081,959344,145269,421705,17254,62074229,42653321
2020:Q3,GenX,34751479,11278009,9539753,1738256,23473470,2987089,449194,442371,442371,0,197074,177213,19860,6547045,572630,877550,3305984,3941483,3826952,326100,5997721,5985501,4369887,1431029,63316,121269,12219,28753758,34763203
2020:Q3,Millennial,10554610,5045013,4040787,1004225,5509597,1290869,81652,164194,164194,0,29040,22374,6665,1100760,172287,143676,733356,722765,876260,194739,4383030,4379097,2748054,1562250,44402,24391,3933,6171579,37328905
2020:Q4,Silent,19913190,4921965,4158195,763771,14991224,2223562,551756,779476,779476,0,180645,160708,19937,6827884,260257,24968,423179,1687403,1776980,255115,705766,701362,472102,147699,14102,67459,4404,19207423,14462828
2020:Q4,BabyBoom,70470934,16385106,13958350,2426757,54085827,6005451,1489108,2022216,2022216,0,688915,659307,29608,18812326,898076,1465665,4667077,10998469,6447210,591316,4571014,4554235,2953256,962296,142346,496337,16779,65899920,42564040
2020:Q4,GenX,36942291,11638645,9864499,1774146,25303645,3209776,432461,452722,452722,0,189201,169769,19431,7547582,590112,931182,3674188,4122030,3824700,329691,6038460,6026795,4391730,1450206,68548,116311,11665,30903830,34805881
2020:Q4,Millennial,11781931,5363705,4306105,1057600,6418226,1451115,82300,176891,176891,0,34499,26686,7813,1550428,173307,158767,855341,771143,963351,201085,4642186,4638071,2966108,1588824,46691,36448,4116,7139745,37889353
2021:Q1,Silent,20481336,5028710,4262995,765715,15452627,2284823,562968,629841,629841,0,176548,157003,19545,7388869,257566,26761,408502,1627704,1836602,252443,680885,676232,460571,137631,14154,63876,4653,19800451,14182619
2021:Q1,BabyBoom,72782885,17066544,14601142,2465402,55716342,6352818,1540802,1592053,1592053,0,706519,676081,30438,20272334,902067,1408935,4761164,10961552,6622775,595323,4537237,4519513,2882391,946910,137190,553021,17725,68245648,42478561
2021:Q1,GenX,38535718,12125517,10319790,1805728,26410201,3474904,452673,383334,383334,0,182098,162643,19455,8107015,591178,962006,3810632,4296494,3817863,332003,6052855,6040277,4407913,1449758,70452,112154,12578,32482863,34852506
2021:Q1,Millennial,13002940,5840291,4721916,1118374,7162649,1641811,86648,180590,180590,0,37371,28087,9283,1864497,179718,171456,918810,827706,1047557,206486,4836300,4832165,3141531,1598190,46648,45796,4134,8166640,38426793
2021:Q2,Silent,21357009,5296055,4503589,792467,16060953,2262111,553500,600718,581110,19608,174529,155520,19009,7984520,259352,24388,403092,1572849,1976264,249631,676663,672203,463158,136222,14226,58597,4460,20680346,13920512
2021:Q2,BabyBoom,76256746,18373209,15802687,2570522,57883537,6381021,1535163,1528170,1483605,44565,733637,702630,31008,21865242,921608,1413051,4947232,10949512,7010407,598493,4626682,4609322,2905763,989421,132523,581614,17360,71630064,42397477
2021:Q2,GenX,40658309,13029192,11138033,1891158,27629118,3525180,452055,379031,366898,12134,175566,156183,19383,8730794,601512,1010699,4049026,4473281,3898149,333825,6290488,6278349,4569486,1527338,72472,109052,12139,34367821,34903221
2021:Q2,Millennial,14527281,6631372,5392558,1238814,7895909,1693294,88780,184815,184476,339,41693,31091,10601,2201798,182999,186294,1009354,881991,1213440,211452,5213184,5208883,3414286,1697247,46780,50570,4301,9314097,38939532
2021:Q3,Silent,21588085,5429908,4618976,810932,16158178,2249754,534670,614320,572696,41624,175726,157161,18565,8039858,258433,24324,378978,1515435,2116716,249964,663948,659556,460732,130317,15090,53418,4392,20924137,13677922
2021:Q3,BabyBoom,77675248,19128854,16479881,2648973,58546394,6441060,1501350,1584897,1495207,89691,776331,744721,31610,22131027,930674,1383995,4907281,10873310,7408001,608467,4711209,4693856,2956514,998052,131667,607623,17352,72964040,42321383
2021:Q3,GenX,41600994,13578092,11625706,1952386,28022902,3597701,441265,398496,373427,25069,169837,150483,19353,8758974,605668,1049405,4034809,4644341,3982576,339830,6400440,6388372,4647384,1555731,79200,106056,12069,35200554,34958169
2021:Q3,Millennial,15552779,7144118,5819231,1324887,8408661,1759086,89657,193126,193126,0,48488,36583,11904,2347998,188265,200098,1032818,943021,1386805,219299,5361848,5357423,3511105,1740993,50341,54983,4425,10190931,39425878
2021:Q4,Silent,21949376,5465118,4632501,832618,16484258,2275650,547114,523584,523498,86,173825,155688,18137,8394523,257692,25357,373235,1467708,2196658,248913,654590,650228,458809,126256,17612,47552,4362,21294786,13456262
2021:Q4,BabyBoom,79461144,19440728,16706796,2733932,60020416,6644074,1554519,1376631,1376436,196,799821,767671,32150,23157523,939471,1338404,5066937,10878988,7649416,614631,4788382,4770942,2998414,1015870,137268,619390,17440,74672762,42250874
2021:Q4,GenX,42847889,13861560,11843794,2017766,28986329,3768546,462030,352676,352620,56,164126,144808,19319,9133786,609691,1083079,4242736,4822894,4003232,343534,6531141,6519043,4730042,1589215,96243,103543,12097,36316749,35017494
2021:Q4,Millennial,16498635,7416506,6004866,1411640,9082128,1890903,94032,192721,192711,10,52248,39105,13143,2606809,193484,213384,1115371,995528,1502237,225412,5531419,5526884,3627225,1781380,61309,56971,4535,10967215,39884139
2022:Q1,Silent,21726343,5713299,4859526,853773,16013044,2281220,536213,536672,536672,0,182608,165720,16888,7957252,252839,31945,336428,1381374,2268866,247627,646440,641883,460921,120853,18260,41849,4557,21079903,13256946
2022:Q1,BabyBoom,79239363,20644368,17821606,2822762,58594995,6758823,1539333,1448194,1448194,0,887014,855639,31375,22127441,931501,1205633,4838347,10369638,7869557,619514,4932692,4914469,3130059,1019422,135536,629451,18223,74306671,42186543
2022:Q1,GenX,43198722,14723885,12634037,2089848,28474837,3880082,458021,371447,371447,0,159258,140553,18705,8581209,603674,1091207,4017385,4950876,4015210,346468,6643362,6630512,4826384,1601047,102001,101079,12849,36555360,35081340
2022:Q1,Millennial,17515261,8161880,6650429,1511451,9353381,1982825,95474,204798,204798,0,65551,51988,13562,2557287,201921,223815,1079179,1101324,1610366,230841,5554926,5550362,3626623,1800897,64187,58655,4564,11960335,40312623
2022:Q2,Silent,20547252,5901140,5034326,866815,14646112,2244646,542530,576375,576375,0,173186,157548,15638,6596640,245584,39797,281591,1313784,2383594,248383,635483,631088,460116,117855,19462,33656,4395,19911769,13081388
2022:Q2,BabyBoom,75957650,21622815,18750070,2872745,54334835,6691005,1572064,1606811,1606811,0,866081,835691,30390,18604866,912615,1051233,4353379,9844661,8203550,628569,4951097,4933234,3157964,1042486,135770,597014,17863,71006553,42128986
2022:Q2,GenX,41921647,15454951,13331897,2123054,26466696,3866940,471414,408593,408593,0,152855,134842,18013,6911885,591044,1093605,3512910,5031751,4073705,351993,6785443,6773030,4916277,1645549,111293,99911,12413,35136204,35149850
2022:Q2,Millennial,17787151,8694550,7143166,1551384,9092602,1988592,98896,222966,222966,0,61476,47701,13775,2126613,212337,233666,963149,1182032,1764858,238014,5751692,5746973,3771358,1853237,69598,52780,4719,12035459,40709637
2022:Q3,Silent,20194400,5906321,5026354,879967,14288079,2203229,554784,668004,668004,0,161785,147171,14614,6267757,243154,45031,253891,1259164,2381289,249991,620407,616052,454911,112986,20059,28096,4355,19573992,12931003
2022:Q3,BabyBoom,74011902,20972028,18045991,2926037,53039874,6586245,1620515,1953125,1953125,0,828752,799185,29567,17734641,910521,936696,4177520,9442467,8210510,638881,4901467,4883602,3095444,1053263,134027,600868,17865,69110435,42078796
2022:Q3,GenX,41001750,15083033,12920767,2162266,25918717,3828209,490578,482881,482881,0,146224,128811,17413,6443159,588459,1107710,3350672,5124215,3998286,358324,6879901,6867547,4968289,1684965,116708,97586,12354,34121849,35223169
2022:Q3,Millennial,17689056,8531567,6928345,1603222,9157489,1974604,102968,250561,250561,0,55051,41046,14006,2088479,219256,244799,938761,1249572,1787806,245630,6024927,6020098,3991546,1903073,72216,53262,4829,11664129,41073488
2022:Q4,Silent,19888691,5530774,4666797,863977,14357917,2121878,572577,803759,803759,0,152025,138243,13782,6443788,241263,43351,259745,1211827,2258108,249595,604410,600491,444587,111663,20579,23662,3919,19284281,12615336
2022:Q4,BabyBoom,75007327,20688507,17739206,2949301,54318820,6466277,1717241,2542078,2542078,0,795777,766978,28800,18661909,927499,949433,4344334,9219549,8040560,654162,4826544,4809741,3061729,1069376,137399,541237,16802,70180784,42123320
2022:Q4,GenX,41283286,14840027,12663178,2176849,26443259,3732752,523990,590179,590179,0,145274,128253,17021,6830286,597432,1110644,3519956,5103676,3922343,366727,6933140,6921944,4989449,1709889,123263,99344,11196,34350146,35174782
2022:Q4,Millennial,17924771,8535858,6886671,1649188,9388913,1938437,109002,272089,272089,0,49948,36238,13710,2256289,220894,249194,1002528,1299183,1735381,255968,6252181,6247138,4158328,1967512,78199,43099,5043,11672590,41699922
2023:Q1,Silent,20115782,5466910,4606973,859936,14648872,2055928,628351,891621,891621,0,147051,133449,13602,6737488,243346,38306,269064,1203539,2185344,248836,584284,580297,431331,107587,18478,22901,3986,19531498,12396121
2023:Q1,BabyBoom,76882095,20768554,17796622,2971932,56113541,6308113,1914307,2966941,2966941,0,778009,749174,28835,19738614,949827,1021859,4520050,9327475,7926912,661434,4654701,4637481,2918826,1052679,131354,534622,17220,72227394,41991261
2023:Q1,GenX,42193337,14945275,12743698,2201577,27248062,3635198,598463,662792,662792,0,145705,128604,17101,7330887,613072,1134495,3724319,5139901,3890750,372481,6885771,6874108,4961756,1700763,111490,100100,11663,35307565,35187099
2023:Q1,Millennial,18448183,8764152,7062251,1701901,9684031,1899855,120299,278305,278305,0,47977,33952,14026,2472357,221847,256756,1079908,1319705,1722105,264916,6508421,6503308,4398752,1990956,70893,42707,5113,11939762,42472176
2023:Q2,Silent,20514711,5578132,4724740,853392,14936579,2010535,657171,887491,887491,0,145384,132147,13237,7033496,243679,34204,278077,1196656,2202156,247729,573991,570065,422889,106487,17513,23177,3926,19940720,12168196
2023:Q2,BabyBoom,79436671,21732943,18747547,2985396,57703728,6221731,2027903,2995681,2995681,0,779462,750997,28464,20799843,963249,1077418,4683462,9437442,8051203,666332,4600376,4583206,2856244,1054932,128389,543641,17170,74836295,41721322
2023:Q2,GenX,43648897,15527652,13301188,2226464,28121245,3594986,644237,670973,670973,0,146447,129445,17002,7847227,624319,1153277,3928292,5172577,3961367,377541,6896761,6885075,4966560,1711189,107051,100276,11686,36752135,35141129
2023:Q2,Millennial,19832607,9703206,7940613,1762593,10129401,1900429,128066,284509,284509,0,49016,34904,14113,2698777,223388,263531,1158516,1334070,1815769,273330,6713486,6708270,4560004,2034065,68795,45406,5216,13119121,43144889
2023:Q3,Silent,20077373,5536434,4693217,843217,14540939,1971401,687993,894264,894264,0,136248,123158,13091,6722701,239015,23141,267633,1170576,2181030,246936,567982,564013,417041,105698,17000,24275,3968,19509391,11963755
2023:Q3,BabyBoom,78615362,21806093,18838527,2967565,56809270,6125173,2139822,3058150,3058150,0,728756,700411,28345,20060077,951396,1253006,4562357,9233007,8028692,668834,4568742,4551351,2808036,1052574,126453,564289,17391,74046620,41317211
2023:Q3,GenX,43554852,15676802,13445684,2231117,27878051,3561923,692952,686259,686259,0,145776,128704,17073,7581911,622281,1209812,3835034,5175923,3983580,382601,6921790,6909735,4991041,1713097,105396,100201,12055,36633062,35102432
2023:Q3,Millennial,20187885,10012615,8223139,1789476,10175270,1900919,135957,289481,289481,0,42226,27836,14389,2641483,229055,274473,1147663,1377078,1855674,281262,6890598,6885326,4709567,2056575,68548,50635,5273,13297286,43730057
2023:Q4,Silent,20411889,5407978,4583651,824326,15003912,1941384,710994,931580,931580,0,136784,124032,12752,7227728,237255,31998,285973,1180621,2071910,247684,556882,552903,408277,104220,16681,23725,3980,19855007,11708877
2023:Q4,BabyBoom,81108678,21615539,18648635,2966904,59493139,6156942,2255936,3317666,3317666,0,749186,720995,28190,21892889,963230,1087599,4887318,9669744,7829050,683580,4538295,4520595,2772336,1059000,126385,562874,17699,76570384,41227422
2023:Q4,GenX,44718998,15578590,13341630,2236960,29140408,3585879,737848,726924,726924,0,146803,129791,17013,8420389,630028,1160617,4203766,5231714,3904318,392122,6943623,6931239,4999129,1726240,105536,100334,12385,37775374,35051400
2023:Q4,Millennial,20651240,10051013,8222632,1828380,10600227,1940349,142953,287355,287355,0,45720,31254,14466,2980852,229962,271726,1272997,1347992,1788122,292197,7061876,7056568,4837316,2098766,69490,50996,5308,13589364,44192814
2024:Q1,Silent,20677363,5363642,4553314,810327,15313722,1921285,709017,898101,898101,0,133462,121115,12347,7679890,237916,28227,296225,1162038,2002287,245273,541033,536951,395862,99477,16582,25030,4082,20136331,11438158
2024:Q1,BabyBoom,83907481,22065230,19075594,2989636,61842251,6267834,2305470,3253506,3253506,0,749008,720982,28026,23748646,990508,1144524,5130971,9782584,7775789,693411,4499754,4481329,2716635,1041018,127636,596040,18425,79407727,41266029
2024:Q1,GenX,46257806,15840713,13581962,2258751,30417093,3663696,756753,719535,719535,0,147471,130510,16961,9269517,647498,1180012,4481119,5264318,3888682,398492,6914420,6901282,4984093,1709598,107801,99790,13138,39343387,35115255
2024:Q1,Millennial,21695959,10537452,8660608,1876845,11158507,2018382,147276,295742,295742,0,45681,31160,14521,3331024,228964,277678,1372914,1361497,1778674,300675,7200687,7195369,4959014,2106270,72037,58049,5319,14495272,44796863
2024:Q2,Silent,20546738,5353163,4559348,793815,15193576,1855621,709938,907246,907246,0,129443,117513,11930,7664451,234964,25931,293997,1141985,1987425,242576,528670,524674,386199,97367,15674,25435,3995,20018069,11159108
2024:Q2,BabyBoom,85342103,22720608,19728291,2992317,62621495,6147095,2359592,3394165,3394165,0,741681,713944,27737,24203413,999926,1174681,5189806,9842889,7867596,700651,4481925,4463493,2684473,1040707,125350,612963,18432,80860178,41141917
2024:Q2,GenX,46986794,16207897,13942014,2265882,30778898,3584707,778754,743090,743090,0,147792,130935,16857,9492055,654717,1190966,4558346,5288061,3936563,403847,6915907,6902741,4990745,1708440,103948,99609,13166,40070887,35082979
2024:Q2,Millennial,22720040,11284764,9368709,1916055,11435276,1987933,152712,298459,298459,0,44861,30265,14596,3470544,232058,283927,1420049,1383967,1850714,310051,7372739,7367312,5100242,2134340,70217,62514,5427,15347301,45508949
2024:Q3,Silent,20848455,5245279,4462212,783067,15603176,1827436,733890,933481,933481,0,134882,123375,11507,8067926,235150,23173,303109,1133015,1969184,241930,518254,514520,379504,94819,14892,25305,3734,20330201,10938008
2024:Q3,BabyBoom,87366649,22504060,19514966,2989094,64862590,6131524,2472386,3595439,3595439,0,791378,764183,27195,25738472,1014329,1214032,5373592,9934704,7889056,707678,4449860,4432219,2663503,1029660,122642,616414,17641,82916789,40853442
2024:Q3,GenX,48197857,16188683,13909763,2278920,32009175,3598331,827996,777534,777534,0,150275,133590,16685,10266424,667820,1207503,4804978,5326958,3970323,411033,6932810,6920382,5006845,1713161,100314,100061,12428,41265047,35063276
2024:Q3,Millennial,23430788,11390868,9428567,1962301,12039920,2027762,161413,297335,297335,0,53967,39394,14573,3824840,233461,291126,1521493,1401623,1905831,321069,7549253,7543625,5220309,2190123,68471,64721,5628,15881535,46234369
2024:Q4,Silent,20675652,5142898,4363200,779698,15532754,1819518,774591,912358,912358,0,108181,97061,11119,8040305,233084,25169,297969,1125241,1954503,241835,500930,497244,371896,90835,7689,26824,3686,20174722,10740490
2024:Q4,BabyBoom,87448569,22286538,19280092,3006446,65162031,6205608,2643681,3539638,3539638,0,620474,593786,26688,25957251,1017973,1165096,5349077,10030065,7917306,715861,4352591,4334970,2600140,1002072,83148,649610,17622,83095978,40609988
2024:Q4,GenX,48585828,16179009,13871543,2307466,32406819,3675754,901394,774889,774889,0,143874,127347,16526,10433977,674329,1197449,4811996,5367064,4007106,418988,6860591,6848090,5017213,1682271,49025,99581,12501,41725237,35078392
2024:Q4,Millennial,23764543,11431042,9413461,2017581,12333501,2111820,172356,306476,306476,0,26323,11810,14512,3938443,236527,293961,1543316,1414287,1958178,331813,7673440,7667719,5391917,2172882,29875,73045,5722,16091102,46849204
2025:Q1,Silent,20117321,5095574,4329883,765691,15021747,1810653,775316,897711,897711,0,110056,99407,10649,7643754,224402,26535,283886,1104877,1904926,239632,484959,481016,362690,87958,4033,26335,3943,19632362,10548965
2025:Q1,BabyBoom,86741007,22416837,19393127,3023710,64324170,6312616,2695330,3538581,3538581,0,647851,621697,26153,25174945,997292,1133229,5221437,10001204,7879346,722339,4285222,4266339,2572475,991089,52381,650394,18883,82455785,40621698
2025:Q1,GenX,48542717,16356188,14008920,2347269,32186529,3775340,927337,782331,782331,0,146922,130545,16377,10126819,666324,1197898,4693497,5421228,4022873,425961,6843286,6829367,5020877,1682804,24790,100896,13919,41699431,35337347
2025:Q1,Millennial,24281462,11863075,9758622,2104454,12418387,2205484,178265,315884,315884,0,30173,15789,14384,3858607,247798,298499,1521810,1455511,1965229,341128,7772559,7766856,5477719,2201519,13427,74191,5703,16508903,47710121
2025:Q2,Silent,20631613,5090872,4326192,764680,15540740,1784379,772442,912170,912170,0,107188,96932,10255,8217973,224572,23176,299616,1093168,1868249,237807,476714,472897,356537,86752,2054,27554,3816,20154899,10385646
2025:Q2,BabyBoom,89958947,22827884,19762813,3065071,67131063,6308300,2727076,3687728,3687728,0,640152,614472,25680,27390352,1013925,1195038,5527916,10051171,7861537,727867,4281189,4262553,2559164,991597,30121,681671,18637,85677757,40612222
2025:Q2,GenX,50504054,16670474,14274852,2395621,33833581,3788368,943812,810059,810059,0,147730,131509,16221,11218720,680416,1225078,5075418,5473343,4039053,431583,6856666,6842965,5042168,1687552,12286,100959,13701,43647388,35510600
2025:Q2,Millennial,25620978,12465649,10274085,2191565,13155329,2236858,183390,317839,317839,0,28610,14311,14299,4343061,250545,307081,1666896,1487552,1983273,350224,7917075,7911208,5592711,2230405,5984,82108,5867,17703903,48567800
2025:Q3,Silent,21224047,4998164,4232251,765913,16225883,1763889,792534,909364,909364,0,105724,95975,9750,8900918,224314,20136,310936,1084890,1876994,236183,470974,467537,351381,84826,1600,29731,3437,20753072,10223449
2025:Q3,BabyBoom,92831974,22633069,19542435,3090634,70198905,6303713,2829829,3724597,3724597,0,639771,614943,24828,29885829,1024219,1247759,5748286,10104580,7959584,730738,4292219,4274922,2538693,982973,24341,728914,17297,88539755,40416709
2025:Q3,GenX,52322612,16692329,14263242,2429087,35630283,3810172,991576,821491,821491,0,148554,132687,15867,12483990,691408,1248093,5374515,5516309,4107855,436320,6879571,6867225,5063329,1694144,9614,100137,12346,45443041,35571211
2025:Q3,Millennial,26508545,12480296,10231941,2248354,14028250,2278442,191940,323513,323513,0,28391,14413,13977,4909733,252972,314884,1787792,1510462,2071357,358762,8099749,8093611,5714445,2280324,4576,94266,6138,18408796,49278758
2025:Q4,Silent,21097619,4864510,4101799,762711,16233109,1753658,820336,905919,905919,0,101286,91995,9290,8958941,220680,20983,308357,1071795,1836167,234986,462146,458569,342938,83002,1394,31235,3577,20635473,9951647
2025:Q4,BabyBoom,93952316,22480061,19358525,3121535,71472256,6437002,2989071,3809077,3809077,0,623852,599633,24219,30646185,1027834,1213743,5796928,10246504,7940925,741135,4301926,4283808,2511042,982053,21865,768848,18118,89650391,40122883
2025:Q4,GenX,53146351,16714708,14250448,2464260,36431643,3931877,1062903,838405,838405,0,148177,132561,15616,12922363,697507,1239825,5471185,5552345,4121336,445721,6906045,6892714,5077736,1707437,8547,98995,13331,46240306,35511871
2025:Q4,Millennial,27013657,12509884,10204844,2305040,14503772,2405178,202791,324464,324464,0,25922,12123,13799,5146352,255167,317490,1841364,1511087,2102704,371253,8284978,8278863,5835430,2334137,4052,105244,6115,18728679,49776536
