Date,Category,Net worth,Assets,Real estate,Consumer durables,Corporate equities and mutual fund shares,DB pension entitlements,DC pension entitlements,Private businesses,Other assets,Liabilities,Home mortgages,Consumer credit,Other liabilities
1989:Q3,pct99to100,3399531,3551429,536080,265902,751405,107118,106509,840175,944240,151898,99342,27117,25439
1989:Q3,pct80to99,8950513,10449211,3028476,700750,927388,1565327,615965,1421664,2189641,1498697,1153407,253683,91607
1989:Q3,pct60to80,3393452,4218171,1415868,430668,226085,838753,148133,283607,875057,824719,561858,241303,21558
1989:Q3,pct40to60,2547697,2972790,999838,250995,120511,628717,79559,247878,645292,425094,258913,159522,6659
1989:Q3,pct20to40,1559571,1748750,669590,172218,41505,238036,55754,128551,443096,189179,113386,69864,5929
1989:Q3,pct00to20,589217,652405,243317,75647,23550,104377,8103,47747,149665,63188,24249,32719,6220
1989:Q4,pct99to100,3475110,3635701,548992,269839,762133,113754,112782,858488,969714,160592,105236,27243,28113
1989:Q4,pct80to99,9114702,10637112,3076585,706968,959763,1598444,639174,1420166,2236012,1522411,1173824,260144,88443
1989:Q4,pct60to80,3462157,4305078,1434294,435452,232627,864812,160734,291831,885328,842921,573655,247693,21573
1989:Q4,pct40to60,2578714,3015464,1007885,255396,126945,632349,81034,251693,660162,436750,265262,164169,7319
1989:Q4,pct20to40,1574311,1772542,668388,177901,45892,250565,54636,125374,449785,198230,115820,76282,6128
1989:Q4,pct00to20,612958,679598,258173,80027,24744,107143,7874,49274,152363,66640,26784,33753,6103
1990:Q1,pct99to100,3446282,3615520,556143,265140,697659,119722,115490,874096,987270,169238,113594,24909,30735
1990:Q1,pct80to99,9100226,10646798,3059806,723907,911794,1624039,645313,1415053,2266885,1546572,1203453,253274,89845
1990:Q1,pct60to80,3498496,4350655,1438615,444617,224225,887036,166527,299618,890017,852159,591238,239209,21712
1990:Q1,pct40to60,2596165,3042789,1009497,267387,127526,634585,79737,254822,669235,446624,276489,161804,8331
1990:Q1,pct20to40,1599156,1801303,678005,182852,48036,262893,52578,122054,454886,202147,119664,76205,6278
1990:Q1,pct00to20,627615,701262,270918,83080,24270,109667,7696,50753,154879,73647,30960,36919,5768
1990:Q2,pct99to100,3501976,3680548,564339,268680,712177,125986,119441,893748,996177,178572,121492,24181,32899
1990:Q2,pct80to99,9220572,10788756,3103011,728497,949453,1652683,662751,1413597,2278764,1568184,1226921,253625,87638
1990:Q2,pct60to80,3557550,4422245,1450741,448440,231789,910893,177310,308282,894790,864694,604081,238973,21640
1990:Q2,pct40to60,2610656,3068604,1005985,271283,134610,637371,80681,258892,679781,457948,285514,163517,8917
1990:Q2,pct20to40,1612129,1821507,678494,188281,52801,275374,50940,118674,456943,209377,123025,79983,6369
1990:Q2,pct00to20,647143,725979,282592,87207,25608,112301,7542,52355,158373,78836,34884,38432,5520
1990:Q3,pct99to100,3396310,3582517,578726,260557,554844,131777,120079,914879,1021656,186207,127963,23704,34540
1990:Q3,pct80to99,9123591,10706398,3104906,740762,799837,1675855,654193,1413002,2317842,1582807,1247645,256338,78824
1990:Q3,pct60to80,3579329,4457593,1467990,454162,204321,931989,176893,317322,904916,878264,615714,241249,21301
1990:Q3,pct40to60,2629959,3097820,1016092,281913,127282,639124,76519,263281,693609,467861,292432,166323,9106
1990:Q3,pct20to40,1633080,1850034,695371,190943,51743,287733,48034,115197,461013,216954,125695,84769,6490
1990:Q3,pct00to20,666010,749270,299642,87817,22966,114762,7350,54016,162717,83260,37816,39919,5525
1990:Q4,pct99to100,3531651,3724615,584764,255900,624581,137779,127166,930149,1064276,192964,132715,22875,37374
1990:Q4,pct80to99,9278640,10883546,3068409,749985,899739,1701124,679834,1405425,2379030,1604906,1266091,258768,80047
1990:Q4,pct60to80,3650773,4542037,1464895,458922,223748,954229,190940,325331,923972,891264,626821,243007,21436
1990:Q4,pct40to60,2671628,3147363,1019242,290314,139668,641251,78167,266227,712494,475735,297089,168680,9966
1990:Q4,pct20to40,1651934,1875140,697771,194444,58791,300217,46488,111547,465883,223206,127567,89046,6593
1990:Q4,pct00to20,687751,774478,311316,89477,25686,117302,7040,55552,168106,86728,39528,42015,5185
1991:Q1,pct99to100,3664200,3862244,588297,257302,737412,143782,136264,934484,1064702,198043,137648,20193,40202
1991:Q1,pct80to99,9488741,11101363,3064659,756855,1046597,1726150,711537,1385506,2410058,1612622,1283105,250394,79123
1991:Q1,pct60to80,3723129,4614192,1464298,463721,251339,976407,207602,331370,919455,891062,636669,232818,21575
1991:Q1,pct40to60,2700896,3178677,1015447,296239,155314,643317,80530,266516,721314,477782,301468,165323,10991
1991:Q1,pct20to40,1670599,1894820,694144,200049,67362,312749,44994,107691,467831,224221,129426,87909,6886
1991:Q1,pct00to20,701215,793164,320557,93617,29390,119842,6616,56845,166297,91949,41375,45570,5004
1991:Q2,pct99to100,3649141,3855477,597979,253804,713936,149993,141118,944768,1053879,206335,145390,18988,41957
1991:Q2,pct80to99,9497483,11129171,3077214,762141,1045678,1753266,725127,1371241,2394504,1631688,1306992,248470,76226
1991:Q2,pct60to80,3761777,4663115,1473125,466514,251779,999721,216861,338669,916446,901338,649958,230021,21359
1991:Q2,pct40to60,2713986,3201514,1018128,302650,160012,645761,80072,268204,726687,487528,310403,165764,11361
1991:Q2,pct20to40,1684013,1914035,701525,203409,71427,325401,42650,103791,465832,230022,132746,90495,6781
1991:Q2,pct00to20,719206,816620,334841,95181,29985,122460,6311,58313,169530,97415,45162,47570,4683
1991:Q3,pct99to100,3713791,3929022,610078,244062,760641,156162,148762,950796,1058521,215230,152291,18456,44483
1991:Q3,pct80to99,9607073,11251211,3075243,773302,1121501,1779647,750852,1351754,2398912,1644138,1314448,246620,83070
1991:Q3,pct60to80,3841568,4741215,1487161,471372,266058,1022718,231399,345302,917205,899647,650341,227753,21553
1991:Q3,pct40to60,2748526,3241861,1025647,313612,170370,648053,81524,268842,733813,493335,313910,167076,12349
1991:Q3,pct20to40,1710926,1946789,720451,205787,77978,338088,40638,99752,464095,235863,134935,94254,6674
1991:Q3,pct00to20,742382,843302,351810,95341,32205,125062,5899,59709,173276,100920,48578,48341,4001
1991:Q4,pct99to100,3900223,4125932,621433,239825,921372,162407,157533,950785,1072577,225709,160178,18215,47316
1991:Q4,pct80to99,9847789,11522316,3082934,777960,1319926,1806643,782190,1325167,2427497,1674527,1334684,248772,91071
1991:Q4,pct60to80,3930144,4842057,1499477,473709,301855,1046092,248548,350965,921411,911913,660401,229648,21864
1991:Q4,pct40to60,2782885,3288438,1033197,320179,189051,650448,83938,268008,743617,505552,321937,170100,13515
1991:Q4,pct20to40,1727639,1972008,727322,209067,88202,350850,38713,95570,462284,244369,138154,99538,6677
1991:Q4,pct00to20,764867,870025,366222,96707,36958,127693,5435,60998,176013,105158,52526,49308,3324
1992:Q1,pct99to100,3845097,4080987,630275,239713,879985,170058,160768,955122,1045066,235890,169456,16635,49799
1992:Q1,pct80to99,9839561,11511448,3106930,779655,1302003,1849352,785132,1302448,2385928,1671887,1347400,239207,85280
1992:Q1,pct60to80,3978753,4882553,1511506,475294,299272,1077568,253449,357607,907857,903800,662977,219026,21797
1992:Q1,pct40to60,2789163,3300377,1036505,324466,192998,655827,81409,268188,740984,511214,329208,167780,14226
1992:Q1,pct20to40,1733279,1981943,729142,213563,92169,364120,35554,91314,456081,248665,141608,100077,6980
1992:Q1,pct00to20,781933,893504,380188,99512,37259,130850,5115,62427,178153,111572,57627,50628,3317
1992:Q2,pct99to100,3807577,4053572,637488,237689,863708,164912,166129,962980,1020667,245995,177404,16061,52530
1992:Q2,pct80to99,9902379,11585884,3123205,784950,1311516,1910552,800704,1282678,2372280,1683505,1358039,236295,89171
1992:Q2,pct60to80,4016861,4919442,1521329,478604,301533,1091727,264029,365064,897156,902581,664915,215672,21994
1992:Q2,pct40to60,2813022,3331888,1037128,331152,198909,668208,81163,269179,746150,518866,334664,168964,15238
1992:Q2,pct20to40,1746250,2001804,734664,218343,97038,380423,32797,86968,451571,255554,144429,104032,7093
1992:Q2,pct00to20,804176,920117,394242,102484,38140,138712,4743,63977,177820,115942,61792,51309,2841
1992:Q3,pct99to100,3850645,4105343,651683,224003,899410,159561,173682,977853,1019151,254698,184448,15356,54894
1992:Q3,pct80to99,10036868,11741255,3118255,797637,1377122,1971507,825681,1269504,2381549,1704387,1379838,237484,87065
1992:Q3,pct60to80,4086073,5001135,1548937,483627,313591,1105426,278807,373951,896796,915062,676822,216312,21928
1992:Q3,pct40to60,2874370,3403745,1058988,344418,208640,680458,82428,271812,757001,529375,342286,171223,15866
1992:Q3,pct20to40,1788979,2052064,770403,220247,103630,396879,30271,82541,448093,263085,147398,108596,7091
1992:Q3,pct00to20,834600,955218,415721,101793,40183,146650,4274,65721,180876,120618,65088,52962,2568
1992:Q4,pct99to100,4046465,4303301,668243,226696,1048564,158571,177859,967610,1055758,256836,186047,15328,55461
1992:Q4,pct80to99,10285841,12011461,3147084,804821,1538701,2029964,851045,1265448,2374398,1725620,1392729,247239,85652
1992:Q4,pct60to80,4161916,5098649,1569111,491126,349290,1127923,287393,372434,901372,936733,692542,221583,22608
1992:Q4,pct40to60,2908302,3448547,1072752,346527,219857,700908,91791,264654,752058,540245,349217,175316,15712
1992:Q4,pct20to40,1813783,2086635,772906,221549,112168,404820,34120,86503,454570,272853,153426,110787,8640
1992:Q4,pct00to20,856991,981280,422107,102749,43763,150032,6338,73627,182664,124289,66943,54517,2829
1993:Q1,pct99to100,4150456,4406291,665593,246444,1097073,155538,184722,976754,1080167,255836,186188,13326,56322
1993:Q1,pct80to99,10430819,12159024,3187450,796031,1593340,2066097,885251,1281959,2348896,1728205,1392472,244208,91525
1993:Q1,pct60to80,4213895,5148982,1577937,493114,366451,1138885,299582,374322,898692,935088,698717,212807,23564
1993:Q1,pct40to60,2906453,3446372,1066193,336760,224173,717172,102199,261928,737948,539919,351156,172871,15892
1993:Q1,pct20to40,1822019,2096966,755164,226206,117725,412213,38143,90678,456837,274947,158223,106588,10136
1993:Q1,pct00to20,869888,998079,417768,108060,45173,152709,8227,82229,183914,128192,67947,57462,2783
1993:Q2,pct99to100,4211659,4468786,677253,247209,1117318,152479,188134,984689,1101703,257127,187894,12496,56737
1993:Q2,pct80to99,10527975,12277417,3217477,807849,1618071,2102461,903203,1297331,2331025,1749442,1409266,250655,89521
1993:Q2,pct60to80,4259194,5215235,1607357,502716,378432,1149907,304664,375934,896225,956041,717622,214244,24175
1993:Q2,pct40to60,2927501,3477182,1077837,341644,226602,733544,109735,258725,729096,549681,359245,174851,15585
1993:Q2,pct20to40,1857744,2140290,773167,227825,122459,419650,41464,94965,460760,282546,164509,106497,11540
1993:Q2,pct00to20,889836,1022581,426995,109204,45980,155404,10195,91083,183721,132745,69809,59920,3016
1993:Q3,pct99to100,4320986,4578867,689311,245921,1184598,149492,192301,997712,1119533,257881,188290,12099,57492
1993:Q3,pct80to99,10678087,12462818,3245970,821138,1692607,2140144,926525,1318136,2318298,1784731,1425595,261320,97816
1993:Q3,pct60to80,4314406,5297293,1638832,512611,399134,1161552,312109,378348,894706,982887,737566,220183,25138
1993:Q3,pct40to60,2956755,3517169,1087807,347771,232205,750231,118199,256545,724412,560414,366029,178683,15702
1993:Q3,pct20to40,1901791,2192974,796731,228954,128614,427161,44940,99371,467203,291184,170320,108052,12812
1993:Q3,pct00to20,912997,1048850,437370,109672,47798,158149,12128,100302,183431,135853,70732,62330,2791
1993:Q4,pct99to100,4450408,4710866,699083,251537,1251711,146213,195053,1007006,1160262,260458,189269,13078,58111
1993:Q4,pct80to99,10842314,12660356,3282320,831947,1766935,2175161,938886,1335180,2329927,1818042,1437157,277741,103144
1993:Q4,pct60to80,4370570,5381959,1670044,522533,419849,1171759,314628,380049,903097,1011389,752939,232468,25982
1993:Q4,pct40to60,2981587,3555460,1100204,351052,237796,766484,124404,253281,722238,573872,372030,186185,15657
1993:Q4,pct20to40,1934025,2237782,810012,232358,134786,434648,47875,103890,474213,303757,176122,113544,14091
1993:Q4,pct00to20,940167,1078160,445080,112820,49612,160820,14020,109738,186071,137993,72158,63152,2683
1994:Q1,pct99to100,4462080,4721101,699801,264611,1177423,142998,196273,1023753,1216242,259021,188701,11404,58916
1994:Q1,pct80to99,10884101,12711854,3340021,832405,1691716,2211422,943428,1360067,2332795,1827754,1444988,280007,102759
1994:Q1,pct60to80,4404547,5427596,1692057,528107,414343,1182544,313782,382919,913845,1023050,766894,229272,26884
1994:Q1,pct40to60,2980852,3557990,1094568,347494,233931,783042,129177,251608,718170,577137,375623,185772,15742
1994:Q1,pct20to40,1955178,2263074,807867,236460,136690,442210,50437,108506,480905,307897,181215,110952,15730
1994:Q1,pct00to20,961882,1103853,448056,117082,48398,163539,15912,119553,191313,141971,72533,66470,2968
1994:Q2,pct99to100,4498057,4760250,707671,269847,1134559,139605,200257,1044725,1263587,262193,190419,11976,59798
1994:Q2,pct80to99,10929951,12784379,3384031,842478,1649525,2246317,958285,1389399,2314343,1854428,1457706,293662,103060
1994:Q2,pct60to80,4442715,5491519,1721479,537379,414512,1192556,317203,386386,922004,1048803,782512,238418,27873
1994:Q2,pct40to60,2987981,3578413,1098137,350551,232100,799417,135363,250763,712082,590432,382615,191890,15927
1994:Q2,pct20to40,1984000,2303864,821904,239558,139466,449786,53326,113201,486622,319864,187388,115108,17368
1994:Q2,pct00to20,990619,1135868,457241,119801,47845,166227,17678,129671,197406,145249,74477,67525,3247
1994:Q3,pct99to100,4585703,4850839,715611,269214,1157997,136368,206119,1058298,1307232,265136,191914,12834,60388
1994:Q3,pct80to99,11044226,12925563,3394158,858303,1677755,2283469,985178,1411198,2315501,1881337,1471172,309564,100601
1994:Q3,pct60to80,4499423,5577002,1755537,548563,427141,1203670,325851,388534,927706,1077579,799035,249904,28640
1994:Q3,pct40to60,3019080,3623500,1113083,357860,234815,816288,143730,247946,709778,604421,389622,199017,15782
1994:Q3,pct20to40,2026545,2359232,847112,241574,144330,457466,56688,118030,494032,332687,193550,120235,18902
1994:Q3,pct00to20,1018467,1166684,468139,121000,48729,168996,19426,139977,200418,148217,76252,68398,3567
1994:Q4,pct99to100,4659657,4929800,721821,272090,1130389,132734,205165,1071391,1396209,270142,193758,14912,61472
1994:Q4,pct80to99,11065736,12990728,3397840,867858,1651677,2316933,975567,1432633,2348220,1924992,1483683,331727,109582
1994:Q4,pct60to80,4530094,5642447,1780700,556892,430068,1212797,318844,390517,952629,1112354,814313,268104,29937
1994:Q4,pct40to60,3037921,3660388,1128006,361266,234004,832550,145610,244816,714135,622466,396636,209530,16300
1994:Q4,pct20to40,2052593,2401603,859096,243608,147534,465108,58499,122977,504780,349009,199771,128960,20278
1994:Q4,pct00to20,1050111,1199765,474333,122421,48499,171660,21229,150562,211061,149654,78282,67935,3437
1995:Q1,pct99to100,4797310,5066641,723815,277566,1219275,129839,213468,1079380,1423298,269331,193518,13639,62174
1995:Q1,pct80to99,11281545,13210879,3404556,879088,1749642,2358889,1015124,1449003,2354577,1929334,1489135,335726,104473
1995:Q1,pct60to80,4604135,5727488,1803456,566686,455231,1226266,332831,391595,951423,1123353,826019,266541,30793
1995:Q1,pct40to60,3075891,3702316,1137112,364891,241291,850469,156061,240240,712252,626425,399873,210292,16260
1995:Q1,pct20to40,2090131,2444595,866842,247082,154578,473004,62332,128091,512666,354464,204951,127569,21944
1995:Q1,pct00to20,1070126,1223795,479421,125384,50818,174601,22929,161429,209214,153669,78938,70778,3953
1995:Q2,pct99to100,4968385,5239220,735311,272392,1315523,133607,221680,1088955,1471753,270834,193629,14009,63196
1995:Q2,pct80to99,11453790,13413234,3388000,893053,1855280,2384292,1059893,1467167,2365549,1959445,1503464,351159,104822
1995:Q2,pct60to80,4704581,5859042,1837452,575643,481806,1267013,349218,392855,955056,1154461,845112,277340,32009
1995:Q2,pct40to60,3118709,3757961,1158731,372423,249038,862776,167811,235836,711346,639252,406016,216569,16667
1995:Q2,pct20to40,2137994,2503978,896656,246855,161870,477377,66403,133326,521491,365984,210869,131564,23551
1995:Q2,pct00to20,1097530,1254061,492158,123968,53291,176979,24703,172619,210343,156531,79747,72485,4299
1995:Q3,pct99to100,5143853,5418583,725880,271033,1439988,137122,232164,1105963,1506433,274730,195287,15080,64363
1995:Q3,pct80to99,11547474,13550467,3281728,903024,1990613,2407139,1111128,1493021,2363815,2002993,1518997,368957,115039
1995:Q3,pct60to80,4766493,5953902,1830075,583131,513713,1306396,368076,395205,957306,1187410,863337,290596,33477
1995:Q3,pct40to60,3154027,3809561,1177688,377088,258632,874660,180281,233051,708161,655534,413773,224410,17351
1995:Q3,pct20to40,2159625,2539174,902407,247290,170064,481744,70720,138594,528356,379550,217322,137410,24818
1995:Q3,pct00to20,1117471,1276385,495360,123458,56367,179288,26404,184097,211411,158914,81621,73147,4146
1995:Q4,pct99to100,5322341,5603593,743488,270051,1567556,143913,236971,1116388,1525226,281252,195693,17305,68254
1995:Q4,pct80to99,11894595,13925427,3325603,914780,2149053,2426462,1152131,1527027,2430372,2030833,1534049,384497,112287
1995:Q4,pct60to80,4862335,6085154,1842610,586530,542714,1347537,394112,395955,975696,1222820,874699,312129,35992
1995:Q4,pct40to60,3181702,3853347,1184518,382164,269688,877780,186290,236296,716612,671645,417791,235844,18010
1995:Q4,pct20to40,2187366,2574920,902034,250708,178023,489189,71228,143092,540646,387553,218255,145137,24161
1995:Q4,pct00to20,1121520,1279874,490995,125073,58721,181479,25837,177773,219996,158355,80021,73247,5087
1996:Q1,pct99to100,5411000,5694725,753443,271635,1626610,150470,241159,1119980,1531429,283725,197597,15730,70398
1996:Q1,pct80to99,12150166,14219644,3383185,928205,2235170,2442770,1191945,1554157,2484213,2069478,1560769,379737,128972
1996:Q1,pct60to80,4959280,6201889,1865925,591418,558989,1387386,419891,395643,982637,1242609,894355,311450,36804
1996:Q1,pct40to60,3203073,3882282,1187510,387446,276302,880327,192138,237853,720707,679209,426420,236444,16345
1996:Q1,pct20to40,2231659,2615395,907985,255539,183884,496616,71549,147696,552127,383737,220391,141563,21783
1996:Q1,pct00to20,1124009,1284546,492615,128202,59637,183586,25218,171495,223793,160537,79328,77284,3925
1996:Q2,pct99to100,5505647,5797731,767403,266177,1695055,157023,242239,1128133,1541701,292084,200919,16810,74355
1996:Q2,pct80to99,12354979,14457363,3425183,940121,2331301,2458535,1217595,1585901,2498726,2102383,1584389,387525,130469
1996:Q2,pct60to80,5046297,6319341,1890565,593884,577175,1427229,439763,396078,994647,1273044,909355,324288,39401
1996:Q2,pct40to60,3220396,3916622,1196918,393656,283652,882758,195551,240531,723556,696226,435194,244121,16911
1996:Q2,pct20to40,2272056,2661296,923808,257197,190099,504084,71172,152246,562690,389241,222694,145628,20919
1996:Q2,pct00to20,1133167,1295610,496930,127782,60783,185687,24604,165233,234592,162443,79657,78208,4578
1996:Q3,pct99to100,5538161,5838300,784836,263361,1686587,163520,244575,1134570,1560851,300139,204591,17828,77720
1996:Q3,pct80to99,12486197,14620918,3468642,954103,2345390,2473176,1249517,1615950,2514139,2134720,1609525,394976,130219
1996:Q3,pct60to80,5113708,6416953,1910583,598084,580710,1466771,462432,396256,1002117,1303246,925170,336701,41375
1996:Q3,pct40to60,3237929,3950847,1212690,400250,285779,884962,199947,242785,724434,712918,444642,251630,16646
1996:Q3,pct20to40,2303936,2698471,932011,260384,193750,511578,70922,156831,572996,394535,225214,149520,19801
1996:Q3,pct00to20,1138815,1303257,499331,128993,60289,187763,23901,158991,243989,164443,80219,79192,5032
1996:Q4,pct99to100,5723606,6029854,797247,268024,1774515,169141,262329,1158622,1599976,306248,207003,19281,79964
1996:Q4,pct80to99,12797344,14969426,3515325,961112,2462399,2477729,1338079,1663640,2551142,2172082,1631948,405971,134163
1996:Q4,pct60to80,5219798,6555035,1926234,599931,602847,1501472,508790,399323,1016439,1335238,940225,352882,42131
1996:Q4,pct40to60,3271719,3999923,1231277,401604,294639,885259,212500,249362,725282,728203,452287,260798,15118
1996:Q4,pct20to40,2321859,2721928,922237,265063,200701,518886,72548,161174,581319,400069,227228,154947,17894
1996:Q4,pct00to20,1146237,1310864,496785,132195,61901,189534,22450,152845,255154,164628,79940,79998,4690
1997:Q1,pct99to100,5741238,6052393,808100,269277,1783203,175810,259292,1189054,1567656,311155,209381,17543,84231
1997:Q1,pct80to99,12912251,15098681,3553396,973208,2494509,2493183,1349408,1717714,2517262,2186430,1647941,396688,141801
1997:Q1,pct60to80,5283425,6625097,1944570,603909,609728,1542000,522974,403503,998414,1341672,949619,346857,45196
1997:Q1,pct40to60,3284777,4018233,1240830,406281,298011,887570,213641,257491,714408,733456,457976,259558,15922
1997:Q1,pct20to40,2349454,2745442,921461,269492,204918,526500,71276,165449,586346,395988,228802,150230,16956
1997:Q1,pct00to20,1139391,1307533,495230,134877,61812,191656,21818,146817,255322,168142,79731,83299,5112
1997:Q2,pct99to100,6123899,6442186,823750,263188,2114005,183307,277841,1208973,1571123,318288,212402,18002,87884
1997:Q2,pct80to99,13519301,15743618,3594518,983047,2872288,2517220,1477574,1761288,2537683,2224318,1670864,401311,152143
1997:Q2,pct60to80,5484229,6852000,1978699,604935,679010,1587124,589227,406004,1007002,1367771,964219,355927,47625
1997:Q2,pct40to60,3353865,4101526,1258615,411572,323966,891464,235601,263037,717270,747661,466175,265443,16043
1997:Q2,pct20to40,2404025,2803170,938527,270484,220415,534355,74468,169883,595037,399145,231039,152499,15607
1997:Q2,pct00to20,1152264,1322106,501060,133739,68700,194055,20535,140789,263228,169842,79888,84856,5098
1997:Q3,pct99to100,6372350,6697651,839552,258045,2303544,190532,291915,1234028,1580036,325302,217671,18551,89080
1997:Q3,pct80to99,13957853,16234598,3631062,997453,3098695,2537814,1580615,1810026,2578933,2276744,1707469,407305,161970
1997:Q3,pct60to80,5638942,7040292,2008238,608772,720966,1630759,644586,409407,1017563,1401350,987783,366363,47204
1997:Q3,pct40to60,3412830,4178522,1278310,418895,340038,894686,252959,269834,723800,765692,480063,271866,13763
1997:Q3,pct20to40,2451248,2854228,950576,272862,230994,542169,76543,174265,606820,402980,234852,155215,12913
1997:Q3,pct00to20,1161291,1333239,505581,133967,72526,196354,19260,134858,270692,171948,81442,86505,4001
1997:Q4,pct99to100,6518491,6854210,850092,265050,2347160,196873,287187,1280153,1627695,335719,221537,20237,93945
1997:Q4,pct80to99,14194106,16501647,3699796,1004859,3169484,2548147,1580651,1879903,2618807,2307541,1723620,415962,167959
1997:Q4,pct60to80,5730109,7156382,2036993,611255,735163,1669514,653972,416429,1033056,1426273,995176,380173,50924
1997:Q4,pct40to60,3438074,4220418,1295735,419847,346224,895951,251689,281769,729203,782343,486814,280728,14801
1997:Q4,pct20to40,2468103,2877947,942051,278618,236717,549790,74471,178419,617880,409844,236891,160713,12240
1997:Q4,pct00to20,1172353,1345700,505621,138332,73250,198344,18463,129236,282454,173347,82320,86353,4674
1998:Q1,pct99to100,6962272,7304787,866593,261745,2736019,205854,306981,1290211,1637383,342515,226353,18705,97457
1998:Q1,pct80to99,14950790,17280891,3767473,1017548,3608958,2587335,1716275,1913705,2669598,2330102,1747288,406534,176280
1998:Q1,pct60to80,5980999,7415874,2080189,614465,815073,1722928,724442,417389,1041389,1434875,1007847,373817,53211
1998:Q1,pct40to60,3522764,4313426,1319155,425859,375804,902608,274913,284899,730188,790662,496453,279518,14691
1998:Q1,pct20to40,2527880,2934815,954427,281384,253967,558090,77632,183009,626306,406935,239730,156360,10845
1998:Q1,pct00to20,1184120,1361694,511833,139060,81303,201235,16880,123237,288146,177574,83774,89109,4691
1998:Q2,pct99to100,7102765,7453875,890429,260819,2788347,217085,303461,1319503,1674231,351111,230739,20002,100370
1998:Q2,pct80to99,15292157,17675531,3877270,1030708,3689926,2651401,1736336,1966831,2723060,2383374,1781657,417634,184083
1998:Q2,pct60to80,6091108,7565847,2133998,618460,831253,1753115,743945,421661,1063414,1474739,1030457,389709,54573
1998:Q2,pct40to60,3562359,4373702,1343193,431531,382783,906378,278001,292720,739095,811343,508900,288568,13875
1998:Q2,pct20to40,2565425,2979179,970044,285215,260151,561750,76288,187395,638336,413754,243196,161557,9001
1998:Q2,pct00to20,1202340,1381762,523111,140975,82239,200520,16083,117524,301311,179422,84753,90274,4395
1998:Q3,pct99to100,6793976,7153943,918264,246144,2395858,227018,275587,1333779,1757293,359967,235530,20859,103578
1998:Q3,pct80to99,14955492,17376449,3918893,1054593,3293487,2701338,1624921,2004975,2778241,2420956,1814999,425252,180705
1998:Q3,pct60to80,6064600,7574621,2196724,625596,762036,1776297,704082,423387,1086498,1510021,1051555,401816,56650
1998:Q3,pct40to60,3568228,4398916,1389026,445795,359184,907546,257215,296887,743263,830688,521306,295942,13440
1998:Q3,pct20to40,2594999,3014833,1002812,285828,251001,565128,69662,191955,648446,419834,246721,165221,7892
1998:Q3,pct00to20,1218386,1401057,543538,138772,73724,199386,16078,111621,317939,182671,86045,91628,4998
1998:Q4,pct99to100,7391146,7761837,952129,265289,2876334,226880,317255,1342117,1781833,370691,241413,24615,104663
1998:Q4,pct80to99,16020059,18508213,4055956,1060115,3900116,2793055,1823452,2036506,2839013,2488154,1866346,436470,185338
1998:Q4,pct60to80,6293006,7827354,2225535,629854,873949,1786359,786180,419432,1106046,1534348,1068149,411497,54702
1998:Q4,pct40to60,3671444,4522077,1410758,441187,405637,928173,291523,287162,757636,850632,533413,302739,14480
1998:Q4,pct20to40,2617296,3050001,1008414,294032,265351,567577,78437,192118,644072,432705,251322,172331,9052
1998:Q4,pct00to20,1218439,1405594,540018,143285,89960,199188,14109,107465,311570,187155,87948,93620,5587
1999:Q1,pct99to100,7338427,7716812,973649,269824,2837188,225428,329845,1321505,1759373,378385,246206,26303,105876
1999:Q1,pct80to99,16264629,18802627,4126809,1072605,3945004,2870551,1871482,2038502,2877673,2537998,1912561,435475,189962
1999:Q1,pct60to80,6365168,7905607,2268742,634902,885317,1789107,800410,410510,1116619,1540439,1081365,407466,51608
1999:Q1,pct40to60,3722922,4583416,1445836,443524,415820,946086,298876,270586,762688,860494,543127,302787,14580
1999:Q1,pct20to40,2633363,3071153,1031974,297865,262030,569670,81268,192522,635824,437790,255229,172970,9591
1999:Q1,pct00to20,1203004,1395302,542327,142550,94860,198519,13248,102892,300906,192298,89149,97397,5752
1999:Q2,pct99to100,7608684,7997263,1001312,283436,3067379,224443,348856,1358654,1713183,388579,251799,29397,107383
1999:Q2,pct80to99,16858091,19482466,4272353,1084804,4281346,2953722,1958431,2098313,2833497,2624375,1966160,443307,214908
1999:Q2,pct60to80,6500587,8062914,2319525,641845,949289,1794543,831924,411922,1113866,1562327,1099599,413129,49599
1999:Q2,pct40to60,3784377,4663121,1469261,443586,445091,965102,313292,268423,758366,878744,555512,307453,15779
1999:Q2,pct20to40,2650261,3098077,1053158,305271,268435,571912,85604,192507,621190,447817,259831,178016,9970
1999:Q2,pct00to20,1204601,1400822,547875,145903,105570,198020,12298,99458,291699,196221,90788,100279,5154
1999:Q3,pct99to100,7461154,7861928,1033196,287396,2828239,222080,342602,1429693,1718721,400774,259916,33379,107479
1999:Q3,pct80to99,16876751,19575948,4390155,1105026,4099796,3022147,1905735,2192589,2860500,2699197,2027988,454297,216912
1999:Q3,pct60to80,6500851,8090635,2376876,651326,919570,1792303,801077,419720,1129763,1589783,1121446,422478,45859
1999:Q3,pct40to60,3817538,4719336,1506836,449967,439701,981309,302544,274845,764135,901798,572109,314186,15503
1999:Q3,pct20to40,2659625,3120846,1088168,310511,258330,573780,84345,192504,613208,461221,265705,185291,10225
1999:Q3,pct00to20,1200532,1401972,557939,146477,105462,197025,12013,96866,286190,201440,94095,102264,5081
1999:Q4,pct99to100,8219713,8636030,1061748,300641,3455226,222746,375902,1449431,1770335,416317,268525,38510,109282
1999:Q4,pct80to99,18076109,20874900,4508503,1116204,4875066,3124395,2085259,2234625,2930849,2798790,2073904,464573,260313
1999:Q4,pct60to80,6797786,8402338,2418527,657616,1063601,1807132,873780,418482,1163200,1604552,1128802,431818,43932
1999:Q4,pct40to60,3954285,4877467,1540059,449633,498796,1004046,334108,268859,781966,923183,584324,321976,16883
1999:Q4,pct20to40,2697020,3171968,1102658,317543,279480,576568,92371,192828,610519,474948,270695,194401,9852
1999:Q4,pct00to20,1226675,1430333,564510,149456,125273,197135,10944,93390,289625,203658,98012,102345,3301
2000:Q1,pct99to100,8408168,8837213,1109190,309282,3622890,221733,392174,1433072,1748872,429045,276602,41759,110684
2000:Q1,pct80to99,18677474,21548128,4701486,1137346,5143016,3208586,2163498,2239340,2954856,2870654,2110662,461497,298495
2000:Q1,pct60to80,6977397,8574958,2496012,668723,1115789,1812593,900816,410738,1170286,1597561,1128910,426409,42242
2000:Q1,pct40to60,4020907,4955898,1564446,455410,523878,1023356,346970,254163,787676,934991,593412,323111,18468
2000:Q1,pct20to40,2741948,3223932,1143351,324835,284408,578912,96271,193225,602930,481984,274939,197204,9841
2000:Q1,pct00to20,1231891,1439870,576114,152322,134481,196642,10249,89226,280836,207979,101688,103786,2505
2000:Q2,pct99to100,8229078,8672117,1165014,319829,3365677,219628,390278,1497148,1714543,443038,285336,46886,110816
2000:Q2,pct80to99,18771590,21694896,4921935,1157074,4936495,3281330,2141756,2326578,2929728,2923306,2169842,474290,279174
2000:Q2,pct60to80,7007490,8630988,2580162,679441,1082032,1811976,883681,417949,1175747,1623498,1147198,437952,38348
2000:Q2,pct40to60,4058582,5017189,1606172,460045,516820,1040510,341959,259425,792258,958607,609475,331313,17819
2000:Q2,pct20to40,2752406,3250635,1176702,332577,274595,580977,96148,193657,595979,498229,280811,206582,10836
2000:Q2,pct00to20,1232721,1445997,589595,155742,133527,195753,9973,86910,274497,213276,105433,104748,3095
2000:Q3,pct99to100,8264966,8723464,1210153,321695,3279633,218116,396610,1572848,1724409,458499,294427,53331,110741
2000:Q3,pct80to99,19100708,22107310,5096070,1177876,4915566,3361091,2169778,2426175,2960753,3006601,2229114,492220,285267
2000:Q3,pct60to80,7100383,8755441,2661945,688836,1081587,1814754,888543,427575,1192202,1655058,1164956,455386,34716
2000:Q3,pct40to60,4120282,5106123,1645429,467284,521837,1059072,346028,267645,798829,985842,625749,342407,17686
2000:Q3,pct20to40,2779586,3296537,1223437,337061,270686,583281,98001,194315,589756,516951,286790,219229,10932
2000:Q3,pct00to20,1239632,1456178,604310,155423,136332,195089,9572,85001,270450,216546,109410,104499,2637
2000:Q4,pct99to100,7912775,8385756,1251424,337726,2754505,215302,383239,1604898,1838662,472981,300900,60049,112032
2000:Q4,pct80to99,18965690,22004376,5326328,1192313,4380073,3427321,2085948,2480532,3111861,3038685,2282554,513308,242823
2000:Q4,pct60to80,7056346,8744332,2732842,697684,984983,1810288,844310,429215,1245010,1687986,1180456,476089,31441
2000:Q4,pct40to60,4102964,5112911,1664766,467986,488800,1075092,330022,265237,821008,1009947,638205,354544,17198
2000:Q4,pct20to40,2770581,3308354,1246597,345847,249439,585253,95289,194993,590937,537774,291547,232893,13334
2000:Q4,pct00to20,1237195,1458905,612139,160201,127395,193953,9523,82194,273500,221710,111564,104383,5763
2001:Q1,pct99to100,7604521,8084282,1328860,349287,2341446,213706,356521,1618809,1875653,479761,306996,62882,109883
2001:Q1,pct80to99,19009151,22065677,5688812,1206629,3949658,3507373,1943478,2515792,3253935,3056525,2331751,513945,210829
2001:Q1,pct60to80,7081923,8773923,2871860,705446,905271,1812733,775346,427538,1275729,1692000,1192494,473632,25874
2001:Q1,pct40to60,4130125,5150580,1709196,469690,460420,1093852,304593,258472,854357,1020455,649004,355990,15461
2001:Q1,pct20to40,2814776,3359934,1301655,352803,230715,587675,90208,195657,601221,545157,295900,235409,13848
2001:Q1,pct00to20,1240831,1468698,637354,162893,120064,193274,9802,79030,266282,227867,113480,107865,6522
2001:Q2,pct99to100,7899636,8390209,1377084,356102,2553000,206651,372617,1664489,1860265,490574,315256,65832,109486
2001:Q2,pct80to99,19644399,22799172,5869393,1219291,4267462,3580111,2019553,2584246,3259116,3154774,2414457,524180,216137
2001:Q2,pct60to80,7261362,8994372,2948978,711153,968170,1844110,800765,431957,1289239,1733010,1229899,480965,22146
2001:Q2,pct40to60,4221911,5268984,1745157,471683,489994,1120378,316686,259530,865555,1047073,671084,360653,15336
2001:Q2,pct20to40,2856604,3413734,1337337,357494,239129,592857,93832,196561,596523,557129,302968,240220,13941
2001:Q2,pct00to20,1247901,1482602,647414,163072,130152,192932,9192,76693,263147,234701,116354,112399,5948
2001:Q3,pct99to100,7480823,7994070,1423325,359199,1988034,198157,343561,1694470,1987324,513247,328711,71075,113461
2001:Q3,pct80to99,19114995,22415177,6016006,1234927,3618897,3639212,1871126,2636138,3398870,3300181,2487086,530474,282621
2001:Q3,pct60to80,7213922,8974901,3035735,717758,843646,1868313,729763,433491,1346195,1760980,1253319,485459,22202
2001:Q3,pct40to60,4207556,5286130,1793913,476062,440799,1144475,290635,256788,883459,1078574,694189,366203,18182
2001:Q3,pct20to40,2853313,3426028,1374627,361307,211716,597726,88339,197455,594858,572715,311138,247872,13705
2001:Q3,pct00to20,1242429,1482609,659692,162107,116595,192093,9482,74041,268599,240179,123109,113268,3802
2001:Q4,pct99to100,7949726,8460609,1493987,375058,2389053,199915,358457,1681060,1963079,510883,333849,68450,108584
2001:Q4,pct80to99,19755994,23068160,6171944,1242033,4011303,3660530,1970324,2571800,3440226,3312167,2535114,558185,218868
2001:Q4,pct60to80,7472553,9293398,3091788,732621,924544,1957935,767842,448178,1370491,1820845,1291500,511158,18187
2001:Q4,pct40to60,4294914,5401585,1828505,486534,479272,1166105,300295,252262,888611,1106671,710086,380025,16560
2001:Q4,pct20to40,2886923,3478326,1393556,361386,224098,597251,89721,204830,607484,591403,321211,256650,13542
2001:Q4,pct00to20,1270482,1514070,670670,166668,127499,186709,9855,84587,268081,243588,120025,117359,6204
2002:Q1,pct99to100,8116309,8641150,1565339,391490,2467583,199810,370109,1705174,1941645,524841,352448,65045,107348
2002:Q1,pct80to99,19920870,23274033,6337094,1241178,3989483,3662106,2040811,2546585,3456776,3353163,2582572,554795,215796
2002:Q1,pct60to80,7692517,9529897,3160540,742920,924375,2037970,793211,470138,1400743,1837379,1315216,504619,17544
2002:Q1,pct40to60,4359008,5495780,1883325,492874,483283,1184168,304232,256799,891099,1136772,736165,382809,17798
2002:Q1,pct20to40,2890136,3495851,1400557,359978,220534,596269,89854,212559,616099,605715,335695,257126,12894
2002:Q1,pct00to20,1284139,1536922,680964,169855,128124,180596,10180,96142,271061,252783,126714,119121,6948
2002:Q2,pct99to100,7951626,8489957,1640220,408778,2226297,199099,342519,1740749,1932295,538331,371705,63378,103248
2002:Q2,pct80to99,19503729,22907429,6489623,1244020,3580056,3657307,1924484,2532991,3478948,3403700,2647856,565399,190445
2002:Q2,pct60to80,7730029,9610727,3218313,755563,848866,2115489,740075,494410,1438011,1880697,1352755,513300,14642
2002:Q2,pct40to60,4365730,5543371,1947768,500876,455391,1201234,277771,264069,896262,1177641,767731,391956,17954
2002:Q2,pct20to40,2858308,3485719,1397889,359670,202919,595142,82623,220447,627030,627411,351434,263655,12322
2002:Q2,pct00to20,1289534,1551335,688819,174082,119192,174208,11271,108068,275695,261801,133558,119956,8287
2002:Q3,pct99to100,7583173,8133942,1722037,414859,1766419,198370,311845,1787335,1933078,550769,388408,60170,102191
2002:Q3,pct80to99,18793153,22269870,6594856,1256399,2903659,3652397,1794095,2530560,3537904,3476717,2723560,577559,175598
2002:Q3,pct60to80,7717708,9655776,3287517,771230,718432,2193764,682461,520905,1481466,1938067,1401638,522725,13704
2002:Q3,pct40to60,4370301,5589679,2021652,516262,402177,1218495,249806,273970,907317,1219378,800273,399976,19129
2002:Q3,pct20to40,2842816,3489714,1419920,356932,174682,594035,74958,228487,640701,646898,367023,267738,12137
2002:Q3,pct00to20,1289781,1561445,703028,175103,103026,167757,12322,120350,279860,271664,138258,123440,9966
2002:Q4,pct99to100,7822755,8385893,1796448,421997,1957293,199208,322698,1735733,1952516,563138,405944,57937,99257
2002:Q4,pct80to99,19045078,22609324,6710372,1263035,3020400,3664217,1882363,2423868,3645070,3564246,2800121,592960,171165
2002:Q4,pct60to80,7953687,9951838,3360029,783795,747387,2281303,717604,529058,1532662,1998151,1450208,535953,11990
2002:Q4,pct40to60,4452217,5716264,2087116,528562,420001,1239126,258604,260011,922844,1264047,833583,410057,20407
2002:Q4,pct20to40,2868923,3537436,1443676,353357,176850,593439,76092,235965,658057,668513,382947,274170,11396
2002:Q4,pct00to20,1311580,1591859,718159,175438,107533,161849,12907,130429,285544,280279,143510,125930,10839
2003:Q1,pct99to100,7874369,8448006,1864599,439835,1885182,197631,321622,1789584,1949553,573638,421711,52655,99272
2003:Q1,pct80to99,18966275,22609019,6876693,1256946,2815515,3650472,1903136,2428177,3678079,3642744,2866092,591794,184858
2003:Q1,pct60to80,8111688,10146460,3434209,791415,711430,2356764,724492,557250,1570901,2034772,1491751,530688,12333
2003:Q1,pct40to60,4493995,5790323,2138530,532120,408722,1255115,255973,271637,928226,1296328,862392,411378,22558
2003:Q1,pct20to40,2865086,3544815,1447292,351228,166567,592079,74539,244203,668906,679729,397669,271519,10541
2003:Q1,pct00to20,1325128,1615079,729949,178037,103600,154956,13572,143089,291875,289950,147625,131087,11238
2003:Q2,pct99to100,8551911,9145221,1940823,452887,2383070,197245,351567,1852911,1966717,593310,443905,49626,99779
2003:Q2,pct80to99,19591997,23437818,7022391,1259660,3261702,3649475,2083354,2442109,3719127,3845821,2968670,603414,273737
2003:Q2,pct60to80,8451221,10562702,3515311,803069,806300,2439460,797632,587373,1613557,2111481,1556750,539624,15107
2003:Q2,pct40to60,4614386,5966941,2211452,541157,456202,1273692,279094,285551,919793,1352555,906589,419231,26735
2003:Q2,pct20to40,2881127,3581054,1460313,349098,179805,591087,79142,252569,669040,699927,416749,275516,7662
2003:Q2,pct00to20,1365129,1662963,745650,180187,116736,148460,13893,156061,301977,297834,155717,134519,7598
2003:Q3,pct99to100,8902964,9515639,2025225,458804,2620306,196113,357015,1905870,1952307,612675,468364,48185,96126
2003:Q3,pct80to99,19801283,23723445,7148929,1270998,3388330,3640656,2139407,2444706,3690420,3922162,3061439,615056,245667
2003:Q3,pct60to80,8672359,10844591,3598881,818098,836570,2519086,819651,615711,1636593,2172232,1610270,549416,12546
2003:Q3,pct40to60,4694115,6099979,2289549,556087,474661,1290968,282242,296954,909519,1405864,949268,429058,27538
2003:Q3,pct20to40,2888267,3614310,1485249,346033,180613,589831,78948,260935,672700,726043,435850,282659,7534
2003:Q3,pct00to20,1387482,1698374,764046,180823,121466,141610,14520,168888,307021,310892,165742,135301,9849
2003:Q4,pct99to100,9525113,10164071,2107346,468706,3078625,195620,384273,1945395,1984106,638958,485318,45552,108088
2003:Q4,pct80to99,20466638,24457095,7297458,1280195,3738453,3638738,2310322,2432742,3759187,3990457,3142141,630149,218167
2003:Q4,pct60to80,9006474,11251484,3687301,832783,909190,2602924,889576,641705,1688005,2245010,1662690,562051,20269
2003:Q4,pct40to60,4826159,6278544,2360371,569018,510768,1309687,304018,305124,919558,1452384,983139,438443,30802
2003:Q4,pct20to40,2916319,3666135,1507390,344090,187740,588745,83113,269281,685775,749816,451989,287999,9828
2003:Q4,pct00to20,1419855,1743169,782839,182809,131574,134947,14901,181506,314594,323314,170336,138739,14239
2004:Q1,pct99to100,10377653,11028058,2225407,483382,3350483,199230,388184,2022037,2359335,650406,502687,41098,106621
2004:Q1,pct80to99,21246917,25310891,7585615,1291302,3871053,3680521,2363735,2459816,4058850,4063975,3208311,628744,226920
2004:Q1,pct60to80,9481330,11760289,3828525,849603,939480,2708830,911410,674809,1847631,2278959,1701910,557022,20027
2004:Q1,pct40to60,4999490,6485498,2444171,581702,528839,1336674,307120,322314,964678,1486008,1012879,440355,32774
2004:Q1,pct20to40,2963189,3725824,1537899,344499,187226,588963,82844,277914,706479,762635,467283,286571,8781
2004:Q1,pct00to20,1485787,1818677,812375,187278,136289,129858,15613,195057,342206,332890,175619,142682,14589
2004:Q2,pct99to100,10631893,11303284,2339043,486228,3415814,215262,390098,2167194,2289645,671391,527568,37978,105845
2004:Q2,pct80to99,21383650,25576590,7767038,1310008,3776773,3731821,2400623,2559386,4030940,4192940,3314753,634998,243189
2004:Q2,pct60to80,9690773,12037572,3958917,868137,927153,2780565,926048,720879,1855872,2346799,1766058,560457,20284
2004:Q2,pct40to60,5122216,6663236,2558319,600824,529653,1360679,307083,356117,950561,1541020,1059745,446300,34975
2004:Q2,pct20to40,2986210,3770544,1577817,341936,179656,591524,81903,287037,710671,784335,487503,289218,7614
2004:Q2,pct00to20,1519177,1865048,844463,187980,135676,129921,16291,210242,340475,345871,185647,145588,14636
2004:Q3,pct99to100,11018006,11700402,2456584,502741,3481537,231590,387471,2312298,2328182,682396,548068,36159,98169
2004:Q3,pct80to99,21646947,25941148,8020422,1308577,3676371,3785415,2419653,2658911,4071799,4294201,3408446,651820,233935
2004:Q3,pct60to80,9944503,12359843,4106469,878286,913936,2853681,934410,767120,1905942,2415340,1824776,575239,15325
2004:Q3,pct40to60,5286895,6879767,2705722,607072,530379,1385147,304826,389954,956666,1592872,1099880,457194,35798
2004:Q3,pct20to40,3003275,3811434,1607574,340279,171707,594110,80391,296230,721144,808159,505655,296418,6086
2004:Q3,pct00to20,1568441,1924549,876304,190905,134994,130054,17077,225506,349709,356108,192666,148044,15398
2004:Q4,pct99to100,11694761,12391381,2524867,500184,3818203,252919,426408,2353539,2515260,696619,556043,37754,102822
2004:Q4,pct80to99,22667540,27141527,8406433,1337962,3983570,3914570,2581447,2753772,4163773,4473987,3535007,671026,267954
2004:Q4,pct60to80,10151221,12674197,4241951,894967,985960,2839321,998598,766929,1946471,2522976,1903939,600204,18833
2004:Q4,pct40to60,5373586,7002722,2719687,620741,546048,1409677,337744,389976,978850,1629136,1131753,462701,34682
2004:Q4,pct20to40,3076492,3896375,1646789,349352,186927,609772,89040,285050,729444,819882,512192,302163,5527
2004:Q4,pct00to20,1669406,2030014,927803,195014,144493,136459,16158,241296,368790,360607,201643,146271,12693
2005:Q1,pct99to100,11864762,12555574,2586415,502323,3843243,270714,433214,2404224,2515441,690811,553414,33446,103951
2005:Q1,pct80to99,23111747,27691254,8755512,1358318,3969736,4004546,2571507,2858821,4172815,4579507,3653107,671079,255321
2005:Q1,pct60to80,10160226,12771173,4370171,907598,998967,2804671,991868,768666,1929233,2610947,1989757,602410,18780
2005:Q1,pct40to60,5453162,7093635,2769742,628938,537531,1426744,343002,392372,995306,1640472,1154231,454155,32086
2005:Q1,pct20to40,3150370,3962591,1677160,358379,193469,624228,91305,274041,744010,812222,514898,291613,5711
2005:Q1,pct00to20,1734792,2102454,975039,199584,146638,141411,15588,257270,366924,367662,203152,152271,12239
2005:Q2,pct99to100,12291770,12997771,2647658,512674,3979367,289392,454152,2507369,2607159,706001,561002,33170,111829
2005:Q2,pct80to99,23835283,28560685,9139253,1375076,4068071,4102994,2637932,3019793,4217567,4725402,3790453,682088,252861
2005:Q2,pct60to80,10242552,12962074,4500256,920004,1033118,2773006,1017064,780498,1938128,2719523,2078294,617876,23353
2005:Q2,pct40to60,5559007,7233321,2835053,633380,536367,1445233,360878,407477,1014933,1674314,1189106,454695,30513
2005:Q2,pct20to40,3198444,4018575,1691644,370012,203354,638976,96478,263595,754517,820131,521667,291912,6552
2005:Q2,pct00to20,1813176,2189941,1020432,207215,151404,146702,14860,274460,374868,376765,212237,152647,11881
2005:Q3,pct99to100,12725671,13445053,2715117,507358,4224245,307925,480928,2628349,2581132,719383,568733,33881,116769
2005:Q3,pct80to99,24627549,29508460,9519601,1393727,4275563,4198811,2726032,3199961,4194765,4880911,3929967,698832,252112
2005:Q3,pct60to80,10326693,13161108,4652210,930069,1087539,2738892,1050670,795922,1905806,2834415,2168340,639636,26439
2005:Q3,pct40to60,5673077,7384917,2906070,642439,541697,1463062,381708,426919,1023022,1711840,1224735,458408,28697
2005:Q3,pct20to40,3278133,4108967,1742025,375946,216431,653657,102411,253452,765045,830835,528469,295375,6991
2005:Q3,pct00to20,1889458,2274449,1077011,208375,158645,151914,13962,292092,372450,384992,221637,152252,11103
2005:Q4,pct99to100,13038745,13772178,2766187,502422,4301515,326704,504833,2684956,2685561,733433,575084,34670,123679
2005:Q4,pct80to99,25321288,30320270,9875281,1415614,4310584,4296277,2803549,3311751,4307214,4998982,4057744,714056,227182
2005:Q4,pct60to80,10400783,13340554,4780028,942046,1110933,2704490,1080552,799210,1923294,2939771,2249767,659951,30053
2005:Q4,pct40to60,5758040,7502190,2947558,652881,534768,1481020,401374,430946,1053643,1744150,1255844,461732,26574
2005:Q4,pct20to40,3361355,4202524,1792292,382886,225050,668386,108036,242785,783089,841169,533961,298745,8463
2005:Q4,pct00to20,1966640,2360475,1130319,210421,162079,157207,13134,308159,379156,393835,230466,151400,11969
2006:Q1,pct99to100,13805964,14558051,2735131,511897,4933020,346168,527674,2701988,2802174,752087,585846,34433,131808
2006:Q1,pct80to99,26203768,31373922,9989170,1429253,4907906,4400262,2876511,3381335,4389484,5170154,4202178,721145,246831
2006:Q1,pct60to80,10442107,13489216,4788712,952525,1235446,2672321,1108809,794973,1936430,3047109,2339814,671516,35779
2006:Q1,pct40to60,5797702,7579602,2937144,655859,562402,1500010,420530,425548,1078109,1781900,1294959,461077,25864
2006:Q1,pct20to40,3397825,4247324,1778708,393870,248681,683290,113534,231753,797488,849499,541805,298454,9240
2006:Q1,pct00to20,2018266,2422333,1145768,217407,177719,162762,12321,323197,383159,404067,242336,150960,10771
2006:Q2,pct99to100,13795052,14560969,2749181,506628,4798844,364998,533669,2777089,2830561,765917,593558,33145,139214
2006:Q2,pct80to99,26358839,31691467,10199495,1451279,4724310,4496239,2861877,3512803,4445464,5332628,4348929,727396,256303
2006:Q2,pct60to80,10345308,13502406,4856931,964508,1220541,2635108,1100251,801913,1923154,3157098,2435893,680415,40790
2006:Q2,pct40to60,5814814,7631799,2961402,666330,540371,1517306,425082,434143,1087165,1816986,1332846,459205,24935
2006:Q2,pct20to40,3443505,4298048,1806843,400944,252023,697920,115647,221354,803317,854543,548654,295513,10376
2006:Q2,pct00to20,2059940,2476314,1180643,219542,176528,168035,11747,339632,380187,416373,252210,153938,10225
2006:Q3,pct99to100,14142964,14918775,2750345,499154,4985443,384780,556441,2843618,2898993,775811,596099,34223,145489
2006:Q3,pct80to99,26886902,32366722,10369097,1475141,4865381,4601772,2933419,3635019,4486893,5479820,4468007,748732,263081
2006:Q3,pct60to80,10331876,13594644,4904929,977038,1263800,2601828,1128063,807245,1911741,3262768,2514500,703245,45023
2006:Q3,pct40to60,5850227,7699175,2962088,678156,537668,1536186,444092,440732,1100253,1848949,1358814,466344,23791
2006:Q3,pct20to40,3499404,4362615,1835544,407645,264001,712774,121116,210903,810632,863211,551966,299809,11436
2006:Q3,pct00to20,2105549,2533387,1207719,221145,182322,173680,10918,355802,381801,427838,259038,159088,9712
2006:Q4,pct99to100,14638946,15423054,2723959,499086,5412624,405197,587988,2880783,2913417,784108,595138,35491,153479
2006:Q4,pct80to99,27628880,33243007,10482427,1489733,5249583,4713465,3047806,3725569,4534424,5614127,4551013,764166,298948
2006:Q4,pct60to80,10349944,13690055,4911044,985960,1349823,2570897,1174073,806919,1891339,3340111,2566045,722405,51661
2006:Q4,pct40to60,5875073,7742046,2930492,683729,548363,1556009,470321,440341,1112791,1866973,1371291,470981,24701
2006:Q4,pct20to40,3543719,4412840,1840019,415364,282225,727725,128275,200157,819075,869121,551850,303874,13397
2006:Q4,pct00to20,2147556,2580440,1223227,224387,193172,179568,9923,371139,379024,432884,264007,159799,9078
2007:Q1,pct99to100,15041281,15832258,2658940,507717,5706153,424982,605165,2871770,3057530,790977,600393,33960,156624
2007:Q1,pct80to99,28126846,33826543,10468438,1500395,5496137,4817078,3085943,3766162,4692391,5699696,4651202,759525,288969
2007:Q1,pct60to80,10293572,13688748,4848265,994562,1411445,2535056,1187831,797627,1913962,3395176,2624563,717768,52845
2007:Q1,pct40to60,5855515,7736635,2868147,685263,549844,1574099,483571,428967,1146744,1881120,1393190,466205,21725
2007:Q1,pct20to40,3562164,4428105,1807046,425815,296982,742348,132433,188908,834572,865941,554829,297917,13195
2007:Q1,pct00to20,2164526,2610425,1214464,230880,201070,185170,9126,385137,384578,445899,273077,164797,8025
2007:Q2,pct99to100,15323912,16122031,2618661,510122,5900252,435578,637623,2905326,3114469,798118,602785,34865,160468
2007:Q2,pct80to99,28478700,34338814,10482158,1515884,5639628,4931661,3208659,3851855,4708969,5860114,4753130,772494,334490
2007:Q2,pct60to80,10261745,13741790,4814604,1004506,1455172,2534329,1238070,796518,1898591,3480045,2688438,735153,56454
2007:Q2,pct40to60,5836104,7740260,2833525,690553,544577,1586425,511901,427823,1145455,1904157,1413768,469173,21216
2007:Q2,pct20to40,3564844,4435203,1789865,434931,309279,750982,140035,178148,831962,870359,556781,300942,12636
2007:Q2,pct00to20,2191399,2641019,1216955,235624,206830,184648,8127,400136,388700,449620,280292,164339,4989
2007:Q3,pct99to100,15628035,16434242,2554367,507487,5961791,445535,657105,2912267,3395689,806207,601480,37007,167720
2007:Q3,pct80to99,28876895,34809811,10401212,1530719,5645950,5038723,3260634,3908255,5024318,5932916,4848165,798598,286153
2007:Q3,pct60to80,10237527,13811677,4779132,1012965,1475462,2530154,1258140,790183,1965640,3574150,2751174,762660,60316
2007:Q3,pct40to60,5883035,7812266,2841953,696712,530927,1597307,527913,420380,1197074,1929231,1429768,479643,19820
2007:Q3,pct20to40,3588164,4470468,1780712,441969,318400,759260,144802,167102,858222,882304,556872,308333,17099
2007:Q3,pct00to20,2210997,2674596,1217451,238091,209833,183887,7303,414260,403771,463599,285212,169310,9077
2007:Q4,pct99to100,15248969,16062908,2543947,509526,5575365,444783,647115,2835485,3506686,813939,609661,39789,164489
2007:Q4,pct80to99,28859858,34866051,10341649,1546704,5412997,5126709,3259512,3837798,5340682,6006193,4887859,820171,298163
2007:Q4,pct60to80,10030531,13623343,4652929,1017413,1394657,2557253,1212274,778062,2010755,3592812,2758689,770351,63772
2007:Q4,pct40to60,5765519,7728759,2736468,704722,519849,1603359,514134,420927,1229300,1963239,1452117,488856,22266
2007:Q4,pct20to40,3555501,4457864,1768713,448194,308186,752058,139074,174001,867638,902363,571134,313347,17882
2007:Q4,pct00to20,2217220,2704043,1200306,248230,217443,182628,11262,424841,419333,486823,297675,176963,12185
2008:Q1,pct99to100,14537908,15356532,2484872,503273,5046791,443251,614214,2621126,3643006,818624,617435,39624,161565
2008:Q1,pct80to99,28162430,34249300,10018945,1569589,5030923,5205163,3130579,3616538,5677563,6086870,4913633,821693,351544
2008:Q1,pct60to80,9694022,13270763,4468582,1023927,1288186,2579425,1113542,738508,2058593,3576741,2754888,753727,68126
2008:Q1,pct40to60,5638912,7623708,2669023,718029,499876,1607487,478244,388561,1262487,1984796,1469904,488909,25983
2008:Q1,pct20to40,3522239,4432516,1747903,452579,294103,744460,128240,178704,886527,910277,584386,308082,17809
2008:Q1,pct00to20,2193305,2706828,1168851,255982,221505,181027,15341,430302,433820,513523,309878,189973,13672
2008:Q2,pct99to100,14086008,14916739,2436739,489050,4767478,442892,611777,2555489,3613314,830731,629850,43681,157200
2008:Q2,pct80to99,27851954,33862638,9712069,1588921,4899442,5296071,3153335,3554947,5657852,6010684,4898940,829406,282338
2008:Q2,pct60to80,9499970,13027637,4321074,1026685,1225366,2608206,1079277,727754,2039275,3527667,2710483,749121,68063
2008:Q2,pct40to60,5607588,7603567,2639472,731582,493770,1613952,468104,390949,1265739,1995979,1478127,493922,23930
2008:Q2,pct20to40,3478016,4405289,1739573,452990,286019,737189,123352,184882,881284,927273,596838,312726,17709
2008:Q2,pct00to20,2193343,2727374,1150617,259514,230278,179910,18897,439560,448598,534031,325045,191598,17388
2008:Q3,pct99to100,13238249,14062504,2382662,485617,4048297,441595,572478,2433530,3698324,824254,624410,43841,156003
2008:Q3,pct80to99,26901115,33028973,9443525,1601685,4311523,5375809,2997817,3430451,5868163,6127858,4887825,841560,398473
2008:Q3,pct60to80,9163057,12673836,4175468,1028086,1083189,2631188,974355,705453,2076097,3510779,2691815,742903,76061
2008:Q3,pct40to60,5527997,7534324,2594815,739376,460463,1618253,429790,379652,1311974,2006327,1475822,498469,32036
2008:Q3,pct20to40,3434794,4367958,1716612,456301,266005,729546,111762,189818,897914,933164,603109,310235,19820
2008:Q3,pct00to20,2181348,2738359,1128330,266667,228413,178387,22739,446045,467778,557012,328860,206805,21347
2008:Q4,pct99to100,11993348,12816404,2321707,483348,3000179,438688,506906,2249821,3815755,823057,619743,44182,159132
2008:Q4,pct80to99,25830641,31699452,9216212,1596994,3373677,5437034,2689004,3235991,6150540,5868810,4856329,845805,166676
2008:Q4,pct60to80,8704558,12168412,4033792,1019812,877850,2644477,811655,670198,2110628,3463854,2654636,731613,77605
2008:Q4,pct40to60,5416805,7411348,2526913,738583,403674,1618977,366464,353566,1403171,1994543,1467706,499062,27775
2008:Q4,pct20to40,3382184,4324885,1691359,456330,235144,721302,94413,193160,933177,942702,608450,306893,27359
2008:Q4,pct00to20,2140537,2728563,1105642,271180,216239,176174,26048,448958,484322,588027,333202,216235,38590
2009:Q1,pct99to100,11274038,12086423,2260282,476659,2561796,434203,488572,2075477,3789434,812386,617317,40094,154975
2009:Q1,pct80to99,25209207,31025656,8972064,1594492,3053329,5480389,2638122,3049216,6238043,5816449,4858555,829545,128349
2009:Q1,pct60to80,8429164,11848832,3900195,1011765,782192,2648368,755627,636106,2114579,3419668,2643751,696822,79095
2009:Q1,pct40to60,5334396,7321685,2475295,739921,382751,1616251,347400,329338,1430728,1987289,1471506,488750,27033
2009:Q1,pct20to40,3350030,4283960,1671592,455063,220254,712483,87131,195903,941534,933930,616572,290923,26435
2009:Q1,pct00to20,2119604,2730653,1087884,274155,216908,173286,29169,450724,498527,611049,338886,232009,40154
2009:Q2,pct99to100,11386628,12198720,2213706,464410,3160522,432602,532622,1862724,3532133,812092,621218,40366,150508
2009:Q2,pct80to99,25771743,31577634,8741806,1600513,3815574,5555541,2912775,2816246,6135178,5805890,4838299,823660,143931
2009:Q2,pct60to80,8437883,11803868,3792274,1007309,882226,2669018,824024,593198,2035819,3365986,2606028,676902,83056
2009:Q2,pct40to60,5353279,7340585,2460796,746681,431684,1619775,379795,295927,1405927,1987306,1472309,484867,30130
2009:Q2,pct20to40,3332396,4271063,1657352,453396,237497,704792,91722,196929,929374,938667,625331,285574,27762
2009:Q2,pct00to20,2106056,2737241,1078851,276206,246494,171615,32751,448745,482579,631185,348390,237504,45291
2009:Q3,pct99to100,11970954,12775446,2188727,448941,3774844,431292,580110,1795469,3556063,804491,616944,40656,146891
2009:Q3,pct80to99,26693808,32501355,8578080,1603326,4595607,5633735,3207847,2745081,6137679,5807547,4812783,830420,164344
2009:Q3,pct60to80,8558564,11886421,3696435,1000276,983027,2691264,899846,580043,2035531,3327857,2573502,667042,87313
2009:Q3,pct40to60,5436102,7423332,2443902,752722,480675,1624002,415329,295511,1411191,1987230,1466177,487587,33466
2009:Q3,pct20to40,3331163,4274343,1653683,449754,254354,697310,96827,200548,921867,943181,631123,282677,29381
2009:Q3,pct00to20,2138167,2792703,1076580,276248,276036,170062,36380,453092,504305,654536,352899,250330,51307
2009:Q4,pct99to100,11901672,12704106,2171888,449746,3838282,428776,598443,1710373,3506598,802434,619519,41694,141221
2009:Q4,pct80to99,26984544,32797474,8490862,1612898,4798314,5698645,3353849,2652518,6190388,5812929,4788280,832115,192534
2009:Q4,pct60to80,8528485,11805846,3616764,1000677,982696,2706454,918554,562819,2017883,3277361,2533825,652979,90557
2009:Q4,pct40to60,5454988,7444542,2424460,758021,493874,1625751,427381,290435,1424620,1989554,1464617,488592,36345
2009:Q4,pct20to40,3313403,4262260,1638381,454059,255292,689491,96354,203277,925407,948858,639059,280123,29676
2009:Q4,pct00to20,2146528,2822514,1074913,284732,290865,167996,39923,455579,508506,675986,361452,259515,55019
2010:Q1,pct99to100,12124382,12926022,2178155,441195,4034495,433716,618556,1735045,3484860,801640,617797,40399,143444
2010:Q1,pct80to99,27668004,33444921,8448970,1613805,5140342,5845786,3502033,2685618,6208367,5776917,4728538,814695,233684
2010:Q1,pct60to80,8657760,11845979,3557669,994003,1006761,2765036,936968,569059,2016483,3188219,2469278,619186,99755
2010:Q1,pct40to60,5536029,7510401,2408237,761521,515747,1643860,438892,309960,1432184,1974372,1449260,480319,44793
2010:Q1,pct20to40,3309672,4261582,1639836,452775,260092,684776,95712,208844,919547,951910,643308,269296,39306
2010:Q1,pct00to20,2166357,2880009,1081659,287504,309285,169092,43449,464738,524282,713652,367280,269162,77210
2010:Q2,pct99to100,11757864,12562754,2183426,433893,3561561,434871,592375,1847000,3509628,804890,622571,41972,140347
2010:Q2,pct80to99,27437878,33193412,8408803,1609451,4771337,5963522,3404452,2819891,6215957,5755534,4695738,812808,246988
2010:Q2,pct60to80,8553911,11679781,3500263,984519,909300,2815543,863396,594303,2012457,3125870,2420259,602211,103400
2010:Q2,pct40to60,5559158,7532234,2418144,762261,493664,1664183,411978,349184,1432820,1973076,1446257,479674,47145
2010:Q2,pct20to40,3262792,4221127,1633532,450876,245777,676417,86191,217039,911294,958335,651139,266938,40258
2010:Q2,pct00to20,2195548,2930481,1090478,289911,308953,171075,46578,479956,543530,734932,376892,274850,83190
2010:Q3,pct99to100,12280062,13079912,2159101,422983,4026398,438957,632158,1892226,3508090,799850,621664,44113,134073
2010:Q3,pct80to99,28457756,34185610,8255739,1611641,5399714,6114548,3664845,2877994,6261128,5727854,4658309,823555,245990
2010:Q3,pct60to80,8762778,11837698,3466113,977929,983014,2883458,923680,605356,1998149,3074920,2373578,596338,105004
2010:Q3,pct40to60,5728192,7699401,2459506,767029,533751,1691229,441294,372701,1433890,1971209,1438086,485815,47308
2010:Q3,pct20to40,3269301,4232359,1636128,448930,258647,669369,89307,223353,906625,963059,656997,268209,37853
2010:Q3,pct00to20,2259227,3010547,1114003,291853,335272,174309,50472,490928,553710,751320,383121,285696,82503
2010:Q4,pct99to100,12823618,13625966,2155015,442894,4449916,424841,662639,1976568,3514092,802348,612141,50483,139724
2010:Q4,pct80to99,29395937,35138598,8253635,1613264,5855528,6226566,3841348,2910072,6438185,5742660,4606978,869726,265956
2010:Q4,pct60to80,8998314,12073662,3405373,980550,1060535,2978898,1007618,613558,2027130,3075348,2331423,642690,101235
2010:Q4,pct40to60,5675249,7624174,2337549,755740,562613,1714674,466316,364199,1423083,1948925,1392996,509170,46759
2010:Q4,pct20to40,3269668,4245405,1608063,452039,267758,687937,97182,219173,913252,975737,645826,293127,36784
2010:Q4,pct00to20,2209291,2943306,1061507,291015,336596,178878,50409,479604,545297,734016,368533,281614,83869
2011:Q1,pct99to100,13282433,14089632,2131310,457746,4823158,403883,684558,2040569,3548408,807199,615379,48435,143385
2011:Q1,pct80to99,29878840,35650674,8140685,1625915,6255453,6266500,3948044,2917391,6496687,5771834,4608936,862752,300146
2011:Q1,pct60to80,9185384,12235026,3357281,988398,1128406,3036356,1064396,617192,2042998,3049642,2319707,633365,96570
2011:Q1,pct40to60,5639208,7564079,2262494,750958,587579,1724010,478426,350289,1410323,1924871,1372524,506743,45604
2011:Q1,pct20to40,3273051,4240540,1576123,455457,274977,704080,102301,214259,913344,967489,641971,292062,33456
2011:Q1,pct00to20,2163197,2890077,1022070,289790,335517,180636,49923,466563,545579,726880,361609,284951,80320
2011:Q2,pct99to100,13415976,14225215,2132039,481846,4804463,382160,685734,2110998,3627975,809239,613559,48540,147140
2011:Q2,pct80to99,30093067,35862830,8128816,1634979,6241952,6301140,3958254,2930554,6667134,5769763,4604546,871371,293846
2011:Q2,pct60to80,9323151,12364926,3350902,996214,1126307,3091241,1086409,621986,2091867,3041776,2307811,642549,91416
2011:Q2,pct40to60,5618723,7518468,2229038,742252,587778,1732444,476641,337126,1413190,1899745,1346677,509935,43133
2011:Q2,pct20to40,3259058,4224439,1540061,461793,271548,720293,104151,209387,917206,965381,636341,298531,30509
2011:Q2,pct00to20,2138729,2849177,998208,291989,324023,182172,49458,453556,549771,710449,351735,282151,76563
2011:Q3,pct99to100,12748708,13563733,2136182,485074,3951962,357295,635088,2200123,3798008,815025,613234,49469,152322
2011:Q3,pct80to99,29149458,34916200,8071521,1651754,5350027,6305474,3689512,2963032,6884880,5766743,4602472,886619,277652
2011:Q3,pct60to80,9230605,12271334,3357769,1003831,975650,3130503,999830,630453,2173299,3040729,2296085,656351,88293
2011:Q3,pct40to60,5522450,7405689,2199201,742325,535600,1734994,429852,327402,1436315,1883239,1322504,518172,42563
2011:Q3,pct20to40,3247307,4217773,1544708,461426,245932,735671,95902,204824,929311,970466,631333,307768,31365
2011:Q3,pct00to20,2093804,2802635,982055,286218,291628,182524,48852,441184,570174,708831,342766,283796,82269
2011:Q4,pct99to100,13208013,14027220,2120952,502898,4257988,336354,661829,2308487,3838712,819207,610218,50360,158629
2011:Q4,pct80to99,29818139,35574449,8036845,1654656,5681986,6354742,3832948,3014914,6998358,5756310,4601965,904490,249855
2011:Q4,pct60to80,9449601,12497678,3345049,1006644,1032146,3193682,1073807,642598,2203752,3048077,2288198,674435,85444
2011:Q4,pct40to60,5525207,7390085,2142807,732187,556939,1746542,448945,321143,1441522,1864878,1296709,526212,41957
2011:Q4,pct20to40,3258053,4234585,1524088,463883,251345,752905,102481,200499,939385,976533,625690,317863,32980
2011:Q4,pct00to20,2056611,2761755,956228,284386,288214,184602,48465,429283,570578,705144,332159,282865,90120
2012:Q1,pct99to100,13891377,14715735,2111442,528813,4894922,316084,702599,2365247,3796629,824359,612221,49039,163099
2012:Q1,pct80to99,30759535,36525024,8006796,1659825,6358667,6413909,4064414,3007655,7013757,5765489,4591365,899891,274233
2012:Q1,pct60to80,9758442,12774327,3320427,1012560,1146678,3262365,1186344,643774,2202179,3015885,2267011,667605,81269
2012:Q1,pct40to60,5535920,7373548,2086314,721168,598066,1760119,484127,302564,1421190,1837628,1271863,525039,40726
2012:Q1,pct20to40,3260789,4230995,1484459,470044,264846,770693,112520,194759,933674,970206,620830,319126,30250
2012:Q1,pct00to20,2017093,2713342,927469,286506,291658,187056,48023,414144,558486,696248,324671,284342,87235
2012:Q2,pct99to100,13940503,14769013,2155017,537798,4711632,292085,692106,2482982,3897394,828511,609699,49891,168921
2012:Q2,pct80to99,30697261,36461763,8086340,1667778,6175281,6436911,3989657,3065649,7040147,5764502,4584678,914841,264983
2012:Q2,pct60to80,9867384,12881220,3368343,1016302,1116017,3312525,1174676,657163,2236194,3013836,2253482,682829,77525
2012:Q2,pct40to60,5518784,7334553,2098388,715552,588677,1766574,466454,296680,1402228,1815769,1244647,531748,39374
2012:Q2,pct20to40,3254490,4227875,1486264,470008,257079,787398,110988,190158,925979,973385,614933,328899,29553
2012:Q2,pct00to20,2008395,2694193,927648,281526,275437,188113,47331,401498,572640,685798,314391,282260,89147
2012:Q3,pct99to100,14514656,15341747,2201656,549114,5048909,269922,715117,2628594,3928435,827091,603434,49965,173692
2012:Q3,pct80to99,31535209,37324445,8208527,1674692,6535598,6481844,4112392,3151613,7159779,5789235,4585860,934809,268566
2012:Q3,pct60to80,10162699,13189223,3428908,1019953,1176989,3374530,1245489,675784,2267570,3026524,2249858,702829,73837
2012:Q3,pct40to60,5574876,7370107,2095289,708839,610779,1777388,483155,296070,1398588,1795231,1216397,540457,38377
2012:Q3,pct20to40,3288167,4263318,1495611,470660,262312,805030,116972,185808,926925,975151,608429,338277,28445
2012:Q3,pct00to20,1997407,2673481,929793,277349,270582,190019,46625,389357,569756,676074,301652,284115,90307
2012:Q4,pct99to100,14796354,15637127,2237040,563724,5103584,246560,719611,2733989,4032618,840773,609188,53951,177634
2012:Q4,pct80to99,31963812,37727231,8315986,1685327,6600778,6516940,4134994,3191316,7281890,5763419,4575476,953824,234119
2012:Q4,pct60to80,10368298,13385594,3476327,1026500,1188211,3431820,1276533,685844,2300359,3017296,2225592,722104,69600
2012:Q4,pct40to60,5564611,7347653,2076725,703124,615764,1786244,483323,285738,1396735,1783042,1195236,550982,36824
2012:Q4,pct20to40,3296899,4285396,1499188,473442,260305,822455,119270,180351,930385,988497,604772,355075,28650
2012:Q4,pct00to20,1978222,2646369,928611,275322,258970,191551,45969,374677,571269,668147,296730,276968,94449
2013:Q1,pct99to100,15693934,16513896,2305694,584859,5829432,237548,752305,2831384,3972673,819962,590555,47170,182237
2013:Q1,pct80to99,33228982,39028970,8564352,1690681,7361151,6700621,4309741,3220192,7182232,5799987,4589096,957110,253781
2013:Q1,pct60to80,10784917,13820031,3561071,1031434,1316234,3566533,1372158,693939,2278662,3035114,2243362,725482,66270
2013:Q1,pct40to60,5655457,7398878,2073055,693236,659916,1824508,509449,272837,1365877,1743421,1159044,548129,36248
2013:Q1,pct20to40,3351782,4322483,1503743,477672,274362,844994,127308,174485,919919,970701,595197,348347,27157
2013:Q1,pct00to20,1975923,2634303,934658,275208,261068,198821,44981,359024,560543,658380,275644,287535,95201
2013:Q2,pct99to100,15978870,16803878,2397686,595698,5925327,220547,756926,3035417,3872277,825008,589235,47886,187887
2013:Q2,pct80to99,33716742,39549544,8793829,1694823,7467388,6892467,4329134,3361549,7010354,5832802,4594693,973017,265092
2013:Q2,pct60to80,11018748,14063954,3663780,1033368,1334246,3671418,1404074,722856,2234211,3045205,2238642,743155,63408
2013:Q2,pct40to60,5698913,7424702,2106750,685183,666874,1856898,509174,282605,1317218,1725789,1135801,554142,35846
2013:Q2,pct20to40,3370573,4346283,1523343,477496,272914,872234,129510,170141,900645,975710,590342,358886,26482
2013:Q2,pct00to20,1965765,2613641,954289,270252,249297,204537,44167,346741,544357,647876,265886,283106,98884
2013:Q3,pct99to100,16636269,17467275,2472945,600287,6287062,204890,785188,3234052,3882851,831006,590397,48999,191610
2013:Q3,pct80to99,34803060,40670662,9013334,1705928,7847256,7098194,4482421,3494232,7029297,5867603,4618151,995559,253893
2013:Q3,pct60to80,11422551,14493056,3782655,1037977,1398128,3783523,1494370,750125,2246277,3070504,2246133,765574,58797
2013:Q3,pct40to60,5826540,7544990,2151385,682032,688918,1892020,532641,290515,1307479,1718450,1119543,564895,34012
2013:Q3,pct20to40,3424419,4407790,1553791,476369,277574,899944,136898,165259,897955,983372,587385,370998,24989
2013:Q3,pct00to20,1973373,2612796,978956,263869,242517,210790,43028,333214,540421,639422,257597,284272,97553
2013:Q4,pct99to100,17314220,18159529,2552484,610121,6758839,224479,838036,3293136,3882434,845309,594447,57254,193608
2013:Q4,pct80to99,35840145,41842040,9185099,1699537,8314523,7310470,4695772,3576116,7060522,6001895,4612813,1006361,382721
2013:Q4,pct60to80,11663334,14748593,3827953,1040216,1443013,3889210,1574375,740832,2232993,3085259,2234246,786542,64471
2013:Q4,pct40to60,5915442,7643171,2166501,684783,693807,1924861,560457,287212,1325549,1727729,1112501,577851,37377
2013:Q4,pct20to40,3468834,4456302,1580832,477062,283640,903676,145024,171441,894627,987468,583669,381242,22557
2013:Q4,pct00to20,1976929,2613138,974917,265613,250655,213198,43285,335354,530116,636210,257368,281216,97626
2014:Q1,pct99to100,17932877,18792530,2618375,625981,7192293,230584,862061,3289410,3973826,859653,600396,62802,196455
2014:Q1,pct80to99,36705248,42701341,9343211,1684981,8744404,7384720,4752108,3590155,7201762,5996093,4595252,998618,402223
2014:Q1,pct60to80,11804016,14867029,3864565,1039087,1482428,3923329,1587590,719763,2250267,3063012,2211160,785048,66804
2014:Q1,pct40to60,5979171,7704130,2204009,682106,697369,1929933,561077,270614,1359022,1724959,1104303,583649,37007
2014:Q1,pct20to40,3487078,4470991,1580819,478374,289068,902446,147106,176460,896718,983913,579755,382247,21911
2014:Q1,pct00to20,1972394,2612515,970077,268539,258189,210279,43964,335245,526222,640121,258600,284451,97070
2014:Q2,pct99to100,18646964,19528267,2705821,636250,7653795,237287,896785,3399557,3998772,881303,608900,72451,199952
2014:Q2,pct80to99,37703930,43709513,9513326,1681199,9205079,7464066,4865735,3725933,7254176,6005583,4589245,1011092,405246
2014:Q2,pct60to80,11984851,15057310,3931789,1043006,1527652,3960066,1625165,721567,2248065,3072459,2195238,807693,69528
2014:Q2,pct40to60,6102329,7838869,2280087,686081,703265,1935877,571504,278920,1383135,1736540,1101651,598190,36699
2014:Q2,pct20to40,3511391,4506751,1600088,479880,295384,901237,151320,183315,895527,995360,577388,395615,22357
2014:Q2,pct00to20,1983801,2623683,975211,271127,266448,207539,44496,339381,519481,639883,261462,278962,99459
2014:Q3,pct99to100,18790206,19691872,2776929,652070,7535026,242653,905727,3509676,4069790,901666,617451,81335,202880
2014:Q3,pct80to99,38109387,44029907,9698534,1680328,9065203,7528864,4836398,3861392,7359188,5920520,4593105,1026975,300440
2014:Q3,pct60to80,12003371,15090692,3996048,1049866,1473194,3989229,1602368,723762,2256225,3087321,2187292,830892,69137
2014:Q3,pct40to60,6137733,7887747,2331369,690143,676095,1938756,557170,287255,1406959,1750014,1101631,615426,32957
2014:Q3,pct20to40,3513340,4521865,1615191,484297,287939,899364,150016,190146,894913,1008525,575633,407915,24977
2014:Q3,pct00to20,1976394,2625810,977632,276824,262730,204218,45300,343635,515471,649416,264242,280402,104772
2014:Q4,pct99to100,19300367,20222292,2823870,668919,7856237,249192,932842,3601702,4089530,921925,625660,90349,205916
2014:Q4,pct80to99,38875325,44792050,9838466,1671529,9382431,7604803,4913376,3977112,7404333,5916725,4595606,1039694,281425
2014:Q4,pct60to80,12093710,15197820,4030403,1052370,1495707,4024145,1625066,722801,2247327,3104109,2178728,853643,71738
2014:Q4,pct40to60,6191479,7954332,2363332,690087,674956,1943750,561722,291801,1428684,1762853,1101036,629594,32223
2014:Q4,pct20to40,3520409,4540317,1618969,487366,291194,897756,152803,196621,895608,1019908,573661,420218,26029
2014:Q4,pct00to20,1972425,2622681,970678,281489,268240,201313,45963,347300,507697,650255,266817,276041,107397
2015:Q1,pct99to100,19795085,20728450,2894322,683651,8065691,255056,959069,3676468,4194194,933365,629658,94084,209623
2015:Q1,pct80to99,39643414,45539496,10003459,1665210,9584331,7673121,4979386,4073949,7560040,5896081,4581876,1030669,283536
2015:Q1,pct60to80,12230721,15317221,4074594,1055848,1499554,4055077,1642864,718854,2270429,3086500,2161129,849904,75467
2015:Q1,pct40to60,6288866,8046689,2410138,691745,667784,1947094,563888,292811,1473229,1757822,1092325,633182,32315
2015:Q1,pct20to40,3550220,4564701,1625457,490157,291880,895757,155069,202733,903648,1014481,569241,418432,26808
2015:Q1,pct00to20,1965668,2621915,964694,285730,271474,198096,46576,350379,504967,656248,266708,280833,108707
2015:Q2,pct99to100,20063494,21017098,2985637,700996,8125734,260206,971543,3799047,4173935,953604,637938,102371,213295
2015:Q2,pct80to99,40028678,45966175,10193087,1673969,9631179,7733499,4981747,4222043,7530651,5937497,4600281,1045624,291592
2015:Q2,pct60to80,12258239,15378377,4143422,1068608,1478257,4081855,1634990,724428,2246817,3120138,2165320,874883,79935
2015:Q2,pct40to60,6357097,8133218,2488512,700048,652347,1948728,556187,303866,1483530,1776121,1095792,647402,32927
2015:Q2,pct20to40,3556666,4582751,1638632,497395,289050,893365,154995,209731,899583,1026086,568187,430176,27723
2015:Q2,pct00to20,1970870,2626388,967264,294070,271592,194551,47411,355390,496110,655518,269093,277285,109140
2015:Q3,pct99to100,19669153,20643568,3071301,702763,7456658,263593,946778,3871689,4330786,974415,647075,110484,216856
2015:Q3,pct80to99,39591726,45549733,10356442,1680470,8916135,7775313,4787152,4316038,7718183,5958006,4620659,1064813,272534
2015:Q3,pct60to80,12127859,15283071,4218599,1076584,1332058,4098956,1546336,720686,2289851,3155211,2170419,901002,83790
2015:Q3,pct40to60,6359242,8157516,2556211,710974,594735,1946506,515791,304578,1528722,1798274,1100629,664993,32652
2015:Q3,pct20to40,3568820,4607805,1678435,497876,268454,890204,147461,215734,909641,1038985,567515,442413,29057
2015:Q3,pct00to20,1966561,2627142,973503,295029,256048,190256,48484,358524,505297,660580,272039,279362,109179
2015:Q4,pct99to100,20104050,21095773,3129270,708858,7794930,269961,981140,3887986,4323628,991723,659115,111623,220985
2015:Q4,pct80to99,40346589,46291558,10488304,1683103,9253886,7847099,4910443,4348850,7759872,5944969,4645478,1037888,261603
2015:Q4,pct60to80,12283483,15431257,4275227,1083275,1360233,4131584,1589293,706531,2285114,3147774,2176580,880963,90231
2015:Q4,pct40to60,6453008,8254331,2607329,718958,596430,1950260,528829,293885,1558640,1801323,1109546,657431,34346
2015:Q4,pct20to40,3621501,4654811,1708321,499235,272612,888047,151932,220536,914127,1033310,568127,432979,32204
2015:Q4,pct00to20,1958114,2625143,971860,297195,262162,187123,49157,359460,498187,667029,276959,279346,110724
2016:Q1,pct99to100,20450649,21455711,3189339,725063,7949225,275560,1004517,3859385,4452621,1005061,664683,115077,225301
2016:Q1,pct80to99,40929511,46868679,10620995,1686252,9399603,7910643,4968972,4332651,7949564,5939169,4647720,1034760,256689
2016:Q1,pct60to80,12388006,15536432,4314953,1092480,1357274,4159890,1605213,684287,2322334,3148426,2170567,882233,95626
2016:Q1,pct40to60,6528638,8332672,2656071,724714,587730,1952268,530508,274479,1606902,1804035,1106376,662783,34876
2016:Q1,pct20to40,3648150,4679410,1716928,504770,272345,885520,153855,224268,921724,1031260,565069,432768,33423
2016:Q1,pct00to20,1954093,2623215,963110,303965,264346,183645,49839,358552,499758,669123,277667,284615,106841
2016:Q2,pct99to100,20990126,22014320,3274129,748375,8216439,310534,1030294,3957178,4477370,1024193,672751,122257,229185
2016:Q2,pct80to99,41655092,47642979,10879575,1687356,9664152,7946174,5049305,4452893,7963525,5987887,4671223,1048613,268051
2016:Q2,pct60to80,12532274,15717586,4406096,1102059,1374108,4194726,1630794,686229,2323574,3185312,2179215,905122,100975
2016:Q2,pct40to60,6632625,8454445,2742296,727741,585930,1953799,536614,280689,1627375,1821820,1110832,675706,35282
2016:Q2,pct20to40,3659689,4699743,1728696,512693,274945,877845,156673,230640,918251,1040054,564079,442777,33198
2016:Q2,pct00to20,1987831,2648796,965229,313499,269033,186376,50605,362825,501228,660965,279758,282317,98890
2016:Q3,pct99to100,21469355,22515374,3353107,742883,8507809,346051,1066262,4042396,4456866,1046019,683662,129847,232510
2016:Q3,pct80to99,42318733,48368782,10986585,1695613,9954512,7986076,5178726,4559295,8007975,6050049,4701180,1068302,280567
2016:Q3,pct60to80,12684753,15913133,4502504,1109344,1395393,4231852,1676004,685992,2312044,3228380,2190520,930857,107003
2016:Q3,pct40to60,6785580,8634453,2860129,741125,585792,1956186,550367,284381,1656473,1848873,1119766,693030,36077
2016:Q3,pct20to40,3720740,4772966,1793578,510660,278215,870283,161266,236724,922241,1052226,564477,454723,33026
2016:Q3,pct00to20,2030402,2688245,1006733,311565,274295,189286,51292,366638,488436,657843,283743,284831,89269
2016:Q4,pct99to100,21592304,22652185,3404439,734464,8613091,369561,1061060,4082887,4386683,1059881,686250,125106,248525
2016:Q4,pct80to99,42568557,48620525,11202661,1712092,9999076,7977997,5212925,4527643,7988130,6051968,4723874,1083628,244466
2016:Q4,pct60to80,12797937,16062609,4571490,1115792,1432530,4253612,1663645,692167,2333374,3264672,2202432,958304,103936
2016:Q4,pct40to60,6801055,8675266,2859450,750784,593427,1990714,559101,279734,1642055,1874211,1125321,712904,35986
2016:Q4,pct20to40,3763652,4839793,1839073,511926,281391,873835,160777,235686,937105,1076142,570355,472067,33720
2016:Q4,pct00to20,2084292,2737785,1025763,311670,283554,197050,51774,365459,502516,653493,283698,284429,85366
2017:Q1,pct99to100,22297636,23366445,3452394,734125,9159453,395012,1085758,4121920,4417783,1068809,689621,114887,264301
2017:Q1,pct80to99,43539963,49610495,11390450,1731910,10500996,7988550,5422044,4493416,8083129,6070532,4743810,1073831,252891
2017:Q1,pct60to80,13133745,16401808,4636747,1125922,1545578,4285144,1723436,698037,2386943,3268062,2211466,955093,101503
2017:Q1,pct40to60,6939532,8827350,2895290,760078,626348,2029206,598233,274643,1643552,1887818,1131028,720125,36665
2017:Q1,pct20to40,3835694,4919218,1873112,517176,295255,878082,167067,234585,953940,1083524,576338,474529,32657
2017:Q1,pct00to20,2180848,2834947,1070826,315991,302534,205595,52232,364175,523595,654099,284266,291958,77875
2017:Q2,pct99to100,22896846,23980483,3508326,727526,9473764,420128,1098329,4358179,4394231,1083636,694127,108858,280651
2017:Q2,pct80to99,44247942,50367528,11585046,1745146,10757129,7994015,5566931,4669256,8050005,6119586,4772958,1081873,264755
2017:Q2,pct60to80,13407928,16711747,4730123,1130883,1619685,4314152,1756663,740714,2419527,3303819,2226743,975120,101956
2017:Q2,pct40to60,7087865,9004265,2967788,767742,645884,2066850,626691,308652,1620658,1916400,1140048,736460,39892
2017:Q2,pct20to40,3888525,4994698,1919825,518458,303411,882142,170897,237621,962343,1106173,583211,488612,34350
2017:Q2,pct00to20,2298480,2948288,1128026,316314,316609,213986,52710,370677,549966,649809,285472,291786,72551
2017:Q3,pct99to100,23361718,24458831,3568858,717925,9821038,445368,1116136,4431182,4358323,1097112,699027,102303,295782
2017:Q3,pct80to99,44890642,51052742,11779942,1756224,11044227,7999206,5739440,4668383,8065320,6162100,4808647,1094646,258807
2017:Q3,pct60to80,13660960,17003813,4821996,1133929,1700064,4343134,1800816,752873,2451002,3342854,2246776,996484,99594
2017:Q3,pct40to60,7193716,9140776,3017747,775098,667247,2104622,659703,310026,1606334,1947061,1150960,755677,40424
2017:Q3,pct20to40,3953631,5080693,1973617,518065,312305,886194,175743,237105,977664,1127062,590560,502588,33914
2017:Q3,pct00to20,2394220,3044696,1183716,314913,331520,222411,53100,370550,568486,650476,286832,297485,66159
2017:Q4,pct99to100,24153045,25263968,3606373,708758,10411735,470914,1137804,4551569,4376815,1110923,703137,97260,310526
2017:Q4,pct80to99,45886485,52124193,11940284,1783816,11579640,8006081,5935909,4716579,8161883,6237707,4840058,1111695,285954
2017:Q4,pct60to80,13973605,17362816,4887840,1146529,1822844,4373104,1854753,773870,2503876,3389211,2264096,1026037,99078
2017:Q4,pct40to60,7336275,9316316,3052816,790227,702352,2142912,697015,320798,1610196,1980041,1160008,777112,42921
2017:Q4,pct20to40,4030093,5182235,2024328,521520,326932,890310,181511,237484,1000150,1152142,597343,521060,33739
2017:Q4,pct00to20,2507474,3151422,1234895,316787,351717,230946,53430,372155,591492,643947,287703,297621,58623
2018:Q1,pct99to100,24351970,25473036,3679656,706917,10399964,495650,1120185,4633846,4436818,1121066,706577,87072,327417
2018:Q1,pct80to99,46225419,52477785,12219468,1809949,11489736,8002688,5924193,4722860,8308892,6252366,4856079,1100181,296106
2018:Q1,pct60to80,14187494,17577275,4991531,1159904,1842769,4397901,1822843,787717,2574610,3389782,2269897,1021052,98833
2018:Q1,pct40to60,7450951,9444597,3109447,802886,703272,2179341,699468,323766,1626418,1993646,1164763,783637,45246
2018:Q1,pct20to40,4102712,5263348,2073179,527584,327191,894052,179364,237036,1024942,1160636,602969,523070,34597
2018:Q1,pct00to20,2613729,3259717,1296124,321641,359259,239131,54141,372214,617207,645988,288403,304864,52721
2018:Q2,pct99to100,24701388,25839680,3709394,702201,10593849,521104,1122054,4741982,4449097,1138292,712545,79994,345753
2018:Q2,pct80to99,46645968,52921480,12361672,1834460,11609954,8005396,6016500,4755137,8338360,6275512,4889761,1103417,282334
2018:Q2,pct60to80,14396851,17820074,5060280,1171709,1898541,4425975,1833288,806386,2623895,3423223,2287279,1036397,99547
2018:Q2,pct40to60,7557622,9580675,3171359,815465,715846,2217173,719304,331840,1609688,2023054,1176203,798056,48795
2018:Q2,pct20to40,4145512,5329532,2112636,532142,332323,898023,181140,237029,1036240,1184021,610493,535312,38216
2018:Q2,pct00to20,2721429,3366881,1346854,324923,371313,247597,54640,373150,648404,645453,290571,304998,49884
2018:Q3,pct99to100,25367506,26521813,3746019,696406,11100435,547451,1139972,4829458,4462072,1154306,718908,73976,361422
2018:Q3,pct80to99,47421679,53745296,12527698,1853580,12049396,8016224,6187091,4764271,8347035,6323616,4929906,1118756,274954
2018:Q3,pct60to80,14699121,18167738,5146157,1180175,2008632,4458355,1875016,821171,2678231,3468617,2309316,1061389,97912
2018:Q3,pct40to60,7663482,9721945,3215860,825726,746023,2256788,751616,335599,1590333,2058463,1189495,819250,49718
2018:Q3,pct20to40,4204782,5413211,2162811,535085,344787,902298,185781,236567,1045881,1208429,618505,551598,38326
2018:Q3,pct00to20,2843302,3489646,1402377,326745,390059,256419,54851,373236,685958,646345,292890,309596,43859
2018:Q4,pct99to100,23796834,24970303,3657380,685039,9574263,570343,1041491,4865989,4575798,1173469,723252,68294,381923
2018:Q4,pct80to99,45216155,51548475,12239265,1883782,10397293,7987818,5748314,4718757,8573246,6332320,4957861,1132206,242253
2018:Q4,pct60to80,14268773,17779675,5074750,1193768,1769505,4470706,1667443,826397,2777106,3510902,2323577,1088549,98776
2018:Q4,pct40to60,7520986,9612421,3197090,842630,661748,2288876,682618,328848,1610610,2091435,1197866,839664,53905
2018:Q4,pct20to40,4164957,5403526,2171303,538248,309463,905139,167450,235117,1076806,1238569,625051,569694,43824
2018:Q4,pct00to20,2876887,3522535,1411056,328138,366357,263795,56515,371420,725254,645648,294011,308634,43003
2019:Q1,pct99to100,25670439,26848315,3623639,697586,11134762,600190,1104828,4981019,4706291,1177876,725141,57895,394840
2019:Q1,pct80to99,47528190,53840217,12228293,1905371,11915075,8033995,6177837,4754339,8825307,6312027,4970282,1120435,221310
2019:Q1,pct60to80,14884291,18390684,5055517,1207701,2062142,4521498,1815219,846317,2882290,3506392,2327897,1083604,94891
2019:Q1,pct40to60,7756968,9854474,3187751,849636,751287,2335774,759498,337942,1632586,2097506,1200145,845681,51680
2019:Q1,pct20to40,4243822,5485797,2157111,549084,346677,910719,182005,235066,1105136,1241976,629775,571312,40889
2019:Q1,pct00to20,2999049,3643045,1427654,338555,407544,274041,56373,372359,766518,643996,293698,315543,34755
2019:Q2,pct99to100,26390216,27580458,3730461,696293,11524829,613402,1119580,5177556,4718337,1190242,728573,50569,411100
2019:Q2,pct80to99,48595431,54960730,12686003,1921878,12227409,8073922,6356844,4873541,8821133,6365299,5009712,1130530,225057
2019:Q2,pct60to80,15324471,18877392,5247484,1215657,2153859,4571991,1861110,881525,2945766,3552921,2351912,1106437,94572
2019:Q2,pct40to60,7938093,10065449,3287978,857550,774856,2376374,795212,363705,1609773,2127356,1210191,862831,54334
2019:Q2,pct20to40,4333145,5597444,2234326,553284,356319,917228,187166,236372,1112749,1264299,636647,585410,42242
2019:Q2,pct00to20,3168511,3807898,1515806,341935,424248,280756,56809,376027,812317,639387,293929,316330,29128
2019:Q3,pct99to100,26426667,27628662,3690637,676962,11471842,626153,1113489,5272882,4776698,1201996,733622,43744,424630
2019:Q3,pct80to99,48569134,54983880,12560432,1951551,12083504,8108910,6427305,4885726,8966452,6414746,5050850,1145041,218855
2019:Q3,pct60to80,15448747,19047027,5260482,1227187,2169975,4619954,1862157,897753,3009519,3598280,2375761,1130020,92499
2019:Q3,pct40to60,8038555,10198231,3353658,876123,773650,2416013,812791,368613,1597383,2159676,1222266,883049,54361
2019:Q3,pct20to40,4393756,5679198,2292479,553172,355653,923570,188217,235816,1130292,1285442,644181,600128,41133
2019:Q3,pct00to20,3268179,3907436,1571391,339729,432005,287281,57533,376057,843440,639257,295298,322166,21793
2019:Q4,pct99to100,27138324,28346556,3688336,672042,12149450,631032,1152315,5229685,4823696,1208232,741882,53582,412768
2019:Q4,pct80to99,50161304,56643223,12451266,1975367,13134500,8212809,6715297,4895999,9257985,6481919,5064450,1179837,237632
2019:Q4,pct60to80,15675645,19314286,5253078,1238586,2276370,4644903,1949468,906536,3045345,3638641,2400414,1144927,93300
2019:Q4,pct40to60,8253898,10440062,3367804,886610,861560,2424260,835048,403216,1661565,2186164,1242009,886797,57358
2019:Q4,pct20to40,4484089,5774561,2285151,555985,369187,965265,200223,243750,1155000,1290472,645701,604012,40759
2019:Q4,pct00to20,3248451,3892699,1526208,342754,464026,284455,60428,385227,829601,644248,296863,323036,24349
2020:Q1,pct99to100,24240045,25453120,3810926,668799,9051620,626814,1010634,5238517,5045809,1213075,749244,56094,407737
2020:Q1,pct80to99,47638383,54149307,12857447,1994494,10285499,8216377,6042346,4960489,9792654,6510923,5065504,1170575,274844
2020:Q1,pct60to80,15108638,18727912,5428143,1247674,1732313,4618352,1649192,925107,3127131,3619274,2416144,1105821,97309
2020:Q1,pct40to60,8233105,10421022,3501982,894466,732850,2412891,699115,448573,1731145,2187917,1258003,865475,64439
2020:Q1,pct20to40,4548057,5819283,2349662,558444,294250,1003395,176258,252588,1184686,1271226,646145,580618,44463
2020:Q1,pct00to20,3222317,3884814,1562054,345658,414885,277841,65211,396194,822971,662497,298053,334536,29908
2020:Q2,pct99to100,26430107,27642572,3865690,662783,10967527,628816,1117268,5217041,5183448,1212465,758483,60454,393528
2020:Q2,pct80to99,51423276,57936070,13055433,1996447,12591567,8288879,6712728,4993364,10297653,6512795,5077061,1168988,266746
2020:Q2,pct60to80,15870373,19486198,5550760,1246297,2053855,4627142,1891171,937960,3179013,3615825,2438419,1081331,96075
2020:Q2,pct40to60,8735378,10927294,3618383,894752,888849,2414984,786688,487549,1836089,2191916,1278351,848891,64674
2020:Q2,pct20to40,4767415,6022799,2394140,556064,337424,1044093,202809,260890,1227379,1255384,647884,565328,42172
2020:Q2,pct00to20,3262294,3931636,1578250,344273,473204,273812,67699,406105,788294,669342,300370,337475,31497
2020:Q3,pct99to100,27553215,28771659,4013401,670226,11896426,629140,1161168,5311047,5090251,1218444,773645,68851,375948
2020:Q3,pct80to99,53712305,60370343,13555175,2061038,13874930,8343086,7050601,5147343,10338170,6658038,5123052,1196867,338119
2020:Q3,pct60to80,16390899,20054578,5776714,1283887,2205394,4626504,2000056,972774,3189249,3663679,2482260,1085489,95930
2020:Q3,pct40to60,9135183,11363347,3790331,921964,987743,2413484,820056,551070,1878699,2228164,1312664,849133,66367
2020:Q3,pct20to40,4957065,6211792,2471993,572651,357458,1084228,216976,271310,1237177,1254727,653783,563758,37186
2020:Q3,pct00to20,3361622,4039689,1628528,359865,510079,269080,70778,420140,781218,678066,306215,343523,28328
2020:Q4,pct99to100,29959151,31192198,4153052,676444,13856765,635526,1245956,5391760,5232695,1233047,791427,78932,362688
2020:Q4,pct80to99,57582977,64394287,13978068,2119913,16227859,8464333,7579127,5287881,10737106,6811310,5157144,1221649,432517
2020:Q4,pct60to80,17254571,20957514,5979127,1317928,2535178,4660388,2182256,1005198,3277438,3702942,2513784,1090998,98160
2020:Q4,pct40to60,9681776,11948936,3963768,946810,1146641,2425175,881855,612108,1972578,2267159,1346624,849515,71020
2020:Q4,pct20to40,5182286,6443041,2540193,587445,401915,1126733,237906,281535,1267313,1260755,659935,566380,34440
2020:Q4,pct00to20,3490156,4172370,1672940,373733,569862,266889,73267,433759,781920,682213,314281,341551,26381
2021:Q1,pct99to100,31354620,32596151,4355564,689329,14947454,638058,1269931,5461739,5234075,1241531,805839,85005,350687
2021:Q1,pct80to99,60349627,67265835,14703956,2165816,17678213,8543346,7764910,5417577,10992017,6916208,5183801,1229720,502687
2021:Q1,pct60to80,17856881,21572911,6286861,1346001,2715313,4672532,2225338,1035698,3291168,3716030,2542705,1074046,99279
2021:Q1,pct40to60,10143280,12432536,4181587,963862,1255015,2428579,886115,671123,2046255,2289256,1375531,839817,73908
2021:Q1,pct20to40,5407929,6659535,2631723,602053,426018,1167855,245845,291608,1294434,1251606,664462,555935,31209
2021:Q1,pct00to20,3583264,4275910,1746152,388157,610702,263085,76127,447052,744635,692646,320068,347968,24610
2021:Q2,pct99to100,33190971,34474149,4722378,717970,16148088,642004,1321583,5714013,5208114,1283178,842702,102381,338095
2021:Q2,pct80to99,63901102,71106920,16018839,2283965,19242845,8638185,8122614,5740317,11060155,7205818,5357611,1311656,536551
2021:Q2,pct60to80,18704272,22609058,6845343,1418999,2914671,4692854,2338939,1101343,3296909,3904786,2666636,1138662,99488
2021:Q2,pct40to60,10720164,13125939,4549815,1012212,1369855,2435129,920521,770620,2067787,2405775,1461237,868366,76172
2021:Q2,pct20to40,5670635,6969088,2805111,638303,452795,1209581,260459,305075,1297764,1298453,685728,583639,29086
2021:Q2,pct00to20,3805184,4514191,1895381,421513,654100,259880,79019,466894,737404,709007,338779,345525,24703
2021:Q3,pct99to100,33755207,35053558,4936602,735369,16204849,642740,1307880,5974035,5252083,1298351,858615,110892,328844
2021:Q3,pct80to99,65507832,72866542,16738741,2372274,19613258,8697978,8139850,6072582,11231860,7358711,5436926,1350759,571026
2021:Q3,pct60to80,19092222,23084820,7176955,1472392,2917396,4695070,2317930,1168807,3336270,3992598,2737237,1154164,101197
2021:Q3,pct40to60,11123613,13580625,4797643,1048933,1417258,2434760,901024,872969,2108038,2457013,1504754,872209,80050
2021:Q3,pct20to40,5864789,7171759,2914661,663594,452851,1250239,262552,318692,1309170,1306970,693836,584255,28879
2021:Q3,pct00to20,3936000,4659803,1979190,444618,672245,255320,82473,487012,738944,723803,344368,352813,26622
2021:Q4,pct99to100,34725826,36047781,5015117,751993,16916942,647826,1351530,6099424,5264949,1321954,876337,121150,324467
2021:Q4,pct80to99,67510653,75021485,16952782,2467222,20666055,8805948,8426256,6263180,11440042,7510832,5521819,1393772,595241
2021:Q4,pct60to80,19486036,23579492,7308724,1529420,3033253,4722217,2400103,1210584,3375192,4093456,2810742,1177242,105472
2021:Q4,pct40to60,11502029,14018251,4947962,1089167,1503090,2443965,921266,945947,2166854,2516222,1551531,877679,87012
2021:Q4,pct20to40,6021446,7346881,2962494,689899,468356,1292559,274180,329939,1329455,1325436,702911,589528,32997
2021:Q4,pct00to20,4005522,4743153,2000879,468255,704944,252604,85166,502468,728837,737631,351150,353349,33132
2022:Q1,pct99to100,34187390,35516002,5373214,774777,15877402,626176,1282465,6206527,5375441,1328612,887694,125509,315409
2022:Q1,pct80to99,67864649,75502562,18192169,2567160,19874330,8620524,8102548,6434996,11710834,7637913,5607173,1420180,610560
2022:Q1,pct60to80,19620042,23799551,7833051,1590663,2847736,4597303,2242771,1249002,3439025,4179509,2892999,1179966,106544
2022:Q1,pct40to60,11830903,14387067,5301684,1130456,1483247,2394884,844592,1015202,2217002,2556164,1593351,872816,89997
2022:Q1,pct20to40,6245133,7568096,3128550,719613,442772,1325797,263300,340916,1347147,1322963,709575,580465,32923
2022:Q1,pct00to20,4154152,4906411,2136928,495166,697701,238529,88262,517356,732470,752259,353196,363283,35780
2022:Q2,pct99to100,31366582,32718579,5659335,775822,12758493,599572,1140807,6411213,5373337,1351997,908106,137630,306261
2022:Q2,pct80to99,65167690,72914213,19130037,2623391,16842074,8400932,7398083,6711380,11808316,7746523,5699983,1472092,574448
2022:Q2,pct60to80,19078446,23368345,8281306,1622107,2303345,4446662,1947153,1306526,3461246,4289899,2970751,1212016,107132
2022:Q2,pct40to60,11911491,14532970,5646629,1155710,1329933,2342497,713377,1107189,2237635,2621479,1645047,883422,93010
2022:Q2,pct20to40,6349683,7696089,3289498,731498,367676,1360617,239047,353688,1354065,1346405,720055,590805,35545
2022:Q2,pct00to20,4216093,4983505,2252653,505471,638485,221950,90863,535712,738371,767412,361773,363163,42476
2022:Q3,pct99to100,30151491,31527155,5394580,782765,11904999,579326,1088574,6336310,5440600,1375664,929573,149957,296134
2022:Q3,pct80to99,63438613,71300819,18320031,2684006,16189468,8252759,7156446,6690380,12007728,7862206,5765260,1515397,581549
2022:Q3,pct60to80,18550210,22914461,8118508,1657380,2149723,4332513,1831362,1309922,3515053,4364251,3023767,1232648,107836
2022:Q3,pct40to60,11850479,14528653,5669168,1181733,1312662,2304301,654144,1135370,2271275,2678174,1690304,892059,95811
2022:Q3,pct20to40,6352971,7716909,3264940,746625,346053,1398528,231654,361519,1367589,1363938,729454,598965,35519
2022:Q3,pct00to20,4126642,4909111,2154231,518982,631131,207990,92899,544390,759489,782469,371832,365260,45377
2022:Q4,pct99to100,30840356,32237767,5332030,790653,12599787,566911,1135397,6170493,5642496,1397411,942995,156587,297829
2022:Q4,pct80to99,64112597,71993060,18010527,2706403,16950498,8122045,7402589,6513290,12287708,7880463,5823566,1547680,509217
2022:Q4,pct60to80,18461406,22889412,7869381,1671817,2270078,4264685,1919055,1277823,3616572,4428005,3054331,1265814,107860
2022:Q4,pct40to60,11666115,14387874,5467148,1190917,1359290,2280129,688549,1096466,2305374,2721759,1715332,909819,96608
2022:Q4,pct20to40,6262522,7657631,3160681,754141,362855,1397893,240247,359058,1382756,1395108,737926,617039,40143
2022:Q4,pct00to20,4144805,4938333,2116084,525384,649764,202572,93346,539263,811919,793528,379944,361501,52083
2023:Q1,pct99to100,31892689,33302258,5365150,796881,13475860,573725,1190243,6079323,5821076,1409569,955473,158976,295120
2023:Q1,pct80to99,65782038,73661230,18117673,2741801,17907168,8202669,7728521,6415788,12547610,7879192,5842746,1543257,493189
2023:Q1,pct60to80,18928626,23345112,7917673,1693283,2421755,4306728,2040902,1260319,3704453,4416486,3051914,1259658,104914
2023:Q1,pct40to60,11828363,14560355,5495771,1206903,1417606,2298249,738723,1074469,2328634,2731992,1728390,910852,92750
2023:Q1,pct20to40,6338738,7738554,3182779,763595,383988,1403888,252193,358166,1393945,1399816,743984,619740,36092
2023:Q1,pct00to20,4235767,5031888,2130500,532884,672968,205361,94174,537045,858956,796121,388158,359503,48460
2023:Q2,pct99to100,33307698,34730638,5685893,806518,14364071,580826,1243311,6199185,5850834,1422940,965517,163819,293604
2023:Q2,pct80to99,68518744,76461445,19357868,2772862,18864871,8281939,8032715,6543602,12607588,7942700,5880076,1560076,502548
2023:Q2,pct60to80,19726287,24178947,8386663,1713131,2575194,4347966,2156662,1283736,3715595,4452660,3069840,1278778,104042
2023:Q2,pct40to60,12140918,14898229,5674120,1219824,1474737,2314534,786132,1101685,2327198,2757311,1745818,919863,91630
2023:Q2,pct20to40,6530082,7945631,3338973,773774,405187,1407114,263356,360636,1396590,1415548,749944,631422,34182
2023:Q2,pct00to20,4424541,5217997,2270571,541737,695284,208366,94602,541651,865785,793455,394502,352712,46241
2023:Q3,pct99to100,32757860,34193960,5749196,804671,13782707,571927,1219184,6206491,5859785,1436100,976133,166918,293049
2023:Q3,pct80to99,67982240,76006725,19591483,2775622,18239053,8184068,8026348,6551430,12638721,8024484,5927645,1567046,529793
2023:Q3,pct60to80,19647857,24138314,8478651,1714329,2474791,4297084,2168720,1285123,3719616,4490458,3096734,1289532,104192
2023:Q3,pct40to60,12109543,14890914,5707916,1221585,1437511,2294928,798417,1103516,2327041,2781371,1767318,922442,91611
2023:Q3,pct20to40,6542421,7969904,3373983,773679,391330,1404006,264739,360655,1401512,1427483,756595,638102,32786
2023:Q3,pct00to20,4446437,5235654,2299339,541489,680780,204569,95708,541760,872009,789217,401258,343904,44055
2023:Q4,pct99to100,34317268,35767408,5694928,812921,15274322,594966,1312419,6027491,6050360,1450139,985093,171422,293624
2023:Q4,pct80to99,70077295,78155258,19417043,2779926,19839006,8436227,8389083,6360421,12933552,8077963,5963815,1585576,528572
2023:Q4,pct60to80,20101539,24630789,8400628,1718580,2732236,4428152,2290804,1250298,3810091,4529250,3115384,1309554,104312
2023:Q4,pct40to60,12240265,15048301,5675492,1221746,1532090,2345021,839078,1062254,2372620,2808036,1783819,932548,91669
2023:Q4,pct20to40,6559776,8004354,3335259,777777,426777,1411279,276082,357438,1419742,1444578,762050,649588,32940
2023:Q4,pct00to20,4493986,5284696,2273199,545621,717427,214424,94528,535497,904000,790710,406897,339538,44275
2024:Q1,pct99to100,36023038,37480541,5832005,821907,16762039,600976,1385752,5969057,6108805,1457503,991485,169859,296159
2024:Q1,pct80to99,72757456,80883076,19951851,2806261,21435328,8508241,8794421,6297853,13089121,8125620,5979183,1574094,572343
2024:Q1,pct60to80,20794238,25312402,8601422,1735458,2989023,4465723,2444738,1239162,3836875,4518164,3117736,1294177,106251
2024:Q1,pct40to60,12513351,15326953,5753902,1232653,1626511,2361494,901068,1047807,2403518,2813602,1790977,929153,93472
2024:Q1,pct20to40,6707351,8149948,3399985,786418,462141,1417138,290856,357132,1436279,1442597,765552,644329,32716
2024:Q1,pct00to20,4587282,5385690,2332313,552862,754034,216865,94833,534421,900362,798408,410670,344751,42987
2024:Q2,pct99to100,36678560,38147299,6053763,824902,17099837,604660,1407127,6046173,6110837,1468740,1001094,172425,295221
2024:Q2,pct80to99,74151949,82347854,20810625,2817736,21801641,8552536,8924034,6379974,13061308,8195905,6022742,1581767,591396
2024:Q2,pct60to80,21249408,25799434,8925200,1742576,3047436,4488836,2494244,1254348,3846794,4550027,3140745,1303436,105846
2024:Q2,pct40to60,12671618,15506535,5869931,1237664,1648579,2371678,921507,1064810,2392366,2834918,1809004,933056,92858
2024:Q2,pct20to40,6823963,8276835,3508569,789736,470242,1420833,295683,359107,1432664,1452872,771752,650283,30837
2024:Q2,pct00to20,4720938,5517718,2430273,555455,762727,218358,95108,537887,917910,796780,416321,339888,40571
2024:Q3,pct99to100,38226821,39703116,6017316,828807,18407843,611085,1469783,6082202,6286080,1476295,1009441,173641,293213
2024:Q3,pct80to99,76061041,84318694,20663919,2833714,23192630,8625580,9265127,6418307,13319418,8257653,6067945,1595876,593832
2024:Q3,pct60to80,21651303,26237909,8872169,1752504,3272857,4526864,2626225,1261480,3925811,4586606,3167284,1314426,104896
2024:Q3,pct40to60,12829200,15690060,5856573,1244621,1729556,2387133,974610,1072601,2424966,2860859,1826871,942066,91922
2024:Q3,pct20to40,6862631,8324902,3491873,794431,501104,1424587,308192,360146,1444568,1462271,777514,655360,29397
2024:Q3,pct00to20,4762577,5569069,2413658,559305,793673,221050,95071,539658,946655,806492,421107,346393,38992
2024:Q4,pct99to100,38472880,39926008,5968281,834862,18607021,617567,1469114,6122402,6306761,1453128,1021112,170052,261964
2024:Q4,pct80to99,76335745,84615786,20455779,2869717,23408459,8699166,9235934,6461095,13485637,8280042,6111914,1569782,598346
2024:Q4,pct60to80,21701358,26263537,8800354,1774365,3307295,4565172,2610690,1269419,3936242,4562178,3188284,1286074,87820
2024:Q4,pct40to60,12904883,15758736,5838416,1260843,1742541,2402671,966616,1081368,2466281,2853853,1846979,929929,76945
2024:Q4,pct20to40,6913927,8354890,3473277,804157,505877,1428314,306739,361249,1475277,1440963,784501,643548,12914
2024:Q4,pct00to20,4758246,5555634,2392191,567247,798783,223767,94942,541560,937145,797388,428377,348674,20337
2025:Q1,pct99to100,37938599,39375079,6035171,858994,17922546,618003,1437062,6096290,6407013,1436480,1026425,170047,240008
2025:Q1,pct80to99,76009321,84299646,20774207,2906327,22710523,8717697,9069105,6432740,13689047,8290326,6137035,1573939,579352
2025:Q1,pct60to80,21691135,26251725,8901037,1800254,3190165,4575113,2538019,1264873,3982265,4560590,3197873,1286231,76486
2025:Q1,pct40to60,12923198,15781174,5880510,1273378,1705054,2411137,936556,1073098,2501440,2857976,1853646,934118,70212
2025:Q1,pct20to40,6948611,8389801,3483807,820449,490281,1437201,300329,362493,1495242,1441190,788333,644475,8382
2025:Q1,pct00to20,4785617,5585081,2415819,581721,785556,223667,95720,542879,939718,799464,430449,354562,14453
2025:Q2,pct99to100,40131640,41563605,6181297,876431,19777831,622317,1535670,6087704,6482355,1431965,1035948,172120,223897
2025:Q2,pct80to99,79242092,87621691,21341817,2966758,24695315,8777399,9607636,6423128,13809638,8379599,6188483,1584532,606584
2025:Q2,pct60to80,22515819,27107270,9115270,1838331,3510231,4606424,2742660,1263692,4030661,4591450,3224790,1296672,69988
2025:Q2,pct40to60,13248645,16127651,5968073,1299115,1821836,2427339,1018348,1069058,2523882,2879005,1871097,939844,68064
2025:Q2,pct20to40,7110727,8562442,3553117,839128,534273,1446502,319936,363908,1505579,1451716,795182,650356,6178
2025:Q2,pct00to20,4935024,5732933,2478367,597174,830620,225252,95970,544623,960926,797909,435080,352781,10048
2025:Q3,pct99to100,42491575,43929656,6136322,880207,21921341,626934,1611299,6190962,6562591,1438080,1045380,173484,219216
2025:Q3,pct80to99,81944767,90444733,21116949,3012666,26962551,8833896,10022550,6533067,13963054,8499966,6238049,1598342,663575
2025:Q3,pct60to80,23051869,27681166,9048708,1865266,3879302,4635924,2904092,1284049,4063826,4629297,3252475,1307285,69537
2025:Q3,pct40to60,13485785,16393625,5961495,1320826,1952537,2440635,1083338,1091733,2543060,2907840,1889978,948795,69067
2025:Q3,pct20to40,7190064,8651985,3546704,849789,584621,1451748,335230,366623,1517271,1461921,801699,655631,4591
2025:Q3,pct00to20,4980604,5786013,2459691,605235,880119,227103,95894,549356,968615,805409,440267,358730,6412
2025:Q4,pct99to100,43304654,44754226,6094184,881382,22565295,635241,1633175,6185298,6759650,1449572,1053620,177144,218808
2025:Q4,pct80to99,82883007,91494316,20902649,3060963,27634622,8922879,10110427,6527092,14335684,8611309,6277546,1618173,715590
2025:Q4,pct60to80,23241746,27915199,8985498,1893196,3989927,4682133,2937513,1282872,4144060,4673453,3275853,1327424,70176
2025:Q4,pct40to60,13593765,16531128,5945835,1344097,1990325,2457639,1095208,1090740,2607284,2937363,1907629,959747,69987
2025:Q4,pct20to40,7232617,8708847,3543373,860405,599580,1453141,338191,366283,1547874,1476230,806975,666001,3254
2025:Q4,pct00to20,4999060,5806228,2444076,613504,894093,230697,95360,548847,979651,807168,445523,358141,3504
