Date,Category,Assets,Nonfinancial assets,Real estate,Consumer durables,Financial assets,Deposits,Money market fund shares,Debt securities,U.S. government and municipal securities,Corporate and foreign bonds,Loans (Assets),Other loans and advances (Assets),Mortgages,Corporate equities and mutual fund shares,Life insurance reserves,Annuities,DC pension entitlements,DB pension entitlements,Miscellaneous other equity,Miscellaneous assets,Liabilities,Loans (Liabilities),Home mortgages,Consumer credit,Depository institutions loans n.e.c.,Other loans and advances (Liabilities),Deferred and unpaid life insurance premiums,Net worth,Household count
1989:Q3,College,11361260,3757361,2960829,796532,7603899,1245096,228216,640669,524454,116215,157552,95791,61761,1399547,187955,150984,410625,1469578,1619435,94241,1427667,1419385,1050193,274658,2564,91971,8281,9933593,21613571
1989:Q3,SomeCollege,4677591,1914251,1490725,423526,2763340,616306,50712,239242,196612,42631,34696,20445,14252,336677,67644,65408,108499,658009,537611,48533,755987,752968,539019,192197,848,20904,3019,3921604,18948257
1989:Q3,HS,4925197,2010932,1528054,482878,2914265,677153,73810,138556,129160,9397,73014,46158,26857,266028,72813,74962,105767,843199,533274,55688,715882,712628,463003,228662,787,20178,3254,4209315,29893093
1989:Q3,NoHS,2628708,1106805,913561,193244,1521903,417913,9904,28004,23690,4314,28603,6468,22135,88192,31779,37476,60299,511544,279301,28887,253238,251817,158941,88690,334,3852,1421,2375470,22565181
1989:Q4,College,11861210,3920490,3092535,827954,7940720,1302593,243884,664147,541513,122634,172871,109120,63751,1451405,196250,159849,440540,1543052,1667272,98857,1497477,1488649,1098478,294879,2535,92758,8828,10363733,22566796
1989:Q4,SomeCollege,4702675,1912098,1488076,424021,2790577,611274,52499,231891,189660,42231,40405,23443,16962,343570,69485,67031,110445,676287,538606,49084,759421,756349,540594,194294,794,20667,3072,3943254,19003672
1989:Q4,HS,4918307,2005971,1531785,474187,2912336,675645,70671,132791,122852,9939,73264,47305,25959,269521,74725,77941,107921,851431,522681,55745,719706,716359,465002,231193,740,19423,3348,4198601,29517842
1989:Q4,NoHS,2563304,1081341,881921,199421,1481963,410536,10183,29080,24741,4339,27963,6795,21168,87608,31171,36219,56289,496297,268267,28350,250939,249538,156508,88920,321,3789,1401,2312365,22173928
1990:Q1,College,12128051,4051696,3182475,869221,8076355,1329729,267779,672427,551172,121255,201251,135630,65621,1371948,200725,168203,450266,1605057,1704411,104558,1568108,1559441,1157981,301500,3203,96756,8667,10559944,23397817
1990:Q1,SomeCollege,4691802,1906822,1479826,426996,2784979,600938,56005,220638,181527,39111,48114,28270,19844,327817,70874,68828,107026,693735,540548,50455,764001,760963,550111,188720,947,21184,3038,3927801,19090250
1990:Q1,HS,4856747,1977007,1502396,474611,2879741,668505,69070,125894,116250,9644,73981,48819,25162,251540,75927,81025,105376,857961,513339,57121,713977,710712,471821,218985,914,18992,3265,4142770,29203955
1990:Q1,NoHS,2481727,1044442,848287,196155,1437285,401299,10805,30254,26106,4148,27897,7474,20423,82205,30468,35084,51532,481188,258096,28455,244301,242976,155486,83114,394,3982,1326,2237425,21811747
1990:Q2,College,12477467,4161988,3269613,892375,8315479,1353135,260776,707918,580961,126957,206438,139592,66846,1424026,205669,180978,463931,1663805,1741531,107270,1631135,1622421,1208187,313320,2636,98278,8715,10846331,24112998
1990:Q2,SomeCollege,4737130,1911999,1482675,429324,2825131,592949,54384,220656,181784,38872,53533,30712,22820,340068,72786,73706,105546,714306,546465,50733,771332,768280,558186,187956,754,21383,3052,3965798,19205981
1990:Q2,HS,4863036,1975220,1507184,468036,2887817,664350,63483,124466,114173,10293,73027,48579,24448,259472,77713,87636,104678,868431,508013,56548,714947,711682,476098,216315,720,18550,3264,4148090,28948475
1990:Q2,NoHS,2430005,1028342,825690,202652,1401663,393527,10312,30718,26509,4210,26890,7451,19440,82871,29953,34848,47342,468067,249540,27594,240198,238919,153446,81121,324,4027,1279,2189806,21477383
1990:Q3,College,12533662,4288232,3366382,921851,8245430,1377807,280955,744193,615656,128537,214254,146384,67870,1175507,208916,184775,459827,1712919,1775405,110872,1679692,1670995,1248189,326698,1151,94957,8697,10853970,24718704
1990:Q3,SomeCollege,4739510,1926065,1494659,431406,2813445,588193,57791,221502,184201,37301,59875,33884,25991,296435,74711,73726,99756,734769,554977,51710,778669,775597,565456,188957,326,20858,3072,3960841,19348854
1990:Q3,HS,4814707,1966318,1498857,467460,2848390,664239,61972,123770,113225,10545,72326,48522,23804,217082,79433,88504,100381,878323,505263,57096,719659,716392,481650,216454,296,17992,3267,4095048,28748446
1990:Q3,NoHS,2355752,998265,802828,195437,1357487,387538,10864,30895,26722,4173,26103,7530,18572,71968,29470,33332,42767,455229,242052,27270,237334,236099,151971,80193,145,3790,1235,2118419,21169583
1990:Q4,College,12967923,4350963,3406038,944925,8616961,1414851,288553,800294,651394,148900,233742,165311,68431,1319076,211785,191770,489039,1758572,1795228,114050,1724976,1715961,1277232,339196,1292,98241,9015,11242947,25221298
1990:Q4,SomeCollege,4831620,1924336,1489692,434644,2907284,589079,59321,229495,187261,42235,68146,38825,29321,331210,76925,76095,103769,757920,562559,52765,787070,783918,571868,190079,353,21618,3152,4044550,19516859
1990:Q4,HS,4849653,1948590,1482282,466308,2901063,670889,59129,125854,112586,13268,71375,48156,23219,244503,81453,92082,104736,891513,501820,57709,726966,723592,489320,216101,328,17843,3374,4122687,28600911
1990:Q4,NoHS,2297983,961549,768384,193165,1336434,384210,11003,31612,26919,4693,25472,7876,17597,77423,29086,32491,39652,443896,234624,26964,235790,234568,151391,79016,163,3998,1222,2062193,20887094
1991:Q1,College,13354015,4396294,3433385,962909,8957720,1429047,326682,781209,623265,157944,237719,169649,68070,1535613,214191,195582,529328,1799157,1793425,115767,1752452,1743564,1302608,339186,2267,99505,8887,11601563,25627147
1991:Q1,SomeCollege,4921756,1927882,1487543,440340,2993873,586254,66227,214168,170930,43237,75395,42666,32729,381093,79390,77078,111231,782842,566764,53431,790121,786937,579253,184964,589,22131,3184,4131634,19707986
1991:Q1,HS,4908073,1950416,1485012,465405,2957656,674101,59750,118036,103275,14761,70622,47917,22705,285341,83733,94065,112086,906726,495558,57638,723394,720009,497143,204598,587,17681,3385,4184679,28502916
1991:Q1,NoHS,2260617,940594,741463,199130,1320023,379818,12210,35082,30180,4902,24078,7919,16160,85367,28784,31346,36828,433523,226666,26321,229712,228530,150687,73460,286,4098,1182,2030905,20628660
1991:Q2,College,13446984,4458586,3482541,976045,8988398,1402781,312192,813104,647088,166016,234074,166250,67824,1513147,217425,200801,544443,1836785,1796256,117390,1794609,1785940,1340217,344654,685,100383,8670,11652375,25942614
1991:Q2,SomeCollege,4987944,1948429,1503974,444455,3039515,575300,64652,215284,171392,43891,82687,46255,36432,387718,82374,79302,112198,810374,575328,54299,803324,800108,593164,184086,179,22679,3215,4184621,19920225
1991:Q2,HS,4930041,1955698,1491631,464067,2974343,669140,55084,118169,101864,16305,70381,48166,22216,287157,86611,97482,114037,925066,493353,57861,729622,726233,507061,201427,169,17576,3389,4200418,28451504
1991:Q2,NoHS,2214964,923795,724664,199131,1291169,372797,11688,36267,31163,5104,22893,7858,15035,84794,28619,30546,33332,424377,220049,25807,226772,225631,150208,71139,91,4192,1141,1988192,20393029
1991:Q3,College,13690956,4527709,3533473,994236,9163247,1392245,310285,835949,678119,157829,240889,174219,66670,1610348,217550,204920,574577,1869372,1788372,118741,1825232,1816801,1359368,348851,564,108019,8431,11865724,26174064
1991:Q3,SomeCollege,5096789,1975093,1525930,449163,3121696,570090,65426,213183,174124,39059,91920,51692,40229,418960,85001,81307,117729,839412,583394,55274,812068,808814,600548,183620,143,24502,3254,4284722,20151565
1991:Q3,HS,4990895,1966457,1499189,467268,3024438,671282,51986,117163,101491,15672,69471,47685,21786,310765,89006,100680,119945,945060,490855,58225,729893,726489,508130,200433,139,17787,3404,4261002,28443719
1991:Q3,NoHS,2174759,904607,711798,192809,1270153,368465,11636,36857,31956,4901,21456,8011,13445,88679,28376,29726,30190,415886,213534,25348,221940,220837,146458,69596,77,4706,1103,1952819,20178947
1991:Q4,College,14116835,4573244,3571006,1002238,9543591,1395976,313271,849674,692390,157284,258924,194948,63976,1901762,218618,209056,610223,1898211,1767359,120516,1871979,1863741,1389424,357111,1087,116119,8238,12244856,26327862
1991:Q4,SomeCollege,5250734,1999081,1544693,454388,3251654,569946,67280,208960,172197,36764,103037,59063,43974,488239,88144,83721,125270,870420,589989,56649,831254,827946,615404,185767,264,26510,3308,4419480,20399996
1991:Q4,HS,5105718,1987608,1520055,467553,3118110,679847,49562,115437,99203,16234,66964,45514,21451,368541,92009,104378,127608,967326,487244,59194,742570,739127,517573,203241,276,18037,3443,4363148,28476605
1991:Q4,NoHS,2147489,888099,694831,193268,1259390,366478,11785,38464,33537,4926,19248,8325,10923,98823,28258,29026,27076,408177,206900,25154,221426,220353,145479,69462,153,5259,1073,1926063,19985160
1992:Q1,College,14046018,4601949,3597084,1004865,9444068,1304929,330467,878122,713841,164281,237579,176371,61208,1841496,219399,211167,613531,1935808,1749498,122073,1890701,1882624,1416592,351362,1274,113397,8077,12155316,26410373
1992:Q1,SomeCollege,5328121,2025447,1564513,460935,3302674,547264,71838,209146,172387,36759,111360,63386,47974,494839,91520,85333,124151,909199,599894,58130,840631,837255,629238,180984,297,26736,3376,4487490,20663508
1992:Q1,HS,5162770,2018833,1551605,467228,3143937,664540,48517,115950,97872,18078,68576,47443,21132,369309,95276,107237,128391,999278,486566,60298,738053,734549,520598,195636,331,17984,3504,4424717,28547205
1992:Q1,NoHS,2113904,880520,681344,199177,1233384,356636,12430,40131,34953,5178,16694,8164,8530,98041,28193,28177,23440,403490,201148,25004,213643,212594,141848,65371,187,5188,1049,1900262,19810414
1992:Q2,College,14028729,4622935,3612485,1010449,9405794,1280812,316157,869553,702306,167247,236023,177862,58161,1822533,217990,215425,627482,1962459,1733735,123624,1915509,1907579,1435248,352643,1626,118063,7929,12113220,26427961
1992:Q2,SomeCollege,5434207,2057626,1588854,468772,3376581,542352,71190,199130,163896,35234,122806,70623,52183,510892,94676,88570,126365,948121,612678,59803,854721,851267,642124,180426,359,28358,3454,4579486,20940091
1992:Q2,HS,5243806,2046280,1576164,470115,3197527,669708,44838,112761,93252,19509,67850,47017,20834,378571,98264,111967,132113,1031431,488350,61674,742593,739013,525071,195292,438,18213,3580,4501213,28652564
1992:Q2,NoHS,2105966,874435,670550,203885,1231531,353874,12097,43059,37711,5349,14362,8273,6089,98846,28083,27691,19955,412524,196083,24958,209620,208593,138800,63971,251,5571,1028,1896345,19653456
1992:Q3,College,14183813,4673458,3650353,1023105,9510355,1267696,309399,888020,726835,161185,228051,173162,54889,1890113,219458,218578,653401,1985052,1725543,125044,1942088,1934289,1456501,358408,965,118415,7799,12241725,26386991
1992:Q3,SomeCollege,5598994,2107178,1632020,475158,3491816,541063,72010,195476,164930,30546,134953,78346,56607,545542,98765,91512,132409,988469,630015,61601,875584,872043,660108,182417,207,29311,3541,4723410,21227734
1992:Q3,HS,5373852,2087647,1610021,477626,3286206,679900,41933,112060,92449,19611,67783,47239,20544,404360,102377,116440,139110,1065137,493885,63220,759728,756057,539885,197558,261,18353,3672,4614124,28789726
1992:Q3,NoHS,2102101,867429,671595,195834,1234672,352891,12039,44644,39336,5309,11955,8338,3616,102562,28165,27154,16537,421822,191938,24966,209824,208814,139385,63551,161,5717,1011,1892277,19513032
1992:Q4,College,14529055,4698918,3680577,1018340,9830137,1289631,295226,883147,716170,166977,245878,192255,53623,2144069,222236,227266,662484,2016441,1717819,125940,1957663,1949879,1469009,360285,1357,119228,7785,12571392,26294400
1992:Q4,SomeCollege,5729415,2141622,1653601,488021,3587793,551781,70849,194867,164019,30848,125107,71037,54069,607261,100212,94027,142735,1011802,626513,62640,898397,894839,673393,192603,336,28508,3558,4831018,21524313
1992:Q4,HS,5535213,2135291,1643974,491317,3399921,683823,42955,117559,97499,20060,63943,42556,21387,452030,104745,123425,149611,1105939,491082,64811,785377,781669,556711,205365,391,19203,3708,4749835,28955491
1992:Q4,NoHS,2136190,869840,674050,195790,1266350,348794,11233,48279,42849,5430,11428,7057,4371,108983,30148,29736,19264,438036,194864,25584,215138,214079,141790,66516,228,5544,1059,1921052,19387702
1993:Q1,College,14603241,4635446,3642116,993329,9967795,1247613,298827,884715,690613,194102,277075,224650,52425,2224242,224480,232290,686807,2027152,1738252,126342,1947808,1940026,1464829,347591,2225,125381,7782,12655433,26159421
1993:Q1,SomeCollege,5807262,2156059,1653625,502434,3651204,546424,73091,197768,159512,38256,118345,66811,51534,637810,101693,94577,158049,1027022,632853,63572,907962,904381,680154,194883,620,28724,3580,4899301,21827246
1993:Q1,HS,5666982,2195164,1698892,496272,3471817,670531,45619,125250,100958,24292,59056,36788,22268,471353,107207,128368,164046,1137287,496843,66257,792323,788567,567549,200049,697,20272,3756,4874659,29145691
1993:Q1,NoHS,2178230,890051,675472,214579,1288179,339333,11030,52636,46537,6100,11348,6159,5189,110530,32122,31905,22080,451153,199923,26118,214093,212984,142172,64740,374,5698,1110,1964137,19275288
1993:Q2,College,14683262,4655759,3662994,992765,10027502,1243662,288905,861809,651605,210205,304916,253726,51190,2254625,227158,237305,690910,2035881,1755944,126388,1958223,1950449,1477434,345112,1983,125920,7774,12725039,25991860
1993:Q2,SomeCollege,5911911,2208632,1691678,516954,3703279,551511,72847,193930,151618,42312,112431,63481,48951,660142,103410,95341,167558,1042849,638834,64426,931925,928321,696445,203294,644,27939,3604,4979986,22133837
1993:Q2,HS,5791078,2248951,1735186,513765,3542127,669085,47130,129213,102464,26750,55290,32094,23196,483228,110012,133677,173898,1170197,502779,67617,818434,814625,588765,204001,650,21209,3808,4972644,29355912
1993:Q2,NoHS,2215241,903191,690229,212962,1312050,333840,10422,56404,49928,6476,11394,5406,5988,110867,34135,34099,24608,464516,205170,26595,219000,217839,145702,66256,341,5540,1161,1996241,19173425
1993:Q3,College,14849140,4677860,3684592,993268,10171280,1246635,283488,845831,615512,230319,309690,259745,49945,2362302,229968,243701,698321,2043981,1780553,126810,1974924,1967163,1483778,347006,2249,134131,7761,12874215,25801520
1993:Q3,SomeCollege,6041895,2259301,1727957,531344,3782594,558817,73494,192599,144452,48146,105159,58854,46305,699282,105259,97154,178354,1059518,647428,65530,959492,955863,711844,214591,830,28597,3629,5082403,22441389
1993:Q3,HS,5948858,2307042,1774771,532271,3641816,670327,49108,133884,103766,30118,54865,30698,24167,509826,113041,140286,184780,1205009,511301,69390,851820,847955,612758,211949,789,22459,3865,5097038,29581742
1993:Q3,NoHS,2258078,917883,708699,209184,1340195,329302,9974,59621,52684,6937,11392,4616,6776,113546,36170,36493,27112,478222,211133,27229,226714,225501,150152,69122,393,5833,1213,2031364,19079750
1993:Q4,College,15023592,4684396,3693480,990916,10339195,1239587,287316,871240,609809,261431,321044,272315,48728,2467774,232740,246307,698565,2048863,1799384,126375,1992151,1984403,1488115,353920,2214,140154,7748,13031441,25598207
1993:Q4,SomeCollege,6176254,2307649,1759704,547945,3868605,563483,76042,204174,145143,59032,99119,55531,43589,739481,107166,96671,187004,1075157,654065,66243,989223,985570,725701,230071,934,28863,3653,5187031,22747206
1993:Q4,HS,6120358,2379649,1829612,550037,3740709,668990,52100,145121,109149,35972,53871,28691,25180,537167,116208,144481,193979,1239460,518713,70619,888854,884929,632822,227601,824,23682,3925,5231504,29818768
1993:Q4,NoHS,2304380,937296,723946,213350,1367084,324055,9825,63109,55488,7621,11552,3980,7572,116266,38211,38409,29449,491605,216982,27620,235285,234019,153038,74577,397,6008,1265,2069095,18991897
1994:Q1,College,14930028,4647183,3671234,975948,10282845,1223666,294207,913531,638703,274829,331946,284318,47627,2337435,233291,248317,690705,2054169,1829128,126451,1982668,1974925,1484007,346660,2980,141279,7743,12947360,25391727
1994:Q1,SomeCollege,6248327,2341561,1777836,563725,3906766,565467,79284,217985,155087,62898,93476,52668,40808,730671,108526,95821,192944,1091161,664216,67215,1005765,1002087,736468,236030,1394,28194,3678,5242562,23048592
1994:Q1,HS,6255523,2456040,1894600,561441,3799483,665056,55522,158571,120228,38343,53165,26936,26229,521993,118787,148387,201029,1275273,529416,72285,910175,906186,653329,226874,1216,24767,3989,5345348,30062579
1994:Q1,NoHS,2351590,963743,738699,225044,1387847,318110,9771,66808,58906,7903,11850,3420,8430,112402,40120,40234,31573,505153,223646,28180,238221,236902,156150,74312,537,5904,1319,2113369,18907502
1994:Q2,College,14916299,4644194,3671431,972763,10272105,1196948,286669,963128,674772,288356,334400,287889,46510,2260449,234320,248185,698023,2058494,1865283,126206,1996013,1988268,1491453,350103,3825,142887,7745,12920286,25191884
1994:Q2,SomeCollege,6345937,2391718,1811948,579770,3954219,563825,79497,234145,167263,66881,87338,49424,37914,731675,109980,93520,203923,1106201,676124,67991,1034470,1030768,751292,249920,1972,27584,3702,5311467,23342850
1994:Q2,HS,6396846,2527526,1948931,578595,3869320,657543,57416,174012,133216,40797,53518,26201,27317,515921,121549,150761,212089,1310827,541972,73711,945139,941082,673620,239852,1720,25889,4057,5451707,30308761
1994:Q2,NoHS,2395211,986639,758153,228486,1408572,311180,9276,70606,62429,8177,12124,2879,9245,109962,42036,41737,33872,518386,230764,28629,245347,243975,158751,78705,690,5828,1372,2149864,18824201
1994:Q3,College,15035723,4652381,3675671,976710,10383342,1200011,290806,969079,672626,296454,339119,293673,45446,2293352,242003,250957,714332,2065252,1891651,126779,2009129,2001383,1499028,355586,3917,142853,7747,13026593,25008484
1994:Q3,SomeCollege,6468878,2442796,1847533,595264,4026082,570296,82135,237106,168860,68246,81608,46696,34912,756460,113137,92986,218013,1121594,683611,69136,1063952,1060229,765946,265406,2267,26609,3723,5404927,23627285
1994:Q3,HS,6560903,2593218,1994298,598921,3967685,658694,60634,182179,140159,42020,53736,25298,28438,530277,126447,155215,225630,1347688,551441,75743,983075,978952,694954,255161,1887,26951,4123,5577828,30552901
1994:Q3,NoHS,2437317,1001759,776140,225619,1435558,306882,9130,73885,65554,8331,12463,2406,10057,110677,44350,43586,36274,531722,237279,29309,253221,251796,161618,83800,721,5657,1425,2184096,18739630
1994:Q4,College,15098950,4646969,3673117,973852,10451981,1200781,302717,1054291,735720,318572,344734,300466,44268,2243836,242507,249879,696858,2070634,1918734,127008,2037964,2030209,1507908,366378,4743,151179,7755,13060985,24851331
1994:Q4,SomeCollege,6564479,2481644,1872280,609365,4082835,575346,86428,265364,188951,76413,76044,44293,31751,761320,114286,89719,219794,1134544,689987,70002,1099124,1095383,779852,285327,3000,27205,3741,5465355,23899200
1994:Q4,HS,6694402,2647991,2033089,614902,4046411,658440,64800,205846,159337,46510,53951,24359,29593,528159,128982,156617,229310,1382426,560461,77418,1027978,1023789,714793,278104,2521,28371,4189,5666424,30790589
1994:Q4,NoHS,2466901,1009329,783312,226017,1457572,302167,9201,78009,69265,8744,12716,1983,10734,108856,46163,44821,37915,544177,243713,29834,263552,262074,163890,91359,870,5955,1478,2203349,18651424
1995:Q1,College,15307556,4631803,3657337,974466,10675754,1218047,314274,1024016,694173,329843,353372,309973,43399,2385160,247264,254308,725614,2084472,1940621,128606,2029220,2021425,1506199,361049,5074,149102,7795,13278336,24730232
1995:Q1,SomeCollege,6691519,2519467,1894517,624949,4172052,584437,90570,257632,178557,79075,70817,42287,28530,810249,116421,89823,237897,1150125,692598,71484,1113089,1109332,787695,292393,3545,25699,3758,5578430,24155899
1995:Q1,HS,6867659,2703286,2071343,631943,4164373,662373,68934,207387,158993,48394,53995,23229,30766,562872,132785,161923,246030,1421092,566913,80068,1048699,1044440,732724,279473,2919,29323,4259,5818960,31017410
1995:Q1,NoHS,2508980,1021344,792006,229338,1487636,298606,9239,80998,72076,8922,13180,1604,11576,112554,48194,46741,40409,557379,249608,30729,265568,264037,165817,91631,939,5651,1531,2243412,18557219
1995:Q2,College,15613207,4652635,3673821,978814,10960572,1246337,332015,1005522,678339,327183,359224,316613,42611,2539521,254239,263720,752969,2109390,1967266,130370,2045811,2037960,1513843,367230,5892,150995,7851,13567397,24654991
1995:Q2,SomeCollege,6830064,2560747,1924873,635874,4269316,595723,95954,249040,175068,73973,65335,40151,25184,861396,118959,92938,255214,1167149,694712,72896,1139727,1135956,799379,307237,4455,24885,3771,5690337,24394685
1995:Q2,HS,7039093,2752200,2103246,648955,4286893,668483,73777,209500,162840,46660,54356,22396,31960,599538,137150,170754,262059,1455242,573361,82674,1087582,1083254,756242,292862,3738,30412,4328,5951511,31228952
1995:Q2,NoHS,2545131,1027057,806368,220689,1518074,295532,9427,83494,74675,8819,13652,1246,12406,116352,50297,49270,42783,570262,255420,31586,273387,271805,169372,95798,1077,5559,1582,2271744,18454651
1995:Q3,College,15899745,4598364,3618001,980362,11301381,1250095,338821,1013125,666444,346681,364106,322174,41932,2741471,257636,270334,792914,2136051,2007195,129633,2080023,2072100,1529687,375257,6572,160584,7923,13819722,24635413
1995:Q3,SomeCollege,6939107,2563835,1917772,646063,4375273,597993,98680,252305,172114,80191,59728,38010,21719,922278,120255,93779,276802,1181545,699219,72687,1170069,1166290,811785,323644,5374,25486,3778,5769038,24612862
1995:Q3,HS,7156989,2747868,2085084,662784,4409121,665363,77197,217087,166840,50248,54838,21672,33166,644509,140057,176974,281403,1486722,582031,82940,1127476,1123082,777013,309681,4567,31821,4394,6029513,31420803
1995:Q3,NoHS,2552232,1008095,792279,215816,1544137,289829,9267,86113,77017,9096,14149,913,13236,121118,52048,51251,45317,582030,261486,31529,281562,279930,171851,101016,1185,5878,1632,2270669,18341355
1995:Q4,College,16434873,4650079,3657494,992585,11784795,1264627,357295,1041712,667044,374668,378871,338195,40676,2989007,266776,277643,833952,2203798,2039797,131317,2107727,2099571,1538428,395129,9429,156585,8155,14327147,24678437
1995:Q4,SomeCollege,7134337,2608435,1955405,653030,4525901,603850,103542,275551,179693,95857,63050,40898,22152,968813,122523,99379,294511,1206206,714293,74184,1213954,1210142,832854,344071,6881,26335,3813,5920382,24808306
1995:Q4,HS,7242183,2756341,2090002,666339,4485842,670920,79193,221821,162794,59027,54957,22732,32224,687200,141576,175280,290900,1489412,591005,83578,1146825,1142416,778944,323815,6551,33106,4409,6095358,31589764
1995:Q4,NoHS,2510923,1003699,786347,217352,1507224,283459,9712,84364,73276,11088,15196,2015,13180,120734,49330,48788,46116,566945,251437,31145,283952,282407,170282,105144,1569,5412,1545,2226971,18215892
1996:Q1,College,16838560,4706384,3697339,1009044,12132176,1303328,395395,1016050,636636,379414,383609,344175,39435,3128882,273092,285606,874427,2273847,2065657,132284,2147291,2138896,1562695,398447,6810,170944,8395,14691269,24779532
1996:Q1,SomeCollege,7279814,2656167,1994990,661177,4623648,615717,112403,275032,176985,98047,65569,43014,22555,987621,123698,104997,311217,1227960,724394,75038,1249080,1245241,859908,349255,5263,30814,3839,6030734,24981180
1996:Q1,HS,7306374,2782351,2111684,670667,4524023,682595,83059,213302,151770,61533,55955,24721,31234,706844,141791,173482,299099,1488462,596124,83308,1142847,1138432,786110,313225,3875,35221,4415,6163527,31737491
1996:Q1,NoHS,2473734,1008204,786649,221555,1465530,278753,10662,81211,68627,12584,16262,3186,13076,117245,46365,46333,46737,550886,240649,30427,280077,278622,170145,101279,1264,5934,1455,2193656,18080526
1996:Q2,College,17256752,4782192,3757637,1024555,12474560,1307154,387817,1062101,670136,391965,371918,333721,38197,3287084,282119,293253,901726,2347684,2100132,133571,2192435,2183777,1591458,412288,9656,170375,8658,15064317,24931301
1996:Q2,SomeCollege,7418645,2702750,2038524,664227,4715895,615321,110862,297852,193609,104243,66794,43861,22933,1008426,125308,109983,321950,1247895,735645,75858,1291354,1287494,885189,363358,6722,32224,3861,6127291,25132215
1996:Q2,HS,7345518,2788706,2116478,672228,4556812,681995,81541,219722,153852,65870,58630,28426,30204,728436,142583,170908,302341,1485374,602248,83034,1152275,1147857,787370,318419,5505,36564,4418,6193243,31866854
1996:Q2,NoHS,2427048,1005976,788169,217807,1421072,271023,10315,79873,65717,14156,17265,4333,12932,114118,43532,43780,46981,534363,230097,29725,279356,277991,168191,102514,1666,5620,1366,2147692,17938444
1996:Q3,College,17594823,4879502,3835096,1044405,12715322,1326430,404322,1070973,691360,379614,363870,326893,36978,3321249,295422,300504,937883,2424496,2134309,135862,2240425,2231494,1624412,426470,11036,169577,8931,15354398,25126346
1996:Q3,SomeCollege,7512060,2744976,2076220,668756,4767084,618464,114328,302248,206261,95988,68310,45017,23294,998752,127779,114301,335295,1265769,744784,77052,1331794,1327919,910315,376853,7240,33511,3876,6180265,25262148
1996:Q3,HS,7349510,2790592,2115544,675048,4558917,685112,82468,216129,152723,63406,61097,31955,29142,724488,144468,167596,307275,1480048,606875,83360,1159589,1155175,788397,322990,5949,37839,4414,6189921,31980723
1996:Q3,NoHS,2372353,998198,781232,216966,1374155,264439,10603,77295,62199,15097,18326,5552,12775,108017,40906,41156,47282,517456,219415,29258,278192,276916,166238,103535,1857,5287,1275,2094162,17792837
1996:Q4,College,18211908,4952991,3895155,1057836,13258917,1335564,427685,1091449,714715,376734,395346,359557,35789,3516671,309729,292558,1060102,2497225,2194554,138033,2290500,2281289,1653221,444806,8833,174428,9212,15921408,25357270
1996:Q4,SomeCollege,7657827,2774597,2101310,673287,4883230,617316,118968,312381,219470,92911,72966,49319,23647,1024092,130221,108069,381390,1277636,762189,78002,1370155,1366270,931835,392541,5997,35897,3885,6287672,25371710
1996:Q4,HS,7397747,2800012,2126624,673388,4597735,684090,83864,214740,151444,63295,59587,31531,28056,750493,146377,152998,336051,1467999,618148,83387,1167756,1163352,789105,330957,3948,39342,4404,6229991,32081967
1996:Q4,NoHS,2319548,989434,766016,223418,1330114,257070,11047,74636,58499,16137,19855,7228,12627,105746,38298,36764,48764,499161,210075,28699,278056,276871,164470,105573,1584,5244,1184,2041492,17646892
1997:Q1,College,18495048,5032887,3954631,1078257,13462161,1351572,459634,1008088,672618,335470,377192,342684,34508,3582388,321679,302153,1072672,2580903,2265293,140586,2323578,2314158,1678771,444491,12753,178142,9420,16171470,25616676
1997:Q1,SomeCollege,7701869,2804599,2126901,677698,4897270,617356,125090,279607,209528,70079,73830,49860,23971,1018550,131775,113331,383860,1292917,781938,79015,1390974,1387099,948823,392604,7684,37988,3876,6310894,25461637
1997:Q1,HS,7383717,2801218,2126660,674558,4582498,684505,85830,191793,138321,53472,63520,36567,26953,750611,147288,150976,332376,1460538,631493,83566,1151900,1147533,784510,316356,5916,40752,4367,6231817,32173457
1997:Q1,NoHS,2266744,981927,755396,226532,1284817,250338,11686,70723,54690,16033,20949,8532,12417,100633,35572,34530,48508,482360,201304,28214,270390,269301,161345,100724,2098,5134,1090,1996354,17503797
1997:Q2,College,19550404,5133805,4038117,1095689,14416599,1372511,455188,1015176,669594,345582,385195,351749,33446,4190692,337504,323339,1197469,2673424,2322790,143310,2379772,2370134,1712509,457579,14839,185207,9638,17170632,25897165
1997:Q2,SomeCollege,7953035,2843988,2167328,676660,5109047,618122,123338,286150,212499,73651,76834,52489,24345,1129687,134089,125977,429082,1310638,795139,79990,1424577,1420714,968954,402707,8336,40718,3863,6528458,25532662
1997:Q2,HS,7529248,2808542,2135837,672705,4720706,685944,84155,188825,132387,56438,64720,38888,25832,851200,149199,156711,359507,1456639,640048,83759,1154163,1149835,783776,317120,6648,42292,4328,6375085,32258062
1997:Q2,NoHS,2231919,975798,753887,221911,1256121,244154,11363,68443,51224,17219,22595,10222,12373,106804,33026,33545,49616,466824,191996,27754,268512,267516,159348,100632,2349,5187,996,1963407,17366742
1997:Q3,College,20391407,5248619,4129062,1119557,15142788,1399023,478208,1022740,662716,360024,378965,346538,32428,4566797,353337,340488,1302475,2765358,2388486,146909,2452817,2442953,1764250,472501,8713,197489,9864,17938590,26191342
1997:Q3,SomeCollege,8140703,2881224,2203631,677593,5259479,619942,127106,292797,213659,79138,78908,54174,24735,1186159,136174,135669,465619,1325558,810208,81339,1464266,1460420,997083,413375,5488,44473,3846,6676437,25585518
1997:Q3,HS,7617116,2807741,2133634,674107,4809375,688789,84954,186316,125947,60369,67794,43096,24698,906079,150931,159271,379994,1450255,650427,84565,1159222,1154934,789096,319023,2779,44036,4288,6457895,32338652
1997:Q3,NoHS,2189303,965728,746992,218736,1223575,238619,11739,66410,47914,18496,24251,11869,12382,107728,30494,32074,50290,451144,183297,27529,267711,266806,158851,100907,1559,5489,905,1921592,17238914
1997:Q4,College,20925812,5342052,4205265,1136787,15583760,1435577,503202,1050483,702386,348097,389959,358759,31199,4698801,363496,344944,1313106,2851001,2484726,148465,2509967,2499870,1797359,489055,14718,198738,10097,18415845,26491808
1997:Q4,SomeCollege,8231059,2910039,2228708,681331,5321021,624278,131040,303148,231429,71719,82379,57295,25084,1189706,136667,136698,465189,1334831,835608,81476,1496744,1492917,1012490,426552,7980,45895,3827,6734315,25620941
1997:Q4,HS,7651442,2832903,2160654,672249,4818539,694588,85778,184597,126790,57808,68896,45333,23563,915519,150858,153070,374102,1438158,669286,83687,1162025,1157777,781396,325762,5333,45287,4248,6489417,32418096
1997:Q4,NoHS,2147990,963256,735662,227594,1184734,234089,12154,63544,44619,18925,26188,13905,12283,103972,27797,29373,49953,434629,176289,26746,266331,265515,155114,102796,2360,5245,816,1881659,17123504
1998:Q1,College,22178832,5477971,4318667,1159304,16700861,1441472,551239,1047415,673993,373422,406628,376763,29864,5419785,376467,365575,1451549,2959374,2530462,150895,2559364,2549118,1839354,488556,16535,204674,10246,19619468,26791165
1998:Q1,SomeCollege,8496701,2957182,2275607,681575,5539520,618984,139272,306110,224088,82021,86358,60933,25424,1310893,137728,148205,512810,1355731,841391,82038,1517418,1513625,1031835,425078,8465,48248,3793,6979283,25639662
1998:Q1,HS,7814655,2845655,2173001,672654,4969000,691021,88356,181654,117411,64243,69200,46775,22425,1029578,151586,157591,402316,1440835,673362,83503,1146270,1142085,777743,311846,5750,46746,4185,6668385,32499265
1998:Q1,NoHS,2121299,958923,732395,226528,1162376,227797,13124,62301,41795,20507,28374,16216,12158,110868,25257,28265,50813,422109,167235,26232,259611,258886,152513,98563,2578,5232,725,1861689,17023698
1998:Q2,College,22805243,5636718,4453993,1182725,17168526,1448491,564261,1122042,711504,410537,410396,381945,28451,5570222,388983,381332,1468599,3058097,2603575,152528,2635032,2624404,1887900,508969,15462,212073,10629,20170211,27082017
1998:Q2,SomeCollege,8632569,3016713,2333789,682924,5615856,613912,140452,339147,241049,98098,89641,63872,25769,1315387,138581,156330,513956,1369542,856769,82138,1557161,1553371,1055816,438748,7939,50868,3790,7075408,25642417
1998:Q2,HS,7896761,2887344,2213432,673912,5009417,688122,87965,191219,117590,73629,71440,50153,21287,1041505,152191,158785,397785,1452195,685480,82729,1159871,1155686,783400,319335,4667,48283,4185,6736890,32585029
1998:Q2,NoHS,2095323,964979,736832,228147,1130344,222067,13242,60981,38526,22455,30605,18569,12036,107585,22763,26718,50611,410414,159809,25549,261678,261032,152586,100692,2461,5293,646,1833645,16942686
1998:Q3,College,22573705,5825811,4608485,1217325,16747895,1459013,620654,1182210,781668,400542,440496,413431,27064,4952991,395545,381195,1359962,3145609,2654958,155263,2699567,2689113,1936844,525712,17467,209090,10454,19874138,27356966
1998:Q3,SomeCollege,8544662,3074349,2392969,681380,5470313,609909,149751,362125,271037,91088,94725,68577,26148,1169930,137977,154047,468514,1376522,863990,82822,1592167,1588458,1079024,449603,8471,51361,3709,6952495,25629939
1998:Q3,HS,7760958,2907485,2226540,680946,4853473,686814,90851,192714,121298,71416,69405,49263,20142,920518,151179,149890,360572,1456807,691838,82885,1169922,1165881,787873,323469,5113,49427,4041,6591036,32678256
1998:Q3,NoHS,2040493,958341,741263,217078,1082152,217109,14406,56921,33982,22939,33525,21531,11995,91850,20172,23881,49482,397776,151818,25211,262481,261935,152416,101935,2707,4877,546,1778012,16883656
1998:Q4,College,24168087,6032309,4793762,1238547,18135778,1519483,668024,1155802,793368,362434,432938,404339,28599,5921866,411899,400960,1568202,3204910,2694091,157602,2786981,2777352,1999068,546969,20548,210767,9629,21381106,27610646
1998:Q4,SomeCollege,8813404,3089681,2405619,684062,5723723,633323,156655,330114,257818,72296,97585,70964,26622,1325785,145284,162817,535238,1405154,849413,82355,1604021,1600375,1082113,454260,9099,54904,3646,7209383,25603468
1998:Q4,HS,8006306,2941007,2255781,685227,5065298,707040,93958,176088,115581,60507,71894,51466,20428,1048070,155463,159976,405525,1477770,687572,81943,1203054,1199253,808559,337013,6873,46808,3802,6803251,32780871
1998:Q4,NoHS,2087280,963575,737647,225928,1123705,222080,14957,48511,29527,18984,30297,19023,11274,115626,22081,27099,51138,413398,153724,24794,269629,269089,158850,103030,2806,4403,540,1817651,16848635
1999:Q1,College,24562629,6231490,4965778,1265712,18331139,1502891,714884,1147230,756101,391130,427496,397276,30220,5987814,416710,407364,1624926,3252125,2689955,159742,2853726,2843259,2053478,555943,19398,214439,10467,21708903,27845812
1999:Q1,SomeCollege,8806903,3100901,2418946,681955,5706002,634122,163435,312875,229649,83226,100277,73173,27104,1307101,149879,162988,545815,1427245,820459,81806,1601524,1597704,1081245,449124,8519,58815,3821,7205379,25566264
1999:Q1,HS,8002443,2960065,2267630,692436,5042378,704496,97166,170718,105265,65453,73918,53201,20717,1021200,156620,161736,411373,1492073,672139,80939,1219633,1215630,827777,337068,6467,44319,4002,6782811,32891012
1999:Q1,NoHS,2102940,958151,736983,221168,1144790,222357,15521,44486,26948,17538,27409,16753,10655,124106,23718,29237,51690,427918,153965,24385,272521,271918,165136,100262,2486,4033,603,1830419,16835002
1999:Q2,College,25486681,6454997,5161248,1293749,19031684,1477760,701530,1104698,729929,374769,425731,394107,31624,6525440,426173,420124,1715893,3302957,2769225,162155,2953454,2942977,2115694,574029,20545,232709,10477,22533227,28067252
1999:Q2,SomeCollege,8925688,3124778,2440349,684429,5800910,632464,159170,283759,208413,75346,102914,75388,27526,1376854,155554,167197,568626,1451470,821484,81417,1612912,1609034,1084268,450533,8549,65683,3878,7312777,25522093
1999:Q2,HS,8140527,3014236,2313141,701095,5126291,699786,95980,157507,97095,60412,75273,54253,21020,1074133,159153,167605,426369,1509718,680563,80205,1251527,1247538,851179,346719,7289,42351,3988,6889000,33005867
1999:Q2,NoHS,2151768,974318,748746,225572,1177450,222365,14746,39209,24220,14990,24648,14708,9940,140684,25513,31965,52628,443598,158005,24089,280171,279538,172550,100300,2372,4316,633,1871597,16838973
1999:Q3,College,25607317,6711342,5381156,1330187,18895975,1486954,729040,1087959,721740,366219,445864,412680,33184,6225295,424909,414283,1674550,3341630,2898808,166683,3051352,3040895,2192323,595145,17568,235858,10458,22555965,28279753
1999:Q3,SomeCollege,8874009,3150563,2465278,685285,5723446,640989,162453,266072,194838,71235,106966,78988,27979,1292885,158717,159743,544376,1469148,839982,82114,1628127,1624196,1092816,454437,7514,69428,3932,7245882,25474723
1999:Q3,HS,8110173,3060701,2346716,713986,5049472,705740,97917,148929,91508,57421,73478,52158,21320,990738,158783,161835,407981,1519896,703090,81085,1286412,1282444,875950,360708,5921,39864,3968,6823761,33122630
1999:Q3,NoHS,2179165,981266,760021,221245,1197900,224888,14930,34286,21344,12941,22384,13032,9352,142181,27033,33086,52461,457969,164338,24345,288323,287660,180170,101604,1957,3929,663,1890843,16856764
1999:Q4,College,27525168,6924580,5568131,1356448,20600588,1529028,805303,999130,769638,229492,492205,457585,34620,7477660,455851,447358,1840508,3406784,2952576,194185,3170928,3159977,2258807,614536,16975,269658,10952,24354240,28488102
1999:Q4,SomeCollege,9193620,3162769,2475636,687134,6030851,659224,174520,227175,198228,28947,112810,84411,28399,1489799,169369,176539,593250,1501151,832698,94317,1642586,1638530,1093385,458639,7119,79387,4056,7551034,25427919
1999:Q4,HS,8423507,3108054,2386184,721869,5315453,721700,103582,122530,91775,30756,67929,46303,21626,1158182,167230,180512,442257,1547484,704885,99163,1312591,1308512,887627,376891,5809,38185,4079,7110916,33238490
1999:Q4,NoHS,2250740,991696,766054,225642,1259044,229753,16207,25126,17357,7769,20370,11658,8712,171802,29505,37709,54231,476602,167454,30285,295343,294628,184443,103555,1745,4885,715,1955397,16884593
2000:Q1,College,28408090,7232729,5837905,1394823,21175361,1549715,857583,908689,718965,189724,497805,462552,35252,7908987,464294,461424,1918853,3457746,2951880,198387,3264931,3254551,2316968,620064,17979,299540,10380,25143159,28697086
2000:Q1,SomeCollege,9308344,3211607,2520671,690936,6096737,671242,182142,196034,175211,20822,115537,86916,28621,1536866,174788,181384,610945,1525389,807698,94711,1641753,1637717,1088866,453220,7169,88462,4036,7666591,25385447
2000:Q1,HS,8549878,3175857,2439898,735959,5374021,731137,107435,107028,83011,24016,68434,46480,21954,1192081,169485,187188,454268,1565365,691956,99645,1318716,1314796,893105,378966,6505,36220,3920,7231162,33350638
2000:Q1,NoHS,2313686,1018324,792123,226201,1295362,233299,16947,21718,16046,5672,17621,10004,7617,186528,31355,40672,55242,493321,168231,30429,296814,296092,187275,101514,1642,5661,722,2016873,16918676
2000:Q2,College,28511852,7585492,6153630,1431863,20926360,1543652,837783,896455,690472,205983,477373,441518,35855,7567691,463457,462815,1901254,3499900,3072469,203512,3349185,3338723,2394422,643363,16144,284794,10462,25162667,28911492
2000:Q2,SomeCollege,9282188,3262957,2567718,695239,6019231,675576,176959,185059,160017,25042,116128,87294,28833,1449770,178078,178297,595600,1544860,823352,95552,1653058,1648950,1095633,458307,6465,88545,4107,7629130,25351074
2000:Q2,HS,8560357,3255151,2506100,749051,5305207,732389,105882,103162,76809,26353,72545,50276,22269,1105011,169180,185710,442285,1576657,711636,100749,1353303,1349378,913895,396444,5739,33300,3925,7207055,33456266
2000:Q2,NoHS,2357423,1040687,812130,228556,1316737,235125,16121,19491,14274,5218,14797,8264,6533,186676,32938,42473,55360,508757,174211,30788,304408,303651,194147,103657,1378,4469,757,2053015,16955230
2000:Q3,College,29071971,7914815,6445875,1468939,21157156,1538907,877324,881470,670673,210797,491574,455146,36427,7529960,468211,473233,1927268,3548280,3212012,208918,3460499,3450192,2473749,672205,12925,291313,10307,25611473,29136107
2000:Q3,SomeCollege,9349305,3307399,2611704,695695,6041906,680427,182308,174994,148274,26720,119265,90227,29038,1417040,182672,180759,595468,1567536,844922,96514,1671838,1667692,1102496,466987,5330,92880,4146,7677466,25328567
2000:Q3,HS,8620506,3311465,2550412,761054,5309040,733695,108734,98638,71776,26862,71782,49213,22569,1066687,170290,189774,441081,1590669,735734,101956,1392865,1388997,933450,420386,4358,30803,3868,7227640,33552563
2000:Q3,NoHS,2403272,1055839,833352,222487,1347432,236982,16581,16999,12476,4524,12293,6837,5455,191955,34678,45090,55858,524918,180890,31188,314295,313513,200752,107495,1059,4207,782,2088977,16990471
2000:Q4,College,28809973,8230589,6729750,1500839,20579385,1588884,947364,972590,734761,237829,545606,508597,37010,6657640,466797,466619,1849381,3586659,3285958,211886,3527528,3516706,2540055,705168,15765,255718,10822,25282446,29375718
2000:Q4,SomeCollege,9237062,3338808,2637850,700958,5898254,701339,192911,189661,156421,33240,125529,96282,29246,1243067,185867,172866,560826,1584877,845028,96282,1680676,1676397,1104485,477327,5977,88608,4280,7556386,25321692
2000:Q4,HS,8530198,3384362,2614057,770305,5145837,750743,113774,104825,74018,30807,65623,42774,22848,904676,169625,182982,414396,1596442,741521,101230,1437173,1433198,952987,446843,5856,27512,3975,7093025,33636722
2000:Q4,NoHS,2437400,1082094,852439,229654,1355307,242291,17669,13284,9038,4247,10034,5631,4404,179812,36208,46058,55205,539231,184560,30955,323706,322869,207700,111928,1069,2172,836,2113695,17020617
2001:Q1,College,28694115,8720210,7187911,1532299,19973905,1696778,1052876,914547,614569,299979,526875,488389,38486,5961275,473870,462769,1698247,3637419,3332638,216611,3573646,3563449,2602570,717455,9397,234027,10196,25120470,29635113
2001:Q1,SomeCollege,9178535,3426044,2721898,704146,5752491,738819,209430,173067,124221,48846,126137,96447,29690,1101979,191062,166789,503186,1608563,836567,96892,1672863,1668606,1104162,473546,3882,87015,4258,7505672,25334214
2001:Q1,HS,8528796,3509643,2731581,778063,5019153,783648,121207,101717,61218,40499,69542,46439,23103,774860,171053,177795,370488,1607918,739284,101641,1449495,1445698,969070,449059,3070,24499,3797,7079302,33705932
2001:Q1,NoHS,2501646,1128586,896345,232240,1373061,250942,19463,13942,9566,4376,7993,4145,3848,169461,37966,47205,53472,554712,186810,31095,325761,324922,213823,109663,655,781,839,2175885,17041883
2001:Q2,College,29778732,9048140,7486780,1561360,20730591,1710967,1052313,862956,557162,305794,531101,491211,39890,6474629,491202,473973,1779228,3698878,3429445,225900,3695980,3686020,2698852,741450,5937,239781,9959,26082752,29919078
2001:Q2,SomeCollege,9335695,3451869,2747332,704536,5883826,749697,207704,158050,107731,50319,128472,98348,30123,1168414,198666,169568,522217,1637349,844044,99647,1694897,1690607,1121311,475613,2525,91158,4291,7640798,25369901
2001:Q2,HS,8683517,3561808,2778738,783070,5121709,788350,120770,94800,53941,40859,70215,46876,23339,820426,174945,181516,382041,1634387,749108,105151,1490460,1486748,1004943,457928,1824,22053,3712,7193058,33757385
2001:Q2,NoHS,2551129,1142342,912514,229828,1408787,253373,18988,12263,8617,3646,6071,2820,3250,184438,40002,49707,54395,566424,190879,32247,335923,335065,224912,109258,394,501,858,2215206,17050486
2001:Q3,College,29309703,9374402,7780001,1594401,19935301,1741677,1105735,968396,671836,296560,626323,584992,41331,5432189,481053,472611,1616032,3751249,3503062,236974,3878227,3867759,2807861,760043,9899,289955,10468,25431476,30232401
2001:Q3,SomeCollege,9184295,3480932,2776251,704682,5703363,765516,215147,174012,126122,47890,138233,107657,30576,973907,200010,164976,462916,1661266,844193,103187,1726961,1722529,1137542,476637,3813,104537,4432,7457333,25432518
2001:Q3,HS,8538740,3612574,2823969,788605,4926166,796696,124034,99197,60471,38726,58830,35281,23549,649561,171412,177293,336141,1651775,751581,109646,1517756,1513954,1021698,468571,3449,20235,3802,7020984,33788272
2001:Q3,NoHS,2546177,1146749,923077,223672,1399428,256416,19595,8051,5233,2818,4365,1699,2666,164031,41092,50884,52051,575686,193547,33711,342931,342022,230450,109100,504,1967,910,2203246,17042644
2001:Q4,College,30485428,9630614,8006999,1623615,20854814,1802433,1160959,891556,596374,295182,577524,534830,42694,6164798,505388,479989,1713532,3838175,3478652,241808,3911343,3900895,2856664,795748,2127,246356,10447,26574085,30577670
2001:Q4,SomeCollege,9385186,3540462,2826434,714029,5844723,765742,223100,159139,109798,49341,134044,104448,29596,1081618,202932,170161,487765,1674318,841418,104486,1751731,1747340,1160824,493548,821,92148,4392,7633455,25524528
2001:Q4,HS,8741037,3654806,2857901,796905,5086231,806293,132339,94691,55778,38913,68186,44188,23998,733193,175592,184607,358402,1691518,731028,110382,1568074,1564322,1055028,488560,576,20157,3753,7172962,33797385
2001:Q4,NoHS,2604498,1188868,959117,229751,1415630,267810,21878,11765,8531,3234,5169,2049,3120,176160,40405,49636,52402,564434,191619,34350,354409,353536,239269,113971,162,134,872,2250090,17015667
2002:Q1,College,31016380,9889379,8246230,1643149,21127001,1873417,1133754,850981,571865,279116,561752,517392,44360,6236479,527421,475388,1796220,3911157,3513681,246750,4009454,3998686,2954964,795465,607,247651,10768,27006925,30948684
2002:Q1,SomeCollege,9484384,3611423,2890689,720734,5872961,769074,217335,150725,103710,47015,132708,104016,28691,1078522,205284,168499,507684,1680145,857150,105836,1779697,1775297,1193891,492128,212,89066,4400,7704687,25643175
2002:Q1,HS,8841003,3703877,2904885,798992,5137126,817630,134386,91334,54644,36689,73123,48696,24427,725658,178842,184545,376465,1719466,724697,110980,1569297,1565518,1060567,484072,151,20728,3779,7271706,33789923
2002:Q1,NoHS,2631866,1221435,986017,235419,1410430,279183,22368,13905,10461,3444,6157,2459,3698,172724,39553,47175,52420,550152,191869,34924,352205,351356,239388,111851,53,64,849,2279660,16971248
2002:Q2,College,30738155,10157966,8489734,1668232,20580189,1887041,1090807,933986,582690,351295,524455,478679,45776,5670249,540290,468482,1662287,3980489,3567057,255046,4119492,4108729,3070309,811045,-6249,233624,10763,26618663,31337044
2002:Q2,SomeCollege,9425551,3681135,2951286,729850,5744416,757350,209090,172241,104423,67819,129849,102123,27726,972645,205620,165631,460187,1684284,878776,108744,1821144,1816778,1236026,500038,-2146,82860,4366,7604407,25784396
2002:Q2,HS,8797069,3742843,2939604,803239,5054226,812617,134859,104919,56288,48632,80956,56116,24840,634112,179580,183035,345015,1743087,722296,113749,1593335,1589609,1076640,493179,-1246,21036,3727,7203734,33772688
2002:Q2,NoHS,2627762,1243674,1002006,241668,1384088,286363,22440,16724,12015,4709,6959,2834,4125,155714,38375,44489,49617,534618,192604,36185,355610,354799,242065,113382,-647,0,811,2272152,16912173
2002:Q3,College,30072423,10447351,8743524,1703827,19625072,1970613,1065919,949440,549172,400268,516234,468731,47503,4653199,546123,462840,1509814,4050696,3637862,262331,4243520,4232156,3184702,829808,-7540,225186,11365,25828903,31734350
2002:Q3,SomeCollege,9322734,3764379,3026822,737557,5558355,764836,203997,180919,97019,83900,129603,102772,26831,795853,204498,163637,408439,1689254,906113,111204,1869907,1865493,1281586,508414,-2357,77850,4413,7452828,25944132
2002:Q3,HS,8691984,3766403,2954654,811748,4925581,826244,136351,111134,54033,57100,85226,59977,25249,490097,178507,182305,310102,1766127,723801,115687,1627929,1624118,1104872,499215,-1418,21450,3811,7064055,33752482
2002:Q3,NoHS,2613285,1261660,1024009,237651,1351625,297413,22803,19151,13404,5747,7970,3287,4682,129245,36978,41933,46418,518742,193830,37143,362138,361341,248000,114171,-831,0,797,2251148,16841228
2002:Q4,College,30873945,10718226,8986327,1731899,20155718,2010005,1120020,995859,508207,487652,499771,450554,49216,4953135,553821,479502,1582564,4135232,3552015,273794,4381212,4369774,3303005,852000,-12087,226856,11437,26492733,32132202
2002:Q4,SomeCollege,9493984,3848291,3104583,743708,5645693,761087,212113,202181,88541,113640,128977,103049,25928,832940,203879,174525,425907,1701899,886585,115599,1923539,1919146,1328488,519408,-3608,74857,4394,7570444,26118321
2002:Q4,HS,8793695,3791765,2975319,816446,5001930,827973,143820,123533,50906,72627,90802,65144,25658,512168,177912,194759,325348,1797487,687733,120395,1665038,1661263,1131566,509598,-1971,22070,3775,7128657,33736106
2002:Q4,NoHS,2630991,1283701,1049569,234131,1347290,305207,24741,21644,14311,7334,8955,3743,5212,131223,35633,41294,46369,504524,188729,38970,368585,367824,253254,116002,-1432,0,761,2262406,16761201
2003:Q1,College,31093908,10962596,9217654,1744941,20131312,2131621,1078694,938147,484367,453780,509015,458480,50536,4715664,569420,485874,1590668,4198043,3633055,281111,4503191,4490681,3406318,855728,-11882,240517,12510,26590717,32522201
2003:Q1,SomeCollege,9563630,3927541,3177155,750386,5636089,778953,204621,187564,83401,104163,130485,105549,24936,784391,205033,179786,424044,1704719,918336,118157,1964297,1959798,1369621,519294,-3191,74074,4499,7599334,26302903
2003:Q1,HS,8849395,3837831,3023098,814733,5011564,851437,143747,115760,49176,66584,93179,67104,26075,469031,179276,201367,326426,1816740,692321,122279,1680175,1676216,1153964,501267,-1931,22915,3960,7169220,33730361
2003:Q1,NoHS,2646768,1312887,1073365,239522,1333881,317906,24637,22322,15032,7290,9840,4300,5539,121929,34498,39750,45418,487516,190228,39838,369498,368735,257338,112834,-1438,0,763,2277270,16674878
2003:Q2,College,32718808,11240594,9472534,1768060,21478214,2190781,1050907,873304,436860,436444,609992,557808,52184,5597731,595513,503241,1770276,4270536,3728343,287591,4751100,4738260,3560929,873490,-10389,314229,12841,27967708,32895948
2003:Q2,SomeCollege,9890322,4022414,3263879,758535,5867909,781162,199530,174604,74303,100300,137879,113869,24010,911641,208444,191730,473916,1713390,955202,120411,2046526,2042013,1432688,527994,-2477,83809,4513,7843797,26493817
2003:Q2,HS,9069108,3883925,3065381,818544,5185183,859146,144607,108762,45117,63645,81768,55257,26511,559986,183199,214803,364960,1843475,700782,123696,1724361,1720378,1190574,507127,-1733,24410,3982,7344747,33742049
2003:Q2,NoHS,2678460,1335065,1094146,240919,1343395,326390,24768,22472,15055,7417,11149,5134,6015,134458,33623,39086,46671,472017,192248,40514,378941,378204,264189,113319,-1266,1962,737,2299519,16585045
2003:Q3,College,33550832,11543885,9743682,1800203,22006947,2204210,1007982,864043,491574,372469,603502,550523,52979,5945471,617001,512980,1813702,4334740,3805810,297505,4899527,4886597,3715332,889524,-15366,297108,12929,28651305,33245042
2003:Q3,SomeCollege,10074370,4127052,3360289,766763,5947318,772535,192098,165433,83230,82202,138327,115417,22910,953907,210939,199612,483124,1719370,987672,124300,2108611,2104111,1492855,537715,-3558,77098,4500,7965759,26687002
2003:Q3,HS,9182756,3919271,3091818,827453,5263485,856294,144115,103756,50782,52974,86329,59362,26967,586728,186198,224188,374189,1868199,705949,127541,1759587,1755628,1215277,517681,-2262,24932,3959,7423169,33777970
2003:Q3,NoHS,2688381,1352513,1116090,236423,1335867,331808,24541,23701,16943,6758,11832,5735,6097,135839,32640,37807,46181,455954,193635,41930,382144,381441,267469,114755,-1956,1172,703,2306237,16494490
2003:Q4,College,35013016,11836092,10006904,1829189,23176924,2248758,975142,951429,540420,411008,590214,535967,54247,6694091,637077,531803,1978079,4402365,3860100,307864,5033704,5020778,3830626,910484,12769,266900,12926,29979312,33561085
2003:Q4,SomeCollege,10404697,4236765,3460402,776363,6167932,772384,186492,186891,91142,95749,138784,116882,21903,1056451,213223,213321,528996,1728607,1014291,128493,2166376,2161897,1543084,548939,1727,68146,4479,8238321,26878396
2003:Q4,HS,9423769,3969505,3132943,836562,5454265,862799,144429,115742,55993,59750,92465,65005,27460,662321,189134,239636,410070,1898710,707060,131897,1808446,1804523,1248593,527476,3042,25412,3923,7615324,33844927
2003:Q4,NoHS,2719016,1377944,1142457,235488,1341072,339198,24498,26438,18741,7697,12773,6367,6406,143486,31646,37235,47062,440979,194302,43456,391413,390746,273311,116033,1403,0,667,2327603,16405999
2004:Q1,College,36797653,12276043,10415632,1860410,24521611,2342650,941229,1571721,1139659,432062,605323,549179,56144,7072854,644003,544659,2010875,4503842,3971998,312457,5147201,5134271,3933865,910914,11694,277799,12930,31650452,33835677
2004:Q1,SomeCollege,10824124,4393812,3604373,789439,6430311,784984,180856,302611,198313,104297,141026,120018,21008,1102098,212960,224006,535864,1756064,1059610,130232,2208645,2204183,1587065,549374,1464,66281,4461,8615479,27063940
2004:Q1,HS,9733708,4075716,3226807,848910,5657992,883411,144668,172231,108462,63769,94246,66243,28004,694074,189470,252325,418426,1953293,723039,132808,1827355,1823458,1271625,522788,2676,26369,3897,7906353,33949721
2004:Q1,NoHS,2773752,1426187,1187180,239007,1347566,349940,24412,29563,21195,8368,14134,7123,7011,144343,30410,36230,46520,430877,197300,43836,391671,391039,276133,113396,1320,189,632,2382081,16322359
2004:Q2,College,37447777,12677883,10780696,1897187,24769894,2395750,904948,1422068,1017590,404478,631817,573789,58028,7057549,656452,550500,2032570,4609866,4191635,316737,5331596,5318045,4093519,919129,11450,293947,13551,32116181,34060418
2004:Q2,SomeCollege,11064621,4552985,3753474,799511,6511636,788214,174964,272210,174834,97376,143846,123746,20099,1088912,213953,230977,540028,1787397,1139152,131984,2281494,2276978,1655396,555105,1308,65169,4515,8783127,27239573
2004:Q2,HS,9907408,4158073,3292520,865552,5749335,895936,144743,160273,100655,59618,94063,65462,28601,679275,191533,261723,425537,1996654,765656,133942,1871842,1867833,1310531,527315,2557,27430,4009,8035566,34099152
2004:Q2,NoHS,2796468,1451771,1218907,232864,1344697,358311,24263,32977,24768,8209,15592,7965,7627,138990,29346,34764,45943,415854,204411,44246,397423,396804,281827,112989,1319,669,619,2399045,16246355
2004:Q3,College,38208989,13050969,11142963,1908006,25158019,2417668,869221,1524860,1094050,430810,613203,553422,59781,7034537,666181,559469,2026414,4713150,4408306,325009,5468440,5454603,4223223,938887,-3285,295779,13837,32740548,34226909
2004:Q3,SomeCollege,11360053,4722813,3914264,808549,6637240,784679,169292,295990,188122,107868,145043,125885,19157,1075345,214553,240421,536559,1819835,1219832,135692,2349034,2344501,1715535,567889,-447,61524,4533,9011018,27401232
2004:Q3,HS,10205652,4325921,3452389,873532,5879730,903280,144964,173978,109070,64908,102589,73328,29261,665278,193549,274182,428009,2045513,810207,138180,1927360,1923296,1352527,542865,-593,28497,4063,8278292,34300023
2004:Q3,NoHS,2842451,1501233,1263460,237773,1341218,365053,24121,35459,26462,8997,17007,8796,8211,133765,28287,33595,45179,401498,211673,45581,404243,403646,288207,115234,-411,616,597,2438209,16180776
2004:Q4,College,39987998,13493622,11554671,1938951,26494376,2516363,868381,1644086,1306448,337638,685080,625607,59472,7625974,685566,583013,2204071,4811426,4537020,333395,5652072,5637883,4352829,960771,-4389,328673,14189,34335926,34329751
2004:Q4,SomeCollege,11760452,4872292,4044097,828195,6888159,810838,170539,306903,230265,76638,145547,124572,20975,1156997,216399,257969,581926,1893962,1206376,140703,2418924,2414376,1769225,581624,-678,64205,4548,9341527,27545824
2004:Q4,HS,10529029,4470434,3578921,891513,6058595,916645,144819,176259,127943,48316,89753,59954,29799,739459,198902,281191,460706,2071351,834366,145144,2008990,2004826,1418731,558020,-817,28892,4165,8520039,34556213
2004:Q4,NoHS,2858736,1529402,1289843,239560,1329334,356280,25597,32237,24955,7282,17669,8881,8787,142770,28303,31825,48695,385979,212799,47181,423221,422623,299794,119705,-556,3680,599,2435515,16127531
2005:Q1,College,40579062,13866103,11909429,1956674,26712959,2610749,832642,1586734,1235981,350753,673130,613953,59177,7645131,686412,590873,2200801,4871006,4677771,337710,5724967,5710590,4433306,962482,-12782,327584,14377,34854095,34375545
2005:Q1,SomeCollege,11969567,5021338,4174538,846801,6948229,836562,166001,298277,219740,78537,143176,120330,22847,1154609,214702,266225,573835,1952245,1198528,144068,2456593,2452047,1813006,580289,-2481,61234,4546,9512975,27674117
2005:Q1,HS,10770315,4651874,3745525,906349,6118441,930633,141477,174549,124746,49803,93491,63099,30392,746154,200662,279444,455763,2081972,864269,150026,2081739,2077495,1505570,544905,-2174,29194,4245,8688575,34859920
2005:Q1,NoHS,2857737,1549861,1304545,245315,1307876,347257,26334,34776,27213,7563,18266,8839,9426,143690,28011,29085,50459,367091,214826,48081,438322,437725,316678,117298,-1705,5454,597,2419415,16085022
2005:Q2,College,41679097,14240137,12270377,1969760,27438960,2663290,810798,1677737,1306883,370854,680588,622109,58479,7861920,690871,606213,2274486,4933055,4900228,339772,5872940,5858054,4563463,973516,-7780,328856,14886,35806156,34373892
2005:Q2,SomeCollege,12294547,5174456,4305893,868563,7120092,852845,163961,319007,236502,82505,141420,116730,24691,1182341,213833,279525,589370,2014265,1216959,146564,2521895,2517315,1872250,587959,-1573,58680,4580,9772652,27787847
2005:Q2,HS,11123590,4864175,3942372,921803,6259415,935896,139808,185758,133215,52542,93407,62379,31028,779687,203706,283106,468653,2099575,915911,153908,2170452,2166050,1586482,551528,-1529,29569,4402,8953138,35200418
2005:Q2,NoHS,2865133,1573889,1315654,258235,1291244,335860,27459,35436,27446,7990,18780,8843,9937,147733,27831,26942,53070,349408,220092,48634,456849,456243,330564,119387,-1031,7324,606,2408284,16050777
2005:Q3,College,42852525,14649109,12669114,1979996,28203415,2741267,819877,1507467,1219949,287518,678551,621453,57098,8270146,702013,616152,2380453,4989083,5149016,349389,6024117,6009803,4692994,990344,-7371,333836,14314,36828407,34334394
2005:Q3,SomeCollege,12642868,5348896,4466100,882796,7293972,875675,167415,280618,222738,57880,139229,112789,26440,1239154,214369,289748,615084,2075440,1244618,152622,2592100,2587602,1932807,599695,-1658,56758,4498,10050767,27888747
2005:Q3,HS,11507821,5074840,4138008,936832,6432982,948271,141524,167785,128859,38926,95166,63470,31696,840103,208670,284038,489628,2118016,976482,163298,2269369,2265029,1671290,565278,-1551,30011,4340,9238453,35566982
2005:Q3,NoHS,2879743,1597104,1338813,258292,1282639,325849,29447,36097,29696,6401,19023,8843,10180,154715,27811,24520,56086,331723,226579,50788,476790,476208,344789,123069,-995,9345,582,2402953,16022321
2005:Q4,College,43801057,14998773,13005241,1993532,28802284,2798884,868648,1581498,1235447,346050,679990,625215,54776,8373103,706024,629025,2468399,5043595,5292202,360916,6139054,6125091,4805972,1004486,-3860,318493,13963,37662003,34266654
2005:Q4,SomeCollege,12948735,5497609,4598901,898708,7451126,894000,177921,300992,229016,71976,136951,108925,28026,1251031,213537,302081,635852,2137512,1241565,159685,2652339,2647899,1986901,610532,-928,51394,4439,10296396,27978553
2005:Q4,HS,11856954,5278416,4323552,954864,6578538,956304,147325,180979,133236,47743,96073,63688,32385,863309,212271,287246,507568,2138627,1014382,174456,2364960,2360633,1752259,578930,-922,30366,4327,9491995,35948889
2005:Q4,NoHS,2891443,1623135,1363969,259166,1268308,314621,32589,38341,30721,7620,18883,8856,10027,157487,27677,22341,58966,314350,229658,53393,494986,494420,357735,126607,-523,10601,566,2396457,15997180
2006:Q1,College,45294007,14987828,12988828,1999000,30306179,2951934,866201,1646067,1303904,342163,699385,648567,50819,9461045,658408,642498,2549310,5101561,5370246,359525,6307830,6293749,4945947,1008715,3137,335950,14081,38986177,34180273
2006:Q1,SomeCollege,13264922,5534108,4614876,919232,7730814,935288,179620,315499,246171,69328,134870,105602,29268,1410176,202367,314995,654829,2202468,1219814,160888,2724333,2719900,2051790,615780,766,51564,4432,10540589,28058999
2006:Q1,HS,12230388,5395923,4425328,970595,6834466,986974,147956,189324,142518,46806,92883,59819,33064,1019724,203694,291121,524586,2163109,1038083,177011,2459280,2454863,1838172,584851,904,30936,4417,9771109,36335412
2006:Q1,NoHS,2881131,1617586,1345602,271984,1263545,307558,34507,38835,31233,7602,18052,8906,9146,174229,26560,20234,61804,297673,230652,53440,513374,512809,371029,128239,417,13123,565,2367757,15972882
2006:Q2,College,45470324,15166838,13155194,2011644,30303486,2998804,891321,1604974,1198712,406262,731207,685562,45645,9181410,658785,648004,2538378,5151791,5540741,358072,6459755,6445570,5076039,1014912,8641,345979,14185,39010569,34084852
2006:Q2,SomeCollege,13400988,5629382,4694121,935260,7771606,951384,186205,313539,228132,85407,132775,102577,30198,1365143,200781,322864,646295,2264206,1226350,162065,2793101,2788679,2116020,620016,2185,50457,4422,10607887,28131820
2006:Q2,HS,12429976,5547101,4557762,989339,6882876,992058,151228,192965,136138,56826,86593,52902,33692,994259,206454,290052,521373,2183392,1084933,179569,2558476,2553971,1933641,585928,2937,31464,4506,9871500,36715828
2006:Q2,NoHS,2859715,1620405,1347418,272987,1239310,295089,37262,42169,33243,8926,16690,8978,7712,171806,26370,17676,63633,280218,234910,53487,532212,531649,386389,128755,1132,15372,563,2327502,15946951
2006:Q3,College,46275935,15288255,13261980,2026275,30987679,3062805,938197,1577626,1213283,364343,722373,682808,39564,9470331,673846,660930,2618431,5209876,5697079,356187,6590746,6576546,5166276,1043539,11854,354877,14200,39685189,33989993
2006:Q3,SomeCollege,13635852,5702996,4752091,950905,7932856,971456,196642,306393,234304,72090,128998,98177,30821,1404783,202113,335535,665139,2329953,1228841,163003,2855374,2850972,2163446,635181,3219,49127,4402,10780479,28198751
2006:Q3,HS,12719197,5674862,4666120,1008742,7044335,1000213,156347,190281,140608,49673,88498,54289,34210,1046200,212748,293592,538393,2207566,1128749,181748,2660550,2655977,2019073,600313,4616,31974,4573,10058647,37079411
2006:Q3,NoHS,2844335,1621888,1349531,272356,1222447,282951,40715,42438,34275,8164,14846,8982,5863,177301,26461,15576,66454,263624,238651,53432,551728,551169,399630,132408,1551,17581,559,2292607,15916915
2006:Q4,College,47340670,15288133,13256982,2031151,32052537,3131329,1007196,1449147,1096052,353095,724403,689555,34848,10181651,694861,676493,2745932,5273940,5806543,361041,6696451,6682153,5217083,1060649,21693,382728,14297,40644219,33905298
2006:Q4,SomeCollege,13883704,5731777,4764879,966898,8151927,992316,210924,280543,213022,67521,125612,93931,31681,1507473,204548,349874,698206,2398204,1217195,167032,2898288,2893900,2190757,646574,5565,51004,4388,10985416,28261527
2006:Q4,HS,13035615,5771749,4749039,1022710,7263867,1007921,163051,179288,131787,47501,88251,53564,34687,1158146,220400,298568,565910,2233195,1160530,188608,2744782,2740127,2083209,613721,10625,32573,4655,10290833,37415438
2006:Q4,NoHS,2831454,1617767,1340267,277500,1213686,270459,44858,43330,35342,7988,13614,8996,4618,188520,26645,13625,69777,247522,240640,54696,567803,567247,408295,135772,2653,20527,556,2263650,15880299
2007:Q1,College,48077907,15115931,13081782,2034149,32961977,3286810,1041081,1508555,1127698,380856,748682,718101,30580,10654878,703865,684020,2796918,5333249,5842782,361138,6777495,6762822,5305053,1059181,15456,383132,14673,41300412,33840368
2007:Q1,SomeCollege,14024368,5694419,4708243,986177,8329948,1033322,219025,295419,222302,73117,122753,90176,32577,1573538,204436,358729,707766,2462868,1183362,168731,2931815,2927412,2229988,644198,5097,48129,4403,11092553,28321881
2007:Q1,HS,13225639,5802255,4767576,1034679,7423383,1033755,166037,189023,137594,51429,83027,47928,35099,1237052,224811,297898,575368,2252089,1172560,191763,2794656,2789861,2146036,603111,7759,32956,4795,10430982,37713182
2007:Q1,NoHS,2794800,1597327,1307699,289628,1197473,260427,48098,44935,36343,8592,12591,9033,3558,196162,26569,11218,72153,230527,239866,54928,574842,574280,416176,133682,2046,22375,562,2219958,15834630
2007:Q2,College,48706095,15044787,13001286,2043501,33661308,3297565,1084191,1441038,1113294,327744,816244,790167,26077,10953427,722416,705003,2929219,5393672,5949129,369403,6914486,6899796,5388041,1073026,14446,424283,14690,41791609,33804806
2007:Q2,SomeCollege,14160020,5689979,4685937,1004042,8470042,1039230,228604,279850,221772,58078,120766,87459,33307,1611837,206066,376210,741460,2522191,1169675,174154,2983838,2979463,2267982,653721,5560,52200,4375,11176182,28381551
2007:Q2,HS,13388376,5836621,4789186,1047435,7551755,1023326,169260,180960,138359,42601,67673,32291,35382,1289402,231205,305253,602382,2281935,1199847,200513,2873849,2869005,2213727,613745,8014,33519,4843,10514528,37961920
2007:Q2,NoHS,2764625,1576003,1279359,296644,1188623,244561,51609,44676,37147,7529,11495,9120,2375,201070,26635,9540,75347,225826,241156,56707,590241,589685,425443,136474,1978,25790,555,2174384,15777434
2007:Q3,College,49427955,14914320,12861510,2052810,34513635,3350638,1243847,1765652,1258343,507308,848065,825702,22364,11021543,731672,717172,2994107,5452544,6015006,373389,6991838,6976803,5457791,1110633,20177,388201,15036,42436117,33808212
2007:Q3,SomeCollege,14297912,5650014,4631151,1018863,8647898,1054183,257963,359579,255298,104282,117654,83455,34199,1613342,205629,387404,753852,2577902,1143014,177375,3027688,3023308,2299882,672578,7938,42910,4379,11270224,28442268
2007:Q3,HS,13549854,5880993,4823944,1057049,7668860,1019566,181159,226370,155568,70802,60131,24502,35629,1305044,234695,306008,612374,2304106,1213829,205578,2963814,2958858,2280112,631431,13784,33531,4956,10586040,38150927
2007:Q3,NoHS,2737337,1557443,1258223,299220,1179894,229570,58181,49202,38092,11110,10657,9129,1528,202434,26476,7366,77614,220313,240598,57483,605066,604508,434887,140910,2616,26096,558,2132271,15706237
2007:Q4,College,49206754,14817550,12747710,2069840,34389204,3468712,1380473,1804505,1275112,529393,985877,963603,22274,10500446,736256,724310,2962682,5543931,5899650,382362,7095975,7080934,5525321,1133863,22755,398994,15041,42110779,33857784
2007:Q4,SomeCollege,14128792,5582999,4552285,1030714,8545793,1096154,278653,360446,251479,108967,114548,82957,31591,1520885,206458,378281,729204,2558923,1122161,180081,3075178,3070818,2331443,684316,8954,46104,4361,11053614,28505541
2007:Q4,HS,13408869,5787044,4716647,1070397,7621825,1045430,191485,228215,155527,72689,34744,0,34744,1221235,236544,303821,601516,2333702,1213170,211964,2988793,2983831,2286047,648335,16048,33400,4962,10420076,38272936
2007:Q4,NoHS,2698553,1531208,1227370,303838,1167345,231011,56716,47834,37066,10768,10442,8218,2224,185931,27025,9758,73799,230234,236133,58461,605423,604858,434322,142963,2824,24750,565,2093130,15619261
2008:Q1,College,48219672,14536928,12440775,2096153,33682744,3598403,1554336,1857703,1306617,551086,1104830,1082301,22529,9727527,730653,714101,2811001,5632787,5562314,389088,7210091,7194053,5585749,1140884,26295,441126,16038,41009581,33951102
2008:Q1,SomeCollege,13723263,5432876,4392292,1040585,8290386,1139864,305101,363902,250516,113386,110276,81129,29147,1389365,205053,356500,668206,2535140,1035488,181491,3107156,3102713,2355477,682381,10133,54722,4443,10616107,28571961
2008:Q1,HS,13075370,5629593,4544504,1085089,7445777,1070882,203869,230763,156555,74208,33850,0,33850,1098359,235166,289000,561579,2353989,1152311,216009,2974897,2969712,2277756,639394,19266,33296,5185,10100473,38334515
2008:Q1,NoHS,2621343,1482158,1180607,301551,1139185,232225,55835,46295,35940,10355,10250,7219,3031,166133,27324,11197,68577,238897,223626,58826,598687,598088,431141,139348,3076,24522,600,2022656,15517503
2008:Q2,College,47686294,14328660,12210773,2117888,33357634,3509660,1503923,1978024,1441957,536067,1099580,1071908,27672,9390372,738544,716947,2822273,5736805,5467324,394182,7211044,7194685,5634678,1145837,19313,394857,16359,40475250,34083339
2008:Q2,SomeCollege,13460071,5310309,4265896,1044413,8149762,1130691,293720,376801,270062,106739,105910,77625,28285,1322700,206146,342325,655546,2515966,1018034,181924,3108706,3104257,2361952,685394,8928,47983,4448,10351365,28641889
2008:Q2,HS,12852372,5481469,4387360,1094109,7370903,1044421,199032,236492,167109,69383,33554,0,33554,1037025,236651,281472,557652,2377117,1149253,218233,2924156,2918920,2224214,649155,12844,32706,5237,9928215,38345688
2008:Q2,NoHS,2544507,1427848,1135516,292332,1116659,226657,49852,43266,33938,9328,12259,6304,5955,152256,27820,13331,65197,248331,218971,58722,582459,581846,418440,140066,2463,20877,613,1962048,15402656
2008:Q3,College,46384011,14110547,11975049,2135498,32273464,3613946,1510261,2171897,1581649,590248,1105593,1071837,33756,8265198,738621,714848,2633112,5835860,5280370,403758,7329938,7313670,5629154,1169676,35077,479762,16268,39054073,34249669
2008:Q3,SomeCollege,13052476,5180170,4128593,1051577,7872305,1166640,291652,409700,289204,120496,101854,74347,27507,1139129,205542,323861,584691,2491505,973437,184295,3130202,3125792,2358797,690470,12513,64012,4410,9922274,28715690
2008:Q3,HS,12501896,5345737,4246417,1099320,7156160,1059458,198031,252629,176894,75735,33179,0,33179,864920,235703,269693,507949,2391103,1120248,223247,2919902,2914717,2208598,645858,27731,32530,5185,9581994,38316481
2008:Q3,NoHS,2467571,1382691,1091353,291338,1084880,226363,45272,40441,31135,9306,14693,5431,9262,128642,28119,15174,59613,256311,210894,59359,579352,578738,415292,137808,3542,22095,614,1888219,15276414
2008:Q4,College,44219064,13868052,11736217,2131835,30351012,3792092,1705691,2444555,1832789,611766,834562,797705,36856,6522528,733907,687510,2304022,5923101,4989620,413423,7152414,7134891,5612977,1178320,35492,308101,17523,37066650,34445268
2008:Q4,SomeCollege,12509944,5043209,3990825,1052384,7466735,1219384,320690,453220,328794,124425,90368,64558,25810,868854,203880,288153,477346,2458708,899590,186543,3088900,3084400,2345701,690033,13229,35438,4499,9421044,28793726
2008:Q4,HS,12038858,5206422,4114797,1091626,6832435,1088779,210673,271063,194590,76473,58061,25591,32470,617331,233208,240922,428541,2392662,1063347,227848,2878365,2872937,2173280,640306,27786,31565,5428,9160493,38256920
2008:Q4,NoHS,2381199,1344188,1053786,290402,1037011,227696,44560,33679,24932,8747,15549,4379,11170,98050,28283,15570,52426,262180,199138,59880,561315,560664,408107,135131,3529,13896,651,1819885,15140469
2009:Q1,College,43146023,13643818,11512958,2130860,29502205,3745817,1690883,2658892,1929318,729574,762387,721069,41318,5855946,741324,699314,2222464,5998217,4710831,416129,7137673,7120457,5633423,1169884,27922,289229,17216,36008350,34665310
2009:Q1,SomeCollege,12138195,4911968,3860425,1051543,7226227,1218223,314816,495729,336792,158937,83262,58874,24387,758843,204517,276650,440940,2417900,829953,185394,3075862,3071426,2350302,675226,12479,33418,4436,9062332,28876359
2009:Q1,HS,11711308,5062153,3978341,1083812,6649155,1067264,207639,291356,198412,92943,70758,38955,31803,520366,233475,236314,403895,2382819,1008289,226980,2820892,2815579,2157984,606603,19884,31108,5313,8890417,38177029
2009:Q1,NoHS,2301683,1301430,1015590,285840,1000253,222653,39716,30904,21662,9242,17119,3498,13621,82075,28631,18168,48274,266045,187691,58976,546344,545701,404878,126429,3054,11341,644,1755339,14996515
2009:Q2,College,43933575,13487547,11347231,2140316,30446029,3739765,1604426,2354052,1618782,735270,785136,739321,45815,7098856,757631,744409,2476689,6102361,4361692,421012,7172856,7156809,5658552,1163146,33278,301833,16047,36760719,34904969
2009:Q2,SomeCollege,12077678,4822710,3771826,1050884,7254968,1226161,297209,427192,269704,157488,79245,56353,22892,920482,206810,285352,494361,2390282,742698,185177,3070334,3066044,2347194,667844,14113,36893,4290,9007344,28963953
2009:Q2,HS,11666502,4932805,3852592,1080213,6733697,1053968,199221,260683,170225,90458,65092,34002,31090,665570,235723,252186,449984,2388310,935496,227464,2766740,2761734,2111123,595246,24699,30666,5005,8899763,38086834
2009:Q2,NoHS,2251354,1250239,973137,277102,1001115,218574,33807,36325,27969,8357,18818,2806,16013,89089,29104,22736,47971,272389,173885,58416,531197,530586,394705,122637,3340,9904,612,1720157,14846244
2009:Q3,College,45543044,13407865,11262979,2144886,32135180,3727334,1485162,2523334,1835909,687425,814335,764087,50248,8368528,775703,791859,2752428,6210822,4257634,428040,7206553,7190729,5652165,1181499,39999,317066,15824,38336492,35159420
2009:Q3,SomeCollege,12180472,4746201,3699125,1047076,7434271,1232309,274322,438349,299384,138965,75497,54184,21313,1084932,209378,294665,553385,2363693,721852,185890,3066655,3062420,2336364,669474,15739,40844,4234,9113817,29056871
2009:Q3,HS,11728724,4810305,3736803,1073502,6918419,1039116,188140,263447,184052,79395,58456,28111,30345,816076,238250,269202,499823,2394560,922013,229335,2731466,2726558,2077222,588012,31144,30180,4908,8997258,37996360
2009:Q3,NoHS,2201360,1204302,938499,265803,997058,214262,27695,30052,23066,6986,20467,2169,18299,95007,29573,27533,47443,278591,168245,58190,520168,519562,387677,119726,3611,8548,606,1681191,14691350
2009:Q4,College,45912583,13377778,11214750,2163028,32534805,3878220,1426333,2420703,1812947,607756,822402,767554,54848,8630987,790053,829030,2868830,6308982,4120718,438548,7257244,7243111,5669550,1189840,43762,339959,14133,38655339,35423837
2009:Q4,SomeCollege,12087091,4685728,3630435,1055293,7401363,1277375,261479,398543,286220,112323,71186,51483,19703,1104635,211196,296352,568709,2331200,692523,188164,3064509,3060476,2329769,667734,16835,46138,4033,9022583,29155475
2009:Q4,HS,11673016,4737231,3662503,1074728,6935785,1059072,181523,243277,178884,64393,55799,26211,29589,834218,239830,279160,515398,2393694,900217,233597,2679506,2675014,2030078,580653,34631,29652,4491,8993511,37915633
2009:Q4,NoHS,2164051,1176662,909578,267084,987389,214080,22982,28425,22966,5459,22135,1556,20579,89483,29947,31768,45256,283236,161544,58533,505864,505304,377356,116791,3704,7453,560,1658187,14533525
2010:Q1,College,46889748,13416996,11250387,2166609,33472751,3856749,1271322,2630689,1940948,689741,832465,773726,58739,9137751,797034,861438,2996048,6478202,4174967,436085,7268487,7252436,5642584,1175607,74707,359539,16051,39621260,35693394
2010:Q1,SomeCollege,12131158,4635667,3580912,1054756,7495491,1281468,233056,432257,298784,133474,66925,49014,17912,1158594,211620,293925,586640,2333651,712897,184458,3026661,3022471,2303002,652756,15841,50873,4190,9104497,29260128
2010:Q1,HS,11716913,4664232,3595753,1068479,7052681,1042936,167237,258444,184960,73483,52784,23958,28826,883990,239729,285628,533055,2435831,924309,228738,2627176,2622309,1966036,554701,72459,29113,4866,9089738,37854678
2010:Q1,NoHS,2131096,1148433,887474,260959,982662,209518,17176,24830,19509,5321,23471,993,22479,86388,30173,35751,43125,294582,161091,56556,484387,483775,363839,109994,3696,6246,612,1646709,14374462
2010:Q2,College,46511898,13448902,11286186,2162717,33062995,3837217,1196214,2806997,2159613,647384,849766,788093,61674,8406052,789634,874724,2863381,6618408,4383104,437497,7299295,7282516,5658262,1174024,78676,371555,16779,39212602,35963267
2010:Q2,SomeCollege,11952191,4598506,3545544,1052962,7353685,1286279,217946,443602,325512,118090,62864,46938,15926,1038448,209380,277649,535123,2326554,773264,182576,3016490,3012264,2293154,648363,16415,54332,4226,8935701,29371194
2010:Q2,HS,11574035,4602068,3542503,1059565,6971967,1028285,159223,261076,196606,64470,48577,20493,28084,774614,236453,279039,497334,2474989,985551,226824,2569212,2564232,1910118,548777,76740,28597,4980,9004823,37823520
2010:Q2,NoHS,2081665,1116080,860413,255668,965585,205097,13017,17344,13103,4241,24385,477,23908,71476,30144,38603,39116,305660,165453,55288,467640,467010,351322,107289,3609,4790,630,1614025,14215855
2010:Q3,College,48051580,13365445,11199879,2165566,34686135,3889716,1197622,2778728,2255221,523507,873518,808647,64871,9413062,811218,923692,3097496,6786622,4474113,440347,7308962,7294314,5648333,1194964,72404,378612,14649,40742618,36228629
2010:Q3,SomeCollege,12142102,4586526,3534825,1051701,7555576,1308794,215594,413862,331229,82633,59143,45179,13964,1162026,212687,284385,581078,2333488,803109,181411,3010675,3006679,2277674,653069,18951,56984,3996,9131428,29489034
2010:Q3,HS,11790621,4573221,3518099,1055122,7217400,1029892,157753,245465,199695,45769,43606,16227,27379,888606,240245,296151,537433,2532745,1019314,226192,2514045,2509550,1864697,549760,66974,28119,4495,9276576,37832185
2010:Q3,NoHS,2061223,1085762,837787,247976,975460,202535,10164,12794,9985,2809,25401,0,25401,73103,30606,43681,37839,319015,166024,54298,454529,453955,341051,105933,3792,3179,575,1606693,14059396
2010:Q4,College,49282695,13312817,11133944,2178873,35969877,3891187,1312128,2776641,2038344,738296,888329,820922,67407,10200051,829057,944366,3266656,6853098,4564318,444047,7304965,7288557,5572628,1254049,71832,390048,16409,41977729,36485743
2010:Q4,SomeCollege,12387948,4486752,3433005,1053748,7901196,1284836,238257,442481,301954,140528,71858,57686,14172,1290957,213879,302516,637520,2404697,831153,183041,2991266,2987104,2217430,685511,23613,60550,4162,9396682,29613975
2010:Q4,HS,11926425,4486681,3432728,1053953,7439743,1024480,162297,259879,185701,74178,40105,14315,25789,962991,235557,319924,570863,2629577,1007500,226570,2532049,2527344,1838621,594086,65233,29404,4705,9394376,37887026
2010:Q4,NoHS,2054043,1070394,821466,248928,983650,194271,10759,24926,21096,3830,22896,172,22724,78948,29596,43752,39915,324422,160203,53962,450754,450161,329219,113165,4098,3679,592,1603290,13907086
2011:Q1,College,50084663,13174275,10969557,2204717,36910388,4044429,1274367,2724012,2043677,680334,878653,807140,71513,10888067,851640,942162,3388919,6854711,4616147,447280,7339737,7322908,5582886,1258567,66181,415274,16829,42744926,36735227
2011:Q1,SomeCollege,12555234,4416843,3359632,1057211,8138392,1296335,235949,430790,308280,122510,83404,68762,14643,1408038,216015,305151,683103,2445420,849640,184546,2971972,2967770,2190898,681784,28651,66437,4202,9583262,29746197
2011:Q1,HS,12004481,4418348,3358535,1059813,7586133,1051041,154851,252111,186279,65832,41109,16719,24391,1025175,232160,328568,595552,2691529,987136,226901,2498678,2494043,1827024,579383,56943,30693,4635,9505803,37979715
2011:Q1,NoHS,2025651,1048759,802238,246522,976892,189507,9562,29023,25678,3345,21376,320,21056,83809,28693,42488,41704,323805,153341,53583,437529,436953,319318,108575,4461,4598,576,1588122,13762152
2011:Q2,College,50317143,13135944,10908150,2227794,37181199,4164707,1255907,2803117,2021279,781838,918770,843858,74912,10855052,872776,943010,3390985,6849840,4676720,450316,7326635,7309308,5568452,1271774,57422,411660,17327,42990509,36978787
2011:Q2,SomeCollege,12682997,4399303,3334421,1064882,8283694,1299330,236644,461052,310194,150859,96473,81452,15020,1424144,217933,310011,696717,2484375,870974,186041,2950937,2946686,2158442,688019,32769,67457,4251,9732060,29885841
2011:Q2,HS,12045103,4417377,3351610,1065767,7627726,1071440,149289,264996,185174,79822,34542,11403,23139,994581,228537,339561,596095,2752368,969029,227288,2489657,2485074,1822513,585286,45199,32077,4583,9555446,38098250
2011:Q2,NoHS,1999812,1035514,784883,250631,964299,183992,8667,34402,30699,3703,19903,482,19422,82295,27801,41463,42803,322868,146884,53220,429124,428562,311262,107998,4732,4570,562,1570689,13628130
2011:Q3,College,48892508,13130033,10875769,2254264,35762475,4296750,1235996,3083040,2230673,852367,906463,827352,79111,9288720,887062,917944,3101840,6816997,4767229,460433,7332929,7316424,5559990,1300915,59060,396459,16505,41559579,37218128
2011:Q3,SomeCollege,12527381,4384857,3321524,1063334,8142523,1304182,236937,522821,351825,170996,107068,91527,15542,1222733,218650,297405,630094,2510982,900847,190804,2936434,2932252,2128170,699607,37917,66557,4182,9590947,30033051
2011:Q3,HS,11807690,4389363,3316856,1072507,7418327,1094379,143873,289138,199331,89807,36507,14468,22039,771561,223431,333376,537220,2798708,957548,232585,2494648,2490379,1816984,593649,46248,33498,4268,9313042,38230630
2011:Q3,NoHS,1949787,1017812,777287,240525,931975,178738,7823,35505,31618,3888,18923,608,18315,67785,26850,39030,42127,319773,141393,54028,421023,420505,303248,108004,5066,4186,518,1528764,13508555
2011:Q4,College,49786622,13045717,10779791,2265925,36740905,4433552,1257944,3072962,2216977,855985,845101,762992,82109,9855224,918014,928728,3245050,6822432,4888294,473604,7320752,7304176,5542168,1328663,61618,371727,16576,42465870,37454956
2011:Q4,SomeCollege,12775683,4346223,3281083,1065139,8429460,1309181,244234,526611,356030,170581,114340,98452,15888,1325276,222444,309255,683962,2557590,939564,197005,2921843,2917648,2097243,712599,43711,64096,4195,9853839,30187968
2011:Q4,HS,11981050,4369402,3296283,1073120,7611648,1118058,141976,289038,199064,89974,45396,24381,21015,816388,221898,351289,567176,2868233,952247,239948,2512081,2507946,1818356,606109,48536,34945,4135,9468969,38364854
2011:Q4,NoHS,1942418,1009280,768811,240470,933138,173617,7463,40683,36942,3741,17708,695,17013,71731,26180,38717,44297,320571,136820,55352,415473,414977,297171,108855,5424,3527,496,1526945,13406962
2012:Q1,College,51104574,12956143,10673022,2283121,38148430,4513703,1210813,2982125,2069172,912953,842643,760519,82124,11021976,928754,958394,3463258,6836031,4918474,472258,7330838,7312735,5534281,1332871,56332,389251,18103,43773736,37690977
2012:Q1,SomeCollege,13092651,4310761,3237873,1072888,8781890,1300965,239576,523212,336420,186792,123853,108082,15771,1516039,222606,334030,761254,2609357,954283,196715,2896811,2892469,2064823,710879,48051,68715,4342,10195840,30350736
2012:Q1,HS,12197216,4347633,3271009,1076625,7849583,1130170,134733,288004,190006,97998,45151,25182,19970,936063,215850,381753,612844,2942276,925337,237399,2478177,2473892,1800862,595680,41071,36278,4285,9719039,38488922
2012:Q1,NoHS,1938529,1001284,755003,246281,937245,167633,6465,47694,43838,3856,15820,809,15011,80759,25275,39507,46986,322563,130049,54495,403989,403481,287994,105611,5710,4165,508,1534540,13326887
2012:Q2,College,51095437,13095805,10797220,2298585,37999633,4536723,1174237,3148357,2278784,869573,853483,771926,81557,10688347,922067,936693,3398503,6817925,5050856,472443,7322436,7302768,5512923,1355954,53722,380169,19668,43773001,37927897
2012:Q2,SomeCollege,13194214,4355088,3283305,1071783,8839126,1279862,236474,552906,381034,171872,133878,118311,15567,1492230,219668,323993,758953,2646718,997276,197169,2880397,2875908,2031853,722178,52970,68907,4488,10313818,30521497
2012:Q2,HS,12165812,4366725,3289148,1077576,7799087,1130477,128413,295082,203963,91119,43063,24119,18944,866265,205966,377656,599814,2996620,919982,235749,2479920,2475488,1795017,605875,36950,37646,4433,9685892,38590833
2012:Q2,NoHS,1913154,993347,752328,241020,919806,160942,5645,49760,46247,3514,14041,928,13113,77280,24196,37529,48070,322343,126016,53983,399048,398526,282037,106460,6028,4001,521,1514106,13271864
2012:Q3,College,52323240,13262027,10948522,2313505,39061213,4575100,1212312,3197384,2217516,979868,846721,765539,81181,11302741,939755,948017,3517147,6819569,5228107,474360,7327238,7307123,5484120,1390514,51231,381259,20115,44996002,38167421
2012:Q3,SomeCollege,13556263,4402755,3330867,1071888,9153508,1261542,246412,581590,376874,204715,142514,127113,15401,1606580,221159,336447,810735,2694740,1053344,198446,2871104,2866566,2000609,737161,57987,70808,4538,10685159,30700393
2012:Q3,HS,12360483,4396947,3319569,1077379,7963536,1132675,128005,307237,200421,106815,43472,25508,17965,913981,201029,395235,624321,3059924,922618,235039,2492998,2488641,1801451,615277,32962,38950,4357,9867485,38658586
2012:Q3,NoHS,1922335,998661,760825,237836,923674,154777,5540,56091,52216,3875,12545,1031,11515,81866,23500,37451,50397,324500,123157,53849,397967,397457,279451,107501,6357,4148,510,1524368,13245429
2012:Q4,College,52903566,13398172,11063166,2335006,39505394,4771432,1293592,3112307,2245853,866455,858571,778051,80520,11402347,954700,950059,3531774,6813674,5334932,482006,7329185,7311599,5492214,1415727,49297,354361,17586,45574381,38411256
2012:Q4,SomeCollege,13767887,4439574,3363811,1075762,9328313,1275573,264066,557864,389506,168358,152231,137037,15194,1647364,222170,342636,833353,2740001,1090715,202339,2859889,2855561,1972074,751998,63420,68069,4328,10907997,30887567
2012:Q4,HS,12426402,4415336,3336239,1079097,8011067,1163231,130718,291769,202256,89513,41386,24382,17004,895554,195216,406070,626581,3115156,907556,237829,2480009,2476291,1771967,634478,29606,40241,3717,9946394,38680179
2012:Q4,NoHS,1931515,1008236,770661,237575,923279,151172,5824,60534,57275,3259,11201,1145,10056,82348,22824,36952,52276,326739,118713,54696,392091,391654,270739,110703,6725,3486,437,1539424,13251117
2013:Q1,College,54738206,13675284,11323335,2351949,41062922,4841724,1234755,2943219,2157558,785662,831061,749250,81811,12715462,972416,968861,3702867,6940296,5426500,485762,7297929,7279443,5428323,1436688,47189,367244,18485,47440277,38661106
2013:Q1,SomeCollege,14251794,4515745,3433983,1081762,9736049,1262126,256699,524120,379874,144246,158772,143459,15313,1866880,223680,360246,903784,2850855,1124379,204508,2840181,2835759,1939455,755423,68932,71949,4422,11411613,31083162
2013:Q1,HS,12751109,4472694,3395465,1077229,8278415,1167692,122748,274099,196347,77752,44749,28559,16190,1026734,189622,427198,660301,3240745,886926,237600,2494132,2490413,1808499,614504,26027,41382,3720,10256977,38643613
2013:Q1,NoHS,1977451,1031941,789792,242150,945510,145874,4920,65978,63152,2826,10453,1224,9229,93087,22236,37444,55240,341129,114055,55093,395323,394884,276620,107158,7111,3995,439,1582128,13292463
2013:Q2,College,55394056,14006351,11641871,2364479,41387705,4917715,1207333,2565093,1972059,593034,873745,790999,82746,12888394,985075,970076,3717535,7075704,5695618,491418,7323765,7303670,5424798,1459425,46680,372768,20095,48070291,38918679
2013:Q2,SomeCollege,14556689,4619011,3537669,1081342,9937678,1248899,254702,445576,350916,94660,170874,155493,15382,1920801,224282,365885,928793,2961797,1208516,207553,2838066,2833489,1914873,768019,75986,74611,4577,11718624,31287320
2013:Q2,HS,12847225,4520517,3450008,1070509,8326707,1170717,117090,236403,183253,53150,39134,23747,15388,1012219,182632,435717,660352,3332713,901615,238115,2494033,2490193,1800184,623338,24232,42440,3840,10353191,38536886
2013:Q2,NoHS,2004031,1050617,810128,240489,953414,140855,4337,70153,68153,2000,9798,1364,8434,94632,21640,37084,57545,347887,113561,55922,396526,396070,274744,109412,7617,4297,456,1607505,13373003
2013:Q3,College,56991820,14338313,11952792,2385522,42653507,5024301,1228142,2464071,1924100,539972,855450,771883,83567,13540401,1007298,991227,3863023,7226896,5953508,499190,7372388,7352931,5446848,1500108,41572,364403,19457,49619431,39185680
2013:Q3,SomeCollege,15097826,4751290,3670908,1080382,10346536,1240789,261412,430564,348140,82424,177581,162144,15437,2046196,226567,385087,994781,3081325,1290669,211564,2845741,2841206,1901021,786118,79095,74972,4535,12252085,31500183
2013:Q3,HS,13062610,4557519,3492639,1064880,8505091,1176321,114880,225547,178877,46670,41148,26544,14604,1054387,177114,455966,685752,3424223,910365,239387,2492369,2488825,1796306,631763,17368,43389,3544,10570241,38347997
2013:Q3,NoHS,2044314,1072407,836729,235678,971907,136399,4166,74775,73024,1751,9167,1451,7716,100471,21213,37895,60816,356918,112855,57232,399859,399432,275031,112308,7882,4211,427,1644455,13496271
2013:Q4,College,58737344,14609275,12217681,2391594,44128069,5102122,1242810,2358581,1816480,542101,887319,804560,82760,14404085,1013583,1021711,4068963,7439965,6080069,508861,7517801,7497647,5450848,1528594,48535,469669,20154,51219543,39463307
2013:Q4,SomeCollege,15353074,4781439,3695914,1085526,10571635,1244184,258102,409616,327560,82056,177992,162380,15613,2100111,230721,407210,1044443,3195417,1287159,216680,2866576,2861896,1889557,801298,82257,88784,4680,12486498,31721690
2013:Q4,HS,13194956,4567082,3510682,1056401,8627874,1160686,115462,215573,169316,46257,39305,25138,14167,1125475,181607,463110,726221,3437284,916095,247057,2481802,2478063,1771237,642141,22070,42615,3739,10713154,38069230
2013:Q4,NoHS,2177399,1107323,863509,243814,1070076,148243,5368,70521,68412,2110,8527,1517,7010,114806,24078,46410,78882,393228,120767,59247,417690,417192,283402,118434,8434,6922,498,1759708,13663706
2014:Q1,College,60187325,14837482,12448361,2389121,45349843,5279756,1244274,2372322,1835067,537254,934673,853007,81666,15205957,1016989,1034189,4116806,7533636,6102120,509121,7560249,7539492,5454164,1542514,50947,491866,20758,52627076,39750735
2014:Q1,SomeCollege,15505232,4828645,3737337,1091308,10676587,1267642,252228,411813,331642,80171,179133,163410,15723,2144908,234407,417088,1045733,3251246,1254830,217558,2852861,2848043,1874199,804482,80600,88762,4818,12652371,31950956
2014:Q1,HS,13159937,4556451,3514431,1042020,8603486,1159974,114826,213376,168383,44993,35294,21604,13690,1183821,185033,457417,731993,3375629,898130,247992,2427130,2423225,1730825,629138,21494,41768,3905,10732807,37710007
2014:Q1,NoHS,2296042,1137546,880926,256619,1158496,161953,6516,68008,65557,2451,7893,1602,6291,129065,27039,54317,96363,420779,126567,59997,427510,426939,290278,120680,8718,7263,571,1868532,13868361
2014:Q2,College,61897207,15158421,12757815,2400607,46738786,5355863,1199456,2422651,1813343,609307,927589,846958,80630,16065379,1025431,1052007,4226716,7634102,6317518,512074,7627578,7605903,5477972,1572678,55672,499580,21675,54269629,40046630
2014:Q2,SomeCollege,15761667,4913221,3814682,1098539,10848446,1270745,238072,423179,327856,95323,175594,159766,15828,2197953,239036,430727,1065951,3310566,1276964,219659,2859431,2854447,1866469,821648,80040,86290,4983,12902237,32186893
2014:Q2,HS,13181638,4564158,3532563,1031595,8617480,1139264,110720,216107,164183,51924,38216,25014,13202,1244012,188943,454074,747965,3311066,917075,250039,2400387,2396273,1691161,641204,23064,40844,4113,10781251,37284033
2014:Q2,NoHS,2423882,1168065,901262,266803,1255817,174762,7279,65753,62542,3211,7258,1640,5618,144279,30202,62904,114659,450337,137117,61266,443731,443077,298283,128471,9130,7193,654,1980151,14101189
2014:Q3,College,62468033,15457082,13038509,2418573,47010951,5459813,1227121,2444549,1834046,610503,963362,883949,79413,15871991,1027273,1050320,4196414,7723043,6534645,512421,7630281,7609272,5511002,1616694,57823,423752,21010,54837752,40349659
2014:Q3,SomeCollege,15807644,4987818,3877140,1110678,10819826,1279428,236610,426952,332291,94661,174943,159059,15884,2100038,242531,431026,1043704,3364450,1299551,220592,2857834,2852819,1863761,841819,77409,69830,5015,12949810,32428413
2014:Q3,HS,13016565,4573232,3550615,1022617,8443334,1121697,111552,213804,162775,51028,35559,22864,12695,1177739,191185,438021,734693,3235449,933662,249973,2370468,2366429,1656419,648507,21580,39923,4039,10646097,36805015
2014:Q3,NoHS,2555650,1211099,929439,281660,1344551,188370,8770,63770,60119,3651,6662,1722,4940,150418,33403,70763,132036,480141,148008,62210,458879,458175,308172,135925,9450,4628,703,2096772,14353147
2014:Q4,College,63734546,15665533,13239476,2426057,48069012,5557221,1251099,2413873,1831973,581900,932499,854100,78399,16483501,1037536,1065876,4267830,7822930,6722522,514125,7690100,7669606,5542549,1649039,63343,414675,20495,56044445,40658489
2014:Q4,SomeCollege,15965673,5033916,3913622,1120294,10931757,1286805,234215,419579,332279,87300,169372,153413,15960,2118366,247576,443340,1052356,3423917,1314083,222146,2865488,2860430,1860392,859654,75933,64451,5058,13100185,32674428
2014:Q4,HS,12933394,4547403,3539473,1007930,8385992,1101836,111936,206493,159534,46959,41561,29361,12200,1202931,194618,432037,739780,3162149,942313,250340,2343009,2339023,1620143,656781,23151,38947,3986,10590385,36286658
2014:Q4,NoHS,2695878,1250627,953147,297480,1445252,202198,10310,61530,57621,3909,6066,1744,4322,163966,36844,79958,150597,511964,158419,63399,477178,476420,318424,144067,9914,4016,758,2218700,14615189
2015:Q1,College,65029423,15943153,13506524,2436630,49086269,5815066,1229514,2443572,1935802,507770,932655,856341,76315,16893328,1046908,1074893,4336940,7916237,6882047,515109,7720062,7698845,5545269,1662144,70458,420974,21217,57309360,40971787
2015:Q1,SomeCollege,16131908,5095506,3965682,1129824,11036402,1325948,223939,423558,352855,70704,165659,149834,15825,2108415,252508,451278,1060342,3480412,1320956,223385,2849310,2844098,1846538,861967,73993,61601,5211,13282598,32923849
2015:Q1,HS,12823058,4518747,3525110,993636,8304311,1106581,109145,202070,163467,38603,43364,31726,11638,1203158,197557,421844,743095,3083577,943944,249977,2285306,2281171,1580551,636863,25826,37931,4134,10537753,35742669
2015:Q1,NoHS,2834082,1287597,975347,312250,1546485,218830,11407,59558,55748,3809,5346,1798,3547,175812,40377,89090,169370,543975,168246,64476,489819,488975,328579,146129,10410,3857,844,2344263,14878270
2015:Q2,College,65825925,16310964,13841338,2469627,49514960,5891072,1217954,2362887,1947846,415041,909415,835098,74317,17029375,1046791,1083111,4330609,8002028,7124544,517175,7820430,7798678,5590411,1697628,79243,431396,21753,58005494,41288218
2015:Q2,SomeCollege,16232666,5190195,4042621,1147574,11042471,1329003,215295,407729,355535,52194,160285,144599,15686,2060718,255779,458812,1045823,3533492,1350412,225124,2868105,2862757,1850869,881416,71065,59407,5349,13364561,33175587
2015:Q2,HS,12675565,4523518,3535442,988076,8152047,1081801,107019,190249,160916,29332,48165,37076,11089,1173030,198560,411154,731713,3000943,959373,250041,2268955,2264712,1553983,644218,29609,36902,4243,10406609,35186754
2015:Q2,NoHS,2969853,1326963,997154,329809,1642890,232658,12637,56818,53355,3463,4653,1832,2821,185036,43832,98426,187225,575742,180176,65687,511472,510544,341347,154479,10900,3818,928,2458381,15133346
2015:Q3,College,65350233,16672304,14177211,2495093,48677929,5949236,1277523,2648513,2236879,411635,887136,815384,71752,15810473,1039512,1067710,4122356,8069905,7282080,523485,7917461,7896023,5640581,1746448,87440,421554,21438,57432772,41606451
2015:Q3,SomeCollege,16116346,5280610,4125682,1154928,10835736,1328553,218023,463688,412791,50897,154791,139373,15418,1827257,257794,450103,971767,3578078,1356889,228793,2886815,2881402,1856664,904277,66703,53758,5413,13229531,33428554
2015:Q3,HS,12320549,4501698,3523432,978265,7818852,1054723,109500,204339,175958,28380,52756,42242,10514,1005653,198199,387501,684450,2910941,958423,252367,2249382,2245171,1527266,649826,32147,35932,4211,10071167,34632618
2015:Q3,NoHS,3081706,1363577,1028167,335410,1718129,246038,14794,54090,50320,3770,3916,1868,2048,180704,47197,106511,201605,605903,189858,67513,531813,530823,353826,162515,11353,3130,990,2549892,15371372
2015:Q4,College,66623925,16953084,14436665,2516419,49670841,6146827,1306930,2476028,2289116,186911,868931,799274,69656,16460166,1044457,1090933,4238761,8164143,7342325,531340,7972708,7951437,5705723,1727238,103609,414868,21271,58651217,41925152
2015:Q4,SomeCollege,16294877,5349218,4185920,1163298,10945660,1355507,215476,440516,423408,17108,149464,134247,15217,1853571,262050,468369,994113,3635826,1337592,233175,2873097,2867607,1866397,892810,59813,48586,5491,13421780,33681662
2015:Q4,HS,12218061,4470404,3503110,967293,7747658,1048916,109973,186556,175610,10946,57014,47025,9988,1032238,199939,385764,695213,2836007,940596,255441,2198830,2194627,1498633,618982,42019,34992,4203,10019232,34093968
2015:Q4,NoHS,3216010,1398231,1054616,343614,1817780,261582,16644,49248,47339,1909,3292,1907,1385,194277,50769,116992,220649,638098,196735,69492,541493,540437,365053,161200,11664,2520,1056,2674517,15583303
2016:Q1,College,67681292,17217958,14676646,2541312,50463334,6363942,1291533,2577584,2408128,169456,904607,836038,68569,16768132,1050206,1100982,4297076,8249211,7323685,536377,8025011,8002950,5726580,1746855,114551,414964,22061,59656281,42242987
2016:Q1,SomeCollege,16409848,5408172,4230096,1178076,11001676,1386145,205682,462164,447380,14784,146900,131705,15195,1833509,266490,477654,999346,3689355,1298134,236296,2861049,2855396,1860631,898529,51718,44518,5653,13548799,33933822
2016:Q1,HS,12068479,4443069,3484175,958894,7625410,1046203,107743,188771,179179,9592,54984,45425,9559,1024827,201846,377162,695736,2760397,910744,256995,2157139,2152796,1469338,603769,45611,34077,4344,9911339,33584509
2016:Q1,NoHS,3336500,1429441,1070480,358961,1907059,277069,17903,45392,43512,1880,2882,1993,888,204055,54315,126641,238306,668564,201059,70874,553874,552727,375534,163082,11999,2112,1147,2782626,15760095
2016:Q2,College,69056882,17623419,15058420,2565000,51433463,6384332,1241055,2650708,2535037,115671,909268,841389,67878,17288307,1064058,1119887,4368040,8339624,7524511,543672,8129212,8106646,5773576,1781148,123174,428749,22566,60927670,42558624
2016:Q2,SomeCollege,16625795,5514167,4317879,1196288,11111628,1378267,190514,482028,473038,8990,142343,127103,15240,1842478,272437,493276,1008316,3744677,1316839,240452,2875247,2869456,1866467,916956,43279,42754,5791,13750548,34183946
2016:Q2,HS,12025255,4480075,3528578,951497,7545179,1016992,103553,189255,183085,6169,57024,47840,9184,1038385,205223,373789,698771,2683758,918506,259924,2143184,2138743,1450732,608980,45856,33175,4440,9882071,33117948
2016:Q2,NoHS,3469937,1470084,1091145,378939,1999852,288253,18614,40480,39089,1391,2511,2048,464,215436,57921,136658,255546,701395,210599,72441,572588,571360,387083,169708,12431,2137,1229,2897349,15892701
2016:Q3,College,70417670,17974951,15383959,2590993,52442718,6576358,1217873,2518190,2483185,35004,883187,816568,66619,17854853,1071852,1140930,4495315,8432050,7703238,548872,8264866,8243210,5836268,1830045,133363,443533,21657,62152803,42870729
2016:Q3,SomeCollege,16869057,5630673,4430828,1199845,11238385,1403853,179553,464946,462704,2243,136014,120855,15159,1857710,277323,510559,1033728,3801225,1329798,243674,2897039,2891233,1876940,939842,33308,41142,5806,13972019,34430946
2016:Q3,HS,12014897,4509905,3565089,944817,7504992,1013474,101266,178996,177275,1721,63068,54272,8796,1056884,207814,372101,711742,2614044,923550,262054,2132251,2127920,1433243,615675,46666,32337,4330,9882647,32707991
2016:Q3,NoHS,3591330,1498297,1122760,375537,2093033,301666,19649,37575,37120,455,2073,2073,0,226569,61266,146478,273065,732416,218839,73437,589234,587967,396896,176028,12855,2189,1267,3002095,15972078
2016:Q4,College,70949189,18307714,15698949,2608766,52641475,6653998,1200671,2383623,2383623,0,847436,781351,66085,18004323,1072861,1140052,4546875,8524524,7706685,560427,8308422,8287841,5865987,1866421,129692,425740,20581,62640768,43178475
2016:Q4,SomeCollege,17083174,5729442,4519329,1210113,11353733,1452196,177179,441126,441126,0,138887,123296,15591,1889801,277870,503281,1038018,3848599,1334715,252062,2931518,2925769,1887438,963986,36365,37980,5749,14151656,34673655
2016:Q4,HS,11999571,4495577,3548990,946587,7503994,1027478,98062,172667,172667,0,71849,63186,8663,1081394,206938,365334,714702,2580010,925860,259700,2145335,2141175,1441457,624577,43817,31323,4160,9854236,32365047
2016:Q4,NoHS,3556229,1506872,1135608,371263,2049357,300770,18450,39058,39058,0,2038,1873,166,227551,59824,138177,262845,709638,216315,74692,595092,593885,397047,181454,13422,1961,1207,2961137,15991677
2017:Q1,College,72718100,18615560,15982153,2633407,54102539,6807752,1168532,2366431,2366431,0,856994,792060,64933,18977019,1087910,1171737,4761956,8633531,7705845,564833,8358272,8336606,5896119,1874735,124019,441733,21666,64359827,43483058
2017:Q1,SomeCollege,17530402,5839516,4612783,1226733,11690886,1515939,172575,436014,436014,0,143698,127758,15940,2033546,280923,518657,1089887,3903845,1338567,257235,2951572,2945686,1896760,968229,40040,40657,5886,14578830,34910605
2017:Q1,HS,12183835,4533585,3580654,952931,7650250,1053179,94246,172964,172964,0,74919,66406,8513,1183524,208691,375574,745112,2558366,929420,254253,2131169,2126853,1448709,608530,39362,30252,4316,10052666,32086342
2017:Q1,NoHS,3527927,1515361,1143231,372131,2012566,300170,16982,39753,39753,0,1985,1708,278,236076,58435,131358,254489,685848,212945,74525,591831,590627,394940,178931,13927,2830,1204,2936096,15954933
2017:Q2,College,74178761,18966678,16320206,2646472,55212082,6711347,1155910,2440290,2440290,0,835403,770476,64928,19510443,1095901,1193618,4913717,8736985,8046924,571545,8446926,8424928,5937835,1900776,129572,456745,21997,65731835,43786178
2017:Q2,SomeCollege,17976073,5974772,4738432,1236339,12001301,1530674,170840,448833,448833,0,147256,130667,16590,2119241,282640,527075,1122940,3955820,1432528,263454,2985730,2979777,1910871,986638,39095,43173,5953,14990342,35140246
2017:Q2,HS,12370900,4588756,3632223,956533,7782144,1047529,91820,178908,178908,0,81786,73325,8461,1247559,209657,381378,766179,2538995,987871,250462,2153825,2149458,1461423,613749,45046,29239,4367,10217075,31865804
2017:Q2,NoHS,3481275,1514997,1148272,366724,1966278,294119,15762,39294,39294,0,2066,1518,548,239239,56740,123581,243734,659472,217776,74495,592942,591766,392431,181545,14138,3651,1176,2888333,15867779
2017:Q3,College,75446345,19301460,16646148,2655312,56144885,6714962,1205180,2357766,2357766,0,812032,749317,62715,20101619,1109435,1216684,5097608,8839680,8101396,588522,8534462,8512424,5986203,1939773,124841,461608,22037,66911884,44089537
2017:Q3,SomeCollege,18355621,6099448,4856646,1242802,12256173,1565071,178256,430604,430604,0,150295,133482,16812,2213521,285273,536162,1165065,4006511,1451106,274311,3028083,3022089,1927878,1007981,42303,43928,5994,15327538,35361031
2017:Q3,HS,12551851,4647131,3687089,960042,7904721,1056656,93084,175877,175877,0,88307,80017,8290,1319113,211788,388206,793137,2523349,1003136,252069,2171646,2167263,1479091,618339,41516,28317,4383,10380205,31697363
2017:Q3,NoHS,3427733,1513990,1155993,357997,1913743,289100,15333,40470,40470,0,1889,1331,558,242148,54996,115613,232464,631395,214480,75857,592474,591337,389629,183091,14487,4130,1137,2835260,15736147
2017:Q4,College,77382442,19603905,16915192,2688713,57778536,6789758,1268270,2378504,2378504,0,751337,690030,61307,21142076,1123339,1243105,5306019,8943757,8236425,595947,8644772,8622799,6027897,1979624,124992,490286,21973,68737669,44394836
2017:Q4,SomeCollege,18842718,6209528,4953046,1256482,12633190,1613536,187668,432587,432587,0,151415,134140,17274,2370363,287865,547385,1213972,4056600,1491027,280774,3073066,3067043,1941606,1033090,43534,48814,6023,15769652,35571413
2017:Q4,HS,12808160,4695280,3722308,972971,8112881,1076392,95090,179242,179242,0,98641,90447,8194,1434264,214233,397030,824616,2511697,1032342,249333,2202989,2198598,1497226,631663,42378,27332,4390,10605172,31574946
2017:Q4,NoHS,3367629,1505459,1155990,349469,1862170,284627,14994,40416,40416,0,1808,1123,685,248517,53139,107672,220625,602214,212663,75496,593145,592053,385617,186409,14699,5328,1093,2774483,15565969
2018:Q1,College,78118543,20051305,17329156,2722150,58067237,6984487,1245297,2429715,2429715,0,730486,670972,59513,21058727,1132473,1245551,5294486,9038159,8303830,604026,8695007,8671091,6054495,1985058,126978,504560,23916,69423536,44703778
2018:Q1,SomeCollege,19120892,6355603,5081899,1273703,12765289,1685814,184237,440295,440295,0,154436,136716,17720,2371962,289474,541627,1197100,4100323,1512571,287449,3082786,3076566,1946541,1034763,44081,51182,6220,16038106,35769845
2018:Q1,HS,12962908,4788304,3800955,987349,8174604,1112657,92498,184757,184757,0,104557,96458,8098,1447929,216173,394799,822738,2498938,1052362,247196,2203267,2198586,1508865,618409,44871,26441,4681,10759641,31492482
2018:Q1,NoHS,3293416,1503074,1157396,345678,1790342,281480,13523,39958,39958,0,1728,950,777,243573,51117,98331,205560,571344,208676,75052,582424,581327,378788,181646,14854,6039,1096,2710992,15363177
2018:Q2,College,79088303,20335709,17583166,2752543,58752594,6900816,1276740,2538966,2538966,0,717251,659809,57442,21355843,1146867,1258484,5394892,9138768,8414615,609353,8770865,8747075,6105848,2005307,137055,498865,23790,70317438,45018062
2018:Q2,SomeCollege,19435427,6471675,5183799,1287876,12963752,1701963,188792,459047,459047,0,157786,139604,18182,2425688,291873,542896,1212551,4145057,1545337,292762,3107001,3100762,1960859,1048573,41267,50064,6239,16328425,35954778
2018:Q2,HS,13133045,4852499,3851114,1001385,8280547,1114163,92889,194161,194161,0,109628,101617,8011,1498594,219100,397926,838951,2490923,1080228,243984,2235643,2230955,1527499,622933,54867,25656,4688,10897402,31443901
2018:Q2,NoHS,3201548,1483212,1144116,339096,1718336,273354,12696,38698,38698,0,1637,789,849,241701,49117,89618,191611,540521,205343,74040,576044,574997,372644,181361,14866,6125,1047,2625504,15133703
2018:Q3,College,80710248,20634082,17859327,2774755,60076166,6769242,1276041,2709385,2709385,0,709231,653946,55285,22231299,1163065,1272430,5590607,9247892,8488583,618391,8873552,8849085,6164568,2048504,134401,501612,24467,71836696,45339391
2018:Q3,SomeCollege,19840275,6581040,5282648,1298392,13259235,1707671,188483,489451,489451,0,161404,142680,18724,2559317,294415,544529,1255278,4191529,1567541,299616,3148990,3142670,1977606,1070923,43759,50382,6320,16691285,36124665
2018:Q3,HS,13389263,4932685,3919264,1013421,8456577,1110451,91645,207614,207614,0,114186,106241,7945,1604271,222437,401785,870246,2487898,1103363,242681,2265983,2261175,1550123,633097,53098,24856,4808,11123280,31423131
2018:Q3,NoHS,3119862,1470833,1139684,331150,1649029,264255,11483,36250,36250,0,1566,637,928,244444,47103,81067,178385,510216,200816,73445,571251,570235,366723,182041,15026,6445,1016,2548611,14883479
2018:Q4,College,77484307,20386788,17574453,2812335,57097519,6871446,1412427,2883852,2883852,0,673765,620676,53089,19332160,1151564,1230774,5116621,9320661,8473962,630287,8943757,8920289,6205985,2084126,149084,481094,23468,68540550,45669465
2018:Q4,SomeCollege,19351133,6543173,5233656,1309517,12807960,1759732,208290,520283,520283,0,163303,143921,19383,2167212,291868,507242,1099961,4217591,1564892,307586,3169558,3163297,1986028,1092327,38329,46612,6261,16181575,36277959
2018:Q4,HS,13049612,4877855,3847477,1030379,8171757,1137245,97238,221542,221542,0,121059,113154,7906,1364971,221745,380045,800138,2471396,1113589,242789,2314042,2309340,1569927,647162,68064,24186,4703,10735570,31424101
2018:Q4,NoHS,2951883,1414633,1095259,319374,1537250,258565,11710,33189,33189,0,1510,480,1030,214287,44695,69840,159210,477030,194083,73132,564986,564039,359678,183426,14848,6087,946,2386897,14618438
2019:Q1,College,81521104,20392853,17548094,2844760,61128251,7016035,1513911,3043244,3043244,0,663250,612012,51238,22162742,1176870,1282410,5575814,9466317,8593924,633733,8950328,8925684,6225769,2089329,133659,476926,24644,72570776,46009986
2019:Q1,SomeCollege,20103404,6544726,5213027,1331699,13558677,1819427,222716,547663,547663,0,166817,146515,20302,2569683,295613,534195,1217523,4275754,1597758,311528,3174594,3168219,1984192,1091682,46692,45654,6375,16928809,36413112
2019:Q1,HS,13558565,4906940,3859248,1047692,8651625,1169728,100803,234776,234776,0,125753,117840,7914,1652001,226602,401655,872063,2484111,1145104,239029,2303377,2298484,1585519,635730,53789,23446,4893,11255188,31440740
2019:Q1,NoHS,2879459,1383377,1059596,323781,1496081,253274,11476,29957,29957,0,1571,343,1228,233060,42806,63624,148476,450035,190256,71546,551472,550547,351457,177729,15168,6193,925,2327986,14344511
2019:Q2,College,83492650,21062343,18196553,2865790,62430307,6885212,1481220,3245929,3245929,0,667645,618496,49149,22818915,1189118,1313476,5757293,9577940,8853469,640090,9044217,9020136,6275104,2120722,137223,487088,24081,74448433,46362656
2019:Q2,SomeCollege,20610611,6752453,5410513,1341939,13858159,1822346,217219,583083,583083,0,171340,149965,21376,2668937,296816,546322,1252456,4315530,1667558,316552,3203935,3197591,1995375,1108492,46560,47163,6344,17406676,36528577
2019:Q2,HS,13967355,5084116,4023524,1060592,8883239,1167441,97998,250758,250758,0,129222,121279,7943,1740845,229522,413606,901717,2517089,1198435,236605,2345036,2340186,1614308,645480,57776,22623,4850,11622318,31466976
2019:Q2,NoHS,2818756,1389744,1071469,318275,1429012,244095,9878,25228,25228,0,1665,220,1445,232823,40769,56565,135288,423115,189263,70323,546315,545447,346177,177413,15179,6678,868,2272441,14067630
2019:Q3,College,83876896,21104531,18202734,2901797,62772366,6848509,1680071,3278892,3278892,0,683253,636451,46802,22654170,1202262,1334737,5819672,9687021,8938879,644899,9146208,9121415,6333742,2165487,130252,491935,24792,74730689,46729175
2019:Q3,SomeCollege,20769196,6808902,5463727,1345175,13960295,1842978,245352,584058,584058,0,176704,154039,22665,2651909,297918,551079,1251022,4350076,1688578,320620,3239069,3232659,2006989,1127482,50491,47698,6410,17530127,36622805
2019:Q3,HS,14094901,5095884,4019368,1076516,8999017,1177034,105589,256859,256859,0,131809,123810,7999,1754591,232533,420873,913276,2548131,1224907,233415,2374005,2369028,1640925,654430,51847,21825,4977,11720896,31496738
2019:Q3,NoHS,2703441,1344484,1043250,301235,1358956,236408,10475,24672,24672,0,1804,107,1696,225959,38791,49280,121551,396654,184482,68881,540116,539279,340321,176749,15211,6997,838,2163324,13793728
2019:Q4,College,86403232,21127195,18175819,2951376,65276037,7170582,1777945,3199937,3199937,0,686339,638430,47909,24290557,1225849,1363865,6132380,9835600,8931078,661905,9278876,9253933,6409582,2207118,136385,500848,24944,77124356,47111144
2019:Q4,SomeCollege,21161867,6775471,5427941,1347530,14386396,1902243,255175,546471,546471,0,163113,142906,20207,2874299,294004,563401,1349988,4398006,1715032,324665,3265533,3259239,2028569,1134881,50307,45482,6294,17896334,36694265
2019:Q4,HS,14211718,5035775,3954718,1081057,9175943,1215885,113698,255591,255591,0,130241,121177,9064,1865666,229828,416438,925308,2546367,1236246,240675,2377832,2372958,1623859,674125,52467,22506,4874,11833886,31524615
2019:Q4,NoHS,2634571,1304746,1013366,291380,1329825,234538,11037,26144,26144,0,1521,112,1408,224570,36567,46706,114692,382752,182056,69241,527436,526652,329311,176066,15039,6235,784,2107136,13528237
2020:Q1,College,81843858,21835501,18840281,2995220,60008358,7512154,2147621,3149654,3140420,9234,830394,781366,49028,18871131,1239822,1308316,5378721,9890142,9014535,665868,9370775,9343509,6473054,2191721,160202,518532,27265,72473084,47509758
2020:Q1,SomeCollege,20444708,6948504,5600538,1347966,13496204,1962509,303379,515813,514615,1198,158930,140898,18031,2126583,288109,517644,1139533,4396658,1764484,322562,3240777,3234446,2041916,1104608,43198,44724,6331,17203931,36741486
2020:Q1,HS,13627961,5132393,4048928,1083464,8495568,1255931,133369,255328,254712,616,118157,108159,9998,1342099,225593,373685,782086,2506441,1260970,241910,2349317,2344268,1600609,651536,69001,23121,5049,11278644,31547831
2020:Q1,NoHS,2538930,1303352,1020466,282886,1235577,232778,14051,26871,26813,58,1345,162,1184,171603,34312,40431,102338,362429,181479,67940,504044,503272,317513,165254,14786,5719,771,2034886,13274593
2020:Q2,College,87812202,22254871,19242381,3012490,65557331,8219530,2321965,2858056,2749193,108863,836358,786606,49752,22814254,1283323,1395335,6084695,10014953,9047623,681240,9428248,9401499,6554632,2180551,156160,510155,26749,78383954,47926113
2020:Q2,SomeCollege,21449807,7046276,5708103,1338173,14403531,2090709,322686,443328,427946,15382,146979,130982,15997,2653445,286791,567560,1345162,4423613,1798140,325119,3234079,3227926,2059792,1081483,47310,39342,6153,18215728,36763012
2020:Q2,HS,14156907,5174395,4097240,1077156,8982512,1338937,144436,237809,230192,7617,116823,106033,10789,1656265,225365,394487,851650,2491507,1277186,248047,2310488,2305634,1579438,642233,60064,23900,4853,11846419,31564270
2020:Q2,NoHS,2527654,1287727,1014930,272797,1239927,234997,15190,32579,31949,630,1113,165,948,188461,32440,40621,98855,347653,179961,68057,484912,484203,306706,158198,14730,4570,709,2042742,13035734
2020:Q3,College,91619715,23197801,20065109,3132692,68421914,8455688,2193136,2731770,2731770,0,809210,758459,50752,24914880,1325962,1455648,6421291,10125650,9283509,705171,9650967,9624284,6691098,2219501,150169,563517,26683,81968749,48361301
2020:Q3,SomeCollege,22146487,7279900,5916986,1362914,14866587,2123297,298909,408687,408687,0,133905,119669,14236,2922745,284863,598148,1441984,4438649,1884455,330946,3278221,3272220,2095927,1080437,51191,44665,6001,18868266,36757388
2020:Q3,HS,14526261,5325809,4224213,1101596,9200452,1362901,142511,230373,230373,0,117695,106191,11505,1802915,224751,402662,866746,2468835,1323364,257698,2297836,2293123,1566560,651830,50500,24232,4713,12228424,31571817
2020:Q3,NoHS,2518945,1302264,1029834,272430,1216681,231893,13590,31066,31066,0,952,158,794,191489,30619,39632,93527,332388,182356,69170,474094,473438,298033,155852,14579,4973,657,2044850,12814595
2020:Q4,College,98219560,24065998,20820690,3245308,74153562,9019062,2117861,2768857,2768857,0,853620,802161,51458,28969884,1382364,1510588,7008684,10306445,9499930,716267,9894620,9868563,6830381,2248968,155526,633688,26057,88324940,48816418
2020:Q4,SomeCollege,23233955,7479599,6096585,1383013,15754356,2214525,282794,398630,398630,0,125373,112782,12591,3445050,284668,623785,1605845,4480311,1962631,330744,3312545,3306738,2125223,1077688,51199,52627,5807,19921410,36723156
2020:Q4,HS,15129603,5453725,4331160,1122565,9675877,1424068,142417,234106,234106,0,113460,101354,12106,2116037,225735,407767,915628,2469966,1365283,261409,2287060,2282559,1540438,667129,50498,24493,4502,12842542,31568356
2020:Q4,NoHS,2525227,1310100,1038713,271387,1215127,232249,12551,29712,29712,0,806,173,634,207249,28984,38441,89629,322321,184397,68787,463202,462604,287153,155241,14464,5747,598,2062026,12614114
2021:Q1,College,102751844,25288833,21946725,3342109,77463010,9701658,2194204,2251663,2251663,0,874251,820445,53806,31402135,1403405,1521416,7237381,10450336,9701499,725063,10083036,10054931,6952611,2260621,155183,686516,28106,92668807,49292558
2021:Q1,SomeCollege,23969375,7775450,6374855,1400595,16193925,2322604,287327,307076,307076,0,116257,104855,11402,3737814,278378,619195,1663883,4498701,2033558,329131,3322471,3316685,2146860,1059762,52669,57394,5786,20646904,36658863
2021:Q1,HS,15537722,5655276,4517093,1138183,9882446,1496413,148738,195588,195588,0,111166,98336,12830,2280964,221638,393037,913396,2454176,1403483,263848,2252984,2248369,1515396,661843,46274,24855,4615,13284738,31551771
2021:Q1,NoHS,2543938,1341501,1067170,274331,1202437,233681,12822,31490,31490,0,862,179,683,211801,27108,35510,84449,310243,186258,68213,448785,448202,277538,150264,14317,6083,583,2095152,12437226
2021:Q2,College,108856350,27482844,23922725,3560119,81373506,9811117,2185972,2188668,2122982,65685,908422,852763,55659,34057447,1445015,1569108,7631815,10614894,10227846,733202,10566921,10539216,7295085,2377401,155348,711382,27706,98289429,49790816
2021:Q2,SomeCollege,25091862,8340766,6883771,1456994,16751096,2320152,280077,283805,277234,6570,108177,97963,10215,4048006,274921,637457,1763947,4519892,2187846,326816,3462982,3457385,2249188,1097098,53744,57355,5597,21628880,36563052
2021:Q2,HS,16232705,6081121,4892669,1188453,10151584,1500283,151036,189530,185438,4092,107958,94509,13449,2459208,220049,393712,932663,2442848,1488577,265720,2321591,2317165,1532233,716889,42728,25315,4426,13911114,31519946
2021:Q2,NoHS,2618428,1425097,1137703,287394,1193331,230053,12412,30733,30435,299,867,189,679,217692,25486,34155,80278,300000,193993,67662,455523,454991,276187,158841,14181,5783,532,2162905,12286870
2021:Q3,College,111761471,28862017,25132072,3729945,82899454,9984169,2136759,2281762,2148313,133449,964594,907005,57590,34554847,1473673,1597904,7630408,10749652,10775261,750426,10839309,10811324,7476558,2436616,164120,734031,27984,100922163,50312285
2021:Q3,SomeCollege,25544773,8648838,7157406,1491433,16895934,2326070,267315,283501,269592,13909,101444,92318,9126,4064773,269052,642166,1750311,4520927,2342570,327805,3506744,3501299,2292183,1099399,52869,56847,5446,22038028,36434267
2021:Q3,HS,16474985,6304511,5082511,1222000,10170474,1509873,151149,195562,187111,8452,103453,89422,14030,2447735,216480,385628,898183,2417140,1574144,271128,2339052,2334737,1533411,730457,45117,25753,4314,14135933,31470766
2021:Q3,NoHS,2635877,1465605,1171805,293801,1170272,227489,11719,30015,29441,574,891,205,686,210502,23836,32124,74984,288389,202122,68202,452340,451847,273583,158621,14194,5449,494,2183537,12165980
2021:Q4,College,115441147,29591015,25678195,3912820,85850132,10427599,2217434,2002284,2001978,306,994698,935287,59411,36307855,1502541,1617486,7986409,10938420,11092092,763315,11132439,11103986,7674412,2496078,191033,742463,28453,104308708,50858061
2021:Q4,SomeCollege,26002230,8757540,7231691,1525848,17244690,2376157,271277,240229,240206,23,93801,85703,8098,4234824,262846,639821,1830452,4538579,2430222,326482,3545717,3540416,2335657,1103731,47075,53954,5300,22456513,36271053
2021:Q4,HS,16682621,6363724,5106663,1257060,10318897,1547700,156917,174789,174771,18,100621,86069,14552,2538515,212686,373092,910071,2407451,1622748,274305,2375589,2371368,1532941,752218,59991,26218,4221,14307031,31402115
2021:Q4,NoHS,2631046,1471634,1171408,300227,1159412,227717,12067,28311,28310,1,899,213,687,211446,22266,29824,71346,280668,206480,68388,451787,451327,271480,160693,14333,4822,459,2179260,12077495
2022:Q1,College,116338303,31756329,27646979,4109350,84581974,10716022,2197606,2107900,2107900,0,1112424,1053828,58597,34709378,1510154,1584558,7651089,10834821,11382961,775062,11368479,11338229,7852541,2537971,198298,749418,30250,104969825,51429237
2022:Q1,SomeCollege,26028721,9236152,7672333,1563819,16792569,2394002,262001,243162,243162,0,89633,82802,6831,3972115,253195,604010,1721601,4423236,2505427,324186,3570504,3565280,2373859,1094117,46525,50779,5225,22458217,36071953
2022:Q1,HS,16654558,6700420,5406456,1293963,9954138,1565775,157761,182336,182336,0,91670,77025,14645,2348351,205970,338388,832955,2289491,1664836,276604,2387784,2383510,1544444,751630,60782,26655,4274,14266773,31311876
2022:Q1,NoHS,2658107,1550532,1239829,310703,1107575,227151,11673,27711,27711,0,703,246,457,193345,20617,25643,65694,255664,210776,68598,450653,450208,273144,158502,14378,4183,445,2207454,12024351
2022:Q2,College,112160202,33544343,29313706,4230637,78615859,10670495,2249904,2330159,2330159,0,1080848,1023501,57346,29036112,1503887,1538491,6855056,10702530,11855610,792767,11647145,11617254,8077794,2614827,211823,712810,29892,100513056,52026909
2022:Q2,SomeCollege,25274307,9575150,8007399,1567751,15699157,2350580,261522,258880,258880,0,80032,74381,5651,3213024,241363,560237,1495195,4293149,2621469,323705,3607350,3602330,2415376,1102267,44036,40650,5020,21666957,35835513
2022:Q2,HS,16142772,6951864,5645807,1306057,9190908,1545555,161624,198617,198617,0,92253,77661,14591,1837575,197384,298477,702016,2146434,1730073,280902,2416459,2412382,1540259,779025,65807,27291,4077,13726313,31197935
2022:Q2,NoHS,2636419,1602099,1292545,309554,1034321,224553,11853,27089,27089,0,466,238,227,153294,18948,21098,58762,230117,218556,69585,452761,452359,272285,163008,14456,2610,402,2183658,12009485
2022:Q3,College,110477789,33118275,28754079,4364196,77359514,10559376,2326789,2796429,2796429,0,1027667,971262,56404,27710197,1519948,1516742,6610135,10646005,11833461,812765,11935153,11904923,8286495,2685911,218816,713701,30230,98542636,52652170
2022:Q3,SomeCollege,24408402,9183620,7608664,1574956,15224782,2293739,263531,300525,300525,0,70269,65639,4630,2999684,232532,531274,1414268,4191238,2604234,323487,3627185,3622335,2439413,1102780,43599,36543,4849,20781217,35560277
2022:Q3,HS,15485117,6653069,5333444,1319625,8832048,1516982,166286,232578,232578,0,93598,79086,14512,1684753,191407,268676,642288,2028448,1721439,285593,2412370,2408415,1515826,798885,66002,27702,3954,13072747,31058176
2022:Q3,NoHS,2525800,1537985,1225270,312715,987814,222191,12241,25039,25039,0,278,225,52,139402,17504,17543,54152,209726,218757,70982,451995,451625,268456,166711,14593,1866,370,2073805,12035833
2022:Q4,College,111810340,32453289,28034620,4418669,79357051,10321920,2461325,3525389,3525389,0,979721,924939,54782,29127940,1543282,1531201,6920273,10549375,11562747,833878,12072532,12044328,8415153,2744932,231540,652703,28205,99737808,53029276
2022:Q4,SomeCollege,24388831,9052802,7468905,1583897,15336030,2241592,277828,382662,382662,0,68116,63664,4451,3146931,234295,534313,1481111,4122718,2517025,329439,3654145,3649421,2461219,1122120,39785,26298,4724,20734686,35576828
2022:Q4,HS,15389902,6553485,5234661,1318824,8836417,1474942,170446,281983,281983,0,94975,80896,14080,1770217,191824,269242,669780,1960654,1662252,290104,2431320,2427630,1507855,818365,73512,27899,3690,12958582,30888314
2022:Q4,NoHS,2515002,1535591,1217666,317925,979411,220890,13211,18071,18071,0,213,213,0,147184,17688,17866,55399,201488,214369,73031,458277,457935,269867,173023,14605,441,342,2056725,12118567
2023:Q1,College,114935694,32807145,28308482,4498663,82128549,10066306,2754562,4036797,4036797,0,955852,900759,55093,30911861,1579102,1586661,7278439,10678492,11430831,849647,12150661,12121531,8508810,2752941,212412,647367,29131,102785033,53605688
2023:Q1,SomeCollege,24675619,9069149,7474285,1594863,15606470,2182524,310174,439244,439244,0,66789,62353,4436,3327466,237195,559418,1555245,4136669,2459225,332521,3648587,3643838,2458199,1114564,46193,24882,4749,21027032,35639979
2023:Q1,HS,15567662,6565849,5236168,1329680,9001813,1437711,181798,314048,314048,0,95902,81867,14034,1888068,194408,286333,704668,1975901,1629592,293384,2392054,2388294,1485173,815992,59298,27831,3760,13175608,30948514
2023:Q1,NoHS,2460422,1502750,1190610,312140,957672,212553,14887,9570,9570,0,199,199,0,151950,17387,19004,54989,199559,205462,72114,441875,441532,258483,168488,14311,250,343,2018547,11852890
2023:Q2,College,119355831,34599440,30036204,4563236,84756391,9946416,2924756,4073790,4073790,0,958242,903663,54579,32689321,1602096,1628555,7621126,10784800,11666239,861049,12270784,12241605,8597944,2780386,205216,658059,29179,107085047,53830411
2023:Q2,SomeCollege,25413962,9458786,7850405,1608382,15955176,2152857,328779,441282,441282,0,66555,62188,4367,3518662,239140,579742,1631564,4157632,2503845,335119,3672722,3667988,2470386,1123111,48133,26358,4734,21741241,35604521
2023:Q2,HS,16093322,6889939,5550536,1339403,9203383,1417301,187774,314594,314594,0,95313,81443,13870,2010476,195917,299836,739697,1994644,1651972,295860,2396283,2392540,1479711,831090,54124,27615,3743,13697039,30884925
2023:Q2,NoHS,2569771,1593769,1276943,316825,976002,211108,16069,8988,8988,0,199,199,0,160883,17483,20297,55961,203669,208440,72905,444827,444485,257657,172085,14275,468,342,2124944,11855758
2023:Q3,College,118591840,34992695,30415504,4577191,83599145,9828203,3097824,4153654,4153654,0,891311,836599,54711,31565072,1593558,1747161,7456693,10699976,11694630,871062,12400199,12370397,8698643,2788039,202506,681209,29802,106191641,53992872
2023:Q3,SomeCollege,25291543,9518839,7913199,1605639,15772704,2125655,348059,449022,449022,0,63844,59482,4362,3373328,237076,645514,1584479,4107259,2500879,337590,3700872,3696122,2491457,1125977,48755,29932,4750,21590671,35574365
2023:Q3,HS,16005878,6929143,5592784,1336358,9076735,1398192,193728,318142,318142,0,97672,83847,13825,1915094,193923,343669,716838,1953865,1647464,298147,2404828,2401038,1480448,841243,52054,27294,3790,13601049,30819978
2023:Q3,NoHS,2546212,1591266,1279080,312186,954946,207365,17112,7336,7336,0,179,179,0,152678,17189,24087,54678,195484,206003,72834,443214,442869,255136,172686,14082,966,345,2102997,11726106
2023:Q4,College,122310784,34740295,30150339,4589956,87570489,9882455,3262366,4443874,4443874,0,917325,862933,54392,34506530,1609085,1643747,8071778,10968913,11373509,890907,12500376,12469977,8770648,2816143,203082,680104,30399,109810408,54038408
2023:Q4,SomeCollege,25787231,9464212,7849809,1614403,16323019,2136426,367870,483940,483940,0,64870,60534,4336,3720533,239356,585892,1737850,4218051,2422991,345241,3737338,3732551,2513891,1140192,48744,29724,4787,22049893,35628232
2023:Q4,HS,16209291,6851474,5519209,1332265,9357817,1395660,198985,334502,334502,0,96111,82417,13694,2124802,194564,301630,783237,2030533,1593851,303943,2411346,2407516,1474623,853710,52024,27159,3830,13797944,30659815
2023:Q4,NoHS,2583500,1597139,1277192,319947,986360,210013,18511,1208,1208,0,188,188,0,169994,17471,20671,57189,212573,203049,75494,451616,451259,257896,178181,14241,942,356,2131884,11855093
2024:Q1,College,126658330,35496597,30862264,4634333,91161733,10070094,3322269,4358990,4358990,0,913808,859903,53905,37425840,1643787,1683362,8530821,11045511,11264547,902705,12563088,12531347,8804633,2804268,207281,715166,31740,114095243,54212764
2024:Q1,SomeCollege,26532445,9663908,8031453,1632455,16868538,2172164,375547,474371,474371,0,64903,60604,4299,4069590,244506,608735,1854487,4255131,2398859,350244,3745874,3741001,2523946,1133924,48108,35023,4873,22786571,35800413
2024:Q1,HS,16722441,7023551,5676006,1347546,9698890,1419122,201941,330112,330112,0,96727,83074,13652,2349802,199049,316599,837841,2056073,1582585,309038,2402560,2398580,1472906,844091,54501,27082,3981,14319881,30825691
2024:Q1,NoHS,2625393,1622981,1301756,321226,1002412,209817,18758,3411,3411,0,185,185,0,183846,17543,21744,58079,213723,199441,75864,444372,444002,254118,174080,14165,1639,370,2181021,11777755
2024:Q2,College,129074763,36757630,32091113,4666518,92317132,9854415,3396454,4515236,4515236,0,902626,849233,53392,38133677,1659438,1710862,8677933,11124314,11426335,915842,12688185,12656357,8901347,2819579,201287,734144,31828,116386578,54541170
2024:Q2,SomeCollege,26838782,9894097,8262918,1631179,16944684,2122957,381495,489348,489348,0,64064,59843,4221,4121298,244874,618362,1876260,4254208,2419231,352589,3759262,3754409,2533212,1134117,49596,37484,4853,23079520,35750264
2024:Q2,HS,17003049,7237750,5888300,1349450,9765300,1390982,203905,338201,338201,0,96906,83399,13507,2389402,199826,323927,849844,2063801,1596273,312231,2406793,2402822,1473793,851893,50230,26906,3971,14596256,30846895
2024:Q2,NoHS,2679081,1676954,1356031,320923,1002128,207002,19140,175,175,0,181,181,0,186086,17528,22354,58161,214578,200459,76464,445000,444632,253305,175264,14075,1987,368,2234081,11755160
2024:Q3,College,132835953,36705416,31994438,4710978,96130537,9884339,3568443,4741949,4741949,0,970591,918064,52527,40745710,1685469,1747219,9093537,11241320,11519152,932809,12829736,12799218,9001912,2861958,195509,739840,30518,120006217,54929120
2024:Q3,SomeCollege,27082054,9776432,8149438,1626995,17305622,2105465,397258,510624,510624,0,65804,61706,4098,4376157,245601,630240,1956126,4250881,2412617,354849,3763193,3758451,2534741,1135275,50677,37758,4742,23318861,35592696
2024:Q3,HS,17284240,7210854,5852332,1358521,10073386,1392099,210033,351216,351216,0,93912,80578,13334,2580326,202367,335459,895385,2089743,1605098,317748,2418266,2414438,1483663,857540,46361,26874,3827,14865974,30990157
2024:Q3,NoHS,2641503,1636187,1319300,316887,1005316,203150,19952,0,0,0,194,194,0,195469,17323,22917,58125,214356,197526,76304,438982,438639,249846,172991,13771,2031,344,2202521,11577298
2024:Q4,College,133636586,36620784,31830560,4790224,97015802,10087628,3828782,4688825,4688825,0,741473,689715,51758,41197893,1697695,1726095,9113705,11360480,11621924,951302,12860089,12829427,9115541,2834246,102592,777048,30662,120776497,55311050
2024:Q4,SomeCollege,26991579,9677569,8042005,1635564,17314010,2120441,423854,499448,499448,0,56549,52556,3993,4386721,245013,610861,1941924,4257323,2413515,358362,3752857,3748141,2542039,1111623,51695,42783,4717,23238722,35508768
2024:Q4,HS,17225154,7127980,5760392,1367588,10097174,1401593,217771,345089,345089,0,100692,87598,13095,2589668,201965,322914,889038,2102191,1604573,321678,2345416,2341606,1475930,834200,4970,26507,3810,14879738,30923930
2024:Q4,NoHS,2621272,1613153,1295340,317813,1008118,203038,21615,0,0,0,136,136,0,195693,17239,21806,57691,216663,197082,77154,429189,428848,247656,167990,10480,2721,342,2192082,11535374
2025:Q1,College,132975142,37104471,32237956,4866515,95870671,10320689,3902759,4691804,4691804,0,776710,725937,50773,39910524,1677828,1717451,8914759,11407264,11586644,964241,12882870,12849702,9164408,2852158,53186,779950,33169,120092272,55830718
2025:Q1,SomeCollege,26916358,9779902,8115301,1664601,17136456,2158191,431626,498595,498595,0,58037,54136,3901,4229339,242178,602169,1888175,4267289,2398259,362597,3746358,3741500,2549200,1114694,34989,42617,4858,23170000,35785366
2025:Q1,HS,17168478,7219242,5836348,1382894,9949236,1421338,219960,344108,344108,0,100112,87222,12890,2477041,198798,315505,860811,2094313,1592561,324689,2334780,2330726,1474032,830108,0,26586,4053,14833698,31065507
2025:Q1,NoHS,2622529,1628060,1300947,327113,994469,203874,21903,0,0,0,144,144,0,187221,17012,21036,56884,213953,194909,77533,422018,421650,246121,166411,6456,2662,368,2200511,11535909
2025:Q2,College,138519844,37993384,33020560,4972824,100526461,10328609,3946515,4856739,4856739,0,765165,715269,49896,43574868,1704869,1768260,9542672,11488014,11576060,974689,12990591,12957804,9248533,2867427,26701,815143,32787,125529253,56199910
2025:Q2,SomeCollege,27768387,9987967,8290259,1697708,17780420,2161268,436249,517353,517353,0,57649,53827,3822,4644472,245693,627740,2037976,4294372,2391448,366201,3764805,3759949,2570856,1121653,20149,47290,4857,24003582,35995234
2025:Q2,HS,17721129,7391820,5982399,1409421,10329309,1422384,221685,353704,353704,0,100725,87986,12739,2744145,201603,331809,930204,2106327,1588882,327841,2351148,2347135,1482353,838203,0,26580,4012,15369982,31220512
2025:Q2,NoHS,2706231,1681707,1344723,336984,1024523,205644,22271,0,0,0,141,141,0,206622,17294,22564,58995,216521,195722,78749,425100,424735,248839,169023,3595,3279,365,2281131,11661115
2025:Q3,College,143862180,37929357,32863581,5065777,105932822,10378982,4105881,4905997,4905997,0,764900,716535,48365,47825919,1726448,1815587,10041719,11589085,11792030,986275,13182858,13152435,9355103,2908019,21043,868270,30423,130679322,56653924
2025:Q3,SomeCollege,28283419,9902045,8193800,1708245,18381375,2153079,450750,518392,518392,0,57174,53514,3660,5087205,246464,646384,2139830,4294939,2419898,367261,3779825,3775111,2579258,1125358,16230,54265,4714,24503595,35969875
2025:Q3,HS,18045522,7320782,5895966,1424816,10724740,1420255,226160,354577,354577,0,100227,87829,12398,3042120,202779,345313,980375,2115646,1607486,329804,2356610,2352860,1485977,840565,0,26318,3749,15688912,31269928
2025:Q3,NoHS,2696057,1651674,1316523,335151,1044384,203900,23089,0,0,0,140,140,0,225226,17222,23590,59607,216572,196375,78664,423221,422889,247509,168325,2858,4197,332,2272836,11596365
2025:Q4,College,145830353,37798747,32648451,5150297,108031605,10678271,4339152,4991416,4991416,0,743156,695904,47252,49085760,1733910,1796112,10187532,11685597,11786348,1004350,13337381,13305287,9429954,2944099,18678,912555,32094,132492972,56676495
2025:Q4,SomeCollege,28637970,9909396,8176087,1733309,18728574,2205925,479051,529958,529958,0,56389,52811,3577,5245672,248104,637523,2181479,4344317,2425370,374786,3832319,3827512,2609182,1142903,14624,60803,4808,24805651,36082856
2025:Q4,HS,18043428,7222046,5787641,1434406,10821382,1437919,232164,356492,356492,0,99556,87462,12095,3111242,201945,335475,989005,2130270,1593509,333805,2358515,2354628,1480138,848552,0,25938,3887,15684914,31025346
2025:Q4,NoHS,2698192,1638974,1303438,335536,1059219,205599,24734,0,0,0,135,135,0,231167,17230,22931,59818,221546,195905,80153,426880,426529,247871,171076,2556,5026,351,2271312,11578827
