Date,Category,Assets,Nonfinancial assets,Real estate,Consumer durables,Financial assets,Deposits,Money market fund shares,Debt securities,U.S. government and municipal securities,Corporate and foreign bonds,Loans (Assets),Other loans and advances (Assets),Mortgages,Corporate equities and mutual fund shares,Life insurance reserves,Annuities,DC pension entitlements,DB pension entitlements,Miscellaneous other equity,Miscellaneous assets,Liabilities,Loans (Liabilities),Home mortgages,Consumer credit,Depository institutions loans n.e.c.,Other loans and advances (Liabilities),Deferred and unpaid life insurance premiums,Net worth,Household count
1989:Q3,age70plus,3964195,1166145,1004870,161275,2798049,954231,60313,363993,310861,53132,46923,26693,20230,471603,35229,8845,14538,473268,341720,27387,103942,102390,41518,36498,366,24009,1552,3860252,13621435
1989:Q3,age55to69,8015958,2365520,1902011,463509,5650438,981987,169960,356881,312107,44774,189728,111162,78566,753803,100229,132425,190823,1700516,1016071,58016,428739,424348,292769,91039,1106,39433,4391,7587219,19197157
1989:Q3,age40to54,7781764,3146215,2473161,673054,4635549,657246,95709,240293,174265,66028,46111,27532,18579,643636,130709,157287,362344,1092225,1128801,81189,1242232,1236409,872870,300369,1620,61548,5824,6539532,24579466
1989:Q3,ageunder40,3830839,2111469,1513126,598342,1719371,363004,36662,85305,76683,8622,11104,3475,7629,221402,94025,30275,117486,216322,483030,60757,1377860,1373651,1003997,356301,1440,11913,4209,2452979,35622043
1989:Q4,age70plus,4086314,1223291,1051145,172146,2863023,971009,65454,365585,310197,55387,55561,32333,23228,477456,36885,9102,14328,485912,353383,28348,102166,100395,39786,37263,356,22990,1771,3984148,13724617
1989:Q4,age55to69,8183753,2410777,1943690,467087,5772976,988592,172319,359041,311310,47731,197990,119462,78528,790000,106824,136831,200970,1729612,1031247,59550,451807,447105,306706,99589,1092,39718,4702,7731946,19250073
1989:Q4,age40to54,7886532,3140459,2467047,673412,4746073,669571,100440,248218,181160,67058,49001,30559,18442,659090,132872,164574,377366,1133003,1129744,82192,1268871,1262903,895256,304192,1537,61918,5967,6617661,24596086
1989:Q4,ageunder40,3888897,2145373,1532435,612937,1743525,370876,39023,85065,76099,8966,11951,4309,7642,225559,95050,30533,122532,218540,482451,61946,1404700,1400491,1018833,368241,1405,12012,4208,2484198,35691463
1990:Q1,age70plus,4095086,1233226,1049868,183358,2861860,977917,73354,359873,306684,53189,71561,45049,26511,430801,37033,9352,12091,496090,363301,30488,100805,99166,40916,34506,442,23302,1640,3994281,13824828
1990:Q1,age55to69,8222645,2429677,1949265,480412,5792968,982430,179923,353184,306024,47160,211924,133331,78592,757779,111524,141063,199305,1750847,1042909,62080,472974,468267,325755,98684,1381,42447,4707,7749671,19289216
1990:Q1,age40to54,7949300,3161312,2477835,683477,4787988,671069,108011,250287,186647,63640,53654,35381,18273,634195,133789,171956,379448,1171311,1130156,84112,1293039,1287232,928077,294550,1872,62732,5807,6656261,24635411
1990:Q1,ageunder40,3891296,2155753,1536016,619737,1735543,369055,42371,85869,75701,10168,14105,6432,7673,210736,95648,30770,123356,219693,480029,63910,1423568,1419426,1040651,364580,1762,12433,4142,2467728,35754314
1990:Q2,age70plus,4195077,1281744,1087984,193760,2913333,985448,72054,368517,313307,55209,76865,47226,29639,438856,37686,10096,10288,507279,375757,30487,101325,99692,42727,33881,361,22723,1633,4093752,13922138
1990:Q2,age55to69,8356025,2470559,1988502,482058,5885466,976543,168329,366770,316653,50117,213352,135249,78103,797946,116787,151268,200552,1773741,1057499,62678,492918,488101,340813,102607,1148,43532,4817,7863107,19315451
1990:Q2,age40to54,8036781,3149506,2465851,683655,4887274,674074,106219,263375,199003,64372,55432,37269,18164,653699,135283,183941,385383,1212362,1132949,84557,1321561,1315799,957865,293107,1483,63344,5762,6715220,24696454
1990:Q2,ageunder40,3919755,2175740,1542826,632914,1744015,367895,42353,85097,74463,10634,14239,6590,7649,215937,96364,31863,125274,221226,479344,64423,1441808,1437711,1054512,369117,1443,12639,4098,2477947,35810795
1990:Q3,age70plus,4147267,1291222,1091400,199822,2856045,995279,79259,376964,322058,54906,84229,51260,32969,328541,37815,9969,6735,516629,389150,31476,97875,96267,42066,33687,158,20356,1608,4049392,14016614
1990:Q3,age55to69,8312283,2498054,2006218,491836,5814229,972980,173723,382550,331302,51248,215878,138276,77602,677947,121353,150669,191778,1790650,1072594,64107,509106,504197,354066,108275,510,41347,4909,7803176,19329642
1990:Q3,age40to54,8084493,3199682,2506494,693188,4884810,680503,113174,276658,213826,62832,57753,39716,18037,576774,136434,188277,380549,1251988,1136918,85781,1347536,1341830,983797,293931,622,63481,5705,6736957,24778227
1990:Q3,ageunder40,3899590,2189922,1558614,631308,1709668,369015,45424,84189,72619,11571,14698,7069,7629,177732,96929,31422,123668,221972,479034,65585,1460837,1456789,1067338,376409,628,12414,4049,2438752,35861104
1990:Q4,age70plus,4274585,1298910,1091768,207142,2975674,1011369,82814,396750,330925,65825,98577,62307,36269,373715,38020,10210,6491,526644,398706,32379,93536,91770,37908,33113,176,20572,1766,4181049,14108324
1990:Q4,age55to69,8480964,2492622,1994468,498153,5988343,976468,171545,408973,347015,61958,222126,145348,76778,770783,125954,154505,202887,1808374,1081307,65419,529444,524287,366000,113830,580,43877,5156,7951520,19332656
1990:Q4,age40to54,8260967,3203562,2503631,699931,5057405,694946,116492,301303,230004,71298,61633,43689,17944,630594,137775,196104,398643,1293925,1138977,87013,1370363,1364552,1005364,294077,674,64438,5811,6890604,24879743
1990:Q4,ageunder40,3930664,2190344,1556529,633816,1740320,376245,47154,80229,70214,10015,16400,8823,7577,197120,97502,31619,129174,222959,475241,66677,1481460,1477429,1080538,383371,707,12813,4031,2449204,35905440
1991:Q1,age70plus,4411527,1331954,1113448,218506,3079573,1020225,95965,382933,312705,70229,105292,66172,39120,449444,38248,10179,7383,536530,400987,32385,86199,84490,34377,29740,306,20067,1709,4325328,14197338
1991:Q1,age55to69,8643676,2500030,1999033,500997,6143646,970847,187281,384023,316638,67386,221656,146531,75125,904041,130523,154933,220620,1824828,1078972,65922,539689,534472,376841,111520,1032,45079,5217,8103987,19325357
1991:Q1,age40to54,8415854,3186681,2483616,703065,5229173,701673,129361,299730,226250,73480,64216,46231,17984,706982,139257,201615,424507,1337025,1137128,87680,1383021,1377285,1027434,283476,1144,65231,5736,7032833,25000014
1991:Q1,ageunder40,3973403,2196522,1551306,645216,1776882,376474,52262,81810,72059,9751,16651,9217,7435,226946,98071,31343,136963,223864,465326,67170,1486770,1482794,1091039,377471,1247,13037,3975,2486634,35944001
1991:Q2,age70plus,4437351,1357293,1132338,224955,3080058,1015189,93040,391024,316853,74170,108638,66225,42413,430377,39087,10328,5745,547062,407023,32546,85128,83510,35594,28362,93,19460,1618,4352223,14283725
1991:Q2,age55to69,8674885,2520515,2017097,503418,6154370,948537,172413,396748,324144,72604,218972,145163,73809,910435,135767,157481,223873,1842091,1081523,66529,556154,550908,390900,113597,321,46089,5246,8118732,19308610
1991:Q2,age40to54,8509517,3205344,2497634,707710,5304173,692908,126470,315034,240042,74992,66216,48266,17950,709251,141393,208950,434702,1382450,1138275,88524,1412193,1406556,1059881,280301,330,66044,5637,7097324,25138052
1991:Q2,ageunder40,3958179,2203357,1555742,647615,1754822,363383,51692,80018,70467,9551,16211,8876,7335,222753,98783,31373,139690,224998,458165,67758,1500852,1496938,1104276,379046,379,13238,3914,2457327,35976986
1991:Q3,age70plus,4497228,1360915,1130608,230307,3136313,1017249,94111,391394,323627,67767,118434,73211,45223,460296,38702,10407,5653,557278,410084,32707,90451,88924,39741,27642,77,21464,1527,4406777,14367551
1991:Q3,age55to69,8788216,2542698,2031333,511365,6245518,934504,165124,405925,336756,69169,218617,146916,71700,982479,139480,159122,236030,1857680,1079450,67108,567516,562243,394721,115457,271,51793,5273,8220700,19283281
1991:Q3,age40to54,8696693,3260851,2542359,718492,5435842,693061,127592,325246,257238,68008,69752,51693,18059,750089,142570,215822,455264,1428796,1138216,89434,1436061,1430521,1083858,278711,261,67692,5540,7260632,25292870
1991:Q3,ageunder40,3971262,2209401,1566090,643310,1761861,357269,52506,80586,68070,12517,16933,9787,7147,235888,99182,31283,145494,225976,448406,68338,1495104,1491253,1096183,380690,316,14064,3852,2476157,36004594
1991:Q4,age70plus,4670200,1385368,1148938,236429,3284833,1025753,96811,389711,323496,66216,135320,88402,46918,571653,38961,10526,6176,567620,408913,33388,95456,93989,42579,27564,148,23699,1467,4574744,14448887
1991:Q4,age55to69,9001220,2558104,2045213,512891,6443115,927797,160782,407637,337666,69971,219032,150881,68151,1159124,143909,161164,251550,1872813,1071206,68101,589744,584419,405671,120358,536,57854,5325,8411475,19250234
1991:Q4,age40to54,8927557,3285222,2561635,723588,5642335,701326,130417,334346,269407,64938,74841,56376,18465,849971,144424,223235,480033,1476724,1136243,90775,1472385,1466911,1116443,280553,480,69434,5474,7455172,25463479
1991:Q4,ageunder40,4021799,2219338,1574799,644539,1802461,357371,53888,80841,66757,14084,18980,12190,6790,276615,99734,31255,152419,226976,435132,69248,1509643,1505848,1103187,387106,617,14938,3795,2512156,36027023
1992:Q1,age70plus,4674126,1425819,1181200,244619,3248306,998985,104112,395316,325910,69405,130084,81277,48807,538995,39286,10482,3301,583220,410441,34084,100032,98600,51521,25065,173,21841,1432,4574093,14527800
1992:Q1,age55to69,8996080,2577539,2066477,511062,6418541,880679,164383,418660,343539,75121,210266,145528,64738,1150300,148360,161206,248475,1900653,1066483,69077,590276,584878,411019,116646,648,56565,5397,8405805,19210336
1992:Q1,age40to54,8995127,3291450,2566061,725390,5703677,669212,137874,350338,284925,65412,77003,58154,18849,846313,146444,229269,484721,1533894,1136423,92187,1497536,1492103,1149646,271867,533,70057,5433,7497591,25648893
1992:Q1,ageunder40,3985480,2231941,1580808,651133,1753539,324493,56882,79035,64678,14357,16855,10405,6450,268078,100296,30956,153018,230009,423758,70157,1495184,1491441,1096091,379774,735,14842,3743,2490296,36044472
1992:Q2,age70plus,4713522,1461726,1207624,254102,3251795,998452,101505,386077,316066,70011,137329,86648,50681,524167,38771,10682,1539,604165,414160,34950,106484,105072,57837,24164,221,22850,1412,4607038,14604359
1992:Q2,age55to69,9016185,2595942,2083799,512142,6420243,863798,150774,405282,327050,78231,205527,144301,61226,1164715,151763,164099,251723,1927883,1064515,70166,599755,594274,415180,117863,856,60375,5480,8416430,19164451
1992:Q2,age40to54,9101799,3304345,2574321,730025,5797454,668033,135638,352189,288534,63656,81188,61926,19261,856273,147831,237812,496875,1589506,1138331,93778,1526757,1521351,1179310,269847,639,71555,5406,7575043,25848123
1992:Q2,ageunder40,3981202,2239262,1582310,656951,1741940,316463,56364,80956,65514,15441,16998,10899,6099,265689,100650,31059,155777,232980,413840,71165,1489448,1485756,1088917,380457,958,15424,3692,2491754,36057140
1992:Q3,age70plus,4781142,1470037,1211441,258597,3311105,1002876,101310,383883,319236,64647,141648,89078,52570,546408,39794,10807,1080,624916,422506,35878,105529,104121,58237,23509,132,22243,1408,4675613,14678632
1992:Q3,age55to69,9137143,2627832,2106853,520978,6509312,852505,141561,410957,334765,76191,199191,141538,57653,1226681,156934,166036,262049,1953635,1068484,71280,615789,610214,426185,122201,532,61296,5576,8521354,19113443
1992:Q3,age40to54,9327997,3377460,2633357,744103,5950537,673070,135837,363882,306503,57379,85365,65672,19693,893691,150669,245807,517407,1646127,1143211,95471,1561366,1555971,1212561,270429,348,72633,5396,7766630,26060183
1992:Q3,ageunder40,4012478,2260383,1612337,648046,1752094,313099,56674,81479,63045,18434,16537,10797,5740,275797,101368,31034,160922,235803,407180,72202,1504540,1500896,1098896,385794,582,15623,3644,2507937,36065224
1992:Q4,age70plus,4921796,1480725,1217808,262917,3441071,1002860,98621,383422,319080,64342,139677,88642,51036,658918,42290,11438,2446,643215,421365,36817,108613,107153,62124,23429,188,21411,1460,4813183,14750693
1992:Q4,age55to69,9342804,2643759,2116450,527309,6699045,862716,137224,414571,335838,78734,199129,142380,56749,1352043,152848,175541,270417,2003636,1059330,71589,623828,618439,432227,122358,739,63115,5389,8718976,19058289
1992:Q4,age40to54,9599010,3450393,2697995,752399,6148617,689639,132239,361207,302170,59038,91515,71473,20042,998390,156830,255031,530215,1677782,1158303,97467,1602780,1597249,1241617,282331,552,72749,5530,7996230,26283958
1992:Q4,ageunder40,4066263,2270794,1619950,650844,1795469,318814,52179,84651,63450,21201,16034,10410,5624,302993,105373,32444,171017,247585,391279,73102,1521355,1517625,1104934,396651,831,15208,3730,2544908,36068966
1993:Q1,age70plus,5054491,1549908,1278267,271642,3504583,978161,101772,391604,313506,78098,147471,97900,49571,698753,44655,11732,5465,653782,433702,37486,110973,109449,66353,20112,312,22672,1524,4943518,14820630
1993:Q1,age55to69,9437510,2649740,2131603,518137,6787770,845775,142479,421074,326858,94217,202396,146453,55943,1385835,148557,180988,287568,2033833,1067602,71661,618952,613743,430775,113174,1194,68600,5209,8818558,19000402
1993:Q1,age40to54,9683920,3398875,2654496,744379,6285046,677847,134566,363194,292144,71051,98643,78259,20384,1053328,162978,261121,553941,1698628,1181478,99321,1623228,1617551,1261498,281510,1023,73520,5677,8060692,26517839
1993:Q1,ageunder40,4079794,2278196,1605739,672457,1801598,302120,49750,84496,65111,19385,17314,11795,5519,306018,109312,33299,184010,256370,385089,73820,1509033,1505215,1096078,392465,1388,15284,3818,2570760,36068776
1993:Q2,age70plus,5106105,1564492,1287237,277255,3541614,968502,100499,387256,302534,84722,154210,106154,48055,717775,47334,12047,6273,664358,445397,37963,111758,110170,69249,18860,284,21777,1588,4994347,14888536
1993:Q2,age55to69,9513674,2681138,2153341,527796,6832536,845869,140498,412085,308741,103344,205788,150674,55114,1394104,144589,186619,293003,2063779,1074631,71570,626048,621020,438789,110888,1056,70287,5028,8887626,18941304
1993:Q2,age40to54,9875831,3475881,2719087,756794,6399949,684282,132474,354953,276872,78081,105652,84908,20744,1094639,169502,267572,564856,1720158,1204779,101084,1663972,1658145,1293685,289757,1018,73685,5827,8211859,26760088
1993:Q2,ageunder40,4105881,2295022,1620421,674601,1810859,299443,45834,87062,67467,19595,18382,12971,5411,302344,113290,34184,192842,265149,377920,74408,1525804,1521900,1106623,399158,1260,14859,3905,2580077,36065106
1993:Q3,age70plus,5185686,1571849,1290016,281833,3613837,961587,100724,386551,292069,94482,148552,102055,46498,771305,50161,12524,7440,675313,460865,38812,113124,111472,68799,18447,328,23898,1653,5072562,14954504
1993:Q3,age55to69,9649577,2715743,2177101,538643,6933833,849381,140977,407765,292464,115301,204949,150673,54276,1443173,140764,194055,300367,2094532,1086096,71775,642064,637219,447136,111666,1185,77232,4845,9007513,18882520
1993:Q3,age40to54,10121037,3565977,2794555,771422,6555059,694594,131914,350320,262815,87505,110355,89236,21119,1160958,176248,275735,578550,1742818,1230416,103152,1707258,1701278,1323240,301986,1291,74760,5980,8413779,27008970
1993:Q3,ageunder40,4141672,2308517,1634349,674168,1833155,299519,42449,87298,69066,18232,17250,11949,5300,309519,117266,35321,202209,274066,373038,75220,1550504,1546514,1119356,410569,1458,15130,3990,2591168,36058406
1993:Q4,age70plus,5310426,1604902,1314104,290798,3705524,950606,104112,407009,293427,113582,147385,102464,44921,824753,53027,12623,7822,685254,473931,39003,118633,116915,71453,19944,330,25188,1718,5191793,15018628
1993:Q4,age55to69,9801070,2751286,2205202,546084,7049784,848848,146560,431164,296099,135065,205670,152213,53457,1491343,136973,197087,303584,2122863,1094233,71460,656850,652187,452169,116153,1155,82709,4663,9144221,18825571
1993:Q4,age40to54,10342515,3623671,2841849,781822,6718844,700549,134565,364677,261107,103570,115596,94095,21501,1228122,183112,280311,587649,1764381,1255105,104779,1756780,1750646,1352121,321503,1417,75605,6135,8585734,27262748
1993:Q4,ageunder40,4170572,2329132,1645587,683544,1841440,296113,40046,80794,68955,11839,16936,11745,5190,316470,121213,35848,209943,282587,365876,75615,1573249,1569173,1123933,428568,1467,15205,4076,2597323,36049131
1994:Q1,age70plus,5354417,1660197,1360692,299505,3694221,935850,108613,427606,308869,118736,146503,103106,43398,773223,54797,12664,7307,695528,492506,39623,115374,113586,71196,17395,449,24546,1788,5239043,15081000
1994:Q1,age55to69,9839299,2783697,2239085,544612,7055602,844667,153923,466992,323761,143231,206567,153833,52734,1417230,132010,199441,302082,2152236,1108956,71497,657675,653191,455842,110978,1527,84844,4484,9181624,18771981
1994:Q1,age40to54,10427600,3621062,2838190,782872,6806537,702302,138334,383535,273440,110095,120683,98810,21873,1220937,189057,284379,591101,1786763,1282706,106742,1785766,1779471,1376035,325394,2130,75911,6296,8641833,27519687
1994:Q1,ageunder40,4164152,2343571,1644402,699170,1820581,289478,37914,78763,66852,11910,16683,11593,5090,291110,124860,36275,215762,291229,362237,76270,1578013,1573853,1126882,430109,2021,14841,4161,2586139,36037730
1994:Q2,age70plus,5392109,1692862,1385486,307376,3699247,916372,108128,451173,327252,123921,141510,99729,41781,744856,56783,12477,8415,705213,514364,39955,120159,118297,75454,18178,582,24083,1862,5271950,15141714
1994:Q2,age55to69,9914869,2823965,2272475,551490,7090904,835873,153313,510102,358502,151600,205578,153620,51959,1370828,127331,199199,309311,2180616,1127428,71325,667993,663685,461133,113321,1919,87311,4308,9246876,18723274
1994:Q2,age40to54,10587087,3676674,2883255,793419,6910413,698495,137091,405349,288538,116812,124535,102270,22265,1229110,195249,286195,605543,1808437,1311894,108516,1835915,1829455,1407661,342470,3048,76275,6461,8751172,27778050
1994:Q2,ageunder40,4160228,2356576,1649247,707329,1803652,278757,34326,75266,63389,11878,15755,10774,4981,273212,128522,36332,224639,299642,360459,76742,1596901,1592655,1130868,444611,2657,14520,4245,2563327,36024658
1994:Q3,age70plus,5445706,1695270,1381732,313539,3750436,908152,111701,454493,330372,124120,138093,97966,40127,765134,62145,12582,10465,715563,531182,40926,123827,121894,78884,19460,608,22942,1934,5321879,15200863
1994:Q3,age55to69,10034357,2853217,2289704,563513,7181140,840114,159230,521906,365741,156165,205187,153995,51192,1381897,126251,202342,321670,2211200,1139671,71671,678920,674789,467063,117151,1934,88640,4131,9355438,18680973
1994:Q3,age40to54,10835349,3773216,2962822,810395,7062133,709017,139913,408361,288120,120241,128524,105860,22664,1273413,204580,290967,626771,1831190,1338626,110769,1887828,1881204,1439378,361926,3461,76439,6624,8947520,28036101
1994:Q3,ageunder40,4187409,2368451,1659384,709068,1818958,278602,31860,77489,62965,14524,15122,10252,4870,270323,132961,36853,235342,308303,354504,77600,1618802,1614473,1136219,461417,2787,14050,4329,2568607,36010364
1994:Q4,age70plus,5503062,1708980,1390301,318679,3794083,898315,118038,496213,359420,136793,135289,97034,38255,747575,63731,12265,8773,724481,547879,41524,133959,131954,83531,22561,742,25119,2006,5369103,15258539
1994:Q4,age55to69,10130815,2867796,2297281,570515,7263019,843282,169588,596549,425645,170904,204960,154711,50250,1349692,121246,200692,314213,2239206,1151835,71756,699186,695231,472258,124979,2280,95714,3955,9431629,18646600
1994:Q4,age40to54,11015807,3831164,3009193,821971,7184643,717912,145470,445863,313407,132457,132577,109472,23106,1288726,210500,291392,622556,1851677,1365214,112756,1949071,1942282,1471364,388707,4652,77559,6789,9066737,28292103
1994:Q4,ageunder40,4175046,2377993,1665023,712971,1797053,277225,30050,64884,54800,10084,14619,9884,4735,256178,136462,36687,238335,316417,347969,78226,1646402,1641990,1139290,484921,3461,14318,4412,2528644,35995302
1995:Q1,age70plus,5620073,1733277,1406253,327024,3886796,894140,124253,486069,346746,139323,134233,97651,36582,815653,67400,12496,12048,736223,561096,43185,131427,129336,84949,20503,805,23080,2091,5488646,15314836
1995:Q1,age55to69,10282505,2882731,2304454,578277,7399774,853478,179806,578588,400784,177804,205793,156229,49564,1417072,118463,205417,333443,2274923,1160108,72685,697196,693407,474703,120730,2378,95595,3790,9585309,18621679
1995:Q1,age40to54,11250346,3872171,3038674,833498,7378174,734480,150849,434660,296854,137807,136932,113434,23498,1370480,218364,297475,652988,1876324,1390093,115529,1980273,1973308,1495137,395225,5499,77446,6965,9270072,28544321
1995:Q1,ageunder40,4222790,2387720,1665822,721897,1835070,281365,28109,70715,59415,11300,14407,9780,4627,267630,140436,37407,251471,325598,338442,79490,1647679,1643182,1137646,488088,3795,13653,4497,2575111,35979922
1995:Q2,age70plus,5707195,1713029,1385462,327567,3994166,893219,132656,471810,343706,128105,131877,97013,34865,889267,72076,13218,15096,754446,575658,44843,131471,129291,84527,21244,938,22582,2180,5575724,15369848
1995:Q2,age55to69,10465833,2899082,2308989,590093,7566751,868153,193593,570673,396462,174212,205993,157106,48888,1490398,116752,215858,351601,2309758,1170329,73642,711528,707900,482615,124443,2661,98181,3628,9754305,18607733
1995:Q2,age40to54,11575877,3985234,3133747,851488,7590643,755824,158326,423813,290096,133718,140697,116805,23892,1456705,227190,308688,682213,1903528,1415362,118297,2030150,2023006,1524643,413560,7046,77756,7144,9545727,28791019
1995:Q2,ageunder40,4278591,2395295,1680111,715184,1883296,288878,26597,81259,60657,20601,13999,9483,4517,280438,144627,38917,264115,334312,329410,80744,1673358,1668777,1147050,503878,4517,13331,4581,2605233,35964678
1995:Q3,age70plus,5823095,1693075,1364164,328911,4130020,881487,137042,479101,341769,137332,129121,95998,33123,984023,74651,13600,19442,771612,595835,44107,139111,136842,87784,22883,1048,25127,2269,5683984,15423666
1995:Q3,age55to69,10606132,2842237,2243578,598659,7763895,871814,201101,581697,394682,187014,206026,157784,48242,1587180,112971,222520,376781,2343473,1187492,72838,732208,728740,490437,129406,2846,106051,3468,9873923,18606286
1995:Q3,age40to54,11834915,4016264,3151250,865014,7818651,763382,161771,428446,284463,143983,144130,119849,24281,1559080,234075,316345,720814,1928665,1442665,119280,2087975,2080651,1557795,435293,8642,78920,7324,9746940,29030460
1995:Q3,ageunder40,4283931,2366585,1654145,712440,1917346,286598,24052,79387,61501,17886,13545,9138,4406,299093,148299,39874,279399,342597,323939,80564,1699836,1695170,1154321,522017,5161,13671,4665,2584095,35950021
1995:Q4,age70plus,5983872,1715075,1385663,329412,4268797,886436,139367,504423,341007,163416,137066,103938,33128,1060365,74840,13970,19799,799300,588354,44877,141947,139653,86422,26771,1386,25074,2295,5841924,15476364
1995:Q4,age55to69,10896400,2873546,2264282,609264,8022854,879029,214092,608337,397280,211057,209385,162021,47364,1718837,114610,229421,394502,2381510,1199379,73752,755919,752416,502645,145130,3865,100776,3503,10140481,18618311
1995:Q4,age40to54,12074995,4054006,3175162,878844,8020989,766082,169027,446491,283116,163375,149816,126336,23480,1652504,238368,317129,757295,1943375,1460330,120573,2126187,2118790,1570734,453938,11931,82186,7398,9948808,29261532
1995:Q4,ageunder40,4367049,2375927,1664141,711787,1991122,291309,27256,64198,61405,2793,15806,11545,4261,334048,152388,40571,293882,342174,348469,81022,1728404,1723678,1160706,542321,7248,13402,4726,2638645,35936192
1996:Q1,age70plus,6083207,1762674,1429618,333056,4320532,900051,148147,492496,326676,165820,140343,107267,33077,1085396,73286,14361,19891,825924,575841,44796,145947,143633,85304,24839,1015,32474,2314,5937260,15527933
1996:Q1,age55to69,11111695,2921167,2300291,620876,8190529,896303,238333,590921,373920,217001,209884,163430,46454,1793873,114588,236680,411302,2418341,1206227,74077,783223,779686,521229,147505,2855,108097,3537,10328472,18642591
1996:Q1,age40to54,12245598,4081803,3189280,892523,8163795,780201,182861,435717,269280,166437,153698,131037,22662,1707520,241012,318079,792316,1955597,1475586,121207,2145872,2138406,1593217,449344,8231,87615,7466,10099726,29485617
1996:Q1,ageunder40,4457982,2387461,1671473,715987,2070521,303839,32178,66461,64143,2318,17471,13363,4108,353803,156060,41298,307972,341292,369171,80977,1744253,1739466,1179109,540519,5110,14727,4787,2713729,35922588
1996:Q2,age70plus,6155931,1779782,1450223,329559,4376149,899184,140426,514048,339258,174790,135497,102520,32977,1117424,72919,14673,18229,852347,566597,44804,152977,150638,88832,26752,1336,33717,2339,6002953,15578342
1996:Q2,age55to69,11338651,2963859,2330841,633018,8374792,898036,236303,630360,402737,227623,206349,160836,45513,1877161,115834,243159,419732,2455855,1217490,74515,807058,803481,536888,157689,3855,105049,3577,10531593,18677359
1996:Q2,age40to54,12438846,4146170,3238129,908042,8292676,775243,180552,453923,280102,173821,154862,133033,21828,1768224,244773,318196,816105,1966838,1492077,121885,2186659,2179121,1616616,459949,11265,91291,7538,10252188,29704722
1996:Q2,ageunder40,4514535,2389813,1681615,708198,2124722,303031,33254,61217,61217,0,17900,13952,3948,375255,160017,41897,318933,340277,391958,80985,1768727,1763879,1189872,552188,7092,14726,4848,2745808,35908392
1996:Q3,age70plus,6172314,1809855,1480338,329517,4362459,903727,140787,506408,346136,160272,132300,99441,32859,1092480,74543,14905,17373,878360,556059,45519,159973,157610,92787,28557,1456,34810,2362,6012342,15627562
1996:Q3,age55to69,11498093,3004321,2358007,646314,8493772,906112,248091,642364,421490,220874,203726,159157,44569,1895977,119141,248811,432791,2493424,1227814,75521,830593,826975,553279,167627,4286,101783,3618,10667501,18720848
1996:Q3,age40to54,12581009,4202997,3279229,923767,8378012,777519,186431,450971,285685,165286,156866,135890,20976,1784429,250442,317480,845931,1976934,1507923,123085,2226855,2219247,1641660,470247,12411,94929,7608,10354154,29920853
1996:Q3,ageunder40,4577330,2396095,1690518,705577,2181234,307087,36413,66902,59232,7671,18712,14928,3785,379621,164449,42363,331640,339052,413588,81408,1792580,1787672,1201636,563415,7929,14691,4909,2784750,35892792
1996:Q4,age70plus,6334266,1869648,1537977,331671,4464618,903654,143106,507860,353477,154383,149386,116633,32752,1138853,76458,13565,26694,900800,558262,45981,167199,164816,94311,31137,1170,38199,2383,6167066,15675563
1996:Q4,age55to69,11783223,3033603,2379697,653906,8749620,909425,263785,662229,442032,220198,209617,165971,43645,1996275,122798,236202,496037,2523618,1253264,76370,858582,854924,569161,179976,3472,102315,3658,10924641,18771290
1996:Q4,age40to54,12782907,4204574,3273121,931453,8578333,773926,194476,454106,291685,162421,165526,145427,20100,1857226,256432,300338,941480,1981129,1529600,124093,2263363,2255687,1662605,484297,9522,99263,7675,10519544,30136016
1996:Q4,ageunder40,4686634,2409209,1698310,710898,2277425,307036,40197,69010,56934,12075,23225,19604,3622,404648,168938,40284,362096,336475,443840,81677,1817323,1812354,1212554,578467,6198,15134,4969,2869311,35874971
1997:Q1,age70plus,6332510,1909620,1575761,333859,4422890,905844,147918,448887,333922,114965,140976,108429,32548,1126905,76979,13991,22634,927073,565030,46653,171243,168885,97725,28519,1563,41079,2358,6161266,15722315
1997:Q1,age55to69,11887204,3067338,2401695,665642,8819866,915459,284332,597534,406694,190840,204621,161995,42626,2029530,125109,244191,494007,2563306,1284376,77401,870134,866466,581038,178673,4762,101992,3669,11017069,18826920
1997:Q1,age40to54,12850185,4228968,3284828,944140,8621217,773508,205234,407850,273159,134691,166460,147232,19228,1883655,261152,301754,951522,1991104,1553712,125266,2280227,2272524,1679811,475874,13358,103481,7703,10569959,30352217
1997:Q1,ageunder40,4777479,2414707,1701303,713403,2362773,308960,44756,95940,61382,34557,23434,19988,3447,412093,173074,41055,369253,335236,476911,82061,1815239,1810216,1214875,571109,8768,15464,5022,2962241,35854115
1997:Q2,age70plus,6623199,1929457,1601294,328163,4693742,909651,140133,451181,330272,120909,146517,113942,32575,1351403,79295,15541,32174,956368,564106,47373,179494,177159,100649,29455,1731,45324,2335,6443704,15767788
1997:Q2,age55to69,12415779,3114645,2437439,677206,9301134,923424,284153,604015,404416,199599,204942,163100,41842,2336532,129256,265480,557555,2610392,1306898,78487,896280,892599,596710,186642,5380,103867,3682,11519498,18885971
1997:Q2,age40to54,13296286,4298566,3340123,958443,8997720,775439,203567,409555,269267,140288,171590,153308,18282,2100957,267656,314919,1047131,2005753,1574662,126491,2316695,2308962,1702719,483030,15069,108143,7733,10979591,30571463
1997:Q2,ageunder40,4929343,2419466,1716314,703153,2509877,312216,46190,93843,61749,32094,26296,22999,3297,489491,177612,43632,398814,335012,504307,82463,1834555,1829479,1224509,578911,9991,16069,5076,3094788,35829409
1997:Q3,age70plus,6813950,1948065,1622060,326004,4865885,915447,141272,455239,324982,130256,144646,111974,32672,1471847,81462,16667,39248,984446,566848,48764,190870,188556,105154,30608,1066,51728,2313,6623080,15811953
1997:Q3,age55to69,12819187,3156827,2465181,691646,9662360,933650,299607,610277,398899,211378,202357,161238,41119,2523706,133283,281817,608787,2654947,1333842,80087,930515,926819,618839,195500,3300,109180,3696,11888672,18946675
1997:Q3,age40to54,13654400,4371042,3395357,975685,9283358,780222,211095,412546,264016,148530,174904,157605,17299,2235466,274111,323526,1126753,2018645,1597839,128250,2360289,2352523,1738991,491609,8447,113476,7765,11294112,30795760
1997:Q3,ageunder40,5050993,2427379,1730721,696658,2623614,317054,50033,90202,62338,27864,28011,24858,3153,535745,182080,45491,423591,334277,533889,83240,1862343,1857214,1246296,588088,5726,17104,5128,3188651,35800038
1997:Q4,age70plus,6954812,2020364,1690250,330114,4934448,925113,142743,456307,338585,117722,152452,119861,32591,1484119,80709,16509,34428,1008918,584780,48370,202845,200551,112281,33135,1645,53490,2294,6751967,15854780
1997:Q4,age55to69,13067050,3205835,2506304,699531,9861215,948133,316154,635388,431685,203703,202307,162101,40206,2587488,134403,283135,604015,2691301,1378537,80353,950956,947245,629015,206025,5244,106960,3712,12116094,19007266
1997:Q4,age40to54,13783980,4375838,3392720,983118,9408142,790313,219207,415855,275653,140203,180926,164581,16345,2286620,277885,319137,1134231,2026206,1629083,128679,2404933,2397131,1760599,504998,14001,117534,7801,11379047,31027113
1997:Q4,ageunder40,5150462,2446212,1741015,705198,2704249,324973,54070,94221,59301,34920,31737,28750,2987,549773,185822,45303,429675,332194,573509,82971,1876333,1871153,1244463,600007,9500,17182,5181,3274129,35765188
1998:Q1,age70plus,7317057,2053973,1725610,328363,5263084,922539,151454,460116,324652,135464,164062,131612,32450,1751332,81289,17942,45526,1043572,576550,48702,211388,209159,119505,30681,1776,57197,2229,7105669,15896238
1998:Q1,age55to69,13675065,3265933,2553478,712454,10409133,949069,345581,631215,408107,223108,202367,163149,39218,2942600,136860,303129,673625,2750768,1392758,81160,964399,960703,642789,204322,5758,107833,3697,12710666,19065977
1998:Q1,age40to54,14302977,4458155,3459257,998897,9844822,785021,234862,418003,262904,155099,187711,172319,15391,2538501,283056,330954,1238621,2050095,1648300,129698,2431838,2424040,1789382,497112,15324,122221,7798,11871138,31267531
1998:Q1,ageunder40,5316389,2461671,1761325,700346,2854718,322645,60093,88146,61625,26521,36420,33607,2812,638691,189832,47610,459716,333615,594842,83108,1875037,1869812,1249768,591927,10469,17648,5225,3441351,35724044
1998:Q2,age70plus,7459651,2113594,1784674,328920,5346057,920504,148434,500689,337165,163524,168959,136670,32289,1768946,81614,18882,41272,1066192,582188,48376,220895,218607,122401,33054,1646,61506,2288,7238756,15936298
1998:Q2,age55to69,14002008,3353068,2627906,725163,10648940,950422,355343,690164,438970,251194,199787,161595,38192,3013312,139050,317316,671744,2807382,1422959,81461,998885,995119,663687,216433,5381,109618,3766,13003124,19121042
1998:Q2,age40to54,14576240,4550121,3535734,1014387,10026119,780882,238998,451481,273689,177792,193206,178777,14428,2598641,288124,337851,1251304,2080157,1675219,130256,2485458,2477548,1824423,512053,13904,127167,7911,12090782,31519018
1998:Q2,ageunder40,5391997,2488970,1789731,699239,2903027,320785,63145,71055,58846,12209,40130,37497,2633,653800,193729,49117,466630,336517,625267,82851,1908505,1903219,1269191,606204,9598,18226,5286,3483492,35675791
1998:Q3,age70plus,7179157,2107234,1783279,323955,5071922,920073,159274,513226,361610,151616,190065,157839,32226,1461301,79076,18267,20903,1083779,576956,49001,226574,224520,126627,34636,1791,61466,2054,6952583,15974931
1998:Q3,age55to69,13821324,3408788,2662152,746636,10412536,953282,389171,743304,498892,244412,199826,162586,37239,2704413,138338,313147,596520,2851950,1440128,82458,1023208,1019575,683122,226072,5945,104436,3633,12798116,19170692
1998:Q3,age40to54,14564734,4740981,3697268,1043713,9823753,779283,257353,465824,295371,170453,201188,187766,13422,2397508,290567,329405,1170021,2103394,1697607,131602,2538280,2530522,1860658,523567,15370,130926,7758,12026454,31783581
1998:Q3,ageunder40,5354604,2508982,1826558,682424,2845622,320206,69864,71616,52112,19504,47072,44610,2462,572067,196892,48195,451086,337589,647914,83120,1936077,1930772,1285749,616443,10653,17927,5305,3418527,35619614
1998:Q4,age70plus,7731573,2197686,1863412,334274,5533887,951239,173915,483983,357142,126841,187708,154311,33397,1869599,85616,18102,49615,1079077,587602,47430,230860,229230,127859,36837,2286,62248,1630,7500713,16012240
1998:Q4,age55to69,14537926,3469655,2723303,746352,11068271,977014,408457,706416,490168,216247,201022,164081,36941,3142999,145720,326741,722831,2887159,1467550,82363,1045472,1042132,698633,230102,7096,106301,3340,13492454,19213941
1998:Q4,age40to54,15259804,4802268,3747876,1054392,10457536,815885,278146,437997,298384,139613,201643,187328,14315,2706727,302973,356342,1315723,2194947,1713482,133672,2606498,2599073,1906966,543125,17969,131013,7426,12653306,32062213
1998:Q4,ageunder40,5545773,2556962,1858218,698745,2988811,337786,73076,82119,50599,31519,42341,40071,2270,692023,200418,49667,471933,340051,616167,83229,1980855,1975634,1315132,631209,11975,17318,5220,3564918,35555227
1999:Q1,age70plus,7781432,2217685,1881633,336052,5563746,952005,188196,488683,335463,153220,186558,151894,34664,1894347,86633,16636,58661,1068929,577342,45755,231973,229899,127880,35756,2400,63863,2074,7549458,16048864
1999:Q1,age55to69,14612698,3504147,2751641,752507,11108550,967105,427565,680312,444422,235890,202254,165501,36753,3137619,147524,324955,760003,2909653,1469397,82163,1057422,1053776,711661,225672,6976,109467,3646,13555276,19252910
1999:Q1,age40to54,15569827,4946581,3870097,1076484,10623246,813711,299005,434406,284950,149456,202198,187012,15185,2710149,310174,370614,1348707,2280165,1718417,135700,2652744,2644835,1948298,548418,16721,131398,7910,12917082,32351855
1999:Q1,ageunder40,5510960,2582194,1885967,696227,2928766,331045,76241,71909,53128,18781,38091,35997,2094,698105,202595,49119,466432,340614,571362,83253,2005264,2000001,1339797,632552,10773,16879,5263,3505696,35484460
1999:Q2,age70plus,8083096,2291985,1946450,345534,5791111,949522,183182,464120,318671,145448,187358,151643,35715,2117163,89888,15747,71414,1060367,608006,44344,240976,238887,127724,36885,2745,71533,2088,7842120,16085576
1999:Q2,age55to69,14981926,3578461,2821347,757114,11403465,953628,413874,636089,412191,223898,203573,167196,36377,3361572,151558,330206,815527,2935807,1519479,82151,1089018,1085364,728376,227170,7569,122249,3654,13892909,19290502
1999:Q2,age40to54,16045313,5074505,3979521,1094984,10970808,807412,299949,409833,275334,134499,203180,187063,16116,2876267,319714,391461,1408736,2369851,1746441,137965,2719725,2711733,1996342,564180,17554,133657,7992,13325588,32648434
1999:Q2,ageunder40,5594329,2623378,1916165,707213,2970951,321814,74421,75131,53461,21670,34456,32555,1901,762108,205233,49477,467839,341717,555350,83407,2048345,2043103,1371250,643345,10887,17622,5242,3545984,35409674
1999:Q3,age70plus,8042396,2326808,1975437,351371,5715588,960892,191120,452835,309245,143590,200688,163762,36926,1987294,88019,13182,68366,1046250,662310,44633,248199,246111,131497,39122,2590,72902,2088,7794196,16123148
1999:Q3,age55to69,14916760,3642207,2873908,768299,11274553,955240,422771,613507,395860,217646,208115,171941,36174,3182191,150464,314816,796278,2949527,1598210,83434,1113739,1110087,747508,230777,6785,125017,3652,13803021,19329617
1999:Q3,age40to54,16233477,5266976,4143513,1123464,10966501,819029,314464,397110,272031,125079,206673,189667,17005,2759160,324278,393772,1368929,2451964,1789481,141640,2797007,2788946,2055614,584558,14746,134027,8062,13436470,32947879
1999:Q3,ageunder40,5578032,2667881,1960312,707569,2910151,323409,75985,73794,52294,21501,33217,31488,1729,722453,206682,47178,445796,340902,556216,84519,2095268,2090050,1406641,657437,8840,17133,5218,3482764,35333226
1999:Q4,age70plus,8712520,2397788,2037976,359811,6314733,985482,214266,388180,320598,67583,228707,190700,38008,2506769,101508,14037,89077,1043617,679840,63248,275550,273195,141287,42244,2692,86972,2355,8436971,16162352
1999:Q4,age55to69,15756306,3693561,2921110,772451,12062746,971175,458217,548583,419510,129073,216510,180635,35875,3747657,164763,342150,891937,2990265,1632923,98566,1148158,1144325,755685,233895,6763,147982,3834,14608148,19373158
1999:Q4,age40to54,17105295,5384646,4243075,1141571,11720650,847875,345600,349706,288379,61327,213465,195540,17925,3170892,344171,435608,1487343,2554107,1811649,160233,2873928,2865545,2106715,606670,14072,138088,8383,14231367,33246116
1999:Q4,ageunder40,5818913,2711104,1993844,717260,3107809,335172,81530,87491,48510,38981,34631,33081,1550,872124,211512,50325,461888,344032,533202,95903,2123812,2118583,1420576,670813,8121,19073,5229,3695101,35257477
2000:Q1,age70plus,8952862,2471785,2101677,370108,6481077,1001625,229690,350460,296961,53499,232815,194549,38266,2680667,104225,13174,99317,1034319,671679,63107,298997,296928,152429,42094,3017,99389,2069,8653865,16203962
2000:Q1,age55to69,16090935,3804522,3020553,783969,12286413,978073,480679,482146,376801,105346,218447,183603,34845,3919319,168331,348419,938265,3016671,1636468,99593,1165836,1162197,758694,227836,7315,168352,3639,14925099,19424026
2000:Q1,age40to54,17637086,5588473,4419602,1168870,12048613,865478,368678,316062,270294,45768,216012,196980,19032,3304091,353416,458322,1539247,2645957,1817615,163735,2928838,2920657,2150878,613524,14774,141481,8181,14708248,33539074
2000:Q1,ageunder40,5899116,2773737,2048766,724972,3125379,340217,85060,84801,49178,35622,32121,30820,1301,920384,213949,50753,462479,344873,494003,96738,2128544,2123375,1424212,670312,8188,20662,5168,3770573,35184785
2000:Q2,age70plus,8906006,2562375,2181251,381123,6343631,1007233,222503,346042,281756,64287,222013,183525,38488,2529285,102488,11192,98571,1020718,719918,63667,302187,300064,158564,45340,2902,93258,2122,8603819,16248750
2000:Q2,age55to69,16059089,3923835,3129159,794676,12135254,973877,464641,467379,351757,115622,216312,182487,33825,3727449,167527,340816,931834,3034488,1709737,101193,1178337,1174659,775855,232673,6806,159325,3678,14880752,19485122
2000:Q2,age40to54,17845259,5806215,4612062,1194153,12039044,868661,366856,309683,259786,49896,215205,195086,20119,3177529,358179,467860,1517733,2730710,1858849,167780,3008415,3000118,2209811,637472,13056,139780,8297,14836844,33822680
2000:Q2,ageunder40,5901467,2851862,2117106,734755,3049605,336971,82745,81064,48273,32791,27312,26254,1058,874884,215459,49427,446360,344258,493163,97960,2171015,2165861,1453867,686285,6963,18746,5153,3730452,35117510
2000:Q3,age70plus,8993233,2603525,2218374,385151,6389708,1013390,233755,339898,270134,69764,230739,192068,38670,2506256,103377,9969,102628,1009289,776011,64396,316322,314270,165574,50263,2495,95938,2052,8676911,16297488
2000:Q3,age55to69,16247354,4023352,3215699,807653,12224003,970645,480730,452898,333936,118962,219612,186796,32816,3682074,169440,343057,949535,3058982,1794049,102981,1207945,1204311,793110,241155,5679,164366,3635,15039409,19559348
2000:Q3,age40to54,18260270,6053797,4830581,1223216,12206473,871888,385242,302406,252206,50200,218674,197493,21181,3151129,365466,486512,1528993,2818724,1905517,171921,3096136,3087844,2269065,668134,10242,140404,8292,15164134,34092862
2000:Q3,ageunder40,5944195,2908846,2176691,732155,3035350,334087,85220,76898,46921,29977,25888,25067,822,866183,217568,49318,438518,344408,497982,99280,2219093,2213970,1482697,707521,5256,18495,5124,3725102,35058012
2000:Q4,age70plus,8848259,2710433,2312756,397676,6137827,1041256,254311,374279,288389,85890,261780,222927,38853,2145063,101292,7351,95349,992906,801107,63132,310316,307988,167809,55752,3145,81281,2329,8537943,16350949
2000:Q4,age55to69,16053988,4143885,3328591,815294,11910103,991037,513280,503149,367363,135786,229570,197716,31854,3247161,168496,327245,911350,3074069,1841400,103345,1214660,1210830,809989,252009,6992,141840,3830,14839328,19649604
2000:Q4,age40to54,18238059,6207257,4965861,1241396,12030802,903283,414035,331980,274226,57753,227351,205143,22207,2834091,369600,486965,1460239,2897322,1931583,174354,3175760,3167146,2317202,701676,12423,135844,8615,15062298,34345547
2000:Q4,ageunder40,5874328,2974278,2226888,747389,2900050,347683,90092,70953,44260,26693,28091,27497,594,758880,219108,46963,412870,342912,482978,99520,2268346,2263207,1510226,731829,6106,15045,5139,3605982,35008648
2001:Q1,age70plus,8761811,2856158,2449944,406215,5905652,1091529,285653,364197,242209,121988,252006,212088,39918,1865875,103169,5007,80670,981108,813257,63182,302316,300301,170385,55442,2029,72445,2014,8459495,16409906
2001:Q1,age55to69,15959549,4361803,3537667,824136,11597746,1035899,564811,467501,292930,174571,228601,196881,31720,2898803,171659,314773,834725,3102190,1873992,104790,1210653,1207026,825222,248818,4402,128584,3626,14748896,19758793
2001:Q1,age40to54,18316521,6483787,5223354,1260433,11832735,964289,454835,308407,230626,77781,226108,203061,23046,2568935,377554,489754,1334966,2982300,1947822,177765,3218296,3209931,2360420,709754,7180,132576,8365,15098225,34576663
2001:Q1,ageunder40,5865212,3082735,2326770,755965,2782478,378470,97676,63168,43808,19360,23832,23389,443,673962,221570,45024,375032,343015,460227,100501,2290501,2285417,1533598,735710,3392,12717,5084,3574711,34971779
2001:Q2,age70plus,9098742,2919716,2510077,409639,6179027,1105124,284119,345940,218287,127654,255055,214161,40894,2064116,109810,3794,90389,1006540,847462,66677,302967,301066,168456,56425,1360,74825,1901,8795776,16475131
2001:Q2,age55to69,16423535,4473035,3639725,833310,11950500,1042109,560516,437142,258659,178483,231402,199861,31541,3123110,179780,318061,883513,3129803,1936104,108960,1253283,1249721,860863,252582,2892,133384,3562,15170251,19889817
2001:Q2,age40to54,18856149,6676804,5397769,1279034,12179346,974501,458243,286710,208971,77738,227681,203801,23880,2730079,390109,507901,1385486,3057070,1977644,183922,3299076,3290774,2427566,725958,4425,132825,8301,15557074,34782138
2001:Q2,ageunder40,5970647,3134605,2377793,756812,2836042,380653,96896,58277,41533,16743,21721,21433,288,730602,225116,45007,378493,343626,452265,103387,2361935,2356879,1593132,749284,2003,12459,5056,3608712,34949765
2001:Q3,age70plus,8881471,2959249,2547730,411519,5922222,1125052,299110,379892,255371,124521,309130,267241,41889,1659702,103400,1645,75100,1027318,870469,71404,340977,338807,182526,58710,2309,95263,2169,8540494,16547397
2001:Q3,age55to69,16116697,4579107,3733253,845854,11537590,1055818,585251,491720,318652,173067,249857,218446,31412,2619344,174977,308588,802208,3149404,1986215,114208,1315207,1311442,885448,253709,4837,167449,3765,14801490,20045575
2001:Q3,age40to54,18730042,6901744,5601586,1300158,11828298,991886,479834,321105,248683,72422,241426,216742,24685,2333397,389110,512108,1249815,3120564,1998103,190950,3397019,3388419,2500308,742237,7340,138534,8600,15333023,34957900
2001:Q3,ageunder40,5850705,3174557,2420729,753828,2676147,387550,100314,56938,40955,15984,27337,27200,137,607244,226080,43425,340017,342690,437595,106956,2412674,2407595,1629271,759696,3180,15448,5079,3438031,34944963
2001:Q4,age70plus,9276988,3044605,2610847,433757,6232383,1147818,324671,359461,235106,124355,280172,237512,42660,1912802,118561,3857,86539,1084536,840545,73422,313818,311594,165518,68288,573,77216,2223,8963170,16627072
2001:Q4,age55to69,16787683,4740395,3877696,862699,12047288,1082360,612677,445857,276845,169012,247493,214829,32664,2963377,190490,321339,863716,3249281,1953364,117334,1338682,1334811,918333,275866,1052,139561,3871,15449000,20228041
2001:Q4,age40to54,19169143,6996075,5690392,1305683,12173068,1014309,497527,293477,217670,75807,233762,209933,23829,2607758,394913,515542,1311754,3099752,2011288,192986,3450467,3442006,2546401,764265,1451,129888,8461,15718676,35101202
2001:Q4,ageunder40,5982335,3233676,2471516,762160,2748659,397793,103402,58355,40859,17496,23497,23242,255,671832,220353,43655,350093,334876,437520,107284,2482590,2477681,1681533,783407,610,12131,4909,3499745,34958935
2002:Q1,age70plus,9446300,3135588,2683629,451959,6310712,1174353,324574,347612,231544,116068,269783,226086,43697,1912526,132598,5213,96464,1135440,836719,75429,336305,333853,182948,73296,178,77431,2452,9109995,16712909
2002:Q1,age55to69,17141546,4900597,4025378,875219,12240949,1113997,597098,419976,263553,156423,251311,217117,34194,2999126,205151,322192,918383,3337391,1955720,120604,1358985,1354881,937067,276242,296,141277,4103,15782561,20435466
2002:Q1,age40to54,19336293,7095085,5791479,1303606,12241208,1040310,485978,278658,204961,73697,230184,207293,22892,2641821,398974,505765,1360453,3063267,2040977,194822,3517953,3509472,2625725,756653,390,126704,8480,15818341,35214608
2002:Q1,ageunder40,6049493,3294845,2527335,767511,2754647,410644,100194,60698,40623,20075,22461,22068,393,659911,214377,42436,357489,324821,453981,107636,2497412,2492652,1703070,777325,159,12097,4760,3552081,34990047
2002:Q2,age70plus,9377691,3225824,2752817,473006,6151868,1178800,319264,398365,240791,157574,246916,202457,44459,1669911,142327,6401,84656,1184566,840727,79934,350523,348009,196846,81513,-1988,71638,2514,9027168,16803256
2002:Q2,age55to69,17116854,5051764,4160739,891025,12065090,1122748,573613,466015,269184,196831,251827,216302,35525,2737003,215718,320993,857196,3424159,1969879,125940,1389340,1385115,968015,286876,-3066,133289,4226,15727514,20665174
2002:Q2,age40to54,19097934,7183069,5880055,1303014,11914864,1035225,468473,308224,204450,103774,223873,201900,21972,2447907,398240,493270,1246754,3019695,2074682,198523,3605473,3597141,2715298,763996,-3747,121594,8331,15492461,35302006
2002:Q2,ageunder40,5996058,3364962,2589018,775944,2631096,406597,95848,55267,40991,14275,19602,19091,510,577900,207580,40971,328501,314058,475444,109328,2544245,2539650,1744881,785259,-1489,10998,4595,3451813,35035866
2002:Q3,age70plus,9119384,3260486,2770990,489496,5858898,1209983,319184,420093,232402,187691,240435,194942,45493,1271458,148791,7691,71475,1233981,852200,83607,357732,354845,200936,88348,-2519,68079,2887,8761652,16896461
2002:Q3,age55to69,16891441,5203959,4288558,915400,11687482,1161474,560033,475005,251763,223242,258156,221007,37149,2261604,223201,321421,786147,3514315,1995331,130795,1439069,1434498,1010191,298958,-3655,129003,4571,15452372,20914487
2002:Q3,age40to54,18778760,7351772,6038727,1313045,11426988,1065047,456918,316157,189140,127017,221213,200239,20974,2084543,393910,481912,1120303,2973242,2112367,201376,3693170,3684704,2802474,769433,-4303,117101,8466,15085590,35367285
2002:Q3,ageunder40,5910842,3423576,2650734,772842,2487265,422602,92936,49389,40323,9066,19229,18580,649,450790,200205,39690,296849,303282,501708,110588,2613523,2609061,1805558,794869,-1669,10303,4462,3297319,35093959
2002:Q4,age70plus,9336257,3302660,2799075,503585,6033597,1224215,343376,462797,219990,242807,229072,182587,46485,1351626,156185,10729,80121,1289404,795641,90431,370513,367522,206917,96360,-4236,68480,2991,8965744,16990873
2002:Q4,age55to69,17419684,5364525,4427927,936598,12055159,1182765,588752,502118,231022,271095,263711,224926,38785,2410539,231862,345441,837371,3621351,1933007,138243,1497128,1492394,1053236,313672,-5856,131343,4734,15922555,21180729
2002:Q4,age40to54,19085442,7497269,6179824,1317445,11588173,1071411,472543,339215,171865,167349,217550,197591,19959,2203077,390188,492904,1159450,2934058,2101176,206602,3785149,3776808,2890633,779059,-6533,113648,8341,15300293,35414335
2002:Q4,ageunder40,5951232,3477529,2708973,768556,2473702,425883,96023,39088,39088,0,18171,17386,785,464223,193010,41008,303246,294329,485240,113482,2685584,2681282,1865527,807917,-2473,10311,4302,3265648,35161894
2003:Q1,age70plus,9417183,3397961,2877975,519986,6019222,1269685,337609,435496,213731,221764,232130,185050,47080,1239541,167328,13045,82539,1336045,811714,94090,383924,380320,211555,99496,-4282,73551,3604,9033258,17084840
2003:Q1,age55to69,17679993,5546359,4597715,948644,12133634,1239480,567133,468616,219413,249203,274014,233910,40104,2305548,244644,359422,854245,3710196,1966938,143399,1550143,1544879,1092287,316668,-5684,141608,5264,16129850,21461221
2003:Q1,age40to54,19053199,7559616,6252080,1307535,11493583,1118477,454981,317165,160645,156520,216972,197962,19010,2124181,389810,493173,1150834,2878256,2140571,209164,3848247,3839570,2966403,768145,-6181,111204,8677,15204952,35447045
2003:Q1,ageunder40,6003328,3536920,2763501,773419,2466408,452275,91977,42517,38188,4329,19403,18512,892,421745,186445,41138,298939,282520,514717,114732,2734847,2730660,1916996,804814,-2294,11144,4187,3268481,35237238
2003:Q2,age70plus,9941539,3472482,2935543,536939,6469056,1291434,335745,407083,196647,210437,288557,240589,47969,1526604,183415,16354,101626,1387049,834042,97147,430148,426307,221561,106029,-3821,102537,3842,9511390,17176710
2003:Q2,age55to69,18604974,5727544,4759812,967732,12877430,1271222,552961,432281,196301,235980,298836,257093,41743,2736048,262874,385939,966631,3811978,2010436,148225,1672027,1666492,1150057,329116,-4902,192222,5535,16932947,21753288
2003:Q2,age40to54,19602691,7672412,6366699,1305714,11930279,1133726,442096,294160,142366,151794,224411,206426,17985,2449812,393855,504028,1264936,2828321,2183770,211164,3968489,3959828,3079242,772359,-5232,113460,8661,15634202,35469303
2003:Q2,ageunder40,6207495,3609560,2833887,775673,2597935,461097,89009,45618,36021,9597,28982,27960,1023,491352,180635,42540,322630,272070,548327,115676,2830264,2826228,1997519,814426,-1909,16192,4036,3377231,35317558
2003:Q3,age70plus,10147676,3512039,2959920,552118,6635638,1295999,328783,394525,223404,171121,282549,234493,48057,1622819,197430,19122,107478,1435149,848927,102856,448974,445015,241089,114449,-5826,95303,3959,9698702,17264832
2003:Q3,age55to69,19165335,5908161,4914144,994017,13257174,1284757,530891,420615,224343,196272,307025,264356,42669,2914434,279283,405142,1005199,3909342,2045210,155278,1721656,1715931,1198883,341882,-7281,182446,5725,17443679,22054251
2003:Q3,age40to54,19872511,7844781,6532018,1312764,12027730,1126586,424084,283324,156295,127029,221332,204197,17135,2579328,395679,507242,1280478,2773042,2221460,215174,4079284,4070751,3191154,779285,-7394,107707,8533,15793227,35485000
2003:Q3,ageunder40,6310816,3677741,2905798,771944,2633075,457505,84979,58470,38487,19982,29082,27991,1091,505364,174386,43081,324041,260730,577470,117967,2899954,2896080,2059807,824059,-2641,14855,3874,3410862,35400422
2003:Q4,age70plus,10601118,3572547,3003116,569431,7028571,1312441,324660,442505,247952,194553,272641,224056,48584,1868772,210873,22799,125366,1485287,854243,108984,457151,453118,244038,121482,4669,82929,4033,10143967,17347554
2003:Q4,age55to69,20090891,6105717,5086918,1018799,13985174,1312488,514395,466542,250157,216385,315361,271308,44053,3287581,295423,435406,1112889,4014181,2068090,162819,1782622,1776734,1249941,357299,5654,163840,5889,18308269,22361434
2003:Q4,age40to54,20401956,7992876,6676335,1316541,12409080,1135338,409740,313904,167786,146118,217604,201422,16182,2842169,396819,519108,1381253,2721104,2252588,219452,4178354,4169988,3275591,786995,6337,101066,8366,16223602,35498024
2003:Q4,ageunder40,6466533,3749166,2976337,772829,2717367,462872,81766,57548,40400,17148,28631,27435,1196,557827,167965,44682,344701,250089,600831,120455,2981811,2978104,2126043,837156,2281,12624,3707,3484721,35483397
2004:Q1,age70plus,11256917,3701157,3109412,591746,7555759,1347654,319860,711126,503426,207700,279618,229929,49689,1977374,218340,26059,130201,1549946,884687,110894,473413,469299,253040,125035,4361,86864,4114,10783504,17423223
2004:Q1,age55to69,21266491,6402555,5357888,1044668,14863935,1362591,497483,824601,598036,226565,328611,282567,46043,3486809,305504,460177,1147980,4157299,2125748,167132,1835403,1829343,1290491,360646,5184,173023,6060,19431088,22672159
2004:Q1,age40to54,20969388,8202442,6882417,1320025,12766946,1168720,395283,488710,330656,158054,215602,200517,15085,2977212,392426,525352,1389099,2692812,2301239,220491,4240625,4232418,3352406,776910,5618,97485,8207,16728763,35512264
2004:Q1,ageunder40,6636442,3865603,3084276,781328,2770838,482019,78539,51689,35512,16177,30898,29549,1349,571974,160573,45631,344405,244020,640273,120817,3025431,3021890,2172752,833882,1991,13266,3541,3611011,35564050
2004:Q2,age70plus,11364499,3759156,3151892,607264,7605343,1367692,313955,651633,460685,190948,293446,242660,50787,1935840,228474,28761,133950,1577044,961810,112736,501672,497164,269308,130655,4338,92863,4508,10862827,17490190
2004:Q2,age55to69,21806688,6642909,5565481,1077428,15163779,1396629,479434,731550,522534,209016,343638,295552,48086,3498278,318696,478008,1177607,4320368,2248086,171484,1918125,1911657,1350844,369740,5078,185995,6468,19888563,22983750
2004:Q2,age40to54,21255947,8467510,7133893,1333617,12788437,1183393,380326,441209,292700,148509,213851,199872,13978,2984352,390574,525372,1390034,2676208,2381580,221538,4355959,4347636,3472105,776099,5349,94082,8324,16899988,35531609
2004:Q2,ageunder40,6789140,3971137,3194332,776805,2818003,490497,75203,63136,41929,21207,34381,32878,1504,546255,153539,45824,342488,236150,709379,121151,3106599,3103203,2249016,838044,1868,14275,3396,3682541,35639950
2004:Q3,age70plus,11618074,3892553,3268585,623967,7725521,1376290,307876,705968,498645,207323,280580,228798,51782,1890505,237478,31852,134948,1603811,1038445,117767,512722,507985,277670,138436,-1290,93169,4737,11105352,17546801
2004:Q3,age55to69,22547159,6950967,5856241,1094726,15596192,1418494,461818,794290,571782,222508,353984,303899,50085,3506786,330939,500552,1191873,4487390,2371536,178531,1989820,1983061,1408410,386834,-1497,189315,6759,20557339,23293529
2004:Q3,age40to54,21519016,8659626,7332155,1327471,12859390,1184715,365929,470132,307154,162978,209486,196595,12891,2992329,387857,528837,1372943,2660495,2461574,225093,4456973,4448675,3573390,787098,-1454,89642,8298,17062043,35559949
2004:Q3,ageunder40,6932895,4097790,3316095,781695,2835104,491181,71975,59898,40124,19774,33792,32140,1653,519305,146296,46427,336396,228299,778464,123071,3189562,3186325,2320023,852507,-494,14290,3237,3743332,35708662
2004:Q4,age70plus,12043139,3999590,3378360,621230,8043548,1393401,307424,731163,581866,149297,312603,260083,52520,2091402,241562,32015,143746,1600447,1065435,124349,536612,531807,286817,138271,-1687,108406,4805,11506527,17591949
2004:Q4,age55to69,23661890,7240745,6112913,1127831,16421146,1475044,467136,876272,706413,169858,368089,316937,51153,3834154,344739,521649,1314748,4577394,2454716,187205,2121511,2114515,1497820,407645,-2052,211103,6996,21540379,23599084
2004:Q4,age40to54,22262298,8892804,7544361,1348443,13369493,1229541,363089,493567,371345,122222,217389,204066,13323,3173814,394398,551399,1481429,2746256,2490046,228565,4552782,4544361,3652351,803802,-1995,90203,8420,17709516,35600204
2004:Q4,ageunder40,7168888,4232611,3431896,800715,2936277,502140,71687,58483,29986,28497,39967,37929,2038,565829,148471,48935,355474,238621,780364,126305,3292303,3289024,2403590,870401,-706,15739,3279,3876585,35768082
2005:Q1,age70plus,12097678,4108813,3491234,617579,7988864,1408018,295678,704584,550924,153660,294697,241359,53338,2074462,237255,30706,134499,1582604,1098265,128095,508997,504204,270283,128470,-4860,110312,4793,11588681,17626697
2005:Q1,age55to69,24181139,7524665,6370572,1154093,16656474,1531060,453355,832836,656071,176765,373463,321138,52325,3884398,349485,524907,1333197,4632714,2547398,193661,2221426,2214249,1597607,413344,-6237,209534,7177,21959714,23899061
2005:Q1,age40to54,22582317,9085878,7724577,1361300,13496440,1273982,348552,492221,364330,127891,221636,207897,13739,3173921,393619,560296,1466471,2812219,2523521,230002,4583296,4574816,3698457,793473,-5889,88776,8480,17999021,35651426
2005:Q1,ageunder40,7315547,4369820,3547654,822167,2945727,512142,68870,64695,36356,28340,38267,35827,2440,556802,149428,49717,346691,244777,786210,128126,3387902,3384588,2502212,869688,-2157,14845,3315,3927645,35817420
2005:Q2,age70plus,12383410,4267806,3648799,619006,8115604,1406808,288545,737892,576045,161848,288107,234251,53856,2133161,234714,30149,132857,1566715,1166317,130340,516952,512008,276491,125185,-2852,113185,4944,11866458,17652653
2005:Q2,age55to69,25009169,7814041,6637224,1176817,17195128,1569830,447241,887074,699427,187646,380662,327455,53207,4034204,356280,537594,1397888,4694095,2691323,198937,2338769,2331283,1697748,427800,-3867,209602,7486,22670400,24192370
2005:Q2,age40to54,23052819,9245625,7876739,1368886,13807194,1300120,339134,531615,394903,136712,227008,212763,14245,3237456,394640,576651,1505193,2883730,2581240,230407,4675694,4667011,3783009,800232,-3757,87526,8683,18377125,35711698
2005:Q2,ageunder40,7516969,4525184,3671534,853650,2991785,511134,67108,61357,33672,27685,38418,35592,2826,566860,150608,51392,349641,251762,814312,129194,3490721,3487361,2595511,879172,-1438,14115,3360,4026248,35856213
2005:Q3,age70plus,12600078,4365940,3758564,607376,8234137,1414060,291510,654712,539224,115489,275561,221745,53816,2266081,235304,29118,134310,1549212,1245817,138452,526098,521539,283041,123579,-2615,117534,4559,12073980,17671423
2005:Q3,age55to69,25852435,8114304,6911706,1202599,17738131,1620537,458646,781156,639187,141969,386385,332874,53511,4282479,366713,544273,1483062,4751794,2853837,209248,2462832,2455453,1800190,446769,-3774,212267,7379,23389603,24477923
2005:Q3,age40to54,23660876,9512491,8128804,1383687,14148385,1339565,340486,484563,382271,102292,232330,217411,14920,3360156,398650,588582,1566556,2954838,2647393,235266,4774799,4766371,3869576,813995,-3708,86509,8428,18886077,35779102
2005:Q3,ageunder40,7769567,4677213,3812960,864253,3092354,516899,67621,71536,40560,30976,37693,34524,3168,595403,152196,52486,357323,258417,849648,133132,3598647,3595278,2689074,894041,-1478,13640,3369,4170920,35883997
2005:Q4,age70plus,12752901,4444494,3846771,597723,8308406,1413455,307245,685771,542820,142951,264674,211695,52979,2281392,232721,28387,133963,1531730,1280882,148186,529389,525103,290291,122014,-1309,114108,4286,12223511,17684616
2005:Q4,age55to69,26613929,8395429,7164883,1230546,18218500,1662765,493105,819546,646026,173521,391702,338741,52960,4379698,373574,554763,1558492,4809419,2954367,221067,2566665,2559310,1896109,464695,-2026,200532,7355,24047264,24754630
2005:Q4,age40to54,24201844,9749104,8348166,1400938,14452740,1370412,355146,525148,398242,126905,238216,222384,15832,3389728,399922,603609,1616176,3027744,2685269,241369,4863933,4855663,3946530,826745,-2047,84435,8270,19337910,35851720
2005:Q4,ageunder40,7929517,4808907,3931844,877063,3120610,517177,70985,71345,41333,30012,37305,33864,3441,594113,153292,53933,362153,265191,857289,137827,3691351,3687967,2769936,907101,-850,11779,3384,4238165,35900309
2006:Q1,age70plus,13204000,4480009,3883712,596298,8723990,1444780,306512,705252,566835,138417,263809,213095,50714,2683006,206809,27731,132903,1516073,1288903,148213,551492,547244,304293,118620,1001,123329,4248,12652508,17693838
2006:Q1,age55to69,27624286,8481427,7230664,1250764,19142859,1747445,498563,858431,687255,171176,397391,346538,50852,4979662,353100,566164,1630410,4871211,3015874,224609,2696422,2688907,1998955,476285,1677,211991,7515,24927864,25021403
2006:Q1,age40to54,24742931,9715930,8308650,1407280,15027001,1447094,352571,556452,430716,125736,245382,228229,17153,3713319,380114,619496,1661425,3104935,2705904,240310,4970241,4961923,4045297,830747,1779,84100,8318,19772690,35927637
2006:Q1,ageunder40,8099233,4858079,3951609,906470,3241154,542435,70638,69591,39020,30570,38609,35032,3577,689187,151007,55457,365792,272592,848114,137733,3786661,3783247,2858393,911933,768,12153,3414,4312572,35904687
2006:Q2,age70plus,13104860,4505995,3919535,586460,8598866,1438849,314591,693376,523907,169469,269744,222371,47372,2548201,202723,26370,123069,1497595,1336108,148239,560126,555922,310092,113553,2570,129707,4204,12544735,17700697
2006:Q2,age55to69,27922807,8648111,7369571,1278540,19274695,1785087,520181,822594,616021,206573,403090,355568,47522,4885032,357779,567898,1645967,4924206,3134775,228086,2825362,2817693,2109382,485405,4722,218184,7669,25097445,25277151
2006:Q2,age40to54,24968786,9864715,8439634,1425081,15104071,1474119,359011,564014,410133,153881,253372,234624,18748,3629666,380098,628255,1644790,3178693,2752785,239268,5067559,5059198,4137108,833474,5251,83366,8361,19901227,36004934
2006:Q2,ageunder40,8164550,4944904,4025755,919150,3219646,539280,72233,73662,46162,27500,41060,37456,3604,649718,151789,56073,355854,279113,863266,137599,3890499,3887057,2955508,917179,2354,12016,3442,4274051,35896668
2006:Q3,age70plus,13193564,4504303,3928446,575857,8689261,1437998,329489,672224,527462,144763,251138,207932,43206,2637801,205283,25689,121906,1482306,1377484,147941,566793,562676,311686,112071,3250,135670,4116,12626771,17706800
2006:Q3,age55to69,28587786,8786969,7479274,1307695,19800817,1829835,554896,804499,621671,182828,403776,360559,43217,5081058,370268,578525,1717617,4983965,3245190,231189,2946639,2938854,2206206,502440,6673,223534,7784,25641148,25520786
2006:Q3,age40to54,25423680,9993456,8548398,1445058,15430224,1509409,372213,562583,426382,136201,260131,239636,20495,3713862,386145,643908,1689788,3258166,2796040,237981,5155425,5147059,4200098,856677,7727,82558,8366,20268254,36081695
2006:Q3,ageunder40,8270289,5003273,4073604,929669,3267016,540183,75302,77432,46954,30477,39669,36130,3539,665894,153471,57512,359106,286582,874606,137258,3989540,3986074,3030434,940253,3590,11797,3466,4280749,35875788
2006:Q4,age70plus,13421803,4498474,3931532,566942,8923329,1437857,351162,616556,479877,136680,239165,198933,40233,2896335,210498,25240,125172,1469243,1399330,152771,584869,580799,315802,111003,5234,148760,4069,12836935,17713753
2006:Q4,age55to69,29388265,8875073,7546083,1328990,20513192,1875794,603124,721677,545449,176228,406488,366373,40114,5496983,385920,592146,1819075,5047498,3325732,238754,3060060,3052130,2279186,518069,12332,242543,7930,26328205,25751219
2006:Q4,age40to54,25890751,10004509,8548727,1455782,15886242,1546701,391933,530233,398326,131907,266976,245071,21905,3919028,394579,661955,1766617,3341473,2826261,240485,5214381,5205975,4234793,872981,15523,82678,8406,20676370,36156003
2006:Q4,ageunder40,8390623,5031370,4084825,946545,3359254,541673,79810,83841,52551,31291,39251,35669,3582,723444,155458,59218,368961,294647,873585,139366,4048014,4044522,3069563,954662,7448,12850,3491,4342610,35841585
2007:Q1,age70plus,13598400,4476639,3912928,563710,9121761,1465020,361730,638651,490562,148089,240286,202660,37626,3061983,210249,24073,121171,1453907,1390807,153883,594473,590314,330566,104849,3343,151556,4159,13003927,17723165
2007:Q1,age55to69,29959193,8849820,7503671,1346149,21109373,1959425,630748,751700,560659,191042,411440,374106,37335,5790207,394885,595424,1872162,5101926,3358544,242912,3129753,3121567,2356082,514503,9377,241605,8186,26829440,25967361
2007:Q1,age40to54,26147332,9873188,8412467,1460721,16274144,1624626,399976,564167,419818,144349,274459,251259,23200,4052283,397959,672397,1791345,3421060,2835696,240176,5267668,5259104,4296887,869055,11773,81389,8564,20879664,36225940
2007:Q1,ageunder40,8417788,5010285,4036233,974051,3407504,565243,81786,83412,52899,30514,40867,37215,3652,757157,156588,59970,367527,301840,853523,139589,4086915,4083391,3113719,951765,5865,12042,3524,4330873,35793596
2007:Q2,age70plus,13701968,4461050,3903042,558008,9240918,1444427,375077,603403,483325,120078,266676,231920,34756,3158477,214215,24069,124740,1457325,1411346,161162,617704,613635,338005,103502,2603,169524,4069,13084264,17736642
2007:Q2,age55to69,30450993,8855667,7488450,1367217,21595326,1976962,663898,708824,547479,161344,419827,385629,34197,5990917,408809,614770,1976114,5149244,3433458,252504,3256829,3248540,2439549,529539,9245,270207,8289,27194164,26168122
2007:Q2,age40to54,26406031,9822087,8350761,1471325,16583944,1633360,410394,547309,425219,122091,283231,258729,24502,4133363,405069,694985,1870165,3497696,2863991,244382,5336195,5327633,4351834,881722,11970,82107,8562,21069836,36289589
2007:Q2,ageunder40,8460125,5008585,4013515,995071,3451540,549933,84295,86988,54549,32439,46445,42759,3685,772981,158228,62183,377388,319360,851011,142728,4151685,4148142,3165806,962202,6180,13954,3543,4308440,35731358
2007:Q3,age70plus,13851247,4411510,3863542,547968,9439737,1436767,423878,746083,537008,209074,272058,239498,32560,3162460,213900,23266,121899,1459447,1414997,164983,608490,604351,338826,104035,2589,158901,4139,13242757,17755792
2007:Q3,age55to69,30999691,8832909,7444920,1387989,22166782,2011475,767249,892310,631086,261224,425179,393447,31732,6067349,417266,622408,2036222,5188624,3479864,258838,3337255,3328734,2523801,549445,13280,242207,8521,27662436,26352413
2007:Q3,age40to54,26755133,9793727,8310561,1483167,16961406,1660953,455578,690738,488646,202092,290632,264983,25649,4147302,408125,708953,1902520,3570770,2879919,245916,5411189,5402492,4392569,912273,18706,78944,8697,21343944,36345033
2007:Q3,ageunder40,8406987,4964624,3955805,1008819,3442363,544762,94446,71672,50560,21112,48639,44860,3779,765253,159182,63324,377305,336024,837667,144088,4231472,4227900,3217476,989799,9940,10686,3571,4175515,35654407
2007:Q4,age70plus,13848290,4413052,3842839,570214,9435237,1476014,460717,753667,535973,217695,338793,306600,32193,2973284,214643,23590,127984,1480993,1413127,172424,627607,623458,354974,108675,3487,156323,4148,13220683,17781908
2007:Q4,age55to69,31031080,8847804,7447691,1400113,22183276,2087215,856463,920404,644602,275802,468604,438110,30494,5781277,421627,629690,2008118,5299234,3444440,266203,3400887,3392335,2565807,562297,16080,248151,8553,27630193,26519950
2007:Q4,age40to54,26358898,9624637,8133279,1491359,16734261,1717981,491158,694753,484198,210556,278605,254063,24542,3971659,411571,699597,1862716,3546507,2810155,249558,5508282,5499570,4455498,936962,20354,86755,8713,20850616,36390681
2007:Q4,ageunder40,8204700,4833307,3820204,1013103,3371393,560097,98988,72175,54411,17764,59609,56005,3604,702278,158441,63292,368382,340057,803392,144682,4228593,4225077,3200855,1001544,10660,12019,3516,3976107,35562983
2008:Q1,age70plus,13562543,4321153,3731654,589499,9241390,1518629,508501,766487,540467,226020,406875,374752,32123,2686441,210720,22332,122777,1500443,1320260,177925,656710,652067,374116,108056,4619,165276,4643,12905833,17815031
2008:Q1,age55to69,30541728,8711769,7293798,1417971,21829959,2166499,967698,956911,666816,290095,513117,483544,29573,5356255,419884,613922,1901323,5400221,3262505,271624,3456679,3447690,2596306,554687,19688,277008,8989,27085049,26673673
2008:Q1,age40to54,25702130,9420700,7913400,1507300,16281430,1778784,537192,703428,484785,218644,268573,245176,23397,3722541,410590,673321,1742457,3517047,2675876,251621,5579723,5570578,4509954,941906,22739,95979,9145,20122407,36426252
2008:Q1,ageunder40,7833246,4627933,3619324,1008609,3205313,577462,105751,71837,57559,14278,70641,67178,3463,616147,157004,61222,342807,343101,715097,144244,4197719,4194230,3169746,997358,11724,15403,3489,3635527,35460123
2008:Q2,age70plus,13364109,4226849,3626586,600263,9137260,1492292,489072,795326,581400,213925,386368,349793,36575,2575121,212736,22154,132477,1524884,1324853,181976,679540,674739,415585,113576,4010,141567,4801,12684569,17854887
2008:Q2,age55to69,30368588,8581967,7148206,1433761,21786621,2145785,942871,1038025,755645,282379,544723,511196,33526,5158465,425262,613452,1898000,5512225,3232246,275567,3406079,3396943,2582945,557597,15882,240518,9136,26962509,26817324
2008:Q2,age40to54,25285465,9296913,7773748,1523166,15988551,1735309,516430,729314,519807,209507,252661,231091,21571,3595557,414827,657935,1730400,3493714,2609927,252476,5638218,5628938,4556415,955498,15642,101384,9280,19647247,36451790
2008:Q2,ageunder40,7525083,4442557,3451004,991553,3082526,538041,98154,71917,56213,15704,67551,63756,3795,573210,156336,60534,339791,347396,686554,143042,4102528,4099089,3084338,993781,8014,12956,3439,3422555,35349570
2008:Q3,age70plus,12971750,4178485,3561134,617351,8793265,1526731,486809,861742,621686,240056,375031,333225,41805,2159164,211177,21476,123698,1546467,1291645,189324,706461,701706,413783,114104,7522,166296,4756,12265289,17901203
2008:Q3,age55to69,29753579,8474948,7031668,1443281,21278630,2211003,951748,1165700,849700,316000,577102,538807,38296,4539678,426002,605730,1765374,5613751,3140133,282409,3501008,3491901,2604810,557561,28697,300832,9107,26252570,26954649
2008:Q3,age40to54,24533353,9100693,7570372,1530320,15432660,1781130,512357,785930,553699,232232,237395,217987,19408,3240365,415644,637142,1586556,3464019,2516522,255599,5673138,5663902,4552203,971046,28452,112201,9235,18860215,36467338
2008:Q3,ageunder40,7147273,4265019,3278238,986781,2882254,547542,94302,61295,53797,7498,65791,61596,4195,458682,155163,59228,309736,350541,636649,143325,4078786,4075408,3041045,1001102,14192,19070,3378,3068487,35235064
2008:Q4,age70plus,12220226,4131349,3504801,626548,8088877,1584223,540932,942882,694833,248049,190610,146366,44244,1525381,207415,18499,102766,1562640,1216936,196593,643768,638400,419582,114800,8376,95642,5368,11576458,17953705
2008:Q4,age55to69,28771779,8381181,6941991,1439190,20390598,2308893,1075078,1355292,1025190,330102,562297,522288,40010,3590866,423858,565092,1542834,5698190,2979104,289094,3373467,3363836,2607555,555469,30568,170243,9632,25398312,27089390
2008:Q4,age40to54,23489481,8868838,7344780,1524058,14620643,1859847,563456,858617,619004,239613,208230,190477,17753,2694156,414308,593450,1354692,3424006,2391379,258502,5667272,5657524,4538809,976502,27538,114674,9749,17822209,36472940
2008:Q4,ageunder40,6667579,4080505,3104053,976452,2587074,574988,102148,45726,42078,3648,37402,33102,4300,296360,153697,55115,262043,351815,564275,143505,3996485,3993133,2974120,997018,13554,8441,3352,2671094,35120346
2009:Q1,age70plus,11904027,4077274,3443968,633305,7826754,1571303,532592,1023694,716871,306823,140613,92755,47857,1307882,209007,18899,103762,1573445,1147183,198375,623856,618643,421449,108421,7409,81364,5213,11280171,18012121
2009:Q1,age55to69,28293274,8276286,6839099,1437187,20016988,2304573,1070614,1491025,1094168,396857,573930,530952,42978,3214709,428349,573194,1479397,5766342,2824155,290701,3358190,3348682,2636280,533591,25927,152884,9507,24935084,27225293
2009:Q1,age40to54,22803468,8662623,7142145,1520478,14140845,1832459,552763,921058,634042,287016,189241,173465,15776,2460414,417639,583125,1284681,3373889,2268292,257283,5659763,5650161,4548342,958643,20156,123020,9602,17143705,36468642
2009:Q1,ageunder40,6296439,3903186,2942101,961085,2393253,545622,97085,41103,41103,0,29741,25223,4518,234225,152954,55228,247734,351306,497135,141121,3938962,3935676,2940516,977487,9847,7827,3285,2357478,35009157
2009:Q2,age70plus,12152333,4011488,3371665,639823,8140845,1571027,503186,918840,613963,304877,142736,91300,51435,1786452,214505,22305,134177,1595054,1050815,201751,646142,641506,444626,108638,9297,78945,4636,11506191,18076175
2009:Q2,age55to69,28717575,8172855,6730410,1442446,20544720,2318200,1022280,1276272,875444,400828,599387,553494,45893,3854169,437746,623727,1630953,5865141,2623085,293759,3359220,3350194,2633480,525520,31642,159552,9026,25358355,27366101
2009:Q2,age40to54,22853502,8544925,7020503,1524422,14308578,1822778,521260,815841,529973,285868,176039,162283,13756,2803149,424281,599756,1427161,3339171,2122055,257087,5679018,5669923,4562403,952767,23304,131449,9095,17174485,36454488
2009:Q2,ageunder40,6205699,3764033,2822208,941824,2441667,526463,87938,67299,67299,0,30131,25405,4726,330227,152736,58895,276714,353975,417815,139473,3856747,3853549,2871064,961948,11188,9349,3198,2348952,34905236
2009:Q3,age70plus,12666838,3958419,3316588,641831,8708419,1568823,464224,950141,675343,274798,148401,93510,54891,2290044,220746,26056,167437,1617873,1047963,206710,652925,648404,450113,109156,11635,77499,4521,12013914,18145596
2009:Q3,age55to69,29691823,8109772,6664013,1445759,21582051,2329046,953537,1400471,1025026,375445,625443,576775,48668,4506583,448157,678072,1796015,5968140,2578286,298302,3379926,3370989,2641862,522153,38682,168293,8937,26311897,27515558
2009:Q3,age40to54,23143638,8466983,6940471,1526512,14676655,1809213,480350,843431,580903,262528,163865,152136,11729,3137137,431363,616354,1581416,3304720,2050914,257892,5687736,5678758,4549096,962555,27299,139808,8978,17455901,36430521
2009:Q3,ageunder40,6151301,3633500,2716334,917165,2517802,505938,77207,61139,61139,0,31046,26129,4917,430778,152637,62777,308212,356933,392581,138553,3804255,3801119,2812357,964848,12877,11038,3136,2347046,34812326
2009:Q4,age70plus,12820836,3987930,3325831,662099,8832906,1618162,443348,891697,662279,229417,143503,85076,58427,2413244,225307,28909,186360,1636336,1031754,214286,678071,674383,471571,110460,13337,79015,3688,12142765,18220110
2009:Q4,age55to69,29976379,8113121,6660078,1453043,21863257,2415627,921575,1340145,1008609,331536,646752,595220,51533,4625595,456612,719442,1859785,6060276,2512121,305327,3389599,3381361,2638586,516379,43395,183001,8237,26586780,27677408
2009:Q4,age40to54,22970885,8344593,6817076,1527517,14626292,1869837,457058,788289,562099,226190,150964,141317,9648,3175968,436735,622463,1633035,3261938,1969597,260408,5705540,5697286,4553263,967232,28813,147979,8254,17265346,36396785
2009:Q4,ageunder40,6068642,3531756,2614282,917474,2536887,525121,70336,70817,68029,2788,30303,25192,5111,444516,152372,65497,319012,358562,361530,138821,3733913,3730875,2743333,960947,13387,13209,3038,2334729,34734166
2010:Q1,age70plus,13182612,3998286,3328943,669343,9184326,1613490,394111,961056,694294,266762,139732,78448,61284,2630899,226588,31333,206447,1681894,1086813,211963,705686,701065,492647,107538,21662,79217,4621,12476926,18299443
2010:Q1,age55to69,30682362,8155067,6700129,1454938,22527295,2424193,830058,1477786,1098950,378836,667211,613537,53673,4875831,461170,754823,1931264,6232716,2568873,303369,3380895,3371847,2612158,494532,69878,195280,9047,27301467,27855395
2010:Q1,age40to54,23016481,8283805,6759137,1524667,14732676,1850292,406200,840877,584455,256422,138946,131186,7760,3280851,439027,622926,1690013,3259398,1948356,255791,5692275,5683259,4524416,950985,51731,156127,9015,17324206,36353326
2010:Q1,ageunder40,5987460,3428171,2526317,901854,2559289,502695,58422,66502,66502,0,29758,24520,5238,479142,151772,67660,331145,368258,369222,134714,3627856,3624821,2646240,940001,23432,15147,3035,2359604,34674498
2010:Q2,age70plus,13075370,4018523,3343655,674868,9056847,1609600,368748,991370,750129,241241,139406,76140,63266,2371082,221502,31806,201690,1708996,1200008,212638,736290,731318,521588,109548,23779,76402,4972,12339081,18383323
2010:Q2,age55to69,30671980,8184181,6731134,1453048,22487799,2434982,787618,1615206,1258379,356827,688221,633329,54892,4472248,457997,764304,1838366,6398388,2726149,304320,3373189,3363824,2598202,488287,75426,201910,9365,27298791,28053264
2010:Q2,age40to54,22560830,8218584,6701635,1516949,14342247,1831054,378640,864110,627993,236118,128179,122027,6152,3039051,435617,606212,1584420,3247757,1974004,253204,5701496,5692219,4524926,950273,52667,164354,9276,16859335,36300187
2010:Q2,ageunder40,5811608,3344269,2458222,886046,2467340,481243,51393,58333,58333,0,29787,24506,5281,408209,150495,67694,310479,370469,407212,132024,3541663,3538661,2568140,930346,23568,16607,3002,2269945,34637062
2010:Q3,age70plus,13644244,4054029,3373645,680385,9590215,1628671,366204,946062,770041,176021,142342,76909,65432,2780410,229280,35987,232133,1746521,1268140,214465,750265,746338,538689,112669,23448,71532,3927,12893979,18471475
2010:Q3,age55to69,31771964,8188337,6731010,1457327,23583627,2481167,793035,1614446,1330005,284441,710865,654522,56343,4993155,471367,823429,1980513,6599350,2809769,306532,3366740,3358240,2591820,488417,73106,204897,8501,28405224,28274757
2010:Q3,age40to54,22782188,8119271,6604998,1514273,14662917,1843856,373183,819616,637852,181764,118158,113662,4496,3278576,443221,616857,1705003,3250131,1962991,251326,5696393,5688010,4505111,964786,45421,172692,8384,17085794,36237413
2010:Q3,ageunder40,5847131,3249318,2380938,868381,2597813,477242,48712,70725,58233,12492,30304,24960,5344,484656,150888,71636,336197,375868,421659,129926,3474813,3471909,2496135,937854,20146,17774,2904,2372318,34625599
2010:Q4,age70plus,14149820,4028854,3339770,689084,10120966,1645799,404211,1018861,729981,288880,177577,115902,61675,3071914,232961,38586,250255,1790143,1274247,216411,768858,764196,535614,126128,22833,79621,4662,13380962,18563655
2010:Q4,age55to69,32518874,8172354,6707444,1464910,24346520,2462833,876426,1584983,1173358,411625,688516,633754,54763,5413680,483455,862950,2086824,6754655,2822085,310112,3403986,3394655,2571320,529839,75176,218320,9331,29114888,28522414
2010:Q4,age40to54,23032933,7949939,6448690,1501249,15082994,1802952,388640,828915,572587,256328,127456,119660,7796,3485022,441163,633929,1813907,3281397,2029225,250388,5645563,5636636,4414616,1009007,45994,167019,8927,17387370,36165285
2010:Q4,ageunder40,5949484,3205498,2325239,880258,2743987,483191,54163,71169,71169,0,29638,23779,5859,562331,150511,75093,363968,385599,437617,130708,3460627,3457679,2436348,981837,20773,18721,2948,2488857,34642478
2011:Q1,age70plus,14492425,4005286,3306629,698656,10487139,1711594,396909,1017172,751071,266101,200316,140499,59818,3326929,238725,38761,264116,1809279,1265270,218067,791511,786769,547895,125007,20977,92890,4742,13700914,18659735
2011:Q1,age55to69,32998757,8102948,6620320,1482629,24895809,2515848,864322,1563614,1181315,382299,662934,607896,55039,5786496,498634,871150,2164823,6843862,2810480,313645,3422747,3413136,2575793,522067,73023,242253,9611,29576010,28793941
2011:Q1,age40to54,23124488,7781662,6284741,1496921,15342827,1828365,361841,785647,562025,223621,134025,123746,10280,3658677,440684,632384,1893808,3274021,2084213,249161,5594753,5585827,4384756,997095,42590,161386,8926,17529735,36085030
2011:Q1,ageunder40,6054359,3168329,2278272,890057,2886030,525504,51656,69503,69503,0,27267,20801,6466,632987,150466,76074,386531,388304,446301,131437,3438904,3435941,2411682,984140,19647,20472,2963,2615455,34684584
2011:Q2,age70plus,14702594,4053397,3338743,714654,10649198,1767730,395030,1088217,763805,324411,246033,188168,57865,3297673,243818,39265,266171,1826259,1259379,219624,796790,791932,550334,128383,18361,94853,4859,13905804,18759617
2011:Q2,age55to69,33186025,8109654,6612577,1497077,25076371,2553735,864088,1611790,1169290,442499,651909,596870,55039,5777702,513378,884247,2166586,6930596,2805068,317271,3440865,3430933,2584942,534100,67664,244226,9932,29745160,29085844
2011:Q2,age40to54,23019478,7640282,6153754,1486527,15379197,1837251,341180,794046,544734,249312,143321,130724,12597,3639320,439446,633104,1899526,3262098,2142115,247790,5534659,5525707,4336667,996121,36728,156191,8952,17484819,35998114
2011:Q2,ageunder40,6136959,3184806,2273990,910816,2952153,560753,50208,69515,69515,0,28424,21434,6991,641377,150406,77430,394317,390497,457045,132181,3424039,3421058,2388725,994472,17367,20494,2980,2712920,34747433
2011:Q3,age70plus,14240864,4024426,3309225,715201,10216438,1828262,392431,1217575,849264,368311,265258,208343,56915,2666910,245857,37039,239033,1832884,1264650,226539,803444,799111,555684,132741,18323,92363,4333,13437420,18863201
2011:Q3,age55to69,32468746,8115681,6595001,1520680,24353065,2596872,862546,1816943,1330983,485959,629172,573166,56006,4946862,524579,861181,1979821,6989966,2819039,326084,3459635,3449930,2593840,546582,72100,237409,9705,29009111,29394624
2011:Q3,age40to54,22449761,7599377,6111636,1487742,14850384,1849449,320925,842110,579323,262788,148558,134033,14525,3219949,435515,613528,1727300,3233846,2209254,249951,5497418,5488954,4292623,1006204,39039,151088,8464,16952343,35906003
2011:Q3,ageunder40,6017994,3182580,2275575,907006,2835414,599465,48727,53877,53877,0,25973,18412,7561,517078,150043,76007,365127,389763,474076,135276,3424535,3421565,2366247,1016648,18830,19841,2970,2593459,34826537
2011:Q4,age70plus,14632912,4046875,3325143,721732,10586037,1890964,402190,1243147,866830,376317,258672,203291,55380,2870586,255165,38598,255365,1854303,1281278,235771,801136,796895,554565,137675,18411,86243,4241,13831777,18970388
2011:Q4,age55to69,33111693,8118746,6587056,1531690,24992947,2641648,887937,1817481,1325785,491695,593522,537329,56193,5260270,545404,889112,2073205,7094777,2852355,337236,3485699,3475842,2609705,565099,77763,223275,9857,29625994,29716783
2011:Q4,age40to54,22583040,7439056,5964748,1474308,15143984,1861861,312124,815133,562865,252268,149958,133521,16437,3359987,437438,621785,1820044,3226405,2285722,253527,5453351,5445027,4241468,1015111,42314,146134,8324,17129689,35810160
2011:Q4,ageunder40,6158128,3165945,2249021,916924,2992183,639936,49365,53533,53533,0,20393,12378,8015,577776,150527,78495,391872,393342,497569,139374,3429963,3426983,2349200,1038340,20800,18642,2981,2728165,34917410
2012:Q1,age70plus,15221377,4094323,3357383,736940,11127054,1936863,390872,1253159,839593,413566,279672,227640,52032,3313270,255547,42150,279796,1878974,1262656,234097,823435,818581,567594,138035,16704,96248,4854,14397943,19081079
2012:Q1,age55to69,33955038,8114407,6570580,1543827,25840632,2659737,867656,1746649,1218531,528118,573513,519333,54180,5901592,554997,944371,2216892,7210693,2826349,338183,3494916,3484286,2606599,560589,75633,241465,10631,30460122,30048825
2012:Q1,age40to54,22807943,7247850,5788189,1459661,15560092,1848632,286475,778360,518446,259915,155524,137060,18465,3647650,431929,644145,1958623,3222732,2336231,249790,5390606,5381874,4198123,1003845,39109,140797,8732,17417337,35712051
2012:Q1,ageunder40,6348612,3159242,2220756,938486,3189369,667240,46585,62866,62866,0,18759,10560,8199,692325,150013,83019,429030,397828,502907,138798,3400858,3397835,2315645,1042573,19719,19898,3023,2947754,35015568
2012:Q2,age70plus,15250092,4132023,3394235,737788,11118069,1965954,382440,1326998,931826,395172,306739,258074,48665,3163813,248261,40276,275468,1891712,1282829,233579,829558,824076,569359,143007,15599,96110,5482,14420534,19195175
2012:Q2,age55to69,34040926,8202404,6642028,1560376,25838521,2650635,853402,1891286,1384556,506730,558037,506060,51978,5731927,554756,926410,2174808,7291917,2865109,340234,3519957,3508533,2615767,577283,76212,239270,11424,30520969,30387252
2012:Q2,age40to54,22673351,7264049,5811773,1452276,15409303,1810403,264547,782271,548097,234175,161719,141492,20226,3552739,420237,627184,1925176,3201175,2417035,246816,5336789,5327650,4144750,1009008,38158,135734,9140,17336562,35613141
2012:Q2,ageunder40,6404250,3212490,2273966,938524,3191760,681012,44381,45549,45549,0,17970,9658,8312,675644,148642,82003,429887,398801,529157,138715,3395497,3392433,2291953,1061170,19700,19609,3064,3008753,35116523
2012:Q3,age70plus,15753662,4195358,3455087,740270,11558305,2000642,396610,1396265,933745,462520,324395,278616,45778,3390438,251587,41878,290280,1911945,1319910,234354,827575,822009,560648,147055,14519,99786,5566,14926088,19312577
2012:Q3,age55to69,34856852,8341222,6765407,1575814,26515631,2646949,888712,1915959,1341526,574433,538689,488520,50169,6077688,568343,955655,2253566,7395123,2931451,343495,3569444,3557697,2639276,596677,76945,244800,11747,31287408,30728567
2012:Q3,age40to54,22945657,7264382,5820939,1443443,15681275,1777844,261159,780780,522460,258320,166050,144359,21690,3694059,417090,635100,2003658,3189855,2510997,244682,5281897,5272772,4085518,1019236,37334,130684,9125,17663760,35514895
2012:Q3,ageunder40,6606149,3259429,2318349,941080,3346720,698660,45786,49296,49296,0,16118,7696,8423,742984,148423,84517,455095,401809,564868,139163,3410390,3407308,2280189,1087485,19739,19895,3082,3195759,35215789
2012:Q4,age70plus,15997673,4265354,3517391,747963,11732318,2084564,423940,1370683,966670,404013,351297,308284,43013,3413009,253658,42490,294504,1929241,1329535,239397,849908,845697,582331,156807,13547,93012,4211,15147764,19433187
2012:Q4,age55to69,35284372,8466231,6872301,1593930,26818141,2713046,953273,1879983,1368426,511558,525136,476786,48350,6142519,580320,971362,2262656,7488512,2950519,350814,3563735,3552939,2628615,617133,78407,228784,10796,31720637,31069272
2012:Q4,age40to54,22988410,7233399,5797204,1436194,15755011,1808922,267760,726333,514319,212014,171552,148631,22921,3707018,412915,635866,2019763,3174015,2585587,245279,5255613,5247589,4053704,1031065,37050,125770,8024,17732797,35418779
2012:Q4,ageunder40,6758915,3296333,2346981,949352,3462582,754876,49226,45475,45475,0,15404,6914,8490,765066,148017,85999,467062,403803,586274,141381,3391918,3388880,2242343,1107901,20044,18592,3038,3366998,35308882
2013:Q1,age70plus,16729710,4402392,3643286,759106,12327318,2130547,408240,1320717,957378,363339,357079,315363,41716,3922823,256882,44850,315473,1996333,1332885,241490,811031,806518,542324,150602,12528,101064,4513,15918679,19556904
2013:Q1,age55to69,36505695,8695475,7088896,1606580,27810220,2719423,922290,1768720,1303382,465338,502271,454129,48141,6874064,593767,1010956,2376174,7729787,2957545,355222,3643149,3631840,2686655,622234,79753,243197,11310,32862546,31405871
2013:Q1,age40to54,23425424,7232569,5809010,1423559,16192856,1787057,242645,663176,484890,178286,173205,149236,23969,4009753,409637,648738,2130636,3227151,2656890,243968,5152686,5144506,3968161,1018883,36676,120786,8180,18272738,35326256
2013:Q1,ageunder40,7057730,3365228,2401383,963846,3692502,780389,45947,54805,51281,3524,12480,3763,8717,895522,147667,89205,499909,419755,604541,142282,3420698,3417635,2255758,1122053,20301,19522,3063,3637032,35391314
2013:Q2,age70plus,16967679,4511833,3751728,760105,12455846,2179021,401972,1166076,907787,258290,400203,359831,40372,3976514,257863,45332,320173,2059014,1404719,244959,823394,818240,543952,156210,11769,106309,5154,16144285,19683630
2013:Q2,age55to69,36932576,8907665,7288527,1619138,28024912,2725566,911665,1508443,1165035,343408,498954,451183,47771,6978096,604142,1024494,2383370,7951882,3077458,360841,3693738,3681609,2703545,642832,83411,251821,12129,33238839,31734865
2013:Q2,age40to54,23575815,7317569,5903816,1413752,16258247,1766489,225628,554753,438745,116007,180793,155886,24907,4037151,404632,648468,2148248,3271219,2777339,243527,5111745,5103161,3926948,1022317,37927,115970,8584,18464070,35238793
2013:Q2,ageunder40,7325930,3459430,2495606,963824,3866500,807109,44197,87953,62814,25139,13602,4703,8899,924285,146991,90469,512433,435986,659794,143681,3423513,3420412,2240153,1138834,21408,20016,3101,3902417,35458600
2013:Q3,age70plus,17525816,4600893,3841555,759338,12924923,2237473,410552,1142819,909352,233467,409861,370743,39118,4224812,262958,47882,339128,2127105,1472385,249948,830232,825520,546745,162113,10226,106437,4711,16695584,19813267
2013:Q3,age55to69,38007808,9157019,7518960,1638059,28850789,2742330,933770,1443004,1131713,311292,479391,431987,47404,7345194,619768,1066245,2478214,8187312,3187777,367784,3738435,3726461,2732278,663824,80720,249639,11975,34269373,32052757
2013:Q3,age40to54,24024962,7404338,5993379,1410959,16620624,1757033,219602,515514,418743,96771,182818,157072,25746,4175759,402816,662316,2244738,3321640,2894356,244031,5093744,5085558,3902446,1037146,34790,111176,8186,18931218,35157853
2013:Q3,ageunder40,7637983,3557279,2599173,958107,4080703,840974,44676,93619,64332,29287,11276,2219,9056,995690,146651,93732,542292,453305,712879,145610,3447946,3444855,2237737,1167214,20180,19724,3091,4190036,35506254
2013:Q4,age70plus,18255837,4731198,3964024,767174,13524639,2256368,422891,1089759,857612,232146,420048,379055,40993,4595432,272331,49128,371619,2240307,1545928,260829,895080,889922,559044,169761,11067,150050,5159,17360756,19945692
2013:Q4,age55to69,39201925,9285495,7637416,1648079,29916429,2800673,932666,1361370,1050116,311254,495421,449223,46198,7837738,628140,1116550,2648928,8414235,3305673,375034,3835438,3823037,2735625,675790,87466,324156,12401,35366486,32356560
2013:Q4,age40to54,24332640,7498816,6089317,1409499,16833824,1765959,220526,491216,393851,97366,183412,159136,24276,4311495,402870,676795,2336430,3348460,2848829,247830,5103991,5095592,3888235,1058850,39006,109500,8398,19228649,35084281
2013:Q4,ageunder40,7672372,3549611,2597028,952583,4122761,832234,45658,111946,80188,31758,14262,6180,8081,999811,146647,95968,561531,462892,703661,148152,3449360,3446247,2212139,1186067,23757,24284,3114,4223011,35531400
2014:Q1,age70plus,18939926,4871609,4094946,776663,14068317,2305679,431366,1086004,858732,227272,438223,395632,42590,4939813,280533,48439,386924,2308837,1577854,264645,931486,925923,579050,172144,11182,163548,5563,18008439,20080701
2014:Q1,age55to69,40116874,9404577,7754862,1649715,30712297,2903074,921702,1367481,1060702,306779,515164,470366,44798,8293467,634513,1140024,2709854,8499334,3352554,375128,3822067,3809286,2722523,664410,87233,335120,12782,36294806,32645325
2014:Q1,age40to54,24420949,7528894,6127567,1401327,16892055,1813517,218757,488502,392145,96357,185180,162326,22854,4432215,401999,678308,2334352,3313773,2778201,247251,5095650,5087075,3874984,1066909,38472,106710,8575,19325299,35016426
2014:Q1,ageunder40,7670788,3555044,2603680,951364,4115744,847055,46019,123530,89070,34461,18426,11299,7128,998256,146423,96239,559766,459348,673037,147642,3418547,3415415,2172909,1193353,24873,24279,3132,4252241,35537607
2014:Q2,age70plus,19683866,5012326,4225089,787238,14671539,2324501,425265,1106140,843775,262365,425564,381453,44110,5306767,291018,48289,408840,2380444,1684262,270450,973958,967836,602161,182159,11568,171949,6122,18709908,20218065
2014:Q2,age55to69,41188661,9547009,7886156,1660853,31641652,2957936,878420,1392039,1042479,349559,521123,477675,43448,8778386,643471,1170908,2812113,8587052,3523336,376868,3830196,3816903,2714831,677847,89360,334865,13293,37358465,32918610
2014:Q2,age40to54,24669606,7652085,6249869,1402216,17017521,1821141,207586,497198,383396,113803,182448,160955,21493,4564900,402763,683507,2368482,3282361,2759276,247859,5119204,5110347,3875162,1091792,39781,103612,8857,19550402,34952018
2014:Q2,ageunder40,7722261,3592444,2645207,947237,4129816,837056,44256,132312,98274,34038,19522,13295,6227,1001568,146360,97008,565857,456215,681800,147862,3407769,3404615,2141732,1212203,27199,23481,3154,4314492,35530052
2014:Q3,age70plus,20041371,5180635,4375458,805177,14860736,2352135,442598,1107235,846787,260448,436080,390674,45405,5248840,298730,46068,415460,2448585,1790706,274299,982609,976694,623047,190926,11607,151113,5915,19058761,20357555
2014:Q3,age55to69,41592583,9705781,8032529,1673252,31886802,3024256,884291,1402441,1054085,348356,537862,495877,41984,8673992,648296,1172978,2815936,8657425,3692907,376419,3775503,3762393,2715766,688576,87980,270071,13110,37817080,33175977
2014:Q3,age40to54,24553128,7728450,6324999,1403451,16824678,1839307,211350,496709,382459,114250,183132,162951,20180,4461502,401399,675309,2321602,3245332,2741780,247256,5150241,5141646,3880713,1123605,38530,98798,8595,19402887,34888787
2014:Q3,ageunder40,7660812,3614365,2662717,951647,4046447,833610,45815,142691,105901,36790,23452,18091,5361,915852,145966,95775,553850,451741,690473,147222,3409108,3405962,2119827,1239838,28145,18151,3146,4251703,35513915
2014:Q4,age70plus,20655222,5333390,4513257,820133,15321833,2378240,459167,1084074,840948,243125,408995,362275,46719,5515978,310240,45661,433082,2521925,1885308,279164,1015843,1010061,643711,200357,12001,153992,5782,19639379,20498945
2014:Q4,age55to69,42415383,9809946,8131986,1677960,32605437,3086397,886819,1378271,1049520,328751,538410,497738,40672,9014468,657705,1200172,2888818,8736727,3840974,376674,3776085,3763098,2715086,702123,89693,256196,12987,38639298,33416986
2014:Q4,age40to54,24615646,7749556,6350111,1399445,16866090,1854730,214356,485107,377622,107485,178793,159862,18931,4538627,402702,679078,2333669,3213924,2717889,247217,5176728,5168341,3885117,1147966,39803,95456,8387,19438918,34824461
2014:Q4,ageunder40,7643240,3604586,2650364,954222,4038654,828693,47219,154022,113316,40706,23300,18742,4558,899692,145928,96300,554993,448384,693166,146956,3407120,3403978,2097593,1259094,30846,16445,3142,4236120,35494372
2015:Q1,age70plus,21249369,5488418,4653603,834815,15760951,2453892,461142,1082107,878307,203801,398330,351107,47222,5702646,321498,44567,450464,2594210,1968584,283512,1041242,1034989,658984,201173,12483,162349,6253,20208127,20642006
2015:Q1,age55to69,43187356,9928146,8243668,1684478,33259210,3221405,858103,1400476,1118447,282029,546476,507799,38677,9239564,666319,1217808,2958922,8805832,3968158,376148,3754233,3740836,2705382,689376,91993,254084,13397,39433123,33641197
2015:Q1,age40to54,24726812,7818058,6420357,1397701,16908754,1930089,208207,481701,391297,90404,176933,159250,17683,4570751,403672,678527,2344376,3179685,2687995,246818,5165914,5157316,3870819,1152291,41862,92344,8597,19560898,34756768
2015:Q1,ageunder40,7654934,3610381,2655035,955345,4044553,861040,46553,164474,119821,44653,25286,21543,3743,867753,145861,96202,555986,444474,690456,146469,3383108,3379949,2065752,1264262,34349,15586,3159,4271826,35476604
2015:Q2,age70plus,21678566,5675603,4814778,860825,16002963,2474765,466602,1037275,878969,158306,373966,326313,47653,5780418,328744,43399,459586,2665366,2084138,288704,1078193,1071557,676142,210200,13013,172201,6637,20600372,20786510
2015:Q2,age55to69,43659434,10077637,8374377,1703260,33581797,3271657,835767,1348626,1122846,225781,549190,512410,36780,9309504,669157,1234399,2975305,8864413,4147619,376159,3787076,3773356,2718317,705473,94514,255052,13720,39872358,33848169
2015:Q2,age40to54,24715689,7938755,6534294,1404460,16776934,1936558,204161,459451,389028,70423,173484,156994,16490,4543085,401633,677620,2312716,3142368,2679019,246840,5202004,5193263,3882742,1176604,44608,89309,8741,19513685,34683438
2015:Q2,ageunder40,7650320,3659646,2693105,966541,3990674,851553,46375,172331,126811,45520,25878,22888,2990,815152,145427,96085,547764,440057,703728,146324,3401690,3398516,2059410,1285463,38681,14961,3174,4248630,35465788
2015:Q3,age70plus,21614378,5802421,4931834,870586,15811957,2490870,496319,1143210,988065,155145,349243,301674,47568,5317645,332988,39756,446373,2731816,2166635,297102,1109314,1102707,695018,219059,13401,175228,6607,20505064,20932229
2015:Q3,age55to69,43403982,10224161,8502510,1721651,33179822,3312624,859797,1545816,1323621,222195,552397,517820,34577,8625568,667587,1216871,2849462,8901510,4269202,378987,3799263,3785595,2730682,719662,95312,239939,13668,39604719,34037464
2015:Q3,age40to54,24376442,8106929,6692620,1414309,16269513,1936325,214228,502343,432352,69991,170270,154954,15316,4221948,397364,661447,2169506,3097274,2650199,248609,5246593,5237993,3897434,1208334,46249,85976,8601,19129849,34602200
2015:Q3,ageunder40,7474031,3684677,2727527,957150,3789354,838731,49496,179261,131910,47351,26688,24418,2270,658927,144764,93751,514837,434228,701212,147461,3430301,3427125,2055203,1316010,42681,13231,3176,4043730,35467102
2015:Q4,age70plus,22177475,5933466,5050758,882708,16244008,2550579,516483,1066774,1004670,62104,325917,278237,47679,5604039,342782,40196,469043,2810120,2211353,306722,1136322,1129669,719835,216191,14131,179512,6653,21041153,21078935
2015:Q4,age55to69,44154815,10336520,8601151,1735369,33818295,3417153,863000,1451719,1355262,96457,557366,524641,32724,8976157,672887,1255791,2949222,8967257,4325049,382693,3776475,3762799,2741033,695128,99561,227076,13676,40378340,34208642
2015:Q4,age40to54,24547705,8211868,6791804,1420064,16335836,1986965,218251,464048,436204,27845,167490,153276,14214,4308470,396840,670787,2207479,3065218,2599359,250929,5253841,5245331,3921229,1188636,52765,82701,8510,19293864,34510783
2015:Q4,ageunder40,7472879,3689081,2736597,952483,3783799,858134,51289,169806,139337,30469,27927,26300,1628,651587,144707,95284,522994,431479,681487,149104,3419490,3416308,2053708,1300274,50649,11677,3182,4053389,35485725
2016:Q1,age70plus,22728534,6094979,5189602,905376,16633555,2617307,521837,1101766,1046709,55057,331597,283195,48402,5755823,353128,39267,485416,2887371,2225688,314355,1161142,1153969,735522,217782,14435,186231,7173,21567391,21226400
2016:Q1,age55to69,44720975,10425554,8678146,1747408,34295420,3529870,836529,1521645,1435197,86448,576264,544738,31526,9135070,678441,1275879,3007564,9022286,4327684,384189,3759342,3745246,2740131,686802,98892,219420,14096,40961632,34361261
2016:Q1,age40to54,24589984,8274732,6852074,1422657,16315252,2043676,213426,475390,450268,25122,168375,155159,13216,4320389,396490,671642,2213035,3029497,2531368,251965,5254844,5246114,3916434,1195556,54611,79514,8729,19335141,34406916
2016:Q1,ageunder40,7456627,3703375,2741574,961801,3753251,882506,51068,175110,146026,29085,33137,32069,1068,619240,144798,95652,524451,428373,648883,150032,3421745,3418538,2039995,1312096,55941,10506,3207,4034882,35526836
2016:Q2,age70plus,23460899,6348013,5413693,934321,17112886,2624588,515162,1127478,1091553,35924,319210,269872,49337,5994733,367290,39293,503378,2971737,2326224,323794,1197380,1189822,751782,225850,14595,197595,7558,22263519,21374396
2016:Q2,age55to69,45517919,10607970,8852176,1755794,34909949,3550747,787431,1578874,1520958,57916,588303,557714,30589,9408960,688496,1309098,3074004,9064765,4472159,387113,3788244,3773858,2754715,700596,95959,222588,14386,41729675,34494884
2016:Q2,age40to54,24698475,8366732,6945414,1421318,16331743,2028552,201857,481636,464979,16657,167200,154915,12284,4376832,398492,678219,2225192,3004703,2515221,253841,5281447,5272596,3926691,1215322,54067,76516,8851,19417028,34288327
2016:Q2,ageunder40,7500576,3765031,2784739,980292,3735545,863957,49286,174483,152760,21723,36434,35878,556,604083,145361,97001,528101,428249,656850,151740,3453160,3449930,2044670,1335025,60118,10117,3230,4047416,35595612
2016:Q3,age70plus,24054746,6469464,5530765,938699,17585282,2685876,518037,1081010,1070834,10176,288378,238590,49788,6255082,379013,39570,527963,3059540,2418969,331845,1239427,1232179,773376,234671,14772,209360,7248,22815319,21522696
2016:Q3,age55to69,46259254,10742637,8968441,1774196,35516616,3650261,755789,1491993,1474897,17095,593911,564557,29355,9706032,694856,1345699,3179337,9109755,4600576,388408,3816440,3802379,2769375,713927,92602,226475,14061,42442814,34609070
2016:Q3,age40to54,24990455,8574891,7142482,1432409,16415564,2074467,195684,457489,452687,4802,164283,152915,11368,4441547,398547,686099,2267155,2981378,2494158,254758,5325335,5316817,3945850,1243713,53689,73565,8518,19665120,34152746
2016:Q3,ageunder40,7588499,3826833,2860946,965887,3761666,884747,48830,169215,161865,7350,37769,37707,63,593357,145840,98701,539395,429062,661723,153026,3502188,3498954,2054748,1369279,65129,9800,3233,4086311,35697233
2016:Q4,age70plus,24196518,6547527,5599714,947813,17648991,2738080,513753,1048043,1048043,0,285732,236111,49622,6279545,376798,44501,546745,3100833,2376655,338307,1254462,1247831,791305,245802,15234,195490,6630,22942056,21671136
2016:Q4,age55to69,46397233,10914640,9135261,1779379,35482593,3687692,738536,1397232,1397232,0,570213,541288,28925,9795906,685730,1328362,3188827,9127422,4569311,393363,3818538,3805101,2758003,735434,96755,214908,13437,42578696,34703774
2016:Q4,age40to54,25345633,8710532,7262967,1447565,16635102,2111154,194078,430593,430593,0,170109,158260,11849,4533987,406826,674963,2283040,2990425,2581024,258903,5335823,5327471,3943081,1257105,50347,76937,8353,20009810,33998888
2016:Q4,ageunder40,7648778,3866905,2904933,961972,3781873,897516,47995,160606,160606,0,34157,34047,110,593631,148138,99018,543828,444091,656585,156308,3571544,3568266,2099540,1398097,60961,9668,3278,4077234,35835056
2017:Q1,age70plus,24825130,6660559,5693391,967168,18164571,2815251,504247,1056133,1056133,0,308326,259297,49030,6638774,381010,52984,584969,3150110,2333114,339652,1275088,1267998,811951,247674,15589,192784,7090,23550042,21819820
2017:Q1,age55to69,47259203,11067803,9282201,1785603,36191399,3759523,711899,1378859,1378859,0,556808,528665,28143,10338124,684636,1357741,3312054,9163190,4535289,393276,3812417,3798668,2741708,726830,99682,230448,13749,43446786,34780535
2017:Q1,age40to54,26010268,8828093,7366429,1461664,17182175,2173880,189658,421007,421007,0,178483,166142,12341,4797061,419101,684026,2385342,3006781,2666712,260124,5321934,5313064,3939654,1246666,45983,80761,8870,20688334,33829418
2017:Q1,ageunder40,7865663,3947567,2976799,970768,3918096,928386,46531,159163,159163,0,33979,33828,150,656207,151212,102575,569078,461509,651663,157793,3623406,3620043,2143216,1409255,56094,11478,3363,4242257,36005164
2017:Q2,age70plus,25346695,6766994,5790156,976839,18579701,2815571,501890,1100257,1100257,0,313421,264076,49345,6823420,382215,60515,616670,3199065,2423821,342857,1303421,1296243,833009,257034,16339,189861,7178,24043274,21968913
2017:Q2,age55to69,47995299,11231380,9445061,1786319,36763919,3715218,697439,1424964,1424964,0,536977,508956,28021,10637550,679391,1372896,3389820,9192476,4722424,394762,3838681,3824949,2731862,740797,107112,245178,13732,44156618,34841288
2017:Q2,age40to54,26588082,8991379,7518172,1473206,17596703,2148180,188985,424626,424626,0,184600,171660,12941,4968076,429150,686913,2452875,3020620,2830454,262222,5334946,5325801,3941961,1251290,48032,84518,9145,21253136,33647988
2017:Q2,ageunder40,8076932,4055450,3085745,969705,4021482,904700,46018,157478,157478,0,31514,31293,220,687436,154180,105327,587204,479110,708401,160113,3702374,3698936,2195728,1433588,56368,13252,3439,4374557,36201819
2017:Q3,age70plus,25782761,6866144,5883636,982508,18916617,2847924,522117,1082974,1082974,0,316895,268875,48020,7034189,386035,68271,652877,3249259,2402289,353786,1326456,1319334,853435,265728,16699,183472,7122,24456305,22118584
2017:Q3,age55to69,48587298,11403440,9618373,1785067,37183858,3716471,721199,1359411,1359411,0,516201,489576,26625,10967641,677252,1389618,3489034,9220292,4723473,403266,3856113,3842525,2727123,753591,109917,251894,13588,44731185,34887966
2017:Q3,age40to54,27147382,9144215,7660200,1484015,18003168,2157433,200110,405743,405743,0,190341,176859,13481,5150321,440676,690470,2536457,3034106,2929267,268243,5351058,5341732,3947064,1262207,44331,88129,9327,21796324,33458248
2017:Q3,ageunder40,8264110,4148230,3183667,964564,4115879,903960,48427,156588,156588,0,29086,28837,249,724249,157530,108305,609905,497277,715089,165462,3793037,3789522,2255179,1467657,52198,14488,3514,4471073,36419281
2017:Q4,age70plus,26461982,6941308,5943163,998145,19520674,2903616,547435,1106992,1106992,0,298873,251533,47341,7432904,390136,76493,692769,3301271,2412450,357734,1360624,1353608,873188,277683,17246,185491,7016,25101358,22268999
2017:Q4,age55to69,49563581,11543112,9744946,1798166,38020469,3749897,753071,1366781,1366781,0,487365,461677,25688,11542884,675231,1410983,3604305,9248682,4776190,405080,3899472,3886074,2718980,775056,114758,277280,13398,45664110,34922504
2017:Q4,age40to54,27863266,9295885,7791958,1503927,18567382,2191117,213965,401678,401678,0,192959,178829,14130,5422056,452182,696014,2631954,3048192,3046774,270489,5367300,5357825,3947451,1275058,43382,91934,9475,22495966,33263849
2017:Q4,ageunder40,8512120,4233867,3266469,967398,4278252,919682,51551,155298,155298,0,24004,23703,301,797376,161027,111701,636203,516123,737042,168247,3886577,3882986,2312726,1502988,50217,17056,3590,4625543,36651813
2018:Q1,age70plus,26740818,7093135,6072472,1020664,19647683,2998331,541914,1144126,1144126,0,303334,256933,46402,7369618,392174,82219,707209,3350758,2395770,362230,1383174,1375255,895377,279493,17883,182501,7919,25357645,22420327
2018:Q1,age55to69,49785054,11761411,9953126,1808285,38023643,3837650,731577,1395213,1395213,0,467799,443277,24523,11500495,670397,1398008,3565017,9265321,4784913,407254,3885878,3871817,2696666,763392,120456,291303,14061,45899176,34946834
2018:Q1,age40to54,28264269,9476220,7955616,1520604,18788050,2265577,211417,401676,401676,0,198237,183404,14833,5468715,462239,687226,2612307,3058223,3149485,272948,5350005,5339774,3939097,1261687,43427,95563,10231,22914264,33068444
2018:Q1,ageunder40,8705618,4367520,3388193,979328,4338097,962881,50646,153711,153711,0,21835,21484,351,783363,164428,112857,635351,534461,747272,171292,3944427,3940725,2357548,1515305,49018,18854,3702,4761190,36893677
2018:Q2,age70plus,27117217,7188418,6148788,1039630,19928798,3005303,556128,1206235,1206235,0,311944,266660,45284,7463944,396656,89167,735478,3403375,2395852,364717,1406090,1398305,919184,288008,18896,172217,7785,25711126,22572734
2018:Q2,age55to69,50181163,11873506,10056407,1817099,38307657,3796973,743301,1464681,1464681,0,450155,426968,23187,11665714,668463,1399839,3602883,9287167,4821018,407462,3892607,3878766,2686864,771664,130361,289877,13841,46288556,34962893
2018:Q2,age40to54,28686756,9599545,8062462,1537082,19087211,2244457,219350,408984,408984,0,203966,188355,15611,5592714,473720,684855,2650986,3071017,3262806,274355,5362584,5352228,3944740,1260693,47778,99017,10356,23324171,32875683
2018:Q2,ageunder40,8873188,4481626,3494538,987088,4391562,943561,52338,150972,150972,0,20237,19836,401,799454,168117,115062,648659,553710,765847,173605,4028273,4024491,2416063,1537809,51021,19598,3782,4844915,37139135
2018:Q3,age70plus,27760088,7300290,6245586,1054704,20459798,2996898,558822,1294920,1294920,0,323424,279285,44139,7801074,402004,96310,775860,3459749,2380779,369958,1433154,1425097,942403,298489,19354,164850,8057,26326934,22726387
2018:Q3,age55to69,50984351,12021569,10200640,1820929,38962783,3733865,735118,1579140,1579140,0,433899,412111,21789,12145109,667438,1402905,3705968,9316314,4832948,410078,3911534,3897577,2682277,786563,133693,295044,13957,47072817,34972613
2018:Q3,age40to54,29252282,9718654,8167751,1550903,19533628,2207713,221210,423073,423073,0,210044,193547,16497,5830720,485659,683214,2738582,3087515,3368758,277139,5386493,5375772,3954305,1273570,45319,102578,10721,23865788,32689219
2018:Q3,ageunder40,9062927,4578129,3586947,991182,4484799,913143,52502,145567,145567,0,19021,18563,458,862429,171919,117380,674106,573957,777817,176958,4128595,4124720,2480035,1575943,47918,20825,3875,4934332,37382448
2018:Q4,age70plus,26562146,7193771,6123187,1070584,19368375,3063981,610953,1386461,1386461,0,318543,275534,43009,6551870,394707,97383,734762,3502751,2329669,377294,1451267,1443788,963945,310715,20580,148548,7479,25110879,22881456
2018:Q4,age55to69,48900377,11807619,9971952,1835667,37092758,3777159,809888,1698583,1698583,0,411577,391224,20353,10568560,650640,1327022,3342928,9304054,4787875,414473,3915993,3902627,2669117,804914,146209,282387,13367,44984384,34977928
2018:Q4,age40to54,28590325,9653210,8080504,1572706,18937115,2250493,249509,436143,436143,0,213585,196065,17520,5338046,489955,649277,2484063,3089220,3455869,280956,5405984,5395394,3954153,1282942,52078,106220,10591,23184340,32512701
2018:Q4,ageunder40,8784088,4567851,3575202,992649,4216237,935356,59314,137679,137679,0,15931,15406,525,620153,174570,114219,614177,590652,773114,181072,4219099,4215156,2534404,1608471,51458,20824,3942,4564989,37617878
2019:Q1,age70plus,28187145,7276389,6170049,1106340,20910756,3145251,650282,1472941,1472941,0,328158,285950,42208,7710201,404203,108826,808461,3573182,2330957,378295,1462507,1454504,983522,312459,20462,138060,8004,26724638,23038105
2019:Q1,age55to69,51039279,11754203,9916607,1837596,39285076,3838844,862814,1808515,1808515,0,395333,376227,19107,12107586,654520,1382888,3626257,9367529,4827699,413090,3876799,3863111,2645090,793257,142335,282428,13688,47162480,34980774
2019:Q1,age40to54,29641414,9579531,7996410,1583121,20061883,2307491,271303,446081,446081,0,219333,200585,18749,5958925,504452,669995,2706383,3121169,3575027,281722,5375970,5364867,3942360,1269549,42954,110004,11103,24265444,32349782
2019:Q1,ageunder40,9194693,4617774,3596899,1020874,4576919,966879,64507,128101,128101,0,14567,13948,619,840775,178716,120176,672774,614336,793359,182728,4264496,4260452,2575965,1619204,43557,21726,4044,4930197,37839688
2019:Q2,age70plus,28955686,7534125,6408873,1125252,21421561,3136952,641930,1578366,1578366,0,346498,305202,41296,7955156,407669,118073,848555,3620047,2386949,381366,1483975,1476334,1000109,322086,21231,132908,7641,27471711,23196504
2019:Q2,age55to69,52097277,12126854,10289434,1837420,39970424,3774499,834023,1953984,1953984,0,382518,364814,17704,12461263,650882,1409114,3715478,9420514,4954618,413530,3907958,3894679,2643620,808663,148895,293501,13279,48189319,34983083
2019:Q2,age40to54,30363151,9830325,8235002,1595322,20532827,2272959,267305,459194,459194,0,226626,206441,20186,6159184,515433,678735,2787083,3155449,3727259,283600,5390518,5379410,3947209,1274648,43816,113737,11108,24972633,32204112
2019:Q2,ageunder40,9473257,4797352,3768749,1028603,4675905,934684,63056,113455,113455,0,14230,13504,726,885916,182242,124047,695637,637663,839901,185074,4357053,4352938,2640025,1646711,42796,23406,4115,5116205,38042139
2019:Q3,age70plus,29034271,7493501,6360329,1133173,21540769,3158845,715512,1614820,1614820,0,371591,331309,40282,7847835,411455,126278,874174,3665190,2371903,383165,1506899,1498973,1020246,331802,21395,125531,7927,27527371,23356819
2019:Q3,age55to69,52101599,12057431,10204475,1852956,40044168,3752355,944564,1966905,1966905,0,372065,355931,16134,12368868,647584,1420938,3720753,9467458,4969850,412827,3926333,3912935,2641297,822344,148766,300528,13398,48175265,34986790
2019:Q3,age40to54,30763989,9954499,8333830,1620668,20809491,2270747,308297,454236,454236,0,235253,213359,21894,6207828,526780,681914,2808035,3189019,3842374,285008,5414935,5403448,3958700,1287764,39393,117591,11487,25349054,32079344
2019:Q3,ageunder40,9544576,4848371,3830444,1017926,4696206,922982,73115,108520,108520,0,14661,13809,852,862096,185685,126839,702560,660215,852719,186815,4451230,4447025,2701733,1682238,38247,24806,4205,5093346,38219493
2019:Q4,age70plus,30241574,7515263,6364441,1150821,22726311,3274063,760248,1578997,1578997,0,360424,322775,37649,8744587,419792,124930,898364,3723222,2445180,396503,1516025,1508087,1021174,337760,23044,126109,7938,28725549,23519205
2019:Q4,age55to69,53271774,12016514,10145927,1870587,41255260,3882333,1000367,1879220,1879220,0,384411,367011,17399,13144004,659705,1429100,3968439,9489101,4997987,420595,3970843,3957346,2656455,848338,145444,307109,13497,49300931,34993750
2019:Q4,age40to54,30944941,9868388,8245398,1622990,21076553,2361812,320502,437856,437856,0,219109,198434,20675,6300455,521401,704827,2912205,3259406,3751182,287798,5453883,5442607,3971401,1309537,46003,115666,11276,25491058,31978931
2019:Q4,ageunder40,9953100,4843023,3816078,1026945,5110077,1005039,76739,132070,132070,0,17270,14405,2865,1066047,185351,131553,743361,690995,870064,191590,4508927,4504741,2742290,1696556,39708,26187,4186,5444174,38366375
2020:Q1,age70plus,28707389,7789419,6621908,1167511,20917969,3394900,900214,1554905,1550864,4041,435017,399606,35411,6608321,423514,113888,788284,3744046,2554885,399994,1514167,1505106,1022929,326131,25871,130175,9061,27193222,23683763
2020:Q1,age55to69,50367677,12379950,10496395,1883555,37987727,4018830,1219649,1815826,1810338,5488,427646,409070,18577,10134267,666257,1318572,3479047,9406850,5081100,419683,3973318,3958837,2661531,824849,152259,320197,14481,46394359,35005501
2020:Q1,age40to54,29578516,10064773,8441324,1623449,19513743,2459027,384594,425445,424071,1375,217205,197595,19610,5083169,513689,679937,2489640,3293059,3681841,286136,5458822,5447141,3979468,1292122,61824,113727,11681,24119695,31905537
2020:Q1,ageunder40,9801875,4985608,3950587,1035021,4816268,1090615,93963,151488,151287,201,28957,24314,4643,685659,184376,127679,645707,711714,903642,192467,4518606,4514412,2769165,1670017,47233,27997,4194,5283270,38478868
2020:Q2,age70plus,31175698,7970428,6798985,1171443,23205270,3634213,972154,1428923,1376818,52106,426609,393394,33215,8475548,440753,118824,863133,3789894,2643434,411785,1505981,1497259,1026517,320219,26877,123647,8722,29669717,23850581
2020:Q2,age55to69,53394236,12571014,10689543,1881471,40823223,4315450,1320056,1575079,1511699,63380,439741,420298,19442,12137746,688851,1405543,3990532,9394157,5130114,425954,3962154,3947855,2673670,816788,143673,313725,14298,49432083,35023503
2020:Q2,age40to54,30755683,10152438,8535777,1616662,20603244,2674880,410902,393315,376310,17006,203871,185228,18643,5631518,513966,735837,2791633,3355373,3603437,288511,5466724,5455434,3999581,1281030,62673,112150,11291,25288958,31861630
2020:Q2,ageunder40,10620953,5069390,4038349,1031040,5551563,1259630,101164,174453,174453,0,31052,24866,6186,1067613,184350,137798,735064,738301,925925,196212,4522868,4518715,2800800,1644430,45041,28445,4153,6098085,38553415
2020:Q3,age70plus,32860713,8341802,7116630,1225172,24518911,3718644,938179,1365612,1365612,0,399336,367851,31485,9554659,457414,120598,891326,3828402,2815010,429730,1536575,1527967,1035883,322429,27519,142136,8608,31324138,24019748
2020:Q3,age55to69,55276940,13056186,11122489,1933697,42220754,4400037,1237081,1483282,1483282,0,442877,422474,20403,13145256,710608,1453899,4244950,9361757,5303569,437438,4043044,4028746,2709054,832075,134509,353107,14298,51233896,35049214
2020:Q3,age40to54,31425867,10435525,8794089,1641437,20990341,2737822,379944,368249,368249,0,188786,170966,17820,5836556,514179,776591,2911777,3413096,3569474,293867,5537135,5526101,4051845,1301912,62171,110172,11034,25888732,31849675
2020:Q3,ageunder40,11247887,5272259,4202933,1069326,5975628,1317275,92942,184752,184752,0,30764,23186,7578,1295558,183993,145001,775496,762267,985631,201950,4584364,4580250,2854835,1651203,42240,31972,4113,6663524,38586463
2020:Q4,age70plus,35650006,8682205,7407951,1274254,26967801,3908317,921552,1378766,1378766,0,415165,385373,29792,11483155,480266,121604,951142,3891422,2978491,437921,1588478,1580278,1055414,328625,29028,167211,8200,34061528,24191352
2020:Q4,age55to69,58624542,13481160,11500041,1981119,45143383,4626460,1186755,1492022,1492022,0,462421,441278,21142,15175556,739482,1493260,4667955,9396985,5461977,440509,4129773,4115701,2729750,849913,131793,404245,14071,54494770,35084095
2020:Q4,age40to54,32725095,10697102,9031857,1665245,22027993,2906918,359887,366599,366599,0,180755,163685,17071,6400529,518132,814362,3154386,3499106,3532325,294993,5618342,5607710,4109355,1321854,67649,108851,10632,27106754,31872140
2020:Q4,ageunder40,12108701,5448955,4347299,1101656,6659747,1448210,87429,193917,193917,0,34918,26134,8784,1678980,183872,151356,846302,791530,1039448,203784,4620835,4616775,2888676,1648634,43217,36248,4060,7487867,38574457
2021:Q1,age70plus,37636325,9192067,7869105,1322963,28444258,4134936,958595,1139062,1139062,0,417382,388085,29297,12707481,486448,117451,965580,3937857,3135291,444173,1618306,1609137,1068392,325560,29955,185230,9169,36018020,24365481
2021:Q1,age55to69,60711025,14124150,12108726,2015424,46586875,4901503,1226776,1150779,1150779,0,476162,453405,22757,16332442,748834,1470880,4841112,9388152,5608273,441962,4178779,4163864,2748788,846510,126405,442162,14914,56532246,35129604
2021:Q1,age40to54,33606705,11051407,9369646,1681761,22555299,3114730,368450,304697,304697,0,171571,154986,16585,6670638,513227,827787,3223297,3571981,3493404,295518,5676449,5665480,4159511,1328241,69819,107908,10969,27930256,31931492
2021:Q1,ageunder40,12848823,5693437,4558366,1135071,7155386,1603189,89269,191278,191278,0,37420,27338,10082,1922154,182020,153040,869119,815466,1087830,204602,4633743,4629707,2915715,1632179,42265,39548,4037,8215080,38513841
2021:Q2,age70plus,40253518,10062368,8633303,1429065,30191150,4174572,964744,1108647,1075242,33406,427803,399197,28606,14027563,501927,117276,1000566,3989371,3428991,449691,1678622,1669756,1099388,347415,30847,192105,8867,38574896,24542224
2021:Q2,age55to69,63847617,15339862,13227118,2112744,48507755,4925002,1216180,1097811,1064397,33414,492881,468832,24048,17594341,769026,1497323,5123971,9394692,5953667,442860,4385939,4371163,2871029,918982,121598,459553,14776,59461678,35187201
2021:Q2,age40to54,34925298,11760276,10023944,1736332,23165021,3140647,361720,294634,285879,8755,164191,148063,16128,6984725,513873,861901,3373531,3654207,3519576,296018,5923024,5912380,4330527,1402917,72113,106822,10644,29002274,32030198
2021:Q2,ageunder40,13772913,6167322,4952503,1214820,7605591,1621385,86853,191643,190571,1072,40550,29332,11218,2175725,180644,157932,910637,839362,1196027,204833,4819432,4815459,3051749,1680915,41443,41353,3974,8953481,38401060
2021:Q3,age70plus,41633605,10612136,9105738,1506398,31021469,4233150,955144,1154276,1083627,70649,451202,423145,28057,14395808,511098,114777,985567,4026472,3732341,461635,1691341,1682432,1100959,350782,32636,198054,8909,39942264,24721669
2021:Q3,age55to69,65115541,16054598,13868914,2185684,49060943,4975048,1181392,1137312,1070448,66864,515276,489927,25349,17717871,781997,1496633,5133063,9364739,6308386,449224,4497151,4482245,2938391,947421,121182,475251,14906,60618389,35258345
2021:Q3,age40to54,35418122,12190381,10410248,1780133,23227742,3189089,347984,303634,285382,18252,159052,143301,15751,6919929,511525,885855,3335267,3726698,3549004,299704,6049750,6039240,4416239,1437936,79235,105829,10510,29368372,32170724
2021:Q3,ageunder40,14249839,6423857,5158893,1264964,7825982,1650314,82422,195618,194999,619,44852,32575,12277,2244249,178420,160556,899989,858198,1304365,206998,4899202,4895290,3120146,1688953,43245,42945,3913,9350637,38232561
2021:Q4,age70plus,43196371,10912961,9326385,1586576,32283410,4377368,992743,1011292,1011136,156,459593,432064,27529,15309192,520058,111050,1014829,4080716,3936489,470079,1707155,1698111,1105417,358086,36325,198283,9044,41489216,24903904
2021:Q4,age55to69,66718671,16343487,14078011,2265476,50375184,5139986,1222802,978855,978710,145,530648,504087,26561,18491248,794866,1482214,5382019,9383318,6516501,452727,4618949,4603841,3009257,985491,128373,480719,15109,62099722,35344495
2021:Q4,age40to54,36134762,12402877,10572080,1830797,23731886,3325999,358206,265597,265561,37,152495,137068,15427,7085940,509561,905114,3470150,3821563,3535090,302170,6203786,6193351,4514606,1476812,97223,104711,10435,29930977,32355537
2021:Q4,ageunder40,14707239,6524588,5211482,1313107,8182651,1735821,83943,189868,189859,9,47284,34053,13232,2406260,175853,161846,931280,879520,1363462,207514,4975642,4971795,3185210,1692331,50511,43743,3847,9731598,38004788
2022:Q1,age70plus,43726697,11745665,10069465,1676200,31981032,4469476,992660,1057523,1057523,0,519103,493418,25686,14738329,518840,101306,957657,4020896,4127875,477367,1691118,1681260,1091030,354426,37971,197834,9858,42035579,25089018
2022:Q1,age55to69,66664613,17480866,15131632,2349234,49183746,5236755,1205096,1031070,1031070,0,568532,542240,26292,17525926,796353,1397346,5159368,9102375,6705548,455377,4725711,4709886,3092826,1005036,126854,485170,15825,61938902,35447110
2022:Q1,age40to54,36285716,13116495,11230891,1885603,23169221,3416255,350616,275303,275303,0,152189,137277,14913,6666866,502592,896131,3278593,3808210,3517972,304494,6322728,6312006,4604100,1500515,103727,103665,10722,29962988,32587104
2022:Q1,ageunder40,15002664,6900406,5533609,1366797,8102258,1780464,80670,197214,197214,0,54606,40966,13640,2292069,172150,157817,875722,871731,1412604,207211,5037863,5034075,3256033,1682243,51433,44367,3788,9964801,37714186
2022:Q2,age70plus,42123202,12348309,10630247,1718062,29774892,4451730,1018817,1157213,1157213,0,492158,468374,23783,12363541,510893,90015,843837,3962049,4395970,488669,1694569,1685017,1099698,365376,40237,179706,9552,40428633,25277098
2022:Q2,age55to69,63957347,18378749,15980524,2398225,45578598,5190444,1229236,1149653,1149653,0,566678,540888,25791,14480722,790555,1295460,4625988,8784904,7003487,461472,4823692,4807990,3169707,1051884,127664,458735,15702,59133655,35567651
2022:Q2,age40to54,35370319,13769698,11845376,1924322,21600621,3403151,356352,298056,298056,0,142406,128010,14396,5535668,492509,880550,2875831,3771186,3535921,308989,6506629,6496191,4726090,1553914,114163,102023,10438,28863689,32867893
2022:Q2,ageunder40,14762833,7176700,5803311,1373389,7586133,1745858,80499,209823,209823,0,52356,38510,13846,1860075,167623,152276,765374,854090,1490329,207830,5098825,5095127,3310220,1687953,54058,42896,3698,9664008,37357200
2022:Q3,age70plus,41661502,12214648,10445946,1768702,29446854,4410617,1053657,1364752,1364752,0,453748,431558,22190,11893714,512975,81321,798605,3928804,4447414,501247,1723730,1714131,1120454,375311,41824,176543,9599,39937772,25468234
2022:Q3,age55to69,62300102,17766498,15315707,2450791,44533604,5116372,1267219,1413739,1413739,0,557497,532032,25465,13688935,796449,1225497,4464016,8540124,6995010,468745,4905881,4890033,3218830,1086025,126042,459137,15848,57394221,35707576
2022:Q3,age40to54,34531223,13481162,11514283,1966879,21050061,3372012,366811,345715,345715,0,131762,117812,13950,5183753,488398,878797,2737393,3765360,3465586,314474,6685666,6675318,4846259,1607335,120657,101067,10348,27845557,33200369
2022:Q3,ageunder40,14404279,7030640,5645521,1385119,7373639,1693286,81158,230365,230365,0,48805,34811,13994,1767634,163569,148620,720830,841129,1469881,208361,5111425,5107817,3324648,1685616,54487,43066,3608,9292854,36930277
2022:Q4,age70plus,42447872,12034542,10231227,1803316,30413330,4360951,1110522,1691299,1691299,0,428807,407285,21522,12588089,526022,83049,842965,3912817,4351067,517743,1748910,1740330,1152640,391934,43471,152285,8580,40698962,25754848
2022:Q4,age55to69,62875521,17492469,15030485,2461984,45383052,4986535,1336542,1857286,1857286,0,540466,516030,24436,14324718,804004,1234846,4653946,8380504,6786936,477269,4917135,4902123,3244051,1114000,129896,414177,15011,57958386,35692564
2022:Q4,age40to54,34622634,13287134,11308927,1978206,21335501,3283908,389428,414706,414706,0,128296,114543,13753,5418444,493252,885509,2876788,3714341,3410998,319829,6789860,6780070,4908858,1642346,128252,100613,9790,27832774,33277069
2022:Q4,ageunder40,14158048,6781022,5385213,1395809,7377027,1627950,86318,244813,244813,0,45456,31854,13602,1861022,163810,149218,752864,826574,1407392,211611,5160370,5156790,3348544,1710159,57822,40266,3580,8997678,36888503
2023:Q1,age70plus,44000180,12240213,10392634,1847579,31759966,4314808,1230475,1922283,1922283,0,418581,396764,21817,13490858,546332,89530,897092,3994198,4325085,530724,1800403,1791296,1198342,399582,41981,151390,9107,42199777,26119493
2023:Q1,age55to69,64082498,17488212,15013457,2474755,46594287,4828885,1491054,2174300,2174300,0,529439,505118,24321,15078317,814684,1291467,4858928,8409351,6638181,479681,4860849,4845605,3216417,1099010,122484,407695,15243,59221650,35541568
2023:Q1,age40to54,35249621,13386144,11386534,1999611,21863477,3191528,441148,458240,458240,0,126753,112961,13792,5721917,501826,916267,3043544,3752359,3386633,323263,6825623,6815591,4953008,1645705,115759,101118,10032,28423999,33390763
2023:Q1,ageunder40,14307098,6830323,5416920,1413403,7476775,1563874,98744,244836,244836,0,43969,30334,13634,1988253,165250,154152,793777,834712,1375211,213998,5146303,5142704,3342898,1707689,51991,40126,3599,9160795,36995247
2023:Q2,age70plus,45999254,12985812,11096116,1889696,33013442,4302503,1302029,1950268,1950268,0,422575,400878,21697,14375649,560371,94708,947806,4061198,4455248,541087,1846559,1837378,1226640,412089,41515,157135,9181,44152694,26348750
2023:Q2,age55to69,66258222,18483272,15996063,2487210,47774950,4744331,1577953,2182986,2182986,0,526936,503060,23875,15859367,820949,1335983,5061660,8449974,6732887,481925,4878042,4862869,3218430,1111875,119272,413292,15173,61380180,35379277
2023:Q2,age40to54,36360725,13933809,11917878,2015932,22426915,3147243,471359,460841,460841,0,126860,113134,13726,6026471,507255,939807,3205437,3787206,3428463,325973,6883826,6873785,4997767,1663450,111130,101438,10041,29476899,33425049
2023:Q2,ageunder40,14814686,7139041,5704032,1435009,7675645,1533603,106037,244558,244558,0,43939,30421,13517,2117856,166060,157932,833445,842369,1413898,215949,5176188,5172585,3362860,1719258,49831,40636,3603,9638497,37022539
2023:Q3,age70plus,45817123,13165928,11266079,1899849,32651195,4281092,1372205,1992311,1992311,0,386580,364740,21840,13933442,558928,108532,933022,4048043,4487452,549588,1889496,1879944,1250225,420267,41415,168037,9552,43927627,26475731
2023:Q3,age55to69,65675704,18623677,16143468,2480209,47052027,4670092,1669135,2225982,2225982,0,504211,480405,23806,15224031,812852,1480275,4937852,8326854,6716480,484262,4916592,4901256,3235244,1120137,117774,428101,15337,60759112,35215392
2023:Q3,age40to54,36156134,14027162,12013304,2013858,22128972,3098770,501494,465903,465903,0,121899,108202,13697,5812347,503846,1002780,3124629,3745175,3424540,327590,6923399,6913218,5037774,1664849,109098,101497,10181,29232735,33335479
2023:Q3,ageunder40,14786511,7215176,5777717,1437459,7571335,1509462,113889,243958,243958,0,40316,26761,13555,2036353,166121,168844,817184,836511,1420504,218193,5219626,5216008,3402441,1722692,49111,41765,3618,9566885,37086718
2023:Q4,age70plus,47653300,13207893,11283460,1924432,34445408,4325587,1440885,2123181,2123181,0,403364,381565,21799,15347911,569671,97660,1019062,4178909,4372063,567116,1928370,1918445,1275651,432314,41813,168667,9925,45724930,26676973
2023:Q4,age55to69,67448204,18413038,15937263,2475774,49035167,4676269,1756372,2415784,2415784,0,510274,486733,23541,16618775,818077,1348133,5334663,8558675,6504577,493568,4945197,4929683,3249258,1136377,117792,426255,15515,62503007,35147574
2023:Q4,age40to54,36795106,13865314,11856428,2008886,22929792,3104892,529485,486520,486520,0,123264,109650,13614,6302082,506195,946191,3407812,3834051,3356766,332533,6970696,6960387,5068517,1681337,109226,101307,10310,29824409,33272381
2023:Q4,ageunder40,14994195,7166876,5719397,1447479,7827319,1517806,120989,238039,238039,0,41592,28124,13468,2253090,166532,159957,888517,858435,1359995,222367,5256412,5252790,3423632,1738198,49261,41700,3622,9737783,37083630
2024:Q1,age70plus,49661166,13584687,11626051,1958636,36076479,4414972,1470677,2098991,2098991,0,403039,381352,21687,16754065,588835,102663,1085066,4233838,4345851,578483,1968560,1957881,1299498,431465,42635,184283,10679,47692606,26925597
2024:Q1,age55to69,69655568,18851050,16357694,2493356,50804518,4745209,1785457,2348173,2348173,0,508471,485218,23253,18013639,833939,1395934,5632784,8614350,6427505,499057,4951453,4935460,3247308,1119242,119327,449584,15992,64704115,35211512
2024:Q1,age40to54,37822127,14083868,12062161,2021708,23738259,3159890,539219,479593,479593,0,122960,109394,13566,6797641,514526,968512,3623238,3859480,3337335,335866,6990130,6979472,5090575,1675255,111748,101894,10658,30831997,33360276
2024:Q1,ageunder40,15399749,7287432,5825572,1461860,8112317,1551126,123162,240128,240128,0,41153,27803,13351,2463732,167586,163332,940141,862769,1334742,224446,5245752,5242116,3418223,1730401,50345,43148,3635,10153998,37119238
2024:Q2,age70plus,50764103,14088167,12111773,1976394,36675936,4357241,1504492,2172563,2172563,0,397992,376492,21500,17137124,597606,105799,1108685,4276672,4429330,588433,2005436,1994696,1320965,438508,42124,193099,10740,48758667,27105894
2024:Q2,age55to69,70707456,19504871,17013835,2491035,51202585,4626633,1817007,2440735,2440735,0,502895,480052,22843,18252878,836651,1419186,5699720,8623848,6480796,502237,4971705,4955764,3254951,1123539,116572,460701,15941,65735751,35112526
2024:Q2,age40to54,38478138,14484978,12451909,2033069,23993160,3091955,553260,492467,492467,0,122516,108978,13538,6928442,519197,984924,3697615,3889191,3373815,339779,7051632,7040934,5144337,1685887,108015,102696,10698,31426506,33499459
2024:Q2,ageunder40,15645979,7488415,6020844,1467571,8157564,1499528,126236,237195,237195,0,40374,27136,13239,2512019,168211,165596,956178,867191,1358358,226676,5270467,5266826,3441406,1732920,48477,44023,3641,10375512,37176598
2024:Q3,age70plus,52399117,14081177,12085037,1996140,38317940,4375487,1572136,2273202,2273202,0,438093,416959,21134,18373541,610599,109731,1165041,4325369,4474695,600046,2027064,2017027,1336613,442875,41527,196012,10037,50372053,27240106
2024:Q3,age55to69,72323294,19327896,16831625,2496271,52995398,4613856,1905496,2590145,2590145,0,521254,498942,22312,19441877,845435,1453751,5944104,8672708,6498963,507808,4991009,4975605,3272117,1126461,113935,463092,15403,67332286,35045162
2024:Q3,age40to54,39227520,14452707,12408765,2043942,24774812,3095950,584333,509515,509515,0,127235,113789,13446,7377975,525548,1003817,3891149,3923897,3391235,344158,7112679,7102323,5189937,1705107,104191,103088,10356,32114841,33574767
2024:Q3,ageunder40,15893819,7467109,5990081,1477027,8426711,1499760,133720,230927,230927,0,43919,30852,13067,2704270,169177,168535,1002879,874326,1369500,229698,5319425,5315791,3471495,1753320,46666,44310,3635,10574394,37229237
2024:Q4,age70plus,52951445,14100756,12063309,2037447,38850689,4467577,1677899,2264151,2264151,0,310082,289227,20855,18680046,619141,107610,1176007,4392753,4540863,614560,2057076,2046928,1368719,438053,26932,213224,10148,50894369,27470333
2024:Q4,age55to69,72186198,19081414,16568249,2513165,53104783,4659397,2038215,2530734,2530734,0,446658,424908,21750,19517163,845339,1415702,5924376,8706848,6507741,512612,4943711,4928351,3276263,1094900,71249,485939,15360,67242487,34894745
2024:Q4,age40to54,39351681,14400388,12337866,2062522,24951293,3147895,630522,504742,504742,0,110527,97200,13327,7436673,527524,991429,3895568,3953897,3404389,348127,7081208,7070833,5236148,1681120,49726,103839,10375,32270473,33585438
2024:Q4,ageunder40,15985268,7456928,5958873,1498055,8528339,1537831,145386,233735,233735,0,31583,18669,12914,2736095,169909,166936,1006407,883158,1384100,233199,5305557,5301911,3500036,1733987,21831,46056,3647,10679710,37326628
2025:Q1,age70plus,52820897,14407683,12320278,2087405,38413214,4561145,1709639,2270488,2270488,0,329403,309011,20392,18108686,609005,106117,1152706,4416641,4525784,623600,2064215,2052748,1382825,439581,16332,214011,11467,50756682,27732372
2025:Q1,age55to69,71768129,19341840,16801135,2540705,52426289,4751802,2076604,2523247,2523247,0,459261,438035,21226,18866940,834834,1398758,5794657,8723980,6477733,518473,4926053,4909778,3286637,1093280,42590,487271,16276,66842076,35134893
2025:Q1,age40to54,39098656,14433099,12356652,2076446,24665557,3210320,641574,504467,504467,0,113236,100027,13209,7193999,521953,984955,3790025,3956392,3397532,351105,7077899,7066888,5251829,1685853,24932,104273,11012,32020757,33749682
2025:Q1,ageunder40,15994824,7549053,6012486,1536567,8445771,1580825,148431,236304,236304,0,33102,20366,12737,2634501,170024,166332,983240,885806,1371324,235882,5317858,5314165,3512470,1744656,10777,46261,3693,10676966,37601541
2025:Q2,age70plus,55289004,14826379,12678708,2147671,40462625,4586534,1733118,2348735,2348735,0,323464,303433,20032,19865413,623010,111897,1240326,4464622,4532736,632768,2099595,2088333,1403575,446461,9168,229130,11262,53189409,28031369
2025:Q2,age55to69,74618272,19839146,17250918,2588229,54779126,4749964,2096045,2630081,2630081,0,455602,434849,20754,20594795,846752,1455758,6195469,8772483,6459147,523029,4965754,4949611,3312654,1103284,23628,510045,16143,69652518,35324691
2025:Q2,age40to54,40324161,14682812,12574567,2108246,25641349,3206275,647692,516266,516266,0,112389,99278,13111,7808966,528358,1011994,4079630,3977735,3398156,353890,7118877,7107966,5295171,1695108,12374,105314,10911,33205284,33928434
2025:Q2,ageunder40,16484154,7706541,6133750,1572792,8777613,1575132,149865,232714,232714,0,32225,19665,12559,2900931,171340,170724,1054421,890394,1362074,237794,5347418,5343713,3539180,1751454,5276,47804,3705,11136737,37792277
2025:Q3,age70plus,57526023,14755541,12572718,2182823,42770482,4609212,1793710,2371520,2371520,0,323173,303851,19322,21850262,632763,116801,1306571,4499810,4626833,639826,2141998,2132042,1421830,451294,7392,251525,9956,55384025,28206948
2025:Q3,age55to69,77168058,19705931,17075859,2630072,57462127,4763016,2181352,2657191,2657191,0,455331,435337,19995,22612572,855887,1506093,6507381,8827609,6568299,527396,5036426,5021129,3345405,1111638,18983,545104,15297,72131632,35469591
2025:Q3,age40to54,41371672,14680454,12544736,2135717,26691218,3211899,674819,519069,519069,0,112197,99294,12903,8517463,532728,1034244,4302355,3997188,3433077,356180,7182221,7171935,5342202,1713572,9665,106496,10286,34189450,34035491
2025:Q3,ageunder40,16821426,7661932,6076556,1585375,9159494,1572089,155999,231186,231186,0,31739,19536,12203,3200173,171535,173735,1105223,891634,1387580,238601,5381868,5378189,3558410,1765763,4092,49924,3679,11439558,37777073
2025:Q4,age70plus,58707030,14754804,12524050,2230754,43952226,4743692,1892713,2424072,2424072,0,313475,294548,18928,22591710,641091,115716,1338300,4574884,4659432,657140,2200070,2189125,1446545,463126,6695,272759,10945,56506960,28423930
2025:Q4,age55to69,77652533,19471189,16813999,2657190,58181343,4849035,2297593,2701709,2701709,0,444827,425498,19329,23061172,853865,1476511,6572185,8867723,6523667,533058,5080620,5064833,3352630,1123154,16947,572102,15787,72571912,35251281
2025:Q4,age40to54,41941916,14731730,12561886,2169845,27210186,3310381,719161,525863,525863,0,110627,97865,12761,8746261,535507,1028345,4389409,4043863,3438850,361918,7267623,7256886,5398834,1741651,8606,107795,10737,34674293,34114973
2025:Q4,ageunder40,16908464,7611439,6015681,1595758,9297025,1624607,165634,226221,226221,0,30307,18401,11906,3274698,170726,171469,1117940,895261,1379183,240979,5406781,5403111,3569136,1778699,3610,51666,3670,11501683,37572352
