This is LuaHBTeX, Version 1.22.0 (TeX Live 2026/dev/Arch Linux)  (format=lualatex 2026.1.14)  20 FEB 2026 11:59
 restricted system commands enabled.
**chartbook.tex
(./chartbook.tex
LaTeX2e <2024-11-01> patch level 2
L3 programming layer <2025-01-18>
Lua module: luaotfload 2024-12-03 v3.29 Lua based OpenType font support
Lua module: lualibs 2023-07-13 v2.76 ConTeXt Lua standard libraries.
Lua module: lualibs-extended 2023-07-13 v2.76 ConTeXt Lua libraries -- extended 
collection.
luaotfload | conf : Root cache directory is "/home/brian/.texlive/texmf-var/luat
ex-cache/generic/names".
luaotfload | init : Loading fontloader "fontloader-2023-12-28.lua" from kpse-res
olved path "/usr/share/texmf-dist/tex/luatex/luaotfload/fontloader-2023-12-28.lu
a".
Lua-only attribute luaotfload@noligature = 1
luaotfload | init : Context OpenType loader version 3.134
Inserting `luaotfload.node_processor' in `pre_linebreak_filter'.
Inserting `luaotfload.node_processor' in `hpack_filter'.
Inserting `luaotfload.glyph_stream' in `glyph_stream_provider'.
Inserting `luaotfload.define_font' in `define_font'.
Lua-only attribute luaotfload_color_attribute = 2
luaotfload | conf : Root cache directory is "/home/brian/.texlive/texmf-var/luat
ex-cache/generic/names".
Inserting `luaotfload.harf.strip_prefix' in `find_opentype_file'.
Inserting `luaotfload.harf.strip_prefix' in `find_truetype_file'.
Removing  `luaotfload.glyph_stream' from `glyph_stream_provider'.
Inserting `luaotfload.harf.glyphstream' in `glyph_stream_provider'.
Inserting `luaotfload.harf.finalize_vlist' in `post_linebreak_filter'.
Inserting `luaotfload.harf.finalize_hlist' in `hpack_filter'.
Inserting `luaotfload.cleanup_files' in `wrapup_run'.
Inserting `luaotfload.harf.finalize_unicode' in `finish_pdffile'.
Inserting `luaotfload.glyphinfo' in `glyph_info'.
Lua-only attribute luaotfload.letterspace_done = 3
Inserting `luaotfload.aux.set_sscale_dimens' in `luaotfload.patch_font'.
Inserting `luaotfload.aux.set_font_index' in `luaotfload.patch_font'.
Inserting `luaotfload.aux.patch_cambria_domh' in `luaotfload.patch_font'.
Inserting `luaotfload.aux.fixup_fontdata' in `luaotfload.patch_font_unsafe'.
Inserting `luaotfload.aux.set_capheight' in `luaotfload.patch_font'.
Inserting `luaotfload.aux.set_xheight' in `luaotfload.patch_font'.
Inserting `luaotfload.rewrite_fontname' in `luaotfload.patch_font'.
Inserting `tracingstacklevels' in `input_level_string'. (./preamble.tex (/usr/s
hare/texmf-dist/tex/latex/base/report.cls
Document Class: report 2024/06/29 v1.4n Standard LaTeX document class
(/usr/share/texmf-dist/tex/latex/base/size10.clo
File: size10.clo 2024/06/29 v1.4n Standard LaTeX file (size option)
luaotfload | db : Font names database loaded from /home/brian/.texlive/texmf-var
/luatex-cache/generic/names/luaotfload-names.luc.gz)
\c@part=\count194
\c@chapter=\count195
\c@section=\count196
\c@subsection=\count197
\c@subsubsection=\count198
\c@paragraph=\count199
\c@subparagraph=\count266
\c@figure=\count267
\c@table=\count268
\abovecaptionskip=\skip49
\belowcaptionskip=\skip50
\bibindent=\dimen140
)
(/usr/share/texmf-dist/tex/latex/geometry/geometry.sty
Package: geometry 2020/01/02 v5.9 Page Geometry

(/usr/share/texmf-dist/tex/latex/graphics/keyval.sty
Package: keyval 2022/05/29 v1.15 key=value parser (DPC)
\KV@toks@=\toks17
)
(/usr/share/texmf-dist/tex/generic/iftex/ifvtex.sty
Package: ifvtex 2019/10/25 v1.7 ifvtex legacy package. Use iftex instead.

(/usr/share/texmf-dist/tex/generic/iftex/iftex.sty
Package: iftex 2024/12/12 v1.0g TeX engine tests
))
\Gm@cnth=\count269
\Gm@cntv=\count270
\c@Gm@tempcnt=\count271
\Gm@bindingoffset=\dimen141
\Gm@wd@mp=\dimen142
\Gm@odd@mp=\dimen143
\Gm@even@mp=\dimen144
\Gm@layoutwidth=\dimen145
\Gm@layoutheight=\dimen146
\Gm@layouthoffset=\dimen147
\Gm@layoutvoffset=\dimen148
\Gm@dimlist=\toks18
)
(/usr/share/texmf-dist/tex/latex/microtype/microtype.sty
Package: microtype 2025/02/11 v3.2a Micro-typographical refinements (RS)

(/usr/share/texmf-dist/tex/latex/etoolbox/etoolbox.sty
Package: etoolbox 2025/02/11 v2.5l e-TeX tools for LaTeX (JAW)
\etb@tempcnta=\count272
)
\MT@toks=\toks19
\MT@tempbox=\box52
\MT@count=\count273
LaTeX Info: Redefining \noprotrusionifhmode on input line 1087.
LaTeX Info: Redefining \leftprotrusion on input line 1088.
\MT@prot@toks=\toks20
LaTeX Info: Redefining \rightprotrusion on input line 1107.
LaTeX Info: Redefining \textls on input line 1449.
\MT@outer@kern=\dimen149
LaTeX Info: Redefining \microtypecontext on input line 2053.
LaTeX Info: Redefining \textmicrotypecontext on input line 2070.
\MT@listname@count=\count274

(/usr/share/texmf-dist/tex/latex/microtype/microtype-luatex.def
File: microtype-luatex.def 2025/02/11 v3.2a Definitions specific to luatex (RS)

Lua module: microtype 2025/02/11 v3.2a microtype module.
Module microtype Info: overwriting function `keepligature' on input line 63
LaTeX Info: Redefining \lsstyle on input line 779.
LaTeX Info: Redefining \lslig on input line 779.
\MT@outer@space=\skip51
)
Package microtype Info: Loading configuration file microtype.cfg.

(/usr/share/texmf-dist/tex/latex/microtype/microtype.cfg
File: microtype.cfg 2025/02/11 v3.2a microtype main configuration file (RS)
)
LaTeX Info: Redefining \microtypesetup on input line 3065.
)
(/usr/share/texmf-dist/tex/latex/lato/lato.sty
Package: lato 2019/06/20 Style file for Lato.

(/usr/share/texmf-dist/tex/latex/fontaxes/fontaxes.sty
Package: fontaxes 2020/07/21 v1.0e Font selection axes
LaTeX Info: Redefining \upshape on input line 29.
LaTeX Info: Redefining \itshape on input line 31.
LaTeX Info: Redefining \slshape on input line 33.
LaTeX Info: Redefining \swshape on input line 35.
LaTeX Info: Redefining \scshape on input line 37.
LaTeX Info: Redefining \sscshape on input line 39.
LaTeX Info: Redefining \ulcshape on input line 41.
LaTeX Info: Redefining \textsw on input line 47.
LaTeX Info: Redefining \textssc on input line 48.
LaTeX Info: Redefining \textulc on input line 49.
)
(/usr/share/texmf-dist/tex/generic/iftex/ifluatex.sty
Package: ifluatex 2019/10/25 v1.5 ifluatex legacy package. Use iftex instead.
)
(/usr/share/texmf-dist/tex/generic/iftex/ifxetex.sty
Package: ifxetex 2019/10/25 v0.7 ifxetex legacy package. Use iftex instead.
)
(/usr/share/texmf-dist/tex/latex/xkeyval/xkeyval.sty
Package: xkeyval 2022/06/16 v2.9 package option processing (HA)

(/usr/share/texmf-dist/tex/generic/xkeyval/xkeyval.tex
(/usr/share/texmf-dist/tex/generic/xkeyval/xkvutils.tex
\XKV@toks=\toks21
\XKV@tempa@toks=\toks22
)
\XKV@depth=\count275
File: xkeyval.tex 2014/12/03 v2.7a key=value parser (HA)
))
(/usr/share/texmf-dist/tex/latex/fontspec/fontspec.sty
(/usr/share/texmf-dist/tex/latex/l3packages/xparse/xparse.sty
(/usr/share/texmf-dist/tex/latex/l3kernel/expl3.sty
Package: expl3 2025-01-18 L3 programming layer (loader) 

(/usr/share/texmf-dist/tex/latex/l3backend/l3backend-luatex.def
File: l3backend-luatex.def 2024-05-08 L3 backend support: PDF output (LuaTeX)
\l__color_backend_stack_int=\count276
Inserting `l3color' in `luaotfload.parse_color'.
\l__pdf_internal_box=\box53
))
Package: xparse 2024-08-16 L3 Experimental document command parser
)
Package: fontspec 2024/05/11 v2.9e Font selection for XeLaTeX and LuaLaTeX
Lua module: fontspec 2024/05/11 v2.9e Font selection for XeLaTeX and LuaLaTeX
(/usr/share/texmf-dist/tex/latex/fontspec/fontspec-luatex.sty
Package: fontspec-luatex 2024/05/11 v2.9e Font selection for XeLaTeX and LuaLaT
eX
\l__fontspec_script_int=\count277
\l__fontspec_language_int=\count278
\l__fontspec_strnum_int=\count279
\l__fontspec_tmp_int=\count280
\l__fontspec_tmpa_int=\count281
\l__fontspec_tmpb_int=\count282
\l__fontspec_tmpc_int=\count283
\l__fontspec_em_int=\count284
\l__fontspec_emdef_int=\count285
\l__fontspec_strong_int=\count286
\l__fontspec_strongdef_int=\count287
\l__fontspec_tmpa_dim=\dimen150
\l__fontspec_tmpb_dim=\dimen151
\l__fontspec_tmpc_dim=\dimen152

(/usr/share/texmf-dist/tex/latex/base/fontenc.sty
Package: fontenc 2021/04/29 v2.0v Standard LaTeX package
)
(/usr/share/texmf-dist/tex/latex/fontspec/fontspec.cfg)))

Package fontspec Info: 
(fontspec)             Lato-Regular scale = 1.


Package fontspec Info: 
(fontspec)             Lato-Hairline scale = 1.


Package fontspec Info: 
(fontspec)             Lato-HairlineItalic scale = 1.


Package fontspec Info: 
(fontspec)             Lato-Thin scale = 1.


Package fontspec Info: 
(fontspec)             Lato-ThinItalic scale = 1.


Package fontspec Info: 
(fontspec)             Lato-Light scale = 1.


Package fontspec Info: 
(fontspec)             Lato-LightItalic scale = 1.


Package fontspec Info: 
(fontspec)             Lato-Medium scale = 1.


Package fontspec Info: 
(fontspec)             Lato-MediumItalic scale = 1.


Package fontspec Info: 
(fontspec)             Lato-Semibold scale = 1.


Package fontspec Info: 
(fontspec)             Lato-SemiboldItalic scale = 1.


Package fontspec Info: 
(fontspec)             Lato-Bold scale = 1.


Package fontspec Info: 
(fontspec)             Lato-BoldItalic scale = 1.


Package fontspec Info: 
(fontspec)             Lato-Heavy scale = 1.


Package fontspec Info: 
(fontspec)             Lato-HeavyItalic scale = 1.


Package fontspec Info: 
(fontspec)             Lato-Black scale = 1.


Package fontspec Info: 
(fontspec)             Lato-BlackItalic scale = 1.


Package fontspec Info: 
(fontspec)             Lato-Regular scale = 1.


Package fontspec Info: 
(fontspec)             Lato-Italic scale = 1.


Package fontspec Info: 
(fontspec)             Font family 'lato-TLF' created for font 'Lato' with
(fontspec)             options
(fontspec)             [Extension=.ttf,Ligatures={TeX,Common},Scale=1,FontFace=
{ul}{n}{*-Hairline},FontFace={ul}{it}{*-HairlineItalic},FontFace={el}{n}{*-Thin
},FontFace={el}{it}{*-ThinItalic},FontFace={l}{n}{*-Light},FontFace={l}{it}{*-L
ightItalic},UprightFont={*-Regular},ItalicFont={*-Italic},FontFace={mb}{n}{*-Me
dium},FontFace={mb}{it}{*-MediumItalic},FontFace={sb}{n}{*-Semibold},FontFace={
sb}{it}{*-SemiboldItalic},FontFace={b}{n}{*-Bold},FontFace={b}{it}{*-BoldItalic
},BoldFont={*-Bold},BoldItalicFont={*-BoldItalic},FontFace={eb}{n}{*-Heavy},Fon
tFace={eb}{it}{*-HeavyItalic},FontFace={ub}{n}{*-Black},FontFace={ub}{it}{*-Bla
ckItalic},Numbers={Monospaced,Lining},NFSSFamily=lato-TLF].
(fontspec)              
(fontspec)              This font family consists of the following NFSS
(fontspec)             series/shapes:
(fontspec)              
(fontspec)             - (ul/n) with NFSS spec.:
(fontspec)             <->s*[1]"[Lato-Hairline.ttf]:mode=node;script=latn;langu
age=dflt;+tlig;+liga;+tnum;+lnum;"
(fontspec)             - (ul/it) with NFSS spec.:
(fontspec)             <->s*[1]"[Lato-HairlineItalic.ttf]:mode=node;script=latn
;language=dflt;+tlig;+liga;+tnum;+lnum;"
(fontspec)             - (el/n) with NFSS spec.:
(fontspec)             <->s*[1]"[Lato-Thin.ttf]:mode=node;script=latn;language=
dflt;+tlig;+liga;+tnum;+lnum;"
(fontspec)             - (el/it) with NFSS spec.:
(fontspec)             <->s*[1]"[Lato-ThinItalic.ttf]:mode=node;script=latn;lan
guage=dflt;+tlig;+liga;+tnum;+lnum;"
(fontspec)             - (l/n) with NFSS spec.:
(fontspec)             <->s*[1]"[Lato-Light.ttf]:mode=node;script=latn;language
=dflt;+tlig;+liga;+tnum;+lnum;"
(fontspec)             - (l/it) with NFSS spec.:
(fontspec)             <->s*[1]"[Lato-LightItalic.ttf]:mode=node;script=latn;la
nguage=dflt;+tlig;+liga;+tnum;+lnum;"
(fontspec)             - (mb/n) with NFSS spec.:
(fontspec)             <->s*[1]"[Lato-Medium.ttf]:mode=node;script=latn;languag
e=dflt;+tlig;+liga;+tnum;+lnum;"
(fontspec)             - (mb/it) with NFSS spec.:
(fontspec)             <->s*[1]"[Lato-MediumItalic.ttf]:mode=node;script=latn;l
anguage=dflt;+tlig;+liga;+tnum;+lnum;"
(fontspec)             - (sb/n) with NFSS spec.:
(fontspec)             <->s*[1]"[Lato-Semibold.ttf]:mode=node;script=latn;langu
age=dflt;+tlig;+liga;+tnum;+lnum;"
(fontspec)             - (sb/it) with NFSS spec.:
(fontspec)             <->s*[1]"[Lato-SemiboldItalic.ttf]:mode=node;script=latn
;language=dflt;+tlig;+liga;+tnum;+lnum;"
(fontspec)             - 'bold' (b/n) with NFSS spec.:
(fontspec)             <->s*[1]"[Lato-Bold.ttf]:mode=node;script=latn;language=
dflt;+tlig;+liga;+tnum;+lnum;"
(fontspec)             - 'bold italic' (b/it) with NFSS spec.:
(fontspec)             <->s*[1]"[Lato-BoldItalic.ttf]:mode=node;script=latn;lan
guage=dflt;+tlig;+liga;+tnum;+lnum;"
(fontspec)             - (eb/n) with NFSS spec.:
(fontspec)             <->s*[1]"[Lato-Heavy.ttf]:mode=node;script=latn;language
=dflt;+tlig;+liga;+tnum;+lnum;"
(fontspec)             - (eb/it) with NFSS spec.:
(fontspec)             <->s*[1]"[Lato-HeavyItalic.ttf]:mode=node;script=latn;la
nguage=dflt;+tlig;+liga;+tnum;+lnum;"
(fontspec)             - (ub/n) with NFSS spec.:
(fontspec)             <->s*[1]"[Lato-Black.ttf]:mode=node;script=latn;language
=dflt;+tlig;+liga;+tnum;+lnum;"
(fontspec)             - (ub/it) with NFSS spec.:
(fontspec)             <->s*[1]"[Lato-BlackItalic.ttf]:mode=node;script=latn;la
nguage=dflt;+tlig;+liga;+tnum;+lnum;"
(fontspec)             - 'normal' (m/n) with NFSS spec.:
(fontspec)             <->s*[1]"[Lato-Regular.ttf]:mode=node;script=latn;langua
ge=dflt;+tlig;+liga;+tnum;+lnum;"
(fontspec)             - 'italic' (m/it) with NFSS spec.:
(fontspec)             <->s*[1]"[Lato-Italic.ttf]:mode=node;script=latn;languag
e=dflt;+tlig;+liga;+tnum;+lnum;"


Package fontspec Info: 
(fontspec)             Lato-Regular scale = 1.


Package fontspec Info: 
(fontspec)             Lato-Hairline scale = 1.


Package fontspec Info: 
(fontspec)             Lato-HairlineItalic scale = 1.


Package fontspec Info: 
(fontspec)             Lato-Thin scale = 1.


Package fontspec Info: 
(fontspec)             Lato-ThinItalic scale = 1.


Package fontspec Info: 
(fontspec)             Lato-Light scale = 1.


Package fontspec Info: 
(fontspec)             Lato-LightItalic scale = 1.


Package fontspec Info: 
(fontspec)             Lato-Medium scale = 1.


Package fontspec Info: 
(fontspec)             Lato-MediumItalic scale = 1.


Package fontspec Info: 
(fontspec)             Lato-Semibold scale = 1.


Package fontspec Info: 
(fontspec)             Lato-SemiboldItalic scale = 1.


Package fontspec Info: 
(fontspec)             Lato-Bold scale = 1.


Package fontspec Info: 
(fontspec)             Lato-BoldItalic scale = 1.


Package fontspec Info: 
(fontspec)             Lato-Heavy scale = 1.


Package fontspec Info: 
(fontspec)             Lato-HeavyItalic scale = 1.


Package fontspec Info: 
(fontspec)             Lato-Black scale = 1.


Package fontspec Info: 
(fontspec)             Lato-BlackItalic scale = 1.


Package fontspec Info: 
(fontspec)             Lato-Regular scale = 1.


Package fontspec Info: 
(fontspec)             Lato-Italic scale = 1.


Package fontspec Info: 
(fontspec)             Font family 'lato-LF' created for font 'Lato' with
(fontspec)             options
(fontspec)             [Extension=.ttf,Ligatures={TeX,Common},Scale=1,FontFace=
{ul}{n}{*-Hairline},FontFace={ul}{it}{*-HairlineItalic},FontFace={el}{n}{*-Thin
},FontFace={el}{it}{*-ThinItalic},FontFace={l}{n}{*-Light},FontFace={l}{it}{*-L
ightItalic},UprightFont={*-Regular},ItalicFont={*-Italic},FontFace={mb}{n}{*-Me
dium},FontFace={mb}{it}{*-MediumItalic},FontFace={sb}{n}{*-Semibold},FontFace={
sb}{it}{*-SemiboldItalic},FontFace={b}{n}{*-Bold},FontFace={b}{it}{*-BoldItalic
},BoldFont={*-Bold},BoldItalicFont={*-BoldItalic},FontFace={eb}{n}{*-Heavy},Fon
tFace={eb}{it}{*-HeavyItalic},FontFace={ub}{n}{*-Black},FontFace={ub}{it}{*-Bla
ckItalic},Numbers={Proportional,Lining},NFSSFamily=lato-LF].
(fontspec)              
(fontspec)              This font family consists of the following NFSS
(fontspec)             series/shapes:
(fontspec)              
(fontspec)             - (ul/n) with NFSS spec.:
(fontspec)             <->s*[1]"[Lato-Hairline.ttf]:mode=node;script=latn;langu
age=dflt;+tlig;+liga;+pnum;+lnum;"
(fontspec)             - (ul/it) with NFSS spec.:
(fontspec)             <->s*[1]"[Lato-HairlineItalic.ttf]:mode=node;script=latn
;language=dflt;+tlig;+liga;+pnum;+lnum;"
(fontspec)             - (el/n) with NFSS spec.:
(fontspec)             <->s*[1]"[Lato-Thin.ttf]:mode=node;script=latn;language=
dflt;+tlig;+liga;+pnum;+lnum;"
(fontspec)             - (el/it) with NFSS spec.:
(fontspec)             <->s*[1]"[Lato-ThinItalic.ttf]:mode=node;script=latn;lan
guage=dflt;+tlig;+liga;+pnum;+lnum;"
(fontspec)             - (l/n) with NFSS spec.:
(fontspec)             <->s*[1]"[Lato-Light.ttf]:mode=node;script=latn;language
=dflt;+tlig;+liga;+pnum;+lnum;"
(fontspec)             - (l/it) with NFSS spec.:
(fontspec)             <->s*[1]"[Lato-LightItalic.ttf]:mode=node;script=latn;la
nguage=dflt;+tlig;+liga;+pnum;+lnum;"
(fontspec)             - (mb/n) with NFSS spec.:
(fontspec)             <->s*[1]"[Lato-Medium.ttf]:mode=node;script=latn;languag
e=dflt;+tlig;+liga;+pnum;+lnum;"
(fontspec)             - (mb/it) with NFSS spec.:
(fontspec)             <->s*[1]"[Lato-MediumItalic.ttf]:mode=node;script=latn;l
anguage=dflt;+tlig;+liga;+pnum;+lnum;"
(fontspec)             - (sb/n) with NFSS spec.:
(fontspec)             <->s*[1]"[Lato-Semibold.ttf]:mode=node;script=latn;langu
age=dflt;+tlig;+liga;+pnum;+lnum;"
(fontspec)             - (sb/it) with NFSS spec.:
(fontspec)             <->s*[1]"[Lato-SemiboldItalic.ttf]:mode=node;script=latn
;language=dflt;+tlig;+liga;+pnum;+lnum;"
(fontspec)             - 'bold' (b/n) with NFSS spec.:
(fontspec)             <->s*[1]"[Lato-Bold.ttf]:mode=node;script=latn;language=
dflt;+tlig;+liga;+pnum;+lnum;"
(fontspec)             - 'bold italic' (b/it) with NFSS spec.:
(fontspec)             <->s*[1]"[Lato-BoldItalic.ttf]:mode=node;script=latn;lan
guage=dflt;+tlig;+liga;+pnum;+lnum;"
(fontspec)             - (eb/n) with NFSS spec.:
(fontspec)             <->s*[1]"[Lato-Heavy.ttf]:mode=node;script=latn;language
=dflt;+tlig;+liga;+pnum;+lnum;"
(fontspec)             - (eb/it) with NFSS spec.:
(fontspec)             <->s*[1]"[Lato-HeavyItalic.ttf]:mode=node;script=latn;la
nguage=dflt;+tlig;+liga;+pnum;+lnum;"
(fontspec)             - (ub/n) with NFSS spec.:
(fontspec)             <->s*[1]"[Lato-Black.ttf]:mode=node;script=latn;language
=dflt;+tlig;+liga;+pnum;+lnum;"
(fontspec)             - (ub/it) with NFSS spec.:
(fontspec)             <->s*[1]"[Lato-BlackItalic.ttf]:mode=node;script=latn;la
nguage=dflt;+tlig;+liga;+pnum;+lnum;"
(fontspec)             - 'normal' (m/n) with NFSS spec.:
(fontspec)             <->s*[1]"[Lato-Regular.ttf]:mode=node;script=latn;langua
ge=dflt;+tlig;+liga;+pnum;+lnum;"
(fontspec)             - 'italic' (m/it) with NFSS spec.:
(fontspec)             <->s*[1]"[Lato-Italic.ttf]:mode=node;script=latn;languag
e=dflt;+tlig;+liga;+pnum;+lnum;"


Package fontspec Info: 
(fontspec)             Lato-Regular scale = 1.


Package fontspec Info: 
(fontspec)             Lato-Hairline scale = 1.


Package fontspec Info: 
(fontspec)             Lato-HairlineItalic scale = 1.


Package fontspec Info: 
(fontspec)             Lato-Thin scale = 1.


Package fontspec Info: 
(fontspec)             Lato-ThinItalic scale = 1.


Package fontspec Info: 
(fontspec)             Lato-Light scale = 1.


Package fontspec Info: 
(fontspec)             Lato-LightItalic scale = 1.


Package fontspec Info: 
(fontspec)             Lato-Medium scale = 1.


Package fontspec Info: 
(fontspec)             Lato-MediumItalic scale = 1.


Package fontspec Info: 
(fontspec)             Lato-Semibold scale = 1.


Package fontspec Info: 
(fontspec)             Lato-SemiboldItalic scale = 1.


Package fontspec Info: 
(fontspec)             Lato-Bold scale = 1.


Package fontspec Info: 
(fontspec)             Lato-BoldItalic scale = 1.


Package fontspec Info: 
(fontspec)             Lato-Heavy scale = 1.


Package fontspec Info: 
(fontspec)             Lato-HeavyItalic scale = 1.


Package fontspec Info: 
(fontspec)             Lato-Black scale = 1.


Package fontspec Info: 
(fontspec)             Lato-BlackItalic scale = 1.


Package fontspec Info: 
(fontspec)             Lato-Regular scale = 1.


Package fontspec Info: 
(fontspec)             Lato-Italic scale = 1.


Package fontspec Info: 
(fontspec)             Font family 'lato-TOsF' created for font 'Lato' with
(fontspec)             options
(fontspec)             [Extension=.ttf,Ligatures={TeX,Common},Scale=1,FontFace=
{ul}{n}{*-Hairline},FontFace={ul}{it}{*-HairlineItalic},FontFace={el}{n}{*-Thin
},FontFace={el}{it}{*-ThinItalic},FontFace={l}{n}{*-Light},FontFace={l}{it}{*-L
ightItalic},UprightFont={*-Regular},ItalicFont={*-Italic},FontFace={mb}{n}{*-Me
dium},FontFace={mb}{it}{*-MediumItalic},FontFace={sb}{n}{*-Semibold},FontFace={
sb}{it}{*-SemiboldItalic},FontFace={b}{n}{*-Bold},FontFace={b}{it}{*-BoldItalic
},BoldFont={*-Bold},BoldItalicFont={*-BoldItalic},FontFace={eb}{n}{*-Heavy},Fon
tFace={eb}{it}{*-HeavyItalic},FontFace={ub}{n}{*-Black},FontFace={ub}{it}{*-Bla
ckItalic},Numbers={Monospaced,OldStyle},NFSSFamily=lato-TOsF].
(fontspec)              
(fontspec)              This font family consists of the following NFSS
(fontspec)             series/shapes:
(fontspec)              
(fontspec)             - (ul/n) with NFSS spec.:
(fontspec)             <->s*[1]"[Lato-Hairline.ttf]:mode=node;script=latn;langu
age=dflt;+tlig;+liga;+tnum;+onum;"
(fontspec)             - (ul/it) with NFSS spec.:
(fontspec)             <->s*[1]"[Lato-HairlineItalic.ttf]:mode=node;script=latn
;language=dflt;+tlig;+liga;+tnum;+onum;"
(fontspec)             - (el/n) with NFSS spec.:
(fontspec)             <->s*[1]"[Lato-Thin.ttf]:mode=node;script=latn;language=
dflt;+tlig;+liga;+tnum;+onum;"
(fontspec)             - (el/it) with NFSS spec.:
(fontspec)             <->s*[1]"[Lato-ThinItalic.ttf]:mode=node;script=latn;lan
guage=dflt;+tlig;+liga;+tnum;+onum;"
(fontspec)             - (l/n) with NFSS spec.:
(fontspec)             <->s*[1]"[Lato-Light.ttf]:mode=node;script=latn;language
=dflt;+tlig;+liga;+tnum;+onum;"
(fontspec)             - (l/it) with NFSS spec.:
(fontspec)             <->s*[1]"[Lato-LightItalic.ttf]:mode=node;script=latn;la
nguage=dflt;+tlig;+liga;+tnum;+onum;"
(fontspec)             - (mb/n) with NFSS spec.:
(fontspec)             <->s*[1]"[Lato-Medium.ttf]:mode=node;script=latn;languag
e=dflt;+tlig;+liga;+tnum;+onum;"
(fontspec)             - (mb/it) with NFSS spec.:
(fontspec)             <->s*[1]"[Lato-MediumItalic.ttf]:mode=node;script=latn;l
anguage=dflt;+tlig;+liga;+tnum;+onum;"
(fontspec)             - (sb/n) with NFSS spec.:
(fontspec)             <->s*[1]"[Lato-Semibold.ttf]:mode=node;script=latn;langu
age=dflt;+tlig;+liga;+tnum;+onum;"
(fontspec)             - (sb/it) with NFSS spec.:
(fontspec)             <->s*[1]"[Lato-SemiboldItalic.ttf]:mode=node;script=latn
;language=dflt;+tlig;+liga;+tnum;+onum;"
(fontspec)             - 'bold' (b/n) with NFSS spec.:
(fontspec)             <->s*[1]"[Lato-Bold.ttf]:mode=node;script=latn;language=
dflt;+tlig;+liga;+tnum;+onum;"
(fontspec)             - 'bold italic' (b/it) with NFSS spec.:
(fontspec)             <->s*[1]"[Lato-BoldItalic.ttf]:mode=node;script=latn;lan
guage=dflt;+tlig;+liga;+tnum;+onum;"
(fontspec)             - (eb/n) with NFSS spec.:
(fontspec)             <->s*[1]"[Lato-Heavy.ttf]:mode=node;script=latn;language
=dflt;+tlig;+liga;+tnum;+onum;"
(fontspec)             - (eb/it) with NFSS spec.:
(fontspec)             <->s*[1]"[Lato-HeavyItalic.ttf]:mode=node;script=latn;la
nguage=dflt;+tlig;+liga;+tnum;+onum;"
(fontspec)             - (ub/n) with NFSS spec.:
(fontspec)             <->s*[1]"[Lato-Black.ttf]:mode=node;script=latn;language
=dflt;+tlig;+liga;+tnum;+onum;"
(fontspec)             - (ub/it) with NFSS spec.:
(fontspec)             <->s*[1]"[Lato-BlackItalic.ttf]:mode=node;script=latn;la
nguage=dflt;+tlig;+liga;+tnum;+onum;"
(fontspec)             - 'normal' (m/n) with NFSS spec.:
(fontspec)             <->s*[1]"[Lato-Regular.ttf]:mode=node;script=latn;langua
ge=dflt;+tlig;+liga;+tnum;+onum;"
(fontspec)             - 'italic' (m/it) with NFSS spec.:
(fontspec)             <->s*[1]"[Lato-Italic.ttf]:mode=node;script=latn;languag
e=dflt;+tlig;+liga;+tnum;+onum;"


Package fontspec Info: 
(fontspec)             Lato-Regular scale = 1.


Package fontspec Info: 
(fontspec)             Lato-Hairline scale = 1.


Package fontspec Info: 
(fontspec)             Lato-HairlineItalic scale = 1.


Package fontspec Info: 
(fontspec)             Lato-Thin scale = 1.


Package fontspec Info: 
(fontspec)             Lato-ThinItalic scale = 1.


Package fontspec Info: 
(fontspec)             Lato-Light scale = 1.


Package fontspec Info: 
(fontspec)             Lato-LightItalic scale = 1.


Package fontspec Info: 
(fontspec)             Lato-Medium scale = 1.


Package fontspec Info: 
(fontspec)             Lato-MediumItalic scale = 1.


Package fontspec Info: 
(fontspec)             Lato-Semibold scale = 1.


Package fontspec Info: 
(fontspec)             Lato-SemiboldItalic scale = 1.


Package fontspec Info: 
(fontspec)             Lato-Bold scale = 1.


Package fontspec Info: 
(fontspec)             Lato-BoldItalic scale = 1.


Package fontspec Info: 
(fontspec)             Lato-Heavy scale = 1.


Package fontspec Info: 
(fontspec)             Lato-HeavyItalic scale = 1.


Package fontspec Info: 
(fontspec)             Lato-Black scale = 1.


Package fontspec Info: 
(fontspec)             Lato-BlackItalic scale = 1.


Package fontspec Info: 
(fontspec)             Lato-Regular scale = 1.


Package fontspec Info: 
(fontspec)             Lato-Italic scale = 1.


Package fontspec Info: 
(fontspec)             Font family 'lato-OsF' created for font 'Lato' with
(fontspec)             options
(fontspec)             [Extension=.ttf,Ligatures={TeX,Common},Scale=1,FontFace=
{ul}{n}{*-Hairline},FontFace={ul}{it}{*-HairlineItalic},FontFace={el}{n}{*-Thin
},FontFace={el}{it}{*-ThinItalic},FontFace={l}{n}{*-Light},FontFace={l}{it}{*-L
ightItalic},UprightFont={*-Regular},ItalicFont={*-Italic},FontFace={mb}{n}{*-Me
dium},FontFace={mb}{it}{*-MediumItalic},FontFace={sb}{n}{*-Semibold},FontFace={
sb}{it}{*-SemiboldItalic},FontFace={b}{n}{*-Bold},FontFace={b}{it}{*-BoldItalic
},BoldFont={*-Bold},BoldItalicFont={*-BoldItalic},FontFace={eb}{n}{*-Heavy},Fon
tFace={eb}{it}{*-HeavyItalic},FontFace={ub}{n}{*-Black},FontFace={ub}{it}{*-Bla
ckItalic},Numbers={Proportional,OldStyle},NFSSFamily=lato-OsF].
(fontspec)              
(fontspec)              This font family consists of the following NFSS
(fontspec)             series/shapes:
(fontspec)              
(fontspec)             - (ul/n) with NFSS spec.:
(fontspec)             <->s*[1]"[Lato-Hairline.ttf]:mode=node;script=latn;langu
age=dflt;+tlig;+liga;+pnum;+onum;"
(fontspec)             - (ul/it) with NFSS spec.:
(fontspec)             <->s*[1]"[Lato-HairlineItalic.ttf]:mode=node;script=latn
;language=dflt;+tlig;+liga;+pnum;+onum;"
(fontspec)             - (el/n) with NFSS spec.:
(fontspec)             <->s*[1]"[Lato-Thin.ttf]:mode=node;script=latn;language=
dflt;+tlig;+liga;+pnum;+onum;"
(fontspec)             - (el/it) with NFSS spec.:
(fontspec)             <->s*[1]"[Lato-ThinItalic.ttf]:mode=node;script=latn;lan
guage=dflt;+tlig;+liga;+pnum;+onum;"
(fontspec)             - (l/n) with NFSS spec.:
(fontspec)             <->s*[1]"[Lato-Light.ttf]:mode=node;script=latn;language
=dflt;+tlig;+liga;+pnum;+onum;"
(fontspec)             - (l/it) with NFSS spec.:
(fontspec)             <->s*[1]"[Lato-LightItalic.ttf]:mode=node;script=latn;la
nguage=dflt;+tlig;+liga;+pnum;+onum;"
(fontspec)             - (mb/n) with NFSS spec.:
(fontspec)             <->s*[1]"[Lato-Medium.ttf]:mode=node;script=latn;languag
e=dflt;+tlig;+liga;+pnum;+onum;"
(fontspec)             - (mb/it) with NFSS spec.:
(fontspec)             <->s*[1]"[Lato-MediumItalic.ttf]:mode=node;script=latn;l
anguage=dflt;+tlig;+liga;+pnum;+onum;"
(fontspec)             - (sb/n) with NFSS spec.:
(fontspec)             <->s*[1]"[Lato-Semibold.ttf]:mode=node;script=latn;langu
age=dflt;+tlig;+liga;+pnum;+onum;"
(fontspec)             - (sb/it) with NFSS spec.:
(fontspec)             <->s*[1]"[Lato-SemiboldItalic.ttf]:mode=node;script=latn
;language=dflt;+tlig;+liga;+pnum;+onum;"
(fontspec)             - 'bold' (b/n) with NFSS spec.:
(fontspec)             <->s*[1]"[Lato-Bold.ttf]:mode=node;script=latn;language=
dflt;+tlig;+liga;+pnum;+onum;"
(fontspec)             - 'bold italic' (b/it) with NFSS spec.:
(fontspec)             <->s*[1]"[Lato-BoldItalic.ttf]:mode=node;script=latn;lan
guage=dflt;+tlig;+liga;+pnum;+onum;"
(fontspec)             - (eb/n) with NFSS spec.:
(fontspec)             <->s*[1]"[Lato-Heavy.ttf]:mode=node;script=latn;language
=dflt;+tlig;+liga;+pnum;+onum;"
(fontspec)             - (eb/it) with NFSS spec.:
(fontspec)             <->s*[1]"[Lato-HeavyItalic.ttf]:mode=node;script=latn;la
nguage=dflt;+tlig;+liga;+pnum;+onum;"
(fontspec)             - (ub/n) with NFSS spec.:
(fontspec)             <->s*[1]"[Lato-Black.ttf]:mode=node;script=latn;language
=dflt;+tlig;+liga;+pnum;+onum;"
(fontspec)             - (ub/it) with NFSS spec.:
(fontspec)             <->s*[1]"[Lato-BlackItalic.ttf]:mode=node;script=latn;la
nguage=dflt;+tlig;+liga;+pnum;+onum;"
(fontspec)             - 'normal' (m/n) with NFSS spec.:
(fontspec)             <->s*[1]"[Lato-Regular.ttf]:mode=node;script=latn;langua
ge=dflt;+tlig;+liga;+pnum;+onum;"
(fontspec)             - 'italic' (m/it) with NFSS spec.:
(fontspec)             <->s*[1]"[Lato-Italic.ttf]:mode=node;script=latn;languag
e=dflt;+tlig;+liga;+pnum;+onum;"


Package fontspec Info: 
(fontspec)             Lato-Regular scale = 1.


Package fontspec Info: 
(fontspec)             Lato-Hairline scale = 1.


Package fontspec Info: 
(fontspec)             Lato-HairlineItalic scale = 1.


Package fontspec Info: 
(fontspec)             Lato-Thin scale = 1.


Package fontspec Info: 
(fontspec)             Lato-ThinItalic scale = 1.


Package fontspec Info: 
(fontspec)             Lato-Light scale = 1.


Package fontspec Info: 
(fontspec)             Lato-LightItalic scale = 1.


Package fontspec Info: 
(fontspec)             Lato-Medium scale = 1.


Package fontspec Info: 
(fontspec)             Lato-MediumItalic scale = 1.


Package fontspec Info: 
(fontspec)             Lato-Semibold scale = 1.


Package fontspec Info: 
(fontspec)             Lato-SemiboldItalic scale = 1.


Package fontspec Info: 
(fontspec)             Lato-Bold scale = 1.


Package fontspec Info: 
(fontspec)             Lato-BoldItalic scale = 1.


Package fontspec Info: 
(fontspec)             Lato-Heavy scale = 1.


Package fontspec Info: 
(fontspec)             Lato-HeavyItalic scale = 1.


Package fontspec Info: 
(fontspec)             Lato-Black scale = 1.


Package fontspec Info: 
(fontspec)             Lato-BlackItalic scale = 1.


Package fontspec Info: 
(fontspec)             Lato-Regular scale = 1.


Package fontspec Info: 
(fontspec)             Lato-Italic scale = 1.


Package fontspec Info: 
(fontspec)             Font family 'fla' created for font 'Lato' with options
(fontspec)             [Extension=.ttf,Ligatures={TeX,Common},Scale=1,FontFace=
{ul}{n}{*-Hairline},FontFace={ul}{it}{*-HairlineItalic},FontFace={el}{n}{*-Thin
},FontFace={el}{it}{*-ThinItalic},FontFace={l}{n}{*-Light},FontFace={l}{it}{*-L
ightItalic},UprightFont={*-Regular},ItalicFont={*-Italic},FontFace={mb}{n}{*-Me
dium},FontFace={mb}{it}{*-MediumItalic},FontFace={sb}{n}{*-Semibold},FontFace={
sb}{it}{*-SemiboldItalic},FontFace={b}{n}{*-Bold},FontFace={b}{it}{*-BoldItalic
},BoldFont={*-Bold},BoldItalicFont={*-BoldItalic},FontFace={eb}{n}{*-Heavy},Fon
tFace={eb}{it}{*-HeavyItalic},FontFace={ub}{n}{*-Black},FontFace={ub}{it}{*-Bla
ckItalic},Numbers={Monospaced,Lining},NFSSFamily=fla].
(fontspec)              
(fontspec)              This font family consists of the following NFSS
(fontspec)             series/shapes:
(fontspec)              
(fontspec)             - (ul/n) with NFSS spec.:
(fontspec)             <->s*[1]"[Lato-Hairline.ttf]:mode=node;script=latn;langu
age=dflt;+tlig;+liga;+tnum;+lnum;"
(fontspec)             - (ul/it) with NFSS spec.:
(fontspec)             <->s*[1]"[Lato-HairlineItalic.ttf]:mode=node;script=latn
;language=dflt;+tlig;+liga;+tnum;+lnum;"
(fontspec)             - (el/n) with NFSS spec.:
(fontspec)             <->s*[1]"[Lato-Thin.ttf]:mode=node;script=latn;language=
dflt;+tlig;+liga;+tnum;+lnum;"
(fontspec)             - (el/it) with NFSS spec.:
(fontspec)             <->s*[1]"[Lato-ThinItalic.ttf]:mode=node;script=latn;lan
guage=dflt;+tlig;+liga;+tnum;+lnum;"
(fontspec)             - (l/n) with NFSS spec.:
(fontspec)             <->s*[1]"[Lato-Light.ttf]:mode=node;script=latn;language
=dflt;+tlig;+liga;+tnum;+lnum;"
(fontspec)             - (l/it) with NFSS spec.:
(fontspec)             <->s*[1]"[Lato-LightItalic.ttf]:mode=node;script=latn;la
nguage=dflt;+tlig;+liga;+tnum;+lnum;"
(fontspec)             - (mb/n) with NFSS spec.:
(fontspec)             <->s*[1]"[Lato-Medium.ttf]:mode=node;script=latn;languag
e=dflt;+tlig;+liga;+tnum;+lnum;"
(fontspec)             - (mb/it) with NFSS spec.:
(fontspec)             <->s*[1]"[Lato-MediumItalic.ttf]:mode=node;script=latn;l
anguage=dflt;+tlig;+liga;+tnum;+lnum;"
(fontspec)             - (sb/n) with NFSS spec.:
(fontspec)             <->s*[1]"[Lato-Semibold.ttf]:mode=node;script=latn;langu
age=dflt;+tlig;+liga;+tnum;+lnum;"
(fontspec)             - (sb/it) with NFSS spec.:
(fontspec)             <->s*[1]"[Lato-SemiboldItalic.ttf]:mode=node;script=latn
;language=dflt;+tlig;+liga;+tnum;+lnum;"
(fontspec)             - 'bold' (b/n) with NFSS spec.:
(fontspec)             <->s*[1]"[Lato-Bold.ttf]:mode=node;script=latn;language=
dflt;+tlig;+liga;+tnum;+lnum;"
(fontspec)             - 'bold italic' (b/it) with NFSS spec.:
(fontspec)             <->s*[1]"[Lato-BoldItalic.ttf]:mode=node;script=latn;lan
guage=dflt;+tlig;+liga;+tnum;+lnum;"
(fontspec)             - (eb/n) with NFSS spec.:
(fontspec)             <->s*[1]"[Lato-Heavy.ttf]:mode=node;script=latn;language
=dflt;+tlig;+liga;+tnum;+lnum;"
(fontspec)             - (eb/it) with NFSS spec.:
(fontspec)             <->s*[1]"[Lato-HeavyItalic.ttf]:mode=node;script=latn;la
nguage=dflt;+tlig;+liga;+tnum;+lnum;"
(fontspec)             - (ub/n) with NFSS spec.:
(fontspec)             <->s*[1]"[Lato-Black.ttf]:mode=node;script=latn;language
=dflt;+tlig;+liga;+tnum;+lnum;"
(fontspec)             - (ub/it) with NFSS spec.:
(fontspec)             <->s*[1]"[Lato-BlackItalic.ttf]:mode=node;script=latn;la
nguage=dflt;+tlig;+liga;+tnum;+lnum;"
(fontspec)             - 'normal' (m/n) with NFSS spec.:
(fontspec)             <->s*[1]"[Lato-Regular.ttf]:mode=node;script=latn;langua
ge=dflt;+tlig;+liga;+tnum;+lnum;"
(fontspec)             - 'italic' (m/it) with NFSS spec.:
(fontspec)             <->s*[1]"[Lato-Italic.ttf]:mode=node;script=latn;languag
e=dflt;+tlig;+liga;+tnum;+lnum;"


Package fontspec Info: 
(fontspec)             Lato-Regular scale = 1.


Package fontspec Info: 
(fontspec)             Lato-Hairline scale = 1.


Package fontspec Info: 
(fontspec)             Lato-HairlineItalic scale = 1.


Package fontspec Info: 
(fontspec)             Lato-Thin scale = 1.


Package fontspec Info: 
(fontspec)             Lato-ThinItalic scale = 1.


Package fontspec Info: 
(fontspec)             Lato-Light scale = 1.


Package fontspec Info: 
(fontspec)             Lato-LightItalic scale = 1.


Package fontspec Info: 
(fontspec)             Lato-Medium scale = 1.


Package fontspec Info: 
(fontspec)             Lato-MediumItalic scale = 1.


Package fontspec Info: 
(fontspec)             Lato-Semibold scale = 1.


Package fontspec Info: 
(fontspec)             Lato-SemiboldItalic scale = 1.


Package fontspec Info: 
(fontspec)             Lato-Bold scale = 1.


Package fontspec Info: 
(fontspec)             Lato-BoldItalic scale = 1.


Package fontspec Info: 
(fontspec)             Lato-Heavy scale = 1.


Package fontspec Info: 
(fontspec)             Lato-HeavyItalic scale = 1.


Package fontspec Info: 
(fontspec)             Lato-Black scale = 1.


Package fontspec Info: 
(fontspec)             Lato-BlackItalic scale = 1.


Package fontspec Info: 
(fontspec)             Lato-Regular scale = 1.


Package fontspec Info: 
(fontspec)             Lato-Italic scale = 1.


Package fontspec Info: 
(fontspec)             Font family 'Lato(0)' created for font 'Lato' with
(fontspec)             options
(fontspec)             [Ligatures=TeX,Extension=.ttf,Ligatures={TeX,Common},Sca
le=1,FontFace={ul}{n}{*-Hairline},FontFace={ul}{it}{*-HairlineItalic},FontFace=
{el}{n}{*-Thin},FontFace={el}{it}{*-ThinItalic},FontFace={l}{n}{*-Light},FontFa
ce={l}{it}{*-LightItalic},UprightFont={*-Regular},ItalicFont={*-Italic},FontFac
e={mb}{n}{*-Medium},FontFace={mb}{it}{*-MediumItalic},FontFace={sb}{n}{*-Semibo
ld},FontFace={sb}{it}{*-SemiboldItalic},FontFace={b}{n}{*-Bold},FontFace={b}{it
}{*-BoldItalic},BoldFont={*-Bold},BoldItalicFont={*-BoldItalic},FontFace={eb}{n
}{*-Heavy},FontFace={eb}{it}{*-HeavyItalic},FontFace={ub}{n}{*-Black},FontFace=
{ub}{it}{*-BlackItalic},Numbers={Monospaced,Lining}].
(fontspec)              
(fontspec)              This font family consists of the following NFSS
(fontspec)             series/shapes:
(fontspec)              
(fontspec)             - (ul/n) with NFSS spec.:
(fontspec)             <->s*[1]"[Lato-Hairline.ttf]:mode=node;script=latn;langu
age=dflt;+tlig;+liga;+tnum;+lnum;"
(fontspec)             - (ul/it) with NFSS spec.:
(fontspec)             <->s*[1]"[Lato-HairlineItalic.ttf]:mode=node;script=latn
;language=dflt;+tlig;+liga;+tnum;+lnum;"
(fontspec)             - (el/n) with NFSS spec.:
(fontspec)             <->s*[1]"[Lato-Thin.ttf]:mode=node;script=latn;language=
dflt;+tlig;+liga;+tnum;+lnum;"
(fontspec)             - (el/it) with NFSS spec.:
(fontspec)             <->s*[1]"[Lato-ThinItalic.ttf]:mode=node;script=latn;lan
guage=dflt;+tlig;+liga;+tnum;+lnum;"
(fontspec)             - (l/n) with NFSS spec.:
(fontspec)             <->s*[1]"[Lato-Light.ttf]:mode=node;script=latn;language
=dflt;+tlig;+liga;+tnum;+lnum;"
(fontspec)             - (l/it) with NFSS spec.:
(fontspec)             <->s*[1]"[Lato-LightItalic.ttf]:mode=node;script=latn;la
nguage=dflt;+tlig;+liga;+tnum;+lnum;"
(fontspec)             - (mb/n) with NFSS spec.:
(fontspec)             <->s*[1]"[Lato-Medium.ttf]:mode=node;script=latn;languag
e=dflt;+tlig;+liga;+tnum;+lnum;"
(fontspec)             - (mb/it) with NFSS spec.:
(fontspec)             <->s*[1]"[Lato-MediumItalic.ttf]:mode=node;script=latn;l
anguage=dflt;+tlig;+liga;+tnum;+lnum;"
(fontspec)             - (sb/n) with NFSS spec.:
(fontspec)             <->s*[1]"[Lato-Semibold.ttf]:mode=node;script=latn;langu
age=dflt;+tlig;+liga;+tnum;+lnum;"
(fontspec)             - (sb/it) with NFSS spec.:
(fontspec)             <->s*[1]"[Lato-SemiboldItalic.ttf]:mode=node;script=latn
;language=dflt;+tlig;+liga;+tnum;+lnum;"
(fontspec)             - 'bold' (b/n) with NFSS spec.:
(fontspec)             <->s*[1]"[Lato-Bold.ttf]:mode=node;script=latn;language=
dflt;+tlig;+liga;+tnum;+lnum;"
(fontspec)             - 'bold italic' (b/it) with NFSS spec.:
(fontspec)             <->s*[1]"[Lato-BoldItalic.ttf]:mode=node;script=latn;lan
guage=dflt;+tlig;+liga;+tnum;+lnum;"
(fontspec)             - (eb/n) with NFSS spec.:
(fontspec)             <->s*[1]"[Lato-Heavy.ttf]:mode=node;script=latn;language
=dflt;+tlig;+liga;+tnum;+lnum;"
(fontspec)             - (eb/it) with NFSS spec.:
(fontspec)             <->s*[1]"[Lato-HeavyItalic.ttf]:mode=node;script=latn;la
nguage=dflt;+tlig;+liga;+tnum;+lnum;"
(fontspec)             - (ub/n) with NFSS spec.:
(fontspec)             <->s*[1]"[Lato-Black.ttf]:mode=node;script=latn;language
=dflt;+tlig;+liga;+tnum;+lnum;"
(fontspec)             - (ub/it) with NFSS spec.:
(fontspec)             <->s*[1]"[Lato-BlackItalic.ttf]:mode=node;script=latn;la
nguage=dflt;+tlig;+liga;+tnum;+lnum;"
(fontspec)             - 'normal' (m/n) with NFSS spec.:
(fontspec)             <->s*[1]"[Lato-Regular.ttf]:mode=node;script=latn;langua
ge=dflt;+tlig;+liga;+tnum;+lnum;"
(fontspec)             - 'italic' (m/it) with NFSS spec.:
(fontspec)             <->s*[1]"[Lato-Italic.ttf]:mode=node;script=latn;languag
e=dflt;+tlig;+liga;+tnum;+lnum;"

LaTeX Font Info:    Font shape `TU/Lato(0)/m/n' will be
(Font)              scaled to size 10.0pt on input line 156.
)
(/usr/share/texmf-dist/tex/latex/pgfplots/pgfplots.sty
(/usr/share/texmf-dist/tex/generic/pgfplots/pgfplots.revision.tex)
Package: pgfplots 2021/05/15 v1.18.1 Data Visualization (1.18.1)

(/usr/share/texmf-dist/tex/latex/graphics/graphicx.sty
Package: graphicx 2021/09/16 v1.2d Enhanced LaTeX Graphics (DPC,SPQR)

(/usr/share/texmf-dist/tex/latex/graphics/graphics.sty
Package: graphics 2024/08/06 v1.4g Standard LaTeX Graphics (DPC,SPQR)

(/usr/share/texmf-dist/tex/latex/graphics/trig.sty
Package: trig 2023/12/02 v1.11 sin cos tan (DPC)
)
(/usr/share/texmf-dist/tex/latex/graphics-cfg/graphics.cfg
File: graphics.cfg 2016/06/04 v1.11 sample graphics configuration
)
Package graphics Info: Driver file: luatex.def on input line 106.

(/usr/share/texmf-dist/tex/latex/graphics-def/luatex.def
File: luatex.def 2024/04/13 v1.2e Graphics/color driver for luatex
))
\Gin@req@height=\dimen153
\Gin@req@width=\dimen154
)
(/usr/share/texmf-dist/tex/latex/pgf/frontendlayer/tikz.sty
(/usr/share/texmf-dist/tex/latex/pgf/basiclayer/pgf.sty
(/usr/share/texmf-dist/tex/latex/pgf/utilities/pgfrcs.sty
(/usr/share/texmf-dist/tex/generic/pgf/utilities/pgfutil-common.tex
\pgfutil@everybye=\toks23
\pgfutil@tempdima=\dimen155
\pgfutil@tempdimb=\dimen156
)
(/usr/share/texmf-dist/tex/generic/pgf/utilities/pgfutil-latex.def
\pgfutil@abb=\box54
)
(/usr/share/texmf-dist/tex/generic/pgf/utilities/pgfrcs.code.tex
(/usr/share/texmf-dist/tex/generic/pgf/pgf.revision.tex)
Package: pgfrcs 2023-01-15 v3.1.10 (3.1.10)
))
Package: pgf 2023-01-15 v3.1.10 (3.1.10)

(/usr/share/texmf-dist/tex/latex/pgf/basiclayer/pgfcore.sty
(/usr/share/texmf-dist/tex/latex/pgf/systemlayer/pgfsys.sty
(/usr/share/texmf-dist/tex/generic/pgf/systemlayer/pgfsys.code.tex
Package: pgfsys 2023-01-15 v3.1.10 (3.1.10)

(/usr/share/texmf-dist/tex/generic/pgf/utilities/pgfkeys.code.tex
\pgfkeys@pathtoks=\toks24
\pgfkeys@temptoks=\toks25

(/usr/share/texmf-dist/tex/generic/pgf/utilities/pgfkeyslibraryfiltered.code.te
x
\pgfkeys@tmptoks=\toks26
))
\pgf@x=\dimen157
\pgf@y=\dimen158
\pgf@xa=\dimen159
\pgf@ya=\dimen160
\pgf@xb=\dimen161
\pgf@yb=\dimen162
\pgf@xc=\dimen163
\pgf@yc=\dimen164
\pgf@xd=\dimen165
\pgf@yd=\dimen166
\w@pgf@writea=\write3
\r@pgf@reada=\read2
\c@pgf@counta=\count288
\c@pgf@countb=\count289
\c@pgf@countc=\count290
\c@pgf@countd=\count291
\t@pgf@toka=\toks27
\t@pgf@tokb=\toks28
\t@pgf@tokc=\toks29
\pgf@sys@id@count=\count292
 (/usr/share/texmf-dist/tex/generic/pgf/systemlayer/pgf.cfg
File: pgf.cfg 2023-01-15 v3.1.10 (3.1.10)
)
Driver file for pgf: pgfsys-luatex.def

(/usr/share/texmf-dist/tex/generic/pgf/systemlayer/pgfsys-luatex.def
File: pgfsys-luatex.def 2023-01-15 v3.1.10 (3.1.10)

(/usr/share/texmf-dist/tex/generic/pgf/systemlayer/pgfsys-common-pdf.def
File: pgfsys-common-pdf.def 2023-01-15 v3.1.10 (3.1.10)
)))
(/usr/share/texmf-dist/tex/generic/pgf/systemlayer/pgfsyssoftpath.code.tex
File: pgfsyssoftpath.code.tex 2023-01-15 v3.1.10 (3.1.10)
\pgfsyssoftpath@smallbuffer@items=\count293
\pgfsyssoftpath@bigbuffer@items=\count294
)
(/usr/share/texmf-dist/tex/generic/pgf/systemlayer/pgfsysprotocol.code.tex
File: pgfsysprotocol.code.tex 2023-01-15 v3.1.10 (3.1.10)
))
(/usr/share/texmf-dist/tex/latex/xcolor/xcolor.sty
Package: xcolor 2024/09/29 v3.02 LaTeX color extensions (UK)

(/usr/share/texmf-dist/tex/latex/graphics-cfg/color.cfg
File: color.cfg 2016/01/02 v1.6 sample color configuration
)
Package xcolor Info: Driver file: luatex.def on input line 274.

(/usr/share/texmf-dist/tex/latex/graphics/mathcolor.ltx)
Package xcolor Info: Model `cmy' substituted by `cmy0' on input line 1349.
Package xcolor Info: Model `hsb' substituted by `rgb' on input line 1353.
Package xcolor Info: Model `RGB' extended on input line 1365.
Package xcolor Info: Model `HTML' substituted by `rgb' on input line 1367.
Package xcolor Info: Model `Hsb' substituted by `hsb' on input line 1368.
Package xcolor Info: Model `tHsb' substituted by `hsb' on input line 1369.
Package xcolor Info: Model `HSB' substituted by `hsb' on input line 1370.
Package xcolor Info: Model `Gray' substituted by `gray' on input line 1371.
Package xcolor Info: Model `wave' substituted by `hsb' on input line 1372.
)
(/usr/share/texmf-dist/tex/latex/colortbl/colortbl.sty
Package: colortbl 2024/07/06 v1.0i Color table columns (DPC)

(/usr/share/texmf-dist/tex/latex/tools/array.sty
Package: array 2024/10/17 v2.6g Tabular extension package (FMi)
\col@sep=\dimen167
\ar@mcellbox=\box55
\extrarowheight=\dimen168
\NC@list=\toks30
\extratabsurround=\skip52
\backup@length=\skip53
\ar@cellbox=\box56
)
\everycr=\toks31
\minrowclearance=\skip54
\rownum=\count295
)
(/usr/share/texmf-dist/tex/generic/pgf/basiclayer/pgfcore.code.tex
Package: pgfcore 2023-01-15 v3.1.10 (3.1.10)

(/usr/share/texmf-dist/tex/generic/pgf/math/pgfmath.code.tex
(/usr/share/texmf-dist/tex/generic/pgf/math/pgfmathutil.code.tex)
(/usr/share/texmf-dist/tex/generic/pgf/math/pgfmathparser.code.tex
\pgfmath@dimen=\dimen169
\pgfmath@count=\count296
\pgfmath@box=\box57
\pgfmath@toks=\toks32
\pgfmath@stack@operand=\toks33
\pgfmath@stack@operation=\toks34
)
(/usr/share/texmf-dist/tex/generic/pgf/math/pgfmathfunctions.code.tex)
(/usr/share/texmf-dist/tex/generic/pgf/math/pgfmathfunctions.basic.code.tex)
(/usr/share/texmf-dist/tex/generic/pgf/math/pgfmathfunctions.trigonometric.code
.tex)
(/usr/share/texmf-dist/tex/generic/pgf/math/pgfmathfunctions.random.code.tex)
(/usr/share/texmf-dist/tex/generic/pgf/math/pgfmathfunctions.comparison.code.te
x) (/usr/share/texmf-dist/tex/generic/pgf/math/pgfmathfunctions.base.code.tex)
(/usr/share/texmf-dist/tex/generic/pgf/math/pgfmathfunctions.round.code.tex)
(/usr/share/texmf-dist/tex/generic/pgf/math/pgfmathfunctions.misc.code.tex)
(/usr/share/texmf-dist/tex/generic/pgf/math/pgfmathfunctions.integerarithmetics
.code.tex) (/usr/share/texmf-dist/tex/generic/pgf/math/pgfmathcalc.code.tex)
(/usr/share/texmf-dist/tex/generic/pgf/math/pgfmathfloat.code.tex
\c@pgfmathroundto@lastzeros=\count297
))
(/usr/share/texmf-dist/tex/generic/pgf/math/pgfint.code.tex)
(/usr/share/texmf-dist/tex/generic/pgf/basiclayer/pgfcorepoints.code.tex
File: pgfcorepoints.code.tex 2023-01-15 v3.1.10 (3.1.10)
\pgf@picminx=\dimen170
\pgf@picmaxx=\dimen171
\pgf@picminy=\dimen172
\pgf@picmaxy=\dimen173
\pgf@pathminx=\dimen174
\pgf@pathmaxx=\dimen175
\pgf@pathminy=\dimen176
\pgf@pathmaxy=\dimen177
\pgf@xx=\dimen178
\pgf@xy=\dimen179
\pgf@yx=\dimen180
\pgf@yy=\dimen181
\pgf@zx=\dimen182
\pgf@zy=\dimen183
)
(/usr/share/texmf-dist/tex/generic/pgf/basiclayer/pgfcorepathconstruct.code.tex
File: pgfcorepathconstruct.code.tex 2023-01-15 v3.1.10 (3.1.10)
\pgf@path@lastx=\dimen184
\pgf@path@lasty=\dimen185
) (/usr/share/texmf-dist/tex/generic/pgf/basiclayer/pgfcorepathusage.code.tex
File: pgfcorepathusage.code.tex 2023-01-15 v3.1.10 (3.1.10)
\pgf@shorten@end@additional=\dimen186
\pgf@shorten@start@additional=\dimen187
)
(/usr/share/texmf-dist/tex/generic/pgf/basiclayer/pgfcorescopes.code.tex
File: pgfcorescopes.code.tex 2023-01-15 v3.1.10 (3.1.10)
\pgfpic=\box58
\pgf@hbox=\box59
\pgf@layerbox@main=\box60
\pgf@picture@serial@count=\count298
)
(/usr/share/texmf-dist/tex/generic/pgf/basiclayer/pgfcoregraphicstate.code.tex
File: pgfcoregraphicstate.code.tex 2023-01-15 v3.1.10 (3.1.10)
\pgflinewidth=\dimen188
)
(/usr/share/texmf-dist/tex/generic/pgf/basiclayer/pgfcoretransformations.code.t
ex
File: pgfcoretransformations.code.tex 2023-01-15 v3.1.10 (3.1.10)
\pgf@pt@x=\dimen189
\pgf@pt@y=\dimen190
\pgf@pt@temp=\dimen191
) (/usr/share/texmf-dist/tex/generic/pgf/basiclayer/pgfcorequick.code.tex
File: pgfcorequick.code.tex 2023-01-15 v3.1.10 (3.1.10)
)
(/usr/share/texmf-dist/tex/generic/pgf/basiclayer/pgfcoreobjects.code.tex
File: pgfcoreobjects.code.tex 2023-01-15 v3.1.10 (3.1.10)
)
(/usr/share/texmf-dist/tex/generic/pgf/basiclayer/pgfcorepathprocessing.code.te
x
File: pgfcorepathprocessing.code.tex 2023-01-15 v3.1.10 (3.1.10)
) (/usr/share/texmf-dist/tex/generic/pgf/basiclayer/pgfcorearrows.code.tex
File: pgfcorearrows.code.tex 2023-01-15 v3.1.10 (3.1.10)
\pgfarrowsep=\dimen192
)
(/usr/share/texmf-dist/tex/generic/pgf/basiclayer/pgfcoreshade.code.tex
File: pgfcoreshade.code.tex 2023-01-15 v3.1.10 (3.1.10)
\pgf@max=\dimen193
\pgf@sys@shading@range@num=\count299
\pgf@shadingcount=\count300
)
(/usr/share/texmf-dist/tex/generic/pgf/basiclayer/pgfcoreimage.code.tex
File: pgfcoreimage.code.tex 2023-01-15 v3.1.10 (3.1.10)
)
(/usr/share/texmf-dist/tex/generic/pgf/basiclayer/pgfcoreexternal.code.tex
File: pgfcoreexternal.code.tex 2023-01-15 v3.1.10 (3.1.10)
\pgfexternal@startupbox=\box61
)
(/usr/share/texmf-dist/tex/generic/pgf/basiclayer/pgfcorelayers.code.tex
File: pgfcorelayers.code.tex 2023-01-15 v3.1.10 (3.1.10)
)
(/usr/share/texmf-dist/tex/generic/pgf/basiclayer/pgfcoretransparency.code.tex
File: pgfcoretransparency.code.tex 2023-01-15 v3.1.10 (3.1.10)
) (/usr/share/texmf-dist/tex/generic/pgf/basiclayer/pgfcorepatterns.code.tex
File: pgfcorepatterns.code.tex 2023-01-15 v3.1.10 (3.1.10)
)
(/usr/share/texmf-dist/tex/generic/pgf/basiclayer/pgfcorerdf.code.tex
File: pgfcorerdf.code.tex 2023-01-15 v3.1.10 (3.1.10)
)))
(/usr/share/texmf-dist/tex/generic/pgf/modules/pgfmoduleshapes.code.tex
File: pgfmoduleshapes.code.tex 2023-01-15 v3.1.10 (3.1.10)
\pgfnodeparttextbox=\box62
)
(/usr/share/texmf-dist/tex/generic/pgf/modules/pgfmoduleplot.code.tex
File: pgfmoduleplot.code.tex 2023-01-15 v3.1.10 (3.1.10)
)
(/usr/share/texmf-dist/tex/latex/pgf/compatibility/pgfcomp-version-0-65.sty
Package: pgfcomp-version-0-65 2023-01-15 v3.1.10 (3.1.10)
\pgf@nodesepstart=\dimen194
\pgf@nodesepend=\dimen195
)
(/usr/share/texmf-dist/tex/latex/pgf/compatibility/pgfcomp-version-1-18.sty
Package: pgfcomp-version-1-18 2023-01-15 v3.1.10 (3.1.10)
))
(/usr/share/texmf-dist/tex/latex/pgf/utilities/pgffor.sty
(/usr/share/texmf-dist/tex/latex/pgf/utilities/pgfkeys.sty
(/usr/share/texmf-dist/tex/generic/pgf/utilities/pgfkeys.code.tex))
(/usr/share/texmf-dist/tex/latex/pgf/math/pgfmath.sty
(/usr/share/texmf-dist/tex/generic/pgf/math/pgfmath.code.tex))
(/usr/share/texmf-dist/tex/generic/pgf/utilities/pgffor.code.tex
Package: pgffor 2023-01-15 v3.1.10 (3.1.10)
\pgffor@iter=\dimen196
\pgffor@skip=\dimen197
\pgffor@stack=\toks35
\pgffor@toks=\toks36
))
(/usr/share/texmf-dist/tex/generic/pgf/frontendlayer/tikz/tikz.code.tex
Package: tikz 2023-01-15 v3.1.10 (3.1.10)

(/usr/share/texmf-dist/tex/generic/pgf/libraries/pgflibraryplothandlers.code.te
x
File: pgflibraryplothandlers.code.tex 2023-01-15 v3.1.10 (3.1.10)
\pgf@plot@mark@count=\count301
\pgfplotmarksize=\dimen198
)
\tikz@lastx=\dimen199
\tikz@lasty=\dimen256
\tikz@lastxsaved=\dimen257
\tikz@lastysaved=\dimen258
\tikz@lastmovetox=\dimen259
\tikz@lastmovetoy=\dimen260
\tikzleveldistance=\dimen261
\tikzsiblingdistance=\dimen262
\tikz@figbox=\box63
\tikz@figbox@bg=\box64
\tikz@tempbox=\box65
\tikz@tempbox@bg=\box66
\tikztreelevel=\count302
\tikznumberofchildren=\count303
\tikznumberofcurrentchild=\count304
\tikz@fig@count=\count305
 (/usr/share/texmf-dist/tex/generic/pgf/modules/pgfmodulematrix.code.tex
File: pgfmodulematrix.code.tex 2023-01-15 v3.1.10 (3.1.10)
\pgfmatrixcurrentrow=\count306
\pgfmatrixcurrentcolumn=\count307
\pgf@matrix@numberofcolumns=\count308
)
\tikz@expandcount=\count309

(/usr/share/texmf-dist/tex/generic/pgf/frontendlayer/tikz/libraries/tikzlibrary
topaths.code.tex
File: tikzlibrarytopaths.code.tex 2023-01-15 v3.1.10 (3.1.10)
)))
(/usr/share/texmf-dist/tex/generic/pgfplots/pgfplots.code.tex
(/usr/share/texmf-dist/tex/generic/pgfplots/pgfplotscore.code.tex
Package pgfplots info on input line 124: Initializing with LUA version Lua 5.3
\pgfplots@luabackend@table=\catcodetable14
\t@pgfplots@toka=\toks37
\t@pgfplots@tokb=\toks38
\t@pgfplots@tokc=\toks39
\pgfplots@tmpa=\dimen263
\c@pgfplots@coordindex=\count310
\c@pgfplots@scanlineindex=\count311

(/usr/share/texmf-dist/tex/generic/pgfplots/sys/pgfplotssysgeneric.code.tex))
(/usr/share/texmf-dist/tex/generic/pgfplots/libs/pgfplotslibrary.code.tex)
(/usr/share/texmf-dist/tex/generic/pgfplots/oldpgfcompatib/pgfplotsoldpgfsupp_l
oader.code.tex
(/usr/share/texmf-dist/tex/generic/pgf/libraries/pgflibraryfpu.code.tex)
Package pgfplots: loading complementary utilities for your pgf version...
\t@pgf@toka=\toks40
\t@pgf@tokb=\toks41
\t@pgf@tokc=\toks42

(/usr/share/texmf-dist/tex/generic/pgfplots/oldpgfcompatib/pgfplotsoldpgfsupp_p
gfutil-common-lists.tex)
(/usr/share/texmf-dist/tex/generic/pgf/libraries/luamath/pgflibraryluamath.code
.tex)
Package pgfplots info on input line 290: luamath library shipped with pgf 3.1.1
0 is up-to-date
) (/usr/share/texmf-dist/tex/generic/pgfplots/util/pgfplotsutil.code.tex
Package pgfplots info on input line 82: Found new luatex: initializing lua comm
ands instead of write18 (shell-escape)

(/usr/share/texmf-dist/tex/generic/pgfplots/liststructure/pgfplotsliststructure
.code.tex)
(/usr/share/texmf-dist/tex/generic/pgfplots/liststructure/pgfplotsliststructure
ext.code.tex)
(/usr/share/texmf-dist/tex/generic/pgfplots/liststructure/pgfplotsarray.code.te
x
\c@pgfplotsarray@tmp=\count312
)
(/usr/share/texmf-dist/tex/generic/pgfplots/liststructure/pgfplotsmatrix.code.t
ex)
(/usr/share/texmf-dist/tex/generic/pgfplots/numtable/pgfplotstableshared.code.t
ex
\c@pgfplotstable@counta=\count313
\t@pgfplotstable@a=\toks43
)
(/usr/share/texmf-dist/tex/generic/pgfplots/liststructure/pgfplotsdeque.code.te
x) (/usr/share/texmf-dist/tex/generic/pgfplots/util/pgfplotsbinary.code.tex
(/usr/share/texmf-dist/tex/generic/pgfplots/util/pgfplotsbinary.data.code.tex)) (/usr/share/texmf-dist/tex/generic/pgfplots/util/pgfplotsutil.verb.code.tex)
(/usr/share/texmf-dist/tex/generic/pgfplots/libs/pgflibrarypgfplots.surfshading
.code.tex
\c@pgfplotslibrarysurf@no=\count314

(/usr/share/texmf-dist/tex/generic/pgfplots/sys/pgflibrarypgfplots.surfshading.
pgfsys-luatex.def)))
(/usr/share/texmf-dist/tex/generic/pgfplots/util/pgfplotscolormap.code.tex
(/usr/share/texmf-dist/tex/generic/pgfplots/util/pgfplotscolor.code.tex))
(/usr/share/texmf-dist/tex/generic/pgfplots/pgfplotsstackedplots.code.tex)
(/usr/share/texmf-dist/tex/generic/pgfplots/pgfplotsplothandlers.code.tex
(/usr/share/texmf-dist/tex/generic/pgfplots/pgfplotsmeshplothandler.code.tex
(/usr/share/texmf-dist/tex/generic/pgfplots/pgfplotsmeshplotimage.code.tex)))
(/usr/share/texmf-dist/tex/generic/pgfplots/pgfplots.scaling.code.tex)
(/usr/share/texmf-dist/tex/generic/pgfplots/pgfplotscoordprocessing.code.tex)
(/usr/share/texmf-dist/tex/generic/pgfplots/pgfplots.errorbars.code.tex)
(/usr/share/texmf-dist/tex/generic/pgfplots/pgfplots.markers.code.tex)
(/usr/share/texmf-dist/tex/generic/pgfplots/pgfplotsticks.code.tex)
(/usr/share/texmf-dist/tex/generic/pgfplots/pgfplots.paths.code.tex)
(/usr/share/texmf-dist/tex/generic/pgf/frontendlayer/tikz/libraries/tikzlibrary
decorations.code.tex
(/usr/share/texmf-dist/tex/generic/pgf/modules/pgfmoduledecorations.code.tex
\pgfdecoratedcompleteddistance=\dimen264
\pgfdecoratedremainingdistance=\dimen265
\pgfdecoratedinputsegmentcompleteddistance=\dimen266
\pgfdecoratedinputsegmentremainingdistance=\dimen267
\pgf@decorate@distancetomove=\dimen268
\pgf@decorate@repeatstate=\count315
\pgfdecorationsegmentamplitude=\dimen269
\pgfdecorationsegmentlength=\dimen270
)
\tikz@lib@dec@box=\box67
)
(/usr/share/texmf-dist/tex/generic/pgf/frontendlayer/tikz/libraries/tikzlibrary
decorations.pathmorphing.code.tex
(/usr/share/texmf-dist/tex/generic/pgf/libraries/decorations/pgflibrarydecorati
ons.pathmorphing.code.tex))
(/usr/share/texmf-dist/tex/generic/pgf/frontendlayer/tikz/libraries/tikzlibrary
decorations.pathreplacing.code.tex
(/usr/share/texmf-dist/tex/generic/pgf/libraries/decorations/pgflibrarydecorati
ons.pathreplacing.code.tex))
(/usr/share/texmf-dist/tex/generic/pgfplots/libs/tikzlibrarypgfplots.contourlua
.code.tex)
\pgfplots@numplots=\count316
\pgfplots@xmin@reg=\dimen271
\pgfplots@xmax@reg=\dimen272
\pgfplots@ymin@reg=\dimen273
\pgfplots@ymax@reg=\dimen274
\pgfplots@zmin@reg=\dimen275
\pgfplots@zmax@reg=\dimen276
)
(/usr/share/texmf-dist/tex/generic/pgf/frontendlayer/tikz/libraries/tikzlibrary
plotmarks.code.tex
File: tikzlibraryplotmarks.code.tex 2023-01-15 v3.1.10 (3.1.10)

(/usr/share/texmf-dist/tex/generic/pgf/libraries/pgflibraryplotmarks.code.tex
File: pgflibraryplotmarks.code.tex 2023-01-15 v3.1.10 (3.1.10)
))) (/usr/share/texmf-dist/tex/latex/pgfplots/pgfplotstable.sty
(/usr/share/texmf-dist/tex/generic/pgfplots/pgfplots.revision.tex)
Package: pgfplotstable 2021/05/15 v1.18.1 Table typesetting and Pretty-printing
 (1.18.1)

(/usr/share/texmf-dist/tex/generic/pgfplots/numtable/pgfplotstable.code.tex
(/usr/share/texmf-dist/tex/generic/pgfplots/numtable/pgfplotstable.coltype.code
.tex))) (/usr/share/texmf-dist/tex/latex/booktabs/booktabs.sty
Package: booktabs 2020/01/12 v1.61803398 Publication quality tables
\heavyrulewidth=\dimen277
\lightrulewidth=\dimen278
\cmidrulewidth=\dimen279
\belowrulesep=\dimen280
\belowbottomsep=\dimen281
\aboverulesep=\dimen282
\abovetopsep=\dimen283
\cmidrulesep=\dimen284
\cmidrulekern=\dimen285
\defaultaddspace=\dimen286
\@cmidla=\count317
\@cmidlb=\count318
\@aboverulesep=\dimen287
\@belowrulesep=\dimen288
\@thisruleclass=\count319
\@lastruleclass=\count320
\@thisrulewidth=\dimen289
)
(/usr/share/texmf-dist/tex/latex/sansmath/sansmath.sty
Package: sansmath 2007/02/28  ver 1.1 Donald Arseneau
\c@mv@sans=\count321
LaTeX Font Info:    Overwriting math alphabet `\mathrm' in version `sans'
(Font)                  OT1/cmr/m/n --> OT1/lmss/m/n on input line 103.
LaTeX Font Info:    Overwriting math alphabet `\mathsfsl' in version `sans'
(Font)                  OT1/lmss/m/sl --> OT1/lmss/m/sl on input line 104.
LaTeX Font Info:    Overwriting symbol font `operators' in version `sans'
(Font)                  OT1/cmr/m/n --> OT1/lmss/m/n on input line 105.
LaTeX Font Info:    Overwriting symbol font `letters' in version `sans'
(Font)                  OML/cmm/m/it --> OML/cmm/m/it on input line 109.
LaTeX Font Info:    Overwriting symbol font `symbols' in version `sans'
(Font)                  OMS/cmsy/m/n --> OMS/cmsy/m/n on input line 110.
LaTeX Font Info:    Overwriting math alphabet `\mathsfbf' in version `sans'
(Font)                  OT1/lmss/bx/sl --> OT1/lmss/bx/n on input line 112.
\symEulerGreek=\mathgroup4
LaTeX Font Info:    Overwriting symbol font `EulerGreek' in version `sans'
(Font)                  U/eur/m/n --> U/eur/m/n on input line 136.
\@eugreekOffset=\count322
)
(/usr/share/texmf-dist/tex/latex/amsfonts/amssymb.sty
Package: amssymb 2013/01/14 v3.01 AMS font symbols

(/usr/share/texmf-dist/tex/latex/amsfonts/amsfonts.sty
Package: amsfonts 2013/01/14 v3.01 Basic AMSFonts support
\@emptytoks=\toks44
\symAMSa=\mathgroup5
\symAMSb=\mathgroup6
LaTeX Font Info:    Redeclaring math symbol \hbar on input line 98.
LaTeX Font Info:    Overwriting math alphabet `\mathfrak' in version `bold'
(Font)                  U/euf/m/n --> U/euf/b/n on input line 106.
))
(/usr/share/texmf-dist/tex/latex/fontawesome5/fontawesome5.sty
Package: fontawesome5 2022/05/02 v5.15.4 Font Awesome 5

(/usr/share/texmf-dist/tex/latex/l3packages/l3keys2e/l3keys2e.sty
Package: l3keys2e 2024-08-16 LaTeX2e option processing using LaTeX3 keys
)
(/usr/share/texmf-dist/tex/latex/fontawesome5/fontawesome5-utex-helper.sty
Package: fontawesome5-utex-helper 2022/05/02 v5.15.4 uTeX helper for fontawesom
e5

(/usr/share/texmf-dist/tex/luatex/luatexbase/luatexbase.sty
Package: luatexbase 2015/10/04 v1.3 luatexbase interface to LuaTeX 

(/usr/share/texmf-dist/tex/luatex/ctablestack/ctablestack.sty
Package: ctablestack 2015/10/01 v1.0 Catcode table stable support
\@catcodetablestackcnt=\count323
)
\CatcodeTableOther=\catcodetable15
\CatcodeTableExpl=\catcodetable16
)
LaTeX Font Info:    Trying to load font information for TU+fontawesomefree on i
nput line 69.

(/usr/share/texmf-dist/tex/latex/fontawesome5/tufontawesomefree.fd)
LaTeX Font Info:    Trying to load font information for TU+fontawesomebrands on
 input line 70.

(/usr/share/texmf-dist/tex/latex/fontawesome5/tufontawesomebrands.fd)))
(/usr/share/texmf-dist/tex/latex/imakeidx/imakeidx.sty
Package: imakeidx 2016/10/15 v1.3e Package for typesetting indices in a synchro
nous mode

(/usr/share/texmf-dist/tex/latex/tools/multicol.sty
Package: multicol 2024/09/14 v1.9i multicolumn formatting (FMi)
\c@tracingmulticols=\count324
\mult@box=\box68
\multicol@leftmargin=\dimen290
\c@unbalance=\count325
\c@collectmore=\count326
\doublecol@number=\count327
\multicoltolerance=\count328
\multicolpretolerance=\count329
\full@width=\dimen291
\page@free=\dimen292
\premulticols=\dimen293
\postmulticols=\dimen294
\multicolsep=\skip55
\multicolbaselineskip=\skip56
\partial@page=\box69
\last@line=\box70
\mc@boxedresult=\box71
\maxbalancingoverflow=\dimen295
\mult@rightbox=\box72
\mult@grightbox=\box73
\mult@firstbox=\box74
\mult@gfirstbox=\box75
\@tempa=\box76
\@tempa=\box77
\@tempa=\box78
\@tempa=\box79
\@tempa=\box80
\@tempa=\box81
\@tempa=\box82
\@tempa=\box83
\@tempa=\box84
\@tempa=\box85
\@tempa=\box86
\@tempa=\box87
\@tempa=\box88
\@tempa=\box89
\@tempa=\box90
\@tempa=\box91
\@tempa=\box92
\@tempa=\box93
\@tempa=\box94
\@tempa=\box95
\@tempa=\box96
\@tempa=\box97
\@tempa=\box98
\@tempa=\box99
\@tempa=\box100
\@tempa=\box101
\@tempa=\box102
\@tempa=\box103
\@tempa=\box104
\@tempa=\box105
\@tempa=\box106
\@tempa=\box107
\@tempa=\box108
\@tempa=\box109
\@tempa=\box110
\@tempa=\box111
\c@minrows=\count330
\c@columnbadness=\count331
\c@finalcolumnbadness=\count332
\last@try=\dimen296
\multicolovershoot=\dimen297
\multicolundershoot=\dimen298
\mult@nat@firstbox=\box112
\colbreak@box=\box113
\mc@col@check@num=\count333
))
(/usr/share/texmf-dist/tex/latex/titlesec/titlesec.sty
Package: titlesec 2025/01/04 v2.17 Sectioning titles
\ttl@box=\box114
\beforetitleunit=\skip57
\aftertitleunit=\skip58
\ttl@plus=\dimen299
\ttl@minus=\dimen300
\ttl@toksa=\toks45
\titlewidth=\dimen301
\titlewidthlast=\dimen302
\titlewidthfirst=\dimen303
)
(/usr/share/texmf-dist/tex/latex/fancyhdr/fancyhdr.sty
Package: fancyhdr 2025/02/07 v5.2 Extensive control of page headers and footers

\f@nch@headwidth=\skip59
\f@nch@offset@elh=\skip60
\f@nch@offset@erh=\skip61
\f@nch@offset@olh=\skip62
\f@nch@offset@orh=\skip63
\f@nch@offset@elf=\skip64
\f@nch@offset@erf=\skip65
\f@nch@offset@olf=\skip66
\f@nch@offset@orf=\skip67
\f@nch@height=\skip68
\f@nch@footalignment=\skip69
\f@nch@widthL=\skip70
\f@nch@widthC=\skip71
\f@nch@widthR=\skip72
\@temptokenb=\toks46
)
(/usr/share/texmf-dist/tex/latex/enumitem/enumitem.sty
Package: enumitem 2025/02/06 v3.11 Customized lists
\labelindent=\skip73
\enit@outerparindent=\dimen304
\enit@toks=\toks47
\enit@inbox=\box115
\enit@count@id=\count334
\enitdp@description=\count335
)
(/usr/share/texmf-dist/tex/latex/hyperref/hyperref.sty
Package: hyperref 2024-11-05 v7.01l Hypertext links for LaTeX

(/usr/share/texmf-dist/tex/latex/kvsetkeys/kvsetkeys.sty
Package: kvsetkeys 2022-10-05 v1.19 Key value parser (HO)
)
(/usr/share/texmf-dist/tex/generic/kvdefinekeys/kvdefinekeys.sty
Package: kvdefinekeys 2019-12-19 v1.6 Define keys (HO)
)
(/usr/share/texmf-dist/tex/generic/pdfescape/pdfescape.sty
Package: pdfescape 2019/12/09 v1.15 Implements pdfTeX's escape features (HO)

(/usr/share/texmf-dist/tex/generic/ltxcmds/ltxcmds.sty
Package: ltxcmds 2023-12-04 v1.26 LaTeX kernel commands for general use (HO)
)
(/usr/share/texmf-dist/tex/generic/pdftexcmds/pdftexcmds.sty
Package: pdftexcmds 2020-06-27 v0.33 Utility functions of pdfTeX for LuaTeX (HO
)

(/usr/share/texmf-dist/tex/generic/infwarerr/infwarerr.sty
Package: infwarerr 2019/12/03 v1.5 Providing info/warning/error messages (HO)
)
Package pdftexcmds Info: \pdf@primitive is available.
Package pdftexcmds Info: \pdf@ifprimitive is available.
Package pdftexcmds Info: \pdfdraftmode found.
\pdftexcmds@toks=\toks48
))
(/usr/share/texmf-dist/tex/latex/hycolor/hycolor.sty
Package: hycolor 2020-01-27 v1.10 Color options for hyperref/bookmark (HO)
)
(/usr/share/texmf-dist/tex/latex/hyperref/nameref.sty
Package: nameref 2023-11-26 v2.56 Cross-referencing by name of section

(/usr/share/texmf-dist/tex/latex/refcount/refcount.sty
Package: refcount 2019/12/15 v3.6 Data extraction from label references (HO)
)
(/usr/share/texmf-dist/tex/generic/gettitlestring/gettitlestring.sty
Package: gettitlestring 2019/12/15 v1.6 Cleanup title references (HO)

(/usr/share/texmf-dist/tex/latex/kvoptions/kvoptions.sty
Package: kvoptions 2022-06-15 v3.15 Key value format for package options (HO)
))
\c@section@level=\count336
)
(/usr/share/texmf-dist/tex/generic/stringenc/stringenc.sty
Package: stringenc 2019/11/29 v1.12 Convert strings between diff. encodings (HO
)
)
\@linkdim=\dimen305
\Hy@linkcounter=\count337
\Hy@pagecounter=\count338

(/usr/share/texmf-dist/tex/latex/hyperref/pd1enc.def
File: pd1enc.def 2024-11-05 v7.01l Hyperref: PDFDocEncoding definition (HO)
)
(/usr/share/texmf-dist/tex/generic/intcalc/intcalc.sty
Package: intcalc 2019/12/15 v1.3 Expandable calculations with integers (HO)
)
\Hy@SavedSpaceFactor=\count339

(/usr/share/texmf-dist/tex/latex/hyperref/puenc.def
File: puenc.def 2024-11-05 v7.01l Hyperref: PDF Unicode definition (HO)
)
Package hyperref Info: Option `colorlinks' set `true' on input line 4040.
Package hyperref Info: Option `unicode' set `true' on input line 4040.
Package hyperref Info: Hyper figures OFF on input line 4157.
Package hyperref Info: Link nesting OFF on input line 4162.
Package hyperref Info: Hyper index ON on input line 4165.
Package hyperref Info: Plain pages OFF on input line 4172.
Package hyperref Info: Backreferencing OFF on input line 4177.
Package hyperref Info: Implicit mode ON; LaTeX internals redefined.
Package hyperref Info: Bookmarks ON on input line 4424.
\c@Hy@tempcnt=\count340

(/usr/share/texmf-dist/tex/latex/url/url.sty
\Urlmuskip=\muskip17
Package: url 2013/09/16  ver 3.4  Verb mode for urls, etc.
)
LaTeX Info: Redefining \url on input line 4763.
\XeTeXLinkMargin=\dimen306

(/usr/share/texmf-dist/tex/generic/bitset/bitset.sty
Package: bitset 2019/12/09 v1.3 Handle bit-vector datatype (HO)

(/usr/share/texmf-dist/tex/generic/bigintcalc/bigintcalc.sty
Package: bigintcalc 2019/12/15 v1.5 Expandable calculations on big integers (HO
)
))
\Fld@menulength=\count341
\Field@Width=\dimen307
\Fld@charsize=\dimen308
Package hyperref Info: Hyper figures OFF on input line 6042.
Package hyperref Info: Link nesting OFF on input line 6047.
Package hyperref Info: Hyper index ON on input line 6050.
Package hyperref Info: backreferencing OFF on input line 6057.
Package hyperref Info: Link coloring ON on input line 6060.
Package hyperref Info: Link coloring with OCG OFF on input line 6067.
Package hyperref Info: PDF/A mode OFF on input line 6072.

(/usr/share/texmf-dist/tex/latex/base/atbegshi-ltx.sty
Package: atbegshi-ltx 2021/01/10 v1.0c Emulation of the original atbegshi
package with kernel methods
)
\Hy@abspage=\count342
\c@Item=\count343
\c@Hfootnote=\count344
)
Package hyperref Info: Driver (autodetected): hluatex.

(/usr/share/texmf-dist/tex/latex/hyperref/hluatex.def
File: hluatex.def 2024-11-05 v7.01l Hyperref driver for luaTeX

(/usr/share/texmf-dist/tex/latex/base/atveryend-ltx.sty
Package: atveryend-ltx 2020/08/19 v1.0a Emulation of the original atveryend pac
kage
with kernel methods
)
\Fld@listcount=\count345
\c@bookmark@seq@number=\count346

(/usr/share/texmf-dist/tex/latex/rerunfilecheck/rerunfilecheck.sty
Package: rerunfilecheck 2022-07-10 v1.10 Rerun checks for auxiliary files (HO)

(/usr/share/texmf-dist/tex/generic/uniquecounter/uniquecounter.sty
Package: uniquecounter 2019/12/15 v1.4 Provide unlimited unique counter (HO)
)
Package uniquecounter Info: New unique counter `rerunfilecheck' on input line 2
85.
)
\Hy@SectionHShift=\skip74
)
(/usr/share/texmf-dist/tex/generic/pgfplots/libs/tikzlibrarypgfplots.dateplot.c
ode.tex (/usr/share/texmf-dist/tex/latex/pgf/utilities/pgfcalendar.sty
(/usr/share/texmf-dist/tex/generic/pgf/utilities/pgfcalendar.code.tex
File: pgfcalendar.code.tex 2023-01-15 v3.1.10 (3.1.10)
\pgfcalendarcurrentjulian=\count347
\pgf@cal@easter@Y=\count348
\pgf@cal@easter@G=\count349
\pgf@cal@easter@C=\count350
\pgf@cal@easter@X=\count351
\pgf@cal@easter@Z=\count352
\pgf@cal@easter@D=\count353
\pgf@cal@easter@E=\count354
\pgf@cal@easter@N=\count355
\pgf@cal@easter@M=\count356
\pgf@cal@easter@julianday=\count357
)))
(/usr/share/texmf-dist/tex/generic/pgfplots/libs/tikzlibrarypgfplots.fillbetwee
n.code.tex
(/usr/share/texmf-dist/tex/generic/pgfplots/pgfcontrib/tikzlibraryfillbetween.c
ode.tex
(/usr/share/texmf-dist/tex/generic/pgf/frontendlayer/tikz/libraries/tikzlibrary
intersections.code.tex
(/usr/share/texmf-dist/tex/generic/pgf/libraries/pgflibraryintersections.code.t
ex
\pgf@intersect@solutions=\count358
))
(/usr/share/texmf-dist/tex/generic/pgfplots/pgfcontrib/tikzlibrarydecorations.s
oftclip.code.tex
(/usr/share/texmf-dist/tex/generic/pgfplots/pgfcontrib/pgflibraryfillbetween.co
de.tex)))
(/usr/share/texmf-dist/tex/generic/pgfplots/libs/tikzlibrarypgfplots.decoration
s.softclip.code.tex))
(/usr/share/texmf-dist/tex/generic/pgf/frontendlayer/tikz/libraries/tikzlibrary
patterns.code.tex
File: tikzlibrarypatterns.code.tex 2023-01-15 v3.1.10 (3.1.10)

(/usr/share/texmf-dist/tex/generic/pgf/libraries/pgflibrarypatterns.code.tex
File: pgflibrarypatterns.code.tex 2023-01-15 v3.1.10 (3.1.10)
))
(/usr/share/texmf-dist/tex/generic/pgfplots/libs/tikzlibrarypgfplots.groupplots
.code.tex
\pgfplots@group@current@plot=\count359
\pgfplots@group@current@row=\count360
\pgfplots@group@current@column=\count361

(/usr/share/texmf-dist/tex/generic/pgf/frontendlayer/tikz/libraries/tikzlibrary
calc.code.tex
File: tikzlibrarycalc.code.tex 2023-01-15 v3.1.10 (3.1.10)
))
(/usr/share/texmf-dist/tex/generic/pgf/frontendlayer/tikz/libraries/tikzlibrary
shapes.geometric.code.tex
File: tikzlibraryshapes.geometric.code.tex 2023-01-15 v3.1.10 (3.1.10)

(/usr/share/texmf-dist/tex/generic/pgf/libraries/shapes/pgflibraryshapes.geomet
ric.code.tex
File: pgflibraryshapes.geometric.code.tex 2023-01-15 v3.1.10 (3.1.10)
))
\pgf@layerbox@background layer=\box116
\pgf@layerboxsaved@background layer=\box117
\pgf@layerbox@foreground layer=\box118
\pgf@layerboxsaved@foreground layer=\box119
 (/usr/share/texmf-dist/tex/latex/parskip/parskip.sty
Package: parskip 2021-03-14 v2.0h non-zero parskip adjustments
)
\chartbook@idxfile=\write4

\openout4 = chartbook.idx

Writing index file chartbook.idx
luaotfload | cache : Lookup cache loaded from /home/brian/.texlive/texmf-var/lua
tex-cache/generic/names/luaotfload-lookup-cache.luc.

Package fontspec Info: 
(fontspec)             Could not resolve font "RobotoSlab/BI" (it probably
(fontspec)             doesn't exist).


Package fontspec Info: 
(fontspec)             Could not resolve font "RobotoSlab/I" (it probably
(fontspec)             doesn't exist).


Package fontspec Info: 
(fontspec)             Font family 'RobotoSlab(0)' created for font
(fontspec)             'RobotoSlab' with options [].
(fontspec)              
(fontspec)              This font family consists of the following NFSS
(fontspec)             series/shapes:
(fontspec)              
(fontspec)             - 'normal' (m/n) with NFSS spec.:
(fontspec)             <->"name:RobotoSlab:mode=node;script=DFLT;language=dflt;
"
(fontspec)             - 'small caps'  (m/sc) with NFSS spec.:
(fontspec)             <->"name:RobotoSlab:mode=node;script=DFLT;language=dflt;
+smcp;"
(fontspec)             - 'bold' (b/n) with NFSS spec.:
(fontspec)             <->"name:RobotoSlab/B:mode=node;script=DFLT;language=dfl
t;"
(fontspec)             - 'bold small caps'  (b/sc) with NFSS spec.:
(fontspec)             <->"name:RobotoSlab/B:mode=node;script=DFLT;language=dfl
t;+smcp;"

PGFPlots: reading {data/unempgroups.csv}
PGFPlots: reading {data/unempgroups2.csv}
PGFPlots: reading {data/unempgroups3.csv}
PGFPlots: reading {data/cpi_monthly.csv}
PGFPlots: reading {data/gdp_rec2.csv}
PGFPlots: reading {data/lprod_rec.csv}
PGFPlots: reading {data/pa_epop_rec.csv}
PGFPlots: reading {data/ahe_monthly.csv}
PGFPlots: reading {data/spx_recent.csv}
) (./chartbook.aux)
\openout1 = chartbook.aux

LaTeX Font Info:    Checking defaults for OML/cmm/m/it on input line 12.
LaTeX Font Info:    ... okay on input line 12.
LaTeX Font Info:    Checking defaults for OMS/cmsy/m/n on input line 12.
LaTeX Font Info:    ... okay on input line 12.
LaTeX Font Info:    Checking defaults for OT1/cmr/m/n on input line 12.
LaTeX Font Info:    ... okay on input line 12.
LaTeX Font Info:    Checking defaults for T1/cmr/m/n on input line 12.
LaTeX Font Info:    ... okay on input line 12.
LaTeX Font Info:    Checking defaults for TS1/cmr/m/n on input line 12.
LaTeX Font Info:    ... okay on input line 12.
LaTeX Font Info:    Checking defaults for TU/lmr/m/n on input line 12.
LaTeX Font Info:    ... okay on input line 12.
LaTeX Font Info:    Checking defaults for OMX/cmex/m/n on input line 12.
LaTeX Font Info:    ... okay on input line 12.
LaTeX Font Info:    Checking defaults for U/cmr/m/n on input line 12.
LaTeX Font Info:    ... okay on input line 12.
LaTeX Font Info:    Checking defaults for PD1/pdf/m/n on input line 12.
LaTeX Font Info:    ... okay on input line 12.
LaTeX Font Info:    Checking defaults for PU/pdf/m/n on input line 12.
LaTeX Font Info:    ... okay on input line 12.

*geometry* driver: auto-detecting
*geometry* detected driver: luatex
*geometry* verbose mode - [ preamble ] result:
* driver: luatex
* paper: letterpaper
* layout: <same size as paper>
* layoutoffset:(h,v)=(0.0pt,0.0pt)
* modes: 
* h-part:(L,W,R)=(85.27806pt, 443.73888pt, 85.27806pt)
* v-part:(T,H,B)=(85.27806pt, 624.41386pt, 85.27806pt)
* \paperwidth=614.295pt
* \paperheight=794.96999pt
* \textwidth=443.73888pt
* \textheight=624.41386pt
* \oddsidemargin=13.00807pt
* \evensidemargin=13.00807pt
* \topmargin=-23.99193pt
* \headheight=12.0pt
* \headsep=25.0pt
* \topskip=10.0pt
* \footskip=30.0pt
* \marginparwidth=65.0pt
* \marginparsep=11.0pt
* \columnsep=10.0pt
* \skip\footins=9.0pt plus 4.0pt minus 2.0pt
* \hoffset=0.0pt
* \voffset=0.0pt
* \mag=1000
* \@twocolumnfalse
* \@twosidefalse
* \@mparswitchfalse
* \@reversemarginfalse
* (1in=72.27pt=25.4mm, 1cm=28.453pt)

LaTeX Info: Redefining \microtypecontext on input line 12.
Package microtype Info: Applying patch `item' on input line 12.
Package microtype Info: Applying patch `toc' on input line 12.
Package microtype Info: Applying patch `eqnum' on input line 12.
Package microtype Info: Applying patch `footnote' on input line 12.
Package microtype Info: Applying patch `verbatim' on input line 12.
LaTeX Info: Redefining \microtypesetup on input line 12.
Package microtype Info: Generating PDF output.
Package microtype Info: Character protrusion enabled (level 2).
Package microtype Info: Using default protrusion set `alltext'.
Package microtype Info: Automatic font expansion enabled (level 2),
(microtype)             stretch: 20, shrink: 20, step: 1, non-selected.
Package microtype Info: Using default expansion set `alltext-nott'.
LaTeX Info: Redefining \showhyphens on input line 12.
Package microtype Info: No adjustment of tracking.
Package microtype Info: No adjustment of spacing.
Package microtype Info: No adjustment of kerning.
(/usr/share/texmf-dist/tex/latex/microtype/mt-TU-basic.cfg
File: mt-TU-basic.cfg 2021/06/22 v1.1 microtype config. file: fonts with basic 
glyph set (RS)
)
Package microtype Info: Loading generic protrusion settings for font family
(microtype)             `Lato' (encoding: TU).
(microtype)             For optimal results, create family-specific settings.
(microtype)             See the microtype manual for details.
\c@mv@tabular=\count362
\c@mv@boldtabular=\count363

Package fontspec Info: 
(fontspec)             Adjusting the maths setup (use [no-math] to avoid
(fontspec)             this).

\symlegacymaths=\mathgroup7
LaTeX Font Info:    Overwriting symbol font `legacymaths' in version `bold'
(Font)                  OT1/cmr/m/n --> OT1/cmr/bx/n on input line 12.
LaTeX Font Info:    Redeclaring math accent \acute on input line 12.
LaTeX Font Info:    Redeclaring math accent \grave on input line 12.
LaTeX Font Info:    Redeclaring math accent \ddot on input line 12.
LaTeX Font Info:    Redeclaring math accent \tilde on input line 12.
LaTeX Font Info:    Redeclaring math accent \bar on input line 12.
LaTeX Font Info:    Redeclaring math accent \breve on input line 12.
LaTeX Font Info:    Redeclaring math accent \check on input line 12.
LaTeX Font Info:    Redeclaring math accent \hat on input line 12.
LaTeX Font Info:    Redeclaring math accent \dot on input line 12.
LaTeX Font Info:    Redeclaring math accent \mathring on input line 12.
LaTeX Font Info:    Redeclaring math symbol \colon on input line 12.
LaTeX Font Info:    Redeclaring math symbol \Gamma on input line 12.
LaTeX Font Info:    Redeclaring math symbol \Delta on input line 12.
LaTeX Font Info:    Redeclaring math symbol \Theta on input line 12.
LaTeX Font Info:    Redeclaring math symbol \Lambda on input line 12.
LaTeX Font Info:    Redeclaring math symbol \Xi on input line 12.
LaTeX Font Info:    Redeclaring math symbol \Pi on input line 12.
LaTeX Font Info:    Redeclaring math symbol \Sigma on input line 12.
LaTeX Font Info:    Redeclaring math symbol \Upsilon on input line 12.
LaTeX Font Info:    Redeclaring math symbol \Phi on input line 12.
LaTeX Font Info:    Redeclaring math symbol \Psi on input line 12.
LaTeX Font Info:    Redeclaring math symbol \Omega on input line 12.
LaTeX Font Info:    Redeclaring math symbol \mathdollar on input line 12.
LaTeX Font Info:    Redeclaring symbol font `operators' on input line 12.
LaTeX Font Info:    Encoding `OT1' has changed to `TU' for symbol font
(Font)              `operators' in the math version `normal' on input line 12.
LaTeX Font Info:    Overwriting symbol font `operators' in version `normal'
(Font)                  OT1/cmr/m/n --> TU/Lato(0)/m/n on input line 12.
LaTeX Font Info:    Encoding `OT1' has changed to `TU' for symbol font
(Font)              `operators' in the math version `bold' on input line 12.
LaTeX Font Info:    Overwriting symbol font `operators' in version `bold'
(Font)                  OT1/cmr/bx/n --> TU/Lato(0)/m/n on input line 12.
LaTeX Font Info:    Encoding `OT1' has changed to `TU' for symbol font
(Font)              `operators' in the math version `sans' on input line 12.
LaTeX Font Info:    Overwriting symbol font `operators' in version `sans'
(Font)                  OT1/lmss/m/n --> TU/Lato(0)/m/n on input line 12.
LaTeX Font Info:    Encoding `OT1' has changed to `TU' for symbol font
(Font)              `operators' in the math version `tabular' on input line 12.

LaTeX Font Info:    Overwriting symbol font `operators' in version `tabular'
(Font)                  OT1/cmr/m/n --> TU/Lato(0)/m/n on input line 12.
LaTeX Font Info:    Encoding `OT1' has changed to `TU' for symbol font
(Font)              `operators' in the math version `boldtabular' on input line
 12.
LaTeX Font Info:    Overwriting symbol font `operators' in version `boldtabular
'
(Font)                  OT1/cmr/bx/n --> TU/Lato(0)/m/n on input line 12.
LaTeX Font Info:    Overwriting symbol font `operators' in version `normal'
(Font)                  TU/Lato(0)/m/n --> TU/Lato(0)/m/n on input line 12.
LaTeX Font Info:    Redeclaring math alphabet \mathrm on input line 12.
LaTeX Font Info:    Overwriting math alphabet `\mathit' in version `normal'
(Font)                  OT1/cmr/m/it --> TU/Lato(0)/m/it on input line 12.
LaTeX Font Info:    Overwriting math alphabet `\mathbf' in version `normal'
(Font)                  OT1/cmr/bx/n --> TU/Lato(0)/b/n on input line 12.
LaTeX Font Info:    Overwriting math alphabet `\mathsf' in version `normal'
(Font)                  OT1/cmss/m/n --> TU/lmss/m/n on input line 12.
LaTeX Font Info:    Overwriting math alphabet `\mathtt' in version `normal'
(Font)                  OT1/cmtt/m/n --> TU/lmtt/m/n on input line 12.
LaTeX Font Info:    Overwriting symbol font `operators' in version `bold'
(Font)                  TU/Lato(0)/m/n --> TU/Lato(0)/b/n on input line 12.
LaTeX Font Info:    Overwriting math alphabet `\mathit' in version `bold'
(Font)                  OT1/cmr/bx/it --> TU/Lato(0)/b/it on input line 12.
LaTeX Font Info:    Overwriting math alphabet `\mathsf' in version `bold'
(Font)                  OT1/cmss/bx/n --> TU/lmss/b/n on input line 12.
LaTeX Font Info:    Overwriting math alphabet `\mathtt' in version `bold'
(Font)                  OT1/cmtt/m/n --> TU/lmtt/b/n on input line 12.

(/usr/share/texmf-dist/tex/context/base/mkii/supp-pdf.mkii
[Loading MPS to PDF converter (version 2006.09.02).]
\scratchcounter=\count364
\scratchdimen=\dimen309
\scratchbox=\box120
\nofMPsegments=\count365
\nofMParguments=\count366
\everyMPshowfont=\toks49
\MPscratchCnt=\count367
\MPscratchDim=\dimen310
\MPnumerator=\count368
\makeMPintoPDFobject=\count369
\everyMPtoPDFconversion=\toks50
) (/usr/share/texmf-dist/tex/latex/epstopdf-pkg/epstopdf-base.sty
Package: epstopdf-base 2020-01-24 v2.11 Base part for package epstopdf
Package epstopdf-base Info: Redefining graphics rule for `.eps' on input line 4
85.

(/usr/share/texmf-dist/tex/latex/latexconfig/epstopdf-sys.cfg
File: epstopdf-sys.cfg 2010/07/13 v1.3 Configuration of (r)epstopdf for TeX Liv
e
))
Package pgfplots notification 'compat/show suggested version=true': document ha
s been generated with the most recent feature set (\pgfplotsset{compat=1.18}).

Package hyperref Info: Link coloring ON on input line 12.
(./chartbook.out) (./chartbook.out)
\@outlinefile=\write5

\openout5 = chartbook.out
LaTeX Font Info:    Font shape `TU/Lato(0)/m/n' will be
(Font)              scaled to size 24.88pt on input line 16.
LaTeX Font Info:    Font shape `TU/Lato(0)/b/n' will be
(Font)              scaled to size 24.88pt on input line 16.
LaTeX Font Info:    Font shape `TU/Lato(0)/m/n' will be
(Font)              scaled to size 8.0pt on input line 19.
LaTeX Font Info:    Font shape `TU/Lato(0)/m/n' will be
(Font)              scaled to size 9.0pt on input line 23.
LaTeX Font Info:    Font shape `TU/Lato(0)/m/it' will be
(Font)              scaled to size 9.0pt on input line 23.
Package microtype Info: Loading generic protrusion settings for font family
(microtype)             `RobotoSlab' (encoding: TU).
(microtype)             For optimal results, create family-specific settings.
(microtype)             See the microtype manual for details.

(/usr/share/texmf-dist/tex/latex/microtype/mt-TU-empty.cfg
File: mt-TU-empty.cfg 2021/06/22 v1.1 microtype config. file: fonts with nonsta
ndard glyph set (RS)
)
LaTeX Font Info:    Font shape `TU/Lato(0)/b/n' will be
(Font)              scaled to size 9.0pt on input line 36.
LaTeX Font Info:    Font shape `TU/Lato(0)/m/n' will be
(Font)              scaled to size 6.0pt on input line 41.
LaTeX Font Info:    Font shape `TU/Lato(0)/m/n' will be
(Font)              scaled to size 5.0pt on input line 41.
LaTeX Font Info:    Trying to load font information for U+eur on input line 41.


(/usr/share/texmf-dist/tex/latex/amsfonts/ueur.fd
File: ueur.fd 2013/01/14 v3.01 Euler Roman
)
(/usr/share/texmf-dist/tex/latex/microtype/mt-eur.cfg
File: mt-eur.cfg 2006/07/31 v1.1 microtype config. file: AMS Euler Roman (RS)
)
LaTeX Font Info:    Trying to load font information for U+msa on input line 41.


(/usr/share/texmf-dist/tex/latex/amsfonts/umsa.fd
File: umsa.fd 2013/01/14 v3.01 AMS symbols A
)
(/usr/share/texmf-dist/tex/latex/microtype/mt-msa.cfg
File: mt-msa.cfg 2006/02/04 v1.1 microtype config. file: AMS symbols (a) (RS)
)
LaTeX Font Info:    Trying to load font information for U+msb on input line 41.


(/usr/share/texmf-dist/tex/latex/amsfonts/umsb.fd
File: umsb.fd 2013/01/14 v3.01 AMS symbols B
)
(/usr/share/texmf-dist/tex/latex/microtype/mt-msb.cfg
File: mt-msb.cfg 2005/06/01 v1.0 microtype config. file: AMS symbols (b) (RS)
)
(/usr/share/texmf-dist/tex/latex/microtype/mt-cmr.cfg
File: mt-cmr.cfg 2013/05/19 v2.2 microtype config. file: Computer Modern Roman 
(RS)
)

[1


{/var/lib/texmf/fonts/map/pdftex/updmap/pdftex.map}]
LaTeX Font Info:    Font shape `TU/Lato(0)/b/n' will be
(Font)              scaled to size 10.0pt on input line 71.
LaTeX Font Info:    Font shape `TU/Lato(0)/m/it' will be
(Font)              scaled to size 8.0pt on input line 72.
Package pgfplots info on input line 88: dateplot: setting 'date ZERO={2024-01-0
1}' for this axis.
Package pgfplots info on input line 88: Using 'lua backend=false' for axis: x c
oord trafo unsupported.
 (./text/gdpnow_node.txt)
LaTeX Font Info:    Font shape `TU/Lato(0)/m/n' will be
(Font)              scaled to size 7.0pt on input line 93.
LaTeX Font Info:    Font shape `TU/Lato(0)/m/it' will be
(Font)              scaled to size 7.0pt on input line 93.
Package pgfplots info on input line 108: dateplot: setting 'date ZERO={2024-01-
01}' for this axis.
Package pgfplots info on input line 108: Using 'lua backend=false' for axis: x 
coord trafo unsupported.
NOTE: coordinate (2026-02-01,) has been dropped because of a coordinate filter.
 (see also unbounded coords=jump). 
(./text/cpinow_node2.txt)
Package pgfplots info on input line 140: dateplot: setting 'date ZERO={2024-01-
01}' for this axis.
Package pgfplots info on input line 140: Using 'lua backend=false' for axis: x 
coord trafo unsupported.
 (./text/lprod_rec_node.txt)
Overfull \hbox (2.16954pt too wide) in paragraph at lines 70--149
[]$[]$  $[]$   $[]$
 []

Package pgfplots info on input line 165: dateplot: setting 'date ZERO={2026-02-
28}' for this axis.
Package pgfplots info on input line 165: Using 'lua backend=false' for axis: x 
coord trafo unsupported.
(./text/epop_summary_nodes.txt)
Package pgfplots info on input line 188: dateplot: setting 'date ZERO={2024-01-
01}' for this axis.
Package pgfplots info on input line 188: Using 'lua backend=false' for axis: x 
coord trafo unsupported.
 (./text/ahe_summary_nodes.txt)
Package pgfplots info on input line 219: dateplot: setting 'date ZERO={2024-01-
01}' for this axis.
Package pgfplots info on input line 219: Using 'lua backend=false' for axis: x 
coord trafo unsupported.
PGFPlots: reading {data/nfp_monthly.csv}
PGFPlots: reading {data/nfp_monthly.csv}

(./text/nfp_summary_node.txt)
Overfull \hbox (7.86009pt too wide) in paragraph at lines 150--226
[]$[]$  $[]$   $[]$ 
 []

(./text/ff_vs_twoyr_summary.txt)
Package pgfplots info on input line 255: dateplot: setting 'date ZERO={2021-07-
01}' for this axis.
Package pgfplots info on input line 255: Using 'lua backend=false' for axis: x 
coord trafo unsupported.
PGFPlots: reading {data/interest_rates_recent.csv}
PGFPlots: reading {data/interest_rates_recent.csv}
PGFPlots: reading {data/interest_rates_recent.csv}

NOTE: coordinate (2021-07-03,) has been dropped because of a coordinate filter.
 (see also unbounded coords=jump). 
NOTE: coordinate (2021-07-04,) has been dropped because of a coordinate filter.
 (see also unbounded coords=jump). 
NOTE: coordinate (2021-07-05,) has been dropped because of a coordinate filter.
 (see also unbounded coords=jump). 
NOTE: coordinate (2021-07-10,) has been dropped because of a coordinate filter.
 (see also unbounded coords=jump). 
NOTE: coordinate (2021-07-11,) has been dropped because of a coordinate filter.
 (see also unbounded coords=jump). 
NOTE: coordinate (2021-07-17,) has been dropped because of a coordinate filter.
 (see also unbounded coords=jump). 
NOTE: coordinate (2021-07-18,) has been dropped because of a coordinate filter.
 (see also unbounded coords=jump). 
NOTE: coordinate (2021-07-24,) has been dropped because of a coordinate filter.
 (see also unbounded coords=jump). 
NOTE: coordinate (2021-07-25,) has been dropped because of a coordinate filter.
 (see also unbounded coords=jump). 
NOTE: coordinate (2021-07-31,) has been dropped because of a coordinate filter.
 (see also unbounded coords=jump). 
NOTE: coordinate (2021-08-01,) has been dropped because of a coordinate filter.
 (see also unbounded coords=jump). 
NOTE: coordinate (2021-08-07,) has been dropped because of a coordinate filter.
 (see also unbounded coords=jump). 
NOTE: coordinate (2021-08-08,) has been dropped because of a coordinate filter.
 (see also unbounded coords=jump). 
NOTE: coordinate (2021-08-14,) has been dropped because of a coordinate filter.
 (see also unbounded coords=jump). 
NOTE: coordinate (2021-08-15,) has been dropped because of a coordinate filter.
 (see also unbounded coords=jump). 
NOTE: coordinate (2021-08-21,) has been dropped because of a coordinate filter.
 (see also unbounded coords=jump). 
NOTE: coordinate (2021-08-22,) has been dropped because of a coordinate filter.
 (see also unbounded coords=jump). 
NOTE: coordinate (2021-08-28,) has been dropped because of a coordinate filter.
 (see also unbounded coords=jump). 
NOTE: coordinate (2021-08-29,) has been dropped because of a coordinate filter.
 (see also unbounded coords=jump). 
NOTE: coordinate (2021-09-04,) has been dropped because of a coordinate filter.
 (see also unbounded coords=jump). 
NOTE: coordinate (2021-09-05,) has been dropped because of a coordinate filter.
 (see also unbounded coords=jump). 
NOTE: coordinate (2021-09-06,) has been dropped because of a coordinate filter.
 (see also unbounded coords=jump). 
NOTE: coordinate (2021-09-11,) has been dropped because of a coordinate filter.
 (see also unbounded coords=jump). 
NOTE: coordinate (2021-09-12,) has been dropped because of a coordinate filter.
 (see also unbounded coords=jump). 
NOTE: coordinate (2021-09-18,) has been dropped because of a coordinate filter.
 (see also unbounded coords=jump). 
NOTE: coordinate (2021-09-19,) has been dropped because of a coordinate filter.
 (see also unbounded coords=jump). 
NOTE: coordinate (2021-09-25,) has been dropped because of a coordinate filter.
 (see also unbounded coords=jump). 
NOTE: coordinate (2021-09-26,) has been dropped because of a coordinate filter.
 (see also unbounded coords=jump). 
NOTE: coordinate (2021-10-02,) has been dropped because of a coordinate filter.
 (see also unbounded coords=jump). 
NOTE: coordinate (2021-10-03,) has been dropped because of a coordinate filter.
 (see also unbounded coords=jump). 
NOTE: coordinate (2021-10-09,) has been dropped because of a coordinate filter.
 (see also unbounded coords=jump). 
NOTE: coordinate (2021-10-10,) has been dropped because of a coordinate filter.
 (see also unbounded coords=jump). 
NOTE: coordinate (2021-10-11,) has been dropped because of a coordinate filter.
 (see also unbounded coords=jump). 
NOTE: coordinate (2021-10-16,) has been dropped because of a coordinate filter.
 (see also unbounded coords=jump). 
NOTE: coordinate (2021-10-17,) has been dropped because of a coordinate filter.
 (see also unbounded coords=jump). 
NOTE: coordinate (2021-10-23,) has been dropped because of a coordinate filter.
 (see also unbounded coords=jump). 
NOTE: coordinate (2021-10-24,) has been dropped because of a coordinate filter.
 (see also unbounded coords=jump). 
NOTE: coordinate (2021-10-30,) has been dropped because of a coordinate filter.
 (see also unbounded coords=jump). 
NOTE: coordinate (2021-10-31,) has been dropped because of a coordinate filter.
 (see also unbounded coords=jump). 
NOTE: coordinate (2021-11-06,) has been dropped because of a coordinate filter.
 (see also unbounded coords=jump). 
NOTE: coordinate (2021-11-07,) has been dropped because of a coordinate filter.
 (see also unbounded coords=jump). 
NOTE: coordinate (2021-11-11,) has been dropped because of a coordinate filter.
 (see also unbounded coords=jump). 
NOTE: coordinate (2021-11-13,) has been dropped because of a coordinate filter.
 (see also unbounded coords=jump). 
NOTE: coordinate (2021-11-14,) has been dropped because of a coordinate filter.
 (see also unbounded coords=jump). 
NOTE: coordinate (2021-11-20,) has been dropped because of a coordinate filter.
 (see also unbounded coords=jump). 
NOTE: coordinate (2021-11-21,) has been dropped because of a coordinate filter.
 (see also unbounded coords=jump). 
NOTE: coordinate (2021-11-25,) has been dropped because of a coordinate filter.
 (see also unbounded coords=jump). 
NOTE: coordinate (2021-11-27,) has been dropped because of a coordinate filter.
 (see also unbounded coords=jump). 
NOTE: coordinate (2021-11-28,) has been dropped because of a coordinate filter.
 (see also unbounded coords=jump). 
NOTE: coordinate (2021-12-04,) has been dropped because of a coordinate filter.
 (see also unbounded coords=jump). 
NOTE: coordinate (2021-12-05,) has been dropped because of a coordinate filter.
 (see also unbounded coords=jump). 
NOTE: coordinate (2021-12-11,) has been dropped because of a coordinate filter.
 (see also unbounded coords=jump). 
NOTE: coordinate (2021-12-12,) has been dropped because of a coordinate filter.
 (see also unbounded coords=jump). 
NOTE: coordinate (2021-12-18,) has been dropped because of a coordinate filter.
 (see also unbounded coords=jump). 
NOTE: coordinate (2021-12-19,) has been dropped because of a coordinate filter.
 (see also unbounded coords=jump). 
NOTE: coordinate (2021-12-24,) has been dropped because of a coordinate filter.
 (see also unbounded coords=jump). 
NOTE: coordinate (2021-12-25,) has been dropped because of a coordinate filter.
 (see also unbounded coords=jump). 
NOTE: coordinate (2021-12-26,) has been dropped because of a coordinate filter.
 (see also unbounded coords=jump). 
NOTE: coordinate (2022-01-01,) has been dropped because of a coordinate filter.
 (see also unbounded coords=jump). 
NOTE: coordinate (2022-01-02,) has been dropped because of a coordinate filter.
 (see also unbounded coords=jump). 
NOTE: coordinate (2022-01-08,) has been dropped because of a coordinate filter.
 (see also unbounded coords=jump). 
NOTE: coordinate (2022-01-09,) has been dropped because of a coordinate filter.
 (see also unbounded coords=jump). 
NOTE: coordinate (2022-01-15,) has been dropped because of a coordinate filter.
 (see also unbounded coords=jump). 
NOTE: coordinate (2022-01-16,) has been dropped because of a coordinate filter.
 (see also unbounded coords=jump). 
NOTE: coordinate (2022-01-17,) has been dropped because of a coordinate filter.
 (see also unbounded coords=jump). 
NOTE: coordinate (2022-01-22,) has been dropped because of a coordinate filter.
 (see also unbounded coords=jump). 
NOTE: coordinate (2022-01-23,) has been dropped because of a coordinate filter.
 (see also unbounded coords=jump). 
NOTE: coordinate (2022-01-29,) has been dropped because of a coordinate filter.
 (see also unbounded coords=jump). 
NOTE: coordinate (2022-01-30,) has been dropped because of a coordinate filter.
 (see also unbounded coords=jump). 
NOTE: coordinate (2022-02-05,) has been dropped because of a coordinate filter.
 (see also unbounded coords=jump). 
NOTE: coordinate (2022-02-06,) has been dropped because of a coordinate filter.
 (see also unbounded coords=jump). 
NOTE: coordinate (2022-02-12,) has been dropped because of a coordinate filter.
 (see also unbounded coords=jump). 
NOTE: coordinate (2022-02-13,) has been dropped because of a coordinate filter.
 (see also unbounded coords=jump). 
NOTE: coordinate (2022-02-19,) has been dropped because of a coordinate filter.
 (see also unbounded coords=jump). 
NOTE: coordinate (2022-02-20,) has been dropped because of a coordinate filter.
 (see also unbounded coords=jump). 
NOTE: coordinate (2022-02-21,) has been dropped because of a coordinate filter.
 (see also unbounded coords=jump). 
NOTE: coordinate (2022-02-26,) has been dropped because of a coordinate filter.
 (see also unbounded coords=jump). 
NOTE: coordinate (2022-02-27,) has been dropped because of a coordinate filter.
 (see also unbounded coords=jump). 
NOTE: coordinate (2022-03-05,) has been dropped because of a coordinate filter.
 (see also unbounded coords=jump). 
NOTE: coordinate (2022-03-06,) has been dropped because of a coordinate filter.
 (see also unbounded coords=jump). 
NOTE: coordinate (2022-03-12,) has been dropped because of a coordinate filter.
 (see also unbounded coords=jump). 
NOTE: coordinate (2022-03-13,) has been dropped because of a coordinate filter.
 (see also unbounded coords=jump). 
NOTE: coordinate (2022-03-19,) has been dropped because of a coordinate filter.
 (see also unbounded coords=jump). 
NOTE: coordinate (2022-03-20,) has been dropped because of a coordinate filter.
 (see also unbounded coords=jump). 
NOTE: coordinate (2022-03-26,) has been dropped because of a coordinate filter.
 (see also unbounded coords=jump). 
NOTE: coordinate (2022-03-27,) has been dropped because of a coordinate filter.
 (see also unbounded coords=jump). 
NOTE: coordinate (2022-04-02,) has been dropped because of a coordinate filter.
 (see also unbounded coords=jump). 
NOTE: coordinate (2022-04-03,) has been dropped because of a coordinate filter.
 (see also unbounded coords=jump). 
NOTE: coordinate (2022-04-09,) has been dropped because of a coordinate filter.
 (see also unbounded coords=jump). 
NOTE: coordinate (2022-04-10,) has been dropped because of a coordinate filter.
 (see also unbounded coords=jump). 
NOTE: coordinate (2022-04-15,) has been dropped because of a coordinate filter.
 (see also unbounded coords=jump). 
NOTE: coordinate (2022-04-16,) has been dropped because of a coordinate filter.
 (see also unbounded coords=jump). 
NOTE: coordinate (2022-04-17,) has been dropped because of a coordinate filter.
 (see also unbounded coords=jump). 
NOTE: coordinate (2022-04-23,) has been dropped because of a coordinate filter.
 (see also unbounded coords=jump). 
NOTE: coordinate (2022-04-24,) has been dropped because of a coordinate filter.
 (see also unbounded coords=jump). 
NOTE: coordinate (2022-04-30,) has been dropped because of a coordinate filter.
 (see also unbounded coords=jump). 
NOTE: coordinate (2022-05-01,) has been dropped because of a coordinate filter.
 (see also unbounded coords=jump). 
NOTE: coordinate (2022-05-07,) has been dropped because of a coordinate filter.
 (see also unbounded coords=jump). 
NOTE: coordinate (2022-05-08,) has been dropped because of a coordinate filter.
 (see also unbounded coords=jump). 
NOTE: coordinate (2022-05-14,) has been dropped because of a coordinate filter.
 (see also unbounded coords=jump). 
NOTE: coordinate (2022-05-15,) has been dropped because of a coordinate filter.
 (see also unbounded coords=jump). 
NOTE: coordinate (2022-05-21,) has been dropped because of a coordinate filter.
 (see also unbounded coords=jump). 
NOTE: coordinate (2022-05-22,) has been dropped because of a coordinate filter.
 (see also unbounded coords=jump). 
NOTE: coordinate (2022-05-28,) has been dropped because of a coordinate filter.
 (see also unbounded coords=jump). 
NOTE: coordinate (2022-05-29,) has been dropped because of a coordinate filter.
 (see also unbounded coords=jump). 
NOTE: coordinate (2022-05-30,) has been dropped because of a coordinate filter.
 (see also unbounded coords=jump). 
NOTE: coordinate (2022-06-04,) has been dropped because of a coordinate filter.
 (see also unbounded coords=jump). 
NOTE: coordinate (2022-06-05,) has been dropped because of a coordinate filter.
 (see also unbounded coords=jump). 
NOTE: coordinate (2022-06-11,) has been dropped because of a coordinate filter.
 (see also unbounded coords=jump). 
NOTE: coordinate (2022-06-12,) has been dropped because of a coordinate filter.
 (see also unbounded coords=jump). 
NOTE: coordinate (2022-06-18,) has been dropped because of a coordinate filter.
 (see also unbounded coords=jump). 
NOTE: coordinate (2022-06-19,) has been dropped because of a coordinate filter.
 (see also unbounded coords=jump). 
NOTE: coordinate (2022-06-20,) has been dropped because of a coordinate filter.
 (see also unbounded coords=jump). 
NOTE: coordinate (2022-06-25,) has been dropped because of a coordinate filter.
 (see also unbounded coords=jump). 
NOTE: coordinate (2022-06-26,) has been dropped because of a coordinate filter.
 (see also unbounded coords=jump). 
NOTE: coordinate (2022-07-02,) has been dropped because of a coordinate filter.
 (see also unbounded coords=jump). 
NOTE: coordinate (2022-07-03,) has been dropped because of a coordinate filter.
 (see also unbounded coords=jump). 
NOTE: coordinate (2022-07-04,) has been dropped because of a coordinate filter.
 (see also unbounded coords=jump). 
NOTE: coordinate (2022-07-09,) has been dropped because of a coordinate filter.
 (see also unbounded coords=jump). 
NOTE: coordinate (2022-07-10,) has been dropped because of a coordinate filter.
 (see also unbounded coords=jump). 
NOTE: coordinate (2022-07-16,) has been dropped because of a coordinate filter.
 (see also unbounded coords=jump). 
NOTE: coordinate (2022-07-17,) has been dropped because of a coordinate filter.
 (see also unbounded coords=jump). 
NOTE: coordinate (2022-07-23,) has been dropped because of a coordinate filter.
 (see also unbounded coords=jump). 
NOTE: coordinate (2022-07-24,) has been dropped because of a coordinate filter.
 (see also unbounded coords=jump). 
NOTE: coordinate (2022-07-30,) has been dropped because of a coordinate filter.
 (see also unbounded coords=jump). 
NOTE: coordinate (2022-07-31,) has been dropped because of a coordinate filter.
 (see also unbounded coords=jump). 
NOTE: coordinate (2022-08-06,) has been dropped because of a coordinate filter.
 (see also unbounded coords=jump). 
NOTE: coordinate (2022-08-07,) has been dropped because of a coordinate filter.
 (see also unbounded coords=jump). 
NOTE: coordinate (2022-08-13,) has been dropped because of a coordinate filter.
 (see also unbounded coords=jump). 
NOTE: coordinate (2022-08-14,) has been dropped because of a coordinate filter.
 (see also unbounded coords=jump). 
NOTE: coordinate (2022-08-20,) has been dropped because of a coordinate filter.
 (see also unbounded coords=jump). 
NOTE: coordinate (2022-08-21,) has been dropped because of a coordinate filter.
 (see also unbounded coords=jump). 
NOTE: coordinate (2022-08-27,) has been dropped because of a coordinate filter.
 (see also unbounded coords=jump). 
NOTE: coordinate (2022-08-28,) has been dropped because of a coordinate filter.
 (see also unbounded coords=jump). 
NOTE: coordinate (2022-09-03,) has been dropped because of a coordinate filter.
 (see also unbounded coords=jump). 
NOTE: coordinate (2022-09-04,) has been dropped because of a coordinate filter.
 (see also unbounded coords=jump). 
NOTE: coordinate (2022-09-05,) has been dropped because of a coordinate filter.
 (see also unbounded coords=jump). 
NOTE: coordinate (2022-09-10,) has been dropped because of a coordinate filter.
 (see also unbounded coords=jump). 
NOTE: coordinate (2022-09-11,) has been dropped because of a coordinate filter.
 (see also unbounded coords=jump). 
NOTE: coordinate (2022-09-17,) has been dropped because of a coordinate filter.
 (see also unbounded coords=jump). 
NOTE: coordinate (2022-09-18,) has been dropped because of a coordinate filter.
 (see also unbounded coords=jump). 
NOTE: coordinate (2022-09-24,) has been dropped because of a coordinate filter.
 (see also unbounded coords=jump). 
NOTE: coordinate (2022-09-25,) has been dropped because of a coordinate filter.
 (see also unbounded coords=jump). 
NOTE: coordinate (2022-10-01,) has been dropped because of a coordinate filter.
 (see also unbounded coords=jump). 
NOTE: coordinate (2022-10-02,) has been dropped because of a coordinate filter.
 (see also unbounded coords=jump). 
NOTE: coordinate (2022-10-08,) has been dropped because of a coordinate filter.
 (see also unbounded coords=jump). 
NOTE: coordinate (2022-10-09,) has been dropped because of a coordinate filter.
 (see also unbounded coords=jump). 
NOTE: coordinate (2022-10-10,) has been dropped because of a coordinate filter.
 (see also unbounded coords=jump). 
NOTE: coordinate (2022-10-15,) has been dropped because of a coordinate filter.
 (see also unbounded coords=jump). 
NOTE: coordinate (2022-10-16,) has been dropped because of a coordinate filter.
 (see also unbounded coords=jump). 
NOTE: coordinate (2022-10-22,) has been dropped because of a coordinate filter.
 (see also unbounded coords=jump). 
NOTE: coordinate (2022-10-23,) has been dropped because of a coordinate filter.
 (see also unbounded coords=jump). 
NOTE: coordinate (2022-10-29,) has been dropped because of a coordinate filter.
 (see also unbounded coords=jump). 
NOTE: coordinate (2022-10-30,) has been dropped because of a coordinate filter.
 (see also unbounded coords=jump). 
NOTE: coordinate (2022-11-05,) has been dropped because of a coordinate filter.
 (see also unbounded coords=jump). 
NOTE: coordinate (2022-11-06,) has been dropped because of a coordinate filter.
 (see also unbounded coords=jump). 
NOTE: coordinate (2022-11-11,) has been dropped because of a coordinate filter.
 (see also unbounded coords=jump). 
NOTE: coordinate (2022-11-12,) has been dropped because of a coordinate filter.
 (see also unbounded coords=jump). 
NOTE: coordinate (2022-11-13,) has been dropped because of a coordinate filter.
 (see also unbounded coords=jump). 
NOTE: coordinate (2022-11-19,) has been dropped because of a coordinate filter.
 (see also unbounded coords=jump). 
NOTE: coordinate (2022-11-20,) has been dropped because of a coordinate filter.
 (see also unbounded coords=jump). 
NOTE: coordinate (2022-11-24,) has been dropped because of a coordinate filter.
 (see also unbounded coords=jump). 
NOTE: coordinate (2022-11-26,) has been dropped because of a coordinate filter.
 (see also unbounded coords=jump). 
NOTE: coordinate (2022-11-27,) has been dropped because of a coordinate filter.
 (see also unbounded coords=jump). 
NOTE: coordinate (2022-12-03,) has been dropped because of a coordinate filter.
 (see also unbounded coords=jump). 
NOTE: coordinate (2022-12-04,) has been dropped because of a coordinate filter.
 (see also unbounded coords=jump). 
NOTE: coordinate (2022-12-10,) has been dropped because of a coordinate filter.
 (see also unbounded coords=jump). 
NOTE: coordinate (2022-12-11,) has been dropped because of a coordinate filter.
 (see also unbounded coords=jump). 
NOTE: coordinate (2022-12-17,) has been dropped because of a coordinate filter.
 (see also unbounded coords=jump). 
NOTE: coordinate (2022-12-18,) has been dropped because of a coordinate filter.
 (see also unbounded coords=jump). 
NOTE: coordinate (2022-12-24,) has been dropped because of a coordinate filter.
 (see also unbounded coords=jump). 
NOTE: coordinate (2022-12-25,) has been dropped because of a coordinate filter.
 (see also unbounded coords=jump). 
NOTE: coordinate (2022-12-26,) has been dropped because of a coordinate filter.
 (see also unbounded coords=jump). 
NOTE: coordinate (2022-12-31,) has been dropped because of a coordinate filter.
 (see also unbounded coords=jump). 
NOTE: coordinate (2023-01-01,) has been dropped because of a coordinate filter.
 (see also unbounded coords=jump). 
NOTE: coordinate (2023-01-02,) has been dropped because of a coordinate filter.
 (see also unbounded coords=jump). 
NOTE: coordinate (2023-01-07,) has been dropped because of a coordinate filter.
 (see also unbounded coords=jump). 
NOTE: coordinate (2023-01-08,) has been dropped because of a coordinate filter.
 (see also unbounded coords=jump). 
NOTE: coordinate (2023-01-14,) has been dropped because of a coordinate filter.
 (see also unbounded coords=jump). 
NOTE: coordinate (2023-01-15,) has been dropped because of a coordinate filter.
 (see also unbounded coords=jump). 
NOTE: coordinate (2023-01-16,) has been dropped because of a coordinate filter.
 (see also unbounded coords=jump). 
NOTE: coordinate (2023-01-21,) has been dropped because of a coordinate filter.
 (see also unbounded coords=jump). 
NOTE: coordinate (2023-01-22,) has been dropped because of a coordinate filter.
 (see also unbounded coords=jump). 
NOTE: coordinate (2023-01-28,) has been dropped because of a coordinate filter.
 (see also unbounded coords=jump). 
NOTE: coordinate (2023-01-29,) has been dropped because of a coordinate filter.
 (see also unbounded coords=jump). 
NOTE: coordinate (2023-02-04,) has been dropped because of a coordinate filter.
 (see also unbounded coords=jump). 
NOTE: coordinate (2023-02-05,) has been dropped because of a coordinate filter.
 (see also unbounded coords=jump). 
NOTE: coordinate (2023-02-11,) has been dropped because of a coordinate filter.
 (see also unbounded coords=jump). 
NOTE: coordinate (2023-02-12,) has been dropped because of a coordinate filter.
 (see also unbounded coords=jump). 
NOTE: coordinate (2023-02-18,) has been dropped because of a coordinate filter.
 (see also unbounded coords=jump). 
NOTE: coordinate (2023-02-19,) has been dropped because of a coordinate filter.
 (see also unbounded coords=jump). 
NOTE: coordinate (2023-02-20,) has been dropped because of a coordinate filter.
 (see also unbounded coords=jump). 
NOTE: coordinate (2023-02-25,) has been dropped because of a coordinate filter.
 (see also unbounded coords=jump). 
NOTE: coordinate (2023-02-26,) has been dropped because of a coordinate filter.
 (see also unbounded coords=jump). 
NOTE: coordinate (2023-03-04,) has been dropped because of a coordinate filter.
 (see also unbounded coords=jump). 
NOTE: coordinate (2023-03-05,) has been dropped because of a coordinate filter.
 (see also unbounded coords=jump). 
NOTE: coordinate (2023-03-11,) has been dropped because of a coordinate filter.
 (see also unbounded coords=jump). 
NOTE: coordinate (2023-03-12,) has been dropped because of a coordinate filter.
 (see also unbounded coords=jump). 
NOTE: coordinate (2023-03-18,) has been dropped because of a coordinate filter.
 (see also unbounded coords=jump). 
NOTE: coordinate (2023-03-19,) has been dropped because of a coordinate filter.
 (see also unbounded coords=jump). 
NOTE: coordinate (2023-03-25,) has been dropped because of a coordinate filter.
 (see also unbounded coords=jump). 
NOTE: coordinate (2023-03-26,) has been dropped because of a coordinate filter.
 (see also unbounded coords=jump). 
NOTE: coordinate (2023-04-01,) has been dropped because of a coordinate filter.
 (see also unbounded coords=jump). 
NOTE: coordinate (2023-04-02,) has been dropped because of a coordinate filter.
 (see also unbounded coords=jump). 
NOTE: coordinate (2023-04-08,) has been dropped because of a coordinate filter.
 (see also unbounded coords=jump). 
NOTE: coordinate (2023-04-09,) has been dropped because of a coordinate filter.
 (see also unbounded coords=jump). 
NOTE: coordinate (2023-04-15,) has been dropped because of a coordinate filter.
 (see also unbounded coords=jump). 
NOTE: coordinate (2023-04-16,) has been dropped because of a coordinate filter.
 (see also unbounded coords=jump). 
NOTE: coordinate (2023-04-22,) has been dropped because of a coordinate filter.
 (see also unbounded coords=jump). 
NOTE: coordinate (2023-04-23,) has been dropped because of a coordinate filter.
 (see also unbounded coords=jump). 
NOTE: coordinate (2023-04-29,) has been dropped because of a coordinate filter.
 (see also unbounded coords=jump). 
NOTE: coordinate (2023-04-30,) has been dropped because of a coordinate filter.
 (see also unbounded coords=jump). 
NOTE: coordinate (2023-05-06,) has been dropped because of a coordinate filter.
 (see also unbounded coords=jump). 
NOTE: coordinate (2023-05-07,) has been dropped because of a coordinate filter.
 (see also unbounded coords=jump). 
NOTE: coordinate (2023-05-13,) has been dropped because of a coordinate filter.
 (see also unbounded coords=jump). 
NOTE: coordinate (2023-05-14,) has been dropped because of a coordinate filter.
 (see also unbounded coords=jump). 
NOTE: coordinate (2023-05-20,) has been dropped because of a coordinate filter.
 (see also unbounded coords=jump). 
NOTE: coordinate (2023-05-21,) has been dropped because of a coordinate filter.
 (see also unbounded coords=jump). 
NOTE: coordinate (2023-05-27,) has been dropped because of a coordinate filter.
 (see also unbounded coords=jump). 
NOTE: coordinate (2023-05-28,) has been dropped because of a coordinate filter.
 (see also unbounded coords=jump). 
NOTE: coordinate (2023-05-29,) has been dropped because of a coordinate filter.
 (see also unbounded coords=jump). 
NOTE: coordinate (2023-06-03,) has been dropped because of a coordinate filter.
 (see also unbounded coords=jump). 
NOTE: coordinate (2023-06-04,) has been dropped because of a coordinate filter.
 (see also unbounded coords=jump). 
NOTE: coordinate (2023-06-10,) has been dropped because of a coordinate filter.
 (see also unbounded coords=jump). 
NOTE: coordinate (2023-06-11,) has been dropped because of a coordinate filter.
 (see also unbounded coords=jump). 
NOTE: coordinate (2023-06-17,) has been dropped because of a coordinate filter.
 (see also unbounded coords=jump). 
NOTE: coordinate (2023-06-18,) has been dropped because of a coordinate filter.
 (see also unbounded coords=jump). 
NOTE: coordinate (2023-06-19,) has been dropped because of a coordinate filter.
 (see also unbounded coords=jump). 
NOTE: coordinate (2023-06-24,) has been dropped because of a coordinate filter.
 (see also unbounded coords=jump). 
NOTE: coordinate (2023-06-25,) has been dropped because of a coordinate filter.
 (see also unbounded coords=jump). 
NOTE: coordinate (2023-07-01,) has been dropped because of a coordinate filter.
 (see also unbounded coords=jump). 
NOTE: coordinate (2023-07-02,) has been dropped because of a coordinate filter.
 (see also unbounded coords=jump). 
NOTE: coordinate (2023-07-04,) has been dropped because of a coordinate filter.
 (see also unbounded coords=jump). 
NOTE: coordinate (2023-07-08,) has been dropped because of a coordinate filter.
 (see also unbounded coords=jump). 
NOTE: coordinate (2023-07-09,) has been dropped because of a coordinate filter.
 (see also unbounded coords=jump). 
NOTE: coordinate (2023-07-15,) has been dropped because of a coordinate filter.
 (see also unbounded coords=jump). 
NOTE: coordinate (2023-07-16,) has been dropped because of a coordinate filter.
 (see also unbounded coords=jump). 
NOTE: coordinate (2023-07-22,) has been dropped because of a coordinate filter.
 (see also unbounded coords=jump). 
NOTE: coordinate (2023-07-23,) has been dropped because of a coordinate filter.
 (see also unbounded coords=jump). 
NOTE: coordinate (2023-07-29,) has been dropped because of a coordinate filter.
 (see also unbounded coords=jump). 
NOTE: coordinate (2023-07-30,) has been dropped because of a coordinate filter.
 (see also unbounded coords=jump). 
NOTE: coordinate (2023-08-05,) has been dropped because of a coordinate filter.
 (see also unbounded coords=jump). 
NOTE: coordinate (2023-08-06,) has been dropped because of a coordinate filter.
 (see also unbounded coords=jump). 
NOTE: coordinate (2023-08-12,) has been dropped because of a coordinate filter.
 (see also unbounded coords=jump). 
NOTE: coordinate (2023-08-13,) has been dropped because of a coordinate filter.
 (see also unbounded coords=jump). 
NOTE: coordinate (2023-08-19,) has been dropped because of a coordinate filter.
 (see also unbounded coords=jump). 
NOTE: coordinate (2023-08-20,) has been dropped because of a coordinate filter.
 (see also unbounded coords=jump). 
NOTE: coordinate (2023-08-26,) has been dropped because of a coordinate filter.
 (see also unbounded coords=jump). 
NOTE: coordinate (2023-08-27,) has been dropped because of a coordinate filter.
 (see also unbounded coords=jump). 
NOTE: coordinate (2023-09-02,) has been dropped because of a coordinate filter.
 (see also unbounded coords=jump). 
NOTE: coordinate (2023-09-03,) has been dropped because of a coordinate filter.
 (see also unbounded coords=jump). 
NOTE: coordinate (2023-09-04,) has been dropped because of a coordinate filter.
 (see also unbounded coords=jump). 
NOTE: coordinate (2023-09-09,) has been dropped because of a coordinate filter.
 (see also unbounded coords=jump). 
NOTE: coordinate (2023-09-10,) has been dropped because of a coordinate filter.
 (see also unbounded coords=jump). 
NOTE: coordinate (2023-09-16,) has been dropped because of a coordinate filter.
 (see also unbounded coords=jump). 
NOTE: coordinate (2023-09-17,) has been dropped because of a coordinate filter.
 (see also unbounded coords=jump). 
NOTE: coordinate (2023-09-23,) has been dropped because of a coordinate filter.
 (see also unbounded coords=jump). 
NOTE: coordinate (2023-09-24,) has been dropped because of a coordinate filter.
 (see also unbounded coords=jump). 
NOTE: coordinate (2023-09-30,) has been dropped because of a coordinate filter.
 (see also unbounded coords=jump). 
NOTE: coordinate (2023-10-01,) has been dropped because of a coordinate filter.
 (see also unbounded coords=jump). 
NOTE: coordinate (2023-10-07,) has been dropped because of a coordinate filter.
 (see also unbounded coords=jump). 
NOTE: coordinate (2023-10-08,) has been dropped because of a coordinate filter.
 (see also unbounded coords=jump). 
NOTE: coordinate (2023-10-09,) has been dropped because of a coordinate filter.
 (see also unbounded coords=jump). 
NOTE: coordinate (2023-10-14,) has been dropped because of a coordinate filter.
 (see also unbounded coords=jump). 
NOTE: coordinate (2023-10-15,) has been dropped because of a coordinate filter.
 (see also unbounded coords=jump). 
NOTE: coordinate (2023-10-21,) has been dropped because of a coordinate filter.
 (see also unbounded coords=jump). 
NOTE: coordinate (2023-10-22,) has been dropped because of a coordinate filter.
 (see also unbounded coords=jump). 
NOTE: coordinate (2023-10-28,) has been dropped because of a coordinate filter.
 (see also unbounded coords=jump). 
NOTE: coordinate (2023-10-29,) has been dropped because of a coordinate filter.
 (see also unbounded coords=jump). 
NOTE: coordinate (2023-11-04,) has been dropped because of a coordinate filter.
 (see also unbounded coords=jump). 
NOTE: coordinate (2023-11-05,) has been dropped because of a coordinate filter.
 (see also unbounded coords=jump). 
NOTE: coordinate (2023-11-11,) has been dropped because of a coordinate filter.
 (see also unbounded coords=jump). 
NOTE: coordinate (2023-11-12,) has been dropped because of a coordinate filter.
 (see also unbounded coords=jump). 
NOTE: coordinate (2023-11-18,) has been dropped because of a coordinate filter.
 (see also unbounded coords=jump). 
NOTE: coordinate (2023-11-19,) has been dropped because of a coordinate filter.
 (see also unbounded coords=jump). 
NOTE: coordinate (2023-11-23,) has been dropped because of a coordinate filter.
 (see also unbounded coords=jump). 
NOTE: coordinate (2023-11-25,) has been dropped because of a coordinate filter.
 (see also unbounded coords=jump). 
NOTE: coordinate (2023-11-26,) has been dropped because of a coordinate filter.
 (see also unbounded coords=jump). 
NOTE: coordinate (2023-12-02,) has been dropped because of a coordinate filter.
 (see also unbounded coords=jump). 
NOTE: coordinate (2023-12-03,) has been dropped because of a coordinate filter.
 (see also unbounded coords=jump). 
NOTE: coordinate (2023-12-09,) has been dropped because of a coordinate filter.
 (see also unbounded coords=jump). 
NOTE: coordinate (2023-12-10,) has been dropped because of a coordinate filter.
 (see also unbounded coords=jump). 
NOTE: coordinate (2023-12-16,) has been dropped because of a coordinate filter.
 (see also unbounded coords=jump). 
NOTE: coordinate (2023-12-17,) has been dropped because of a coordinate filter.
 (see also unbounded coords=jump). 
NOTE: coordinate (2023-12-23,) has been dropped because of a coordinate filter.
 (see also unbounded coords=jump). 
NOTE: coordinate (2023-12-24,) has been dropped because of a coordinate filter.
 (see also unbounded coords=jump). 
NOTE: coordinate (2023-12-25,) has been dropped because of a coordinate filter.
 (see also unbounded coords=jump). 
NOTE: coordinate (2023-12-30,) has been dropped because of a coordinate filter.
 (see also unbounded coords=jump). 
NOTE: coordinate (2023-12-31,) has been dropped because of a coordinate filter.
 (see also unbounded coords=jump). 
NOTE: coordinate (2024-01-01,) has been dropped because of a coordinate filter.
 (see also unbounded coords=jump). 
NOTE: coordinate (2024-01-06,) has been dropped because of a coordinate filter.
 (see also unbounded coords=jump). 
NOTE: coordinate (2024-01-07,) has been dropped because of a coordinate filter.
 (see also unbounded coords=jump). 
NOTE: coordinate (2024-01-13,) has been dropped because of a coordinate filter.
 (see also unbounded coords=jump). 
NOTE: coordinate (2024-01-14,) has been dropped because of a coordinate filter.
 (see also unbounded coords=jump). 
NOTE: coordinate (2024-01-15,) has been dropped because of a coordinate filter.
 (see also unbounded coords=jump). 
NOTE: coordinate (2024-01-20,) has been dropped because of a coordinate filter.
 (see also unbounded coords=jump). 
NOTE: coordinate (2024-01-21,) has been dropped because of a coordinate filter.
 (see also unbounded coords=jump). 
NOTE: coordinate (2024-01-27,) has been dropped because of a coordinate filter.
 (see also unbounded coords=jump). 
NOTE: coordinate (2024-01-28,) has been dropped because of a coordinate filter.
 (see also unbounded coords=jump). 
NOTE: coordinate (2024-02-03,) has been dropped because of a coordinate filter.
 (see also unbounded coords=jump). 
NOTE: coordinate (2024-02-04,) has been dropped because of a coordinate filter.
 (see also unbounded coords=jump). 
NOTE: coordinate (2024-02-10,) has been dropped because of a coordinate filter.
 (see also unbounded coords=jump). 
NOTE: coordinate (2024-02-11,) has been dropped because of a coordinate filter.
 (see also unbounded coords=jump). 
NOTE: coordinate (2024-02-17,) has been dropped because of a coordinate filter.
 (see also unbounded coords=jump). 
NOTE: coordinate (2024-02-18,) has been dropped because of a coordinate filter.
 (see also unbounded coords=jump). 
NOTE: coordinate (2024-02-19,) has been dropped because of a coordinate filter.
 (see also unbounded coords=jump). 
NOTE: coordinate (2024-02-24,) has been dropped because of a coordinate filter.
 (see also unbounded coords=jump). 
NOTE: coordinate (2024-02-25,) has been dropped because of a coordinate filter.
 (see also unbounded coords=jump). 
NOTE: coordinate (2024-03-02,) has been dropped because of a coordinate filter.
 (see also unbounded coords=jump). 
NOTE: coordinate (2024-03-03,) has been dropped because of a coordinate filter.
 (see also unbounded coords=jump). 
NOTE: coordinate (2024-03-09,) has been dropped because of a coordinate filter.
 (see also unbounded coords=jump). 
NOTE: coordinate (2024-03-10,) has been dropped because of a coordinate filter.
 (see also unbounded coords=jump). 
NOTE: coordinate (2024-03-16,) has been dropped because of a coordinate filter.
 (see also unbounded coords=jump). 
NOTE: coordinate (2024-03-17,) has been dropped because of a coordinate filter.
 (see also unbounded coords=jump). 
NOTE: coordinate (2024-03-23,) has been dropped because of a coordinate filter.
 (see also unbounded coords=jump). 
NOTE: coordinate (2024-03-24,) has been dropped because of a coordinate filter.
 (see also unbounded coords=jump). 
NOTE: coordinate (2024-03-29,) has been dropped because of a coordinate filter.
 (see also unbounded coords=jump). 
NOTE: coordinate (2024-03-30,) has been dropped because of a coordinate filter.
 (see also unbounded coords=jump). 
NOTE: coordinate (2024-03-31,) has been dropped because of a coordinate filter.
 (see also unbounded coords=jump). 
NOTE: coordinate (2024-04-06,) has been dropped because of a coordinate filter.
 (see also unbounded coords=jump). 
NOTE: coordinate (2024-04-07,) has been dropped because of a coordinate filter.
 (see also unbounded coords=jump). 
NOTE: coordinate (2024-04-13,) has been dropped because of a coordinate filter.
 (see also unbounded coords=jump). 
NOTE: coordinate (2024-04-14,) has been dropped because of a coordinate filter.
 (see also unbounded coords=jump). 
NOTE: coordinate (2024-04-20,) has been dropped because of a coordinate filter.
 (see also unbounded coords=jump). 
NOTE: coordinate (2024-04-21,) has been dropped because of a coordinate filter.
 (see also unbounded coords=jump). 
NOTE: coordinate (2024-04-27,) has been dropped because of a coordinate filter.
 (see also unbounded coords=jump). 
NOTE: coordinate (2024-04-28,) has been dropped because of a coordinate filter.
 (see also unbounded coords=jump). 
NOTE: coordinate (2024-05-04,) has been dropped because of a coordinate filter.
 (see also unbounded coords=jump). 
NOTE: coordinate (2024-05-05,) has been dropped because of a coordinate filter.
 (see also unbounded coords=jump). 
NOTE: coordinate (2024-05-11,) has been dropped because of a coordinate filter.
 (see also unbounded coords=jump). 
NOTE: coordinate (2024-05-12,) has been dropped because of a coordinate filter.
 (see also unbounded coords=jump). 
NOTE: coordinate (2024-05-18,) has been dropped because of a coordinate filter.
 (see also unbounded coords=jump). 
NOTE: coordinate (2024-05-19,) has been dropped because of a coordinate filter.
 (see also unbounded coords=jump). 
NOTE: coordinate (2024-05-25,) has been dropped because of a coordinate filter.
 (see also unbounded coords=jump). 
NOTE: coordinate (2024-05-26,) has been dropped because of a coordinate filter.
 (see also unbounded coords=jump). 
NOTE: coordinate (2024-05-27,) has been dropped because of a coordinate filter.
 (see also unbounded coords=jump). 
NOTE: coordinate (2024-06-01,) has been dropped because of a coordinate filter.
 (see also unbounded coords=jump). 
NOTE: coordinate (2024-06-02,) has been dropped because of a coordinate filter.
 (see also unbounded coords=jump). 
NOTE: coordinate (2024-06-08,) has been dropped because of a coordinate filter.
 (see also unbounded coords=jump). 
NOTE: coordinate (2024-06-09,) has been dropped because of a coordinate filter.
 (see also unbounded coords=jump). 
NOTE: coordinate (2024-06-15,) has been dropped because of a coordinate filter.
 (see also unbounded coords=jump). 
NOTE: coordinate (2024-06-16,) has been dropped because of a coordinate filter.
 (see also unbounded coords=jump). 
NOTE: coordinate (2024-06-19,) has been dropped because of a coordinate filter.
 (see also unbounded coords=jump). 
NOTE: coordinate (2024-06-22,) has been dropped because of a coordinate filter.
 (see also unbounded coords=jump). 
NOTE: coordinate (2024-06-23,) has been dropped because of a coordinate filter.
 (see also unbounded coords=jump). 
NOTE: coordinate (2024-06-29,) has been dropped because of a coordinate filter.
 (see also unbounded coords=jump). 
NOTE: coordinate (2024-06-30,) has been dropped because of a coordinate filter.
 (see also unbounded coords=jump). 
NOTE: coordinate (2024-07-04,) has been dropped because of a coordinate filter.
 (see also unbounded coords=jump). 
NOTE: coordinate (2024-07-06,) has been dropped because of a coordinate filter.
 (see also unbounded coords=jump). 
NOTE: coordinate (2024-07-07,) has been dropped because of a coordinate filter.
 (see also unbounded coords=jump). 
NOTE: coordinate (2024-07-13,) has been dropped because of a coordinate filter.
 (see also unbounded coords=jump). 
NOTE: coordinate (2024-07-14,) has been dropped because of a coordinate filter.
 (see also unbounded coords=jump). 
NOTE: coordinate (2024-07-20,) has been dropped because of a coordinate filter.
 (see also unbounded coords=jump). 
NOTE: coordinate (2024-07-21,) has been dropped because of a coordinate filter.
 (see also unbounded coords=jump). 
NOTE: coordinate (2024-07-27,) has been dropped because of a coordinate filter.
 (see also unbounded coords=jump). 
NOTE: coordinate (2024-07-28,) has been dropped because of a coordinate filter.
 (see also unbounded coords=jump). 
NOTE: coordinate (2024-08-03,) has been dropped because of a coordinate filter.
 (see also unbounded coords=jump). 
NOTE: coordinate (2024-08-04,) has been dropped because of a coordinate filter.
 (see also unbounded coords=jump). 
NOTE: coordinate (2024-08-10,) has been dropped because of a coordinate filter.
 (see also unbounded coords=jump). 
NOTE: coordinate (2024-08-11,) has been dropped because of a coordinate filter.
 (see also unbounded coords=jump). 
NOTE: coordinate (2024-08-17,) has been dropped because of a coordinate filter.
 (see also unbounded coords=jump). 
NOTE: coordinate (2024-08-18,) has been dropped because of a coordinate filter.
 (see also unbounded coords=jump). 
NOTE: coordinate (2024-08-24,) has been dropped because of a coordinate filter.
 (see also unbounded coords=jump). 
NOTE: coordinate (2024-08-25,) has been dropped because of a coordinate filter.
 (see also unbounded coords=jump). 
NOTE: coordinate (2024-08-31,) has been dropped because of a coordinate filter.
 (see also unbounded coords=jump). 
NOTE: coordinate (2024-09-01,) has been dropped because of a coordinate filter.
 (see also unbounded coords=jump). 
NOTE: coordinate (2024-09-02,) has been dropped because of a coordinate filter.
 (see also unbounded coords=jump). 
NOTE: coordinate (2024-09-07,) has been dropped because of a coordinate filter.
 (see also unbounded coords=jump). 
NOTE: coordinate (2024-09-08,) has been dropped because of a coordinate filter.
 (see also unbounded coords=jump). 
NOTE: coordinate (2024-09-14,) has been dropped because of a coordinate filter.
 (see also unbounded coords=jump). 
NOTE: coordinate (2024-09-15,) has been dropped because of a coordinate filter.
 (see also unbounded coords=jump). 
NOTE: coordinate (2024-09-21,) has been dropped because of a coordinate filter.
 (see also unbounded coords=jump). 
NOTE: coordinate (2024-09-22,) has been dropped because of a coordinate filter.
 (see also unbounded coords=jump). 
NOTE: coordinate (2024-09-28,) has been dropped because of a coordinate filter.
 (see also unbounded coords=jump). 
NOTE: coordinate (2024-09-29,) has been dropped because of a coordinate filter.
 (see also unbounded coords=jump). 
NOTE: coordinate (2024-10-05,) has been dropped because of a coordinate filter.
 (see also unbounded coords=jump). 
NOTE: coordinate (2024-10-06,) has been dropped because of a coordinate filter.
 (see also unbounded coords=jump). 
NOTE: coordinate (2024-10-12,) has been dropped because of a coordinate filter.
 (see also unbounded coords=jump). 
NOTE: coordinate (2024-10-13,) has been dropped because of a coordinate filter.
 (see also unbounded coords=jump). 
NOTE: coordinate (2024-10-14,) has been dropped because of a coordinate filter.
 (see also unbounded coords=jump). 
NOTE: coordinate (2024-10-19,) has been dropped because of a coordinate filter.
 (see also unbounded coords=jump). 
NOTE: coordinate (2024-10-20,) has been dropped because of a coordinate filter.
 (see also unbounded coords=jump). 
NOTE: coordinate (2024-10-26,) has been dropped because of a coordinate filter.
 (see also unbounded coords=jump). 
NOTE: coordinate (2024-10-27,) has been dropped because of a coordinate filter.
 (see also unbounded coords=jump). 
NOTE: coordinate (2024-11-02,) has been dropped because of a coordinate filter.
 (see also unbounded coords=jump). 
NOTE: coordinate (2024-11-03,) has been dropped because of a coordinate filter.
 (see also unbounded coords=jump). 
NOTE: coordinate (2024-11-09,) has been dropped because of a coordinate filter.
 (see also unbounded coords=jump). 
NOTE: coordinate (2024-11-10,) has been dropped because of a coordinate filter.
 (see also unbounded coords=jump). 
NOTE: coordinate (2024-11-11,) has been dropped because of a coordinate filter.
 (see also unbounded coords=jump). 
NOTE: coordinate (2024-11-16,) has been dropped because of a coordinate filter.
 (see also unbounded coords=jump). 
NOTE: coordinate (2024-11-17,) has been dropped because of a coordinate filter.
 (see also unbounded coords=jump). 
NOTE: coordinate (2024-11-23,) has been dropped because of a coordinate filter.
 (see also unbounded coords=jump). 
NOTE: coordinate (2024-11-24,) has been dropped because of a coordinate filter.
 (see also unbounded coords=jump). 
NOTE: coordinate (2024-11-28,) has been dropped because of a coordinate filter.
 (see also unbounded coords=jump). 
NOTE: coordinate (2024-11-30,) has been dropped because of a coordinate filter.
 (see also unbounded coords=jump). 
NOTE: coordinate (2024-12-01,) has been dropped because of a coordinate filter.
 (see also unbounded coords=jump). 
NOTE: coordinate (2024-12-07,) has been dropped because of a coordinate filter.
 (see also unbounded coords=jump). 
NOTE: coordinate (2024-12-08,) has been dropped because of a coordinate filter.
 (see also unbounded coords=jump). 
NOTE: coordinate (2024-12-14,) has been dropped because of a coordinate filter.
 (see also unbounded coords=jump). 
NOTE: coordinate (2024-12-15,) has been dropped because of a coordinate filter.
 (see also unbounded coords=jump). 
NOTE: coordinate (2024-12-21,) has been dropped because of a coordinate filter.
 (see also unbounded coords=jump). 
NOTE: coordinate (2024-12-22,) has been dropped because of a coordinate filter.
 (see also unbounded coords=jump). 
NOTE: coordinate (2024-12-25,) has been dropped because of a coordinate filter.
 (see also unbounded coords=jump). 
NOTE: coordinate (2024-12-28,) has been dropped because of a coordinate filter.
 (see also unbounded coords=jump). 
NOTE: coordinate (2024-12-29,) has been dropped because of a coordinate filter.
 (see also unbounded coords=jump). 
NOTE: coordinate (2025-01-01,) has been dropped because of a coordinate filter.
 (see also unbounded coords=jump). 
NOTE: coordinate (2025-01-04,) has been dropped because of a coordinate filter.
 (see also unbounded coords=jump). 
NOTE: coordinate (2025-01-05,) has been dropped because of a coordinate filter.
 (see also unbounded coords=jump). 
NOTE: coordinate (2025-01-11,) has been dropped because of a coordinate filter.
 (see also unbounded coords=jump). 
NOTE: coordinate (2025-01-12,) has been dropped because of a coordinate filter.
 (see also unbounded coords=jump). 
NOTE: coordinate (2025-01-18,) has been dropped because of a coordinate filter.
 (see also unbounded coords=jump). 
NOTE: coordinate (2025-01-19,) has been dropped because of a coordinate filter.
 (see also unbounded coords=jump). 
NOTE: coordinate (2025-01-20,) has been dropped because of a coordinate filter.
 (see also unbounded coords=jump). 
NOTE: coordinate (2025-01-25,) has been dropped because of a coordinate filter.
 (see also unbounded coords=jump). 
NOTE: coordinate (2025-01-26,) has been dropped because of a coordinate filter.
 (see also unbounded coords=jump). 
NOTE: coordinate (2025-02-01,) has been dropped because of a coordinate filter.
 (see also unbounded coords=jump). 
NOTE: coordinate (2025-02-02,) has been dropped because of a coordinate filter.
 (see also unbounded coords=jump). 
NOTE: coordinate (2025-02-08,) has been dropped because of a coordinate filter.
 (see also unbounded coords=jump). 
NOTE: coordinate (2025-02-09,) has been dropped because of a coordinate filter.
 (see also unbounded coords=jump). 
NOTE: coordinate (2025-02-15,) has been dropped because of a coordinate filter.
 (see also unbounded coords=jump). 
NOTE: coordinate (2025-02-16,) has been dropped because of a coordinate filter.
 (see also unbounded coords=jump). 
NOTE: coordinate (2025-02-17,) has been dropped because of a coordinate filter.
 (see also unbounded coords=jump). 
NOTE: coordinate (2025-02-22,) has been dropped because of a coordinate filter.
 (see also unbounded coords=jump). 
NOTE: coordinate (2025-02-23,) has been dropped because of a coordinate filter.
 (see also unbounded coords=jump). 
NOTE: coordinate (2025-03-01,) has been dropped because of a coordinate filter.
 (see also unbounded coords=jump). 
NOTE: coordinate (2025-03-02,) has been dropped because of a coordinate filter.
 (see also unbounded coords=jump). 
NOTE: coordinate (2025-03-08,) has been dropped because of a coordinate filter.
 (see also unbounded coords=jump). 
NOTE: coordinate (2025-03-09,) has been dropped because of a coordinate filter.
 (see also unbounded coords=jump). 
NOTE: coordinate (2025-03-15,) has been dropped because of a coordinate filter.
 (see also unbounded coords=jump). 
NOTE: coordinate (2025-03-16,) has been dropped because of a coordinate filter.
 (see also unbounded coords=jump). 
NOTE: coordinate (2025-03-22,) has been dropped because of a coordinate filter.
 (see also unbounded coords=jump). 
NOTE: coordinate (2025-03-23,) has been dropped because of a coordinate filter.
 (see also unbounded coords=jump). 
NOTE: coordinate (2025-03-29,) has been dropped because of a coordinate filter.
 (see also unbounded coords=jump). 
NOTE: coordinate (2025-03-30,) has been dropped because of a coordinate filter.
 (see also unbounded coords=jump). 
NOTE: coordinate (2025-04-05,) has been dropped because of a coordinate filter.
 (see also unbounded coords=jump). 
NOTE: coordinate (2025-04-06,) has been dropped because of a coordinate filter.
 (see also unbounded coords=jump). 
NOTE: coordinate (2025-04-12,) has been dropped because of a coordinate filter.
 (see also unbounded coords=jump). 
NOTE: coordinate (2025-04-13,) has been dropped because of a coordinate filter.
 (see also unbounded coords=jump). 
NOTE: coordinate (2025-04-18,) has been dropped because of a coordinate filter.
 (see also unbounded coords=jump). 
NOTE: coordinate (2025-04-19,) has been dropped because of a coordinate filter.
 (see also unbounded coords=jump). 
NOTE: coordinate (2025-04-20,) has been dropped because of a coordinate filter.
 (see also unbounded coords=jump). 
NOTE: coordinate (2025-04-26,) has been dropped because of a coordinate filter.
 (see also unbounded coords=jump). 
NOTE: coordinate (2025-04-27,) has been dropped because of a coordinate filter.
 (see also unbounded coords=jump). 
NOTE: coordinate (2025-05-03,) has been dropped because of a coordinate filter.
 (see also unbounded coords=jump). 
NOTE: coordinate (2025-05-04,) has been dropped because of a coordinate filter.
 (see also unbounded coords=jump). 
NOTE: coordinate (2025-05-10,) has been dropped because of a coordinate filter.
 (see also unbounded coords=jump). 
NOTE: coordinate (2025-05-11,) has been dropped because of a coordinate filter.
 (see also unbounded coords=jump). 
NOTE: coordinate (2025-05-17,) has been dropped because of a coordinate filter.
 (see also unbounded coords=jump). 
NOTE: coordinate (2025-05-18,) has been dropped because of a coordinate filter.
 (see also unbounded coords=jump). 
NOTE: coordinate (2025-05-24,) has been dropped because of a coordinate filter.
 (see also unbounded coords=jump). 
NOTE: coordinate (2025-05-25,) has been dropped because of a coordinate filter.
 (see also unbounded coords=jump). 
NOTE: coordinate (2025-05-26,) has been dropped because of a coordinate filter.
 (see also unbounded coords=jump). 
NOTE: coordinate (2025-05-31,) has been dropped because of a coordinate filter.
 (see also unbounded coords=jump). 
NOTE: coordinate (2025-06-01,) has been dropped because of a coordinate filter.
 (see also unbounded coords=jump). 
NOTE: coordinate (2025-06-07,) has been dropped because of a coordinate filter.
 (see also unbounded coords=jump). 
NOTE: coordinate (2025-06-08,) has been dropped because of a coordinate filter.
 (see also unbounded coords=jump). 
NOTE: coordinate (2025-06-14,) has been dropped because of a coordinate filter.
 (see also unbounded coords=jump). 
NOTE: coordinate (2025-06-15,) has been dropped because of a coordinate filter.
 (see also unbounded coords=jump). 
NOTE: coordinate (2025-06-19,) has been dropped because of a coordinate filter.
 (see also unbounded coords=jump). 
NOTE: coordinate (2025-06-21,) has been dropped because of a coordinate filter.
 (see also unbounded coords=jump). 
NOTE: coordinate (2025-06-22,) has been dropped because of a coordinate filter.
 (see also unbounded coords=jump). 
NOTE: coordinate (2025-06-28,) has been dropped because of a coordinate filter.
 (see also unbounded coords=jump). 
NOTE: coordinate (2025-06-29,) has been dropped because of a coordinate filter.
 (see also unbounded coords=jump). 
NOTE: coordinate (2025-07-04,) has been dropped because of a coordinate filter.
 (see also unbounded coords=jump). 
NOTE: coordinate (2025-07-05,) has been dropped because of a coordinate filter.
 (see also unbounded coords=jump). 
NOTE: coordinate (2025-07-06,) has been dropped because of a coordinate filter.
 (see also unbounded coords=jump). 
NOTE: coordinate (2025-07-12,) has been dropped because of a coordinate filter.
 (see also unbounded coords=jump). 
NOTE: coordinate (2025-07-13,) has been dropped because of a coordinate filter.
 (see also unbounded coords=jump). 
NOTE: coordinate (2025-07-19,) has been dropped because of a coordinate filter.
 (see also unbounded coords=jump). 
NOTE: coordinate (2025-07-20,) has been dropped because of a coordinate filter.
 (see also unbounded coords=jump). 
NOTE: coordinate (2025-07-26,) has been dropped because of a coordinate filter.
 (see also unbounded coords=jump). 
NOTE: coordinate (2025-07-27,) has been dropped because of a coordinate filter.
 (see also unbounded coords=jump). 
NOTE: coordinate (2025-08-02,) has been dropped because of a coordinate filter.
 (see also unbounded coords=jump). 
NOTE: coordinate (2025-08-03,) has been dropped because of a coordinate filter.
 (see also unbounded coords=jump). 
NOTE: coordinate (2025-08-09,) has been dropped because of a coordinate filter.
 (see also unbounded coords=jump). 
NOTE: coordinate (2025-08-10,) has been dropped because of a coordinate filter.
 (see also unbounded coords=jump). 
NOTE: coordinate (2025-08-16,) has been dropped because of a coordinate filter.
 (see also unbounded coords=jump). 
NOTE: coordinate (2025-08-17,) has been dropped because of a coordinate filter.
 (see also unbounded coords=jump). 
NOTE: coordinate (2025-08-23,) has been dropped because of a coordinate filter.
 (see also unbounded coords=jump). 
NOTE: coordinate (2025-08-24,) has been dropped because of a coordinate filter.
 (see also unbounded coords=jump). 
NOTE: coordinate (2025-08-30,) has been dropped because of a coordinate filter.
 (see also unbounded coords=jump). 
NOTE: coordinate (2025-08-31,) has been dropped because of a coordinate filter.
 (see also unbounded coords=jump). 
NOTE: coordinate (2025-09-01,) has been dropped because of a coordinate filter.
 (see also unbounded coords=jump). 
NOTE: coordinate (2025-09-06,) has been dropped because of a coordinate filter.
 (see also unbounded coords=jump). 
NOTE: coordinate (2025-09-07,) has been dropped because of a coordinate filter.
 (see also unbounded coords=jump). 
NOTE: coordinate (2025-09-13,) has been dropped because of a coordinate filter.
 (see also unbounded coords=jump). 
NOTE: coordinate (2025-09-14,) has been dropped because of a coordinate filter.
 (see also unbounded coords=jump). 
NOTE: coordinate (2025-09-20,) has been dropped because of a coordinate filter.
 (see also unbounded coords=jump). 
NOTE: coordinate (2025-09-21,) has been dropped because of a coordinate filter.
 (see also unbounded coords=jump). 
NOTE: coordinate (2025-09-27,) has been dropped because of a coordinate filter.
 (see also unbounded coords=jump). 
NOTE: coordinate (2025-09-28,) has been dropped because of a coordinate filter.
 (see also unbounded coords=jump). 
NOTE: coordinate (2025-10-04,) has been dropped because of a coordinate filter.
 (see also unbounded coords=jump). 
NOTE: coordinate (2025-10-05,) has been dropped because of a coordinate filter.
 (see also unbounded coords=jump). 
NOTE: coordinate (2025-10-11,) has been dropped because of a coordinate filter.
 (see also unbounded coords=jump). 
NOTE: coordinate (2025-10-12,) has been dropped because of a coordinate filter.
 (see also unbounded coords=jump). 
NOTE: coordinate (2025-10-13,) has been dropped because of a coordinate filter.
 (see also unbounded coords=jump). 
NOTE: coordinate (2025-10-18,) has been dropped because of a coordinate filter.
 (see also unbounded coords=jump). 
NOTE: coordinate (2025-10-19,) has been dropped because of a coordinate filter.
 (see also unbounded coords=jump). 
NOTE: coordinate (2025-10-25,) has been dropped because of a coordinate filter.
 (see also unbounded coords=jump). 
NOTE: coordinate (2025-10-26,) has been dropped because of a coordinate filter.
 (see also unbounded coords=jump). 
NOTE: coordinate (2025-11-01,) has been dropped because of a coordinate filter.
 (see also unbounded coords=jump). 
NOTE: coordinate (2025-11-02,) has been dropped because of a coordinate filter.
 (see also unbounded coords=jump). 
NOTE: coordinate (2025-11-08,) has been dropped because of a coordinate filter.
 (see also unbounded coords=jump). 
NOTE: coordinate (2025-11-09,) has been dropped because of a coordinate filter.
 (see also unbounded coords=jump). 
NOTE: coordinate (2025-11-11,) has been dropped because of a coordinate filter.
 (see also unbounded coords=jump). 
NOTE: coordinate (2025-11-15,) has been dropped because of a coordinate filter.
 (see also unbounded coords=jump). 
NOTE: coordinate (2025-11-16,) has been dropped because of a coordinate filter.
 (see also unbounded coords=jump). 
NOTE: coordinate (2025-11-22,) has been dropped because of a coordinate filter.
 (see also unbounded coords=jump). 
NOTE: coordinate (2025-11-23,) has been dropped because of a coordinate filter.
 (see also unbounded coords=jump). 
NOTE: coordinate (2025-11-27,) has been dropped because of a coordinate filter.
 (see also unbounded coords=jump). 
NOTE: coordinate (2025-11-29,) has been dropped because of a coordinate filter.
 (see also unbounded coords=jump). 
NOTE: coordinate (2025-11-30,) has been dropped because of a coordinate filter.
 (see also unbounded coords=jump). 
NOTE: coordinate (2025-12-06,) has been dropped because of a coordinate filter.
 (see also unbounded coords=jump). 
NOTE: coordinate (2025-12-07,) has been dropped because of a coordinate filter.
 (see also unbounded coords=jump). 
NOTE: coordinate (2025-12-13,) has been dropped because of a coordinate filter.
 (see also unbounded coords=jump). 
NOTE: coordinate (2025-12-14,) has been dropped because of a coordinate filter.
 (see also unbounded coords=jump). 
NOTE: coordinate (2025-12-20,) has been dropped because of a coordinate filter.
 (see also unbounded coords=jump). 
NOTE: coordinate (2025-12-21,) has been dropped because of a coordinate filter.
 (see also unbounded coords=jump). 
NOTE: coordinate (2025-12-25,) has been dropped because of a coordinate filter.
 (see also unbounded coords=jump). 
NOTE: coordinate (2025-12-27,) has been dropped because of a coordinate filter.
 (see also unbounded coords=jump). 
NOTE: coordinate (2025-12-28,) has been dropped because of a coordinate filter.
 (see also unbounded coords=jump). 
NOTE: coordinate (2026-01-01,) has been dropped because of a coordinate filter.
 (see also unbounded coords=jump). 
NOTE: coordinate (2026-01-03,) has been dropped because of a coordinate filter.
 (see also unbounded coords=jump). 
NOTE: coordinate (2026-01-04,) has been dropped because of a coordinate filter.
 (see also unbounded coords=jump). 
NOTE: coordinate (2026-01-10,) has been dropped because of a coordinate filter.
 (see also unbounded coords=jump). 
NOTE: coordinate (2026-01-11,) has been dropped because of a coordinate filter.
 (see also unbounded coords=jump). 
NOTE: coordinate (2026-01-17,) has been dropped because of a coordinate filter.
 (see also unbounded coords=jump). 
NOTE: coordinate (2026-01-18,) has been dropped because of a coordinate filter.
 (see also unbounded coords=jump). 
NOTE: coordinate (2026-01-19,) has been dropped because of a coordinate filter.
 (see also unbounded coords=jump). 
NOTE: coordinate (2026-01-24,) has been dropped because of a coordinate filter.
 (see also unbounded coords=jump). 
NOTE: coordinate (2026-01-25,) has been dropped because of a coordinate filter.
 (see also unbounded coords=jump). 
NOTE: coordinate (2026-01-31,) has been dropped because of a coordinate filter.
 (see also unbounded coords=jump). 
NOTE: coordinate (2026-02-01,) has been dropped because of a coordinate filter.
 (see also unbounded coords=jump). 
NOTE: coordinate (2026-02-07,) has been dropped because of a coordinate filter.
 (see also unbounded coords=jump). 
NOTE: coordinate (2026-02-08,) has been dropped because of a coordinate filter.
 (see also unbounded coords=jump). 
NOTE: coordinate (2026-02-14,) has been dropped because of a coordinate filter.
 (see also unbounded coords=jump). 
NOTE: coordinate (2026-02-15,) has been dropped because of a coordinate filter.
 (see also unbounded coords=jump). 
NOTE: coordinate (2026-02-16,) has been dropped because of a coordinate filter.
 (see also unbounded coords=jump). 
NOTE: coordinate (2026-02-19,) has been dropped because of a coordinate filter.
 (see also unbounded coords=jump). 
NOTE: coordinate (2026-02-20,) has been dropped because of a coordinate filter.
 (see also unbounded coords=jump). 
(./text/twoyr_summary_node.txt)
Package pgfplots info on input line 269: fill between: activating layered graph
ics
\pgf@layerbox@axis background=\box121
\pgf@layerboxsaved@axis background=\box122
\pgf@layerbox@axis grid=\box123
\pgf@layerboxsaved@axis grid=\box124
\pgf@layerbox@axis ticks=\box125
\pgf@layerboxsaved@axis ticks=\box126
\pgf@layerbox@axis lines=\box127
\pgf@layerboxsaved@axis lines=\box128
\pgf@layerbox@axis tick labels=\box129
\pgf@layerboxsaved@axis tick labels=\box130
\pgf@layerbox@pre main=\box131
\pgf@layerboxsaved@pre main=\box132
\pgf@layerbox@axis descriptions=\box133
\pgf@layerboxsaved@axis descriptions=\box134
\pgf@layerbox@axis foreground=\box135
\pgf@layerboxsaved@axis foreground=\box136
Package pgfplots info on input line 269: Setting layers 'axis background,axis g
rid,axis ticks,axis lines,axis tick labels,pre main,main,axis descriptions,axis
 foreground'...
 (./text/ff_target_rate.txt)


Package fancyhdr Warning: \headheight is too small (12.0pt): 
(fancyhdr)                Make it at least 12.10004pt, for example:
(fancyhdr)                \setlength{\headheight}{12.10004pt}.
(fancyhdr)                You might also make \topmargin smaller:
(fancyhdr)                \addtolength{\topmargin}{-0.10004pt}.

[2
Missing character: There is no o (U+006F) in font nullfont!
Missing character: There is no d (U+0064) in font nullfont!
Missing character: There is no e (U+0065) in font nullfont!
Missing character: There is no [ (U+005B) in font nullfont!
Missing character: There is no a (U+0061) in font nullfont!
Missing character: There is no l (U+006C) in font nullfont!
Missing character: There is no i (U+0069) in font nullfont!
Missing character: There is no g (U+0067) in font nullfont!
Missing character: There is no n (U+006E) in font nullfont!
Missing character: There is no = (U+003D) in font nullfont!
Missing character: There is no l (U+006C) in font nullfont!
Missing character: There is no e (U+0065) in font nullfont!
Missing character: There is no f (U+0066) in font nullfont!
Missing character: There is no t (U+0074) in font nullfont!
Missing character: There is no ] (U+005D) in font nullfont!
Missing character: There is no a (U+0061) in font nullfont!
Missing character: There is no t (U+0074) in font nullfont!
Missing character: There is no ( (U+0028) in font nullfont!
Missing character: There is no r (U+0072) in font nullfont!
Missing character: There is no e (U+0065) in font nullfont!
Missing character: There is no l (U+006C) in font nullfont!
Missing character: There is no a (U+0061) in font nullfont!
Missing character: There is no x (U+0078) in font nullfont!
Missing character: There is no i (U+0069) in font nullfont!
Missing character: There is no s (U+0073) in font nullfont!
Missing character: There is no c (U+0063) in font nullfont!
Missing character: There is no s (U+0073) in font nullfont!
Missing character: There is no : (U+003A) in font nullfont!
Missing character: There is no 0 (U+0030) in font nullfont!
Missing character: There is no . (U+002E) in font nullfont!
Missing character: There is no 9 (U+0039) in font nullfont!
Missing character: There is no 5 (U+0035) in font nullfont!
Missing character: There is no , (U+002C) in font nullfont!
Missing character: There is no 1 (U+0031) in font nullfont!
Missing character: There is no . (U+002E) in font nullfont!
Missing character: There is no 0 (U+0030) in font nullfont!
Missing character: There is no 2 (U+0032) in font nullfont!
Missing character: There is no ) (U+0029) in font nullfont!
Missing character: There is no o (U+006F) in font nullfont!
Missing character: There is no o (U+006F) in font nullfont!
Missing character: There is no t (U+0074) in font nullfont!
Missing character: There is no n (U+006E) in font nullfont!
Missing character: There is no o (U+006F) in font nullfont!
Missing character: There is no t (U+0074) in font nullfont!
Missing character: There is no e (U+0065) in font nullfont!
Missing character: There is no s (U+0073) in font nullfont!
Missing character: There is no i (U+0069) in font nullfont!
Missing character: There is no z (U+007A) in font nullfont!
Missing character: There is no e (U+0065) in font nullfont!
Missing character: There is no e (U+0065) in font nullfont!
Missing character: There is no x (U+0078) in font nullfont!
Missing character: There is no t (U+0074) in font nullfont!
Missing character: There is no i (U+0069) in font nullfont!
Missing character: There is no t (U+0074) in font nullfont!
Missing character: There is no E (U+0045) in font nullfont!
Missing character: There is no s (U+0073) in font nullfont!
Missing character: There is no t (U+0074) in font nullfont!
Missing character: There is no . (U+002E) in font nullfont!
Missing character: There is no ; (U+003B) in font nullfont!
Missing character: There is no ; (U+003B) in font nullfont!
Missing character: There is no ; (U+003B) in font nullfont!
]
LaTeX Font Info:    Font shape `TU/Lato(0)/m/n' will be
(Font)              scaled to size 17.28pt on input line 272.


LaTeX Font Warning: Font shape `TU/RobotoSlab(0)/m/it' undefined
(Font)              using `TU/RobotoSlab(0)/m/n' instead on input line 281.




Package fancyhdr Warning: \headheight is too small (12.0pt): 
(fancyhdr)                Make it at least 12.10004pt, for example:
(fancyhdr)                \setlength{\headheight}{12.10004pt}.
(fancyhdr)                You might also make \topmargin smaller:
(fancyhdr)                \addtolength{\topmargin}{-0.10004pt}.

[3] (./text/gdp1.txt) (./text/gdp_ltdt.txt)
Package pgfplots info on input line 415: dateplot: setting 'date ZERO={2026-02-
28}' for this axis.
Package pgfplots info on input line 415: Using 'lua backend=false' for axis: x 
coord trafo unsupported.
PGFPlots: reading {data/gdppc.csv}
 (./text/gdp_pc_node.txt)
(./text/gdp_ltdt.txt)
Package pgfplots info on input line 440: dateplot: setting 'date ZERO={2026-02-
28}' for this axis.
Package pgfplots info on input line 440: Using 'lua backend=false' for axis: x 
coord trafo unsupported.
PGFPlots: reading {data/gdp_pc_comp.csv}
PGFPlots: reading {data/gdp_pc_comp.csv}
PGFPlots: reading {data/gdp_pc_comp.csv}
PGFPlots: reading {data/gdp_pc_comp.csv}

Overfull \hbox (2.08803pt too wide) in paragraph at lines 435--454
|  [] 
 []

(./text/gdp_pc_comp.txt) (./text/gdp_ltdt.txt) (./data/gdppc_levels.tex
LaTeX Font Info:    Font shape `TU/Lato(0)/b/n' will be
(Font)              scaled to size 8.0pt on input line 1.
)


Package fancyhdr Warning: \headheight is too small (12.0pt): 
(fancyhdr)                Make it at least 12.10004pt, for example:
(fancyhdr)                \setlength{\headheight}{12.10004pt}.
(fancyhdr)                You might also make \topmargin smaller:
(fancyhdr)                \addtolength{\topmargin}{-0.10004pt}.

[4] (./text/gdi_levels.txt) (./text/ndi_levels.txt) (./text/gdi_ltdt.txt)
Package pgfplots info on input line 488: dateplot: setting 'date ZERO={2026-02-
28}' for this axis.
Package pgfplots info on input line 488: Using 'lua backend=false' for axis: x 
coord trafo unsupported.
PGFPlots: reading {data/gdi_pc_comp.csv}
PGFPlots: reading {data/gdi_pc_comp.csv}
PGFPlots: reading {data/gdi_pc_comp.csv}
PGFPlots: reading {data/gdi_pc_comp.csv}

Underfull \hbox (badness 10000) in paragraph at lines 483--501

 []

(./text/gdi_levels_pc.txt) (./text/gdi_ltdt.txt) (./data/gdipc_levels.tex)

[5] (./text/gdpva_sh.txt) (./text/gdpva_ltdt.txt)
Package pgfplots info on input line 531: dateplot: setting 'date ZERO={1998-01-
01}' for this axis.
Package pgfplots info on input line 531: Using 'lua backend=false' for axis: x 
coord trafo unsupported.
PGFPlots: reading {data/gdpva_pc.csv}
PGFPlots: reading {data/gdpva_pc.csv}
PGFPlots: reading {data/gdpva_pc.csv}
PGFPlots: reading {data/gdpva_pc.csv}
 (./text/gdpva_pc.txt)
(./text/gdpva_ltdt.txt) (./data/gdpva_pc.tex)

[6] (./text/gdpjobspop.txt) (./text/gdpjobsepop.txt) (./text/gdpjobsaah.txt)
Package pgfplots info on input line 582: dateplot: setting 'date ZERO={2026-02-
28}' for this axis.
Package pgfplots info on input line 582: Using 'lua backend=false' for axis: x 
coord trafo unsupported.
PGFPlots: reading {data/gdpjobslvl_mo.csv}

(./text/gdpjobnode_POP.txt)
Package pgfplots info on input line 598: dateplot: setting 'date ZERO={2026-02-
28}' for this axis.
Package pgfplots info on input line 598: Using 'lua backend=false' for axis: x 
coord trafo unsupported.
PGFPlots: reading {data/gdpjobslvl_mo.csv}

NOTE: coordinate (2026-02-01,) has been dropped because of a coordinate filter.
 (see also unbounded coords=jump). 
NOTE: coordinate (2026-03-01,) has been dropped because of a coordinate filter.
 (see also unbounded coords=jump). 
NOTE: coordinate (2026-04-01,) has been dropped because of a coordinate filter.
 (see also unbounded coords=jump). 
NOTE: coordinate (2026-05-01,) has been dropped because of a coordinate filter.
 (see also unbounded coords=jump). 
NOTE: coordinate (2026-06-01,) has been dropped because of a coordinate filter.
 (see also unbounded coords=jump). 
NOTE: coordinate (2026-07-01,) has been dropped because of a coordinate filter.
 (see also unbounded coords=jump). 
NOTE: coordinate (2026-08-01,) has been dropped because of a coordinate filter.
 (see also unbounded coords=jump). 
NOTE: coordinate (2026-09-01,) has been dropped because of a coordinate filter.
 (see also unbounded coords=jump). 
NOTE: coordinate (2026-10-01,) has been dropped because of a coordinate filter.
 (see also unbounded coords=jump). 
NOTE: coordinate (2026-11-01,) has been dropped because of a coordinate filter.
 (see also unbounded coords=jump). 
NOTE: coordinate (2026-12-01,) has been dropped because of a coordinate filter.
 (see also unbounded coords=jump). 
(./text/gdpjobnode_EPOP_sa.txt)
Package pgfplots info on input line 616: dateplot: setting 'date ZERO={2026-02-
28}' for this axis.
Package pgfplots info on input line 616: Using 'lua backend=false' for axis: x 
coord trafo unsupported.
PGFPlots: reading {data/gdpjobslvl_mo.csv}

NOTE: coordinate (2026-02-01,) has been dropped because of a coordinate filter.
 (see also unbounded coords=jump). 
NOTE: coordinate (2026-03-01,) has been dropped because of a coordinate filter.
 (see also unbounded coords=jump). 
NOTE: coordinate (2026-04-01,) has been dropped because of a coordinate filter.
 (see also unbounded coords=jump). 
NOTE: coordinate (2026-05-01,) has been dropped because of a coordinate filter.
 (see also unbounded coords=jump). 
NOTE: coordinate (2026-06-01,) has been dropped because of a coordinate filter.
 (see also unbounded coords=jump). 
NOTE: coordinate (2026-07-01,) has been dropped because of a coordinate filter.
 (see also unbounded coords=jump). 
NOTE: coordinate (2026-08-01,) has been dropped because of a coordinate filter.
 (see also unbounded coords=jump). 
NOTE: coordinate (2026-09-01,) has been dropped because of a coordinate filter.
 (see also unbounded coords=jump). 
NOTE: coordinate (2026-10-01,) has been dropped because of a coordinate filter.
 (see also unbounded coords=jump). 
NOTE: coordinate (2026-11-01,) has been dropped because of a coordinate filter.
 (see also unbounded coords=jump). 
NOTE: coordinate (2026-12-01,) has been dropped because of a coordinate filter.
 (see also unbounded coords=jump). 
(./text/gdpjobnode_AAH_trend.txt)
Package pgfplots info on input line 632: dateplot: setting 'date ZERO={2026-02-
28}' for this axis.
Package pgfplots info on input line 632: Using 'lua backend=false' for axis: x 
coord trafo unsupported.
PGFPlots: reading {data/gdpjobslvl_mo.csv}

NOTE: coordinate (2026-02-01,) has been dropped because of a coordinate filter.
 (see also unbounded coords=jump). 
NOTE: coordinate (2026-03-01,) has been dropped because of a coordinate filter.
 (see also unbounded coords=jump). 
NOTE: coordinate (2026-04-01,) has been dropped because of a coordinate filter.
 (see also unbounded coords=jump). 
NOTE: coordinate (2026-05-01,) has been dropped because of a coordinate filter.
 (see also unbounded coords=jump). 
NOTE: coordinate (2026-06-01,) has been dropped because of a coordinate filter.
 (see also unbounded coords=jump). 
NOTE: coordinate (2026-07-01,) has been dropped because of a coordinate filter.
 (see also unbounded coords=jump). 
NOTE: coordinate (2026-08-01,) has been dropped because of a coordinate filter.
 (see also unbounded coords=jump). 
NOTE: coordinate (2026-09-01,) has been dropped because of a coordinate filter.
 (see also unbounded coords=jump). 
NOTE: coordinate (2026-10-01,) has been dropped because of a coordinate filter.
 (see also unbounded coords=jump). 
NOTE: coordinate (2026-11-01,) has been dropped because of a coordinate filter.
 (see also unbounded coords=jump). 
NOTE: coordinate (2026-12-01,) has been dropped because of a coordinate filter.
 (see also unbounded coords=jump). 
(./text/gdpjobnode_TOT_HRS.txt) (./text/gdpjobstothrs.txt)

[7] (./text/gdpjobs_lprod.txt)
Package pgfplots info on input line 672: dateplot: setting 'date ZERO={1990-01-
01}' for this axis.
Package pgfplots info on input line 672: Using 'lua backend=false' for axis: x 
coord trafo unsupported.
PGFPlots: reading {data/gdpjobslvl.csv}

NOTE: coordinate (2025-10-01,) has been dropped because of a coordinate filter.
 (see also unbounded coords=jump). 
NOTE: coordinate (2026-01-01,) has been dropped because of a coordinate filter.
 (see also unbounded coords=jump). 
NOTE: coordinate (2026-04-01,) has been dropped because of a coordinate filter.
 (see also unbounded coords=jump). 
NOTE: coordinate (2026-07-01,) has been dropped because of a coordinate filter.
 (see also unbounded coords=jump). 
NOTE: coordinate (2026-10-01,) has been dropped because of a coordinate filter.
 (see also unbounded coords=jump). 
PGFPlots: reading {data/gdpjobslvl.csv}
NOTE: coordinate (2026-01-01,) has been dropped because of a coordinate filter.
 (see also unbounded coords=jump). 
NOTE: coordinate (2026-04-01,) has been dropped because of a coordinate filter.
 (see also unbounded coords=jump). 
NOTE: coordinate (2026-07-01,) has been dropped because of a coordinate filter.
 (see also unbounded coords=jump). 
NOTE: coordinate (2026-10-01,) has been dropped because of a coordinate filter.
 (see also unbounded coords=jump). 
(./text/gdpjobs_est_node.txt) (./text/gdpjobs_est.txt) (./data/gdpjobs.tex)

[8] (./text/gdp_gr.txt)
Package pgfplots info on input line 725: dateplot: setting 'date ZERO={2026-02-
28}' for this axis.
Package pgfplots info on input line 725: Using 'lua backend=false' for axis: x 
coord trafo unsupported.
PGFPlots: reading {data/gdp.csv}
 (./text/gdpnow_node2.txt) (./text/nowcast_text.txt)
PGFPlots: reading {data/gdp_rec.csv}
Package pgfplots info on input line 753: Using 'lua backend=false' for axis: x 
coord trafo unsupported.
PGFPlots: reading {data/gdp_a.csv}
Package pgfplots info on input line 755: dateplot: setting 'date ZERO={1989-07-
01}' for this axis.
Package pgfplots info on input line 767: Using 'lua backend=false' for axis: x 
coord trafo unsupported.
Package pgfplots info on input line 768: dateplot: setting 'date ZERO={2025-01-
01}' for this axis.

(./text/gdpnow_node.txt) (./text/gdp_gr2.txt) (./text/gdpnow.txt)

[9] (./text/recessions.txt) (./data/recession.tex)
Package pgfplots info on input line 831: dateplot: setting 'date ZERO={1988-01-
01}' for this axis.
Package pgfplots info on input line 831: Using 'lua backend=false' for axis: x 
coord trafo unsupported.
PGFPlots: reading {data/sahm_bar.csv}
PGFPlots: reading {data/sahm.csv}
PGFPlots: reading {data/sahm_marks.csv}
 (./text/sahm_bar_node.txt)
(./text/sahm_node.txt)

[10] (./text/ngdp_gr.txt)
Package pgfplots info on input line 883: dateplot: setting 'date ZERO={1988-01-
01}' for this axis.
Package pgfplots info on input line 883: Using 'lua backend=false' for axis: x 
coord trafo unsupported.
PGFPlots: reading {data/ngdp_gr.csv}
PGFPlots: reading {data/ngdp_gr.csv}
 (./text/gdp_exp_ch19_dt.txt) (./text/gdp_exp_ch19.txt)
LaTeX Font Info:    Font shape `TU/Lato(0)/b/n' will be
(Font)              scaled to size 7.0pt on input line 926.
 (./text/gdp_inc_ch19_dt.txt) (./text/gdp_inc_ch19.txt)
Underfull \hbox (badness 1199) in paragraph at lines 946--946
 [][]\TU/Lato(0)/m/n/8 La-bor
 []


Underfull \hbox (badness 1248) in paragraph at lines 946--946
 [][]\TU/Lato(0)/m/n/8 Profit
 []

(./text/gdp_hhinp_ch19_dt.txt) (./text/gdp_hhinp_ch19.txt)
Underfull \hbox (badness 1199) in paragraph at lines 966--966
 [][]\TU/Lato(0)/m/n/8 La-bor
 []



[11
Missing character: There is no ; (U+003B) in font nullfont!
] (./text/gdp_contrib89_exp.txt) (./text/gdp_contrib_ltyr_exp.txt)
Package pgfplots info on input line 998: dateplot: setting 'date ZERO={1989-12-
31}' for this axis.
Package pgfplots info on input line 998: Using 'lua backend=false' for axis: x 
coord trafo unsupported.
PGFPlots: reading {data/gdp_comp_ann.csv}
PGFPlots: reading {data/gdp_comp_ann.csv}
PGFPlots: reading {data/gdp_comp_ann.csv}
PGFPlots: reading {data/gdp_comp_ann.csv}

(./text/gdp_exp_chavg.txt) (./text/gdp_exp_chavg_dt.txt)
PGFPlots: reading {data/gdp_comp_recent.csv}
Package pgfplots info on input line 1034: Using 'lua backend=false' for axis: x
 coord trafo unsupported.
Package pgfplots info on input line 1035: dateplot: setting 'date ZERO={2023-10
-01}' for this axis.

(./text/gdp_comp_recent_now_annote.txt) (./text/gdp_comp_recent_nodes.txt)
(./text/gdp_exp_basic.txt) (./text/gdp_comp_exp_now.txt)

[12
Missing character: There is no ; (U+003B) in font nullfont!
] (./text/gdp_contrib89_inc.txt) (./text/gdi_ltyr_comp.txt)
Package pgfplots info on input line 1079: dateplot: setting 'date ZERO={1989-12
-31}' for this axis.
Package pgfplots info on input line 1079: Using 'lua backend=false' for axis: x
 coord trafo unsupported.
PGFPlots: reading {data/gdi_comp_ann.csv}
PGFPlots: reading {data/gdi_comp_ann.csv}
PGFPlots: reading {data/gdi_comp_ann.csv}
PGFPlots: reading {data/gdi_comp_ann.csv}

(./text/gdp_inc_chavg.txt) (./text/gdp_inc_chavg_dt.txt)
PGFPlots: reading {data/gdi_latest.csv}
Package pgfplots info on input line 1115: Using 'lua backend=false' for axis: x
 coord trafo unsupported.
Package pgfplots info on input line 1116: dateplot: setting 'date ZERO={2023-07
-01}' for this axis.

(./text/gdi_latest_nodes.txt)
PGFPlots: reading {data/gdi_latest.csv}
Package pgfplots info on input line 1136: Using 'lua backend=false' for axis: x
 coord trafo unsupported.
Package pgfplots info on input line 1138: dateplot: setting 'date ZERO={2023-07
-01}' for this axis.
 (./text/gdi_latest_axis_dots.txt)
(./text/gdi_growth_comp.txt)

[13
Missing character: There is no ; (U+003B) in font nullfont!
Missing character: There is no ; (U+003B) in font nullfont!
] (./text/gdpva_growth.txt)
Package pgfplots info on input line 1174: dateplot: setting 'date ZERO={1988-01
-01}' for this axis.
Package pgfplots info on input line 1174: Using 'lua backend=false' for axis: x
 coord trafo unsupported.
PGFPlots: reading {data/gdpva_ind_ann.csv}
PGFPlots: reading {data/gdpva_ind_ann.csv}
PGFPlots: reading {data/gdpva_ind_ann.csv}
PGFPlots: reading {data/gdpva_ind_ann.csv}
PGFPlots: reading {data/gdpva_lt.csv}
Package pgfplots info on input line 1198: dateplot: setting 'date ZERO={1988-01
-01}' for this axis.
Package pgfplots info on input line 1198: Using 'lua backend=false' for axis: x
 coord trafo unsupported.
 (./text/gdpva_latest_nodes.txt)
(./text/gdp_va_ch19.txt)
Underfull \hbox (badness 1194) in paragraph at lines 1226--1226
 [][]\TU/Lato(0)/m/n/8 FIRE+
 []


Underfull \hbox (badness 1117) in paragraph at lines 1226--1226
 [][]\TU/Lato(0)/m/n/8 Other
 []

(./text/gdpva_growth2.txt)

[14
Missing character: There is no ; (U+003B) in font nullfont!
] (./text/gdp_contrib89_hh.txt) (./text/gdpjobsch_ann.txt)
Package pgfplots info on input line 1263: Using 'lua backend=false' for axis: x
 coord trafo unsupported.
PGFPlots: reading {data/gdpjobsa.csv}
Package pgfplots info on input line 1265: dateplot: setting 'date ZERO={1990-01
-01}' for this axis.
PGFPlots: reading {data/gdpjobsa.csv}
PGFPlots: reading {data/gdpjobsa.csv}
PGFPlots: reading {data/gdpjobsa.csv}

(./text/gdp_hhinp_chavg.txt) (./text/gdp_hhinp_chavg_dt.txt)
PGFPlots: reading {data/gdp_hh_comp_recent.csv}
Package pgfplots info on input line 1300: Using 'lua backend=false' for axis: x
 coord trafo unsupported.
Package pgfplots info on input line 1301: dateplot: setting 'date ZERO={2023-10
-01}' for this axis.

(./text/gdp_comp_recent_now_annote.txt) (./text/gdp_hh_comp_recent_nodes.txt)
(./text/gdp_contrib_lt_hh.txt) (./text/gdpjobs_ch_est.txt)

[15
Missing character: There is no ; (U+003B) in font nullfont!
] (./data/gdptable.tex)

[16] (./data/gdp_map.pgf

Package fontspec Info: 
(fontspec)             Font family 'Lato(1)' created for font 'Lato' with
(fontspec)             options [Ligatures=TeX].
(fontspec)              
(fontspec)              This font family consists of the following NFSS
(fontspec)             series/shapes:
(fontspec)              
(fontspec)             - 'normal' (m/n) with NFSS spec.:
(fontspec)             <->"name:Lato:mode=node;script=latn;language=dflt;+tlig;
"
(fontspec)             - 'bold' (b/n) with NFSS spec.:
(fontspec)             <->"name:Lato/B:mode=node;script=latn;language=dflt;+tli
g;"
(fontspec)             - 'italic' (m/it) with NFSS spec.:
(fontspec)             <->"name:Lato/I:mode=node;script=latn;language=dflt;+tli
g;"
(fontspec)             - 'bold italic' (b/it) with NFSS spec.:
(fontspec)             <->"name:Lato/BI:mode=node;script=latn;language=dflt;+tl
ig;"

)
Overfull \hbox (10.07047pt too wide) in paragraph at lines 1334--1338
   [] 
 []

(./text/gdp_state.txt) (./text/gdp_state_date.txt) (./data/gdp_state_table.tex
Underfull \hbox (badness 10000) in paragraph at lines 1350--24

 []



[17])

[18] (./text/fa_summary1.txt) (./text/fa_summary_date.txt)
PGFPlots: reading {data/fa_summary.csv}
Package pgfplots info on input line 1397: Using 'lua backend=false' for plot 0 
(type 'pgfplothandlerlineto'): LUA does not support xtick=data (yet).
Package pgfplots info on input line 1399: Using 'lua backend=false' for plot 1 
(type 'pgfplothandlerybar'): LUA does not support xtick=data (yet).
Package pgfplots info on input line 1401: Using 'lua backend=false' for plot 2 
(type 'pgfplothandlerybar'): LUA does not support xtick=data (yet).
Package pgfplots info on input line 1403: Using 'lua backend=false' for plot 3 
(type 'pgfplothandlerybar'): LUA does not support xtick=data (yet).
Package pgfplots info on input line 1405: Using 'lua backend=false' for plot 4 
(type 'pgfplothandlerybar'): LUA does not support xtick=data (yet).

(./text/fa_summary2.txt)
Underfull \hbox (badness 1584) in paragraph at lines 1--1429
[]\TU/Lato(0)/m/n/9 In 2025 Q3, house-hold as-sets to-tal
 []

(./text/fa_summary_date.txt)
PGFPlots: reading {data/fa_summaryhh.csv}
Package pgfplots info on input line 1447: Using 'lua backend=false' for plot 0 
(type 'pgfplothandlerybar'): LUA does not support stacked plots (yet).
Package pgfplots info on input line 1447: Using 'lua backend=false' for plot 0 
(type 'pgfplothandlerybar'): LUA does not support xtick=data (yet).
PGFPlots: reading {data/fa_summaryhh.csv}
Package pgfplots info on input line 1450: Using 'lua backend=false' for plot 1 
(type 'pgfplothandlerybar'): LUA does not support stacked plots (yet).
Package pgfplots info on input line 1450: Using 'lua backend=false' for plot 1 
(type 'pgfplothandlerybar'): LUA does not support xtick=data (yet).
PGFPlots: reading {data/fa_summaryhh.csv}
Package pgfplots info on input line 1452: Using 'lua backend=false' for plot 2 
(type 'pgfplothandlerybar'): LUA does not support xtick=data (yet).
PGFPlots: reading {data/fa_summaryhh.csv}
 (./text/fa_summary_node.txt)
LaTeX Font Info:    Font shape `TU/Lato(0)/m/n' will be
(Font)              scaled to size 12.0pt on input line 1454.



Package fancyhdr Warning: \headheight is too small (12.0pt): 
(fancyhdr)                Make it at least 12.10004pt, for example:
(fancyhdr)                \setlength{\headheight}{12.10004pt}.
(fancyhdr)                You might also make \topmargin smaller:
(fancyhdr)                \addtolength{\topmargin}{-0.10004pt}.

[19
Missing character: There is no ; (U+003B) in font nullfont!
] (./text/uswealth.txt) (./data/uswealth.tex) (./text/wealthgdp.txt)
Package pgfplots info on input line 1502: dateplot: setting 'date ZERO={1988-01
-01}' for this axis.
Package pgfplots info on input line 1502: Using 'lua backend=false' for axis: x
 coord trafo unsupported.
PGFPlots: reading {data/wealthgdp.csv}
PGFPlots: reading {data/wealthgdp.csv}
PGFPlots: reading {data/wealthgdp.csv}

(./text/uswealth_nodes.txt)

[20] (./text/liab_overview.txt) (./text/liab_date.txt)
Package pgfplots info on input line 1537: dateplot: setting 'date ZERO={1990-01
-01}' for this axis.
Package pgfplots info on input line 1537: Using 'lua backend=false' for axis: x
 coord trafo unsupported.
PGFPlots: reading {data/liabsh.csv}
PGFPlots: reading {data/liabsh.csv}
PGFPlots: reading {data/liabsh.csv}
 (./text/liabsh_node1.txt)
Overfull \hbox (0.53342pt too wide) in paragraph at lines 1549--1549
 [][][]\TU/Lato(0)/m/n/7 100[]
 []


Overfull \hbox (0.73642pt too wide) in paragraph at lines 1549--1549
 [][][]\TU/Lato(0)/m/n/7 200[]
 []


Overfull \hbox (0.73642pt too wide) in paragraph at lines 1549--1549
 [][][]\TU/Lato(0)/m/n/7 300[]
 []


Overfull \hbox (0.53342pt too wide) in paragraph at lines 1549--1549
 [][][]\TU/Lato(0)/m/n/7 400[]
 []

Package pgfplots info on input line 1549: dateplot: setting 'date ZERO={1990-01
-01}' for this axis.
Package pgfplots info on input line 1549: Using 'lua backend=false' for axis: x
 coord trafo unsupported.
PGFPlots: reading {data/liabpc.csv}
PGFPlots: reading {data/liabpc.csv}
PGFPlots: reading {data/liabpc.csv}
(./text/liabpc_node.txt)
Overfull \hbox (0.53342pt too wide) in paragraph at lines 1558--1558
 [][][]\TU/Lato(0)/m/n/7 100[]
 []


Overfull \hbox (0.53342pt too wide) in paragraph at lines 1558--1558
 [][][]\TU/Lato(0)/m/n/7 150[]
 []


Overfull \hbox (0.73642pt too wide) in paragraph at lines 1558--1558
 [][][]\TU/Lato(0)/m/n/7 200[]
 []


Overfull \hbox (0.73642pt too wide) in paragraph at lines 1558--1558
 [][][]\TU/Lato(0)/m/n/7 250[]
 []


Overfull \hbox (0.73642pt too wide) in paragraph at lines 1558--1558
 [][][]\TU/Lato(0)/m/n/7 300[]
 []

(./data/liabsh1.tex)

[21] (./text/liabsh.txt)
Underfull \hbox (badness 10000) in paragraph at lines 1582--1588
[]$[]$$[]$
 []

Package pgfplots info on input line 1597: dateplot: setting 'date ZERO={1990-01
-01}' for this axis.
Package pgfplots info on input line 1597: Using 'lua backend=false' for axis: x
 coord trafo unsupported.
PGFPlots: reading {data/liabsh.csv}
PGFPlots: reading {data/liabsh.csv}
PGFPlots: reading {data/liabsh.csv}
PGFPlots: reading {data/liabsh.csv}
(./text/liabsh_node.txt)
Package pgfplots info on input line 1614: dateplot: setting 'date ZERO={1990-01
-01}' for this axis.
Package pgfplots info on input line 1614: Using 'lua backend=false' for axis: x
 coord trafo unsupported.
PGFPlots: reading {data/liabsh.csv}
PGFPlots: reading {data/liabsh.csv}
PGFPlots: reading {data/liabsh.csv}
PGFPlots: reading {data/liabsh.csv}
 (./text/liabsh_node2.txt) (./data/liabsh2.tex)

[22] (./text/liabgr.txt)
Package pgfplots info on input line 1666: dateplot: setting 'date ZERO={1988-01
-01}' for this axis.
Package pgfplots info on input line 1666: Using 'lua backend=false' for axis: x
 coord trafo unsupported.
PGFPlots: reading {data/liabgr.csv}
PGFPlots: reading {data/liabgr.csv}
PGFPlots: reading {data/liabgr.csv}
PGFPlots: reading {data/liabgr.csv}
 (./data/liabgr.tex)

[23
Missing character: There is no ; (U+003B) in font nullfont!
]
Package pgfplots info on input line 1711: dateplot: setting 'date ZERO={1988-01
-01}' for this axis.
Package pgfplots info on input line 1711: Using 'lua backend=false' for axis: x
 coord trafo unsupported.
PGFPlots: reading {data/sectbal.csv}
PGFPlots: reading {data/sectbal.csv}
PGFPlots: reading {data/sectbal.csv}
 (./text/sectbal.txt) (./text/sectbal2.txt)
Package pgfplots info on input line 1743: dateplot: setting 'date ZERO={1988-01
-01}' for this axis.
Package pgfplots info on input line 1743: Using 'lua backend=false' for axis: x
 coord trafo unsupported.
PGFPlots: reading {data/sectbal2.csv}
PGFPlots: reading {data/sectbal2.csv}


[24
Missing character: There is no ; (U+003B) in font nullfont!
Missing character: There is no ; (U+003B) in font nullfont!
] (./text/gross_inv_total.txt) (./text/gross_inv_sector.txt)
Package pgfplots info on input line 1776: dateplot: setting 'date ZERO={1988-01
-01}' for this axis.
Package pgfplots info on input line 1776: Using 'lua backend=false' for axis: x
 coord trafo unsupported.
PGFPlots: reading {data/grossinv_sh.csv}
PGFPlots: reading {data/grossinv_sh.csv}
PGFPlots: reading {data/grossinv_sh.csv}
PGFPlots: reading {data/grossinv_sh.csv}

(./text/gross_inv_total_node.txt) (./text/gross_inv_nodes.txt)
(./text/construction_spending_total.txt)
Package pgfplots info on input line 1812: dateplot: setting 'date ZERO={1988-01
-01}' for this axis.
Package pgfplots info on input line 1812: Using 'lua backend=false' for axis: x
 coord trafo unsupported.
PGFPlots: reading {data/construction_spending_sh.csv}
PGFPlots: reading {data/construction_spending_sh.csv}
PGFPlots: reading {data/construction_spending_sh.csv}

(./text/construction_spending_nodes.txt)
(./text/construction_spending_sector.txt
Underfull \hbox (badness 1348) in paragraph at lines 1--2
\TU/Lato(0)/m/n/9 res-i-den-tial con-struc-tion is 2.9
 []

)
Underfull \hbox (badness 1412) in paragraph at lines 3--1830
[]\TU/Lato(0)/m/n/9 Over the past year, con-struc-
 []



[25] (./text/inv_contrib_text.txt)
Package pgfplots info on input line 1857: dateplot: setting 'date ZERO={1988-01
-01}' for this axis.
Package pgfplots info on input line 1857: Using 'lua backend=false' for axis: x
 coord trafo unsupported.
PGFPlots: reading {data/inv.csv}
PGFPlots: reading {data/inv.csv}
PGFPlots: reading {data/inv.csv}
Package pgfplots info on input line 1869: dateplot: setting 'date ZERO={1988-01
-01}' for this axis.
Package pgfplots info on input line 1869: Using 'lua backend=false' for axis: x
 coord trafo unsupported.
PGFPlots: reading {data/inv.csv}
 (./text/cipi_contrib_text.txt)

[26
Missing character: There is no ; (U+003B) in font nullfont!
] (./text/z1_nfi_main.txt)
Package pgfplots info on input line 1908: dateplot: setting 'date ZERO={1990-01
-01}' for this axis.
Package pgfplots info on input line 1908: Using 'lua backend=false' for axis: x
 coord trafo unsupported.
PGFPlots: reading {data/z1_nfi.csv}
PGFPlots: reading {data/z1_nfi.csv}
 (./text/z1_nfi_nodes.txt)
Overfull \hbox (3.81105pt too wide) in paragraph at lines 1896--1922
[]$[]$   $[]$ 
 []

(./text/z1_nfi_sect.txt)
Package pgfplots info on input line 1937: dateplot: setting 'date ZERO={1988-01
-01}' for this axis.
Package pgfplots info on input line 1937: Using 'lua backend=false' for axis: x
 coord trafo unsupported.
PGFPlots: reading {data/z1_nfi.csv}
PGFPlots: reading {data/z1_nfi.csv}
PGFPlots: reading {data/z1_nfi.csv}
PGFPlots: reading {data/z1_nfi.csv}
 (./data/z1_nfi.tex)

[27
Missing character: There is no ; (U+003B) in font nullfont!
] (./text/pop_est.txt)
Package pgfplots info on input line 1990: dateplot: setting 'date ZERO={1988-01
-01}' for this axis.
Package pgfplots info on input line 1990: Using 'lua backend=false' for axis: x
 coord trafo unsupported.
 (./text/pop_est_projbar.txt)
PGFPlots: reading {data/pop_est_proj23.csv}
PGFPlots: reading {data/pop_u65_proj23.csv}
PGFPlots: reading {data/pop_u65.csv}
PGFPlots: reading {data/pop_est.csv}
 (./data/pop_table.tex)


Package fancyhdr Warning: \headheight is too small (12.0pt): 
(fancyhdr)                Make it at least 12.10004pt, for example:
(fancyhdr)                \setlength{\headheight}{12.10004pt}.
(fancyhdr)                You might also make \topmargin smaller:
(fancyhdr)                \addtolength{\topmargin}{-0.10004pt}.

[28
Missing character: There is no ; (U+003B) in font nullfont!
] (./text/pop_comp.txt)
Package pgfplots info on input line 2051: dateplot: setting 'date ZERO={1990-01
-01}' for this axis.
Package pgfplots info on input line 2051: Using 'lua backend=false' for axis: x
 coord trafo unsupported.
PGFPlots: reading {data/popcomp.csv}
PGFPlots: reading {data/popcomp.csv}
PGFPlots: reading {data/popcomp.csv}
Package pgfplots info on input line 2066: fill between: activating layered grap
hics
Package pgfplots info on input line 2066: Setting layers 'axis background,axis 
grid,axis ticks,axis lines,axis tick labels,pre main,main,axis descriptions,axi
s foreground'...

Overfull \hbox (2.23383pt too wide) in paragraph at lines 2044--2067
[]|  [] 
 []

Package pgfplots info on input line 2075: dateplot: setting 'date ZERO={1990-01
-01}' for this axis.
Package pgfplots info on input line 2075: Using 'lua backend=false' for axis: x
 coord trafo unsupported.
PGFPlots: reading {data/popcomp.csv}
PGFPlots: reading {data/popcomp.csv}

Overfull \hbox (5.6962pt too wide) in paragraph at lines 2084--2084
[][] 
 []

(./text/pop_universe.txt) (./text/pop_hh.txt) (./text/hh_tot.txt)

[29] (./text/hhform_lvl.txt)
Package pgfplots info on input line 2117: dateplot: setting 'date ZERO={1990-01
-01}' for this axis.
Package pgfplots info on input line 2117: Using 'lua backend=false' for axis: x
 coord trafo unsupported.
PGFPlots: reading {data/hhform_lvl.csv}
PGFPlots: reading {data/hhform_lvl.csv}
PGFPlots: reading {data/hhform_lvl.csv}
 (./text/hhform_lvl_nodes.txt)
Package pgfplots info on input line 2132: dateplot: setting 'date ZERO={1990-01
-01}' for this axis.
Package pgfplots info on input line 2132: Using 'lua backend=false' for axis: x
 coord trafo unsupported.
PGFPlots: reading {data/hhform_idx.csv}
PGFPlots: reading {data/hhform_idx.csv}
PGFPlots: reading {data/hhform_idx.csv}

(./text/hhform_idx_nodes.txt) (./text/hhform.txt)
Package pgfplots info on input line 2164: dateplot: setting 'date ZERO={1988-01
-01}' for this axis.
Package pgfplots info on input line 2164: Using 'lua backend=false' for axis: x
 coord trafo unsupported.
PGFPlots: reading {data/hhform.csv}
PGFPlots: reading {data/hhform.csv}
PGFPlots: reading {data/hhform.csv}


[30
Missing character: There is no ; (U+003B) in font nullfont!
] (./text/headship.txt)
Underfull \hbox (badness 1097) in paragraph at lines 2190--2191
[]\TU/Lato(0)/m/n/9 The head-ship rate fell fol-
 []

Package pgfplots info on input line 2204: dateplot: setting 'date ZERO={1996-01
-01}' for this axis.
Package pgfplots info on input line 2204: Using 'lua backend=false' for axis: x
 coord trafo unsupported.
PGFPlots: reading {data/headship.csv}
(./text/headship_node.txt) (./text/lwf_recent.txt)
Package pgfplots info on input line 2233: dateplot: setting 'date ZERO={1990-01
-01}' for this axis.
Package pgfplots info on input line 2233: Using 'lua backend=false' for axis: x
 coord trafo unsupported.
PGFPlots: reading {data/lwf.csv}
 (./text/lwf_node.txt)
Package pgfplots info on input line 2240: dateplot: setting 'date ZERO={1990-01
-01}' for this axis.
Package pgfplots info on input line 2240: Using 'lua backend=false' for axis: x
 coord trafo unsupported.
PGFPlots: reading {data/lwf.csv}

(./text/lwf_1829_node.txt) (./text/med_age.txt)
Package pgfplots info on input line 2269: dateplot: setting 'date ZERO={1986-10
-01}' for this axis.
Package pgfplots info on input line 2269: Using 'lua backend=false' for axis: x
 coord trafo unsupported.
PGFPlots: reading {data/median_age.csv}
PGFPlots: reading {data/median_age.csv}
PGFPlots: reading {data/median_age.csv}
 (./text/med_age_node.txt)

[31]
PGFPlots: reading {data/cps_age.csv}
Package pgfplots info on input line 2306: Using 'lua backend=false' for plot 0 
(type 'pgfplothandlerxbar'): LUA does not support xtick=data (yet).
Package pgfplots info on input line 2308: Using 'lua backend=false' for plot 1 
(type 'pgfplothandlerxbar'): LUA does not support xtick=data (yet).
 (./text/cps_age_dt.txt) (./text/cps_age.txt)

[32] (./text/acs_u18.txt) (./text/acs_o64.txt) (./text/acs_ftfy_year.txt)
Overfull \hbox (6.27824pt too wide) in paragraph at lines 2330--2334
[]  []   [] 
 []

(./data/under18pop.pgf) (./data/over64pop.pgf) (./text/life_exp.txt)
Package pgfplots info on input line 2356: dateplot: setting 'date ZERO={2026-02
-28}' for this axis.
Package pgfplots info on input line 2356: Using 'lua backend=false' for axis: x
 coord trafo unsupported.
PGFPlots: reading {data/life_exp.csv}
PGFPlots: reading {data/life_exp.csv}
PGFPlots: reading {data/life_exp.csv}

(./text/life_exp_node.txt) (./text/life_exp2.txt)

[33] (./text/cps_educ.txt) (./text/cps_ltdate.txt)
PGFPlots: reading {data/cps_educ_tot.csv}
Package pgfplots info on input line 2398: Using 'lua backend=false' for plot 0 
(type 'pgfplothandlerxbar'): LUA does not support xtick=data (yet).

Underfull \hbox (badness 1655) in paragraph at lines 2399--2399
 [][][]\TU/Lato(0)/m/n/8 No High
 []


Underfull \hbox (badness 1694) in paragraph at lines 2399--2399
 \TU/Lato(0)/m/n/8 Diploma[]
 []

(./text/cps_educ2.txt)
PGFPlots: reading {data/cps_educ.csv}
Package pgfplots info on input line 2428: Using 'lua backend=false' for plot 0 
(type 'pgfplothandlerxbar'): LUA does not support xtick=data (yet).
Package pgfplots info on input line 2430: Using 'lua backend=false' for plot 1 
(type 'pgfplothandlerxbar'): LUA does not support xtick=data (yet).

Underfull \hbox (badness 3884) in paragraph at lines 2439--2439
 [][][]\TU/Lato(0)/m/n/7 No High
 []


Underfull \hbox (badness 2221) in paragraph at lines 2439--2439
 \TU/Lato(0)/m/n/7 No De-gree[]
 []


Underfull \hbox (badness 2556) in paragraph at lines 2439--2439
 []\TU/Lato(0)/m/n/7 Vo-ca-tional[]
 []


Underfull \hbox (badness 3049) in paragraph at lines 2439--2439
 []\TU/Lato(0)/m/n/7 Aca-demic[]
 []

Package pgfplots info on input line 2441: Using 'lua backend=false' for plot 0 
(type 'pgfplothandlerxbar'): LUA does not support xtick=data (yet).
Package pgfplots info on input line 2443: Using 'lua backend=false' for plot 1 
(type 'pgfplothandlerxbar'): LUA does not support xtick=data (yet).

Underfull \hbox (badness 3884) in paragraph at lines 2448--2448
 [][][]\TU/Lato(0)/m/n/7 No High
 []


Underfull \hbox (badness 2221) in paragraph at lines 2448--2448
 \TU/Lato(0)/m/n/7 No De-gree[]
 []


Underfull \hbox (badness 2556) in paragraph at lines 2448--2448
 []\TU/Lato(0)/m/n/7 Vo-ca-tional[]
 []


Underfull \hbox (badness 3049) in paragraph at lines 2448--2448
 []\TU/Lato(0)/m/n/7 Aca-demic[]
 []

(./text/cps_ltdate.txt)

[34
Missing character: There is no ; (U+003B) in font nullfont!
] (./text/pi_date.txt) (./text/inc_out_save.txt) (./text/ce_med_inc.txt)
(./text/pi_date.txt)
Package pgfplots info on input line 2483: dateplot: setting 'date ZERO={1990-01
-01}' for this axis.
Package pgfplots info on input line 2483: Using 'lua backend=false' for axis: x
 coord trafo unsupported.
PGFPlots: reading {data/inc_out_save.csv}
PGFPlots: reading {data/inc_out_save.csv}
PGFPlots: reading {data/inc_out_save.csv}
 (./text/pi_date.txt)
Package pgfplots info on input line 2507: dateplot: setting 'date ZERO={1990-01
-01}' for this axis.
Package pgfplots info on input line 2507: Using 'lua backend=false' for axis: x
 coord trafo unsupported.
PGFPlots: reading {data/medincexp.csv}
PGFPlots: reading {data/medincexp.csv}
PGFPlots: reading {data/medincexp.csv}
 (./text/pi_date.txt)
(./data/inc_out_save_levels.tex)

[35] (./text/ce_inc_pct.txt) (./text/ce_year.txt)
PGFPlots: reading {data/ce_inc.csv}
Package pgfplots info on input line 2562: Using 'lua backend=false' for axis: x
 coord trafo unsupported.
 (./text/ce_age.txt)
(./text/ce_year.txt)
PGFPlots: reading {data/ce_age.csv}
Package pgfplots info on input line 2603: Using 'lua backend=false' for axis: x
 coord trafo unsupported.


[36
Missing character: There is no ; (U+003B) in font nullfont!
Missing character: There is no ; (U+003B) in font nullfont!
] (./text/pi_date.txt)
Package pgfplots info on input line 2633: dateplot: setting 'date ZERO={2026-02
-28}' for this axis.
Package pgfplots info on input line 2633: Using 'lua backend=false' for axis: x
 coord trafo unsupported.
PGFPlots: reading {data/pi_levels.csv}
PGFPlots: reading {data/pi_levels.csv}
PGFPlots: reading {data/pi_levels.csv}
 (./text/pi_level_nodes.txt) (./text/pi_levels_basic.txt) (./text/pi_date.txt) 
(./data/pi_levels.tex)

[37]
Package pgfplots info on input line 2672: dateplot: setting 'date ZERO={2026-02
-28}' for this axis.
Package pgfplots info on input line 2672: Using 'lua backend=false' for axis: x
 coord trafo unsupported.
PGFPlots: reading {data/pi.csv}
PGFPlots: reading {data/pi.csv}
PGFPlots: reading {data/pi.csv}
 (./text/pi.txt) (./data/pi.tex)

[38
Missing character: There is no ; (U+003B) in font nullfont!
] (./text/rdpigrowth.txt)
PGFPlots: reading {data/rdpi_hist.csv}
Package pgfplots info on input line 2725: Using 'lua backend=false' for plot 0 
(type 'pgfplothandlerybar'): LUA does not support xtick=data (yet).
Package pgfplots info on input line 2727: Using 'lua backend=false' for plot 1 
(type 'pgfplothandlerybar'): LUA does not support xtick=data (yet).
Package pgfplots info on input line 2728: Using 'lua backend=false' for plot 2 
(type 'pgfplothandlerybar'): LUA does not support xtick=data (yet).
PGFPlots: reading {data/rdpigrowth_recent.csv}
Package pgfplots info on input line 2743: dateplot: setting 'date ZERO={2026-02
-28}' for this axis.
Package pgfplots info on input line 2743: Using 'lua backend=false' for axis: x
 coord trafo unsupported.
 (./text/rdpigrowth_recent_nodes.txt)
(./text/pearn.txt) (./text/asec_year.txt) (./text/pearn_worker_med.txt)
Package pgfplots info on input line 2780: Using 'lua backend=false' for plot 0 
(type 'pgfplothandlerlineto'): LUA does not support stacked plots (yet).
PGFPlots: reading {data/pearn_dist.csv}
Package pgfplots info on input line 2781: Using 'lua backend=false' for plot 1 
(type 'pgfplothandlerlineto'): LUA does not support stacked plots (yet).
PGFPlots: reading {data/pearn_dist.csv}


[39
Missing character: There is no ; (U+003B) in font nullfont!
Missing character: There is no ; (U+003B) in font nullfont!
Missing character: There is no ; (U+003B) in font nullfont!
] (./text/pinc_year1.txt) (./text/pinc_year1.txt) (./text/pinc_year2.txt)
(./data/pinc08.tex)
Underfull \hbox (badness 10000) in paragraph at lines 2800--2808
[][]
 []

(./text/pi_ch_ann.txt) (./text/pinc_year2.txt) (./text/pinc_year1.txt)
PGFPlots: reading {data/pinc.csv}
Package pgfplots info on input line 2837: Using 'lua backend=false' for plot 0 
(type 'pgfplothandlerxbar'): LUA does not support xtick=data (yet).
Package pgfplots info on input line 2839: Using 'lua backend=false' for plot 1 
(type 'pgfplothandlerxbar'): LUA does not support xtick=data (yet).

Underfull \hbox (badness 3118) in paragraph at lines 2841--2841
 [][][]\TU/Lato(0)/m/n/9 Earn-ings[]
 []



[40] (./text/hh_inc_nipa.txt) (./text/rmhi_ltdt.txt)
Package pgfplots info on input line 2868: dateplot: setting 'date ZERO={1990-01
-01}' for this axis.
Package pgfplots info on input line 2868: Using 'lua backend=false' for axis: x
 coord trafo unsupported.
PGFPlots: reading {data/real_hh_inc.csv}

NOTE: coordinate (1989-07-01,) has been dropped because of a coordinate filter.
 (see also unbounded coords=jump). 
NOTE: coordinate (1990-07-01,) has been dropped because of a coordinate filter.
 (see also unbounded coords=jump). 
NOTE: coordinate (1991-07-01,) has been dropped because of a coordinate filter.
 (see also unbounded coords=jump). 
NOTE: coordinate (1992-07-01,) has been dropped because of a coordinate filter.
 (see also unbounded coords=jump). 
NOTE: coordinate (1993-07-01,) has been dropped because of a coordinate filter.
 (see also unbounded coords=jump). 
NOTE: coordinate (1994-07-01,) has been dropped because of a coordinate filter.
 (see also unbounded coords=jump). 
NOTE: coordinate (1995-07-01,) has been dropped because of a coordinate filter.
 (see also unbounded coords=jump). 
NOTE: coordinate (1996-07-01,) has been dropped because of a coordinate filter.
 (see also unbounded coords=jump). 
NOTE: coordinate (1997-07-01,) has been dropped because of a coordinate filter.
 (see also unbounded coords=jump). 
NOTE: coordinate (1998-07-01,) has been dropped because of a coordinate filter.
 (see also unbounded coords=jump). 
NOTE: coordinate (1999-07-01,) has been dropped because of a coordinate filter.
 (see also unbounded coords=jump). 
NOTE: coordinate (2000-07-01,) has been dropped because of a coordinate filter.
 (see also unbounded coords=jump). 
NOTE: coordinate (2001-07-01,) has been dropped because of a coordinate filter.
 (see also unbounded coords=jump). 
NOTE: coordinate (2002-07-01,) has been dropped because of a coordinate filter.
 (see also unbounded coords=jump). 
NOTE: coordinate (2003-07-01,) has been dropped because of a coordinate filter.
 (see also unbounded coords=jump). 
NOTE: coordinate (2004-07-01,) has been dropped because of a coordinate filter.
 (see also unbounded coords=jump). 
NOTE: coordinate (2005-07-01,) has been dropped because of a coordinate filter.
 (see also unbounded coords=jump). 
NOTE: coordinate (2006-07-01,) has been dropped because of a coordinate filter.
 (see also unbounded coords=jump). 
NOTE: coordinate (2007-07-01,) has been dropped because of a coordinate filter.
 (see also unbounded coords=jump). 
NOTE: coordinate (2008-07-01,) has been dropped because of a coordinate filter.
 (see also unbounded coords=jump). 
NOTE: coordinate (2009-07-01,) has been dropped because of a coordinate filter.
 (see also unbounded coords=jump). 
NOTE: coordinate (2010-07-01,) has been dropped because of a coordinate filter.
 (see also unbounded coords=jump). 
NOTE: coordinate (2011-07-01,) has been dropped because of a coordinate filter.
 (see also unbounded coords=jump). 
NOTE: coordinate (2012-07-01,) has been dropped because of a coordinate filter.
 (see also unbounded coords=jump). 
NOTE: coordinate (2013-07-01,) has been dropped because of a coordinate filter.
 (see also unbounded coords=jump). 
NOTE: coordinate (2014-07-01,) has been dropped because of a coordinate filter.
 (see also unbounded coords=jump). 
NOTE: coordinate (2015-07-01,) has been dropped because of a coordinate filter.
 (see also unbounded coords=jump). 
NOTE: coordinate (2016-07-01,) has been dropped because of a coordinate filter.
 (see also unbounded coords=jump). 
PGFPlots: reading {data/real_hh_inc.csv}
NOTE: coordinate (1989-07-01,) has been dropped because of a coordinate filter.
 (see also unbounded coords=jump). 
NOTE: coordinate (1990-07-01,) has been dropped because of a coordinate filter.
 (see also unbounded coords=jump). 
NOTE: coordinate (1991-07-01,) has been dropped because of a coordinate filter.
 (see also unbounded coords=jump). 
NOTE: coordinate (1992-07-01,) has been dropped because of a coordinate filter.
 (see also unbounded coords=jump). 
NOTE: coordinate (1993-07-01,) has been dropped because of a coordinate filter.
 (see also unbounded coords=jump). 
NOTE: coordinate (1994-07-01,) has been dropped because of a coordinate filter.
 (see also unbounded coords=jump). 
NOTE: coordinate (1995-07-01,) has been dropped because of a coordinate filter.
 (see also unbounded coords=jump). 
NOTE: coordinate (1996-07-01,) has been dropped because of a coordinate filter.
 (see also unbounded coords=jump). 
NOTE: coordinate (1997-07-01,) has been dropped because of a coordinate filter.
 (see also unbounded coords=jump). 
NOTE: coordinate (1998-07-01,) has been dropped because of a coordinate filter.
 (see also unbounded coords=jump). 
NOTE: coordinate (1999-07-01,) has been dropped because of a coordinate filter.
 (see also unbounded coords=jump). 
NOTE: coordinate (2000-07-01,) has been dropped because of a coordinate filter.
 (see also unbounded coords=jump). 
NOTE: coordinate (2001-07-01,) has been dropped because of a coordinate filter.
 (see also unbounded coords=jump). 
NOTE: coordinate (2002-07-01,) has been dropped because of a coordinate filter.
 (see also unbounded coords=jump). 
NOTE: coordinate (2003-07-01,) has been dropped because of a coordinate filter.
 (see also unbounded coords=jump). 
NOTE: coordinate (2004-07-01,) has been dropped because of a coordinate filter.
 (see also unbounded coords=jump). 
NOTE: coordinate (2005-07-01,) has been dropped because of a coordinate filter.
 (see also unbounded coords=jump). 
NOTE: coordinate (2006-07-01,) has been dropped because of a coordinate filter.
 (see also unbounded coords=jump). 
NOTE: coordinate (2007-07-01,) has been dropped because of a coordinate filter.
 (see also unbounded coords=jump). 
NOTE: coordinate (2008-07-01,) has been dropped because of a coordinate filter.
 (see also unbounded coords=jump). 
NOTE: coordinate (2009-07-01,) has been dropped because of a coordinate filter.
 (see also unbounded coords=jump). 
NOTE: coordinate (2010-07-01,) has been dropped because of a coordinate filter.
 (see also unbounded coords=jump). 
NOTE: coordinate (2011-07-01,) has been dropped because of a coordinate filter.
 (see also unbounded coords=jump). 
NOTE: coordinate (2012-07-01,) has been dropped because of a coordinate filter.
 (see also unbounded coords=jump). 
NOTE: coordinate (2018-07-01,) has been dropped because of a coordinate filter.
 (see also unbounded coords=jump). 
NOTE: coordinate (2019-07-01,) has been dropped because of a coordinate filter.
 (see also unbounded coords=jump). 
NOTE: coordinate (2020-07-01,) has been dropped because of a coordinate filter.
 (see also unbounded coords=jump). 
NOTE: coordinate (2021-07-01,) has been dropped because of a coordinate filter.
 (see also unbounded coords=jump). 
NOTE: coordinate (2022-07-01,) has been dropped because of a coordinate filter.
 (see also unbounded coords=jump). 
NOTE: coordinate (2023-07-01,) has been dropped because of a coordinate filter.
 (see also unbounded coords=jump). 
NOTE: coordinate (2024-07-01,) has been dropped because of a coordinate filter.
 (see also unbounded coords=jump). 
PGFPlots: reading {data/real_hh_inc.csv}
NOTE: coordinate (2014-07-01,) has been dropped because of a coordinate filter.
 (see also unbounded coords=jump). 
NOTE: coordinate (2015-07-01,) has been dropped because of a coordinate filter.
 (see also unbounded coords=jump). 
NOTE: coordinate (2016-07-01,) has been dropped because of a coordinate filter.
 (see also unbounded coords=jump). 
NOTE: coordinate (2017-07-01,) has been dropped because of a coordinate filter.
 (see also unbounded coords=jump). 
NOTE: coordinate (2018-07-01,) has been dropped because of a coordinate filter.
 (see also unbounded coords=jump). 
NOTE: coordinate (2019-07-01,) has been dropped because of a coordinate filter.
 (see also unbounded coords=jump). 
NOTE: coordinate (2020-07-01,) has been dropped because of a coordinate filter.
 (see also unbounded coords=jump). 
NOTE: coordinate (2021-07-01,) has been dropped because of a coordinate filter.
 (see also unbounded coords=jump). 
NOTE: coordinate (2022-07-01,) has been dropped because of a coordinate filter.
 (see also unbounded coords=jump). 
NOTE: coordinate (2023-07-01,) has been dropped because of a coordinate filter.
 (see also unbounded coords=jump). 
NOTE: coordinate (2024-07-01,) has been dropped because of a coordinate filter.
 (see also unbounded coords=jump). 
PGFPlots: reading {data/hh_inc_nipa.csv}
PGFPlots: reading {data/real_hh_inc_dec.csv}
NOTE: coordinate (1989-07-01,) has been dropped because of a coordinate filter.
 (see also unbounded coords=jump). 
NOTE: coordinate (1990-07-01,) has been dropped because of a coordinate filter.
 (see also unbounded coords=jump). 
NOTE: coordinate (1991-07-01,) has been dropped because of a coordinate filter.
 (see also unbounded coords=jump). 
NOTE: coordinate (1992-07-01,) has been dropped because of a coordinate filter.
 (see also unbounded coords=jump). 
NOTE: coordinate (1993-07-01,) has been dropped because of a coordinate filter.
 (see also unbounded coords=jump). 
NOTE: coordinate (1994-07-01,) has been dropped because of a coordinate filter.
 (see also unbounded coords=jump). 
NOTE: coordinate (1995-07-01,) has been dropped because of a coordinate filter.
 (see also unbounded coords=jump). 
NOTE: coordinate (1996-07-01,) has been dropped because of a coordinate filter.
 (see also unbounded coords=jump). 
NOTE: coordinate (1997-07-01,) has been dropped because of a coordinate filter.
 (see also unbounded coords=jump). 
NOTE: coordinate (1998-07-01,) has been dropped because of a coordinate filter.
 (see also unbounded coords=jump). 
NOTE: coordinate (1999-07-01,) has been dropped because of a coordinate filter.
 (see also unbounded coords=jump). 
NOTE: coordinate (2000-07-01,) has been dropped because of a coordinate filter.
 (see also unbounded coords=jump). 
NOTE: coordinate (2001-07-01,) has been dropped because of a coordinate filter.
 (see also unbounded coords=jump). 
NOTE: coordinate (2002-07-01,) has been dropped because of a coordinate filter.
 (see also unbounded coords=jump). 
NOTE: coordinate (2003-07-01,) has been dropped because of a coordinate filter.
 (see also unbounded coords=jump). 
NOTE: coordinate (2004-07-01,) has been dropped because of a coordinate filter.
 (see also unbounded coords=jump). 
NOTE: coordinate (2005-07-01,) has been dropped because of a coordinate filter.
 (see also unbounded coords=jump). 
NOTE: coordinate (2006-07-01,) has been dropped because of a coordinate filter.
 (see also unbounded coords=jump). 
NOTE: coordinate (2007-07-01,) has been dropped because of a coordinate filter.
 (see also unbounded coords=jump). 
NOTE: coordinate (2008-07-01,) has been dropped because of a coordinate filter.
 (see also unbounded coords=jump). 
NOTE: coordinate (2009-07-01,) has been dropped because of a coordinate filter.
 (see also unbounded coords=jump). 
NOTE: coordinate (2010-07-01,) has been dropped because of a coordinate filter.
 (see also unbounded coords=jump). 
NOTE: coordinate (2011-07-01,) has been dropped because of a coordinate filter.
 (see also unbounded coords=jump). 
NOTE: coordinate (2012-07-01,) has been dropped because of a coordinate filter.
 (see also unbounded coords=jump). 
NOTE: coordinate (2013-07-01,) has been dropped because of a coordinate filter.
 (see also unbounded coords=jump). 
NOTE: coordinate (2014-07-01,) has been dropped because of a coordinate filter.
 (see also unbounded coords=jump). 
NOTE: coordinate (2015-07-01,) has been dropped because of a coordinate filter.
 (see also unbounded coords=jump). 
NOTE: coordinate (2016-07-01,) has been dropped because of a coordinate filter.
 (see also unbounded coords=jump). 
PGFPlots: reading {data/real_hh_inc_dec.csv}
NOTE: coordinate (1989-07-01,) has been dropped because of a coordinate filter.
 (see also unbounded coords=jump). 
NOTE: coordinate (1990-07-01,) has been dropped because of a coordinate filter.
 (see also unbounded coords=jump). 
NOTE: coordinate (1991-07-01,) has been dropped because of a coordinate filter.
 (see also unbounded coords=jump). 
NOTE: coordinate (1992-07-01,) has been dropped because of a coordinate filter.
 (see also unbounded coords=jump). 
NOTE: coordinate (1993-07-01,) has been dropped because of a coordinate filter.
 (see also unbounded coords=jump). 
NOTE: coordinate (1994-07-01,) has been dropped because of a coordinate filter.
 (see also unbounded coords=jump). 
NOTE: coordinate (1995-07-01,) has been dropped because of a coordinate filter.
 (see also unbounded coords=jump). 
NOTE: coordinate (1996-07-01,) has been dropped because of a coordinate filter.
 (see also unbounded coords=jump). 
NOTE: coordinate (1997-07-01,) has been dropped because of a coordinate filter.
 (see also unbounded coords=jump). 
NOTE: coordinate (1998-07-01,) has been dropped because of a coordinate filter.
 (see also unbounded coords=jump). 
NOTE: coordinate (1999-07-01,) has been dropped because of a coordinate filter.
 (see also unbounded coords=jump). 
NOTE: coordinate (2000-07-01,) has been dropped because of a coordinate filter.
 (see also unbounded coords=jump). 
NOTE: coordinate (2001-07-01,) has been dropped because of a coordinate filter.
 (see also unbounded coords=jump). 
NOTE: coordinate (2002-07-01,) has been dropped because of a coordinate filter.
 (see also unbounded coords=jump). 
NOTE: coordinate (2003-07-01,) has been dropped because of a coordinate filter.
 (see also unbounded coords=jump). 
NOTE: coordinate (2004-07-01,) has been dropped because of a coordinate filter.
 (see also unbounded coords=jump). 
NOTE: coordinate (2005-07-01,) has been dropped because of a coordinate filter.
 (see also unbounded coords=jump). 
NOTE: coordinate (2006-07-01,) has been dropped because of a coordinate filter.
 (see also unbounded coords=jump). 
NOTE: coordinate (2007-07-01,) has been dropped because of a coordinate filter.
 (see also unbounded coords=jump). 
NOTE: coordinate (2008-07-01,) has been dropped because of a coordinate filter.
 (see also unbounded coords=jump). 
NOTE: coordinate (2009-07-01,) has been dropped because of a coordinate filter.
 (see also unbounded coords=jump). 
NOTE: coordinate (2010-07-01,) has been dropped because of a coordinate filter.
 (see also unbounded coords=jump). 
NOTE: coordinate (2011-07-01,) has been dropped because of a coordinate filter.
 (see also unbounded coords=jump). 
NOTE: coordinate (2012-07-01,) has been dropped because of a coordinate filter.
 (see also unbounded coords=jump). 
NOTE: coordinate (2018-07-01,) has been dropped because of a coordinate filter.
 (see also unbounded coords=jump). 
NOTE: coordinate (2019-07-01,) has been dropped because of a coordinate filter.
 (see also unbounded coords=jump). 
NOTE: coordinate (2020-07-01,) has been dropped because of a coordinate filter.
 (see also unbounded coords=jump). 
NOTE: coordinate (2021-07-01,) has been dropped because of a coordinate filter.
 (see also unbounded coords=jump). 
NOTE: coordinate (2022-07-01,) has been dropped because of a coordinate filter.
 (see also unbounded coords=jump). 
NOTE: coordinate (2023-07-01,) has been dropped because of a coordinate filter.
 (see also unbounded coords=jump). 
NOTE: coordinate (2024-07-01,) has been dropped because of a coordinate filter.
 (see also unbounded coords=jump). 
PGFPlots: reading {data/real_hh_inc_dec.csv}
NOTE: coordinate (2014-07-01,) has been dropped because of a coordinate filter.
 (see also unbounded coords=jump). 
NOTE: coordinate (2015-07-01,) has been dropped because of a coordinate filter.
 (see also unbounded coords=jump). 
NOTE: coordinate (2016-07-01,) has been dropped because of a coordinate filter.
 (see also unbounded coords=jump). 
NOTE: coordinate (2017-07-01,) has been dropped because of a coordinate filter.
 (see also unbounded coords=jump). 
NOTE: coordinate (2018-07-01,) has been dropped because of a coordinate filter.
 (see also unbounded coords=jump). 
NOTE: coordinate (2019-07-01,) has been dropped because of a coordinate filter.
 (see also unbounded coords=jump). 
NOTE: coordinate (2020-07-01,) has been dropped because of a coordinate filter.
 (see also unbounded coords=jump). 
NOTE: coordinate (2021-07-01,) has been dropped because of a coordinate filter.
 (see also unbounded coords=jump). 
NOTE: coordinate (2022-07-01,) has been dropped because of a coordinate filter.
 (see also unbounded coords=jump). 
NOTE: coordinate (2023-07-01,) has been dropped because of a coordinate filter.
 (see also unbounded coords=jump). 
NOTE: coordinate (2024-07-01,) has been dropped because of a coordinate filter.
 (see also unbounded coords=jump). 
PGFPlots: reading {data/real_hh_inc_dec.csv}
NOTE: coordinate (1989-07-01,) has been dropped because of a coordinate filter.
 (see also unbounded coords=jump). 
NOTE: coordinate (1990-07-01,) has been dropped because of a coordinate filter.
 (see also unbounded coords=jump). 
NOTE: coordinate (1991-07-01,) has been dropped because of a coordinate filter.
 (see also unbounded coords=jump). 
NOTE: coordinate (1992-07-01,) has been dropped because of a coordinate filter.
 (see also unbounded coords=jump). 
NOTE: coordinate (1993-07-01,) has been dropped because of a coordinate filter.
 (see also unbounded coords=jump). 
NOTE: coordinate (1994-07-01,) has been dropped because of a coordinate filter.
 (see also unbounded coords=jump). 
NOTE: coordinate (1995-07-01,) has been dropped because of a coordinate filter.
 (see also unbounded coords=jump). 
NOTE: coordinate (1996-07-01,) has been dropped because of a coordinate filter.
 (see also unbounded coords=jump). 
NOTE: coordinate (1997-07-01,) has been dropped because of a coordinate filter.
 (see also unbounded coords=jump). 
NOTE: coordinate (1998-07-01,) has been dropped because of a coordinate filter.
 (see also unbounded coords=jump). 
NOTE: coordinate (1999-07-01,) has been dropped because of a coordinate filter.
 (see also unbounded coords=jump). 
NOTE: coordinate (2000-07-01,) has been dropped because of a coordinate filter.
 (see also unbounded coords=jump). 
NOTE: coordinate (2001-07-01,) has been dropped because of a coordinate filter.
 (see also unbounded coords=jump). 
NOTE: coordinate (2002-07-01,) has been dropped because of a coordinate filter.
 (see also unbounded coords=jump). 
NOTE: coordinate (2003-07-01,) has been dropped because of a coordinate filter.
 (see also unbounded coords=jump). 
NOTE: coordinate (2004-07-01,) has been dropped because of a coordinate filter.
 (see also unbounded coords=jump). 
NOTE: coordinate (2005-07-01,) has been dropped because of a coordinate filter.
 (see also unbounded coords=jump). 
NOTE: coordinate (2006-07-01,) has been dropped because of a coordinate filter.
 (see also unbounded coords=jump). 
NOTE: coordinate (2007-07-01,) has been dropped because of a coordinate filter.
 (see also unbounded coords=jump). 
NOTE: coordinate (2008-07-01,) has been dropped because of a coordinate filter.
 (see also unbounded coords=jump). 
NOTE: coordinate (2009-07-01,) has been dropped because of a coordinate filter.
 (see also unbounded coords=jump). 
NOTE: coordinate (2010-07-01,) has been dropped because of a coordinate filter.
 (see also unbounded coords=jump). 
NOTE: coordinate (2011-07-01,) has been dropped because of a coordinate filter.
 (see also unbounded coords=jump). 
NOTE: coordinate (2012-07-01,) has been dropped because of a coordinate filter.
 (see also unbounded coords=jump). 
NOTE: coordinate (2013-07-01,) has been dropped because of a coordinate filter.
 (see also unbounded coords=jump). 
NOTE: coordinate (2014-07-01,) has been dropped because of a coordinate filter.
 (see also unbounded coords=jump). 
NOTE: coordinate (2015-07-01,) has been dropped because of a coordinate filter.
 (see also unbounded coords=jump). 
NOTE: coordinate (2016-07-01,) has been dropped because of a coordinate filter.
 (see also unbounded coords=jump). 
PGFPlots: reading {data/real_hh_inc_dec.csv}
NOTE: coordinate (1989-07-01,) has been dropped because of a coordinate filter.
 (see also unbounded coords=jump). 
NOTE: coordinate (1990-07-01,) has been dropped because of a coordinate filter.
 (see also unbounded coords=jump). 
NOTE: coordinate (1991-07-01,) has been dropped because of a coordinate filter.
 (see also unbounded coords=jump). 
NOTE: coordinate (1992-07-01,) has been dropped because of a coordinate filter.
 (see also unbounded coords=jump). 
NOTE: coordinate (1993-07-01,) has been dropped because of a coordinate filter.
 (see also unbounded coords=jump). 
NOTE: coordinate (1994-07-01,) has been dropped because of a coordinate filter.
 (see also unbounded coords=jump). 
NOTE: coordinate (1995-07-01,) has been dropped because of a coordinate filter.
 (see also unbounded coords=jump). 
NOTE: coordinate (1996-07-01,) has been dropped because of a coordinate filter.
 (see also unbounded coords=jump). 
NOTE: coordinate (1997-07-01,) has been dropped because of a coordinate filter.
 (see also unbounded coords=jump). 
NOTE: coordinate (1998-07-01,) has been dropped because of a coordinate filter.
 (see also unbounded coords=jump). 
NOTE: coordinate (1999-07-01,) has been dropped because of a coordinate filter.
 (see also unbounded coords=jump). 
NOTE: coordinate (2000-07-01,) has been dropped because of a coordinate filter.
 (see also unbounded coords=jump). 
NOTE: coordinate (2001-07-01,) has been dropped because of a coordinate filter.
 (see also unbounded coords=jump). 
NOTE: coordinate (2002-07-01,) has been dropped because of a coordinate filter.
 (see also unbounded coords=jump). 
NOTE: coordinate (2003-07-01,) has been dropped because of a coordinate filter.
 (see also unbounded coords=jump). 
NOTE: coordinate (2004-07-01,) has been dropped because of a coordinate filter.
 (see also unbounded coords=jump). 
NOTE: coordinate (2005-07-01,) has been dropped because of a coordinate filter.
 (see also unbounded coords=jump). 
NOTE: coordinate (2006-07-01,) has been dropped because of a coordinate filter.
 (see also unbounded coords=jump). 
NOTE: coordinate (2007-07-01,) has been dropped because of a coordinate filter.
 (see also unbounded coords=jump). 
NOTE: coordinate (2008-07-01,) has been dropped because of a coordinate filter.
 (see also unbounded coords=jump). 
NOTE: coordinate (2009-07-01,) has been dropped because of a coordinate filter.
 (see also unbounded coords=jump). 
NOTE: coordinate (2010-07-01,) has been dropped because of a coordinate filter.
 (see also unbounded coords=jump). 
NOTE: coordinate (2011-07-01,) has been dropped because of a coordinate filter.
 (see also unbounded coords=jump). 
NOTE: coordinate (2012-07-01,) has been dropped because of a coordinate filter.
 (see also unbounded coords=jump). 
NOTE: coordinate (2018-07-01,) has been dropped because of a coordinate filter.
 (see also unbounded coords=jump). 
NOTE: coordinate (2019-07-01,) has been dropped because of a coordinate filter.
 (see also unbounded coords=jump). 
NOTE: coordinate (2020-07-01,) has been dropped because of a coordinate filter.
 (see also unbounded coords=jump). 
NOTE: coordinate (2021-07-01,) has been dropped because of a coordinate filter.
 (see also unbounded coords=jump). 
NOTE: coordinate (2022-07-01,) has been dropped because of a coordinate filter.
 (see also unbounded coords=jump). 
NOTE: coordinate (2023-07-01,) has been dropped because of a coordinate filter.
 (see also unbounded coords=jump). 
NOTE: coordinate (2024-07-01,) has been dropped because of a coordinate filter.
 (see also unbounded coords=jump). 
PGFPlots: reading {data/real_hh_inc_dec.csv}
NOTE: coordinate (2014-07-01,) has been dropped because of a coordinate filter.
 (see also unbounded coords=jump). 
NOTE: coordinate (2015-07-01,) has been dropped because of a coordinate filter.
 (see also unbounded coords=jump). 
NOTE: coordinate (2016-07-01,) has been dropped because of a coordinate filter.
 (see also unbounded coords=jump). 
NOTE: coordinate (2017-07-01,) has been dropped because of a coordinate filter.
 (see also unbounded coords=jump). 
NOTE: coordinate (2018-07-01,) has been dropped because of a coordinate filter.
 (see also unbounded coords=jump). 
NOTE: coordinate (2019-07-01,) has been dropped because of a coordinate filter.
 (see also unbounded coords=jump). 
NOTE: coordinate (2020-07-01,) has been dropped because of a coordinate filter.
 (see also unbounded coords=jump). 
NOTE: coordinate (2021-07-01,) has been dropped because of a coordinate filter.
 (see also unbounded coords=jump). 
NOTE: coordinate (2022-07-01,) has been dropped because of a coordinate filter.
 (see also unbounded coords=jump). 
NOTE: coordinate (2023-07-01,) has been dropped because of a coordinate filter.
 (see also unbounded coords=jump). 
NOTE: coordinate (2024-07-01,) has been dropped because of a coordinate filter.
 (see also unbounded coords=jump). 
(./text/hh_inc2.txt) (./text/hh_inc3.txt) (./text/rmhi_ltdt.txt)
Package pgfplots info on input line 2911: dateplot: setting 'date ZERO={1990-01
-01}' for this axis.
Package pgfplots info on input line 2911: Using 'lua backend=false' for axis: x
 coord trafo unsupported.
PGFPlots: reading {data/real_med_hh_inc.csv}

NOTE: coordinate (1989-07-01,) has been dropped because of a coordinate filter.
 (see also unbounded coords=jump). 
NOTE: coordinate (1990-07-01,) has been dropped because of a coordinate filter.
 (see also unbounded coords=jump). 
NOTE: coordinate (1991-07-01,) has been dropped because of a coordinate filter.
 (see also unbounded coords=jump). 
NOTE: coordinate (1992-07-01,) has been dropped because of a coordinate filter.
 (see also unbounded coords=jump). 
NOTE: coordinate (1993-07-01,) has been dropped because of a coordinate filter.
 (see also unbounded coords=jump). 
NOTE: coordinate (1994-07-01,) has been dropped because of a coordinate filter.
 (see also unbounded coords=jump). 
NOTE: coordinate (1995-07-01,) has been dropped because of a coordinate filter.
 (see also unbounded coords=jump). 
NOTE: coordinate (1996-07-01,) has been dropped because of a coordinate filter.
 (see also unbounded coords=jump). 
NOTE: coordinate (1997-07-01,) has been dropped because of a coordinate filter.
 (see also unbounded coords=jump). 
NOTE: coordinate (1998-07-01,) has been dropped because of a coordinate filter.
 (see also unbounded coords=jump). 
NOTE: coordinate (1999-07-01,) has been dropped because of a coordinate filter.
 (see also unbounded coords=jump). 
NOTE: coordinate (2000-07-01,) has been dropped because of a coordinate filter.
 (see also unbounded coords=jump). 
NOTE: coordinate (2001-07-01,) has been dropped because of a coordinate filter.
 (see also unbounded coords=jump). 
NOTE: coordinate (2002-07-01,) has been dropped because of a coordinate filter.
 (see also unbounded coords=jump). 
NOTE: coordinate (2003-07-01,) has been dropped because of a coordinate filter.
 (see also unbounded coords=jump). 
NOTE: coordinate (2004-07-01,) has been dropped because of a coordinate filter.
 (see also unbounded coords=jump). 
NOTE: coordinate (2005-07-01,) has been dropped because of a coordinate filter.
 (see also unbounded coords=jump). 
NOTE: coordinate (2006-07-01,) has been dropped because of a coordinate filter.
 (see also unbounded coords=jump). 
NOTE: coordinate (2007-07-01,) has been dropped because of a coordinate filter.
 (see also unbounded coords=jump). 
NOTE: coordinate (2008-07-01,) has been dropped because of a coordinate filter.
 (see also unbounded coords=jump). 
NOTE: coordinate (2009-07-01,) has been dropped because of a coordinate filter.
 (see also unbounded coords=jump). 
NOTE: coordinate (2010-07-01,) has been dropped because of a coordinate filter.
 (see also unbounded coords=jump). 
NOTE: coordinate (2011-07-01,) has been dropped because of a coordinate filter.
 (see also unbounded coords=jump). 
NOTE: coordinate (2012-07-01,) has been dropped because of a coordinate filter.
 (see also unbounded coords=jump). 
NOTE: coordinate (2013-07-01,) has been dropped because of a coordinate filter.
 (see also unbounded coords=jump). 
NOTE: coordinate (2014-07-01,) has been dropped because of a coordinate filter.
 (see also unbounded coords=jump). 
NOTE: coordinate (2015-07-01,) has been dropped because of a coordinate filter.
 (see also unbounded coords=jump). 
NOTE: coordinate (2016-07-01,) has been dropped because of a coordinate filter.
 (see also unbounded coords=jump). 
PGFPlots: reading {data/real_med_hh_inc.csv}
NOTE: coordinate (1989-07-01,) has been dropped because of a coordinate filter.
 (see also unbounded coords=jump). 
NOTE: coordinate (1990-07-01,) has been dropped because of a coordinate filter.
 (see also unbounded coords=jump). 
NOTE: coordinate (1991-07-01,) has been dropped because of a coordinate filter.
 (see also unbounded coords=jump). 
NOTE: coordinate (1992-07-01,) has been dropped because of a coordinate filter.
 (see also unbounded coords=jump). 
NOTE: coordinate (1993-07-01,) has been dropped because of a coordinate filter.
 (see also unbounded coords=jump). 
NOTE: coordinate (1994-07-01,) has been dropped because of a coordinate filter.
 (see also unbounded coords=jump). 
NOTE: coordinate (1995-07-01,) has been dropped because of a coordinate filter.
 (see also unbounded coords=jump). 
NOTE: coordinate (1996-07-01,) has been dropped because of a coordinate filter.
 (see also unbounded coords=jump). 
NOTE: coordinate (1997-07-01,) has been dropped because of a coordinate filter.
 (see also unbounded coords=jump). 
NOTE: coordinate (1998-07-01,) has been dropped because of a coordinate filter.
 (see also unbounded coords=jump). 
NOTE: coordinate (1999-07-01,) has been dropped because of a coordinate filter.
 (see also unbounded coords=jump). 
NOTE: coordinate (2000-07-01,) has been dropped because of a coordinate filter.
 (see also unbounded coords=jump). 
NOTE: coordinate (2001-07-01,) has been dropped because of a coordinate filter.
 (see also unbounded coords=jump). 
NOTE: coordinate (2002-07-01,) has been dropped because of a coordinate filter.
 (see also unbounded coords=jump). 
NOTE: coordinate (2003-07-01,) has been dropped because of a coordinate filter.
 (see also unbounded coords=jump). 
NOTE: coordinate (2004-07-01,) has been dropped because of a coordinate filter.
 (see also unbounded coords=jump). 
NOTE: coordinate (2005-07-01,) has been dropped because of a coordinate filter.
 (see also unbounded coords=jump). 
NOTE: coordinate (2006-07-01,) has been dropped because of a coordinate filter.
 (see also unbounded coords=jump). 
NOTE: coordinate (2007-07-01,) has been dropped because of a coordinate filter.
 (see also unbounded coords=jump). 
NOTE: coordinate (2008-07-01,) has been dropped because of a coordinate filter.
 (see also unbounded coords=jump). 
NOTE: coordinate (2009-07-01,) has been dropped because of a coordinate filter.
 (see also unbounded coords=jump). 
NOTE: coordinate (2010-07-01,) has been dropped because of a coordinate filter.
 (see also unbounded coords=jump). 
NOTE: coordinate (2011-07-01,) has been dropped because of a coordinate filter.
 (see also unbounded coords=jump). 
NOTE: coordinate (2012-07-01,) has been dropped because of a coordinate filter.
 (see also unbounded coords=jump). 
NOTE: coordinate (2018-07-01,) has been dropped because of a coordinate filter.
 (see also unbounded coords=jump). 
NOTE: coordinate (2019-07-01,) has been dropped because of a coordinate filter.
 (see also unbounded coords=jump). 
NOTE: coordinate (2020-07-01,) has been dropped because of a coordinate filter.
 (see also unbounded coords=jump). 
NOTE: coordinate (2021-07-01,) has been dropped because of a coordinate filter.
 (see also unbounded coords=jump). 
NOTE: coordinate (2022-07-01,) has been dropped because of a coordinate filter.
 (see also unbounded coords=jump). 
NOTE: coordinate (2023-07-01,) has been dropped because of a coordinate filter.
 (see also unbounded coords=jump). 
NOTE: coordinate (2024-07-01,) has been dropped because of a coordinate filter.
 (see also unbounded coords=jump). 
PGFPlots: reading {data/real_med_hh_inc.csv}
NOTE: coordinate (2014-07-01,) has been dropped because of a coordinate filter.
 (see also unbounded coords=jump). 
NOTE: coordinate (2015-07-01,) has been dropped because of a coordinate filter.
 (see also unbounded coords=jump). 
NOTE: coordinate (2016-07-01,) has been dropped because of a coordinate filter.
 (see also unbounded coords=jump). 
NOTE: coordinate (2017-07-01,) has been dropped because of a coordinate filter.
 (see also unbounded coords=jump). 
NOTE: coordinate (2018-07-01,) has been dropped because of a coordinate filter.
 (see also unbounded coords=jump). 
NOTE: coordinate (2019-07-01,) has been dropped because of a coordinate filter.
 (see also unbounded coords=jump). 
NOTE: coordinate (2020-07-01,) has been dropped because of a coordinate filter.
 (see also unbounded coords=jump). 
NOTE: coordinate (2021-07-01,) has been dropped because of a coordinate filter.
 (see also unbounded coords=jump). 
NOTE: coordinate (2022-07-01,) has been dropped because of a coordinate filter.
 (see also unbounded coords=jump). 
NOTE: coordinate (2023-07-01,) has been dropped because of a coordinate filter.
 (see also unbounded coords=jump). 
NOTE: coordinate (2024-07-01,) has been dropped because of a coordinate filter.
 (see also unbounded coords=jump). 
PGFPlots: reading {data/real_med_hh_inc.csv}
NOTE: coordinate (1989-07-01,) has been dropped because of a coordinate filter.
 (see also unbounded coords=jump). 
NOTE: coordinate (1990-07-01,) has been dropped because of a coordinate filter.
 (see also unbounded coords=jump). 
NOTE: coordinate (1991-07-01,) has been dropped because of a coordinate filter.
 (see also unbounded coords=jump). 
NOTE: coordinate (1992-07-01,) has been dropped because of a coordinate filter.
 (see also unbounded coords=jump). 
NOTE: coordinate (1993-07-01,) has been dropped because of a coordinate filter.
 (see also unbounded coords=jump). 
NOTE: coordinate (1994-07-01,) has been dropped because of a coordinate filter.
 (see also unbounded coords=jump). 
NOTE: coordinate (1995-07-01,) has been dropped because of a coordinate filter.
 (see also unbounded coords=jump). 
NOTE: coordinate (1996-07-01,) has been dropped because of a coordinate filter.
 (see also unbounded coords=jump). 
NOTE: coordinate (1997-07-01,) has been dropped because of a coordinate filter.
 (see also unbounded coords=jump). 
NOTE: coordinate (1998-07-01,) has been dropped because of a coordinate filter.
 (see also unbounded coords=jump). 
NOTE: coordinate (1999-07-01,) has been dropped because of a coordinate filter.
 (see also unbounded coords=jump). 
NOTE: coordinate (2000-07-01,) has been dropped because of a coordinate filter.
 (see also unbounded coords=jump). 
NOTE: coordinate (2001-07-01,) has been dropped because of a coordinate filter.
 (see also unbounded coords=jump). 
NOTE: coordinate (2002-07-01,) has been dropped because of a coordinate filter.
 (see also unbounded coords=jump). 
NOTE: coordinate (2003-07-01,) has been dropped because of a coordinate filter.
 (see also unbounded coords=jump). 
NOTE: coordinate (2004-07-01,) has been dropped because of a coordinate filter.
 (see also unbounded coords=jump). 
NOTE: coordinate (2005-07-01,) has been dropped because of a coordinate filter.
 (see also unbounded coords=jump). 
NOTE: coordinate (2006-07-01,) has been dropped because of a coordinate filter.
 (see also unbounded coords=jump). 
NOTE: coordinate (2007-07-01,) has been dropped because of a coordinate filter.
 (see also unbounded coords=jump). 
NOTE: coordinate (2008-07-01,) has been dropped because of a coordinate filter.
 (see also unbounded coords=jump). 
NOTE: coordinate (2009-07-01,) has been dropped because of a coordinate filter.
 (see also unbounded coords=jump). 
NOTE: coordinate (2010-07-01,) has been dropped because of a coordinate filter.
 (see also unbounded coords=jump). 
NOTE: coordinate (2011-07-01,) has been dropped because of a coordinate filter.
 (see also unbounded coords=jump). 
NOTE: coordinate (2012-07-01,) has been dropped because of a coordinate filter.
 (see also unbounded coords=jump). 
NOTE: coordinate (2013-07-01,) has been dropped because of a coordinate filter.
 (see also unbounded coords=jump). 
NOTE: coordinate (2014-07-01,) has been dropped because of a coordinate filter.
 (see also unbounded coords=jump). 
NOTE: coordinate (2015-07-01,) has been dropped because of a coordinate filter.
 (see also unbounded coords=jump). 
NOTE: coordinate (2016-07-01,) has been dropped because of a coordinate filter.
 (see also unbounded coords=jump). 
PGFPlots: reading {data/real_med_hh_inc.csv}
NOTE: coordinate (1989-07-01,) has been dropped because of a coordinate filter.
 (see also unbounded coords=jump). 
NOTE: coordinate (1990-07-01,) has been dropped because of a coordinate filter.
 (see also unbounded coords=jump). 
NOTE: coordinate (1991-07-01,) has been dropped because of a coordinate filter.
 (see also unbounded coords=jump). 
NOTE: coordinate (1992-07-01,) has been dropped because of a coordinate filter.
 (see also unbounded coords=jump). 
NOTE: coordinate (1993-07-01,) has been dropped because of a coordinate filter.
 (see also unbounded coords=jump). 
NOTE: coordinate (1994-07-01,) has been dropped because of a coordinate filter.
 (see also unbounded coords=jump). 
NOTE: coordinate (1995-07-01,) has been dropped because of a coordinate filter.
 (see also unbounded coords=jump). 
NOTE: coordinate (1996-07-01,) has been dropped because of a coordinate filter.
 (see also unbounded coords=jump). 
NOTE: coordinate (1997-07-01,) has been dropped because of a coordinate filter.
 (see also unbounded coords=jump). 
NOTE: coordinate (1998-07-01,) has been dropped because of a coordinate filter.
 (see also unbounded coords=jump). 
NOTE: coordinate (1999-07-01,) has been dropped because of a coordinate filter.
 (see also unbounded coords=jump). 
NOTE: coordinate (2000-07-01,) has been dropped because of a coordinate filter.
 (see also unbounded coords=jump). 
NOTE: coordinate (2001-07-01,) has been dropped because of a coordinate filter.
 (see also unbounded coords=jump). 
NOTE: coordinate (2002-07-01,) has been dropped because of a coordinate filter.
 (see also unbounded coords=jump). 
NOTE: coordinate (2003-07-01,) has been dropped because of a coordinate filter.
 (see also unbounded coords=jump). 
NOTE: coordinate (2004-07-01,) has been dropped because of a coordinate filter.
 (see also unbounded coords=jump). 
NOTE: coordinate (2005-07-01,) has been dropped because of a coordinate filter.
 (see also unbounded coords=jump). 
NOTE: coordinate (2006-07-01,) has been dropped because of a coordinate filter.
 (see also unbounded coords=jump). 
NOTE: coordinate (2007-07-01,) has been dropped because of a coordinate filter.
 (see also unbounded coords=jump). 
NOTE: coordinate (2008-07-01,) has been dropped because of a coordinate filter.
 (see also unbounded coords=jump). 
NOTE: coordinate (2009-07-01,) has been dropped because of a coordinate filter.
 (see also unbounded coords=jump). 
NOTE: coordinate (2010-07-01,) has been dropped because of a coordinate filter.
 (see also unbounded coords=jump). 
NOTE: coordinate (2011-07-01,) has been dropped because of a coordinate filter.
 (see also unbounded coords=jump). 
NOTE: coordinate (2012-07-01,) has been dropped because of a coordinate filter.
 (see also unbounded coords=jump). 
NOTE: coordinate (2018-07-01,) has been dropped because of a coordinate filter.
 (see also unbounded coords=jump). 
NOTE: coordinate (2019-07-01,) has been dropped because of a coordinate filter.
 (see also unbounded coords=jump). 
NOTE: coordinate (2020-07-01,) has been dropped because of a coordinate filter.
 (see also unbounded coords=jump). 
NOTE: coordinate (2021-07-01,) has been dropped because of a coordinate filter.
 (see also unbounded coords=jump). 
NOTE: coordinate (2022-07-01,) has been dropped because of a coordinate filter.
 (see also unbounded coords=jump). 
NOTE: coordinate (2023-07-01,) has been dropped because of a coordinate filter.
 (see also unbounded coords=jump). 
NOTE: coordinate (2024-07-01,) has been dropped because of a coordinate filter.
 (see also unbounded coords=jump). 
PGFPlots: reading {data/real_med_hh_inc.csv}
NOTE: coordinate (2014-07-01,) has been dropped because of a coordinate filter.
 (see also unbounded coords=jump). 
NOTE: coordinate (2015-07-01,) has been dropped because of a coordinate filter.
 (see also unbounded coords=jump). 
NOTE: coordinate (2016-07-01,) has been dropped because of a coordinate filter.
 (see also unbounded coords=jump). 
NOTE: coordinate (2017-07-01,) has been dropped because of a coordinate filter.
 (see also unbounded coords=jump). 
NOTE: coordinate (2018-07-01,) has been dropped because of a coordinate filter.
 (see also unbounded coords=jump). 
NOTE: coordinate (2019-07-01,) has been dropped because of a coordinate filter.
 (see also unbounded coords=jump). 
NOTE: coordinate (2020-07-01,) has been dropped because of a coordinate filter.
 (see also unbounded coords=jump). 
NOTE: coordinate (2021-07-01,) has been dropped because of a coordinate filter.
 (see also unbounded coords=jump). 
NOTE: coordinate (2022-07-01,) has been dropped because of a coordinate filter.
 (see also unbounded coords=jump). 
NOTE: coordinate (2023-07-01,) has been dropped because of a coordinate filter.
 (see also unbounded coords=jump). 
NOTE: coordinate (2024-07-01,) has been dropped because of a coordinate filter.
 (see also unbounded coords=jump). 
PGFPlots: reading {data/real_med_hh_inc.csv}
NOTE: coordinate (1989-07-01,) has been dropped because of a coordinate filter.
 (see also unbounded coords=jump). 
NOTE: coordinate (1990-07-01,) has been dropped because of a coordinate filter.
 (see also unbounded coords=jump). 
NOTE: coordinate (1991-07-01,) has been dropped because of a coordinate filter.
 (see also unbounded coords=jump). 
NOTE: coordinate (1992-07-01,) has been dropped because of a coordinate filter.
 (see also unbounded coords=jump). 
NOTE: coordinate (1993-07-01,) has been dropped because of a coordinate filter.
 (see also unbounded coords=jump). 
NOTE: coordinate (1994-07-01,) has been dropped because of a coordinate filter.
 (see also unbounded coords=jump). 
NOTE: coordinate (1995-07-01,) has been dropped because of a coordinate filter.
 (see also unbounded coords=jump). 
NOTE: coordinate (1996-07-01,) has been dropped because of a coordinate filter.
 (see also unbounded coords=jump). 
NOTE: coordinate (1997-07-01,) has been dropped because of a coordinate filter.
 (see also unbounded coords=jump). 
NOTE: coordinate (1998-07-01,) has been dropped because of a coordinate filter.
 (see also unbounded coords=jump). 
NOTE: coordinate (1999-07-01,) has been dropped because of a coordinate filter.
 (see also unbounded coords=jump). 
NOTE: coordinate (2000-07-01,) has been dropped because of a coordinate filter.
 (see also unbounded coords=jump). 
NOTE: coordinate (2001-07-01,) has been dropped because of a coordinate filter.
 (see also unbounded coords=jump). 
NOTE: coordinate (2002-07-01,) has been dropped because of a coordinate filter.
 (see also unbounded coords=jump). 
NOTE: coordinate (2003-07-01,) has been dropped because of a coordinate filter.
 (see also unbounded coords=jump). 
NOTE: coordinate (2004-07-01,) has been dropped because of a coordinate filter.
 (see also unbounded coords=jump). 
NOTE: coordinate (2005-07-01,) has been dropped because of a coordinate filter.
 (see also unbounded coords=jump). 
NOTE: coordinate (2006-07-01,) has been dropped because of a coordinate filter.
 (see also unbounded coords=jump). 
NOTE: coordinate (2007-07-01,) has been dropped because of a coordinate filter.
 (see also unbounded coords=jump). 
NOTE: coordinate (2008-07-01,) has been dropped because of a coordinate filter.
 (see also unbounded coords=jump). 
NOTE: coordinate (2009-07-01,) has been dropped because of a coordinate filter.
 (see also unbounded coords=jump). 
NOTE: coordinate (2010-07-01,) has been dropped because of a coordinate filter.
 (see also unbounded coords=jump). 
NOTE: coordinate (2011-07-01,) has been dropped because of a coordinate filter.
 (see also unbounded coords=jump). 
NOTE: coordinate (2012-07-01,) has been dropped because of a coordinate filter.
 (see also unbounded coords=jump). 
NOTE: coordinate (2013-07-01,) has been dropped because of a coordinate filter.
 (see also unbounded coords=jump). 
NOTE: coordinate (2014-07-01,) has been dropped because of a coordinate filter.
 (see also unbounded coords=jump). 
NOTE: coordinate (2015-07-01,) has been dropped because of a coordinate filter.
 (see also unbounded coords=jump). 
NOTE: coordinate (2016-07-01,) has been dropped because of a coordinate filter.
 (see also unbounded coords=jump). 
PGFPlots: reading {data/real_med_hh_inc.csv}
NOTE: coordinate (1989-07-01,) has been dropped because of a coordinate filter.
 (see also unbounded coords=jump). 
NOTE: coordinate (1990-07-01,) has been dropped because of a coordinate filter.
 (see also unbounded coords=jump). 
NOTE: coordinate (1991-07-01,) has been dropped because of a coordinate filter.
 (see also unbounded coords=jump). 
NOTE: coordinate (1992-07-01,) has been dropped because of a coordinate filter.
 (see also unbounded coords=jump). 
NOTE: coordinate (1993-07-01,) has been dropped because of a coordinate filter.
 (see also unbounded coords=jump). 
NOTE: coordinate (1994-07-01,) has been dropped because of a coordinate filter.
 (see also unbounded coords=jump). 
NOTE: coordinate (1995-07-01,) has been dropped because of a coordinate filter.
 (see also unbounded coords=jump). 
NOTE: coordinate (1996-07-01,) has been dropped because of a coordinate filter.
 (see also unbounded coords=jump). 
NOTE: coordinate (1997-07-01,) has been dropped because of a coordinate filter.
 (see also unbounded coords=jump). 
NOTE: coordinate (1998-07-01,) has been dropped because of a coordinate filter.
 (see also unbounded coords=jump). 
NOTE: coordinate (1999-07-01,) has been dropped because of a coordinate filter.
 (see also unbounded coords=jump). 
NOTE: coordinate (2000-07-01,) has been dropped because of a coordinate filter.
 (see also unbounded coords=jump). 
NOTE: coordinate (2001-07-01,) has been dropped because of a coordinate filter.
 (see also unbounded coords=jump). 
NOTE: coordinate (2002-07-01,) has been dropped because of a coordinate filter.
 (see also unbounded coords=jump). 
NOTE: coordinate (2003-07-01,) has been dropped because of a coordinate filter.
 (see also unbounded coords=jump). 
NOTE: coordinate (2004-07-01,) has been dropped because of a coordinate filter.
 (see also unbounded coords=jump). 
NOTE: coordinate (2005-07-01,) has been dropped because of a coordinate filter.
 (see also unbounded coords=jump). 
NOTE: coordinate (2006-07-01,) has been dropped because of a coordinate filter.
 (see also unbounded coords=jump). 
NOTE: coordinate (2007-07-01,) has been dropped because of a coordinate filter.
 (see also unbounded coords=jump). 
NOTE: coordinate (2008-07-01,) has been dropped because of a coordinate filter.
 (see also unbounded coords=jump). 
NOTE: coordinate (2009-07-01,) has been dropped because of a coordinate filter.
 (see also unbounded coords=jump). 
NOTE: coordinate (2010-07-01,) has been dropped because of a coordinate filter.
 (see also unbounded coords=jump). 
NOTE: coordinate (2011-07-01,) has been dropped because of a coordinate filter.
 (see also unbounded coords=jump). 
NOTE: coordinate (2012-07-01,) has been dropped because of a coordinate filter.
 (see also unbounded coords=jump). 
NOTE: coordinate (2018-07-01,) has been dropped because of a coordinate filter.
 (see also unbounded coords=jump). 
NOTE: coordinate (2019-07-01,) has been dropped because of a coordinate filter.
 (see also unbounded coords=jump). 
NOTE: coordinate (2020-07-01,) has been dropped because of a coordinate filter.
 (see also unbounded coords=jump). 
NOTE: coordinate (2021-07-01,) has been dropped because of a coordinate filter.
 (see also unbounded coords=jump). 
NOTE: coordinate (2022-07-01,) has been dropped because of a coordinate filter.
 (see also unbounded coords=jump). 
NOTE: coordinate (2023-07-01,) has been dropped because of a coordinate filter.
 (see also unbounded coords=jump). 
NOTE: coordinate (2024-07-01,) has been dropped because of a coordinate filter.
 (see also unbounded coords=jump). 
PGFPlots: reading {data/real_med_hh_inc.csv}
NOTE: coordinate (2014-07-01,) has been dropped because of a coordinate filter.
 (see also unbounded coords=jump). 
NOTE: coordinate (2015-07-01,) has been dropped because of a coordinate filter.
 (see also unbounded coords=jump). 
NOTE: coordinate (2016-07-01,) has been dropped because of a coordinate filter.
 (see also unbounded coords=jump). 
NOTE: coordinate (2017-07-01,) has been dropped because of a coordinate filter.
 (see also unbounded coords=jump). 
NOTE: coordinate (2018-07-01,) has been dropped because of a coordinate filter.
 (see also unbounded coords=jump). 
NOTE: coordinate (2019-07-01,) has been dropped because of a coordinate filter.
 (see also unbounded coords=jump). 
NOTE: coordinate (2020-07-01,) has been dropped because of a coordinate filter.
 (see also unbounded coords=jump). 
NOTE: coordinate (2021-07-01,) has been dropped because of a coordinate filter.
 (see also unbounded coords=jump). 
NOTE: coordinate (2022-07-01,) has been dropped because of a coordinate filter.
 (see also unbounded coords=jump). 
NOTE: coordinate (2023-07-01,) has been dropped because of a coordinate filter.
 (see also unbounded coords=jump). 
NOTE: coordinate (2024-07-01,) has been dropped because of a coordinate filter.
 (see also unbounded coords=jump). 
PGFPlots: reading {data/real_med_hh_inc.csv}
NOTE: coordinate (1989-07-01,) has been dropped because of a coordinate filter.
 (see also unbounded coords=jump). 
NOTE: coordinate (1990-07-01,) has been dropped because of a coordinate filter.
 (see also unbounded coords=jump). 
NOTE: coordinate (1991-07-01,) has been dropped because of a coordinate filter.
 (see also unbounded coords=jump). 
NOTE: coordinate (1992-07-01,) has been dropped because of a coordinate filter.
 (see also unbounded coords=jump). 
NOTE: coordinate (1993-07-01,) has been dropped because of a coordinate filter.
 (see also unbounded coords=jump). 
NOTE: coordinate (1994-07-01,) has been dropped because of a coordinate filter.
 (see also unbounded coords=jump). 
NOTE: coordinate (1995-07-01,) has been dropped because of a coordinate filter.
 (see also unbounded coords=jump). 
NOTE: coordinate (1996-07-01,) has been dropped because of a coordinate filter.
 (see also unbounded coords=jump). 
NOTE: coordinate (1997-07-01,) has been dropped because of a coordinate filter.
 (see also unbounded coords=jump). 
NOTE: coordinate (1998-07-01,) has been dropped because of a coordinate filter.
 (see also unbounded coords=jump). 
NOTE: coordinate (1999-07-01,) has been dropped because of a coordinate filter.
 (see also unbounded coords=jump). 
NOTE: coordinate (2000-07-01,) has been dropped because of a coordinate filter.
 (see also unbounded coords=jump). 
NOTE: coordinate (2001-07-01,) has been dropped because of a coordinate filter.
 (see also unbounded coords=jump). 
NOTE: coordinate (2002-07-01,) has been dropped because of a coordinate filter.
 (see also unbounded coords=jump). 
NOTE: coordinate (2003-07-01,) has been dropped because of a coordinate filter.
 (see also unbounded coords=jump). 
NOTE: coordinate (2004-07-01,) has been dropped because of a coordinate filter.
 (see also unbounded coords=jump). 
NOTE: coordinate (2005-07-01,) has been dropped because of a coordinate filter.
 (see also unbounded coords=jump). 
NOTE: coordinate (2006-07-01,) has been dropped because of a coordinate filter.
 (see also unbounded coords=jump). 
NOTE: coordinate (2007-07-01,) has been dropped because of a coordinate filter.
 (see also unbounded coords=jump). 
NOTE: coordinate (2008-07-01,) has been dropped because of a coordinate filter.
 (see also unbounded coords=jump). 
NOTE: coordinate (2009-07-01,) has been dropped because of a coordinate filter.
 (see also unbounded coords=jump). 
NOTE: coordinate (2010-07-01,) has been dropped because of a coordinate filter.
 (see also unbounded coords=jump). 
NOTE: coordinate (2011-07-01,) has been dropped because of a coordinate filter.
 (see also unbounded coords=jump). 
NOTE: coordinate (2012-07-01,) has been dropped because of a coordinate filter.
 (see also unbounded coords=jump). 
NOTE: coordinate (2013-07-01,) has been dropped because of a coordinate filter.
 (see also unbounded coords=jump). 
NOTE: coordinate (2014-07-01,) has been dropped because of a coordinate filter.
 (see also unbounded coords=jump). 
NOTE: coordinate (2015-07-01,) has been dropped because of a coordinate filter.
 (see also unbounded coords=jump). 
NOTE: coordinate (2016-07-01,) has been dropped because of a coordinate filter.
 (see also unbounded coords=jump). 
PGFPlots: reading {data/real_med_hh_inc.csv}
NOTE: coordinate (1989-07-01,) has been dropped because of a coordinate filter.
 (see also unbounded coords=jump). 
NOTE: coordinate (1990-07-01,) has been dropped because of a coordinate filter.
 (see also unbounded coords=jump). 
NOTE: coordinate (1991-07-01,) has been dropped because of a coordinate filter.
 (see also unbounded coords=jump). 
NOTE: coordinate (1992-07-01,) has been dropped because of a coordinate filter.
 (see also unbounded coords=jump). 
NOTE: coordinate (1993-07-01,) has been dropped because of a coordinate filter.
 (see also unbounded coords=jump). 
NOTE: coordinate (1994-07-01,) has been dropped because of a coordinate filter.
 (see also unbounded coords=jump). 
NOTE: coordinate (1995-07-01,) has been dropped because of a coordinate filter.
 (see also unbounded coords=jump). 
NOTE: coordinate (1996-07-01,) has been dropped because of a coordinate filter.
 (see also unbounded coords=jump). 
NOTE: coordinate (1997-07-01,) has been dropped because of a coordinate filter.
 (see also unbounded coords=jump). 
NOTE: coordinate (1998-07-01,) has been dropped because of a coordinate filter.
 (see also unbounded coords=jump). 
NOTE: coordinate (1999-07-01,) has been dropped because of a coordinate filter.
 (see also unbounded coords=jump). 
NOTE: coordinate (2000-07-01,) has been dropped because of a coordinate filter.
 (see also unbounded coords=jump). 
NOTE: coordinate (2001-07-01,) has been dropped because of a coordinate filter.
 (see also unbounded coords=jump). 
NOTE: coordinate (2002-07-01,) has been dropped because of a coordinate filter.
 (see also unbounded coords=jump). 
NOTE: coordinate (2003-07-01,) has been dropped because of a coordinate filter.
 (see also unbounded coords=jump). 
NOTE: coordinate (2004-07-01,) has been dropped because of a coordinate filter.
 (see also unbounded coords=jump). 
NOTE: coordinate (2005-07-01,) has been dropped because of a coordinate filter.
 (see also unbounded coords=jump). 
NOTE: coordinate (2006-07-01,) has been dropped because of a coordinate filter.
 (see also unbounded coords=jump). 
NOTE: coordinate (2007-07-01,) has been dropped because of a coordinate filter.
 (see also unbounded coords=jump). 
NOTE: coordinate (2008-07-01,) has been dropped because of a coordinate filter.
 (see also unbounded coords=jump). 
NOTE: coordinate (2009-07-01,) has been dropped because of a coordinate filter.
 (see also unbounded coords=jump). 
NOTE: coordinate (2010-07-01,) has been dropped because of a coordinate filter.
 (see also unbounded coords=jump). 
NOTE: coordinate (2011-07-01,) has been dropped because of a coordinate filter.
 (see also unbounded coords=jump). 
NOTE: coordinate (2012-07-01,) has been dropped because of a coordinate filter.
 (see also unbounded coords=jump). 
NOTE: coordinate (2018-07-01,) has been dropped because of a coordinate filter.
 (see also unbounded coords=jump). 
NOTE: coordinate (2019-07-01,) has been dropped because of a coordinate filter.
 (see also unbounded coords=jump). 
NOTE: coordinate (2020-07-01,) has been dropped because of a coordinate filter.
 (see also unbounded coords=jump). 
NOTE: coordinate (2021-07-01,) has been dropped because of a coordinate filter.
 (see also unbounded coords=jump). 
NOTE: coordinate (2022-07-01,) has been dropped because of a coordinate filter.
 (see also unbounded coords=jump). 
NOTE: coordinate (2023-07-01,) has been dropped because of a coordinate filter.
 (see also unbounded coords=jump). 
NOTE: coordinate (2024-07-01,) has been dropped because of a coordinate filter.
 (see also unbounded coords=jump). 
PGFPlots: reading {data/real_med_hh_inc.csv}
NOTE: coordinate (2014-07-01,) has been dropped because of a coordinate filter.
 (see also unbounded coords=jump). 
NOTE: coordinate (2015-07-01,) has been dropped because of a coordinate filter.
 (see also unbounded coords=jump). 
NOTE: coordinate (2016-07-01,) has been dropped because of a coordinate filter.
 (see also unbounded coords=jump). 
NOTE: coordinate (2017-07-01,) has been dropped because of a coordinate filter.
 (see also unbounded coords=jump). 
NOTE: coordinate (2018-07-01,) has been dropped because of a coordinate filter.
 (see also unbounded coords=jump). 
NOTE: coordinate (2019-07-01,) has been dropped because of a coordinate filter.
 (see also unbounded coords=jump). 
NOTE: coordinate (2020-07-01,) has been dropped because of a coordinate filter.
 (see also unbounded coords=jump). 
NOTE: coordinate (2021-07-01,) has been dropped because of a coordinate filter.
 (see also unbounded coords=jump). 
NOTE: coordinate (2022-07-01,) has been dropped because of a coordinate filter.
 (see also unbounded coords=jump). 
NOTE: coordinate (2023-07-01,) has been dropped because of a coordinate filter.
 (see also unbounded coords=jump). 
NOTE: coordinate (2024-07-01,) has been dropped because of a coordinate filter.
 (see also unbounded coords=jump). 
(./text/real_med_hh_inc.txt)

[41] (./text/med_hh_inc_state.txt) (./text/rmhi_acs_ltdt.txt)
(./text/rmhi_acs_ltdt.txt) (./data/hh_med_inc.pgf)

[42] (./text/gdp_ltdt.txt)
Package pgfplots info on input line 2982: dateplot: setting 'date ZERO={1990-01
-01}' for this axis.
Package pgfplots info on input line 2982: Using 'lua backend=false' for axis: x
 coord trafo unsupported.
PGFPlots: reading {data/pce_levels.csv}
PGFPlots: reading {data/pce_levels.csv}
 (./text/pce_levels.txt) (./text/gdp_ltdt.txt)
Package pgfplots info on input line 3009: dateplot: setting 'date ZERO={1990-01
-01}' for this axis.
Package pgfplots info on input line 3009: Using 'lua backend=false' for axis: x
 coord trafo unsupported.
PGFPlots: reading {data/pce_levels.csv}
PGFPlots: reading {data/pce_levels.csv}

(./text/pce2_levels.txt)
Underfull \hbox (badness 1226) in paragraph at lines 1--3023
[]\TU/Lato(0)/m/n/9 Within con-sumer spend-ing on ser-
 []



[43] (./text/gdp_ltdt.txt)
Package pgfplots info on input line 3043: dateplot: setting 'date ZERO={1990-01
-01}' for this axis.
Package pgfplots info on input line 3043: Using 'lua backend=false' for axis: x
 coord trafo unsupported.
PGFPlots: reading {data/pce_levels.csv}
PGFPlots: reading {data/pce_levels.csv}
PGFPlots: reading {data/pce_levels.csv}
 (./text/pce3_levels.txt
Underfull \hbox (badness 10000) in paragraph at lines 1--2
[]\TU/Lato(0)/m/n/9 Con-sumer spend-ing on ser-vices
 []


Underfull \hbox (badness 5175) in paragraph at lines 1--2
\TU/Lato(0)/m/n/9 other than hous-ing and util-i-ties
 []

) (./text/gdp_ltdt.txt) (./data/pce_levels.tex)

[44] (./text/pce_cats_share.txt) (./text/pce1.txt) (./text/pce_cats_now.txt)
Package pgfplots info on input line 3093: dateplot: setting 'date ZERO={1988-01
-01}' for this axis.
Package pgfplots info on input line 3093: Using 'lua backend=false' for axis: x
 coord trafo unsupported.
PGFPlots: reading {data/pce_ma.csv}
PGFPlots: reading {data/pce_ma.csv}
PGFPlots: reading {data/pce_ma.csv}

(./text/pce2.txt) (./data/pce.tex)

[45
Missing character: There is no ; (U+003B) in font nullfont!
] (./text/npce_gr_decomp.txt)
Package pgfplots info on input line 3151: dateplot: setting 'date ZERO={1989-12
-31}' for this axis.
Package pgfplots info on input line 3151: Using 'lua backend=false' for axis: x
 coord trafo unsupported.
PGFPlots: reading {data/npcedecomp.csv}
PGFPlots: reading {data/npcedecomp.csv}
PGFPlots: reading {data/npcedecomp.csv}
PGFPlots: reading {data/npce_gr.csv}
 (./text/npce_gr_node.txt)
(./text/rpcpce_3m_decomp.txt)
Underfull \hbox (badness 1616) in paragraph at lines 1--3172
\TU/Lato(0)/m/n/9 sumer spend-ing in-creased at an
 []


Underfull \hbox (badness 2401) in paragraph at lines 1--3172
\TU/Lato(0)/m/n/9 cem-ber 2025. Real per capita
 []

PGFPlots: reading {data/npcedecomp3m.csv}
Package pgfplots info on input line 3186: Using 'lua backend=false' for axis: x
 coord trafo unsupported.
Package pgfplots info on input line 3187: dateplot: setting 'date ZERO={2024-06
-01}' for this axis.
(./text/npce_decomp3m_node.txt) (./text/rpcpce_ltgr.txt)
Underfull \hbox (badness 10000) in paragraph at lines 3--3210
[]\TU/Lato(0)/m/n/9 The three month growth rate
 []

PGFPlots: reading {data/npcegr.csv}
Package pgfplots info on input line 3224: Using 'lua backend=false' for axis: x
 coord trafo unsupported.
Package pgfplots info on input line 3225: dateplot: setting 'date ZERO={2024-06
-01}' for this axis.
(./text/npcegr_nodes.txt)

[46] (./text/pcedecomp.txt)
Package pgfplots info on input line 3259: dateplot: setting 'date ZERO={1988-01
-01}' for this axis.
Package pgfplots info on input line 3259: Using 'lua backend=false' for axis: x
 coord trafo unsupported.
PGFPlots: reading {data/pcedecomp.csv}
PGFPlots: reading {data/pcedecomp.csv}
PGFPlots: reading {data/pcedecomp.csv}
PGFPlots: reading {data/pcedecomp.csv}
 (./text/exp_inc_save_mon.txt)
PGFPlots: reading {data/exp_inc_save_mon.csv}
Package pgfplots info on input line 3293: Using 'lua backend=false' for axis: x
 coord trafo unsupported.
Package pgfplots info on input line 3294: dateplot: setting 'date ZERO={2024-06
-01}' for this axis.

(./text/exp_inc_save_mon_node.txt)

[47
Missing character: There is no ; (U+003B) in font nullfont!
] (./text/psavert.txt)
Package pgfplots info on input line 3325: dateplot: setting 'date ZERO={1988-01
-01}' for this axis.
Package pgfplots info on input line 3325: Using 'lua backend=false' for axis: x
 coord trafo unsupported.
PGFPlots: reading {data/psavert.csv}
 (./text/psavert_node.txt)
Package pgfplots info on input line 3352: dateplot: setting 'date ZERO={1990-01
-01}' for this axis.
Package pgfplots info on input line 3352: Using 'lua backend=false' for axis: x
 coord trafo unsupported.
PGFPlots: reading {data/save_dist.csv}
PGFPlots: reading {data/save_dist.csv}
PGFPlots: reading {data/save_dist.csv}
PGFPlots: reading {data/save_dist.csv}
PGFPlots: reading {data/save_dist.csv}
 (./text/save_dist_nodes.txt)
(./text/save_dist.txt)

[48] (./text/umichsoc.txt)
Package pgfplots info on input line 3393: dateplot: setting 'date ZERO={1988-01
-01}' for this axis.
Package pgfplots info on input line 3393: Using 'lua backend=false' for axis: x
 coord trafo unsupported.
PGFPlots: reading {data/umichsoc.csv}
 (./text/soc_node.txt) (./text/umichsoc_ice.txt)
Package pgfplots info on input line 3417: dateplot: setting 'date ZERO={1989-01
-01}' for this axis.
Package pgfplots info on input line 3417: Using 'lua backend=false' for axis: x
 coord trafo unsupported.
PGFPlots: reading {data/umichsoc_ice.csv}

(./text/icc_node.txt)
Package pgfplots info on input line 3427: dateplot: setting 'date ZERO={1989-01
-01}' for this axis.
Package pgfplots info on input line 3427: Using 'lua backend=false' for axis: x
 coord trafo unsupported.
PGFPlots: reading {data/umichsoc_ice.csv}
 (./text/ice_node.txt)

[49] (./text/hh_bs_overview1.txt) (./text/hh_bs_overview2.txt)
Underfull \hbox (badness 1490) in paragraph at lines 3--3458
[]\TU/Lato(0)/m/n/9 House-hold wealth---assets mi-
 []

Package pgfplots info on input line 3469: dateplot: setting 'date ZERO={1990-01
-01}' for this axis.
Package pgfplots info on input line 3469: Using 'lua backend=false' for axis: x
 coord trafo unsupported.
PGFPlots: reading {data/hh_bs_overview.csv}
PGFPlots: reading {data/hh_bs_overview.csv}
PGFPlots: reading {data/hh_bs_overview.csv}
PGFPlots: reading {data/hh_bs_overview.csv}
PGFPlots: reading {data/hh_bs_overview.csv}
(./text/dfa_hh_bs_summary.txt) (./text/dfa_date.txt) (./data/hhbs_lt.tex)

[50] (./text/hhdebt1.txt)
Package pgfplots info on input line 3536: dateplot: setting 'date ZERO={1990-01
-01}' for this axis.
Package pgfplots info on input line 3536: Using 'lua backend=false' for axis: x
 coord trafo unsupported.
PGFPlots: reading {data/hhdebt.csv}
PGFPlots: reading {data/hhdebt.csv}
PGFPlots: reading {data/hhdebt.csv}
 (./text/hhnpdebt_nodes.txt) (./text/hhdebt2.txt)
Underfull \hbox (badness 1460) in paragraph at lines 3--3557
[]\TU/Lato(0)/m/n/9 Since 2019, house-hold and
 []


Underfull \hbox (badness 2818) in paragraph at lines 3--3557
\TU/Lato(0)/m/n/9 to-income ra-tio fell by 7.2
 []

(./text/hhcdebt_revised.txt)
Package pgfplots info on input line 3578: dateplot: setting 'date ZERO={1990-01
-01}' for this axis.
Package pgfplots info on input line 3578: Using 'lua backend=false' for axis: x
 coord trafo unsupported.
PGFPlots: reading {data/hhcdebt.csv}
PGFPlots: reading {data/hhcdebt.csv}

NOTE: coordinate (1999-01-01,) has been dropped because of a coordinate filter.
 (see also unbounded coords=jump). 
NOTE: coordinate (1999-04-01,) has been dropped because of a coordinate filter.
 (see also unbounded coords=jump). 
NOTE: coordinate (1999-07-01,) has been dropped because of a coordinate filter.
 (see also unbounded coords=jump). 
NOTE: coordinate (1999-10-01,) has been dropped because of a coordinate filter.
 (see also unbounded coords=jump). 
NOTE: coordinate (2000-01-01,) has been dropped because of a coordinate filter.
 (see also unbounded coords=jump). 
NOTE: coordinate (2000-04-01,) has been dropped because of a coordinate filter.
 (see also unbounded coords=jump). 
NOTE: coordinate (2000-07-01,) has been dropped because of a coordinate filter.
 (see also unbounded coords=jump). 
NOTE: coordinate (2000-10-01,) has been dropped because of a coordinate filter.
 (see also unbounded coords=jump). 
NOTE: coordinate (2001-01-01,) has been dropped because of a coordinate filter.
 (see also unbounded coords=jump). 
NOTE: coordinate (2001-04-01,) has been dropped because of a coordinate filter.
 (see also unbounded coords=jump). 
NOTE: coordinate (2001-07-01,) has been dropped because of a coordinate filter.
 (see also unbounded coords=jump). 
NOTE: coordinate (2001-10-01,) has been dropped because of a coordinate filter.
 (see also unbounded coords=jump). 
NOTE: coordinate (2002-01-01,) has been dropped because of a coordinate filter.
 (see also unbounded coords=jump). 
NOTE: coordinate (2002-04-01,) has been dropped because of a coordinate filter.
 (see also unbounded coords=jump). 
NOTE: coordinate (2002-07-01,) has been dropped because of a coordinate filter.
 (see also unbounded coords=jump). 
NOTE: coordinate (2002-10-01,) has been dropped because of a coordinate filter.
 (see also unbounded coords=jump). 
PGFPlots: reading {data/hhcdebt.csv}
(./text/cc_nodes.txt) (./text/frbny_ccp_bars.txt) (./text/cc_dates.txt)
(./text/hhcdebt5.txt)

[51] (./data/hhcdebt.tex) (./text/cc_dpi.txt) (./text/cc_dpi_2.txt)
Package pgfplots info on input line 3658: dateplot: setting 'date ZERO={1988-01
-01}' for this axis.
Package pgfplots info on input line 3658: Using 'lua backend=false' for axis: x
 coord trafo unsupported.
PGFPlots: reading {data/hhcdebt.csv}
PGFPlots: reading {data/cc_dpi_monthly.csv}

(./text/cc_dpi_monthly_node.txt)

[52] (./text/hhasset.txt)
Package pgfplots info on input line 3687: dateplot: setting 'date ZERO={2026-02
-28}' for this axis.
Package pgfplots info on input line 3687: Using 'lua backend=false' for axis: x
 coord trafo unsupported.
PGFPlots: reading {data/hhassetsgdp.csv}
PGFPlots: reading {data/hhassetsgdp.csv}
PGFPlots: reading {data/hhassetsgdp.csv}
PGFPlots: reading {data/hhassetsgdp.csv}
 (./text/hhasset_nodes.txt) (./text/hhasset2.txt)
Package pgfplots info on input line 3719: dateplot: setting 'date ZERO={2026-02
-28}' for this axis.
Package pgfplots info on input line 3719: Using 'lua backend=false' for axis: x
 coord trafo unsupported.
PGFPlots: reading {data/hh_asset_growth.csv}
PGFPlots: reading {data/hh_asset_growth.csv}
PGFPlots: reading {data/hh_asset_growth.csv}
PGFPlots: reading {data/hh_asset_growth.csv}


[53
Missing character: There is no ; (U+003B) in font nullfont!
] (./data/hhasset.tex) (./text/dpishta.txt)
Package pgfplots info on input line 3757: dateplot: setting 'date ZERO={2026-02
-28}' for this axis.
Package pgfplots info on input line 3757: Using 'lua backend=false' for axis: x
 coord trafo unsupported.
PGFPlots: reading {data/dpish.csv}
 (./text/dpish_node.txt)

[54] (./text/hh_avg_pc_wealth_summary1.txt)
(./text/hh_avg_pc_wealth_summary2.txt) (./text/hh_avg_pc_wealth_date.txt)
Package pgfplots info on input line 3785: dateplot: setting 'date ZERO={1990-01
-01}' for this axis.
Package pgfplots info on input line 3785: Using 'lua backend=false' for axis: x
 coord trafo unsupported.
PGFPlots: reading {data/hh_avg_pc_wealth.csv}

(./text/hh_avg_pc_wealth_node.txt)
PGFPlots: reading {data/wealth_dist.csv}
Package pgfplots info on input line 3806: Using 'lua backend=false' for plot 0 
(type 'pgfplothandlerybar'): LUA does not support xtick=data (yet).
PGFPlots: reading {data/wealth_dist.csv}

Overfull \hbox (1.33334pt too wide) in paragraph at lines 3812--3812
 \TU/Lato(0)/m/n/7 100[] 
 []

(./text/nw1.txt) (./text/nw2.txt)
Package pgfplots info on input line 3842: dateplot: setting 'date ZERO={1988-01
-01}' for this axis.
Package pgfplots info on input line 3842: Using 'lua backend=false' for axis: x
 coord trafo unsupported.
PGFPlots: reading {data/rdpi_nw.csv}
PGFPlots: reading {data/rdpi_nw.csv}


[55
Missing character: There is no ; (U+003B) in font nullfont!
] (./text/dfa_nw_sh.txt)
Package pgfplots info on input line 3870: dateplot: setting 'date ZERO={1990-01
-01}' for this axis.
Package pgfplots info on input line 3870: Using 'lua backend=false' for axis: x
 coord trafo unsupported.
PGFPlots: reading {data/dfa_nw_sh.csv}
PGFPlots: reading {data/dfa_nw_sh.csv}
PGFPlots: reading {data/dfa_nw_sh.csv}
PGFPlots: reading {data/dfa_nw_sh.csv}
 (./text/dfa_nw_sh_nodes.txt)
(./text/income_wealthg1.txt) (./text/scf_year.txt)
Package pgfplots info on input line 3908: dateplot: setting 'date ZERO={1990-01
-01}' for this axis.
Package pgfplots info on input line 3908: Using 'lua backend=false' for axis: x
 coord trafo unsupported.
PGFPlots: reading {data/scfwealthmedian.csv}
PGFPlots: reading {data/scfwealthmedian.csv}
PGFPlots: reading {data/scfwealthmedian.csv}
PGFPlots: reading {data/scfwealthmedian.csv}
PGFPlots: reading {data/scfwealthmedian.csv}

(./text/scfwealthmedian_nodes.txt) (./text/income_wealthg2.txt
Underfull \hbox (badness 1762) in paragraph at lines 1--2
\TU/Lato(0)/m/n/9 (50th to 74.9th per-centiles, mean
 []

)

[56] (./text/scfracialwealthgap.txt) (./text/scf_year.txt)
Package pgfplots info on input line 3951: Using 'lua backend=false' for axis: x
 coord trafo unsupported.
PGFPlots: reading {data/race_wealth_gap_mu.csv}
Package pgfplots info on input line 3968: Using 'lua backend=false' for axis: x
 coord trafo unsupported.
PGFPlots: reading {data/race_wealth_gap_md.csv}
 (./text/scf_year.txt)
LaTeX Font Info:    Font shape `TU/Lato(0)/m/n' will be
(Font)              scaled to size 14.4pt on input line 3987.
LaTeX Font Info:    Font shape `TU/Lato(0)/b/n' will be
(Font)              scaled to size 14.4pt on input line 3987.
Package pgfplots info on input line 3995: dateplot: setting 'date ZERO={2026-02
-28}' for this axis.
Package pgfplots info on input line 3995: Using 'lua backend=false' for axis: x
 coord trafo unsupported.
PGFPlots: reading {data/scfracemean.csv}
PGFPlots: reading {data/scfracemean.csv}
PGFPlots: reading {data/scfracemean.csv}
PGFPlots: reading {data/scfracemean.csv}

Overfull \hbox (2.77296pt too wide) in paragraph at lines 3992--4006
[]|  [] 
 []

Package pgfplots info on input line 4011: dateplot: setting 'date ZERO={2026-02
-28}' for this axis.
Package pgfplots info on input line 4011: Using 'lua backend=false' for axis: x
 coord trafo unsupported.
PGFPlots: reading {data/scfracemean0.csv}
PGFPlots: reading {data/scfracemean0.csv}
PGFPlots: reading {data/scfracemean0.csv}
PGFPlots: reading {data/scfracemean0.csv}

Overfull \hbox (1.33542pt too wide) in paragraph at lines 4021--4022
[][] 
 []

Package pgfplots info on input line 4027: dateplot: setting 'date ZERO={2026-02
-28}' for this axis.
Package pgfplots info on input line 4027: Using 'lua backend=false' for axis: x
 coord trafo unsupported.
PGFPlots: reading {data/scfracemean1.csv}
PGFPlots: reading {data/scfracemean1.csv}
PGFPlots: reading {data/scfracemean1.csv}
PGFPlots: reading {data/scfracemean1.csv}
(./text/scfracestocks.txt) (./text/scf_year.txt)
Package pgfplots info on input line 4056: dateplot: setting 'date ZERO={2026-02
-28}' for this axis.
Package pgfplots info on input line 4056: Using 'lua backend=false' for axis: x
 coord trafo unsupported.
PGFPlots: reading {data/scfracemean2.csv}
PGFPlots: reading {data/scfracemean2.csv}
PGFPlots: reading {data/scfracemean2.csv}
PGFPlots: reading {data/scfracemean2.csv}
Package pgfplots info on input line 4071: dateplot: setting 'date ZERO={2026-02
-28}' for this axis.
Package pgfplots info on input line 4071: Using 'lua backend=false' for axis: x
 coord trafo unsupported.
PGFPlots: reading {data/scfracehave.csv}
PGFPlots: reading {data/scfracehave.csv}
PGFPlots: reading {data/scfracehave.csv}
PGFPlots: reading {data/scfracehave.csv}


[57]
Package pgfplots info on input line 4101: dateplot: setting 'date ZERO={1988-01
-01}' for this axis.
Package pgfplots info on input line 4101: Using 'lua backend=false' for axis: x
 coord trafo unsupported.
PGFPlots: reading {data/nw_gr.csv}
PGFPlots: reading {data/nw_gr.csv}
PGFPlots: reading {data/nw_gr.csv}
PGFPlots: reading {data/nw_gr.csv}
 (./text/nwcontrib.txt)

[58
Missing character: There is no ; (U+003B) in font nullfont!
] (./text/homeown.txt)
Package pgfplots info on input line 4133: dateplot: setting 'date ZERO={1990-01
-01}' for this axis.
Package pgfplots info on input line 4133: Using 'lua backend=false' for axis: x
 coord trafo unsupported.
PGFPlots: reading {data/homeown.csv}
PGFPlots: reading {data/homeown2.csv}
PGFPlots: reading {data/homeown2.csv}
PGFPlots: reading {data/homeown2.csv}
PGFPlots: reading {data/homeown2.csv}
 (./text/homeown_node.txt) (./text/homeown_white_node.txt) (./text/homeown_othe
r_node.txt) (./text/homeown_hispanic_node.txt)
(./text/homeown_black_node.txt) (./text/homeown2.txt) (./text/homeown3.txt)
(./text/homeeq.txt)
Underfull \hbox (badness 1205) in paragraph at lines 3--4176
\TU/Lato(0)/m/n/9 cent-age point. The cur-rent
 []

Package pgfplots info on input line 4188: dateplot: setting 'date ZERO={1989-10
-01}' for this axis.
Package pgfplots info on input line 4188: Using 'lua backend=false' for axis: x
 coord trafo unsupported.
PGFPlots: reading {data/homeeq.csv}
(./text/homeeq_node.txt)

[59] (./text/permits.txt) (./text/completions.txt) (./text/permits_single.txt)
(./text/permits_multi.txt)
Package pgfplots info on input line 4220: dateplot: setting 'date ZERO={1990-01
-01}' for this axis.
Package pgfplots info on input line 4220: Using 'lua backend=false' for axis: x
 coord trafo unsupported.
PGFPlots: reading {data/permits_totalq.csv}
 (./text/permits_node.txt)
Package pgfplots info on input line 4227: dateplot: setting 'date ZERO={1990-01
-01}' for this axis.
Package pgfplots info on input line 4227: Using 'lua backend=false' for axis: x
 coord trafo unsupported.
PGFPlots: reading {data/permits_totalq.csv}

(./text/completions_node.txt)
Package pgfplots info on input line 4246: dateplot: setting 'date ZERO={1990-01
-01}' for this axis.
Package pgfplots info on input line 4246: Using 'lua backend=false' for axis: x
 coord trafo unsupported.
PGFPlots: reading {data/permits_singleq.csv}
 (./text/permits_single_node.txt)
Package pgfplots info on input line 4253: dateplot: setting 'date ZERO={1990-01
-01}' for this axis.
Package pgfplots info on input line 4253: Using 'lua backend=false' for axis: x
 coord trafo unsupported.
PGFPlots: reading {data/permits_singleq.csv}

(./text/completions_single_node.txt)
Package pgfplots info on input line 4272: dateplot: setting 'date ZERO={1990-01
-01}' for this axis.
Package pgfplots info on input line 4272: Using 'lua backend=false' for axis: x
 coord trafo unsupported.
PGFPlots: reading {data/permits_multiq.csv}
 (./text/permits_multi_node.txt)
Package pgfplots info on input line 4279: dateplot: setting 'date ZERO={1990-01
-01}' for this axis.
Package pgfplots info on input line 4279: Using 'lua backend=false' for axis: x
 coord trafo unsupported.
PGFPlots: reading {data/permits_multiq.csv}

(./text/completions_multi_node.txt)

[60] (./text/nhs.txt)
Package pgfplots info on input line 4313: dateplot: setting 'date ZERO={1988-01
-01}' for this axis.
Package pgfplots info on input line 4313: Using 'lua backend=false' for axis: x
 coord trafo unsupported.
PGFPlots: reading {data/nhs.csv}
 (./text/nhs_node.txt) (./text/nhs_rp.txt)
(./text/nhs_p_dt.txt)
Package pgfplots info on input line 4336: dateplot: setting 'date ZERO={1988-01
-01}' for this axis.
Package pgfplots info on input line 4336: Using 'lua backend=false' for axis: x
 coord trafo unsupported.
PGFPlots: reading {data/nhs_rpq.csv}
 (./text/nhs_rp_node.txt) (./text/nhs_s.txt)
Package pgfplots info on input line 4359: dateplot: setting 'date ZERO={1988-01
-01}' for this axis.
Package pgfplots info on input line 4359: Using 'lua backend=false' for axis: x
 coord trafo unsupported.
PGFPlots: reading {data/nhs_s_q.csv}

(./text/nhs_s_node.txt)
Overfull \hbox (1.54933pt too wide) in paragraph at lines 4351--4366
|  [] 
 []



[61] (./text/nha_payment.txt)
Package pgfplots info on input line 4387: dateplot: setting 'date ZERO={1990-01
-01}' for this axis.
Package pgfplots info on input line 4387: Using 'lua backend=false' for axis: x
 coord trafo unsupported.
PGFPlots: reading {data/nhaq.csv}
 (./text/nha_node.txt) (./text/nha2.txt)
Underfull \hbox (badness 3068) in paragraph at lines 3--4399
[]\TU/Lato(0)/m/n/9 The new house af-ford-abil-ity
 []


Underfull \hbox (badness 2376) in paragraph at lines 3--4399
\TU/Lato(0)/m/n/9 in-dex (see []\TU/Lato(0)/b/n/9 ---[]\TU/Lato(0)/m/n/9 ) com-p
ares the
 []


Underfull \hbox (badness 4805) in paragraph at lines 3--4399
\TU/Lato(0)/m/n/9 monthly pay-ment with one-
 []


Underfull \hbox (badness 1062) in paragraph at lines 3--4399
\TU/Lato(0)/m/n/9 wage. The me-dian full-time
 []

(./data/nha.tex) (./text/housing_price_summary.txt)
Package pgfplots info on input line 4434: dateplot: setting 'date ZERO={1988-01
-01}' for this axis.
Package pgfplots info on input line 4434: Using 'lua backend=false' for axis: x
 coord trafo unsupported.
PGFPlots: reading {data/housing_price_summary.csv}
PGFPlots: reading {data/housing_price_summary.csv}

NOTE: coordinate (2025-12-01,) has been dropped because of a coordinate filter.
 (see also unbounded coords=jump). 
NOTE: coordinate (2026-01-01,) has been dropped because of a coordinate filter.
 (see also unbounded coords=jump). 
PGFPlots: reading {data/housing_price_summary.csv}
NOTE: coordinate (2025-12-01,) has been dropped because of a coordinate filter.
 (see also unbounded coords=jump). 
NOTE: coordinate (2026-01-01,) has been dropped because of a coordinate filter.
 (see also unbounded coords=jump). 

Overfull \hbox (1.33334pt too wide) in paragraph at lines 4440--4440
 [][][]\TU/Lato(0)/m/n/7 100[]
 []


Overfull \hbox (1.33334pt too wide) in paragraph at lines 4440--4440
 [][][]\TU/Lato(0)/m/n/7 110[]
 []


Overfull \hbox (1.33334pt too wide) in paragraph at lines 4440--4440
 [][][]\TU/Lato(0)/m/n/7 120[]
 []



[62
Missing character: There is no ; (U+003B) in font nullfont!
] (./text/fhfa.txt)
Package pgfplots info on input line 4460: dateplot: setting 'date ZERO={1988-01
-01}' for this axis.
Package pgfplots info on input line 4460: Using 'lua backend=false' for axis: x
 coord trafo unsupported.
PGFPlots: reading {data/hpi.csv}

NOTE: coordinate (1991-01-01,) has been dropped because of a coordinate filter.
 (see also unbounded coords=jump). 
NOTE: coordinate (1991-02-01,) has been dropped because of a coordinate filter.
 (see also unbounded coords=jump). 
NOTE: coordinate (1991-03-01,) has been dropped because of a coordinate filter.
 (see also unbounded coords=jump). 
NOTE: coordinate (1991-04-01,) has been dropped because of a coordinate filter.
 (see also unbounded coords=jump). 
NOTE: coordinate (1991-05-01,) has been dropped because of a coordinate filter.
 (see also unbounded coords=jump). 
PGFPlots: reading {data/hpi.csv}
NOTE: coordinate (1991-01-01,) has been dropped because of a coordinate filter.
 (see also unbounded coords=jump). 
NOTE: coordinate (1991-02-01,) has been dropped because of a coordinate filter.
 (see also unbounded coords=jump). 
NOTE: coordinate (1991-03-01,) has been dropped because of a coordinate filter.
 (see also unbounded coords=jump). 
NOTE: coordinate (1991-04-01,) has been dropped because of a coordinate filter.
 (see also unbounded coords=jump). 
NOTE: coordinate (1991-05-01,) has been dropped because of a coordinate filter.
 (see also unbounded coords=jump). 
NOTE: coordinate (1991-06-01,) has been dropped because of a coordinate filter.
 (see also unbounded coords=jump). 
NOTE: coordinate (1991-07-01,) has been dropped because of a coordinate filter.
 (see also unbounded coords=jump). 
NOTE: coordinate (1991-08-01,) has been dropped because of a coordinate filter.
 (see also unbounded coords=jump). 
NOTE: coordinate (1991-09-01,) has been dropped because of a coordinate filter.
 (see also unbounded coords=jump). 
NOTE: coordinate (1991-10-01,) has been dropped because of a coordinate filter.
 (see also unbounded coords=jump). 
NOTE: coordinate (1991-11-01,) has been dropped because of a coordinate filter.
 (see also unbounded coords=jump). 
NOTE: coordinate (1991-12-01,) has been dropped because of a coordinate filter.
 (see also unbounded coords=jump). 
(./text/hpi_nodes.txt) (./data/hpi.tex) (./text/hp_rent.txt)
Package pgfplots info on input line 4513: dateplot: setting 'date ZERO={1991-01
-01}' for this axis.
Package pgfplots info on input line 4513: Using 'lua backend=false' for axis: x
 coord trafo unsupported.
PGFPlots: reading {data/hpi_rent_ratio.csv}

Overfull \hbox (1.03093pt too wide) in paragraph at lines 4524--4524
\TU/Lato(0)/m/n/7 above 
 []


Overfull \hbox (1.03093pt too wide) in paragraph at lines 4524--4524
\TU/Lato(0)/m/n/7 above 
 []



[63
Missing character: There is no ; (U+003B) in font nullfont!
] (./text/poverty_intro1.txt) (./text/poverty_intro2.txt)
(./text/poverty_intro3.txt) (./text/poverty_ltyear.txt)
(./text/poverty_summary_bars.txt) (./text/poverty_groups.txt)
(./text/poverty_ltyear.txt)
PGFPlots: reading {data/poor.csv}
Package pgfplots info on input line 4600: Using 'lua backend=false' for plot 0 
(type 'pgfplothandlerxbar'): LUA does not support xtick=data (yet).
Package pgfplots info on input line 4602: Using 'lua backend=false' for plot 1 
(type 'pgfplothandlerxbar'): LUA does not support xtick=data (yet).
PGFPlots: reading {data/poor2.csv}
Package pgfplots info on input line 4623: Using 'lua backend=false' for plot 0 
(type 'pgfplothandlerxbar'): LUA does not support xtick=data (yet).
Package pgfplots info on input line 4625: Using 'lua backend=false' for plot 1 
(type 'pgfplothandlerxbar'): LUA does not support xtick=data (yet).


[64] (./text/poverty_ltyear.txt) (./text/poverty_ltyear.txt)
Package pgfplots info on input line 4660: Using 'lua backend=false' for plot 0 
(type 'pgfplothandlerlineto'): LUA does not support stacked plots (yet).
PGFPlots: reading {data/poor_age_latest.csv}
Package pgfplots info on input line 4664: Using 'lua backend=false' for plot 1 
(type 'pgfplothandlerlineto'): LUA does not support stacked plots (yet).
PGFPlots: reading {data/poor_age_latest.csv}

(./text/poverty_ltyear.txt)
Package pgfplots info on input line 4673: Using 'lua backend=false' for plot 0 
(type 'pgfplothandlerlineto'): LUA does not support stacked plots (yet).
PGFPlots: reading {data/poor_age_prev.csv}
Package pgfplots info on input line 4676: Using 'lua backend=false' for plot 1 
(type 'pgfplothandlerlineto'): LUA does not support stacked plots (yet).
PGFPlots: reading {data/poor_age_prev.csv}
 (./text/poverty_rate_time.txt)
Package pgfplots info on input line 4707: dateplot: setting 'date ZERO={1990-01
-01}' for this axis.
Package pgfplots info on input line 4707: Using 'lua backend=false' for axis: x
 coord trafo unsupported.
PGFPlots: reading {data/poverty_opm_line.csv}

NOTE: coordinate (1989-07-01,) has been dropped because of a coordinate filter.
 (see also unbounded coords=jump). 
NOTE: coordinate (1990-07-01,) has been dropped because of a coordinate filter.
 (see also unbounded coords=jump). 
NOTE: coordinate (1991-07-01,) has been dropped because of a coordinate filter.
 (see also unbounded coords=jump). 
NOTE: coordinate (1992-07-01,) has been dropped because of a coordinate filter.
 (see also unbounded coords=jump). 
NOTE: coordinate (1993-07-01,) has been dropped because of a coordinate filter.
 (see also unbounded coords=jump). 
NOTE: coordinate (1994-07-01,) has been dropped because of a coordinate filter.
 (see also unbounded coords=jump). 
NOTE: coordinate (1995-07-01,) has been dropped because of a coordinate filter.
 (see also unbounded coords=jump). 
NOTE: coordinate (1996-07-01,) has been dropped because of a coordinate filter.
 (see also unbounded coords=jump). 
NOTE: coordinate (1997-07-01,) has been dropped because of a coordinate filter.
 (see also unbounded coords=jump). 
NOTE: coordinate (1998-07-01,) has been dropped because of a coordinate filter.
 (see also unbounded coords=jump). 
NOTE: coordinate (1999-07-01,) has been dropped because of a coordinate filter.
 (see also unbounded coords=jump). 
NOTE: coordinate (2000-07-01,) has been dropped because of a coordinate filter.
 (see also unbounded coords=jump). 
NOTE: coordinate (2001-07-01,) has been dropped because of a coordinate filter.
 (see also unbounded coords=jump). 
NOTE: coordinate (2002-07-01,) has been dropped because of a coordinate filter.
 (see also unbounded coords=jump). 
NOTE: coordinate (2003-07-01,) has been dropped because of a coordinate filter.
 (see also unbounded coords=jump). 
NOTE: coordinate (2004-07-01,) has been dropped because of a coordinate filter.
 (see also unbounded coords=jump). 
NOTE: coordinate (2005-07-01,) has been dropped because of a coordinate filter.
 (see also unbounded coords=jump). 
NOTE: coordinate (2006-07-01,) has been dropped because of a coordinate filter.
 (see also unbounded coords=jump). 
NOTE: coordinate (2007-07-01,) has been dropped because of a coordinate filter.
 (see also unbounded coords=jump). 
NOTE: coordinate (2008-07-01,) has been dropped because of a coordinate filter.
 (see also unbounded coords=jump). 
NOTE: coordinate (2009-07-01,) has been dropped because of a coordinate filter.
 (see also unbounded coords=jump). 
NOTE: coordinate (2010-07-01,) has been dropped because of a coordinate filter.
 (see also unbounded coords=jump). 
NOTE: coordinate (2011-07-01,) has been dropped because of a coordinate filter.
 (see also unbounded coords=jump). 
NOTE: coordinate (2012-07-01,) has been dropped because of a coordinate filter.
 (see also unbounded coords=jump). 
NOTE: coordinate (2013-07-01,) has been dropped because of a coordinate filter.
 (see also unbounded coords=jump). 
NOTE: coordinate (2014-07-01,) has been dropped because of a coordinate filter.
 (see also unbounded coords=jump). 
NOTE: coordinate (2015-07-01,) has been dropped because of a coordinate filter.
 (see also unbounded coords=jump). 
NOTE: coordinate (2016-07-01,) has been dropped because of a coordinate filter.
 (see also unbounded coords=jump). 
PGFPlots: reading {data/poverty_opm_line.csv}
NOTE: coordinate (1989-07-01,) has been dropped because of a coordinate filter.
 (see also unbounded coords=jump). 
NOTE: coordinate (1990-07-01,) has been dropped because of a coordinate filter.
 (see also unbounded coords=jump). 
NOTE: coordinate (1991-07-01,) has been dropped because of a coordinate filter.
 (see also unbounded coords=jump). 
NOTE: coordinate (1992-07-01,) has been dropped because of a coordinate filter.
 (see also unbounded coords=jump). 
NOTE: coordinate (1993-07-01,) has been dropped because of a coordinate filter.
 (see also unbounded coords=jump). 
NOTE: coordinate (1994-07-01,) has been dropped because of a coordinate filter.
 (see also unbounded coords=jump). 
NOTE: coordinate (1995-07-01,) has been dropped because of a coordinate filter.
 (see also unbounded coords=jump). 
NOTE: coordinate (1996-07-01,) has been dropped because of a coordinate filter.
 (see also unbounded coords=jump). 
NOTE: coordinate (1997-07-01,) has been dropped because of a coordinate filter.
 (see also unbounded coords=jump). 
NOTE: coordinate (1998-07-01,) has been dropped because of a coordinate filter.
 (see also unbounded coords=jump). 
NOTE: coordinate (1999-07-01,) has been dropped because of a coordinate filter.
 (see also unbounded coords=jump). 
NOTE: coordinate (2000-07-01,) has been dropped because of a coordinate filter.
 (see also unbounded coords=jump). 
NOTE: coordinate (2001-07-01,) has been dropped because of a coordinate filter.
 (see also unbounded coords=jump). 
NOTE: coordinate (2002-07-01,) has been dropped because of a coordinate filter.
 (see also unbounded coords=jump). 
NOTE: coordinate (2003-07-01,) has been dropped because of a coordinate filter.
 (see also unbounded coords=jump). 
NOTE: coordinate (2004-07-01,) has been dropped because of a coordinate filter.
 (see also unbounded coords=jump). 
NOTE: coordinate (2005-07-01,) has been dropped because of a coordinate filter.
 (see also unbounded coords=jump). 
NOTE: coordinate (2006-07-01,) has been dropped because of a coordinate filter.
 (see also unbounded coords=jump). 
NOTE: coordinate (2007-07-01,) has been dropped because of a coordinate filter.
 (see also unbounded coords=jump). 
NOTE: coordinate (2008-07-01,) has been dropped because of a coordinate filter.
 (see also unbounded coords=jump). 
NOTE: coordinate (2009-07-01,) has been dropped because of a coordinate filter.
 (see also unbounded coords=jump). 
NOTE: coordinate (2010-07-01,) has been dropped because of a coordinate filter.
 (see also unbounded coords=jump). 
NOTE: coordinate (2011-07-01,) has been dropped because of a coordinate filter.
 (see also unbounded coords=jump). 
NOTE: coordinate (2012-07-01,) has been dropped because of a coordinate filter.
 (see also unbounded coords=jump). 
NOTE: coordinate (2018-07-01,) has been dropped because of a coordinate filter.
 (see also unbounded coords=jump). 
NOTE: coordinate (2019-07-01,) has been dropped because of a coordinate filter.
 (see also unbounded coords=jump). 
NOTE: coordinate (2020-07-01,) has been dropped because of a coordinate filter.
 (see also unbounded coords=jump). 
NOTE: coordinate (2021-07-01,) has been dropped because of a coordinate filter.
 (see also unbounded coords=jump). 
NOTE: coordinate (2022-07-01,) has been dropped because of a coordinate filter.
 (see also unbounded coords=jump). 
NOTE: coordinate (2023-07-01,) has been dropped because of a coordinate filter.
 (see also unbounded coords=jump). 
NOTE: coordinate (2024-07-01,) has been dropped because of a coordinate filter.
 (see also unbounded coords=jump). 
PGFPlots: reading {data/poverty_opm_line.csv}
NOTE: coordinate (2014-07-01,) has been dropped because of a coordinate filter.
 (see also unbounded coords=jump). 
NOTE: coordinate (2015-07-01,) has been dropped because of a coordinate filter.
 (see also unbounded coords=jump). 
NOTE: coordinate (2016-07-01,) has been dropped because of a coordinate filter.
 (see also unbounded coords=jump). 
NOTE: coordinate (2017-07-01,) has been dropped because of a coordinate filter.
 (see also unbounded coords=jump). 
NOTE: coordinate (2018-07-01,) has been dropped because of a coordinate filter.
 (see also unbounded coords=jump). 
NOTE: coordinate (2019-07-01,) has been dropped because of a coordinate filter.
 (see also unbounded coords=jump). 
NOTE: coordinate (2020-07-01,) has been dropped because of a coordinate filter.
 (see also unbounded coords=jump). 
NOTE: coordinate (2021-07-01,) has been dropped because of a coordinate filter.
 (see also unbounded coords=jump). 
NOTE: coordinate (2022-07-01,) has been dropped because of a coordinate filter.
 (see also unbounded coords=jump). 
NOTE: coordinate (2023-07-01,) has been dropped because of a coordinate filter.
 (see also unbounded coords=jump). 
NOTE: coordinate (2024-07-01,) has been dropped because of a coordinate filter.
 (see also unbounded coords=jump). 
PGFPlots: reading {data/poverty_spm_line.csv}
NOTE: coordinate (1989-07-01,) has been dropped because of a coordinate filter.
 (see also unbounded coords=jump). 
NOTE: coordinate (1990-07-01,) has been dropped because of a coordinate filter.
 (see also unbounded coords=jump). 
NOTE: coordinate (1991-07-01,) has been dropped because of a coordinate filter.
 (see also unbounded coords=jump). 
NOTE: coordinate (1992-07-01,) has been dropped because of a coordinate filter.
 (see also unbounded coords=jump). 
NOTE: coordinate (1993-07-01,) has been dropped because of a coordinate filter.
 (see also unbounded coords=jump). 
NOTE: coordinate (1994-07-01,) has been dropped because of a coordinate filter.
 (see also unbounded coords=jump). 
NOTE: coordinate (1995-07-01,) has been dropped because of a coordinate filter.
 (see also unbounded coords=jump). 
NOTE: coordinate (1996-07-01,) has been dropped because of a coordinate filter.
 (see also unbounded coords=jump). 
NOTE: coordinate (1997-07-01,) has been dropped because of a coordinate filter.
 (see also unbounded coords=jump). 
NOTE: coordinate (1998-07-01,) has been dropped because of a coordinate filter.
 (see also unbounded coords=jump). 
NOTE: coordinate (1999-07-01,) has been dropped because of a coordinate filter.
 (see also unbounded coords=jump). 
NOTE: coordinate (2000-07-01,) has been dropped because of a coordinate filter.
 (see also unbounded coords=jump). 
NOTE: coordinate (2001-07-01,) has been dropped because of a coordinate filter.
 (see also unbounded coords=jump). 
NOTE: coordinate (2002-07-01,) has been dropped because of a coordinate filter.
 (see also unbounded coords=jump). 
NOTE: coordinate (2003-07-01,) has been dropped because of a coordinate filter.
 (see also unbounded coords=jump). 
NOTE: coordinate (2004-07-01,) has been dropped because of a coordinate filter.
 (see also unbounded coords=jump). 
NOTE: coordinate (2005-07-01,) has been dropped because of a coordinate filter.
 (see also unbounded coords=jump). 
NOTE: coordinate (2006-07-01,) has been dropped because of a coordinate filter.
 (see also unbounded coords=jump). 
NOTE: coordinate (2007-07-01,) has been dropped because of a coordinate filter.
 (see also unbounded coords=jump). 
NOTE: coordinate (2008-07-01,) has been dropped because of a coordinate filter.
 (see also unbounded coords=jump). 
NOTE: coordinate (2009-07-01,) has been dropped because of a coordinate filter.
 (see also unbounded coords=jump). 
NOTE: coordinate (2010-07-01,) has been dropped because of a coordinate filter.
 (see also unbounded coords=jump). 
NOTE: coordinate (2011-07-01,) has been dropped because of a coordinate filter.
 (see also unbounded coords=jump). 
NOTE: coordinate (2012-07-01,) has been dropped because of a coordinate filter.
 (see also unbounded coords=jump). 
NOTE: coordinate (2013-07-01,) has been dropped because of a coordinate filter.
 (see also unbounded coords=jump). 
NOTE: coordinate (2014-07-01,) has been dropped because of a coordinate filter.
 (see also unbounded coords=jump). 
NOTE: coordinate (2015-07-01,) has been dropped because of a coordinate filter.
 (see also unbounded coords=jump). 
NOTE: coordinate (2016-07-01,) has been dropped because of a coordinate filter.
 (see also unbounded coords=jump). 
NOTE: coordinate (2017-07-01,) has been dropped because of a coordinate filter.
 (see also unbounded coords=jump). 
NOTE: coordinate (2018-07-01,) has been dropped because of a coordinate filter.
 (see also unbounded coords=jump). 
PGFPlots: reading {data/poverty_spm_line.csv}
NOTE: coordinate (1989-07-01,) has been dropped because of a coordinate filter.
 (see also unbounded coords=jump). 
NOTE: coordinate (1990-07-01,) has been dropped because of a coordinate filter.
 (see also unbounded coords=jump). 
NOTE: coordinate (1991-07-01,) has been dropped because of a coordinate filter.
 (see also unbounded coords=jump). 
NOTE: coordinate (1992-07-01,) has been dropped because of a coordinate filter.
 (see also unbounded coords=jump). 
NOTE: coordinate (1993-07-01,) has been dropped because of a coordinate filter.
 (see also unbounded coords=jump). 
NOTE: coordinate (1994-07-01,) has been dropped because of a coordinate filter.
 (see also unbounded coords=jump). 
NOTE: coordinate (1995-07-01,) has been dropped because of a coordinate filter.
 (see also unbounded coords=jump). 
NOTE: coordinate (1996-07-01,) has been dropped because of a coordinate filter.
 (see also unbounded coords=jump). 
NOTE: coordinate (1997-07-01,) has been dropped because of a coordinate filter.
 (see also unbounded coords=jump). 
NOTE: coordinate (1998-07-01,) has been dropped because of a coordinate filter.
 (see also unbounded coords=jump). 
NOTE: coordinate (1999-07-01,) has been dropped because of a coordinate filter.
 (see also unbounded coords=jump). 
NOTE: coordinate (2000-07-01,) has been dropped because of a coordinate filter.
 (see also unbounded coords=jump). 
NOTE: coordinate (2001-07-01,) has been dropped because of a coordinate filter.
 (see also unbounded coords=jump). 
NOTE: coordinate (2002-07-01,) has been dropped because of a coordinate filter.
 (see also unbounded coords=jump). 
NOTE: coordinate (2003-07-01,) has been dropped because of a coordinate filter.
 (see also unbounded coords=jump). 
NOTE: coordinate (2004-07-01,) has been dropped because of a coordinate filter.
 (see also unbounded coords=jump). 
NOTE: coordinate (2005-07-01,) has been dropped because of a coordinate filter.
 (see also unbounded coords=jump). 
NOTE: coordinate (2006-07-01,) has been dropped because of a coordinate filter.
 (see also unbounded coords=jump). 
NOTE: coordinate (2007-07-01,) has been dropped because of a coordinate filter.
 (see also unbounded coords=jump). 
NOTE: coordinate (2008-07-01,) has been dropped because of a coordinate filter.
 (see also unbounded coords=jump). 
NOTE: coordinate (2009-07-01,) has been dropped because of a coordinate filter.
 (see also unbounded coords=jump). 
NOTE: coordinate (2010-07-01,) has been dropped because of a coordinate filter.
 (see also unbounded coords=jump). 
NOTE: coordinate (2011-07-01,) has been dropped because of a coordinate filter.
 (see also unbounded coords=jump). 
NOTE: coordinate (2012-07-01,) has been dropped because of a coordinate filter.
 (see also unbounded coords=jump). 
NOTE: coordinate (2013-07-01,) has been dropped because of a coordinate filter.
 (see also unbounded coords=jump). 
NOTE: coordinate (2014-07-01,) has been dropped because of a coordinate filter.
 (see also unbounded coords=jump). 
NOTE: coordinate (2015-07-01,) has been dropped because of a coordinate filter.
 (see also unbounded coords=jump). 
NOTE: coordinate (2016-07-01,) has been dropped because of a coordinate filter.
 (see also unbounded coords=jump). 
NOTE: coordinate (2020-07-01,) has been dropped because of a coordinate filter.
 (see also unbounded coords=jump). 
NOTE: coordinate (2021-07-01,) has been dropped because of a coordinate filter.
 (see also unbounded coords=jump). 
NOTE: coordinate (2022-07-01,) has been dropped because of a coordinate filter.
 (see also unbounded coords=jump). 
NOTE: coordinate (2023-07-01,) has been dropped because of a coordinate filter.
 (see also unbounded coords=jump). 
NOTE: coordinate (2024-07-01,) has been dropped because of a coordinate filter.
 (see also unbounded coords=jump). 
PGFPlots: reading {data/poverty_spm_line.csv}
NOTE: coordinate (1989-07-01,) has been dropped because of a coordinate filter.
 (see also unbounded coords=jump). 
NOTE: coordinate (1990-07-01,) has been dropped because of a coordinate filter.
 (see also unbounded coords=jump). 
NOTE: coordinate (1991-07-01,) has been dropped because of a coordinate filter.
 (see also unbounded coords=jump). 
NOTE: coordinate (1992-07-01,) has been dropped because of a coordinate filter.
 (see also unbounded coords=jump). 
NOTE: coordinate (1993-07-01,) has been dropped because of a coordinate filter.
 (see also unbounded coords=jump). 
NOTE: coordinate (1994-07-01,) has been dropped because of a coordinate filter.
 (see also unbounded coords=jump). 
NOTE: coordinate (1995-07-01,) has been dropped because of a coordinate filter.
 (see also unbounded coords=jump). 
NOTE: coordinate (1996-07-01,) has been dropped because of a coordinate filter.
 (see also unbounded coords=jump). 
NOTE: coordinate (1997-07-01,) has been dropped because of a coordinate filter.
 (see also unbounded coords=jump). 
NOTE: coordinate (1998-07-01,) has been dropped because of a coordinate filter.
 (see also unbounded coords=jump). 
NOTE: coordinate (1999-07-01,) has been dropped because of a coordinate filter.
 (see also unbounded coords=jump). 
NOTE: coordinate (2000-07-01,) has been dropped because of a coordinate filter.
 (see also unbounded coords=jump). 
NOTE: coordinate (2001-07-01,) has been dropped because of a coordinate filter.
 (see also unbounded coords=jump). 
NOTE: coordinate (2002-07-01,) has been dropped because of a coordinate filter.
 (see also unbounded coords=jump). 
NOTE: coordinate (2003-07-01,) has been dropped because of a coordinate filter.
 (see also unbounded coords=jump). 
NOTE: coordinate (2004-07-01,) has been dropped because of a coordinate filter.
 (see also unbounded coords=jump). 
NOTE: coordinate (2005-07-01,) has been dropped because of a coordinate filter.
 (see also unbounded coords=jump). 
NOTE: coordinate (2006-07-01,) has been dropped because of a coordinate filter.
 (see also unbounded coords=jump). 
NOTE: coordinate (2007-07-01,) has been dropped because of a coordinate filter.
 (see also unbounded coords=jump). 
NOTE: coordinate (2008-07-01,) has been dropped because of a coordinate filter.
 (see also unbounded coords=jump). 
NOTE: coordinate (2009-07-01,) has been dropped because of a coordinate filter.
 (see also unbounded coords=jump). 
NOTE: coordinate (2010-07-01,) has been dropped because of a coordinate filter.
 (see also unbounded coords=jump). 
NOTE: coordinate (2011-07-01,) has been dropped because of a coordinate filter.
 (see also unbounded coords=jump). 
NOTE: coordinate (2012-07-01,) has been dropped because of a coordinate filter.
 (see also unbounded coords=jump). 
NOTE: coordinate (2013-07-01,) has been dropped because of a coordinate filter.
 (see also unbounded coords=jump). 
NOTE: coordinate (2014-07-01,) has been dropped because of a coordinate filter.
 (see also unbounded coords=jump). 
NOTE: coordinate (2018-07-01,) has been dropped because of a coordinate filter.
 (see also unbounded coords=jump). 
NOTE: coordinate (2019-07-01,) has been dropped because of a coordinate filter.
 (see also unbounded coords=jump). 
NOTE: coordinate (2020-07-01,) has been dropped because of a coordinate filter.
 (see also unbounded coords=jump). 
NOTE: coordinate (2021-07-01,) has been dropped because of a coordinate filter.
 (see also unbounded coords=jump). 
NOTE: coordinate (2022-07-01,) has been dropped because of a coordinate filter.
 (see also unbounded coords=jump). 
NOTE: coordinate (2023-07-01,) has been dropped because of a coordinate filter.
 (see also unbounded coords=jump). 
NOTE: coordinate (2024-07-01,) has been dropped because of a coordinate filter.
 (see also unbounded coords=jump). 
PGFPlots: reading {data/poverty_spm_line.csv}
NOTE: coordinate (1989-07-01,) has been dropped because of a coordinate filter.
 (see also unbounded coords=jump). 
NOTE: coordinate (1990-07-01,) has been dropped because of a coordinate filter.
 (see also unbounded coords=jump). 
NOTE: coordinate (1991-07-01,) has been dropped because of a coordinate filter.
 (see also unbounded coords=jump). 
NOTE: coordinate (1992-07-01,) has been dropped because of a coordinate filter.
 (see also unbounded coords=jump). 
NOTE: coordinate (1993-07-01,) has been dropped because of a coordinate filter.
 (see also unbounded coords=jump). 
NOTE: coordinate (1994-07-01,) has been dropped because of a coordinate filter.
 (see also unbounded coords=jump). 
NOTE: coordinate (1995-07-01,) has been dropped because of a coordinate filter.
 (see also unbounded coords=jump). 
NOTE: coordinate (1996-07-01,) has been dropped because of a coordinate filter.
 (see also unbounded coords=jump). 
NOTE: coordinate (1997-07-01,) has been dropped because of a coordinate filter.
 (see also unbounded coords=jump). 
NOTE: coordinate (1998-07-01,) has been dropped because of a coordinate filter.
 (see also unbounded coords=jump). 
NOTE: coordinate (1999-07-01,) has been dropped because of a coordinate filter.
 (see also unbounded coords=jump). 
NOTE: coordinate (2000-07-01,) has been dropped because of a coordinate filter.
 (see also unbounded coords=jump). 
NOTE: coordinate (2001-07-01,) has been dropped because of a coordinate filter.
 (see also unbounded coords=jump). 
NOTE: coordinate (2002-07-01,) has been dropped because of a coordinate filter.
 (see also unbounded coords=jump). 
NOTE: coordinate (2003-07-01,) has been dropped because of a coordinate filter.
 (see also unbounded coords=jump). 
NOTE: coordinate (2004-07-01,) has been dropped because of a coordinate filter.
 (see also unbounded coords=jump). 
NOTE: coordinate (2005-07-01,) has been dropped because of a coordinate filter.
 (see also unbounded coords=jump). 
NOTE: coordinate (2006-07-01,) has been dropped because of a coordinate filter.
 (see also unbounded coords=jump). 
NOTE: coordinate (2007-07-01,) has been dropped because of a coordinate filter.
 (see also unbounded coords=jump). 
NOTE: coordinate (2008-07-01,) has been dropped because of a coordinate filter.
 (see also unbounded coords=jump). 
NOTE: coordinate (2009-07-01,) has been dropped because of a coordinate filter.
 (see also unbounded coords=jump). 
NOTE: coordinate (2010-07-01,) has been dropped because of a coordinate filter.
 (see also unbounded coords=jump). 
NOTE: coordinate (2011-07-01,) has been dropped because of a coordinate filter.
 (see also unbounded coords=jump). 
NOTE: coordinate (2012-07-01,) has been dropped because of a coordinate filter.
 (see also unbounded coords=jump). 
NOTE: coordinate (2016-07-01,) has been dropped because of a coordinate filter.
 (see also unbounded coords=jump). 
NOTE: coordinate (2017-07-01,) has been dropped because of a coordinate filter.
 (see also unbounded coords=jump). 
NOTE: coordinate (2018-07-01,) has been dropped because of a coordinate filter.
 (see also unbounded coords=jump). 
NOTE: coordinate (2019-07-01,) has been dropped because of a coordinate filter.
 (see also unbounded coords=jump). 
NOTE: coordinate (2020-07-01,) has been dropped because of a coordinate filter.
 (see also unbounded coords=jump). 
NOTE: coordinate (2021-07-01,) has been dropped because of a coordinate filter.
 (see also unbounded coords=jump). 
NOTE: coordinate (2022-07-01,) has been dropped because of a coordinate filter.
 (see also unbounded coords=jump). 
NOTE: coordinate (2023-07-01,) has been dropped because of a coordinate filter.
 (see also unbounded coords=jump). 
NOTE: coordinate (2024-07-01,) has been dropped because of a coordinate filter.
 (see also unbounded coords=jump). 
PGFPlots: reading {data/poverty_spm_line.csv}
NOTE: coordinate (2014-07-01,) has been dropped because of a coordinate filter.
 (see also unbounded coords=jump). 
NOTE: coordinate (2015-07-01,) has been dropped because of a coordinate filter.
 (see also unbounded coords=jump). 
NOTE: coordinate (2016-07-01,) has been dropped because of a coordinate filter.
 (see also unbounded coords=jump). 
NOTE: coordinate (2017-07-01,) has been dropped because of a coordinate filter.
 (see also unbounded coords=jump). 
NOTE: coordinate (2018-07-01,) has been dropped because of a coordinate filter.
 (see also unbounded coords=jump). 
NOTE: coordinate (2019-07-01,) has been dropped because of a coordinate filter.
 (see also unbounded coords=jump). 
NOTE: coordinate (2020-07-01,) has been dropped because of a coordinate filter.
 (see also unbounded coords=jump). 
NOTE: coordinate (2021-07-01,) has been dropped because of a coordinate filter.
 (see also unbounded coords=jump). 
NOTE: coordinate (2022-07-01,) has been dropped because of a coordinate filter.
 (see also unbounded coords=jump). 
NOTE: coordinate (2023-07-01,) has been dropped because of a coordinate filter.
 (see also unbounded coords=jump). 
NOTE: coordinate (2024-07-01,) has been dropped because of a coordinate filter.
 (see also unbounded coords=jump). 
(./text/poverty_spm_node.txt) (./text/poverty_opm_node.txt)
(./text/poverty_rate_time2.txt
Underfull \hbox (badness 1789) in paragraph at lines 1--2
\TU/Lato(0)/m/n/9 sup-ple-men-tal rate (SPM, see []\TU/Lato(0)/b/n/9 ---[]\TU/L
ato(0)/m/n/9 )
 []

)

[65
Missing character: There is no ; (U+003B) in font nullfont!
]
Package pgfplots info on input line 4769: dateplot: setting 'date ZERO={1990-01
-01}' for this axis.
Package pgfplots info on input line 4769: Using 'lua backend=false' for axis: x
 coord trafo unsupported.
PGFPlots: reading {data/businv_main.csv}
PGFPlots: reading {data/businv_main.csv}
PGFPlots: reading {data/businv_main.csv}
PGFPlots: reading {data/businv_main.csv}
 (./text/businv_levels.txt)


Package fancyhdr Warning: \headheight is too small (12.0pt): 
(fancyhdr)                Make it at least 12.10004pt, for example:
(fancyhdr)                \setlength{\headheight}{12.10004pt}.
(fancyhdr)                You might also make \topmargin smaller:
(fancyhdr)                \addtolength{\topmargin}{-0.10004pt}.

[66] (./text/businv_sh.txt)
Package pgfplots info on input line 4811: dateplot: setting 'date ZERO={1990-01
-01}' for this axis.
Package pgfplots info on input line 4811: Using 'lua backend=false' for axis: x
 coord trafo unsupported.
PGFPlots: reading {data/businvsh.csv}
PGFPlots: reading {data/businvsh.csv}
PGFPlots: reading {data/businvsh.csv}
 (./text/bus_inv_sh_nodes.txt) (./text/businv.txt)
Package pgfplots info on input line 4845: dateplot: setting 'date ZERO={1988-01
-01}' for this axis.
Package pgfplots info on input line 4845: Using 'lua backend=false' for axis: x
 coord trafo unsupported.
PGFPlots: reading {data/businv.csv}
PGFPlots: reading {data/businv.csv}
PGFPlots: reading {data/businv.csv}

(./data/businv.tex)

[67
Missing character: There is no ; (U+003B) in font nullfont!
] (./text/dgno.txt)
Package pgfplots info on input line 4891: dateplot: setting 'date ZERO={1992-01
-01}' for this axis.
Package pgfplots info on input line 4891: Using 'lua backend=false' for axis: x
 coord trafo unsupported.
PGFPlots: reading {data/dgno.csv}
 (./text/dgno_node.txt)
Package pgfplots info on input line 4922: dateplot: setting 'date ZERO={1990-01
-01}' for this axis.
Package pgfplots info on input line 4922: Using 'lua backend=false' for axis: x
 coord trafo unsupported.
PGFPlots: reading {data/isratio_qtr.csv}
PGFPlots: reading {data/isratio_qtr.csv}
 (./text/isratio.txt)

[68] (./text/cprof.txt)
Package pgfplots info on input line 4953: dateplot: setting 'date ZERO={1988-01
-01}' for this axis.
Package pgfplots info on input line 4953: Using 'lua backend=false' for axis: x
 coord trafo unsupported.
PGFPlots: reading {data/cprof.csv}
PGFPlots: reading {data/cprof.csv}
PGFPlots: reading {data/cprof.csv}
 (./text/cprof_nodes.txt)
Package pgfplots info on input line 4980: dateplot: setting 'date ZERO={1988-01
-01}' for this axis.
Package pgfplots info on input line 4980: Using 'lua backend=false' for axis: x
 coord trafo unsupported.
PGFPlots: reading {data/cprof2.csv}

NOTE: coordinate (2025-10-01,) has been dropped because of a coordinate filter.
 (see also unbounded coords=jump). 
PGFPlots: reading {data/cprof2.csv}
NOTE: coordinate (2025-10-01,) has been dropped because of a coordinate filter.
 (see also unbounded coords=jump). 
PGFPlots: reading {data/cprof2.csv}
NOTE: coordinate (2025-10-01,) has been dropped because of a coordinate filter.
 (see also unbounded coords=jump). 
PGFPlots: reading {data/cprof2.csv}
NOTE: coordinate (2025-10-01,) has been dropped because of a coordinate filter.
 (see also unbounded coords=jump). 


[69
Missing character: There is no ; (U+003B) in font nullfont!
] (./text/bus_bs_gva.txt)
Package pgfplots info on input line 5015: dateplot: setting 'date ZERO={1990-01
-01}' for this axis.
Package pgfplots info on input line 5015: Using 'lua backend=false' for axis: x
 coord trafo unsupported.
PGFPlots: reading {data/bus_bs_gva_sh.csv}
PGFPlots: reading {data/bus_bs_gva_sh.csv}
 (./text/bus_sh_gva_liabilities_nodes.txt)
Package pgfplots info on input line 5027: dateplot: setting 'date ZERO={1990-01
-01}' for this axis.
Package pgfplots info on input line 5027: Using 'lua backend=false' for axis: x
 coord trafo unsupported.
PGFPlots: reading {data/bus_bs_gva_sh.csv}
PGFPlots: reading {data/bus_bs_gva_sh.csv}

(./text/bus_sh_gva_debt_nodes.txt)
Package pgfplots info on input line 5039: dateplot: setting 'date ZERO={1990-01
-01}' for this axis.
Package pgfplots info on input line 5039: Using 'lua backend=false' for axis: x
 coord trafo unsupported.
PGFPlots: reading {data/bus_bs_gva_sh.csv}
PGFPlots: reading {data/bus_bs_gva_sh.csv}
 (./text/bus_sh_gva_assets_nodes.txt)
Package pgfplots info on input line 5051: dateplot: setting 'date ZERO={1990-01
-01}' for this axis.
Package pgfplots info on input line 5051: Using 'lua backend=false' for axis: x
 coord trafo unsupported.
PGFPlots: reading {data/bus_bs_gva_sh.csv}
PGFPlots: reading {data/bus_bs_gva_sh.csv}

(./text/bus_sh_gva_networth_nodes.txt)
Overfull \hbox (3.76688pt too wide) in paragraph at lines 5062--5063
[][] 
 []

Package pgfplots info on input line 5082: dateplot: setting 'date ZERO={1990-01
-01}' for this axis.
Package pgfplots info on input line 5082: Using 'lua backend=false' for axis: x
 coord trafo unsupported.
PGFPlots: reading {data/bus_bs_da.csv}
PGFPlots: reading {data/bus_bs_da.csv}
(./text/bus_bs_da_nodes.txt) (./text/bus_bs_da.txt)

[70]
Package pgfplots info on input line 5114: dateplot: setting 'date ZERO={1990-01
-01}' for this axis.
Package pgfplots info on input line 5114: Using 'lua backend=false' for axis: x
 coord trafo unsupported.
PGFPlots: reading {data/bus_bs_sh.csv}
PGFPlots: reading {data/bus_bs_sh.csv}
PGFPlots: reading {data/bus_bs_sh.csv}
PGFPlots: reading {data/bus_bs_sh.csv}
 (./text/bus_liab_sh_nodes.txt) (./text/nfbus_liab_overview.txt)
(./data/bus_liab.tex)

[71] (./text/busdebtgdp.txt)
Package pgfplots info on input line 5172: dateplot: setting 'date ZERO={1990-01
-01}' for this axis.
Package pgfplots info on input line 5172: Using 'lua backend=false' for axis: x
 coord trafo unsupported.
PGFPlots: reading {data/busdebtgdp2.csv}
PGFPlots: reading {data/busdebtgdp2.csv}
PGFPlots: reading {data/busdebtgdp2.csv}
 (./text/bus_liab_nodes.txt) (./text/findebtgdp.txt)
Package pgfplots info on input line 5201: dateplot: setting 'date ZERO={1988-01
-01}' for this axis.
Package pgfplots info on input line 5201: Using 'lua backend=false' for axis: x
 coord trafo unsupported.
PGFPlots: reading {data/busdebtgdp2.csv}
PGFPlots: reading {data/busdebtgdp2.csv}
PGFPlots: reading {data/busdebtgdp2.csv}
 (./text/finbus_liab_nodes.txt)

[72] (./text/bus_assets.txt)
Package pgfplots info on input line 5232: dateplot: setting 'date ZERO={1988-01
-01}' for this axis.
Package pgfplots info on input line 5232: Using 'lua backend=false' for axis: x
 coord trafo unsupported.
PGFPlots: reading {data/bus_asset_sh.csv}
PGFPlots: reading {data/bus_asset_sh.csv}
PGFPlots: reading {data/bus_asset_sh.csv}
PGFPlots: reading {data/bus_asset_sh.csv}
 (./text/bus_asset_nodes.txt) (./data/bus_asset.tex)

[73] (./text/indpro.txt)
Underfull \hbox (badness 3343) in paragraph at lines 3--5267
[]\TU/Lato(0)/m/n/9 By mar-ket group, fin-ished con-sumer
 []

Package pgfplots info on input line 5279: dateplot: setting 'date ZERO={1990-01
-01}' for this axis.
Package pgfplots info on input line 5279: Using 'lua backend=false' for axis: x
 coord trafo unsupported.
PGFPlots: reading {data/indproq.csv}
(./text/indpro_summary_annotations.txt) (./data/indpro.tex)

[74]
Package pgfplots info on input line 5326: dateplot: setting 'date ZERO={1988-01
-01}' for this axis.
Package pgfplots info on input line 5326: Using 'lua backend=false' for axis: x
 coord trafo unsupported.
PGFPlots: reading {data/indprogr.csv}
PGFPlots: reading {data/indprogr.csv}
PGFPlots: reading {data/indprogr.csv}
PGFPlots: reading {data/indprogr.csv}
Package pgfplots info on input line 5352: dateplot: setting 'date ZERO={1988-01
-01}' for this axis.
Package pgfplots info on input line 5352: Using 'lua backend=false' for axis: x
 coord trafo unsupported.
PGFPlots: reading {data/indprogr.csv}
PGFPlots: reading {data/indprogr.csv}
PGFPlots: reading {data/indprogr.csv}
PGFPlots: reading {data/indprogr.csv}
 (./text/indpro_rec.txt)
PGFPlots: reading {data/indprogr_rec.csv}
Package pgfplots info on input line 5387: dateplot: setting 'date ZERO={1988-01
-01}' for this axis.
Package pgfplots info on input line 5387: Using 'lua backend=false' for axis: x
 coord trafo unsupported.
Package pgfplots info on input line 5394: dateplot: setting 'date ZERO={1988-01
-01}' for this axis.
Package pgfplots info on input line 5394: Using 'lua backend=false' for axis: x
 coord trafo unsupported.


[75
Missing character: There is no ; (U+003B) in font nullfont!
Missing character: There is no ; (U+003B) in font nullfont!
] (./text/ip_comp.txt
Underfull \hbox (badness 1845) in paragraph at lines 3--4
\TU/Lato(0)/m/n/9 ment pro-duc-tion in-creased by
 []

) (./text/ip_ind_ldate.txt)
PGFPlots: reading {data/ip_comp.csv}
Package pgfplots info on input line 5429: Using 'lua backend=false' for plot 0 
(type 'pgfplothandlerxbar'): LUA does not support xtick=data (yet).
Package pgfplots info on input line 5431: Using 'lua backend=false' for plot 1 
(type 'pgfplothandlerxbar'): LUA does not support xtick=data (yet).

Underfull \hbox (badness 1348) in paragraph at lines 5433--5433
 [][][]\TU/Lato(0)/m/n/7 Elec-tric &
 []


Underfull \hbox (badness 1590) in paragraph at lines 5433--5433
 [][][]\TU/Lato(0)/m/n/7 Chem-i-cal[]
 []


Underfull \hbox (badness 2753) in paragraph at lines 5433--5433
 [][][]\TU/Lato(0)/m/n/7 Min-ing[]
 []


Underfull \hbox (badness 1097) in paragraph at lines 5433--5433
 \TU/Lato(0)/m/n/7 & To-bacco[]
 []


Underfull \hbox (badness 1082) in paragraph at lines 5433--5433
 [][][]\TU/Lato(0)/m/n/7 Ma-chin-ery[]
 []


Underfull \hbox (badness 2435) in paragraph at lines 5433--5433
 \TU/Lato(0)/m/n/7 & Parts[]
 []


Underfull \hbox (badness 1122) in paragraph at lines 5433--5433
 [][][]\TU/Lato(0)/m/n/7 Fab-ri-cated
 []


Underfull \hbox (badness 1320) in paragraph at lines 5433--5433
 [][][]\TU/Lato(0)/m/n/7 Plas-tics &
 []


Underfull \hbox (badness 3547) in paragraph at lines 5433--5433
 [][][]\TU/Lato(0)/m/n/7 Pa-per[]
 []

(./text/tcu.txt)
Package pgfplots info on input line 5460: dateplot: setting 'date ZERO={1988-01
-01}' for this axis.
Package pgfplots info on input line 5460: Using 'lua backend=false' for axis: x
 coord trafo unsupported.
PGFPlots: reading {data/tcuq.csv}
PGFPlots: reading {data/tcuq.csv}
 (./text/tcu_nodes.txt)

[76] (./text/oil_prod.txt)
Package pgfplots info on input line 5497: dateplot: setting 'date ZERO={1988-01
-01}' for this axis.
Package pgfplots info on input line 5497: Using 'lua backend=false' for axis: x
 coord trafo unsupported.
PGFPlots: reading {data/oil_prodq.csv}
PGFPlots: reading {data/oil_prodq.csv}
PGFPlots: reading {data/oil_prodq.csv}
PGFPlots: reading {data/oil_prodq.csv}
 (./text/oil_prod_nodes.txt)
Package pgfplots info on input line 5546: dateplot: setting 'date ZERO={2011-01
-01}' for this axis.
Package pgfplots info on input line 5546: Using 'lua backend=false' for axis: x
 coord trafo unsupported.
PGFPlots: reading {data/elec.csv}

NOTE: coordinate (2025-12-01,) has been dropped because of a coordinate filter.
 (see also unbounded coords=jump). 
PGFPlots: reading {data/elec.csv}
NOTE: coordinate (2025-12-01,) has been dropped because of a coordinate filter.
 (see also unbounded coords=jump). 
PGFPlots: reading {data/elec.csv}
NOTE: coordinate (2025-12-01,) has been dropped because of a coordinate filter.
 (see also unbounded coords=jump). 
(./text/elec_nodes.txt) (./text/elec_prod.txt)

[77] (./text/elec_prod2.txt)
Package pgfplots info on input line 5588: dateplot: setting 'date ZERO={2002-01
-01}' for this axis.
Package pgfplots info on input line 5588: Using 'lua backend=false' for axis: x
 coord trafo unsupported.
PGFPlots: reading {data/elec_prod.csv}
PGFPlots: reading {data/elec_prod.csv}
PGFPlots: reading {data/elec_prod.csv}
PGFPlots: reading {data/elec_prod.csv}
PGFPlots: reading {data/elec_prod.csv}
Package pgfplots info on input line 5623: dateplot: setting 'date ZERO={2002-01
-01}' for this axis.
Package pgfplots info on input line 5623: Using 'lua backend=false' for axis: x
 coord trafo unsupported.
PGFPlots: reading {data/elec_prod.csv}
PGFPlots: reading {data/elec_prod.csv}
PGFPlots: reading {data/elec_prod.csv}
PGFPlots: reading {data/elec_prod.csv}
PGFPlots: reading {data/elec_prod.csv}
 (./text/elec_prod3.txt)
Package pgfplots info on input line 5661: dateplot: setting 'date ZERO={2002-01
-01}' for this axis.
Package pgfplots info on input line 5661: Using 'lua backend=false' for axis: x
 coord trafo unsupported.
PGFPlots: reading {data/elec_sales.csv}
PGFPlots: reading {data/elec_sales.csv}
PGFPlots: reading {data/elec_sales.csv}
 (./text/elec_ret_nodes.txt) (./text/elec_ret.txt)
Underfull \hbox (badness 7925) in paragraph at lines 3--5677
[]\TU/Lato(0)/m/n/9 Com-mer-cial sec-tor elec-tric-ity
 []


Underfull \hbox (badness 3989) in paragraph at lines 3--5677
\TU/Lato(0)/m/n/9 sales to-tal 1,481 bil-lion kilo-
 []



[78
Missing character: There is no ; (U+003B) in font nullfont!
] (./text/rs_sh.txt) (./text/rs_pc.txt) (./text/rs_dt.txt)
Package pgfplots info on input line 5701: dateplot: setting 'date ZERO={1990-01
-01}' for this axis.
Package pgfplots info on input line 5701: Using 'lua backend=false' for axis: x
 coord trafo unsupported.
PGFPlots: reading {data/rs_shq.csv}

NOTE: coordinate (2025-12-01,) has been dropped because of a coordinate filter.
 (see also unbounded coords=jump). 
PGFPlots: reading {data/rs_shq.csv}
PGFPlots: reading {data/rs_shq.csv}
(./text/rs_sh_nodes.txt)
! Missing number, treated as zero.
<to be read again> 
                   n
l.5712 		max space between ticks=20, width=5.5cm]
                                                 
? 
! Emergency stop.
<to be read again> 
                   n
l.5712 		max space between ticks=20, width=5.5cm]
                                                 
End of file on the terminal!



Here is how much of LuaTeX's memory you used:
 53546 strings out of 475506
 932055,3417909 words of node,token memory allocated 26285 words of node memory still in use:
   134 hlist, 3 vlist, 6 rule, 124 disc, 11 local_par, 7 dir, 576 glue, 245 kern
, 25 penalty, 12 margin_kern, 1472 glyph, 1150 attribute, 88 glue_spec, 1150 att
ribute_list, 8 temp, 6 if_stack, 3 write, 743 pdf_literal, 1 pdf_start_link, 1 p
df_end_link, 1 pdf_dest, 4 pdf_action, 108 pdf_colorstack nodes
   avail lists: 1:15,2:141076,3:141273,4:2336,5:918,6:923,7:10122,8:3,9:7065,10:
25,11:437
 70840 multiletter control sequences out of 65536+600000
 133 fonts using 32276183 bytes
 117i,20n,124p,3620b,4091s stack positions out of 10000i,1000n,20000p,200000b,200000s
!  ==> Fatal error occurred, no output PDF file produced!
